cohort,lineage_id,canonical_upstream_id,distributions,distribution_count,family_type
C1,https://apps.gnome.org/Sysprof::sysprofd,https://apps.gnome.org/Sysprof,arch;debian;ubuntu,3,MIXED_OR_GENERAL
C1,https://arthurdejong.org/nss-pam-ldapd::nslcd,https://arthurdejong.org/nss-pam-ldapd,arch;debian;fedora;ubuntu,4,MIXED_OR_GENERAL
C1,https://avahi.org::avahi-daemon,https://avahi.org,debian;fedora;ubuntu,3,MIXED_OR_GENERAL
C1,https://avahi.org::avahi-dnsconfd,https://avahi.org,debian;fedora;ubuntu,3,MIXED_OR_GENERAL
C1,https://bpfilter.io::upstream-unit::src/bpfilter/bpfilter.service,https://bpfilter.io,fedora;ubuntu,2,MIXED_OR_GENERAL
C1,https://c-icap.sourceforge.net::c-icap,https://c-icap.sourceforge.net,debian;fedora;ubuntu,3,MIXED_OR_GENERAL
C1,https://ceph.com::ceph-crash,https://ceph.com,debian;fedora;ubuntu,3,MIXED_OR_GENERAL
C1,https://ceph.com::ceph-mon,https://ceph.com,debian;ubuntu,2,MIXED_OR_GENERAL
C1,https://ceph.com::rbdmap,https://ceph.com,debian;fedora;ubuntu,3,MIXED_OR_GENERAL
C1,https://certbot.eff.org::certbot,https://certbot.eff.org,arch;ubuntu,2,MIXED_OR_GENERAL
C1,https://christophe.varoqui.free.fr::multipathd,https://christophe.varoqui.free.fr,debian;fedora;ubuntu,3,MIXED_OR_GENERAL
C1,https://christophe.varoqui.free.fr::true,https://christophe.varoqui.free.fr,fedora;ubuntu,2,MIXED_OR_GENERAL
C1,https://chrony-project.org::upstream-unit::examples/chrony-wait.service,https://chrony-project.org,arch;debian;fedora;ubuntu,4,MIXED_OR_GENERAL
C1,https://cisofy.com/lynis::lynis,https://cisofy.com/lynis,arch;ubuntu,2,MIXED_OR_GENERAL
C1,https://cloud-init.io::cloud-init,https://cloud-init.io,arch;ubuntu,2,MIXED_OR_GENERAL
C1,https://cloud-init.io::upstream-unit::systemd/cloud-config.service,https://cloud-init.io,arch;ubuntu,2,MIXED_OR_GENERAL
C1,https://cloud-init.io::upstream-unit::systemd/cloud-final.service,https://cloud-init.io,arch;ubuntu,2,MIXED_OR_GENERAL
C1,https://cloud-init.io::upstream-unit::systemd/cloud-init-hotplugd.service,https://cloud-init.io,arch;ubuntu,2,MIXED_OR_GENERAL
C1,https://cockpit-project.org::cockpit-tls,https://cockpit-project.org,arch;debian;fedora;ubuntu,4,MIXED_OR_GENERAL
C1,https://cockpit-project.org::cockpit-ws,https://cockpit-project.org,arch;debian;fedora;ubuntu,4,MIXED_OR_GENERAL
C1,https://cockpit-project.org::update-issue,https://cockpit-project.org,arch;debian;fedora;ubuntu,4,MIXED_OR_GENERAL
C1,https://cockpit-project.org::upstream-unit::src/systemd/cockpit-session-socket-user.service,https://cockpit-project.org,arch;debian;fedora;ubuntu,4,MIXED_OR_GENERAL
C1,https://cockpit-project.org::upstream-unit::src/systemd/cockpit-wsinstance-socket-user.service,https://cockpit-project.org,arch;debian;fedora;ubuntu,4,MIXED_OR_GENERAL
C1,https://code.forgejo.org/forgejo/runner::forgejo-runner,https://code.forgejo.org/forgejo/runner,arch;fedora,2,MIXED_OR_GENERAL
C1,https://code.kryo.se/iodine::iodined,https://code.kryo.se/iodine,arch;debian;fedora;ubuntu,4,MIXED_OR_GENERAL
C1,https://collectd.org::collectd,https://collectd.org,debian;fedora;ubuntu,3,MIXED_OR_GENERAL
C1,https://conntrack-tools.netfilter.org::conntrackd,https://conntrack-tools.netfilter.org,debian;fedora;ubuntu,3,MIXED_OR_GENERAL
C1,https://corosync.github.io/corosync::corosync,https://corosync.github.io/corosync,debian;fedora;ubuntu,3,MIXED_OR_GENERAL
C1,https://corosync.github.io/corosync::corosync-notifyd,https://corosync.github.io/corosync,debian;fedora;ubuntu,3,MIXED_OR_GENERAL
C1,https://crossfire.real-time.com::crossfire-server,https://crossfire.real-time.com,debian;ubuntu,2,MIXED_OR_GENERAL
C1,https://ddclient.net::ddclient,https://ddclient.net,fedora;ubuntu,2,MIXED_OR_GENERAL
C1,https://deluge-torrent.org::deluge-web,https://deluge-torrent.org,arch;fedora;ubuntu,3,MIXED_OR_GENERAL
C1,https://deluge-torrent.org::deluged,https://deluge-torrent.org,arch;fedora;ubuntu,3,MIXED_OR_GENERAL
C1,https://devel.freebsoft.org/speechd::speech-dispatcher,https://devel.freebsoft.org/speechd,debian;fedora;ubuntu,3,MIXED_OR_GENERAL
C1,https://digint.ch/btrbk::btrbk,https://digint.ch/btrbk,fedora;ubuntu,2,MIXED_OR_GENERAL
C1,https://dnsdist.org::dnsdist,https://dnsdist.org,arch;debian;fedora;ubuntu,4,MIXED_OR_GENERAL
C1,https://dun.github.io/munge::munged,https://dun.github.io/munge,debian;fedora;ubuntu,3,MIXED_OR_GENERAL
C1,https://ee.lbl.gov::true,https://ee.lbl.gov,debian;ubuntu,2,MIXED_OR_GENERAL
C1,https://etckeeper.branchable.com::upstream-unit::systemd/etckeeper.service,https://etckeeper.branchable.com,fedora;ubuntu,2,MIXED_OR_GENERAL
C1,https://fastnetmon.com::upstream-unit::src/packaging/fedora/fastnetmon.service,https://fastnetmon.com,debian;fedora;ubuntu,3,MIXED_OR_GENERAL
C1,https://flatpak.org::flatpak-system-helper,https://flatpak.org,arch;debian;fedora;ubuntu,4,MIXED_OR_GENERAL
C1,https://forgejo.org::forgejo,https://forgejo.org,arch;fedora,2,MIXED_OR_GENERAL
C1,https://fusioninventory.org::fusioninventory-agent,https://fusioninventory.org,fedora;ubuntu,2,MIXED_OR_GENERAL
C1,https://gdnsd.org::gdnsd,https://gdnsd.org,arch;debian;ubuntu,3,MIXED_OR_GENERAL
C1,https://gerbera.io::gerbera,https://gerbera.io,debian;fedora;ubuntu,3,MIXED_OR_GENERAL
C1,https://git.kernel.org/pub/scm/network/connman/connman::connman-vpnd,https://git.kernel.org/pub/scm/network/connman/connman,arch;debian;ubuntu,3,MIXED_OR_GENERAL
C1,https://git.kernel.org/pub/scm/network/connman/connman::connmand,https://git.kernel.org/pub/scm/network/connman/connman,arch;debian;ubuntu,3,MIXED_OR_GENERAL
C1,https://git.kernel.org/pub/scm/network/connman/connman::connmand-wait-online,https://git.kernel.org/pub/scm/network/connman/connman,arch;debian;ubuntu,3,MIXED_OR_GENERAL
C1,https://github.com/42wim/matterbridge::matterbridge,https://github.com/42wim/matterbridge,arch;fedora,2,MIXED_OR_GENERAL
C1,https://github.com/AsahiLinux/asahi-scripts::upstream-unit::macsmc-battery/systemd/macsmc-battery-charge-control-end-threshold.service,https://github.com/AsahiLinux/asahi-scripts,fedora;ubuntu,2,MIXED_OR_GENERAL
C1,https://github.com/COVESA/dlt-daemon::dlt-daemon,https://github.com/COVESA/dlt-daemon,debian;fedora;ubuntu,3,MIXED_OR_GENERAL
C1,https://github.com/COVESA/dlt-daemon::dlt-dbus,https://github.com/COVESA/dlt-daemon,debian;ubuntu,2,MIXED_OR_GENERAL
C1,https://github.com/COVESA/dlt-daemon::dlt-system,https://github.com/COVESA/dlt-daemon,debian;fedora;ubuntu,3,MIXED_OR_GENERAL
C1,https://github.com/ClusterLabs/booth::boothd,https://github.com/ClusterLabs/booth,debian;fedora;ubuntu,3,MIXED_OR_GENERAL
C1,https://github.com/ClusterLabs/booth::true,https://github.com/ClusterLabs/booth,debian;ubuntu,2,MIXED_OR_GENERAL
C1,https://github.com/ClusterLabs/fence-agents::fence_virtd,https://github.com/ClusterLabs/fence-agents,debian;fedora;ubuntu,3,MIXED_OR_GENERAL
C1,https://github.com/ClusterLabs/pcs::pcs_snmp_agent,https://github.com/ClusterLabs/pcs,fedora;ubuntu,2,MIXED_OR_GENERAL
C1,https://github.com/ClusterLabs/resource-agents::ldirectord,https://github.com/ClusterLabs/resource-agents,fedora;ubuntu,2,MIXED_OR_GENERAL
C1,https://github.com/DNSCrypt/dnscrypt-proxy::dnscrypt-proxy,https://github.com/DNSCrypt/dnscrypt-proxy,arch;debian;ubuntu,3,MIXED_OR_GENERAL
C1,https://github.com/DNSCrypt/dnscrypt-proxy::sh,https://github.com/DNSCrypt/dnscrypt-proxy,debian;ubuntu,2,MIXED_OR_GENERAL
C1,https://github.com/EGI-Federation/bdii::bdii-slapd-start,https://github.com/EGI-Federation/bdii,fedora;ubuntu,2,MIXED_OR_GENERAL
C1,https://github.com/EGI-Federation/bdii::sh,https://github.com/EGI-Federation/bdii,fedora;ubuntu,2,MIXED_OR_GENERAL
C1,https://github.com/ErikReider/SwayOSD::swayosd-libinput-backend,https://github.com/ErikReider/SwayOSD,arch;debian;ubuntu,3,MIXED_OR_GENERAL
C1,https://github.com/Exa-Networks/exabgp::exabgp,https://github.com/Exa-Networks/exabgp,fedora;ubuntu,2,MIXED_OR_GENERAL
C1,https://github.com/FoobarOy/foomuuri::upstream-unit::systemd/foomuuri-boot.service,https://github.com/FoobarOy/foomuuri,fedora;ubuntu,2,MIXED_OR_GENERAL
C1,https://github.com/FoobarOy/foomuuri::upstream-unit::systemd/foomuuri-dbus.service,https://github.com/FoobarOy/foomuuri,fedora;ubuntu,2,MIXED_OR_GENERAL
C1,https://github.com/FoobarOy/foomuuri::upstream-unit::systemd/foomuuri-iplist.service,https://github.com/FoobarOy/foomuuri,fedora;ubuntu,2,MIXED_OR_GENERAL
C1,https://github.com/FoobarOy/foomuuri::upstream-unit::systemd/foomuuri-monitor.service,https://github.com/FoobarOy/foomuuri,fedora;ubuntu,2,MIXED_OR_GENERAL
C1,https://github.com/FoobarOy/foomuuri::upstream-unit::systemd/foomuuri.service,https://github.com/FoobarOy/foomuuri,fedora;ubuntu,2,MIXED_OR_GENERAL
C1,https://github.com/GoogleCloudPlatform/guest-agent::true,https://github.com/GoogleCloudPlatform/guest-agent,debian;fedora;ubuntu,3,MIXED_OR_GENERAL
C1,https://github.com/GoogleCloudPlatform/guest-agent::upstream-unit::google-guest-agent.service,https://github.com/GoogleCloudPlatform/guest-agent,fedora;ubuntu,2,MIXED_OR_GENERAL
C1,https://github.com/GoogleCloudPlatform/osconfig::google_osconfig_agent,https://github.com/GoogleCloudPlatform/osconfig,fedora;ubuntu,2,MIXED_OR_GENERAL
C1,https://github.com/HewlettPackard/netperf::netserver,https://github.com/HewlettPackard/netperf,arch;debian;ubuntu,3,MIXED_OR_GENERAL
C1,https://github.com/Irqbalance/irqbalance::irqbalance,https://github.com/Irqbalance/irqbalance,debian;fedora;ubuntu,3,MIXED_OR_GENERAL
C1,https://github.com/JoseExposito/touchegg::touchegg,https://github.com/JoseExposito/touchegg,arch;fedora,2,MIXED_OR_GENERAL
C1,https://github.com/NetworkBlockDevice/nbd::nbd-server,https://github.com/NetworkBlockDevice/nbd,arch;fedora,2,MIXED_OR_GENERAL
C1,https://github.com/OpenMandrivaSoftware/ossp::osspd,https://github.com/OpenMandrivaSoftware/ossp,arch;debian;ubuntu,3,MIXED_OR_GENERAL
C1,https://github.com/OpenPrinting/ipp-usb::ipp-usb,https://github.com/OpenPrinting/ipp-usb,arch;debian;fedora;ubuntu,4,MIXED_OR_GENERAL
C1,https://github.com/OpenPrinting/pappl-retrofit::upstream-unit::legacy/legacy-printer-app.service,https://github.com/OpenPrinting/pappl-retrofit,fedora;ubuntu,2,MIXED_OR_GENERAL
C1,https://github.com/PixlOne/logiops::logid,https://github.com/PixlOne/logiops,debian;fedora;ubuntu,3,MIXED_OR_GENERAL
C1,https://github.com/SSSD/sssd::sssd,https://github.com/SSSD/sssd,arch;debian;fedora;ubuntu,4,MIXED_OR_GENERAL
C1,https://github.com/SSSD/sssd::sssd_autofs,https://github.com/SSSD/sssd,arch;debian;fedora;ubuntu,4,MIXED_OR_GENERAL
C1,https://github.com/SSSD/sssd::sssd_ifp,https://github.com/SSSD/sssd,arch;debian;fedora;ubuntu,4,MIXED_OR_GENERAL
C1,https://github.com/SSSD/sssd::sssd_kcm,https://github.com/SSSD/sssd,arch;debian;fedora;ubuntu,4,MIXED_OR_GENERAL
C1,https://github.com/SSSD/sssd::sssd_nss,https://github.com/SSSD/sssd,arch;debian;fedora;ubuntu,4,MIXED_OR_GENERAL
C1,https://github.com/SSSD/sssd::sssd_pac,https://github.com/SSSD/sssd,arch;debian;fedora;ubuntu,4,MIXED_OR_GENERAL
C1,https://github.com/SSSD/sssd::sssd_pam,https://github.com/SSSD/sssd,arch;debian;fedora;ubuntu,4,MIXED_OR_GENERAL
C1,https://github.com/SSSD/sssd::sssd_ssh,https://github.com/SSSD/sssd,arch;debian;fedora;ubuntu,4,MIXED_OR_GENERAL
C1,https://github.com/SSSD/sssd::sssd_sudo,https://github.com/SSSD/sssd,arch;debian;fedora;ubuntu,4,MIXED_OR_GENERAL
C1,https://github.com/Snawoot/postfix-mta-sts-resolver::mta-sts-daemon,https://github.com/Snawoot/postfix-mta-sts-resolver,fedora;ubuntu,2,MIXED_OR_GENERAL
C1,https://github.com/SuperQ/smokeping_prober::prometheus-smokeping-prober,https://github.com/SuperQ/smokeping_prober,arch;debian;ubuntu,3,MIXED_OR_GENERAL
C1,https://github.com/adnanh/webhook::webhook,https://github.com/adnanh/webhook,arch;debian;ubuntu,3,MIXED_OR_GENERAL
C1,https://github.com/analogdevicesinc/libiio::iiod,https://github.com/analogdevicesinc/libiio,arch;debian;ubuntu,3,MIXED_OR_GENERAL
C1,https://github.com/ar-/incron::incrond,https://github.com/ar-/incron,arch;debian;fedora;ubuntu,4,MIXED_OR_GENERAL
C1,https://github.com/authselect/authselect::upstream-unit::systemd/authselect-apply-changes.service,https://github.com/authselect/authselect,fedora;ubuntu,2,MIXED_OR_GENERAL
C1,https://github.com/blueman-project/blueman::blueman-mechanism,https://github.com/blueman-project/blueman,arch;debian;fedora;ubuntu,4,MIXED_OR_GENERAL
C1,https://github.com/bus1/dbus-broker::dbus-broker-launch,https://github.com/bus1/dbus-broker,arch;debian;fedora;ubuntu,4,MIXED_OR_GENERAL
C1,https://github.com/cdown/zcfan::zcfan,https://github.com/cdown/zcfan,debian;fedora;ubuntu,3,MIXED_OR_GENERAL
C1,https://github.com/ckb-next/ckb-next::ckb-next-daemon,https://github.com/ckb-next/ckb-next,arch;debian;fedora;ubuntu,4,MIXED_OR_GENERAL
C1,https://github.com/cminyard/ser2net::ser2net,https://github.com/cminyard/ser2net,debian;fedora;ubuntu,3,MIXED_OR_GENERAL
C1,https://github.com/containernetworking/plugins::dhcp,https://github.com/containernetworking/plugins,arch;debian;fedora;ubuntu,4,MIXED_OR_GENERAL
C1,https://github.com/corosync/corosync-qdevice::corosync-qdevice,https://github.com/corosync/corosync-qdevice,debian;fedora;ubuntu,3,MIXED_OR_GENERAL
C1,https://github.com/corosync/corosync-qdevice::corosync-qnetd,https://github.com/corosync/corosync-qdevice,debian;fedora;ubuntu,3,MIXED_OR_GENERAL
C1,https://github.com/coturn/coturn::turnserver,https://github.com/coturn/coturn,arch;debian;ubuntu,3,MIXED_OR_GENERAL
C1,https://github.com/cronie-crond/cronie::crond,https://github.com/cronie-crond/cronie,arch;debian;fedora;ubuntu,4,MIXED_OR_GENERAL
C1,https://github.com/czerwonk/bird_exporter::prometheus-bird-exporter,https://github.com/czerwonk/bird_exporter,arch;debian;ubuntu,3,MIXED_OR_GENERAL
C1,https://github.com/dani-garcia/vaultwarden::vaultwarden,https://github.com/dani-garcia/vaultwarden,arch;fedora,2,MIXED_OR_GENERAL
C1,https://github.com/darrylb123/usbrelay::python3,https://github.com/darrylb123/usbrelay,fedora;ubuntu,2,MIXED_OR_GENERAL
C1,https://github.com/ddccontrol/ddccontrol::ddccontrol_service,https://github.com/ddccontrol/ddccontrol,debian;fedora;ubuntu,3,MIXED_OR_GENERAL
C1,https://github.com/distcc/distcc::distccd,https://github.com/distcc/distcc,arch;fedora,2,MIXED_OR_GENERAL
C1,https://github.com/dlundquist/sniproxy::sniproxy,https://github.com/dlundquist/sniproxy,arch;debian;ubuntu,3,MIXED_OR_GENERAL
C1,https://github.com/element-hq/synapse::python3,https://github.com/element-hq/synapse,arch;fedora,2,MIXED_OR_GENERAL
C1,https://github.com/elementary/settings-daemon::busctl,https://github.com/elementary/settings-daemon,arch;fedora,2,MIXED_OR_GENERAL
C1,https://github.com/evgeni/hdapsd::hdapsd,https://github.com/evgeni/hdapsd,debian;ubuntu,2,MIXED_OR_GENERAL
C1,https://github.com/evilsocket/opensnitch::opensnitchd,https://github.com/evilsocket/opensnitch,arch;debian;ubuntu,3,MIXED_OR_GENERAL
C1,https://github.com/facebookincubator/oomd::oomd,https://github.com/facebookincubator/oomd,debian;fedora;ubuntu,3,MIXED_OR_GENERAL
C1,https://github.com/freeipa/freeipa-healthcheck::upstream-unit::systemd/ipa-healthcheck.service,https://github.com/freeipa/freeipa-healthcheck,fedora;ubuntu,2,MIXED_OR_GENERAL
C1,https://github.com/fujita/tgt::tgtd,https://github.com/fujita/tgt,arch;debian;ubuntu,3,MIXED_OR_GENERAL
C1,https://github.com/fwupd/fwupd::fwupd,https://github.com/fwupd/fwupd,arch;debian;fedora;ubuntu,4,MIXED_OR_GENERAL
C1,https://github.com/fwupd/fwupd::fwupdmgr,https://github.com/fwupd/fwupd,arch;debian;fedora;ubuntu,4,MIXED_OR_GENERAL
C1,https://github.com/ggml-org/llama.cpp::llama-server,https://github.com/ggml-org/llama.cpp,arch;ubuntu,2,MIXED_OR_GENERAL
C1,https://github.com/gnosek/fcgiwrap::fcgiwrap,https://github.com/gnosek/fcgiwrap,debian;ubuntu,2,MIXED_OR_GENERAL
C1,https://github.com/graphite-project/carbon::carbon-cache,https://github.com/graphite-project/carbon,fedora;ubuntu,2,MIXED_OR_GENERAL
C1,https://github.com/gridcf/gct::globus-gridftp-server,https://github.com/gridcf/gct,debian;fedora;ubuntu,3,MIXED_OR_GENERAL
C1,https://github.com/grondo/edac-utils::edac-ctl,https://github.com/grondo/edac-utils,fedora;ubuntu,2,MIXED_OR_GENERAL
C1,https://github.com/gssapi/gssproxy::gssproxy,https://github.com/gssapi/gssproxy,arch;debian;fedora;ubuntu,4,MIXED_OR_GENERAL
C1,https://github.com/hardinfo2/hardinfo2::upstream-unit::tools/hardinfo2.service,https://github.com/hardinfo2/hardinfo2,debian;fedora;ubuntu,3,MIXED_OR_GENERAL
C1,https://github.com/hughsie/passim::passimd,https://github.com/hughsie/passim,arch;fedora;ubuntu,3,MIXED_OR_GENERAL
C1,https://github.com/intel/intel-lpmd::intel_lpmd,https://github.com/intel/intel-lpmd,arch;fedora;ubuntu,3,MIXED_OR_GENERAL
C1,https://github.com/intel/ledmon::ledmon,https://github.com/intel/ledmon,debian;fedora;ubuntu,3,MIXED_OR_GENERAL
C1,https://github.com/intel/qatlib::qatmgr,https://github.com/intel/qatlib,debian;fedora;ubuntu,3,MIXED_OR_GENERAL
C1,https://github.com/intel/thermal_daemon::thermald,https://github.com/intel/thermal_daemon,arch;debian;ubuntu,3,MIXED_OR_GENERAL
C1,https://github.com/jonnenauha/prometheus_varnish_exporter::prometheus-varnish-exporter,https://github.com/jonnenauha/prometheus_varnish_exporter,arch;debian;ubuntu,3,MIXED_OR_GENERAL
C1,https://github.com/juanfont/headscale::headscale,https://github.com/juanfont/headscale,arch;fedora,2,MIXED_OR_GENERAL
C1,https://github.com/kdave/btrfsmaintenance::btrfsmaintenance-refresh-cron.sh,https://github.com/kdave/btrfsmaintenance,arch;fedora;ubuntu,3,MIXED_OR_GENERAL
C1,https://github.com/kdave/btrfsmaintenance::upstream-unit::btrfs-balance.service,https://github.com/kdave/btrfsmaintenance,arch;fedora;ubuntu,3,MIXED_OR_GENERAL
C1,https://github.com/kdave/btrfsmaintenance::upstream-unit::btrfs-defrag.service,https://github.com/kdave/btrfsmaintenance,arch;fedora;ubuntu,3,MIXED_OR_GENERAL
C1,https://github.com/kdave/btrfsmaintenance::upstream-unit::btrfs-scrub.service,https://github.com/kdave/btrfsmaintenance,arch;fedora;ubuntu,3,MIXED_OR_GENERAL
C1,https://github.com/kdave/btrfsmaintenance::upstream-unit::btrfs-trim.service,https://github.com/kdave/btrfsmaintenance,arch;fedora;ubuntu,3,MIXED_OR_GENERAL
C1,https://github.com/kmscon/kmscon::kmscon,https://github.com/kmscon/kmscon,arch;fedora,2,MIXED_OR_GENERAL
C1,https://github.com/ksmtuned/ksmtuned::ksmctl,https://github.com/ksmtuned/ksmtuned,debian;fedora;ubuntu,3,MIXED_OR_GENERAL
C1,https://github.com/ksmtuned/ksmtuned::ksmtuned,https://github.com/ksmtuned/ksmtuned,debian;fedora;ubuntu,3,MIXED_OR_GENERAL
C1,https://github.com/latchset/clevis::clevis-luks-askpass,https://github.com/latchset/clevis,arch;debian;fedora;ubuntu,4,MIXED_OR_GENERAL
C1,https://github.com/latchset/clevis::upstream-unit::src/luks/systemd/clevis-luks-pkcs11-askpass.service,https://github.com/latchset/clevis,arch;fedora,2,MIXED_OR_GENERAL
C1,https://github.com/libratbag/libratbag::ratbagd,https://github.com/libratbag/libratbag,arch;debian;fedora;ubuntu,4,MIXED_OR_GENERAL
C1,https://github.com/linux-application-whitelisting/fapolicyd::upstream-unit::init/fapolicyd.service,https://github.com/linux-application-whitelisting/fapolicyd,debian;ubuntu,2,MIXED_OR_GENERAL
C1,https://github.com/linux-audit/audit-userspace::auditd,https://github.com/linux-audit/audit-userspace,arch;fedora,2,MIXED_OR_GENERAL
C1,https://github.com/linux-audit/audit-userspace::augenrules,https://github.com/linux-audit/audit-userspace,arch;fedora,2,MIXED_OR_GENERAL
C1,https://github.com/linux-msm/qbootctl::qbootctl,https://github.com/linux-msm/qbootctl,debian;fedora;ubuntu,3,MIXED_OR_GENERAL
C1,https://github.com/linux-msm/tqftpserv::tqftpserv,https://github.com/linux-msm/tqftpserv,debian;fedora;ubuntu,3,MIXED_OR_GENERAL
C1,https://github.com/linux-nvme/nvme-cli::upstream-unit::nvmf-autoconnect/systemd/nvmefc-boot-connections.service,https://github.com/linux-nvme/nvme-cli,arch;debian;fedora;ubuntu,4,MIXED_OR_GENERAL
C1,https://github.com/linux-rdma/opensm::sh,https://github.com/linux-rdma/opensm,debian;ubuntu,2,MIXED_OR_GENERAL
C1,https://github.com/linux-rdma/rdma-core::ibacm,https://github.com/linux-rdma/rdma-core,arch;debian;fedora;ubuntu,4,MIXED_OR_GENERAL
C1,https://github.com/linux-rdma/rdma-core::iwpmd,https://github.com/linux-rdma/rdma-core,arch;debian;fedora;ubuntu,4,MIXED_OR_GENERAL
C1,https://github.com/linux-rdma/rdma-core::rdma-ndd,https://github.com/linux-rdma/rdma-core,arch;debian;fedora;ubuntu,4,MIXED_OR_GENERAL
C1,https://github.com/linux-rdma/rdma-core::start_on_all_ports,https://github.com/linux-rdma/rdma-core,arch;debian;fedora;ubuntu,4,MIXED_OR_GENERAL
C1,https://github.com/linuxdeepin/dde-api::upstream-unit::misc/systemd/system/deepin-api-device.service,https://github.com/linuxdeepin/dde-api,arch;fedora,2,MIXED_OR_GENERAL
C1,https://github.com/linuxdeepin/dde-api::upstream-unit::misc/systemd/system/deepin-login-sound.service,https://github.com/linuxdeepin/dde-api,arch;fedora,2,MIXED_OR_GENERAL
C1,https://github.com/linuxdeepin/dde-api::upstream-unit::misc/systemd/system/deepin-shutdown-sound.service,https://github.com/linuxdeepin/dde-api,arch;fedora,2,MIXED_OR_GENERAL
C1,https://github.com/linuxdeepin/dde-api::upstream-unit::misc/systemd/system/deepin-sound-theme-player.service,https://github.com/linuxdeepin/dde-api,arch;fedora,2,MIXED_OR_GENERAL
C1,https://github.com/linuxdeepin/deepin-boot-maker::upstream-unit::src/service/data/deepin-boot-maker.service,https://github.com/linuxdeepin/deepin-boot-maker,arch;debian;ubuntu,3,MIXED_OR_GENERAL
C1,https://github.com/linuxdeepin/deepin-pw-check::upstream-unit::misc/systemd-service/deepin-passwd-conf.service,https://github.com/linuxdeepin/deepin-pw-check,arch;fedora,2,MIXED_OR_GENERAL
C1,https://github.com/linuxdeepin/deepin-system-monitor::upstream-unit::deepin-system-monitor-system-server/misc/deepin-system-monitor-system-server.service,https://github.com/linuxdeepin/deepin-system-monitor,arch;fedora,2,MIXED_OR_GENERAL
C1,https://github.com/logrotate/logrotate::upstream-unit::examples/logrotate.service,https://github.com/logrotate/logrotate,arch;debian;fedora;ubuntu,4,MIXED_OR_GENERAL
C1,https://github.com/mikebrady/shairport-sync::shairport-sync,https://github.com/mikebrady/shairport-sync,arch;debian;fedora;ubuntu,4,MIXED_OR_GENERAL
C1,https://github.com/nfs-ganesha/nfs-ganesha::bash,https://github.com/nfs-ganesha/nfs-ganesha,debian;fedora;ubuntu,3,MIXED_OR_GENERAL
C1,https://github.com/nfs-ganesha/nfs-ganesha::nfs-ganesha-config.sh,https://github.com/nfs-ganesha/nfs-ganesha,debian;fedora;ubuntu,3,MIXED_OR_GENERAL
C1,https://github.com/nhorman/rng-tools::rngd,https://github.com/nhorman/rng-tools,arch;fedora,2,MIXED_OR_GENERAL
C1,https://github.com/oliver006/redis_exporter::prometheus-redis-exporter,https://github.com/oliver006/redis_exporter,arch;debian;ubuntu,3,MIXED_OR_GENERAL
C1,https://github.com/ollama/ollama::ollama,https://github.com/ollama/ollama,arch;fedora,2,MIXED_OR_GENERAL
C1,https://github.com/open-iscsi/open-isns::isnsd,https://github.com/open-iscsi/open-isns,debian;fedora;ubuntu,3,MIXED_OR_GENERAL
C1,https://github.com/open-iscsi/open-isns::isnsdd,https://github.com/open-iscsi/open-isns,debian;ubuntu,2,MIXED_OR_GENERAL
C1,https://github.com/open-iscsi/rtslib-fb::upstream-unit::systemd/target.service,https://github.com/open-iscsi/rtslib-fb,fedora;ubuntu,2,MIXED_OR_GENERAL
C1,https://github.com/open-iscsi/targetcli-fb::upstream-unit::systemd/targetclid.service,https://github.com/open-iscsi/targetcli-fb,fedora;ubuntu,2,MIXED_OR_GENERAL
C1,https://github.com/open-iscsi/tcmu-runner::upstream-unit::tcmu-runner.service,https://github.com/open-iscsi/tcmu-runner,debian;fedora;ubuntu,3,MIXED_OR_GENERAL
C1,https://github.com/opencryptoki/opencryptoki::pkcsslotd,https://github.com/opencryptoki/opencryptoki,debian;fedora;ubuntu,3,MIXED_OR_GENERAL
C1,https://github.com/oracle/ktls-utils::upstream-unit::systemd/tlshd.service,https://github.com/oracle/ktls-utils,debian;fedora;ubuntu,3,MIXED_OR_GENERAL
C1,https://github.com/pcherenkov/udpxy::udpxy,https://github.com/pcherenkov/udpxy,arch;fedora,2,MIXED_OR_GENERAL
C1,https://github.com/pendulum-project/ntpd-rs::ntp-daemon,https://github.com/pendulum-project/ntpd-rs,debian;fedora;ubuntu,3,MIXED_OR_GENERAL
C1,https://github.com/pendulum-project/ntpd-rs::upstream-unit::docs/examples/conf/ntpd-rs-metrics.service,https://github.com/pendulum-project/ntpd-rs,debian;fedora;ubuntu,3,MIXED_OR_GENERAL
C1,https://github.com/phillipberndt/autorandr::upstream-unit::contrib/systemd/autorandr-lid-listener.service,https://github.com/phillipberndt/autorandr,arch;fedora;ubuntu,3,MIXED_OR_GENERAL
C1,https://github.com/phillipberndt/autorandr::upstream-unit::contrib/systemd/autorandr.service,https://github.com/phillipberndt/autorandr,arch;fedora;ubuntu,3,MIXED_OR_GENERAL
C1,https://github.com/pmem/ndctl::upstream-unit::cxl/cxl-monitor.service,https://github.com/pmem/ndctl,arch;debian;fedora;ubuntu,4,MIXED_OR_GENERAL
C1,https://github.com/pmem/ndctl::upstream-unit::ndctl/ndctl-monitor.service,https://github.com/pmem/ndctl,arch;debian;fedora;ubuntu,4,MIXED_OR_GENERAL
C1,https://github.com/polkit-org/polkit::polkitd,https://github.com/polkit-org/polkit,arch;debian;fedora;ubuntu,4,MIXED_OR_GENERAL
C1,https://github.com/pop-os/cosmic-greeter::greetd,https://github.com/pop-os/cosmic-greeter,arch;fedora,2,MIXED_OR_GENERAL
C1,https://github.com/pop-os/cosmic-greeter::upstream-unit::debian/cosmic-greeter-daemon.service,https://github.com/pop-os/cosmic-greeter,arch;fedora,2,MIXED_OR_GENERAL
C1,https://github.com/pothosware/SoapyRemote::SoapySDRServer,https://github.com/pothosware/SoapyRemote,arch;debian;ubuntu,3,MIXED_OR_GENERAL
C1,https://github.com/prehor/amavisd-milter::amavisd-milter,https://github.com/prehor/amavisd-milter,fedora;ubuntu,2,MIXED_OR_GENERAL
C1,https://github.com/prometheus-community/elasticsearch_exporter::prometheus-elasticsearch-exporter,https://github.com/prometheus-community/elasticsearch_exporter,arch;debian;ubuntu,3,MIXED_OR_GENERAL
C1,https://github.com/prometheus-community/ipmi_exporter::prometheus-ipmi-exporter,https://github.com/prometheus-community/ipmi_exporter,arch;debian;ubuntu,3,MIXED_OR_GENERAL
C1,https://github.com/prometheus-community/postgres_exporter::prometheus-postgres-exporter,https://github.com/prometheus-community/postgres_exporter,arch;debian;ubuntu,3,MIXED_OR_GENERAL
C1,https://github.com/prometheus/blackbox_exporter::prometheus-blackbox-exporter,https://github.com/prometheus/blackbox_exporter,arch;debian;ubuntu,3,MIXED_OR_GENERAL
C1,https://github.com/prometheus/mysqld_exporter::prometheus-mysqld-exporter,https://github.com/prometheus/mysqld_exporter,arch;debian;ubuntu,3,MIXED_OR_GENERAL
C1,https://github.com/prometheus/node_exporter::prometheus-node-exporter,https://github.com/prometheus/node_exporter,arch;debian;fedora;ubuntu,4,MIXED_OR_GENERAL
C1,https://github.com/prometheus/snmp_exporter::prometheus-snmp-exporter,https://github.com/prometheus/snmp_exporter,arch;debian;ubuntu,3,MIXED_OR_GENERAL
C1,https://github.com/pymumu/smartdns::smartdns,https://github.com/pymumu/smartdns,arch;debian;ubuntu,3,MIXED_OR_GENERAL
C1,https://github.com/rfjakob/earlyoom::earlyoom,https://github.com/rfjakob/earlyoom,arch;debian;fedora;ubuntu,4,MIXED_OR_GENERAL
C1,https://github.com/rhboot/pesign::pesign,https://github.com/rhboot/pesign,arch;fedora,2,MIXED_OR_GENERAL
C1,https://github.com/rpm-software-management/dnf-plugins-core::upstream-unit::etc/systemd/dnf-system-upgrade-cleanup.service,https://github.com/rpm-software-management/dnf-plugins-core,fedora;ubuntu,2,MIXED_OR_GENERAL
C1,https://github.com/rpm-software-management/dnf-plugins-core::upstream-unit::etc/systemd/dnf-system-upgrade.service,https://github.com/rpm-software-management/dnf-plugins-core,fedora;ubuntu,2,MIXED_OR_GENERAL
C1,https://github.com/rpm-software-management/dnf5::dnf5,https://github.com/rpm-software-management/dnf5,arch;fedora;ubuntu,3,MIXED_OR_GENERAL
C1,https://github.com/rpm-software-management/dnf5::upstream-unit::dnf5/config/systemd/system/dnf5-offline-transaction-cleanup.service,https://github.com/rpm-software-management/dnf5,arch;fedora;ubuntu,3,MIXED_OR_GENERAL
C1,https://github.com/rpm-software-management/dnf5::upstream-unit::dnf5/config/systemd/system/dnf5-offline-transaction.service,https://github.com/rpm-software-management/dnf5,arch;fedora;ubuntu,3,MIXED_OR_GENERAL
C1,https://github.com/rpm-software-management/dnf5::upstream-unit::dnf5daemon-server/dbus/dnf5daemon-server.service,https://github.com/rpm-software-management/dnf5,arch;fedora;ubuntu,3,MIXED_OR_GENERAL
C1,https://github.com/rpm-software-management/dnf5::upstream-unit::etc/systemd/dnf5-makecache.service,https://github.com/rpm-software-management/dnf5,arch;fedora;ubuntu,3,MIXED_OR_GENERAL
C1,https://github.com/rpodgorny/uptimed::uptimed,https://github.com/rpodgorny/uptimed,arch;debian;fedora;ubuntu,4,MIXED_OR_GENERAL
C1,https://github.com/rvaiya/keyd::keyd.rvaiya,https://github.com/rvaiya/keyd,debian;ubuntu,2,MIXED_OR_GENERAL
C1,https://github.com/schollz/croc::upstream-unit::croc.service,https://github.com/schollz/croc,arch;fedora,2,MIXED_OR_GENERAL
C1,https://github.com/sddm/sddm::sddm,https://github.com/sddm/sddm,arch;debian;fedora;ubuntu,4,MIXED_OR_GENERAL
C1,https://github.com/sezanzeb/input-remapper::upstream-unit::data/input-remapper.service,https://github.com/sezanzeb/input-remapper,fedora;ubuntu,2,MIXED_OR_GENERAL
C1,https://github.com/sharkcz/collectl::collectl,https://github.com/sharkcz/collectl,fedora;ubuntu,2,MIXED_OR_GENERAL
C1,https://github.com/shellinabox/shellinabox::shellinaboxd,https://github.com/shellinabox/shellinabox,fedora;ubuntu,2,MIXED_OR_GENERAL
C1,https://github.com/skeeto/endlessh::endlessh,https://github.com/skeeto/endlessh,debian;fedora;ubuntu,3,MIXED_OR_GENERAL
C1,https://github.com/slackhq/nebula::nebula,https://github.com/slackhq/nebula,arch;fedora,2,MIXED_OR_GENERAL
C1,https://github.com/snapcore/snapd::snap-bootstrap,https://github.com/snapcore/snapd,debian;ubuntu,2,MIXED_OR_GENERAL
C1,https://github.com/snapcore/snapd::snapd,https://github.com/snapcore/snapd,debian;fedora;ubuntu,3,MIXED_OR_GENERAL
C1,https://github.com/snapcore/snapd::snapd-apparmor,https://github.com/snapcore/snapd,debian;fedora;ubuntu,3,MIXED_OR_GENERAL
C1,https://github.com/spanezz/nodm::sh,https://github.com/spanezz/nodm,debian;ubuntu,2,MIXED_OR_GENERAL
C1,https://github.com/sysrepo/sysrepo::sysrepo-plugind,https://github.com/sysrepo/sysrepo,fedora;ubuntu,2,MIXED_OR_GENERAL
C1,https://github.com/systemd/systemd-bootchart::systemd-bootchart,https://github.com/systemd/systemd-bootchart,arch;debian;fedora;ubuntu,4,MIXED_OR_GENERAL
C1,https://github.com/toreanderson/clatd::clatd,https://github.com/toreanderson/clatd,fedora;ubuntu,2,MIXED_OR_GENERAL
C1,https://github.com/tpm2-software/tpm2-abrmd::tpm2-abrmd,https://github.com/tpm2-software/tpm2-abrmd,arch;fedora,2,MIXED_OR_GENERAL
C1,https://github.com/trojan-gfw/trojan::trojan,https://github.com/trojan-gfw/trojan,arch;debian;fedora;ubuntu,4,MIXED_OR_GENERAL
C1,https://github.com/util-linux/util-linux::fstrim,https://github.com/util-linux/util-linux,arch;debian;ubuntu,3,MIXED_OR_GENERAL
C1,https://github.com/util-linux/util-linux::lastlog2,https://github.com/util-linux/util-linux,arch;debian,2,MIXED_OR_GENERAL
C1,https://github.com/util-linux/util-linux::uuidd,https://github.com/util-linux/util-linux,arch;debian;ubuntu,3,MIXED_OR_GENERAL
C1,https://github.com/v2fly/v2ray-core::v2ray,https://github.com/v2fly/v2ray-core,arch;debian;ubuntu,3,MIXED_OR_GENERAL
C1,https://github.com/vmatare/thinkfan::thinkfan,https://github.com/vmatare/thinkfan,debian;fedora;ubuntu,3,MIXED_OR_GENERAL
C1,https://github.com/vmatare/thinkfan::upstream-unit::rcscripts/systemd/thinkfan-sleep.service,https://github.com/vmatare/thinkfan,fedora;ubuntu,2,MIXED_OR_GENERAL
C1,https://github.com/vmatare/thinkfan::upstream-unit::rcscripts/systemd/thinkfan-wakeup.service,https://github.com/vmatare/thinkfan,debian;fedora;ubuntu,3,MIXED_OR_GENERAL
C1,https://github.com/vmware/open-vm-tools::VGAuthService,https://github.com/vmware/open-vm-tools,debian;fedora;ubuntu,3,MIXED_OR_GENERAL
C1,https://github.com/vmware/open-vm-tools::vmtoolsd,https://github.com/vmware/open-vm-tools,arch;debian;fedora;ubuntu,4,MIXED_OR_GENERAL
C1,https://github.com/wb2osz/direwolf::direwolf,https://github.com/wb2osz/direwolf,debian;fedora;ubuntu,3,MIXED_OR_GENERAL
C1,https://github.com/ximion/btrfsd::btrfsd,https://github.com/ximion/btrfsd,debian;fedora;ubuntu,3,MIXED_OR_GENERAL
C1,https://github.com/zhuyaliang/group-service::group-admin-daemon,https://github.com/zhuyaliang/group-service,debian;fedora;ubuntu,3,MIXED_OR_GENERAL
C1,https://gitlab.archlinux.org/archlinux/netctl::upstream-unit::services/netctl-sleep.service,https://gitlab.archlinux.org/archlinux/netctl,arch;ubuntu,2,MIXED_OR_GENERAL
C1,https://gitlab.archlinux.org/archlinux/netctl::upstream-unit::services/netctl-wait-online.service,https://gitlab.archlinux.org/archlinux/netctl,arch;ubuntu,2,MIXED_OR_GENERAL
C1,https://gitlab.archlinux.org/archlinux/netctl::upstream-unit::services/netctl.service,https://gitlab.archlinux.org/archlinux/netctl,arch;ubuntu,2,MIXED_OR_GENERAL
C1,https://gitlab.com/amavis/amavis::amavisd,https://gitlab.com/amavis/amavis,arch;fedora,2,MIXED_OR_GENERAL
C1,https://gitlab.com/interception/linux/tools::upstream-unit::udevmon.service,https://gitlab.com/interception/linux/tools,arch;debian;ubuntu,3,MIXED_OR_GENERAL
C1,https://gitlab.freedesktop.org/bolt/bolt::boltd,https://gitlab.freedesktop.org/bolt/bolt,arch;debian;fedora;ubuntu,4,MIXED_OR_GENERAL
C1,https://gitlab.freedesktop.org/hadess/iio-sensor-proxy::iio-sensor-proxy,https://gitlab.freedesktop.org/hadess/iio-sensor-proxy,arch;debian;fedora;ubuntu,4,MIXED_OR_GENERAL
C1,https://gitlab.freedesktop.org/hadess/low-memory-monitor::low-memory-monitor,https://gitlab.freedesktop.org/hadess/low-memory-monitor,debian;fedora;ubuntu,3,MIXED_OR_GENERAL
C1,https://gitlab.freedesktop.org/hadess/switcheroo-control::switcheroo-control,https://gitlab.freedesktop.org/hadess/switcheroo-control,arch;debian;fedora;ubuntu,4,MIXED_OR_GENERAL
C1,https://gitlab.freedesktop.org/pipewire/rtkit::rtkit-daemon,https://gitlab.freedesktop.org/pipewire/rtkit,arch;ubuntu,2,MIXED_OR_GENERAL
C1,https://gitlab.freedesktop.org/pwithnall/malcontent::malcontent-timer-extension-agent,https://gitlab.freedesktop.org/pwithnall/malcontent,arch;fedora;ubuntu,3,MIXED_OR_GENERAL
C1,https://gitlab.freedesktop.org/pwithnall/malcontent::malcontent-timerd,https://gitlab.freedesktop.org/pwithnall/malcontent,arch;fedora;ubuntu,3,MIXED_OR_GENERAL
C1,https://gitlab.freedesktop.org/pwithnall/malcontent::malcontent-webd,https://gitlab.freedesktop.org/pwithnall/malcontent,arch;fedora;ubuntu,3,MIXED_OR_GENERAL
C1,https://gitlab.freedesktop.org/pwithnall/malcontent::malcontent-webd-update,https://gitlab.freedesktop.org/pwithnall/malcontent,arch;fedora;ubuntu,3,MIXED_OR_GENERAL
C1,https://gitlab.freedesktop.org/upower/power-profiles-daemon::power-profiles-daemon,https://gitlab.freedesktop.org/upower/power-profiles-daemon,arch;debian;fedora;ubuntu,4,MIXED_OR_GENERAL
C1,https://gitlab.gnome.org/GNOME/gnome-remote-desktop::gnome-remote-desktop-configuration-daemon,https://gitlab.gnome.org/GNOME/gnome-remote-desktop,arch;fedora,2,MIXED_OR_GENERAL
C1,https://gitlab.gnome.org/GNOME/gnome-remote-desktop::gnome-remote-desktop-daemon,https://gitlab.gnome.org/GNOME/gnome-remote-desktop,arch;fedora,2,MIXED_OR_GENERAL
C1,https://gkrellm.srcbox.net::gkrellmd,https://gkrellm.srcbox.net,fedora;ubuntu,2,MIXED_OR_GENERAL
C1,https://grid.ncsa.illinois.edu/myproxy::upstream-unit::systemd/myproxy-server.service,https://grid.ncsa.illinois.edu/myproxy,debian;fedora;ubuntu,3,MIXED_OR_GENERAL
C1,https://hcpnet.free.fr/milter-greylist::milter-greylist,https://hcpnet.free.fr/milter-greylist,debian;fedora;ubuntu,3,MIXED_OR_GENERAL
C1,https://hitch-tls.org::hitch,https://hitch-tls.org,debian;fedora;ubuntu,3,MIXED_OR_GENERAL
C1,https://htcondor.org::upstream-unit::src/condor_examples/condor-annex-ec2.service,https://htcondor.org,debian;fedora;ubuntu,3,MIXED_OR_GENERAL
C1,https://htcondor.org::upstream-unit::src/condor_examples/condor.service,https://htcondor.org,debian;fedora;ubuntu,3,MIXED_OR_GENERAL
C1,https://httpd.apache.org::apachectl,https://httpd.apache.org,debian;ubuntu,2,MIXED_OR_GENERAL
C1,https://httpd.apache.org::htcacheclean,https://httpd.apache.org,debian;fedora;ubuntu,3,MIXED_OR_GENERAL
C1,https://humdi.net/vnstat::vnstatd,https://humdi.net/vnstat,arch;debian;fedora;ubuntu,4,MIXED_OR_GENERAL
C1,https://i2pd.website::i2pd,https://i2pd.website,arch;debian;ubuntu,3,MIXED_OR_GENERAL
C1,https://iwd.wiki.kernel.org::ead,https://iwd.wiki.kernel.org,fedora;ubuntu,2,MIXED_OR_GENERAL
C1,https://iwd.wiki.kernel.org::iwd,https://iwd.wiki.kernel.org,debian;fedora;ubuntu,3,MIXED_OR_GENERAL
C1,https://jabberd2.org::jabberd2-c2s,https://jabberd2.org,debian;ubuntu,2,MIXED_OR_GENERAL
C1,https://jabberd2.org::jabberd2-router,https://jabberd2.org,debian;ubuntu,2,MIXED_OR_GENERAL
C1,https://jabberd2.org::jabberd2-s2s,https://jabberd2.org,debian;ubuntu,2,MIXED_OR_GENERAL
C1,https://jabberd2.org::jabberd2-sm,https://jabberd2.org,debian;ubuntu,2,MIXED_OR_GENERAL
C1,https://jabberd2.org::true,https://jabberd2.org,debian;fedora;ubuntu,3,MIXED_OR_GENERAL
C1,https://janus.conf.meetecho.com::janus,https://janus.conf.meetecho.com,fedora;ubuntu,2,MIXED_OR_GENERAL
C1,https://kea.isc.org::kea-ctrl-agent,https://kea.isc.org,arch;debian;fedora;ubuntu,4,MIXED_OR_GENERAL
C1,https://kea.isc.org::kea-dhcp-ddns,https://kea.isc.org,arch;debian;fedora;ubuntu,4,MIXED_OR_GENERAL
C1,https://kea.isc.org::kea-dhcp4,https://kea.isc.org,arch;debian;fedora;ubuntu,4,MIXED_OR_GENERAL
C1,https://kea.isc.org::kea-dhcp6,https://kea.isc.org,arch;debian;fedora;ubuntu,4,MIXED_OR_GENERAL
C1,https://launchpad.net/spf-engine::pyspf-milter,https://launchpad.net/spf-engine,fedora;ubuntu,2,MIXED_OR_GENERAL
C1,https://launchpad.net/ufw::ufw-init,https://launchpad.net/ufw,arch;fedora;ubuntu,3,MIXED_OR_GENERAL
C1,https://lemonldap-ng.org::llng-fastcgi-server,https://lemonldap-ng.org,fedora;ubuntu,2,MIXED_OR_GENERAL
C1,https://lemonldap-ng.org::purgeCentralCache,https://lemonldap-ng.org,fedora;ubuntu,2,MIXED_OR_GENERAL
C1,https://lemonldap-ng.org::purgeLocalCache,https://lemonldap-ng.org,fedora;ubuntu,2,MIXED_OR_GENERAL
C1,https://libreswan.org::pluto,https://libreswan.org,debian;fedora;ubuntu,3,MIXED_OR_GENERAL
C1,https://libvirt.org::libvirtd,https://libvirt.org,arch;fedora,2,MIXED_OR_GENERAL
C1,https://libvirt.org::virtchd,https://libvirt.org,arch;fedora,2,MIXED_OR_GENERAL
C1,https://libvirt.org::virtinterfaced,https://libvirt.org,arch;fedora,2,MIXED_OR_GENERAL
C1,https://libvirt.org::virtlockd,https://libvirt.org,arch;fedora,2,MIXED_OR_GENERAL
C1,https://libvirt.org::virtlogd,https://libvirt.org,arch;fedora,2,MIXED_OR_GENERAL
C1,https://libvirt.org::virtlxcd,https://libvirt.org,arch;fedora,2,MIXED_OR_GENERAL
C1,https://libvirt.org::virtnetworkd,https://libvirt.org,arch;fedora,2,MIXED_OR_GENERAL
C1,https://libvirt.org::virtnodedevd,https://libvirt.org,arch;fedora,2,MIXED_OR_GENERAL
C1,https://libvirt.org::virtnwfilterd,https://libvirt.org,arch;fedora,2,MIXED_OR_GENERAL
C1,https://libvirt.org::virtproxyd,https://libvirt.org,arch;fedora,2,MIXED_OR_GENERAL
C1,https://libvirt.org::virtqemud,https://libvirt.org,arch;fedora,2,MIXED_OR_GENERAL
C1,https://libvirt.org::virtsecretd,https://libvirt.org,arch;fedora,2,MIXED_OR_GENERAL
C1,https://libvirt.org::virtstoraged,https://libvirt.org,arch;fedora,2,MIXED_OR_GENERAL
C1,https://libvirt.org::virtvboxd,https://libvirt.org,arch;fedora,2,MIXED_OR_GENERAL
C1,https://linrunner.de/tlp::tlp,https://linrunner.de/tlp,fedora;ubuntu,2,MIXED_OR_GENERAL
C1,https://linux-nfs.org::rpc.gssd,https://linux-nfs.org,debian;fedora;ubuntu,3,MIXED_OR_GENERAL
C1,https://linux-nfs.org::upstream-unit::systemd/auth-rpcgss-module.service,https://linux-nfs.org,debian;ubuntu,2,MIXED_OR_GENERAL
C1,https://linux-nfs.org::upstream-unit::systemd/fsidd.service,https://linux-nfs.org,debian;fedora;ubuntu,3,MIXED_OR_GENERAL
C1,https://linux-nfs.org::upstream-unit::systemd/nfs-idmapd.service,https://linux-nfs.org,debian;fedora;ubuntu,3,MIXED_OR_GENERAL
C1,https://linux-nfs.org::upstream-unit::systemd/nfs-mountd.service,https://linux-nfs.org,debian;fedora;ubuntu,3,MIXED_OR_GENERAL
C1,https://linux-nfs.org::upstream-unit::systemd/nfs-server.service,https://linux-nfs.org,debian;ubuntu,2,MIXED_OR_GENERAL
C1,https://linux-nfs.org::upstream-unit::systemd/nfs-utils.service,https://linux-nfs.org,debian;fedora;ubuntu,3,MIXED_OR_GENERAL
C1,https://linux-nfs.org::upstream-unit::systemd/nfsdcld.service,https://linux-nfs.org,debian;fedora;ubuntu,3,MIXED_OR_GENERAL
C1,https://linux-nfs.org::upstream-unit::systemd/rpc-statd-notify.service,https://linux-nfs.org,debian;fedora;ubuntu,3,MIXED_OR_GENERAL
C1,https://linux-nfs.org::upstream-unit::systemd/rpc-statd.service,https://linux-nfs.org,debian;fedora;ubuntu,3,MIXED_OR_GENERAL
C1,https://linux-nfs.org::upstream-unit::systemd/rpc-svcgssd.service,https://linux-nfs.org,debian;ubuntu,2,MIXED_OR_GENERAL
C1,https://linuxcontainers.org/incus::incus-agent,https://linuxcontainers.org/incus,debian;ubuntu,2,MIXED_OR_GENERAL
C1,https://linuxcontainers.org/incus::incus-user,https://linuxcontainers.org/incus,arch;debian;fedora;ubuntu,4,MIXED_OR_GENERAL
C1,https://linuxcontainers.org/incus::startup,https://linuxcontainers.org/incus,debian;ubuntu,2,MIXED_OR_GENERAL
C1,https://linuxcontainers.org::lxc-containers,https://linuxcontainers.org,arch;debian;ubuntu,3,MIXED_OR_GENERAL
C1,https://linuxcontainers.org::lxc-monitord,https://linuxcontainers.org,arch;debian;ubuntu,3,MIXED_OR_GENERAL
C1,https://linuxcontainers.org::lxc-net,https://linuxcontainers.org,arch;debian;ubuntu,3,MIXED_OR_GENERAL
C1,https://linuxcontainers.org::lxcfs,https://linuxcontainers.org,arch;debian;ubuntu,3,MIXED_OR_GENERAL
C1,https://location.ipfire.org::location,https://location.ipfire.org,fedora;ubuntu,2,MIXED_OR_GENERAL
C1,https://lttng.org::lttng-sessiond,https://lttng.org,debian;fedora;ubuntu,3,MIXED_OR_GENERAL
C1,https://matt.ucc.asn.au/dropbear/dropbear.html::dropbear,https://matt.ucc.asn.au/dropbear/dropbear.html,fedora;ubuntu,2,MIXED_OR_GENERAL
C1,https://memcached.org::systemd-memcached-wrapper,https://memcached.org,debian;ubuntu,2,MIXED_OR_GENERAL
C1,https://metalog.sourceforge.net::metalog,https://metalog.sourceforge.net,arch;ubuntu,2,MIXED_OR_GENERAL
C1,https://mgetty.greenie.net::faxrunqd,https://mgetty.greenie.net,debian;fedora;ubuntu,3,MIXED_OR_GENERAL
C1,https://miniflux.app::miniflux,https://miniflux.app,arch;debian;ubuntu,3,MIXED_OR_GENERAL
C1,https://miniupnp.tuxfamily.org::miniupnpd,https://miniupnp.tuxfamily.org,arch;fedora;ubuntu,3,MIXED_OR_GENERAL
C1,https://mmonit.com/monit::monit,https://mmonit.com/monit,arch;debian;fedora;ubuntu,4,MIXED_OR_GENERAL
C1,https://mopidy.com::mopidy,https://mopidy.com,fedora;ubuntu,2,MIXED_OR_GENERAL
C1,https://mosquitto.org::mosquitto,https://mosquitto.org,arch;debian;fedora;ubuntu,4,MIXED_OR_GENERAL
C1,https://motion-project.github.io::motion,https://motion-project.github.io,arch;debian;ubuntu,3,MIXED_OR_GENERAL
C1,https://munin-monitoring.org::munin-asyncd,https://munin-monitoring.org,arch;fedora;ubuntu,3,MIXED_OR_GENERAL
C1,https://munin-monitoring.org::munin-cgi-graph,https://munin-monitoring.org,arch;fedora,2,MIXED_OR_GENERAL
C1,https://munin-monitoring.org::munin-cgi-html,https://munin-monitoring.org,arch;fedora,2,MIXED_OR_GENERAL
C1,https://munin-monitoring.org::munin-node,https://munin-monitoring.org,arch;fedora;ubuntu,3,MIXED_OR_GENERAL
C1,https://net-snmp.sourceforge.net::snmpd,https://net-snmp.sourceforge.net,debian;fedora;ubuntu,3,MIXED_OR_GENERAL
C1,https://net-snmp.sourceforge.net::snmptrapd,https://net-snmp.sourceforge.net,debian;fedora;ubuntu,3,MIXED_OR_GENERAL
C1,https://netfilter.org/projects/nftables::nft,https://netfilter.org/projects/nftables,arch;fedora,2,MIXED_OR_GENERAL
C1,https://netplan.io::configure,https://netplan.io,fedora;ubuntu,2,MIXED_OR_GENERAL
C1,https://networkmanager.dev::nm-cloud-setup,https://networkmanager.dev,arch;fedora,2,MIXED_OR_GENERAL
C1,https://networkmanager.dev::nm-dispatcher,https://networkmanager.dev,arch;debian;fedora;ubuntu,4,MIXED_OR_GENERAL
C1,https://networkmanager.dev::nm-priv-helper,https://networkmanager.dev,arch;debian;fedora;ubuntu,4,MIXED_OR_GENERAL
C1,https://networkupstools.org::systemctl,https://networkupstools.org,arch;ubuntu,2,MIXED_OR_GENERAL
C1,https://networkupstools.org::udevadm,https://networkupstools.org,arch;ubuntu,2,MIXED_OR_GENERAL
C1,https://networkupstools.org::upsd,https://networkupstools.org,arch;debian;ubuntu,3,MIXED_OR_GENERAL
C1,https://networkupstools.org::upslog,https://networkupstools.org,arch;ubuntu,2,MIXED_OR_GENERAL
C1,https://networkupstools.org::upsmon,https://networkupstools.org,arch;debian;ubuntu,3,MIXED_OR_GENERAL
C1,https://nghttp2.org::nghttpx,https://nghttp2.org,debian;fedora;ubuntu,3,MIXED_OR_GENERAL
C1,https://ngircd.barton.de::ngircd,https://ngircd.barton.de,debian;fedora;ubuntu,3,MIXED_OR_GENERAL
C1,https://nixos.org/nix::nix-daemon,https://nixos.org/nix,arch;ubuntu,2,MIXED_OR_GENERAL
C1,https://oidentd.janikrabe.com::sh,https://oidentd.janikrabe.com,debian;ubuntu,2,MIXED_OR_GENERAL
C1,https://omniorb.sourceforge.net::omniNames,https://omniorb.sourceforge.net,debian;fedora;ubuntu,3,MIXED_OR_GENERAL
C1,https://openbao.org::bao,https://openbao.org,arch;fedora,2,MIXED_OR_GENERAL
C1,https://opendev.org/openstack/virtualbmc::vbmcd,https://opendev.org/openstack/virtualbmc,fedora;ubuntu,2,MIXED_OR_GENERAL
C1,https://openprinting.github.io/cups::cupsd,https://openprinting.github.io/cups,arch;fedora,2,MIXED_OR_GENERAL
C1,https://oss.oetiker.ch/mrtg::upstream-unit::contrib/debian-systemd/mrtg.service,https://oss.oetiker.ch/mrtg,debian;ubuntu,2,MIXED_OR_GENERAL
C1,https://oss.oetiker.ch/rrdtool::rrdcached,https://oss.oetiker.ch/rrdtool,fedora;ubuntu,2,MIXED_OR_GENERAL
C1,https://oss.oetiker.ch/smokeping::smokeping,https://oss.oetiker.ch/smokeping,arch;fedora,2,MIXED_OR_GENERAL
C1,https://ostreedev.github.io/ostree::upstream-unit::src/boot/ostree-boot-complete.service,https://ostreedev.github.io/ostree,arch;fedora,2,MIXED_OR_GENERAL
C1,https://ostreedev.github.io/ostree::upstream-unit::src/boot/ostree-finalize-staged-hold.service,https://ostreedev.github.io/ostree,arch;fedora,2,MIXED_OR_GENERAL
C1,https://ostreedev.github.io/ostree::upstream-unit::src/boot/ostree-finalize-staged.service,https://ostreedev.github.io/ostree,arch;fedora,2,MIXED_OR_GENERAL
C1,https://ostreedev.github.io/ostree::upstream-unit::src/boot/ostree-prepare-root.service,https://ostreedev.github.io/ostree,arch;fedora,2,MIXED_OR_GENERAL
C1,https://ostreedev.github.io/ostree::upstream-unit::src/boot/ostree-remount.service,https://ostreedev.github.io/ostree,arch;fedora,2,MIXED_OR_GENERAL
C1,https://pagure.io/certmonger::certmonger,https://pagure.io/certmonger,debian;fedora;ubuntu,3,MIXED_OR_GENERAL
C1,https://pagure.io/dlm::dlm_controld,https://pagure.io/dlm,debian;fedora;ubuntu,3,MIXED_OR_GENERAL
C1,https://pagure.io/numad::numad,https://pagure.io/numad,debian;fedora;ubuntu,3,MIXED_OR_GENERAL
C1,https://pagure.io/oddjob::oddjobd,https://pagure.io/oddjob,debian;fedora;ubuntu,3,MIXED_OR_GENERAL
C1,https://pcp.io::pcp-geolocate,https://pcp.io,arch;debian;fedora;ubuntu,4,MIXED_OR_GENERAL
C1,https://pcp.io::pcp-reboot-init,https://pcp.io,debian;ubuntu,2,MIXED_OR_GENERAL
C1,https://pcp.io::pmcd,https://pcp.io,arch;debian;fedora;ubuntu,4,MIXED_OR_GENERAL
C1,https://pcp.io::pmfind_check,https://pcp.io,arch;debian;fedora;ubuntu,4,MIXED_OR_GENERAL
C1,https://pcp.io::pmie,https://pcp.io,arch;fedora;ubuntu,3,MIXED_OR_GENERAL
C1,https://pcp.io::pmie_check,https://pcp.io,arch;debian;fedora;ubuntu,4,MIXED_OR_GENERAL
C1,https://pcp.io::pmie_daily,https://pcp.io,arch;debian;fedora;ubuntu,4,MIXED_OR_GENERAL
C1,https://pcp.io::pmie_farm,https://pcp.io,arch;debian;fedora;ubuntu,4,MIXED_OR_GENERAL
C1,https://pcp.io::pmiectl,https://pcp.io,arch;debian;fedora;ubuntu,4,MIXED_OR_GENERAL
C1,https://pcp.io::pmlogctl,https://pcp.io,arch;debian;fedora;ubuntu,4,MIXED_OR_GENERAL
C1,https://pcp.io::pmlogger,https://pcp.io,arch;fedora;ubuntu,3,MIXED_OR_GENERAL
C1,https://pcp.io::pmlogger_check,https://pcp.io,arch;debian;fedora;ubuntu,4,MIXED_OR_GENERAL
C1,https://pcp.io::pmlogger_farm,https://pcp.io,arch;debian;fedora;ubuntu,4,MIXED_OR_GENERAL
C1,https://pcp.io::pmproxy,https://pcp.io,arch;fedora;ubuntu,3,MIXED_OR_GENERAL
C1,https://pcp.io::pmseries_import,https://pcp.io,arch;fedora;ubuntu,3,MIXED_OR_GENERAL
C1,https://pcp.io::reboot-init,https://pcp.io,arch;fedora,2,MIXED_OR_GENERAL
C1,https://pcp.io::sh,https://pcp.io,arch;fedora,2,MIXED_OR_GENERAL
C1,https://pcp.io::upstream-unit::src/pcp/atop/atop-daily.service,https://pcp.io,arch;fedora,2,MIXED_OR_GENERAL
C1,https://pcsclite.apdu.fr::pcscd,https://pcsclite.apdu.fr,arch;debian;fedora;ubuntu,4,MIXED_OR_GENERAL
C1,https://perfetto.dev::traced,https://perfetto.dev,fedora;ubuntu,2,MIXED_OR_GENERAL
C1,https://perfetto.dev::traced_probes,https://perfetto.dev,fedora;ubuntu,2,MIXED_OR_GENERAL
C1,https://plocate.sesse.net::updatedb,https://plocate.sesse.net,arch;fedora,2,MIXED_OR_GENERAL
C1,https://plocate.sesse.net::updatedb.plocate,https://plocate.sesse.net,debian;ubuntu,2,MIXED_OR_GENERAL
C1,https://poptop.sourceforge.net::pptpd,https://poptop.sourceforge.net,arch;fedora,2,MIXED_OR_GENERAL
C1,https://portsentry.xyz::portsentry,https://portsentry.xyz,fedora;ubuntu,2,MIXED_OR_GENERAL
C1,https://postfwd.org::postfwd,https://postfwd.org,arch;fedora,2,MIXED_OR_GENERAL
C1,https://postgrey.schweikert.ch::postgrey,https://postgrey.schweikert.ch,arch;fedora;ubuntu,3,MIXED_OR_GENERAL
C1,https://prometheus.io::prometheus,https://prometheus.io,arch;debian;ubuntu,3,MIXED_OR_GENERAL
C1,https://prosody.im::prosody,https://prosody.im,arch;fedora,2,MIXED_OR_GENERAL
C1,https://qosient.com/argus::radium,https://qosient.com/argus,debian;ubuntu,2,MIXED_OR_GENERAL
C1,https://qosient.com/argus::rastream,https://qosient.com/argus,debian;ubuntu,2,MIXED_OR_GENERAL
C1,https://quassel-irc.org::quasselcore,https://quassel-irc.org,arch;fedora,2,MIXED_OR_GENERAL
C1,https://radicale.org::radicale,https://radicale.org,arch;fedora;ubuntu,3,MIXED_OR_GENERAL
C1,https://radscan.com/nas.html::nasd,https://radscan.com/nas.html,fedora;ubuntu,2,MIXED_OR_GENERAL
C1,https://radsecproxy.github.io::radsecproxy,https://radsecproxy.github.io,debian;fedora;ubuntu,3,MIXED_OR_GENERAL
C1,https://redict.io::redict-sentinel,https://redict.io,fedora;ubuntu,2,MIXED_OR_GENERAL
C1,https://redict.io::redict-server,https://redict.io,fedora;ubuntu,2,MIXED_OR_GENERAL
C1,https://roy.marples.name/projects/dhcpcd::dhcpcd,https://roy.marples.name/projects/dhcpcd,arch;fedora,2,MIXED_OR_GENERAL
C1,https://rspamd.com::upstream-unit::rspamd.service,https://rspamd.com,debian;ubuntu,2,MIXED_OR_GENERAL
C1,https://rsync.samba.org::upstream-unit::packaging/systemd/rsync.service,https://rsync.samba.org,arch;debian;ubuntu,3,MIXED_OR_GENERAL
C1,https://salsa.debian.org/consolation-team/consolation::consolation,https://salsa.debian.org/consolation-team/consolation,debian;fedora;ubuntu,3,MIXED_OR_GENERAL
C1,https://savannah.nongnu.org/projects/hddtemp::hddtemp,https://savannah.nongnu.org/projects/hddtemp,arch;fedora,2,MIXED_OR_GENERAL
C1,https://security.appspot.com/vsftpd.html::vsftpd,https://security.appspot.com/vsftpd.html,arch;fedora,2,MIXED_OR_GENERAL
C1,https://slurm.schedmd.com::sackd,https://slurm.schedmd.com,debian;ubuntu,2,MIXED_OR_GENERAL
C1,https://slurm.schedmd.com::slurmctld,https://slurm.schedmd.com,debian;fedora;ubuntu,3,MIXED_OR_GENERAL
C1,https://slurm.schedmd.com::slurmd,https://slurm.schedmd.com,debian;fedora;ubuntu,3,MIXED_OR_GENERAL
C1,https://slurm.schedmd.com::slurmdbd,https://slurm.schedmd.com,debian;fedora;ubuntu,3,MIXED_OR_GENERAL
C1,https://slurm.schedmd.com::slurmrestd,https://slurm.schedmd.com,debian;fedora;ubuntu,3,MIXED_OR_GENERAL
C1,https://snapper.io::snapper,https://snapper.io,debian;ubuntu,2,MIXED_OR_GENERAL
C1,https://snapper.io::snapperd,https://snapper.io,debian;ubuntu,2,MIXED_OR_GENERAL
C1,https://snapper.io::upstream-unit::data/backup.service,https://snapper.io,arch;fedora,2,MIXED_OR_GENERAL
C1,https://snapper.io::upstream-unit::data/boot.service,https://snapper.io,arch;fedora,2,MIXED_OR_GENERAL
C1,https://snapper.io::upstream-unit::data/cleanup.service,https://snapper.io,arch;debian;ubuntu,3,MIXED_OR_GENERAL
C1,https://snapper.io::upstream-unit::data/snapperd.service,https://snapper.io,arch;fedora,2,MIXED_OR_GENERAL
C1,https://snapper.io::upstream-unit::data/timeline.service,https://snapper.io,arch;debian;ubuntu,3,MIXED_OR_GENERAL
C1,https://soju.im::soju,https://soju.im,arch;debian;ubuntu,3,MIXED_OR_GENERAL
C1,https://sourceforge.net/projects/acpid2::acpid,https://sourceforge.net/projects/acpid2,arch;debian;fedora;ubuntu,4,MIXED_OR_GENERAL
C1,https://sourceforge.net/projects/atftp::in.tftpd,https://sourceforge.net/projects/atftp,debian;ubuntu,2,MIXED_OR_GENERAL
C1,https://sourceforge.net/projects/dict::dictd,https://sourceforge.net/projects/dict,arch;ubuntu,2,MIXED_OR_GENERAL
C1,https://sourceforge.net/projects/linuxquota::quota-initial-check.sh,https://sourceforge.net/projects/linuxquota,debian;ubuntu,2,MIXED_OR_GENERAL
C1,https://sourceforge.net/projects/linuxquota::quotarpc.sh,https://sourceforge.net/projects/linuxquota,debian;ubuntu,2,MIXED_OR_GENERAL
C1,https://sourceforge.net/projects/minidlna::minidlnad,https://sourceforge.net/projects/minidlna,arch;debian;fedora;ubuntu,4,MIXED_OR_GENERAL
C1,https://sourceforge.net/projects/rpcbind::rpcbind,https://sourceforge.net/projects/rpcbind,debian;fedora;ubuntu,3,MIXED_OR_GENERAL
C1,https://sourceforge.net/projects/slim-fork::slim,https://sourceforge.net/projects/slim-fork,debian;fedora;ubuntu,3,MIXED_OR_GENERAL
C1,https://sourceware.org/lvm2::dmeventd,https://sourceware.org/lvm2,debian;fedora;ubuntu,3,MIXED_OR_GENERAL
C1,https://sourceware.org/lvm2::lvmdbusd,https://sourceware.org/lvm2,fedora;ubuntu,2,MIXED_OR_GENERAL
C1,https://sourceware.org/lvm2::lvmlockd,https://sourceware.org/lvm2,debian;fedora;ubuntu,3,MIXED_OR_GENERAL
C1,https://sourceware.org/lvm2::lvmpolld,https://sourceware.org/lvm2,arch;debian;fedora;ubuntu,4,MIXED_OR_GENERAL
C1,https://sourceware.org/lvm2::true,https://sourceware.org/lvm2,arch;debian;fedora;ubuntu,4,MIXED_OR_GENERAL
C1,https://sourceware.org/lvm2::upstream-unit::scripts/lvm-devices-import.service,https://sourceware.org/lvm2,arch;fedora,2,MIXED_OR_GENERAL
C1,https://sourceware.org/systemtap::upstream-unit::stap-exporter/stap-exporter.service,https://sourceware.org/systemtap,arch;fedora,2,MIXED_OR_GENERAL
C1,https://spacenav.sourceforge.net::spacenavd,https://spacenav.sourceforge.net,debian;fedora;ubuntu,3,MIXED_OR_GENERAL
C1,https://spamassassin.apache.org::spamd,https://spamassassin.apache.org,arch;fedora,2,MIXED_OR_GENERAL
C1,https://sqlgrey.sourceforge.net::sqlgrey,https://sqlgrey.sourceforge.net,fedora;ubuntu,2,MIXED_OR_GENERAL
C1,https://sr.ht/~kennylevinsen/seatd::seatd,https://sr.ht/~kennylevinsen/seatd,debian;ubuntu,2,MIXED_OR_GENERAL
C1,https://sr.ht/~kennylevinsen/seatd::upstream-unit::contrib/systemd/seatd.service,https://sr.ht/~kennylevinsen/seatd,arch;fedora,2,MIXED_OR_GENERAL
C1,https://subversion.apache.org::svnserve,https://subversion.apache.org,arch;fedora,2,MIXED_OR_GENERAL
C1,https://supervisord.org::supervisord,https://supervisord.org,arch;fedora;ubuntu,3,MIXED_OR_GENERAL
C1,https://suricata.io::suricata,https://suricata.io,debian;fedora;ubuntu,3,MIXED_OR_GENERAL
C1,https://sysstat.github.io::sa2,https://sysstat.github.io,arch;debian;fedora;ubuntu,4,MIXED_OR_GENERAL
C1,https://systemd.io::agetty,https://systemd.io,debian;fedora;ubuntu,3,MIXED_OR_GENERAL
C1,https://systemd.io::kmod,https://systemd.io,debian;fedora;ubuntu,3,MIXED_OR_GENERAL
C1,https://systemd.io::quotaon,https://systemd.io,debian;fedora;ubuntu,3,MIXED_OR_GENERAL
C1,https://systemd.io::rc.local,https://systemd.io,debian;fedora;ubuntu,3,MIXED_OR_GENERAL
C1,https://systemd.io::systemd-battery-check,https://systemd.io,debian;fedora;ubuntu,3,MIXED_OR_GENERAL
C1,https://systemd.io::systemd-binfmt,https://systemd.io,debian;fedora;ubuntu,3,MIXED_OR_GENERAL
C1,https://systemd.io::systemd-bless-boot,https://systemd.io,debian;fedora;ubuntu,3,MIXED_OR_GENERAL
C1,https://systemd.io::systemd-boot-check-no-failures,https://systemd.io,debian;fedora;ubuntu,3,MIXED_OR_GENERAL
C1,https://systemd.io::systemd-bsod,https://systemd.io,debian;fedora;ubuntu,3,MIXED_OR_GENERAL
C1,https://systemd.io::systemd-fsck,https://systemd.io,debian;fedora;ubuntu,3,MIXED_OR_GENERAL
C1,https://systemd.io::systemd-growfs,https://systemd.io,debian;fedora;ubuntu,3,MIXED_OR_GENERAL
C1,https://systemd.io::systemd-homed,https://systemd.io,debian;fedora;ubuntu,3,MIXED_OR_GENERAL
C1,https://systemd.io::systemd-hostnamed,https://systemd.io,debian;fedora;ubuntu,3,MIXED_OR_GENERAL
C1,https://systemd.io::systemd-hwdb,https://systemd.io,debian;fedora;ubuntu,3,MIXED_OR_GENERAL
C1,https://systemd.io::systemd-importd,https://systemd.io,debian;fedora;ubuntu,3,MIXED_OR_GENERAL
C1,https://systemd.io::systemd-journal-gatewayd,https://systemd.io,debian;fedora;ubuntu,3,MIXED_OR_GENERAL
C1,https://systemd.io::systemd-journal-remote,https://systemd.io,debian;fedora;ubuntu,3,MIXED_OR_GENERAL
C1,https://systemd.io::systemd-journal-upload,https://systemd.io,debian;fedora;ubuntu,3,MIXED_OR_GENERAL
C1,https://systemd.io::systemd-journald,https://systemd.io,debian;fedora;ubuntu,3,MIXED_OR_GENERAL
C1,https://systemd.io::systemd-localed,https://systemd.io,debian;fedora;ubuntu,3,MIXED_OR_GENERAL
C1,https://systemd.io::systemd-logind,https://systemd.io,debian;fedora;ubuntu,3,MIXED_OR_GENERAL
C1,https://systemd.io::systemd-machined,https://systemd.io,debian;fedora;ubuntu,3,MIXED_OR_GENERAL
C1,https://systemd.io::systemd-modules-load,https://systemd.io,debian;fedora;ubuntu,3,MIXED_OR_GENERAL
C1,https://systemd.io::systemd-mountfsd,https://systemd.io,debian;fedora;ubuntu,3,MIXED_OR_GENERAL
C1,https://systemd.io::systemd-networkd,https://systemd.io,debian;fedora;ubuntu,3,MIXED_OR_GENERAL
C1,https://systemd.io::systemd-networkd-wait-online,https://systemd.io,debian;fedora;ubuntu,3,MIXED_OR_GENERAL
C1,https://systemd.io::systemd-nsresourced,https://systemd.io,debian;fedora;ubuntu,3,MIXED_OR_GENERAL
C1,https://systemd.io::systemd-oomd,https://systemd.io,debian;fedora;ubuntu,3,MIXED_OR_GENERAL
C1,https://systemd.io::systemd-portabled,https://systemd.io,debian;fedora;ubuntu,3,MIXED_OR_GENERAL
C1,https://systemd.io::systemd-pstore,https://systemd.io,debian;fedora;ubuntu,3,MIXED_OR_GENERAL
C1,https://systemd.io::systemd-quotacheck,https://systemd.io,debian;fedora;ubuntu,3,MIXED_OR_GENERAL
C1,https://systemd.io::systemd-random-seed,https://systemd.io,debian;fedora;ubuntu,3,MIXED_OR_GENERAL
C1,https://systemd.io::systemd-remount-fs,https://systemd.io,debian;fedora;ubuntu,3,MIXED_OR_GENERAL
C1,https://systemd.io::systemd-resolved,https://systemd.io,debian;fedora;ubuntu,3,MIXED_OR_GENERAL
C1,https://systemd.io::systemd-rfkill,https://systemd.io,debian;fedora;ubuntu,3,MIXED_OR_GENERAL
C1,https://systemd.io::systemd-storagetm,https://systemd.io,debian;fedora;ubuntu,3,MIXED_OR_GENERAL
C1,https://systemd.io::systemd-sysctl,https://systemd.io,debian;fedora;ubuntu,3,MIXED_OR_GENERAL
C1,https://systemd.io::systemd-sysroot-fstab-check,https://systemd.io,fedora;ubuntu,2,MIXED_OR_GENERAL
C1,https://systemd.io::systemd-time-wait-sync,https://systemd.io,debian;fedora;ubuntu,3,MIXED_OR_GENERAL
C1,https://systemd.io::systemd-timedated,https://systemd.io,debian;fedora;ubuntu,3,MIXED_OR_GENERAL
C1,https://systemd.io::systemd-timesyncd,https://systemd.io,debian;fedora;ubuntu,3,MIXED_OR_GENERAL
C1,https://systemd.io::systemd-tpm2-clear,https://systemd.io,fedora;ubuntu,2,MIXED_OR_GENERAL
C1,https://systemd.io::systemd-udevd,https://systemd.io,debian;fedora;ubuntu,3,MIXED_OR_GENERAL
C1,https://systemd.io::systemd-update-done,https://systemd.io,debian;fedora;ubuntu,3,MIXED_OR_GENERAL
C1,https://systemd.io::systemd-user-sessions,https://systemd.io,debian;fedora;ubuntu,3,MIXED_OR_GENERAL
C1,https://systemd.io::systemd-userdbd,https://systemd.io,debian;fedora;ubuntu,3,MIXED_OR_GENERAL
C1,https://systemd.io::systemd-volatile-root,https://systemd.io,debian;fedora;ubuntu,3,MIXED_OR_GENERAL
C1,https://systemd.io::upstream-unit::units/initrd-cleanup.service,https://systemd.io,debian;fedora;ubuntu,3,MIXED_OR_GENERAL
C1,https://systemd.io::upstream-unit::units/initrd-switch-root.service,https://systemd.io,debian;fedora;ubuntu,3,MIXED_OR_GENERAL
C1,https://systemd.io::upstream-unit::units/initrd-udevadm-cleanup-db.service,https://systemd.io,debian;fedora;ubuntu,3,MIXED_OR_GENERAL
C1,https://systemd.io::upstream-unit::units/ldconfig.service,https://systemd.io,debian;fedora;ubuntu,3,MIXED_OR_GENERAL
C1,https://systemd.io::upstream-unit::units/system-update-cleanup.service,https://systemd.io,debian;fedora;ubuntu,3,MIXED_OR_GENERAL
C1,https://systemd.io::upstream-unit::units/systemd-ask-password-console.service,https://systemd.io,debian;fedora;ubuntu,3,MIXED_OR_GENERAL
C1,https://systemd.io::upstream-unit::units/systemd-ask-password-wall.service,https://systemd.io,debian;fedora;ubuntu,3,MIXED_OR_GENERAL
C1,https://systemd.io::upstream-unit::units/systemd-boot-clear-sysfail.service,https://systemd.io,fedora;ubuntu,2,MIXED_OR_GENERAL
C1,https://systemd.io::upstream-unit::units/systemd-boot-random-seed.service,https://systemd.io,debian;fedora;ubuntu,3,MIXED_OR_GENERAL
C1,https://systemd.io::upstream-unit::units/systemd-boot-update.service,https://systemd.io,debian;fedora;ubuntu,3,MIXED_OR_GENERAL
C1,https://systemd.io::upstream-unit::units/systemd-confext-initrd.service,https://systemd.io,fedora;ubuntu,2,MIXED_OR_GENERAL
C1,https://systemd.io::upstream-unit::units/systemd-confext.service,https://systemd.io,debian;fedora;ubuntu,3,MIXED_OR_GENERAL
C1,https://systemd.io::upstream-unit::units/systemd-exit.service,https://systemd.io,debian;fedora;ubuntu,3,MIXED_OR_GENERAL
C1,https://systemd.io::upstream-unit::units/systemd-factory-reset-reboot.service,https://systemd.io,fedora;ubuntu,2,MIXED_OR_GENERAL
C1,https://systemd.io::upstream-unit::units/systemd-firstboot.service,https://systemd.io,debian;fedora;ubuntu,3,MIXED_OR_GENERAL
C1,https://systemd.io::upstream-unit::units/systemd-halt.service,https://systemd.io,debian;fedora;ubuntu,3,MIXED_OR_GENERAL
C1,https://systemd.io::upstream-unit::units/systemd-homed-activate.service,https://systemd.io,debian;fedora;ubuntu,3,MIXED_OR_GENERAL
C1,https://systemd.io::upstream-unit::units/systemd-homed-firstboot.service,https://systemd.io,debian;fedora;ubuntu,3,MIXED_OR_GENERAL
C1,https://systemd.io::upstream-unit::units/systemd-journal-catalog-update.service,https://systemd.io,debian;fedora;ubuntu,3,MIXED_OR_GENERAL
C1,https://systemd.io::upstream-unit::units/systemd-journal-flush.service,https://systemd.io,debian;fedora;ubuntu,3,MIXED_OR_GENERAL
C1,https://systemd.io::upstream-unit::units/systemd-kexec.service,https://systemd.io,debian;fedora;ubuntu,3,MIXED_OR_GENERAL
C1,https://systemd.io::upstream-unit::units/systemd-machine-id-commit.service,https://systemd.io,debian;fedora;ubuntu,3,MIXED_OR_GENERAL
C1,https://systemd.io::upstream-unit::units/systemd-networkd-persistent-storage.service,https://systemd.io,debian;fedora;ubuntu,3,MIXED_OR_GENERAL
C1,https://systemd.io::upstream-unit::units/systemd-poweroff.service,https://systemd.io,debian;fedora;ubuntu,3,MIXED_OR_GENERAL
C1,https://systemd.io::upstream-unit::units/systemd-reboot.service,https://systemd.io,debian;fedora;ubuntu,3,MIXED_OR_GENERAL
C1,https://systemd.io::upstream-unit::units/systemd-repart.service,https://systemd.io,debian;fedora;ubuntu,3,MIXED_OR_GENERAL
C1,https://systemd.io::upstream-unit::units/systemd-soft-reboot.service,https://systemd.io,debian;fedora;ubuntu,3,MIXED_OR_GENERAL
C1,https://systemd.io::upstream-unit::units/systemd-sysext-initrd.service,https://systemd.io,fedora;ubuntu,2,MIXED_OR_GENERAL
C1,https://systemd.io::upstream-unit::units/systemd-sysext.service,https://systemd.io,debian;fedora;ubuntu,3,MIXED_OR_GENERAL
C1,https://systemd.io::upstream-unit::units/systemd-sysusers.service,https://systemd.io,debian;fedora;ubuntu,3,MIXED_OR_GENERAL
C1,https://systemd.io::upstream-unit::units/systemd-tmpfiles-clean.service,https://systemd.io,debian;fedora;ubuntu,3,MIXED_OR_GENERAL
C1,https://systemd.io::upstream-unit::units/systemd-tmpfiles-setup-dev-early.service,https://systemd.io,debian;fedora;ubuntu,3,MIXED_OR_GENERAL
C1,https://systemd.io::upstream-unit::units/systemd-tmpfiles-setup-dev.service,https://systemd.io,debian;fedora;ubuntu,3,MIXED_OR_GENERAL
C1,https://systemd.io::upstream-unit::units/systemd-tmpfiles-setup.service,https://systemd.io,debian;fedora;ubuntu,3,MIXED_OR_GENERAL
C1,https://systemd.io::upstream-unit::units/systemd-udev-load-credentials.service,https://systemd.io,debian;fedora;ubuntu,3,MIXED_OR_GENERAL
C1,https://systemd.io::upstream-unit::units/systemd-udev-settle.service,https://systemd.io,debian;fedora;ubuntu,3,MIXED_OR_GENERAL
C1,https://systemd.io::upstream-unit::units/systemd-udev-trigger.service,https://systemd.io,debian;fedora;ubuntu,3,MIXED_OR_GENERAL
C1,https://systemd.io::upstream-unit::units/systemd-userdb-load-credentials.service,https://systemd.io,fedora;ubuntu,2,MIXED_OR_GENERAL
C1,https://tetrinetx.sourceforge.net::tetrinetx,https://tetrinetx.sourceforge.net,debian;fedora;ubuntu,3,MIXED_OR_GENERAL
C1,https://tinyproxy.github.io::tinyproxy,https://tinyproxy.github.io,arch;fedora;ubuntu,3,MIXED_OR_GENERAL
C1,https://torsion.org/borgmatic::systemd-inhibit,https://torsion.org/borgmatic,arch;fedora;ubuntu,3,MIXED_OR_GENERAL
C1,https://trousers.sourceforge.net::tcsd,https://trousers.sourceforge.net,debian;fedora;ubuntu,3,MIXED_OR_GENERAL
C1,https://unix4lyfe.org/darkstat::darkstat,https://unix4lyfe.org/darkstat,arch;debian;fedora;ubuntu,4,MIXED_OR_GENERAL
C1,https://upower.freedesktop.org::upowerd,https://upower.freedesktop.org,arch;debian;fedora;ubuntu,4,MIXED_OR_GENERAL
C1,https://usbguard.github.io::usbguard-daemon,https://usbguard.github.io,debian;fedora;ubuntu,3,MIXED_OR_GENERAL
C1,https://usbguard.github.io::usbguard-dbus,https://usbguard.github.io,debian;fedora;ubuntu,3,MIXED_OR_GENERAL
C1,https://valkey.io::valkey-sentinel,https://valkey.io,arch;debian;fedora;ubuntu,4,MIXED_OR_GENERAL
C1,https://valkey.io::valkey-server,https://valkey.io,arch;debian;fedora;ubuntu,4,MIXED_OR_GENERAL
C1,https://w1.fi/hostapd::hostapd,https://w1.fi/hostapd,arch;fedora,2,MIXED_OR_GENERAL
C1,https://w1.fi/wpa_supplicant::hostapd,https://w1.fi/wpa_supplicant,debian;ubuntu,2,MIXED_OR_GENERAL
C1,https://w1.fi/wpa_supplicant::wpa_supplicant,https://w1.fi/wpa_supplicant,arch;debian;fedora;ubuntu,4,MIXED_OR_GENERAL
C1,https://wammu.eu/gammu::gammu-smsd,https://wammu.eu/gammu,arch;debian;fedora;ubuntu,4,MIXED_OR_GENERAL
C1,https://web.mit.edu/kerberos::kadmind,https://web.mit.edu/kerberos,arch;debian;ubuntu,3,MIXED_OR_GENERAL
C1,https://web.mit.edu/kerberos::kpropd,https://web.mit.edu/kerberos,arch;debian;ubuntu,3,MIXED_OR_GENERAL
C1,https://web.mit.edu/kerberos::krb5kdc,https://web.mit.edu/kerberos,arch;debian;ubuntu,3,MIXED_OR_GENERAL
C1,https://wiki.gnome.org/Projects/GDM::gdm3,https://wiki.gnome.org/Projects/GDM,debian;ubuntu,2,MIXED_OR_GENERAL
C1,https://wiki.gnome.org/phodav::spice-webdavd,https://wiki.gnome.org/phodav,arch;debian;fedora,3,MIXED_OR_GENERAL
C1,https://wiki.nikhef.nl/grid/FetchCRL3::fetch-crl,https://wiki.nikhef.nl/grid/FetchCRL3,fedora;ubuntu,2,MIXED_OR_GENERAL
C1,https://www.anope.org::anope,https://www.anope.org,debian;fedora;ubuntu,3,MIXED_OR_GENERAL
C1,https://www.apcupsd.org::apcupsd,https://www.apcupsd.org,arch;debian;ubuntu,3,MIXED_OR_GENERAL
C1,https://www.asterisk.org::asterisk,https://www.asterisk.org,fedora;ubuntu,2,MIXED_OR_GENERAL
C1,https://www.atoptool.nl::sh,https://www.atoptool.nl,arch;fedora,2,MIXED_OR_GENERAL
C1,https://www.atoptool.nl::upstream-unit::atop-rotate.service,https://www.atoptool.nl,arch;fedora,2,MIXED_OR_GENERAL
C1,https://www.atoptool.nl::upstream-unit::atopacct.service,https://www.atoptool.nl,arch;fedora,2,MIXED_OR_GENERAL
C1,https://www.bacula.org::bacula-dir,https://www.bacula.org,debian;fedora;ubuntu,3,MIXED_OR_GENERAL
C1,https://www.bacula.org::bacula-fd,https://www.bacula.org,debian;fedora;ubuntu,3,MIXED_OR_GENERAL
C1,https://www.bacula.org::bacula-sd,https://www.bacula.org,debian;fedora;ubuntu,3,MIXED_OR_GENERAL
C1,https://www.bitlbee.org::bitlbee,https://www.bitlbee.org,fedora;ubuntu,2,MIXED_OR_GENERAL
C1,https://www.bluez.org::bluetooth-meshd,https://www.bluez.org,arch;debian;fedora;ubuntu,4,MIXED_OR_GENERAL
C1,https://www.bluez.org::bluetoothd,https://www.bluez.org,arch;debian;fedora;ubuntu,4,MIXED_OR_GENERAL
C1,https://www.cipherdyne.org/fwknop::fwknopd,https://www.cipherdyne.org/fwknop,arch;fedora,2,MIXED_OR_GENERAL
C1,https://www.cipherdyne.org/psad::psad,https://www.cipherdyne.org/psad,debian;fedora;ubuntu,3,MIXED_OR_GENERAL
C1,https://www.clamav.net::clamd,https://www.clamav.net,arch;debian;ubuntu,3,MIXED_OR_GENERAL
C1,https://www.clamav.net::clamonacc,https://www.clamav.net,arch;debian;fedora;ubuntu,4,MIXED_OR_GENERAL
C1,https://www.clusterlabs.org::pacemaker-remoted,https://www.clusterlabs.org,debian;fedora;ubuntu,3,MIXED_OR_GENERAL
C1,https://www.clusterlabs.org::pacemakerd,https://www.clusterlabs.org,debian;fedora;ubuntu,3,MIXED_OR_GENERAL
C1,https://www.conserver.com::conserver,https://www.conserver.com,debian;fedora;ubuntu,3,MIXED_OR_GENERAL
C1,https://www.cstr.ed.ac.uk/projects/festival::festival,https://www.cstr.ed.ac.uk/projects/festival,fedora;ubuntu,2,MIXED_OR_GENERAL
C1,https://www.cyrusimap.org/sasl::saslauthd,https://www.cyrusimap.org/sasl,arch;debian;fedora;ubuntu,4,MIXED_OR_GENERAL
C1,https://www.cyrusimap.org::cyrmaster,https://www.cyrusimap.org,debian;ubuntu,2,MIXED_OR_GENERAL
C1,https://www.drbd.org::upstream-unit::scripts/drbd.service,https://www.drbd.org,debian;ubuntu,2,MIXED_OR_GENERAL
C1,https://www.ejabberd.im::sh,https://www.ejabberd.im,debian;ubuntu,2,MIXED_OR_GENERAL
C1,https://www.erlang.org::epmd,https://www.erlang.org,debian;fedora;ubuntu,3,MIXED_OR_GENERAL
C1,https://www.exim.org::exim,https://www.exim.org,arch;fedora,2,MIXED_OR_GENERAL
C1,https://www.exim.org::exim4-base,https://www.exim.org,debian;ubuntu,2,MIXED_OR_GENERAL
C1,https://www.eyrie.org/~eagle/software/inn::rc.news,https://www.eyrie.org/~eagle/software/inn,debian;fedora;ubuntu,3,MIXED_OR_GENERAL
C1,https://www.fail2ban.org::fail2ban-server,https://www.fail2ban.org,arch;fedora;ubuntu,3,MIXED_OR_GENERAL
C1,https://www.finnie.org/software/2ping::upstream-unit::2ping.service,https://www.finnie.org/software/2ping,fedora;ubuntu,2,MIXED_OR_GENERAL
C1,https://www.firewalld.org::firewalld,https://www.firewalld.org,fedora;ubuntu,2,MIXED_OR_GENERAL
C1,https://www.freedesktop.org/software/PackageKit::packagekitd,https://www.freedesktop.org/software/PackageKit,arch;debian;fedora;ubuntu,4,MIXED_OR_GENERAL
C1,https://www.freedesktop.org/software/PackageKit::pk-offline-update,https://www.freedesktop.org/software/PackageKit,arch;debian;fedora;ubuntu,4,MIXED_OR_GENERAL
C1,https://www.freedesktop.org/software/colord::colord,https://www.freedesktop.org/software/colord,arch;debian;fedora;ubuntu,4,MIXED_OR_GENERAL
C1,https://www.freedesktop.org/wiki/Software/AccountsService::accounts-daemon,https://www.freedesktop.org/wiki/Software/AccountsService,debian;fedora;ubuntu,3,MIXED_OR_GENERAL
C1,https://www.freedesktop.org/wiki/Software/ModemManager::ModemManager,https://www.freedesktop.org/wiki/Software/ModemManager,arch;debian;ubuntu,3,MIXED_OR_GENERAL
C1,https://www.freedesktop.org/wiki/Software/Plymouth::systemd-tty-ask-password-agent,https://www.freedesktop.org/wiki/Software/Plymouth,arch;debian;fedora;ubuntu,4,MIXED_OR_GENERAL
C1,https://www.freedesktop.org/wiki/Software/dbus::dbus-daemon,https://www.freedesktop.org/wiki/Software/dbus,arch;fedora,2,MIXED_OR_GENERAL
C1,https://www.freedesktop.org/wiki/Software/fprint/fprintd::fprintd,https://www.freedesktop.org/wiki/Software/fprint/fprintd,debian;fedora;ubuntu,3,MIXED_OR_GENERAL
C1,https://www.freedesktop.org/wiki/Software/udisks::udisksd,https://www.freedesktop.org/wiki/Software/udisks,arch;debian;ubuntu,3,MIXED_OR_GENERAL
C1,https://www.freeipa.org::ipa-epn,https://www.freeipa.org,debian;fedora;ubuntu,3,MIXED_OR_GENERAL
C1,https://www.freeradius.org::freeradius,https://www.freeradius.org,debian;ubuntu,2,MIXED_OR_GENERAL
C1,https://www.frrouting.org::frrinit.sh,https://www.frrouting.org,debian;fedora,2,MIXED_OR_GENERAL
C1,https://www.gluster.org::glusterd,https://www.gluster.org,arch;debian;ubuntu,3,MIXED_OR_GENERAL
C1,https://www.gluster.org::glustereventsd,https://www.gluster.org,arch;debian;ubuntu,3,MIXED_OR_GENERAL
C1,https://www.gluster.org::glusterfsd,https://www.gluster.org,arch;debian;ubuntu,3,MIXED_OR_GENERAL
C1,https://www.gluster.org::mount-shared-storage.sh,https://www.gluster.org,arch;debian;ubuntu,3,MIXED_OR_GENERAL
C1,https://www.gnu.org/software/acct::accton,https://www.gnu.org/software/acct,debian;fedora;ubuntu,3,MIXED_OR_GENERAL
C1,https://www.gnu.org/software/freeipmi::bmc-watchdog,https://www.gnu.org/software/freeipmi,arch;debian;fedora;ubuntu,4,MIXED_OR_GENERAL
C1,https://www.gnu.org/software/freeipmi::ipmidetectd,https://www.gnu.org/software/freeipmi,arch;debian;fedora;ubuntu,4,MIXED_OR_GENERAL
C1,https://www.gnu.org/software/freeipmi::ipmiseld,https://www.gnu.org/software/freeipmi,arch;debian;fedora;ubuntu,4,MIXED_OR_GENERAL
C1,https://www.gnu.org/software/inetutils::inetutils-inetd,https://www.gnu.org/software/inetutils,debian;ubuntu,2,MIXED_OR_GENERAL
C1,https://www.gnu.org/software/inetutils::syslogd,https://www.gnu.org/software/inetutils,debian;ubuntu,2,MIXED_OR_GENERAL
C1,https://www.haproxy.org::haproxy,https://www.haproxy.org,arch;debian;fedora;ubuntu,4,MIXED_OR_GENERAL
C1,https://www.imapproxy.org::imapproxyd,https://www.imapproxy.org,debian;ubuntu,2,MIXED_OR_GENERAL
C1,https://www.inet.no/dante::sockd,https://www.inet.no/dante,arch;fedora,2,MIXED_OR_GENERAL
C1,https://www.infradead.org/~dhowells/kafs::kafs-preload,https://www.infradead.org/~dhowells/kafs,debian;fedora;ubuntu,3,MIXED_OR_GENERAL
C1,https://www.isc.org/downloads/bind::sh,https://www.isc.org/downloads/bind,debian;ubuntu,2,MIXED_OR_GENERAL
C1,https://www.keepalived.org::keepalived,https://www.keepalived.org,arch;fedora,2,MIXED_OR_GENERAL
C1,https://www.kernel.org::cpupower,https://www.kernel.org,arch;fedora,2,MIXED_OR_GENERAL
C1,https://www.kernel.org::hv_kvp_daemon,https://www.kernel.org,arch;debian;fedora,3,MIXED_OR_GENERAL
C1,https://www.kernel.org::hv_vss_daemon,https://www.kernel.org,arch;debian;fedora,3,MIXED_OR_GENERAL
C1,https://www.kernel.org::usbipd,https://www.kernel.org,arch;fedora,2,MIXED_OR_GENERAL
C1,https://www.knot-dns.cz::knotd,https://www.knot-dns.cz,arch;debian;fedora;ubuntu,4,MIXED_OR_GENERAL
C1,https://www.knot-resolver.cz::knot-resolver,https://www.knot-resolver.cz,arch;ubuntu,2,MIXED_OR_GENERAL
C1,https://www.knot-resolver.cz::kres-cache-gc,https://www.knot-resolver.cz,debian;fedora,2,MIXED_OR_GENERAL
C1,https://www.lighttpd.net::upstream-unit::doc/systemd/lighttpd.service,https://www.lighttpd.net,arch;debian;fedora,3,MIXED_OR_GENERAL
C1,https://www.linux-pam.org::pam_namespace_helper,https://www.linux-pam.org,debian;fedora;ubuntu,3,MIXED_OR_GENERAL
C1,https://www.linuxptp.org::timemaster,https://www.linuxptp.org,fedora;ubuntu,2,MIXED_OR_GENERAL
C1,https://www.lirc.org::irexec,https://www.lirc.org,arch;fedora,2,MIXED_OR_GENERAL
C1,https://www.lirc.org::lircd,https://www.lirc.org,arch;fedora,2,MIXED_OR_GENERAL
C1,https://www.lirc.org::upstream-unit::systemd/lircd-setup.service,https://www.lirc.org,arch;fedora,2,MIXED_OR_GENERAL
C1,https://www.lirc.org::upstream-unit::systemd/lircd-uinput.service,https://www.lirc.org,arch;fedora,2,MIXED_OR_GENERAL
C1,https://www.lirc.org::upstream-unit::systemd/lircmd.service,https://www.lirc.org,arch;fedora,2,MIXED_OR_GENERAL
C1,https://www.litech.org/radvd::radvd,https://www.litech.org/radvd,arch;debian;ubuntu,3,MIXED_OR_GENERAL
C1,https://www.luanti.org::luantiserver,https://www.luanti.org,debian;ubuntu,2,MIXED_OR_GENERAL
C1,https://www.monitorix.org::monitorix,https://www.monitorix.org,fedora;ubuntu,2,MIXED_OR_GENERAL
C1,https://www.msweet.org/lprint::lprint,https://www.msweet.org/lprint,arch;debian;fedora;ubuntu,4,MIXED_OR_GENERAL
C1,https://www.mumble.info::mumble-server,https://www.mumble.info,arch;debian;fedora;ubuntu,4,MIXED_OR_GENERAL
C1,https://www.musicpd.org/clients/mpdscribble::mpdscribble,https://www.musicpd.org/clients/mpdscribble,arch;debian;fedora;ubuntu,4,MIXED_OR_GENERAL
C1,https://www.musicpd.org::mpd,https://www.musicpd.org,arch;debian;fedora;ubuntu,4,MIXED_OR_GENERAL
C1,https://www.netfilter.org/projects/ulogd::ulogd,https://www.netfilter.org/projects/ulogd,arch;debian;ubuntu,3,MIXED_OR_GENERAL
C1,https://www.nico.schottelius.org/software/gpm::gpm,https://www.nico.schottelius.org/software/gpm,arch;fedora,2,MIXED_OR_GENERAL
C1,https://www.nlnetlabs.nl/nsd::nsd,https://www.nlnetlabs.nl/nsd,arch;fedora,2,MIXED_OR_GENERAL
C1,https://www.nlnetlabs.nl/projects/dnssec-trigger::dnssec-trigger-control-setup,https://www.nlnetlabs.nl/projects/dnssec-trigger,debian;fedora;ubuntu,3,MIXED_OR_GENERAL
C1,https://www.nlnetlabs.nl/projects/dnssec-trigger::dnssec-triggerd,https://www.nlnetlabs.nl/projects/dnssec-trigger,debian;fedora;ubuntu,3,MIXED_OR_GENERAL
C1,https://www.nordugrid.org::arc-arex-start,https://www.nordugrid.org,debian;fedora;ubuntu,3,MIXED_OR_GENERAL
C1,https://www.nordugrid.org::arc-arex-ws-start,https://www.nordugrid.org,debian;fedora;ubuntu,3,MIXED_OR_GENERAL
C1,https://www.nordugrid.org::arc-datadelivery-service-start,https://www.nordugrid.org,debian;fedora;ubuntu,3,MIXED_OR_GENERAL
C1,https://www.nordugrid.org::upstream-unit::src/hed/daemon/scripts/arched.service,https://www.nordugrid.org,debian;fedora;ubuntu,3,MIXED_OR_GENERAL
C1,https://www.ntpsec.org::ntp-systemd-wrapper,https://www.ntpsec.org,debian;ubuntu,2,MIXED_OR_GENERAL
C1,https://www.ntpsec.org::ntploggps,https://www.ntpsec.org,debian;ubuntu,2,MIXED_OR_GENERAL
C1,https://www.ntpsec.org::ntplogtemp,https://www.ntpsec.org,debian;fedora;ubuntu,3,MIXED_OR_GENERAL
C1,https://www.ntpsec.org::ntpwait,https://www.ntpsec.org,debian;fedora;ubuntu,3,MIXED_OR_GENERAL
C1,https://www.ntpsec.org::rotate-stats,https://www.ntpsec.org,debian;ubuntu,2,MIXED_OR_GENERAL
C1,https://www.ntpsec.org::sh,https://www.ntpsec.org,debian;ubuntu,2,MIXED_OR_GENERAL
C1,https://www.ocsinventory-ng.org::ocsinventory-agent,https://www.ocsinventory-ng.org,debian;ubuntu,2,MIXED_OR_GENERAL
C1,https://www.open-iscsi.com::activate-storage.sh,https://www.open-iscsi.com,debian;ubuntu,2,MIXED_OR_GENERAL
C1,https://www.open-iscsi.com::iscsid,https://www.open-iscsi.com,arch;debian;ubuntu,3,MIXED_OR_GENERAL
C1,https://www.open-iscsi.com::iscsiuio,https://www.open-iscsi.com,arch;debian;ubuntu,3,MIXED_OR_GENERAL
C1,https://www.openbgpd.org::bgpd,https://www.openbgpd.org,debian;fedora;ubuntu,3,MIXED_OR_GENERAL
C1,https://www.openbgpd.org::bgplgd,https://www.openbgpd.org,debian;ubuntu,2,MIXED_OR_GENERAL
C1,https://www.opendkim.org::opendkim,https://www.opendkim.org,arch;debian;ubuntu,3,MIXED_OR_GENERAL
C1,https://www.opendnssec.org::ods-enforcerd,https://www.opendnssec.org,fedora;ubuntu,2,MIXED_OR_GENERAL
C1,https://www.opendnssec.org::ods-signerd,https://www.opendnssec.org,fedora;ubuntu,2,MIXED_OR_GENERAL
C1,https://www.openldap.org::sh,https://www.openldap.org,debian;ubuntu,2,MIXED_OR_GENERAL
C1,https://www.openldap.org::slapd,https://www.openldap.org,arch;fedora,2,MIXED_OR_GENERAL
C1,https://www.openntpd.org::ntpd,https://www.openntpd.org,arch;debian;ubuntu,3,MIXED_OR_GENERAL
C1,https://www.opensmtpd.org::smtpd,https://www.opensmtpd.org,arch;debian;fedora;ubuntu,4,MIXED_OR_GENERAL
C1,https://www.openssh.com/portable.html::sshd,https://www.openssh.com/portable.html,arch;fedora,2,MIXED_OR_GENERAL
C1,https://www.partimage.org::partimaged,https://www.partimage.org,arch;debian;ubuntu,3,MIXED_OR_GENERAL
C1,https://www.pgbouncer.org::pgbouncer,https://www.pgbouncer.org,arch;debian;fedora;ubuntu,4,MIXED_OR_GENERAL
C1,https://www.php.net::php-fpm,https://www.php.net,arch;fedora,2,MIXED_OR_GENERAL
C1,https://www.postfix.org::cp,https://www.postfix.org,debian;ubuntu,2,MIXED_OR_GENERAL
C1,https://www.postfix.org::postfix,https://www.postfix.org,arch;debian;fedora;ubuntu,4,MIXED_OR_GENERAL
C1,https://www.powerdns.com::ixfrdist,https://www.powerdns.com,arch;debian;ubuntu,3,MIXED_OR_GENERAL
C1,https://www.powerdns.com::pdns_recursor,https://www.powerdns.com,arch;debian;ubuntu,3,MIXED_OR_GENERAL
C1,https://www.powerdns.com::pdns_server,https://www.powerdns.com,arch;debian;ubuntu,3,MIXED_OR_GENERAL
C1,https://www.pps.univ-paris-diderot.fr/~jch/software/babel::babeld,https://www.pps.univ-paris-diderot.fr/~jch/software/babel,debian;fedora;ubuntu,3,MIXED_OR_GENERAL
C1,https://www.proftpd.org::proftpd,https://www.proftpd.org,debian;fedora;ubuntu,3,MIXED_OR_GENERAL
C1,https://www.qemu.org::upstream-unit::contrib/systemd/qemu-pr-helper.service,https://www.qemu.org,arch;fedora,2,MIXED_OR_GENERAL
C1,https://www.rabbitmq.com::rabbitmq-server,https://www.rabbitmq.com,fedora;ubuntu,2,MIXED_OR_GENERAL
C1,https://www.remlab.net/ndisc6::rdnssd,https://www.remlab.net/ndisc6,debian;ubuntu,2,MIXED_OR_GENERAL
C1,https://www.rsyslog.com::rsyslogd,https://www.rsyslog.com,debian;fedora;ubuntu,3,MIXED_OR_GENERAL
C1,https://www.rutschle.net/tech/sslh/README.html::sslh,https://www.rutschle.net/tech/sslh/README.html,arch;debian;ubuntu,3,MIXED_OR_GENERAL
C1,https://www.samba.org::ctdbd,https://www.samba.org,debian;fedora;ubuntu,3,MIXED_OR_GENERAL
C1,https://www.samba.org::nmbd,https://www.samba.org,arch;debian;fedora;ubuntu,4,MIXED_OR_GENERAL
C1,https://www.samba.org::samba,https://www.samba.org,arch;debian;fedora;ubuntu,4,MIXED_OR_GENERAL
C1,https://www.samba.org::samba-bgqd,https://www.samba.org,arch;fedora,2,MIXED_OR_GENERAL
C1,https://www.samba.org::smbd,https://www.samba.org,arch;debian;fedora;ubuntu,4,MIXED_OR_GENERAL
C1,https://www.samba.org::winbindd,https://www.samba.org,arch;debian;fedora;ubuntu,4,MIXED_OR_GENERAL
C1,https://www.smartmontools.org::smartd,https://www.smartmontools.org,arch;debian;fedora;ubuntu,4,MIXED_OR_GENERAL
C1,https://www.spice-space.org::spice-vdagentd,https://www.spice-space.org,arch;debian;ubuntu,3,MIXED_OR_GENERAL
C1,https://www.sshguard.net::sshguard,https://www.sshguard.net,arch;fedora,2,MIXED_OR_GENERAL
C1,https://www.strongswan.org::charon-systemd,https://www.strongswan.org,arch;debian;fedora;ubuntu,4,MIXED_OR_GENERAL
C1,https://www.strongswan.org::ipsec,https://www.strongswan.org,arch;debian;ubuntu,3,MIXED_OR_GENERAL
C1,https://www.stunnel.org::stunnel,https://www.stunnel.org,arch;fedora,2,MIXED_OR_GENERAL
C1,https://www.svxlink.org::remotetrx,https://www.svxlink.org,debian;fedora;ubuntu,3,MIXED_OR_GENERAL
C1,https://www.svxlink.org::svxlink,https://www.svxlink.org,debian;fedora;ubuntu,3,MIXED_OR_GENERAL
C1,https://www.svxlink.org::svxlink_gpio_up,https://www.svxlink.org,fedora;ubuntu,2,MIXED_OR_GENERAL
C1,https://www.svxlink.org::svxreflector,https://www.svxlink.org,debian;fedora;ubuntu,3,MIXED_OR_GENERAL
C1,https://www.teeworlds.com::sh,https://www.teeworlds.com,debian;ubuntu,2,MIXED_OR_GENERAL
C1,https://www.tinc-vpn.org::true,https://www.tinc-vpn.org,arch;debian;fedora;ubuntu,4,MIXED_OR_GENERAL
C1,https://www.tntnet.org::tntnet,https://www.tntnet.org,debian;fedora;ubuntu,3,MIXED_OR_GENERAL
C1,https://www.torproject.org::tor,https://www.torproject.org,debian;fedora;ubuntu,3,MIXED_OR_GENERAL
C1,https://www.torproject.org::true,https://www.torproject.org,debian;fedora;ubuntu,3,MIXED_OR_GENERAL
C1,https://www.transmissionbt.com::transmission-daemon,https://www.transmissionbt.com,arch;fedora,2,MIXED_OR_GENERAL
C1,https://www.tvdr.de::vdr,https://www.tvdr.de,debian;ubuntu,2,MIXED_OR_GENERAL
C1,https://www.unix-ag.uni-kl.de/~bloch/acng::apt-cacher-ng,https://www.unix-ag.uni-kl.de/~bloch/acng,debian;fedora;ubuntu,3,MIXED_OR_GENERAL
C1,https://www.unrealircd.org::unrealircd,https://www.unrealircd.org,arch;fedora,2,MIXED_OR_GENERAL
C1,https://www.varnish-cache.org::varnishd,https://www.varnish-cache.org,fedora;ubuntu,2,MIXED_OR_GENERAL
C1,https://www.varnish-cache.org::varnishncsa,https://www.varnish-cache.org,fedora;ubuntu,2,MIXED_OR_GENERAL
C1,https://www.wesnoth.org::wesnothd,https://www.wesnoth.org,arch;fedora,2,MIXED_OR_GENERAL
C1,https://www.wesnoth.org::wesnothd-1.18,https://www.wesnoth.org,debian;ubuntu,2,MIXED_OR_GENERAL
C1,https://www.xrdp.org::xrdp,https://www.xrdp.org,debian;fedora;ubuntu,3,MIXED_OR_GENERAL
C1,https://www.xrdp.org::xrdp-sesman,https://www.xrdp.org,debian;fedora;ubuntu,3,MIXED_OR_GENERAL
C1,https://www.yadifa.eu::yadifad,https://www.yadifa.eu,debian;fedora;ubuntu,3,MIXED_OR_GENERAL
C1,https://www.yo2loj.ro/hamprojects::ampr-ripd,https://www.yo2loj.ro/hamprojects,debian;fedora;ubuntu,3,MIXED_OR_GENERAL
C1,https://www.zabbix.com::zabbix_agentd,https://www.zabbix.com,arch;fedora,2,MIXED_OR_GENERAL
C1,https://www.zeroflux.org/projects/knock::knockd,https://www.zeroflux.org/projects/knock,debian;fedora;ubuntu,3,MIXED_OR_GENERAL
C1,https://xfs.wiki.kernel.org::xfs_healer_start,https://xfs.wiki.kernel.org,arch;fedora,2,MIXED_OR_GENERAL
C1,https://xfs.wiki.kernel.org::xfs_scrub_all,https://xfs.wiki.kernel.org,arch;debian;fedora;ubuntu,4,MIXED_OR_GENERAL
C1,https://xfs.wiki.kernel.org::xfs_scrub_fail,https://xfs.wiki.kernel.org,arch;debian;fedora;ubuntu,4,MIXED_OR_GENERAL
C1,https://zeroc.com::glacier2router,https://zeroc.com,arch;debian;ubuntu,3,MIXED_OR_GENERAL
C1,https://zeroc.com::icegridnode,https://zeroc.com,arch;debian;ubuntu,3,MIXED_OR_GENERAL
C1,https://zeroc.com::icegridregistry,https://zeroc.com,arch;debian;ubuntu,3,MIXED_OR_GENERAL
C1X,https://apps.gnome.org/Sysprof::sysprofd,https://apps.gnome.org/Sysprof,arch;debian;ubuntu,3,CROSS_FAMILY
C1X,https://arthurdejong.org/nss-pam-ldapd::nslcd,https://arthurdejong.org/nss-pam-ldapd,arch;debian;fedora;ubuntu,4,CROSS_FAMILY
C1X,https://avahi.org::avahi-daemon,https://avahi.org,debian;fedora;ubuntu,3,CROSS_FAMILY
C1X,https://avahi.org::avahi-dnsconfd,https://avahi.org,debian;fedora;ubuntu,3,CROSS_FAMILY
C1X,https://bpfilter.io::upstream-unit::src/bpfilter/bpfilter.service,https://bpfilter.io,fedora;ubuntu,2,CROSS_FAMILY
C1X,https://c-icap.sourceforge.net::c-icap,https://c-icap.sourceforge.net,debian;fedora;ubuntu,3,CROSS_FAMILY
C1X,https://ceph.com::ceph-crash,https://ceph.com,debian;fedora;ubuntu,3,CROSS_FAMILY
C1X,https://ceph.com::rbdmap,https://ceph.com,debian;fedora;ubuntu,3,CROSS_FAMILY
C1X,https://certbot.eff.org::certbot,https://certbot.eff.org,arch;ubuntu,2,CROSS_FAMILY
C1X,https://christophe.varoqui.free.fr::multipathd,https://christophe.varoqui.free.fr,debian;fedora;ubuntu,3,CROSS_FAMILY
C1X,https://christophe.varoqui.free.fr::true,https://christophe.varoqui.free.fr,fedora;ubuntu,2,CROSS_FAMILY
C1X,https://chrony-project.org::upstream-unit::examples/chrony-wait.service,https://chrony-project.org,arch;debian;fedora;ubuntu,4,CROSS_FAMILY
C1X,https://cisofy.com/lynis::lynis,https://cisofy.com/lynis,arch;ubuntu,2,CROSS_FAMILY
C1X,https://cloud-init.io::cloud-init,https://cloud-init.io,arch;ubuntu,2,CROSS_FAMILY
C1X,https://cloud-init.io::upstream-unit::systemd/cloud-config.service,https://cloud-init.io,arch;ubuntu,2,CROSS_FAMILY
C1X,https://cloud-init.io::upstream-unit::systemd/cloud-final.service,https://cloud-init.io,arch;ubuntu,2,CROSS_FAMILY
C1X,https://cloud-init.io::upstream-unit::systemd/cloud-init-hotplugd.service,https://cloud-init.io,arch;ubuntu,2,CROSS_FAMILY
C1X,https://cockpit-project.org::cockpit-tls,https://cockpit-project.org,arch;debian;fedora;ubuntu,4,CROSS_FAMILY
C1X,https://cockpit-project.org::cockpit-ws,https://cockpit-project.org,arch;debian;fedora;ubuntu,4,CROSS_FAMILY
C1X,https://cockpit-project.org::update-issue,https://cockpit-project.org,arch;debian;fedora;ubuntu,4,CROSS_FAMILY
C1X,https://cockpit-project.org::upstream-unit::src/systemd/cockpit-session-socket-user.service,https://cockpit-project.org,arch;debian;fedora;ubuntu,4,CROSS_FAMILY
C1X,https://cockpit-project.org::upstream-unit::src/systemd/cockpit-wsinstance-socket-user.service,https://cockpit-project.org,arch;debian;fedora;ubuntu,4,CROSS_FAMILY
C1X,https://code.forgejo.org/forgejo/runner::forgejo-runner,https://code.forgejo.org/forgejo/runner,arch;fedora,2,CROSS_FAMILY
C1X,https://code.kryo.se/iodine::iodined,https://code.kryo.se/iodine,arch;debian;fedora;ubuntu,4,CROSS_FAMILY
C1X,https://collectd.org::collectd,https://collectd.org,debian;fedora;ubuntu,3,CROSS_FAMILY
C1X,https://conntrack-tools.netfilter.org::conntrackd,https://conntrack-tools.netfilter.org,debian;fedora;ubuntu,3,CROSS_FAMILY
C1X,https://corosync.github.io/corosync::corosync,https://corosync.github.io/corosync,debian;fedora;ubuntu,3,CROSS_FAMILY
C1X,https://corosync.github.io/corosync::corosync-notifyd,https://corosync.github.io/corosync,debian;fedora;ubuntu,3,CROSS_FAMILY
C1X,https://ddclient.net::ddclient,https://ddclient.net,fedora;ubuntu,2,CROSS_FAMILY
C1X,https://deluge-torrent.org::deluge-web,https://deluge-torrent.org,arch;fedora;ubuntu,3,CROSS_FAMILY
C1X,https://deluge-torrent.org::deluged,https://deluge-torrent.org,arch;fedora;ubuntu,3,CROSS_FAMILY
C1X,https://devel.freebsoft.org/speechd::speech-dispatcher,https://devel.freebsoft.org/speechd,debian;fedora;ubuntu,3,CROSS_FAMILY
C1X,https://digint.ch/btrbk::btrbk,https://digint.ch/btrbk,fedora;ubuntu,2,CROSS_FAMILY
C1X,https://dnsdist.org::dnsdist,https://dnsdist.org,arch;debian;fedora;ubuntu,4,CROSS_FAMILY
C1X,https://dun.github.io/munge::munged,https://dun.github.io/munge,debian;fedora;ubuntu,3,CROSS_FAMILY
C1X,https://etckeeper.branchable.com::upstream-unit::systemd/etckeeper.service,https://etckeeper.branchable.com,fedora;ubuntu,2,CROSS_FAMILY
C1X,https://fastnetmon.com::upstream-unit::src/packaging/fedora/fastnetmon.service,https://fastnetmon.com,debian;fedora;ubuntu,3,CROSS_FAMILY
C1X,https://flatpak.org::flatpak-system-helper,https://flatpak.org,arch;debian;fedora;ubuntu,4,CROSS_FAMILY
C1X,https://forgejo.org::forgejo,https://forgejo.org,arch;fedora,2,CROSS_FAMILY
C1X,https://fusioninventory.org::fusioninventory-agent,https://fusioninventory.org,fedora;ubuntu,2,CROSS_FAMILY
C1X,https://gdnsd.org::gdnsd,https://gdnsd.org,arch;debian;ubuntu,3,CROSS_FAMILY
C1X,https://gerbera.io::gerbera,https://gerbera.io,debian;fedora;ubuntu,3,CROSS_FAMILY
C1X,https://git.kernel.org/pub/scm/network/connman/connman::connman-vpnd,https://git.kernel.org/pub/scm/network/connman/connman,arch;debian;ubuntu,3,CROSS_FAMILY
C1X,https://git.kernel.org/pub/scm/network/connman/connman::connmand,https://git.kernel.org/pub/scm/network/connman/connman,arch;debian;ubuntu,3,CROSS_FAMILY
C1X,https://git.kernel.org/pub/scm/network/connman/connman::connmand-wait-online,https://git.kernel.org/pub/scm/network/connman/connman,arch;debian;ubuntu,3,CROSS_FAMILY
C1X,https://github.com/42wim/matterbridge::matterbridge,https://github.com/42wim/matterbridge,arch;fedora,2,CROSS_FAMILY
C1X,https://github.com/AsahiLinux/asahi-scripts::upstream-unit::macsmc-battery/systemd/macsmc-battery-charge-control-end-threshold.service,https://github.com/AsahiLinux/asahi-scripts,fedora;ubuntu,2,CROSS_FAMILY
C1X,https://github.com/COVESA/dlt-daemon::dlt-daemon,https://github.com/COVESA/dlt-daemon,debian;fedora;ubuntu,3,CROSS_FAMILY
C1X,https://github.com/COVESA/dlt-daemon::dlt-system,https://github.com/COVESA/dlt-daemon,debian;fedora;ubuntu,3,CROSS_FAMILY
C1X,https://github.com/ClusterLabs/booth::boothd,https://github.com/ClusterLabs/booth,debian;fedora;ubuntu,3,CROSS_FAMILY
C1X,https://github.com/ClusterLabs/fence-agents::fence_virtd,https://github.com/ClusterLabs/fence-agents,debian;fedora;ubuntu,3,CROSS_FAMILY
C1X,https://github.com/ClusterLabs/pcs::pcs_snmp_agent,https://github.com/ClusterLabs/pcs,fedora;ubuntu,2,CROSS_FAMILY
C1X,https://github.com/ClusterLabs/resource-agents::ldirectord,https://github.com/ClusterLabs/resource-agents,fedora;ubuntu,2,CROSS_FAMILY
C1X,https://github.com/DNSCrypt/dnscrypt-proxy::dnscrypt-proxy,https://github.com/DNSCrypt/dnscrypt-proxy,arch;debian;ubuntu,3,CROSS_FAMILY
C1X,https://github.com/EGI-Federation/bdii::bdii-slapd-start,https://github.com/EGI-Federation/bdii,fedora;ubuntu,2,CROSS_FAMILY
C1X,https://github.com/EGI-Federation/bdii::sh,https://github.com/EGI-Federation/bdii,fedora;ubuntu,2,CROSS_FAMILY
C1X,https://github.com/ErikReider/SwayOSD::swayosd-libinput-backend,https://github.com/ErikReider/SwayOSD,arch;debian;ubuntu,3,CROSS_FAMILY
C1X,https://github.com/Exa-Networks/exabgp::exabgp,https://github.com/Exa-Networks/exabgp,fedora;ubuntu,2,CROSS_FAMILY
C1X,https://github.com/FoobarOy/foomuuri::upstream-unit::systemd/foomuuri-boot.service,https://github.com/FoobarOy/foomuuri,fedora;ubuntu,2,CROSS_FAMILY
C1X,https://github.com/FoobarOy/foomuuri::upstream-unit::systemd/foomuuri-dbus.service,https://github.com/FoobarOy/foomuuri,fedora;ubuntu,2,CROSS_FAMILY
C1X,https://github.com/FoobarOy/foomuuri::upstream-unit::systemd/foomuuri-iplist.service,https://github.com/FoobarOy/foomuuri,fedora;ubuntu,2,CROSS_FAMILY
C1X,https://github.com/FoobarOy/foomuuri::upstream-unit::systemd/foomuuri-monitor.service,https://github.com/FoobarOy/foomuuri,fedora;ubuntu,2,CROSS_FAMILY
C1X,https://github.com/FoobarOy/foomuuri::upstream-unit::systemd/foomuuri.service,https://github.com/FoobarOy/foomuuri,fedora;ubuntu,2,CROSS_FAMILY
C1X,https://github.com/GoogleCloudPlatform/guest-agent::true,https://github.com/GoogleCloudPlatform/guest-agent,debian;fedora;ubuntu,3,CROSS_FAMILY
C1X,https://github.com/GoogleCloudPlatform/guest-agent::upstream-unit::google-guest-agent.service,https://github.com/GoogleCloudPlatform/guest-agent,fedora;ubuntu,2,CROSS_FAMILY
C1X,https://github.com/GoogleCloudPlatform/osconfig::google_osconfig_agent,https://github.com/GoogleCloudPlatform/osconfig,fedora;ubuntu,2,CROSS_FAMILY
C1X,https://github.com/HewlettPackard/netperf::netserver,https://github.com/HewlettPackard/netperf,arch;debian;ubuntu,3,CROSS_FAMILY
C1X,https://github.com/Irqbalance/irqbalance::irqbalance,https://github.com/Irqbalance/irqbalance,debian;fedora;ubuntu,3,CROSS_FAMILY
C1X,https://github.com/JoseExposito/touchegg::touchegg,https://github.com/JoseExposito/touchegg,arch;fedora,2,CROSS_FAMILY
C1X,https://github.com/NetworkBlockDevice/nbd::nbd-server,https://github.com/NetworkBlockDevice/nbd,arch;fedora,2,CROSS_FAMILY
C1X,https://github.com/OpenMandrivaSoftware/ossp::osspd,https://github.com/OpenMandrivaSoftware/ossp,arch;debian;ubuntu,3,CROSS_FAMILY
C1X,https://github.com/OpenPrinting/ipp-usb::ipp-usb,https://github.com/OpenPrinting/ipp-usb,arch;debian;fedora;ubuntu,4,CROSS_FAMILY
C1X,https://github.com/OpenPrinting/pappl-retrofit::upstream-unit::legacy/legacy-printer-app.service,https://github.com/OpenPrinting/pappl-retrofit,fedora;ubuntu,2,CROSS_FAMILY
C1X,https://github.com/PixlOne/logiops::logid,https://github.com/PixlOne/logiops,debian;fedora;ubuntu,3,CROSS_FAMILY
C1X,https://github.com/SSSD/sssd::sssd,https://github.com/SSSD/sssd,arch;debian;fedora;ubuntu,4,CROSS_FAMILY
C1X,https://github.com/SSSD/sssd::sssd_autofs,https://github.com/SSSD/sssd,arch;debian;fedora;ubuntu,4,CROSS_FAMILY
C1X,https://github.com/SSSD/sssd::sssd_ifp,https://github.com/SSSD/sssd,arch;debian;fedora;ubuntu,4,CROSS_FAMILY
C1X,https://github.com/SSSD/sssd::sssd_kcm,https://github.com/SSSD/sssd,arch;debian;fedora;ubuntu,4,CROSS_FAMILY
C1X,https://github.com/SSSD/sssd::sssd_nss,https://github.com/SSSD/sssd,arch;debian;fedora;ubuntu,4,CROSS_FAMILY
C1X,https://github.com/SSSD/sssd::sssd_pac,https://github.com/SSSD/sssd,arch;debian;fedora;ubuntu,4,CROSS_FAMILY
C1X,https://github.com/SSSD/sssd::sssd_pam,https://github.com/SSSD/sssd,arch;debian;fedora;ubuntu,4,CROSS_FAMILY
C1X,https://github.com/SSSD/sssd::sssd_ssh,https://github.com/SSSD/sssd,arch;debian;fedora;ubuntu,4,CROSS_FAMILY
C1X,https://github.com/SSSD/sssd::sssd_sudo,https://github.com/SSSD/sssd,arch;debian;fedora;ubuntu,4,CROSS_FAMILY
C1X,https://github.com/Snawoot/postfix-mta-sts-resolver::mta-sts-daemon,https://github.com/Snawoot/postfix-mta-sts-resolver,fedora;ubuntu,2,CROSS_FAMILY
C1X,https://github.com/SuperQ/smokeping_prober::prometheus-smokeping-prober,https://github.com/SuperQ/smokeping_prober,arch;debian;ubuntu,3,CROSS_FAMILY
C1X,https://github.com/adnanh/webhook::webhook,https://github.com/adnanh/webhook,arch;debian;ubuntu,3,CROSS_FAMILY
C1X,https://github.com/analogdevicesinc/libiio::iiod,https://github.com/analogdevicesinc/libiio,arch;debian;ubuntu,3,CROSS_FAMILY
C1X,https://github.com/ar-/incron::incrond,https://github.com/ar-/incron,arch;debian;fedora;ubuntu,4,CROSS_FAMILY
C1X,https://github.com/authselect/authselect::upstream-unit::systemd/authselect-apply-changes.service,https://github.com/authselect/authselect,fedora;ubuntu,2,CROSS_FAMILY
C1X,https://github.com/blueman-project/blueman::blueman-mechanism,https://github.com/blueman-project/blueman,arch;debian;fedora;ubuntu,4,CROSS_FAMILY
C1X,https://github.com/bus1/dbus-broker::dbus-broker-launch,https://github.com/bus1/dbus-broker,arch;debian;fedora;ubuntu,4,CROSS_FAMILY
C1X,https://github.com/cdown/zcfan::zcfan,https://github.com/cdown/zcfan,debian;fedora;ubuntu,3,CROSS_FAMILY
C1X,https://github.com/ckb-next/ckb-next::ckb-next-daemon,https://github.com/ckb-next/ckb-next,arch;debian;fedora;ubuntu,4,CROSS_FAMILY
C1X,https://github.com/cminyard/ser2net::ser2net,https://github.com/cminyard/ser2net,debian;fedora;ubuntu,3,CROSS_FAMILY
C1X,https://github.com/containernetworking/plugins::dhcp,https://github.com/containernetworking/plugins,arch;debian;fedora;ubuntu,4,CROSS_FAMILY
C1X,https://github.com/corosync/corosync-qdevice::corosync-qdevice,https://github.com/corosync/corosync-qdevice,debian;fedora;ubuntu,3,CROSS_FAMILY
C1X,https://github.com/corosync/corosync-qdevice::corosync-qnetd,https://github.com/corosync/corosync-qdevice,debian;fedora;ubuntu,3,CROSS_FAMILY
C1X,https://github.com/coturn/coturn::turnserver,https://github.com/coturn/coturn,arch;debian;ubuntu,3,CROSS_FAMILY
C1X,https://github.com/cronie-crond/cronie::crond,https://github.com/cronie-crond/cronie,arch;debian;fedora;ubuntu,4,CROSS_FAMILY
C1X,https://github.com/czerwonk/bird_exporter::prometheus-bird-exporter,https://github.com/czerwonk/bird_exporter,arch;debian;ubuntu,3,CROSS_FAMILY
C1X,https://github.com/dani-garcia/vaultwarden::vaultwarden,https://github.com/dani-garcia/vaultwarden,arch;fedora,2,CROSS_FAMILY
C1X,https://github.com/darrylb123/usbrelay::python3,https://github.com/darrylb123/usbrelay,fedora;ubuntu,2,CROSS_FAMILY
C1X,https://github.com/ddccontrol/ddccontrol::ddccontrol_service,https://github.com/ddccontrol/ddccontrol,debian;fedora;ubuntu,3,CROSS_FAMILY
C1X,https://github.com/distcc/distcc::distccd,https://github.com/distcc/distcc,arch;fedora,2,CROSS_FAMILY
C1X,https://github.com/dlundquist/sniproxy::sniproxy,https://github.com/dlundquist/sniproxy,arch;debian;ubuntu,3,CROSS_FAMILY
C1X,https://github.com/element-hq/synapse::python3,https://github.com/element-hq/synapse,arch;fedora,2,CROSS_FAMILY
C1X,https://github.com/elementary/settings-daemon::busctl,https://github.com/elementary/settings-daemon,arch;fedora,2,CROSS_FAMILY
C1X,https://github.com/evilsocket/opensnitch::opensnitchd,https://github.com/evilsocket/opensnitch,arch;debian;ubuntu,3,CROSS_FAMILY
C1X,https://github.com/facebookincubator/oomd::oomd,https://github.com/facebookincubator/oomd,debian;fedora;ubuntu,3,CROSS_FAMILY
C1X,https://github.com/freeipa/freeipa-healthcheck::upstream-unit::systemd/ipa-healthcheck.service,https://github.com/freeipa/freeipa-healthcheck,fedora;ubuntu,2,CROSS_FAMILY
C1X,https://github.com/fujita/tgt::tgtd,https://github.com/fujita/tgt,arch;debian;ubuntu,3,CROSS_FAMILY
C1X,https://github.com/fwupd/fwupd::fwupd,https://github.com/fwupd/fwupd,arch;debian;fedora;ubuntu,4,CROSS_FAMILY
C1X,https://github.com/fwupd/fwupd::fwupdmgr,https://github.com/fwupd/fwupd,arch;debian;fedora;ubuntu,4,CROSS_FAMILY
C1X,https://github.com/ggml-org/llama.cpp::llama-server,https://github.com/ggml-org/llama.cpp,arch;ubuntu,2,CROSS_FAMILY
C1X,https://github.com/graphite-project/carbon::carbon-cache,https://github.com/graphite-project/carbon,fedora;ubuntu,2,CROSS_FAMILY
C1X,https://github.com/gridcf/gct::globus-gridftp-server,https://github.com/gridcf/gct,debian;fedora;ubuntu,3,CROSS_FAMILY
C1X,https://github.com/grondo/edac-utils::edac-ctl,https://github.com/grondo/edac-utils,fedora;ubuntu,2,CROSS_FAMILY
C1X,https://github.com/gssapi/gssproxy::gssproxy,https://github.com/gssapi/gssproxy,arch;debian;fedora;ubuntu,4,CROSS_FAMILY
C1X,https://github.com/hardinfo2/hardinfo2::upstream-unit::tools/hardinfo2.service,https://github.com/hardinfo2/hardinfo2,debian;fedora;ubuntu,3,CROSS_FAMILY
C1X,https://github.com/hughsie/passim::passimd,https://github.com/hughsie/passim,arch;fedora;ubuntu,3,CROSS_FAMILY
C1X,https://github.com/intel/intel-lpmd::intel_lpmd,https://github.com/intel/intel-lpmd,arch;fedora;ubuntu,3,CROSS_FAMILY
C1X,https://github.com/intel/ledmon::ledmon,https://github.com/intel/ledmon,debian;fedora;ubuntu,3,CROSS_FAMILY
C1X,https://github.com/intel/qatlib::qatmgr,https://github.com/intel/qatlib,debian;fedora;ubuntu,3,CROSS_FAMILY
C1X,https://github.com/intel/thermal_daemon::thermald,https://github.com/intel/thermal_daemon,arch;debian;ubuntu,3,CROSS_FAMILY
C1X,https://github.com/jonnenauha/prometheus_varnish_exporter::prometheus-varnish-exporter,https://github.com/jonnenauha/prometheus_varnish_exporter,arch;debian;ubuntu,3,CROSS_FAMILY
C1X,https://github.com/juanfont/headscale::headscale,https://github.com/juanfont/headscale,arch;fedora,2,CROSS_FAMILY
C1X,https://github.com/kdave/btrfsmaintenance::btrfsmaintenance-refresh-cron.sh,https://github.com/kdave/btrfsmaintenance,arch;fedora;ubuntu,3,CROSS_FAMILY
C1X,https://github.com/kdave/btrfsmaintenance::upstream-unit::btrfs-balance.service,https://github.com/kdave/btrfsmaintenance,arch;fedora;ubuntu,3,CROSS_FAMILY
C1X,https://github.com/kdave/btrfsmaintenance::upstream-unit::btrfs-defrag.service,https://github.com/kdave/btrfsmaintenance,arch;fedora;ubuntu,3,CROSS_FAMILY
C1X,https://github.com/kdave/btrfsmaintenance::upstream-unit::btrfs-scrub.service,https://github.com/kdave/btrfsmaintenance,arch;fedora;ubuntu,3,CROSS_FAMILY
C1X,https://github.com/kdave/btrfsmaintenance::upstream-unit::btrfs-trim.service,https://github.com/kdave/btrfsmaintenance,arch;fedora;ubuntu,3,CROSS_FAMILY
C1X,https://github.com/kmscon/kmscon::kmscon,https://github.com/kmscon/kmscon,arch;fedora,2,CROSS_FAMILY
C1X,https://github.com/ksmtuned/ksmtuned::ksmctl,https://github.com/ksmtuned/ksmtuned,debian;fedora;ubuntu,3,CROSS_FAMILY
C1X,https://github.com/ksmtuned/ksmtuned::ksmtuned,https://github.com/ksmtuned/ksmtuned,debian;fedora;ubuntu,3,CROSS_FAMILY
C1X,https://github.com/latchset/clevis::clevis-luks-askpass,https://github.com/latchset/clevis,arch;debian;fedora;ubuntu,4,CROSS_FAMILY
C1X,https://github.com/latchset/clevis::upstream-unit::src/luks/systemd/clevis-luks-pkcs11-askpass.service,https://github.com/latchset/clevis,arch;fedora,2,CROSS_FAMILY
C1X,https://github.com/libratbag/libratbag::ratbagd,https://github.com/libratbag/libratbag,arch;debian;fedora;ubuntu,4,CROSS_FAMILY
C1X,https://github.com/linux-audit/audit-userspace::auditd,https://github.com/linux-audit/audit-userspace,arch;fedora,2,CROSS_FAMILY
C1X,https://github.com/linux-audit/audit-userspace::augenrules,https://github.com/linux-audit/audit-userspace,arch;fedora,2,CROSS_FAMILY
C1X,https://github.com/linux-msm/qbootctl::qbootctl,https://github.com/linux-msm/qbootctl,debian;fedora;ubuntu,3,CROSS_FAMILY
C1X,https://github.com/linux-msm/tqftpserv::tqftpserv,https://github.com/linux-msm/tqftpserv,debian;fedora;ubuntu,3,CROSS_FAMILY
C1X,https://github.com/linux-nvme/nvme-cli::upstream-unit::nvmf-autoconnect/systemd/nvmefc-boot-connections.service,https://github.com/linux-nvme/nvme-cli,arch;debian;fedora;ubuntu,4,CROSS_FAMILY
C1X,https://github.com/linux-rdma/rdma-core::ibacm,https://github.com/linux-rdma/rdma-core,arch;debian;fedora;ubuntu,4,CROSS_FAMILY
C1X,https://github.com/linux-rdma/rdma-core::iwpmd,https://github.com/linux-rdma/rdma-core,arch;debian;fedora;ubuntu,4,CROSS_FAMILY
C1X,https://github.com/linux-rdma/rdma-core::rdma-ndd,https://github.com/linux-rdma/rdma-core,arch;debian;fedora;ubuntu,4,CROSS_FAMILY
C1X,https://github.com/linux-rdma/rdma-core::start_on_all_ports,https://github.com/linux-rdma/rdma-core,arch;debian;fedora;ubuntu,4,CROSS_FAMILY
C1X,https://github.com/linuxdeepin/dde-api::upstream-unit::misc/systemd/system/deepin-api-device.service,https://github.com/linuxdeepin/dde-api,arch;fedora,2,CROSS_FAMILY
C1X,https://github.com/linuxdeepin/dde-api::upstream-unit::misc/systemd/system/deepin-login-sound.service,https://github.com/linuxdeepin/dde-api,arch;fedora,2,CROSS_FAMILY
C1X,https://github.com/linuxdeepin/dde-api::upstream-unit::misc/systemd/system/deepin-shutdown-sound.service,https://github.com/linuxdeepin/dde-api,arch;fedora,2,CROSS_FAMILY
C1X,https://github.com/linuxdeepin/dde-api::upstream-unit::misc/systemd/system/deepin-sound-theme-player.service,https://github.com/linuxdeepin/dde-api,arch;fedora,2,CROSS_FAMILY
C1X,https://github.com/linuxdeepin/deepin-boot-maker::upstream-unit::src/service/data/deepin-boot-maker.service,https://github.com/linuxdeepin/deepin-boot-maker,arch;debian;ubuntu,3,CROSS_FAMILY
C1X,https://github.com/linuxdeepin/deepin-pw-check::upstream-unit::misc/systemd-service/deepin-passwd-conf.service,https://github.com/linuxdeepin/deepin-pw-check,arch;fedora,2,CROSS_FAMILY
C1X,https://github.com/linuxdeepin/deepin-system-monitor::upstream-unit::deepin-system-monitor-system-server/misc/deepin-system-monitor-system-server.service,https://github.com/linuxdeepin/deepin-system-monitor,arch;fedora,2,CROSS_FAMILY
C1X,https://github.com/logrotate/logrotate::upstream-unit::examples/logrotate.service,https://github.com/logrotate/logrotate,arch;debian;fedora;ubuntu,4,CROSS_FAMILY
C1X,https://github.com/mikebrady/shairport-sync::shairport-sync,https://github.com/mikebrady/shairport-sync,arch;debian;fedora;ubuntu,4,CROSS_FAMILY
C1X,https://github.com/nfs-ganesha/nfs-ganesha::bash,https://github.com/nfs-ganesha/nfs-ganesha,debian;fedora;ubuntu,3,CROSS_FAMILY
C1X,https://github.com/nfs-ganesha/nfs-ganesha::nfs-ganesha-config.sh,https://github.com/nfs-ganesha/nfs-ganesha,debian;fedora;ubuntu,3,CROSS_FAMILY
C1X,https://github.com/nhorman/rng-tools::rngd,https://github.com/nhorman/rng-tools,arch;fedora,2,CROSS_FAMILY
C1X,https://github.com/oliver006/redis_exporter::prometheus-redis-exporter,https://github.com/oliver006/redis_exporter,arch;debian;ubuntu,3,CROSS_FAMILY
C1X,https://github.com/ollama/ollama::ollama,https://github.com/ollama/ollama,arch;fedora,2,CROSS_FAMILY
C1X,https://github.com/open-iscsi/open-isns::isnsd,https://github.com/open-iscsi/open-isns,debian;fedora;ubuntu,3,CROSS_FAMILY
C1X,https://github.com/open-iscsi/rtslib-fb::upstream-unit::systemd/target.service,https://github.com/open-iscsi/rtslib-fb,fedora;ubuntu,2,CROSS_FAMILY
C1X,https://github.com/open-iscsi/targetcli-fb::upstream-unit::systemd/targetclid.service,https://github.com/open-iscsi/targetcli-fb,fedora;ubuntu,2,CROSS_FAMILY
C1X,https://github.com/open-iscsi/tcmu-runner::upstream-unit::tcmu-runner.service,https://github.com/open-iscsi/tcmu-runner,debian;fedora;ubuntu,3,CROSS_FAMILY
C1X,https://github.com/opencryptoki/opencryptoki::pkcsslotd,https://github.com/opencryptoki/opencryptoki,debian;fedora;ubuntu,3,CROSS_FAMILY
C1X,https://github.com/oracle/ktls-utils::upstream-unit::systemd/tlshd.service,https://github.com/oracle/ktls-utils,debian;fedora;ubuntu,3,CROSS_FAMILY
C1X,https://github.com/pcherenkov/udpxy::udpxy,https://github.com/pcherenkov/udpxy,arch;fedora,2,CROSS_FAMILY
C1X,https://github.com/pendulum-project/ntpd-rs::ntp-daemon,https://github.com/pendulum-project/ntpd-rs,debian;fedora;ubuntu,3,CROSS_FAMILY
C1X,https://github.com/pendulum-project/ntpd-rs::upstream-unit::docs/examples/conf/ntpd-rs-metrics.service,https://github.com/pendulum-project/ntpd-rs,debian;fedora;ubuntu,3,CROSS_FAMILY
C1X,https://github.com/phillipberndt/autorandr::upstream-unit::contrib/systemd/autorandr-lid-listener.service,https://github.com/phillipberndt/autorandr,arch;fedora;ubuntu,3,CROSS_FAMILY
C1X,https://github.com/phillipberndt/autorandr::upstream-unit::contrib/systemd/autorandr.service,https://github.com/phillipberndt/autorandr,arch;fedora;ubuntu,3,CROSS_FAMILY
C1X,https://github.com/pmem/ndctl::upstream-unit::cxl/cxl-monitor.service,https://github.com/pmem/ndctl,arch;debian;fedora;ubuntu,4,CROSS_FAMILY
C1X,https://github.com/pmem/ndctl::upstream-unit::ndctl/ndctl-monitor.service,https://github.com/pmem/ndctl,arch;debian;fedora;ubuntu,4,CROSS_FAMILY
C1X,https://github.com/polkit-org/polkit::polkitd,https://github.com/polkit-org/polkit,arch;debian;fedora;ubuntu,4,CROSS_FAMILY
C1X,https://github.com/pop-os/cosmic-greeter::greetd,https://github.com/pop-os/cosmic-greeter,arch;fedora,2,CROSS_FAMILY
C1X,https://github.com/pop-os/cosmic-greeter::upstream-unit::debian/cosmic-greeter-daemon.service,https://github.com/pop-os/cosmic-greeter,arch;fedora,2,CROSS_FAMILY
C1X,https://github.com/pothosware/SoapyRemote::SoapySDRServer,https://github.com/pothosware/SoapyRemote,arch;debian;ubuntu,3,CROSS_FAMILY
C1X,https://github.com/prehor/amavisd-milter::amavisd-milter,https://github.com/prehor/amavisd-milter,fedora;ubuntu,2,CROSS_FAMILY
C1X,https://github.com/prometheus-community/elasticsearch_exporter::prometheus-elasticsearch-exporter,https://github.com/prometheus-community/elasticsearch_exporter,arch;debian;ubuntu,3,CROSS_FAMILY
C1X,https://github.com/prometheus-community/ipmi_exporter::prometheus-ipmi-exporter,https://github.com/prometheus-community/ipmi_exporter,arch;debian;ubuntu,3,CROSS_FAMILY
C1X,https://github.com/prometheus-community/postgres_exporter::prometheus-postgres-exporter,https://github.com/prometheus-community/postgres_exporter,arch;debian;ubuntu,3,CROSS_FAMILY
C1X,https://github.com/prometheus/blackbox_exporter::prometheus-blackbox-exporter,https://github.com/prometheus/blackbox_exporter,arch;debian;ubuntu,3,CROSS_FAMILY
C1X,https://github.com/prometheus/mysqld_exporter::prometheus-mysqld-exporter,https://github.com/prometheus/mysqld_exporter,arch;debian;ubuntu,3,CROSS_FAMILY
C1X,https://github.com/prometheus/node_exporter::prometheus-node-exporter,https://github.com/prometheus/node_exporter,arch;debian;fedora;ubuntu,4,CROSS_FAMILY
C1X,https://github.com/prometheus/snmp_exporter::prometheus-snmp-exporter,https://github.com/prometheus/snmp_exporter,arch;debian;ubuntu,3,CROSS_FAMILY
C1X,https://github.com/pymumu/smartdns::smartdns,https://github.com/pymumu/smartdns,arch;debian;ubuntu,3,CROSS_FAMILY
C1X,https://github.com/rfjakob/earlyoom::earlyoom,https://github.com/rfjakob/earlyoom,arch;debian;fedora;ubuntu,4,CROSS_FAMILY
C1X,https://github.com/rhboot/pesign::pesign,https://github.com/rhboot/pesign,arch;fedora,2,CROSS_FAMILY
C1X,https://github.com/rpm-software-management/dnf-plugins-core::upstream-unit::etc/systemd/dnf-system-upgrade-cleanup.service,https://github.com/rpm-software-management/dnf-plugins-core,fedora;ubuntu,2,CROSS_FAMILY
C1X,https://github.com/rpm-software-management/dnf-plugins-core::upstream-unit::etc/systemd/dnf-system-upgrade.service,https://github.com/rpm-software-management/dnf-plugins-core,fedora;ubuntu,2,CROSS_FAMILY
C1X,https://github.com/rpm-software-management/dnf5::dnf5,https://github.com/rpm-software-management/dnf5,arch;fedora;ubuntu,3,CROSS_FAMILY
C1X,https://github.com/rpm-software-management/dnf5::upstream-unit::dnf5/config/systemd/system/dnf5-offline-transaction-cleanup.service,https://github.com/rpm-software-management/dnf5,arch;fedora;ubuntu,3,CROSS_FAMILY
C1X,https://github.com/rpm-software-management/dnf5::upstream-unit::dnf5/config/systemd/system/dnf5-offline-transaction.service,https://github.com/rpm-software-management/dnf5,arch;fedora;ubuntu,3,CROSS_FAMILY
C1X,https://github.com/rpm-software-management/dnf5::upstream-unit::dnf5daemon-server/dbus/dnf5daemon-server.service,https://github.com/rpm-software-management/dnf5,arch;fedora;ubuntu,3,CROSS_FAMILY
C1X,https://github.com/rpm-software-management/dnf5::upstream-unit::etc/systemd/dnf5-makecache.service,https://github.com/rpm-software-management/dnf5,arch;fedora;ubuntu,3,CROSS_FAMILY
C1X,https://github.com/rpodgorny/uptimed::uptimed,https://github.com/rpodgorny/uptimed,arch;debian;fedora;ubuntu,4,CROSS_FAMILY
C1X,https://github.com/schollz/croc::upstream-unit::croc.service,https://github.com/schollz/croc,arch;fedora,2,CROSS_FAMILY
C1X,https://github.com/sddm/sddm::sddm,https://github.com/sddm/sddm,arch;debian;fedora;ubuntu,4,CROSS_FAMILY
C1X,https://github.com/sezanzeb/input-remapper::upstream-unit::data/input-remapper.service,https://github.com/sezanzeb/input-remapper,fedora;ubuntu,2,CROSS_FAMILY
C1X,https://github.com/sharkcz/collectl::collectl,https://github.com/sharkcz/collectl,fedora;ubuntu,2,CROSS_FAMILY
C1X,https://github.com/shellinabox/shellinabox::shellinaboxd,https://github.com/shellinabox/shellinabox,fedora;ubuntu,2,CROSS_FAMILY
C1X,https://github.com/skeeto/endlessh::endlessh,https://github.com/skeeto/endlessh,debian;fedora;ubuntu,3,CROSS_FAMILY
C1X,https://github.com/slackhq/nebula::nebula,https://github.com/slackhq/nebula,arch;fedora,2,CROSS_FAMILY
C1X,https://github.com/snapcore/snapd::snapd,https://github.com/snapcore/snapd,debian;fedora;ubuntu,3,CROSS_FAMILY
C1X,https://github.com/snapcore/snapd::snapd-apparmor,https://github.com/snapcore/snapd,debian;fedora;ubuntu,3,CROSS_FAMILY
C1X,https://github.com/sysrepo/sysrepo::sysrepo-plugind,https://github.com/sysrepo/sysrepo,fedora;ubuntu,2,CROSS_FAMILY
C1X,https://github.com/systemd/systemd-bootchart::systemd-bootchart,https://github.com/systemd/systemd-bootchart,arch;debian;fedora;ubuntu,4,CROSS_FAMILY
C1X,https://github.com/toreanderson/clatd::clatd,https://github.com/toreanderson/clatd,fedora;ubuntu,2,CROSS_FAMILY
C1X,https://github.com/tpm2-software/tpm2-abrmd::tpm2-abrmd,https://github.com/tpm2-software/tpm2-abrmd,arch;fedora,2,CROSS_FAMILY
C1X,https://github.com/trojan-gfw/trojan::trojan,https://github.com/trojan-gfw/trojan,arch;debian;fedora;ubuntu,4,CROSS_FAMILY
C1X,https://github.com/util-linux/util-linux::fstrim,https://github.com/util-linux/util-linux,arch;debian;ubuntu,3,CROSS_FAMILY
C1X,https://github.com/util-linux/util-linux::lastlog2,https://github.com/util-linux/util-linux,arch;debian,2,CROSS_FAMILY
C1X,https://github.com/util-linux/util-linux::uuidd,https://github.com/util-linux/util-linux,arch;debian;ubuntu,3,CROSS_FAMILY
C1X,https://github.com/v2fly/v2ray-core::v2ray,https://github.com/v2fly/v2ray-core,arch;debian;ubuntu,3,CROSS_FAMILY
C1X,https://github.com/vmatare/thinkfan::thinkfan,https://github.com/vmatare/thinkfan,debian;fedora;ubuntu,3,CROSS_FAMILY
C1X,https://github.com/vmatare/thinkfan::upstream-unit::rcscripts/systemd/thinkfan-sleep.service,https://github.com/vmatare/thinkfan,fedora;ubuntu,2,CROSS_FAMILY
C1X,https://github.com/vmatare/thinkfan::upstream-unit::rcscripts/systemd/thinkfan-wakeup.service,https://github.com/vmatare/thinkfan,debian;fedora;ubuntu,3,CROSS_FAMILY
C1X,https://github.com/vmware/open-vm-tools::VGAuthService,https://github.com/vmware/open-vm-tools,debian;fedora;ubuntu,3,CROSS_FAMILY
C1X,https://github.com/vmware/open-vm-tools::vmtoolsd,https://github.com/vmware/open-vm-tools,arch;debian;fedora;ubuntu,4,CROSS_FAMILY
C1X,https://github.com/wb2osz/direwolf::direwolf,https://github.com/wb2osz/direwolf,debian;fedora;ubuntu,3,CROSS_FAMILY
C1X,https://github.com/ximion/btrfsd::btrfsd,https://github.com/ximion/btrfsd,debian;fedora;ubuntu,3,CROSS_FAMILY
C1X,https://github.com/zhuyaliang/group-service::group-admin-daemon,https://github.com/zhuyaliang/group-service,debian;fedora;ubuntu,3,CROSS_FAMILY
C1X,https://gitlab.archlinux.org/archlinux/netctl::upstream-unit::services/netctl-sleep.service,https://gitlab.archlinux.org/archlinux/netctl,arch;ubuntu,2,CROSS_FAMILY
C1X,https://gitlab.archlinux.org/archlinux/netctl::upstream-unit::services/netctl-wait-online.service,https://gitlab.archlinux.org/archlinux/netctl,arch;ubuntu,2,CROSS_FAMILY
C1X,https://gitlab.archlinux.org/archlinux/netctl::upstream-unit::services/netctl.service,https://gitlab.archlinux.org/archlinux/netctl,arch;ubuntu,2,CROSS_FAMILY
C1X,https://gitlab.com/amavis/amavis::amavisd,https://gitlab.com/amavis/amavis,arch;fedora,2,CROSS_FAMILY
C1X,https://gitlab.com/interception/linux/tools::upstream-unit::udevmon.service,https://gitlab.com/interception/linux/tools,arch;debian;ubuntu,3,CROSS_FAMILY
C1X,https://gitlab.freedesktop.org/bolt/bolt::boltd,https://gitlab.freedesktop.org/bolt/bolt,arch;debian;fedora;ubuntu,4,CROSS_FAMILY
C1X,https://gitlab.freedesktop.org/hadess/iio-sensor-proxy::iio-sensor-proxy,https://gitlab.freedesktop.org/hadess/iio-sensor-proxy,arch;debian;fedora;ubuntu,4,CROSS_FAMILY
C1X,https://gitlab.freedesktop.org/hadess/low-memory-monitor::low-memory-monitor,https://gitlab.freedesktop.org/hadess/low-memory-monitor,debian;fedora;ubuntu,3,CROSS_FAMILY
C1X,https://gitlab.freedesktop.org/hadess/switcheroo-control::switcheroo-control,https://gitlab.freedesktop.org/hadess/switcheroo-control,arch;debian;fedora;ubuntu,4,CROSS_FAMILY
C1X,https://gitlab.freedesktop.org/pipewire/rtkit::rtkit-daemon,https://gitlab.freedesktop.org/pipewire/rtkit,arch;ubuntu,2,CROSS_FAMILY
C1X,https://gitlab.freedesktop.org/pwithnall/malcontent::malcontent-timer-extension-agent,https://gitlab.freedesktop.org/pwithnall/malcontent,arch;fedora;ubuntu,3,CROSS_FAMILY
C1X,https://gitlab.freedesktop.org/pwithnall/malcontent::malcontent-timerd,https://gitlab.freedesktop.org/pwithnall/malcontent,arch;fedora;ubuntu,3,CROSS_FAMILY
C1X,https://gitlab.freedesktop.org/pwithnall/malcontent::malcontent-webd,https://gitlab.freedesktop.org/pwithnall/malcontent,arch;fedora;ubuntu,3,CROSS_FAMILY
C1X,https://gitlab.freedesktop.org/pwithnall/malcontent::malcontent-webd-update,https://gitlab.freedesktop.org/pwithnall/malcontent,arch;fedora;ubuntu,3,CROSS_FAMILY
C1X,https://gitlab.freedesktop.org/upower/power-profiles-daemon::power-profiles-daemon,https://gitlab.freedesktop.org/upower/power-profiles-daemon,arch;debian;fedora;ubuntu,4,CROSS_FAMILY
C1X,https://gitlab.gnome.org/GNOME/gnome-remote-desktop::gnome-remote-desktop-configuration-daemon,https://gitlab.gnome.org/GNOME/gnome-remote-desktop,arch;fedora,2,CROSS_FAMILY
C1X,https://gitlab.gnome.org/GNOME/gnome-remote-desktop::gnome-remote-desktop-daemon,https://gitlab.gnome.org/GNOME/gnome-remote-desktop,arch;fedora,2,CROSS_FAMILY
C1X,https://gkrellm.srcbox.net::gkrellmd,https://gkrellm.srcbox.net,fedora;ubuntu,2,CROSS_FAMILY
C1X,https://grid.ncsa.illinois.edu/myproxy::upstream-unit::systemd/myproxy-server.service,https://grid.ncsa.illinois.edu/myproxy,debian;fedora;ubuntu,3,CROSS_FAMILY
C1X,https://hcpnet.free.fr/milter-greylist::milter-greylist,https://hcpnet.free.fr/milter-greylist,debian;fedora;ubuntu,3,CROSS_FAMILY
C1X,https://hitch-tls.org::hitch,https://hitch-tls.org,debian;fedora;ubuntu,3,CROSS_FAMILY
C1X,https://htcondor.org::upstream-unit::src/condor_examples/condor-annex-ec2.service,https://htcondor.org,debian;fedora;ubuntu,3,CROSS_FAMILY
C1X,https://htcondor.org::upstream-unit::src/condor_examples/condor.service,https://htcondor.org,debian;fedora;ubuntu,3,CROSS_FAMILY
C1X,https://httpd.apache.org::htcacheclean,https://httpd.apache.org,debian;fedora;ubuntu,3,CROSS_FAMILY
C1X,https://humdi.net/vnstat::vnstatd,https://humdi.net/vnstat,arch;debian;fedora;ubuntu,4,CROSS_FAMILY
C1X,https://i2pd.website::i2pd,https://i2pd.website,arch;debian;ubuntu,3,CROSS_FAMILY
C1X,https://iwd.wiki.kernel.org::ead,https://iwd.wiki.kernel.org,fedora;ubuntu,2,CROSS_FAMILY
C1X,https://iwd.wiki.kernel.org::iwd,https://iwd.wiki.kernel.org,debian;fedora;ubuntu,3,CROSS_FAMILY
C1X,https://jabberd2.org::true,https://jabberd2.org,debian;fedora;ubuntu,3,CROSS_FAMILY
C1X,https://janus.conf.meetecho.com::janus,https://janus.conf.meetecho.com,fedora;ubuntu,2,CROSS_FAMILY
C1X,https://kea.isc.org::kea-ctrl-agent,https://kea.isc.org,arch;debian;fedora;ubuntu,4,CROSS_FAMILY
C1X,https://kea.isc.org::kea-dhcp-ddns,https://kea.isc.org,arch;debian;fedora;ubuntu,4,CROSS_FAMILY
C1X,https://kea.isc.org::kea-dhcp4,https://kea.isc.org,arch;debian;fedora;ubuntu,4,CROSS_FAMILY
C1X,https://kea.isc.org::kea-dhcp6,https://kea.isc.org,arch;debian;fedora;ubuntu,4,CROSS_FAMILY
C1X,https://launchpad.net/spf-engine::pyspf-milter,https://launchpad.net/spf-engine,fedora;ubuntu,2,CROSS_FAMILY
C1X,https://launchpad.net/ufw::ufw-init,https://launchpad.net/ufw,arch;fedora;ubuntu,3,CROSS_FAMILY
C1X,https://lemonldap-ng.org::llng-fastcgi-server,https://lemonldap-ng.org,fedora;ubuntu,2,CROSS_FAMILY
C1X,https://lemonldap-ng.org::purgeCentralCache,https://lemonldap-ng.org,fedora;ubuntu,2,CROSS_FAMILY
C1X,https://lemonldap-ng.org::purgeLocalCache,https://lemonldap-ng.org,fedora;ubuntu,2,CROSS_FAMILY
C1X,https://libreswan.org::pluto,https://libreswan.org,debian;fedora;ubuntu,3,CROSS_FAMILY
C1X,https://libvirt.org::libvirtd,https://libvirt.org,arch;fedora,2,CROSS_FAMILY
C1X,https://libvirt.org::virtchd,https://libvirt.org,arch;fedora,2,CROSS_FAMILY
C1X,https://libvirt.org::virtinterfaced,https://libvirt.org,arch;fedora,2,CROSS_FAMILY
C1X,https://libvirt.org::virtlockd,https://libvirt.org,arch;fedora,2,CROSS_FAMILY
C1X,https://libvirt.org::virtlogd,https://libvirt.org,arch;fedora,2,CROSS_FAMILY
C1X,https://libvirt.org::virtlxcd,https://libvirt.org,arch;fedora,2,CROSS_FAMILY
C1X,https://libvirt.org::virtnetworkd,https://libvirt.org,arch;fedora,2,CROSS_FAMILY
C1X,https://libvirt.org::virtnodedevd,https://libvirt.org,arch;fedora,2,CROSS_FAMILY
C1X,https://libvirt.org::virtnwfilterd,https://libvirt.org,arch;fedora,2,CROSS_FAMILY
C1X,https://libvirt.org::virtproxyd,https://libvirt.org,arch;fedora,2,CROSS_FAMILY
C1X,https://libvirt.org::virtqemud,https://libvirt.org,arch;fedora,2,CROSS_FAMILY
C1X,https://libvirt.org::virtsecretd,https://libvirt.org,arch;fedora,2,CROSS_FAMILY
C1X,https://libvirt.org::virtstoraged,https://libvirt.org,arch;fedora,2,CROSS_FAMILY
C1X,https://libvirt.org::virtvboxd,https://libvirt.org,arch;fedora,2,CROSS_FAMILY
C1X,https://linrunner.de/tlp::tlp,https://linrunner.de/tlp,fedora;ubuntu,2,CROSS_FAMILY
C1X,https://linux-nfs.org::rpc.gssd,https://linux-nfs.org,debian;fedora;ubuntu,3,CROSS_FAMILY
C1X,https://linux-nfs.org::upstream-unit::systemd/fsidd.service,https://linux-nfs.org,debian;fedora;ubuntu,3,CROSS_FAMILY
C1X,https://linux-nfs.org::upstream-unit::systemd/nfs-idmapd.service,https://linux-nfs.org,debian;fedora;ubuntu,3,CROSS_FAMILY
C1X,https://linux-nfs.org::upstream-unit::systemd/nfs-mountd.service,https://linux-nfs.org,debian;fedora;ubuntu,3,CROSS_FAMILY
C1X,https://linux-nfs.org::upstream-unit::systemd/nfs-utils.service,https://linux-nfs.org,debian;fedora;ubuntu,3,CROSS_FAMILY
C1X,https://linux-nfs.org::upstream-unit::systemd/nfsdcld.service,https://linux-nfs.org,debian;fedora;ubuntu,3,CROSS_FAMILY
C1X,https://linux-nfs.org::upstream-unit::systemd/rpc-statd-notify.service,https://linux-nfs.org,debian;fedora;ubuntu,3,CROSS_FAMILY
C1X,https://linux-nfs.org::upstream-unit::systemd/rpc-statd.service,https://linux-nfs.org,debian;fedora;ubuntu,3,CROSS_FAMILY
C1X,https://linuxcontainers.org/incus::incus-user,https://linuxcontainers.org/incus,arch;debian;fedora;ubuntu,4,CROSS_FAMILY
C1X,https://linuxcontainers.org::lxc-containers,https://linuxcontainers.org,arch;debian;ubuntu,3,CROSS_FAMILY
C1X,https://linuxcontainers.org::lxc-monitord,https://linuxcontainers.org,arch;debian;ubuntu,3,CROSS_FAMILY
C1X,https://linuxcontainers.org::lxc-net,https://linuxcontainers.org,arch;debian;ubuntu,3,CROSS_FAMILY
C1X,https://linuxcontainers.org::lxcfs,https://linuxcontainers.org,arch;debian;ubuntu,3,CROSS_FAMILY
C1X,https://location.ipfire.org::location,https://location.ipfire.org,fedora;ubuntu,2,CROSS_FAMILY
C1X,https://lttng.org::lttng-sessiond,https://lttng.org,debian;fedora;ubuntu,3,CROSS_FAMILY
C1X,https://matt.ucc.asn.au/dropbear/dropbear.html::dropbear,https://matt.ucc.asn.au/dropbear/dropbear.html,fedora;ubuntu,2,CROSS_FAMILY
C1X,https://metalog.sourceforge.net::metalog,https://metalog.sourceforge.net,arch;ubuntu,2,CROSS_FAMILY
C1X,https://mgetty.greenie.net::faxrunqd,https://mgetty.greenie.net,debian;fedora;ubuntu,3,CROSS_FAMILY
C1X,https://miniflux.app::miniflux,https://miniflux.app,arch;debian;ubuntu,3,CROSS_FAMILY
C1X,https://miniupnp.tuxfamily.org::miniupnpd,https://miniupnp.tuxfamily.org,arch;fedora;ubuntu,3,CROSS_FAMILY
C1X,https://mmonit.com/monit::monit,https://mmonit.com/monit,arch;debian;fedora;ubuntu,4,CROSS_FAMILY
C1X,https://mopidy.com::mopidy,https://mopidy.com,fedora;ubuntu,2,CROSS_FAMILY
C1X,https://mosquitto.org::mosquitto,https://mosquitto.org,arch;debian;fedora;ubuntu,4,CROSS_FAMILY
C1X,https://motion-project.github.io::motion,https://motion-project.github.io,arch;debian;ubuntu,3,CROSS_FAMILY
C1X,https://munin-monitoring.org::munin-asyncd,https://munin-monitoring.org,arch;fedora;ubuntu,3,CROSS_FAMILY
C1X,https://munin-monitoring.org::munin-cgi-graph,https://munin-monitoring.org,arch;fedora,2,CROSS_FAMILY
C1X,https://munin-monitoring.org::munin-cgi-html,https://munin-monitoring.org,arch;fedora,2,CROSS_FAMILY
C1X,https://munin-monitoring.org::munin-node,https://munin-monitoring.org,arch;fedora;ubuntu,3,CROSS_FAMILY
C1X,https://net-snmp.sourceforge.net::snmpd,https://net-snmp.sourceforge.net,debian;fedora;ubuntu,3,CROSS_FAMILY
C1X,https://net-snmp.sourceforge.net::snmptrapd,https://net-snmp.sourceforge.net,debian;fedora;ubuntu,3,CROSS_FAMILY
C1X,https://netfilter.org/projects/nftables::nft,https://netfilter.org/projects/nftables,arch;fedora,2,CROSS_FAMILY
C1X,https://netplan.io::configure,https://netplan.io,fedora;ubuntu,2,CROSS_FAMILY
C1X,https://networkmanager.dev::nm-cloud-setup,https://networkmanager.dev,arch;fedora,2,CROSS_FAMILY
C1X,https://networkmanager.dev::nm-dispatcher,https://networkmanager.dev,arch;debian;fedora;ubuntu,4,CROSS_FAMILY
C1X,https://networkmanager.dev::nm-priv-helper,https://networkmanager.dev,arch;debian;fedora;ubuntu,4,CROSS_FAMILY
C1X,https://networkupstools.org::systemctl,https://networkupstools.org,arch;ubuntu,2,CROSS_FAMILY
C1X,https://networkupstools.org::udevadm,https://networkupstools.org,arch;ubuntu,2,CROSS_FAMILY
C1X,https://networkupstools.org::upsd,https://networkupstools.org,arch;debian;ubuntu,3,CROSS_FAMILY
C1X,https://networkupstools.org::upslog,https://networkupstools.org,arch;ubuntu,2,CROSS_FAMILY
C1X,https://networkupstools.org::upsmon,https://networkupstools.org,arch;debian;ubuntu,3,CROSS_FAMILY
C1X,https://nghttp2.org::nghttpx,https://nghttp2.org,debian;fedora;ubuntu,3,CROSS_FAMILY
C1X,https://ngircd.barton.de::ngircd,https://ngircd.barton.de,debian;fedora;ubuntu,3,CROSS_FAMILY
C1X,https://nixos.org/nix::nix-daemon,https://nixos.org/nix,arch;ubuntu,2,CROSS_FAMILY
C1X,https://omniorb.sourceforge.net::omniNames,https://omniorb.sourceforge.net,debian;fedora;ubuntu,3,CROSS_FAMILY
C1X,https://openbao.org::bao,https://openbao.org,arch;fedora,2,CROSS_FAMILY
C1X,https://opendev.org/openstack/virtualbmc::vbmcd,https://opendev.org/openstack/virtualbmc,fedora;ubuntu,2,CROSS_FAMILY
C1X,https://openprinting.github.io/cups::cupsd,https://openprinting.github.io/cups,arch;fedora,2,CROSS_FAMILY
C1X,https://oss.oetiker.ch/rrdtool::rrdcached,https://oss.oetiker.ch/rrdtool,fedora;ubuntu,2,CROSS_FAMILY
C1X,https://oss.oetiker.ch/smokeping::smokeping,https://oss.oetiker.ch/smokeping,arch;fedora,2,CROSS_FAMILY
C1X,https://ostreedev.github.io/ostree::upstream-unit::src/boot/ostree-boot-complete.service,https://ostreedev.github.io/ostree,arch;fedora,2,CROSS_FAMILY
C1X,https://ostreedev.github.io/ostree::upstream-unit::src/boot/ostree-finalize-staged-hold.service,https://ostreedev.github.io/ostree,arch;fedora,2,CROSS_FAMILY
C1X,https://ostreedev.github.io/ostree::upstream-unit::src/boot/ostree-finalize-staged.service,https://ostreedev.github.io/ostree,arch;fedora,2,CROSS_FAMILY
C1X,https://ostreedev.github.io/ostree::upstream-unit::src/boot/ostree-prepare-root.service,https://ostreedev.github.io/ostree,arch;fedora,2,CROSS_FAMILY
C1X,https://ostreedev.github.io/ostree::upstream-unit::src/boot/ostree-remount.service,https://ostreedev.github.io/ostree,arch;fedora,2,CROSS_FAMILY
C1X,https://pagure.io/certmonger::certmonger,https://pagure.io/certmonger,debian;fedora;ubuntu,3,CROSS_FAMILY
C1X,https://pagure.io/dlm::dlm_controld,https://pagure.io/dlm,debian;fedora;ubuntu,3,CROSS_FAMILY
C1X,https://pagure.io/numad::numad,https://pagure.io/numad,debian;fedora;ubuntu,3,CROSS_FAMILY
C1X,https://pagure.io/oddjob::oddjobd,https://pagure.io/oddjob,debian;fedora;ubuntu,3,CROSS_FAMILY
C1X,https://pcp.io::pcp-geolocate,https://pcp.io,arch;debian;fedora;ubuntu,4,CROSS_FAMILY
C1X,https://pcp.io::pmcd,https://pcp.io,arch;debian;fedora;ubuntu,4,CROSS_FAMILY
C1X,https://pcp.io::pmfind_check,https://pcp.io,arch;debian;fedora;ubuntu,4,CROSS_FAMILY
C1X,https://pcp.io::pmie,https://pcp.io,arch;fedora;ubuntu,3,CROSS_FAMILY
C1X,https://pcp.io::pmie_check,https://pcp.io,arch;debian;fedora;ubuntu,4,CROSS_FAMILY
C1X,https://pcp.io::pmie_daily,https://pcp.io,arch;debian;fedora;ubuntu,4,CROSS_FAMILY
C1X,https://pcp.io::pmie_farm,https://pcp.io,arch;debian;fedora;ubuntu,4,CROSS_FAMILY
C1X,https://pcp.io::pmiectl,https://pcp.io,arch;debian;fedora;ubuntu,4,CROSS_FAMILY
C1X,https://pcp.io::pmlogctl,https://pcp.io,arch;debian;fedora;ubuntu,4,CROSS_FAMILY
C1X,https://pcp.io::pmlogger,https://pcp.io,arch;fedora;ubuntu,3,CROSS_FAMILY
C1X,https://pcp.io::pmlogger_check,https://pcp.io,arch;debian;fedora;ubuntu,4,CROSS_FAMILY
C1X,https://pcp.io::pmlogger_farm,https://pcp.io,arch;debian;fedora;ubuntu,4,CROSS_FAMILY
C1X,https://pcp.io::pmproxy,https://pcp.io,arch;fedora;ubuntu,3,CROSS_FAMILY
C1X,https://pcp.io::pmseries_import,https://pcp.io,arch;fedora;ubuntu,3,CROSS_FAMILY
C1X,https://pcp.io::reboot-init,https://pcp.io,arch;fedora,2,CROSS_FAMILY
C1X,https://pcp.io::sh,https://pcp.io,arch;fedora,2,CROSS_FAMILY
C1X,https://pcp.io::upstream-unit::src/pcp/atop/atop-daily.service,https://pcp.io,arch;fedora,2,CROSS_FAMILY
C1X,https://pcsclite.apdu.fr::pcscd,https://pcsclite.apdu.fr,arch;debian;fedora;ubuntu,4,CROSS_FAMILY
C1X,https://perfetto.dev::traced,https://perfetto.dev,fedora;ubuntu,2,CROSS_FAMILY
C1X,https://perfetto.dev::traced_probes,https://perfetto.dev,fedora;ubuntu,2,CROSS_FAMILY
C1X,https://plocate.sesse.net::updatedb,https://plocate.sesse.net,arch;fedora,2,CROSS_FAMILY
C1X,https://poptop.sourceforge.net::pptpd,https://poptop.sourceforge.net,arch;fedora,2,CROSS_FAMILY
C1X,https://portsentry.xyz::portsentry,https://portsentry.xyz,fedora;ubuntu,2,CROSS_FAMILY
C1X,https://postfwd.org::postfwd,https://postfwd.org,arch;fedora,2,CROSS_FAMILY
C1X,https://postgrey.schweikert.ch::postgrey,https://postgrey.schweikert.ch,arch;fedora;ubuntu,3,CROSS_FAMILY
C1X,https://prometheus.io::prometheus,https://prometheus.io,arch;debian;ubuntu,3,CROSS_FAMILY
C1X,https://prosody.im::prosody,https://prosody.im,arch;fedora,2,CROSS_FAMILY
C1X,https://quassel-irc.org::quasselcore,https://quassel-irc.org,arch;fedora,2,CROSS_FAMILY
C1X,https://radicale.org::radicale,https://radicale.org,arch;fedora;ubuntu,3,CROSS_FAMILY
C1X,https://radscan.com/nas.html::nasd,https://radscan.com/nas.html,fedora;ubuntu,2,CROSS_FAMILY
C1X,https://radsecproxy.github.io::radsecproxy,https://radsecproxy.github.io,debian;fedora;ubuntu,3,CROSS_FAMILY
C1X,https://redict.io::redict-sentinel,https://redict.io,fedora;ubuntu,2,CROSS_FAMILY
C1X,https://redict.io::redict-server,https://redict.io,fedora;ubuntu,2,CROSS_FAMILY
C1X,https://roy.marples.name/projects/dhcpcd::dhcpcd,https://roy.marples.name/projects/dhcpcd,arch;fedora,2,CROSS_FAMILY
C1X,https://rsync.samba.org::upstream-unit::packaging/systemd/rsync.service,https://rsync.samba.org,arch;debian;ubuntu,3,CROSS_FAMILY
C1X,https://salsa.debian.org/consolation-team/consolation::consolation,https://salsa.debian.org/consolation-team/consolation,debian;fedora;ubuntu,3,CROSS_FAMILY
C1X,https://savannah.nongnu.org/projects/hddtemp::hddtemp,https://savannah.nongnu.org/projects/hddtemp,arch;fedora,2,CROSS_FAMILY
C1X,https://security.appspot.com/vsftpd.html::vsftpd,https://security.appspot.com/vsftpd.html,arch;fedora,2,CROSS_FAMILY
C1X,https://slurm.schedmd.com::slurmctld,https://slurm.schedmd.com,debian;fedora;ubuntu,3,CROSS_FAMILY
C1X,https://slurm.schedmd.com::slurmd,https://slurm.schedmd.com,debian;fedora;ubuntu,3,CROSS_FAMILY
C1X,https://slurm.schedmd.com::slurmdbd,https://slurm.schedmd.com,debian;fedora;ubuntu,3,CROSS_FAMILY
C1X,https://slurm.schedmd.com::slurmrestd,https://slurm.schedmd.com,debian;fedora;ubuntu,3,CROSS_FAMILY
C1X,https://snapper.io::upstream-unit::data/backup.service,https://snapper.io,arch;fedora,2,CROSS_FAMILY
C1X,https://snapper.io::upstream-unit::data/boot.service,https://snapper.io,arch;fedora,2,CROSS_FAMILY
C1X,https://snapper.io::upstream-unit::data/cleanup.service,https://snapper.io,arch;debian;ubuntu,3,CROSS_FAMILY
C1X,https://snapper.io::upstream-unit::data/snapperd.service,https://snapper.io,arch;fedora,2,CROSS_FAMILY
C1X,https://snapper.io::upstream-unit::data/timeline.service,https://snapper.io,arch;debian;ubuntu,3,CROSS_FAMILY
C1X,https://soju.im::soju,https://soju.im,arch;debian;ubuntu,3,CROSS_FAMILY
C1X,https://sourceforge.net/projects/acpid2::acpid,https://sourceforge.net/projects/acpid2,arch;debian;fedora;ubuntu,4,CROSS_FAMILY
C1X,https://sourceforge.net/projects/dict::dictd,https://sourceforge.net/projects/dict,arch;ubuntu,2,CROSS_FAMILY
C1X,https://sourceforge.net/projects/minidlna::minidlnad,https://sourceforge.net/projects/minidlna,arch;debian;fedora;ubuntu,4,CROSS_FAMILY
C1X,https://sourceforge.net/projects/rpcbind::rpcbind,https://sourceforge.net/projects/rpcbind,debian;fedora;ubuntu,3,CROSS_FAMILY
C1X,https://sourceforge.net/projects/slim-fork::slim,https://sourceforge.net/projects/slim-fork,debian;fedora;ubuntu,3,CROSS_FAMILY
C1X,https://sourceware.org/lvm2::dmeventd,https://sourceware.org/lvm2,debian;fedora;ubuntu,3,CROSS_FAMILY
C1X,https://sourceware.org/lvm2::lvmdbusd,https://sourceware.org/lvm2,fedora;ubuntu,2,CROSS_FAMILY
C1X,https://sourceware.org/lvm2::lvmlockd,https://sourceware.org/lvm2,debian;fedora;ubuntu,3,CROSS_FAMILY
C1X,https://sourceware.org/lvm2::lvmpolld,https://sourceware.org/lvm2,arch;debian;fedora;ubuntu,4,CROSS_FAMILY
C1X,https://sourceware.org/lvm2::true,https://sourceware.org/lvm2,arch;debian;fedora;ubuntu,4,CROSS_FAMILY
C1X,https://sourceware.org/lvm2::upstream-unit::scripts/lvm-devices-import.service,https://sourceware.org/lvm2,arch;fedora,2,CROSS_FAMILY
C1X,https://sourceware.org/systemtap::upstream-unit::stap-exporter/stap-exporter.service,https://sourceware.org/systemtap,arch;fedora,2,CROSS_FAMILY
C1X,https://spacenav.sourceforge.net::spacenavd,https://spacenav.sourceforge.net,debian;fedora;ubuntu,3,CROSS_FAMILY
C1X,https://spamassassin.apache.org::spamd,https://spamassassin.apache.org,arch;fedora,2,CROSS_FAMILY
C1X,https://sqlgrey.sourceforge.net::sqlgrey,https://sqlgrey.sourceforge.net,fedora;ubuntu,2,CROSS_FAMILY
C1X,https://sr.ht/~kennylevinsen/seatd::upstream-unit::contrib/systemd/seatd.service,https://sr.ht/~kennylevinsen/seatd,arch;fedora,2,CROSS_FAMILY
C1X,https://subversion.apache.org::svnserve,https://subversion.apache.org,arch;fedora,2,CROSS_FAMILY
C1X,https://supervisord.org::supervisord,https://supervisord.org,arch;fedora;ubuntu,3,CROSS_FAMILY
C1X,https://suricata.io::suricata,https://suricata.io,debian;fedora;ubuntu,3,CROSS_FAMILY
C1X,https://sysstat.github.io::sa2,https://sysstat.github.io,arch;debian;fedora;ubuntu,4,CROSS_FAMILY
C1X,https://systemd.io::agetty,https://systemd.io,debian;fedora;ubuntu,3,CROSS_FAMILY
C1X,https://systemd.io::kmod,https://systemd.io,debian;fedora;ubuntu,3,CROSS_FAMILY
C1X,https://systemd.io::quotaon,https://systemd.io,debian;fedora;ubuntu,3,CROSS_FAMILY
C1X,https://systemd.io::rc.local,https://systemd.io,debian;fedora;ubuntu,3,CROSS_FAMILY
C1X,https://systemd.io::systemd-battery-check,https://systemd.io,debian;fedora;ubuntu,3,CROSS_FAMILY
C1X,https://systemd.io::systemd-binfmt,https://systemd.io,debian;fedora;ubuntu,3,CROSS_FAMILY
C1X,https://systemd.io::systemd-bless-boot,https://systemd.io,debian;fedora;ubuntu,3,CROSS_FAMILY
C1X,https://systemd.io::systemd-boot-check-no-failures,https://systemd.io,debian;fedora;ubuntu,3,CROSS_FAMILY
C1X,https://systemd.io::systemd-bsod,https://systemd.io,debian;fedora;ubuntu,3,CROSS_FAMILY
C1X,https://systemd.io::systemd-fsck,https://systemd.io,debian;fedora;ubuntu,3,CROSS_FAMILY
C1X,https://systemd.io::systemd-growfs,https://systemd.io,debian;fedora;ubuntu,3,CROSS_FAMILY
C1X,https://systemd.io::systemd-homed,https://systemd.io,debian;fedora;ubuntu,3,CROSS_FAMILY
C1X,https://systemd.io::systemd-hostnamed,https://systemd.io,debian;fedora;ubuntu,3,CROSS_FAMILY
C1X,https://systemd.io::systemd-hwdb,https://systemd.io,debian;fedora;ubuntu,3,CROSS_FAMILY
C1X,https://systemd.io::systemd-importd,https://systemd.io,debian;fedora;ubuntu,3,CROSS_FAMILY
C1X,https://systemd.io::systemd-journal-gatewayd,https://systemd.io,debian;fedora;ubuntu,3,CROSS_FAMILY
C1X,https://systemd.io::systemd-journal-remote,https://systemd.io,debian;fedora;ubuntu,3,CROSS_FAMILY
C1X,https://systemd.io::systemd-journal-upload,https://systemd.io,debian;fedora;ubuntu,3,CROSS_FAMILY
C1X,https://systemd.io::systemd-journald,https://systemd.io,debian;fedora;ubuntu,3,CROSS_FAMILY
C1X,https://systemd.io::systemd-localed,https://systemd.io,debian;fedora;ubuntu,3,CROSS_FAMILY
C1X,https://systemd.io::systemd-logind,https://systemd.io,debian;fedora;ubuntu,3,CROSS_FAMILY
C1X,https://systemd.io::systemd-machined,https://systemd.io,debian;fedora;ubuntu,3,CROSS_FAMILY
C1X,https://systemd.io::systemd-modules-load,https://systemd.io,debian;fedora;ubuntu,3,CROSS_FAMILY
C1X,https://systemd.io::systemd-mountfsd,https://systemd.io,debian;fedora;ubuntu,3,CROSS_FAMILY
C1X,https://systemd.io::systemd-networkd,https://systemd.io,debian;fedora;ubuntu,3,CROSS_FAMILY
C1X,https://systemd.io::systemd-networkd-wait-online,https://systemd.io,debian;fedora;ubuntu,3,CROSS_FAMILY
C1X,https://systemd.io::systemd-nsresourced,https://systemd.io,debian;fedora;ubuntu,3,CROSS_FAMILY
C1X,https://systemd.io::systemd-oomd,https://systemd.io,debian;fedora;ubuntu,3,CROSS_FAMILY
C1X,https://systemd.io::systemd-portabled,https://systemd.io,debian;fedora;ubuntu,3,CROSS_FAMILY
C1X,https://systemd.io::systemd-pstore,https://systemd.io,debian;fedora;ubuntu,3,CROSS_FAMILY
C1X,https://systemd.io::systemd-quotacheck,https://systemd.io,debian;fedora;ubuntu,3,CROSS_FAMILY
C1X,https://systemd.io::systemd-random-seed,https://systemd.io,debian;fedora;ubuntu,3,CROSS_FAMILY
C1X,https://systemd.io::systemd-remount-fs,https://systemd.io,debian;fedora;ubuntu,3,CROSS_FAMILY
C1X,https://systemd.io::systemd-resolved,https://systemd.io,debian;fedora;ubuntu,3,CROSS_FAMILY
C1X,https://systemd.io::systemd-rfkill,https://systemd.io,debian;fedora;ubuntu,3,CROSS_FAMILY
C1X,https://systemd.io::systemd-storagetm,https://systemd.io,debian;fedora;ubuntu,3,CROSS_FAMILY
C1X,https://systemd.io::systemd-sysctl,https://systemd.io,debian;fedora;ubuntu,3,CROSS_FAMILY
C1X,https://systemd.io::systemd-sysroot-fstab-check,https://systemd.io,fedora;ubuntu,2,CROSS_FAMILY
C1X,https://systemd.io::systemd-time-wait-sync,https://systemd.io,debian;fedora;ubuntu,3,CROSS_FAMILY
C1X,https://systemd.io::systemd-timedated,https://systemd.io,debian;fedora;ubuntu,3,CROSS_FAMILY
C1X,https://systemd.io::systemd-timesyncd,https://systemd.io,debian;fedora;ubuntu,3,CROSS_FAMILY
C1X,https://systemd.io::systemd-tpm2-clear,https://systemd.io,fedora;ubuntu,2,CROSS_FAMILY
C1X,https://systemd.io::systemd-udevd,https://systemd.io,debian;fedora;ubuntu,3,CROSS_FAMILY
C1X,https://systemd.io::systemd-update-done,https://systemd.io,debian;fedora;ubuntu,3,CROSS_FAMILY
C1X,https://systemd.io::systemd-user-sessions,https://systemd.io,debian;fedora;ubuntu,3,CROSS_FAMILY
C1X,https://systemd.io::systemd-userdbd,https://systemd.io,debian;fedora;ubuntu,3,CROSS_FAMILY
C1X,https://systemd.io::systemd-volatile-root,https://systemd.io,debian;fedora;ubuntu,3,CROSS_FAMILY
C1X,https://systemd.io::upstream-unit::units/initrd-cleanup.service,https://systemd.io,debian;fedora;ubuntu,3,CROSS_FAMILY
C1X,https://systemd.io::upstream-unit::units/initrd-switch-root.service,https://systemd.io,debian;fedora;ubuntu,3,CROSS_FAMILY
C1X,https://systemd.io::upstream-unit::units/initrd-udevadm-cleanup-db.service,https://systemd.io,debian;fedora;ubuntu,3,CROSS_FAMILY
C1X,https://systemd.io::upstream-unit::units/ldconfig.service,https://systemd.io,debian;fedora;ubuntu,3,CROSS_FAMILY
C1X,https://systemd.io::upstream-unit::units/system-update-cleanup.service,https://systemd.io,debian;fedora;ubuntu,3,CROSS_FAMILY
C1X,https://systemd.io::upstream-unit::units/systemd-ask-password-console.service,https://systemd.io,debian;fedora;ubuntu,3,CROSS_FAMILY
C1X,https://systemd.io::upstream-unit::units/systemd-ask-password-wall.service,https://systemd.io,debian;fedora;ubuntu,3,CROSS_FAMILY
C1X,https://systemd.io::upstream-unit::units/systemd-boot-clear-sysfail.service,https://systemd.io,fedora;ubuntu,2,CROSS_FAMILY
C1X,https://systemd.io::upstream-unit::units/systemd-boot-random-seed.service,https://systemd.io,debian;fedora;ubuntu,3,CROSS_FAMILY
C1X,https://systemd.io::upstream-unit::units/systemd-boot-update.service,https://systemd.io,debian;fedora;ubuntu,3,CROSS_FAMILY
C1X,https://systemd.io::upstream-unit::units/systemd-confext-initrd.service,https://systemd.io,fedora;ubuntu,2,CROSS_FAMILY
C1X,https://systemd.io::upstream-unit::units/systemd-confext.service,https://systemd.io,debian;fedora;ubuntu,3,CROSS_FAMILY
C1X,https://systemd.io::upstream-unit::units/systemd-exit.service,https://systemd.io,debian;fedora;ubuntu,3,CROSS_FAMILY
C1X,https://systemd.io::upstream-unit::units/systemd-factory-reset-reboot.service,https://systemd.io,fedora;ubuntu,2,CROSS_FAMILY
C1X,https://systemd.io::upstream-unit::units/systemd-firstboot.service,https://systemd.io,debian;fedora;ubuntu,3,CROSS_FAMILY
C1X,https://systemd.io::upstream-unit::units/systemd-halt.service,https://systemd.io,debian;fedora;ubuntu,3,CROSS_FAMILY
C1X,https://systemd.io::upstream-unit::units/systemd-homed-activate.service,https://systemd.io,debian;fedora;ubuntu,3,CROSS_FAMILY
C1X,https://systemd.io::upstream-unit::units/systemd-homed-firstboot.service,https://systemd.io,debian;fedora;ubuntu,3,CROSS_FAMILY
C1X,https://systemd.io::upstream-unit::units/systemd-journal-catalog-update.service,https://systemd.io,debian;fedora;ubuntu,3,CROSS_FAMILY
C1X,https://systemd.io::upstream-unit::units/systemd-journal-flush.service,https://systemd.io,debian;fedora;ubuntu,3,CROSS_FAMILY
C1X,https://systemd.io::upstream-unit::units/systemd-kexec.service,https://systemd.io,debian;fedora;ubuntu,3,CROSS_FAMILY
C1X,https://systemd.io::upstream-unit::units/systemd-machine-id-commit.service,https://systemd.io,debian;fedora;ubuntu,3,CROSS_FAMILY
C1X,https://systemd.io::upstream-unit::units/systemd-networkd-persistent-storage.service,https://systemd.io,debian;fedora;ubuntu,3,CROSS_FAMILY
C1X,https://systemd.io::upstream-unit::units/systemd-poweroff.service,https://systemd.io,debian;fedora;ubuntu,3,CROSS_FAMILY
C1X,https://systemd.io::upstream-unit::units/systemd-reboot.service,https://systemd.io,debian;fedora;ubuntu,3,CROSS_FAMILY
C1X,https://systemd.io::upstream-unit::units/systemd-repart.service,https://systemd.io,debian;fedora;ubuntu,3,CROSS_FAMILY
C1X,https://systemd.io::upstream-unit::units/systemd-soft-reboot.service,https://systemd.io,debian;fedora;ubuntu,3,CROSS_FAMILY
C1X,https://systemd.io::upstream-unit::units/systemd-sysext-initrd.service,https://systemd.io,fedora;ubuntu,2,CROSS_FAMILY
C1X,https://systemd.io::upstream-unit::units/systemd-sysext.service,https://systemd.io,debian;fedora;ubuntu,3,CROSS_FAMILY
C1X,https://systemd.io::upstream-unit::units/systemd-sysusers.service,https://systemd.io,debian;fedora;ubuntu,3,CROSS_FAMILY
C1X,https://systemd.io::upstream-unit::units/systemd-tmpfiles-clean.service,https://systemd.io,debian;fedora;ubuntu,3,CROSS_FAMILY
C1X,https://systemd.io::upstream-unit::units/systemd-tmpfiles-setup-dev-early.service,https://systemd.io,debian;fedora;ubuntu,3,CROSS_FAMILY
C1X,https://systemd.io::upstream-unit::units/systemd-tmpfiles-setup-dev.service,https://systemd.io,debian;fedora;ubuntu,3,CROSS_FAMILY
C1X,https://systemd.io::upstream-unit::units/systemd-tmpfiles-setup.service,https://systemd.io,debian;fedora;ubuntu,3,CROSS_FAMILY
C1X,https://systemd.io::upstream-unit::units/systemd-udev-load-credentials.service,https://systemd.io,debian;fedora;ubuntu,3,CROSS_FAMILY
C1X,https://systemd.io::upstream-unit::units/systemd-udev-settle.service,https://systemd.io,debian;fedora;ubuntu,3,CROSS_FAMILY
C1X,https://systemd.io::upstream-unit::units/systemd-udev-trigger.service,https://systemd.io,debian;fedora;ubuntu,3,CROSS_FAMILY
C1X,https://systemd.io::upstream-unit::units/systemd-userdb-load-credentials.service,https://systemd.io,fedora;ubuntu,2,CROSS_FAMILY
C1X,https://tetrinetx.sourceforge.net::tetrinetx,https://tetrinetx.sourceforge.net,debian;fedora;ubuntu,3,CROSS_FAMILY
C1X,https://tinyproxy.github.io::tinyproxy,https://tinyproxy.github.io,arch;fedora;ubuntu,3,CROSS_FAMILY
C1X,https://torsion.org/borgmatic::systemd-inhibit,https://torsion.org/borgmatic,arch;fedora;ubuntu,3,CROSS_FAMILY
C1X,https://trousers.sourceforge.net::tcsd,https://trousers.sourceforge.net,debian;fedora;ubuntu,3,CROSS_FAMILY
C1X,https://unix4lyfe.org/darkstat::darkstat,https://unix4lyfe.org/darkstat,arch;debian;fedora;ubuntu,4,CROSS_FAMILY
C1X,https://upower.freedesktop.org::upowerd,https://upower.freedesktop.org,arch;debian;fedora;ubuntu,4,CROSS_FAMILY
C1X,https://usbguard.github.io::usbguard-daemon,https://usbguard.github.io,debian;fedora;ubuntu,3,CROSS_FAMILY
C1X,https://usbguard.github.io::usbguard-dbus,https://usbguard.github.io,debian;fedora;ubuntu,3,CROSS_FAMILY
C1X,https://valkey.io::valkey-sentinel,https://valkey.io,arch;debian;fedora;ubuntu,4,CROSS_FAMILY
C1X,https://valkey.io::valkey-server,https://valkey.io,arch;debian;fedora;ubuntu,4,CROSS_FAMILY
C1X,https://w1.fi/hostapd::hostapd,https://w1.fi/hostapd,arch;fedora,2,CROSS_FAMILY
C1X,https://w1.fi/wpa_supplicant::wpa_supplicant,https://w1.fi/wpa_supplicant,arch;debian;fedora;ubuntu,4,CROSS_FAMILY
C1X,https://wammu.eu/gammu::gammu-smsd,https://wammu.eu/gammu,arch;debian;fedora;ubuntu,4,CROSS_FAMILY
C1X,https://web.mit.edu/kerberos::kadmind,https://web.mit.edu/kerberos,arch;debian;ubuntu,3,CROSS_FAMILY
C1X,https://web.mit.edu/kerberos::kpropd,https://web.mit.edu/kerberos,arch;debian;ubuntu,3,CROSS_FAMILY
C1X,https://web.mit.edu/kerberos::krb5kdc,https://web.mit.edu/kerberos,arch;debian;ubuntu,3,CROSS_FAMILY
C1X,https://wiki.gnome.org/phodav::spice-webdavd,https://wiki.gnome.org/phodav,arch;debian;fedora,3,CROSS_FAMILY
C1X,https://wiki.nikhef.nl/grid/FetchCRL3::fetch-crl,https://wiki.nikhef.nl/grid/FetchCRL3,fedora;ubuntu,2,CROSS_FAMILY
C1X,https://www.anope.org::anope,https://www.anope.org,debian;fedora;ubuntu,3,CROSS_FAMILY
C1X,https://www.apcupsd.org::apcupsd,https://www.apcupsd.org,arch;debian;ubuntu,3,CROSS_FAMILY
C1X,https://www.asterisk.org::asterisk,https://www.asterisk.org,fedora;ubuntu,2,CROSS_FAMILY
C1X,https://www.atoptool.nl::sh,https://www.atoptool.nl,arch;fedora,2,CROSS_FAMILY
C1X,https://www.atoptool.nl::upstream-unit::atop-rotate.service,https://www.atoptool.nl,arch;fedora,2,CROSS_FAMILY
C1X,https://www.atoptool.nl::upstream-unit::atopacct.service,https://www.atoptool.nl,arch;fedora,2,CROSS_FAMILY
C1X,https://www.bacula.org::bacula-dir,https://www.bacula.org,debian;fedora;ubuntu,3,CROSS_FAMILY
C1X,https://www.bacula.org::bacula-fd,https://www.bacula.org,debian;fedora;ubuntu,3,CROSS_FAMILY
C1X,https://www.bacula.org::bacula-sd,https://www.bacula.org,debian;fedora;ubuntu,3,CROSS_FAMILY
C1X,https://www.bitlbee.org::bitlbee,https://www.bitlbee.org,fedora;ubuntu,2,CROSS_FAMILY
C1X,https://www.bluez.org::bluetooth-meshd,https://www.bluez.org,arch;debian;fedora;ubuntu,4,CROSS_FAMILY
C1X,https://www.bluez.org::bluetoothd,https://www.bluez.org,arch;debian;fedora;ubuntu,4,CROSS_FAMILY
C1X,https://www.cipherdyne.org/fwknop::fwknopd,https://www.cipherdyne.org/fwknop,arch;fedora,2,CROSS_FAMILY
C1X,https://www.cipherdyne.org/psad::psad,https://www.cipherdyne.org/psad,debian;fedora;ubuntu,3,CROSS_FAMILY
C1X,https://www.clamav.net::clamd,https://www.clamav.net,arch;debian;ubuntu,3,CROSS_FAMILY
C1X,https://www.clamav.net::clamonacc,https://www.clamav.net,arch;debian;fedora;ubuntu,4,CROSS_FAMILY
C1X,https://www.clusterlabs.org::pacemaker-remoted,https://www.clusterlabs.org,debian;fedora;ubuntu,3,CROSS_FAMILY
C1X,https://www.clusterlabs.org::pacemakerd,https://www.clusterlabs.org,debian;fedora;ubuntu,3,CROSS_FAMILY
C1X,https://www.conserver.com::conserver,https://www.conserver.com,debian;fedora;ubuntu,3,CROSS_FAMILY
C1X,https://www.cstr.ed.ac.uk/projects/festival::festival,https://www.cstr.ed.ac.uk/projects/festival,fedora;ubuntu,2,CROSS_FAMILY
C1X,https://www.cyrusimap.org/sasl::saslauthd,https://www.cyrusimap.org/sasl,arch;debian;fedora;ubuntu,4,CROSS_FAMILY
C1X,https://www.erlang.org::epmd,https://www.erlang.org,debian;fedora;ubuntu,3,CROSS_FAMILY
C1X,https://www.exim.org::exim,https://www.exim.org,arch;fedora,2,CROSS_FAMILY
C1X,https://www.eyrie.org/~eagle/software/inn::rc.news,https://www.eyrie.org/~eagle/software/inn,debian;fedora;ubuntu,3,CROSS_FAMILY
C1X,https://www.fail2ban.org::fail2ban-server,https://www.fail2ban.org,arch;fedora;ubuntu,3,CROSS_FAMILY
C1X,https://www.finnie.org/software/2ping::upstream-unit::2ping.service,https://www.finnie.org/software/2ping,fedora;ubuntu,2,CROSS_FAMILY
C1X,https://www.firewalld.org::firewalld,https://www.firewalld.org,fedora;ubuntu,2,CROSS_FAMILY
C1X,https://www.freedesktop.org/software/PackageKit::packagekitd,https://www.freedesktop.org/software/PackageKit,arch;debian;fedora;ubuntu,4,CROSS_FAMILY
C1X,https://www.freedesktop.org/software/PackageKit::pk-offline-update,https://www.freedesktop.org/software/PackageKit,arch;debian;fedora;ubuntu,4,CROSS_FAMILY
C1X,https://www.freedesktop.org/software/colord::colord,https://www.freedesktop.org/software/colord,arch;debian;fedora;ubuntu,4,CROSS_FAMILY
C1X,https://www.freedesktop.org/wiki/Software/AccountsService::accounts-daemon,https://www.freedesktop.org/wiki/Software/AccountsService,debian;fedora;ubuntu,3,CROSS_FAMILY
C1X,https://www.freedesktop.org/wiki/Software/ModemManager::ModemManager,https://www.freedesktop.org/wiki/Software/ModemManager,arch;debian;ubuntu,3,CROSS_FAMILY
C1X,https://www.freedesktop.org/wiki/Software/Plymouth::systemd-tty-ask-password-agent,https://www.freedesktop.org/wiki/Software/Plymouth,arch;debian;fedora;ubuntu,4,CROSS_FAMILY
C1X,https://www.freedesktop.org/wiki/Software/dbus::dbus-daemon,https://www.freedesktop.org/wiki/Software/dbus,arch;fedora,2,CROSS_FAMILY
C1X,https://www.freedesktop.org/wiki/Software/fprint/fprintd::fprintd,https://www.freedesktop.org/wiki/Software/fprint/fprintd,debian;fedora;ubuntu,3,CROSS_FAMILY
C1X,https://www.freedesktop.org/wiki/Software/udisks::udisksd,https://www.freedesktop.org/wiki/Software/udisks,arch;debian;ubuntu,3,CROSS_FAMILY
C1X,https://www.freeipa.org::ipa-epn,https://www.freeipa.org,debian;fedora;ubuntu,3,CROSS_FAMILY
C1X,https://www.frrouting.org::frrinit.sh,https://www.frrouting.org,debian;fedora,2,CROSS_FAMILY
C1X,https://www.gluster.org::glusterd,https://www.gluster.org,arch;debian;ubuntu,3,CROSS_FAMILY
C1X,https://www.gluster.org::glustereventsd,https://www.gluster.org,arch;debian;ubuntu,3,CROSS_FAMILY
C1X,https://www.gluster.org::glusterfsd,https://www.gluster.org,arch;debian;ubuntu,3,CROSS_FAMILY
C1X,https://www.gluster.org::mount-shared-storage.sh,https://www.gluster.org,arch;debian;ubuntu,3,CROSS_FAMILY
C1X,https://www.gnu.org/software/acct::accton,https://www.gnu.org/software/acct,debian;fedora;ubuntu,3,CROSS_FAMILY
C1X,https://www.gnu.org/software/freeipmi::bmc-watchdog,https://www.gnu.org/software/freeipmi,arch;debian;fedora;ubuntu,4,CROSS_FAMILY
C1X,https://www.gnu.org/software/freeipmi::ipmidetectd,https://www.gnu.org/software/freeipmi,arch;debian;fedora;ubuntu,4,CROSS_FAMILY
C1X,https://www.gnu.org/software/freeipmi::ipmiseld,https://www.gnu.org/software/freeipmi,arch;debian;fedora;ubuntu,4,CROSS_FAMILY
C1X,https://www.haproxy.org::haproxy,https://www.haproxy.org,arch;debian;fedora;ubuntu,4,CROSS_FAMILY
C1X,https://www.inet.no/dante::sockd,https://www.inet.no/dante,arch;fedora,2,CROSS_FAMILY
C1X,https://www.infradead.org/~dhowells/kafs::kafs-preload,https://www.infradead.org/~dhowells/kafs,debian;fedora;ubuntu,3,CROSS_FAMILY
C1X,https://www.keepalived.org::keepalived,https://www.keepalived.org,arch;fedora,2,CROSS_FAMILY
C1X,https://www.kernel.org::cpupower,https://www.kernel.org,arch;fedora,2,CROSS_FAMILY
C1X,https://www.kernel.org::hv_kvp_daemon,https://www.kernel.org,arch;debian;fedora,3,CROSS_FAMILY
C1X,https://www.kernel.org::hv_vss_daemon,https://www.kernel.org,arch;debian;fedora,3,CROSS_FAMILY
C1X,https://www.kernel.org::usbipd,https://www.kernel.org,arch;fedora,2,CROSS_FAMILY
C1X,https://www.knot-dns.cz::knotd,https://www.knot-dns.cz,arch;debian;fedora;ubuntu,4,CROSS_FAMILY
C1X,https://www.knot-resolver.cz::knot-resolver,https://www.knot-resolver.cz,arch;ubuntu,2,CROSS_FAMILY
C1X,https://www.knot-resolver.cz::kres-cache-gc,https://www.knot-resolver.cz,debian;fedora,2,CROSS_FAMILY
C1X,https://www.lighttpd.net::upstream-unit::doc/systemd/lighttpd.service,https://www.lighttpd.net,arch;debian;fedora,3,CROSS_FAMILY
C1X,https://www.linux-pam.org::pam_namespace_helper,https://www.linux-pam.org,debian;fedora;ubuntu,3,CROSS_FAMILY
C1X,https://www.linuxptp.org::timemaster,https://www.linuxptp.org,fedora;ubuntu,2,CROSS_FAMILY
C1X,https://www.lirc.org::irexec,https://www.lirc.org,arch;fedora,2,CROSS_FAMILY
C1X,https://www.lirc.org::lircd,https://www.lirc.org,arch;fedora,2,CROSS_FAMILY
C1X,https://www.lirc.org::upstream-unit::systemd/lircd-setup.service,https://www.lirc.org,arch;fedora,2,CROSS_FAMILY
C1X,https://www.lirc.org::upstream-unit::systemd/lircd-uinput.service,https://www.lirc.org,arch;fedora,2,CROSS_FAMILY
C1X,https://www.lirc.org::upstream-unit::systemd/lircmd.service,https://www.lirc.org,arch;fedora,2,CROSS_FAMILY
C1X,https://www.litech.org/radvd::radvd,https://www.litech.org/radvd,arch;debian;ubuntu,3,CROSS_FAMILY
C1X,https://www.monitorix.org::monitorix,https://www.monitorix.org,fedora;ubuntu,2,CROSS_FAMILY
C1X,https://www.msweet.org/lprint::lprint,https://www.msweet.org/lprint,arch;debian;fedora;ubuntu,4,CROSS_FAMILY
C1X,https://www.mumble.info::mumble-server,https://www.mumble.info,arch;debian;fedora;ubuntu,4,CROSS_FAMILY
C1X,https://www.musicpd.org/clients/mpdscribble::mpdscribble,https://www.musicpd.org/clients/mpdscribble,arch;debian;fedora;ubuntu,4,CROSS_FAMILY
C1X,https://www.musicpd.org::mpd,https://www.musicpd.org,arch;debian;fedora;ubuntu,4,CROSS_FAMILY
C1X,https://www.netfilter.org/projects/ulogd::ulogd,https://www.netfilter.org/projects/ulogd,arch;debian;ubuntu,3,CROSS_FAMILY
C1X,https://www.nico.schottelius.org/software/gpm::gpm,https://www.nico.schottelius.org/software/gpm,arch;fedora,2,CROSS_FAMILY
C1X,https://www.nlnetlabs.nl/nsd::nsd,https://www.nlnetlabs.nl/nsd,arch;fedora,2,CROSS_FAMILY
C1X,https://www.nlnetlabs.nl/projects/dnssec-trigger::dnssec-trigger-control-setup,https://www.nlnetlabs.nl/projects/dnssec-trigger,debian;fedora;ubuntu,3,CROSS_FAMILY
C1X,https://www.nlnetlabs.nl/projects/dnssec-trigger::dnssec-triggerd,https://www.nlnetlabs.nl/projects/dnssec-trigger,debian;fedora;ubuntu,3,CROSS_FAMILY
C1X,https://www.nordugrid.org::arc-arex-start,https://www.nordugrid.org,debian;fedora;ubuntu,3,CROSS_FAMILY
C1X,https://www.nordugrid.org::arc-arex-ws-start,https://www.nordugrid.org,debian;fedora;ubuntu,3,CROSS_FAMILY
C1X,https://www.nordugrid.org::arc-datadelivery-service-start,https://www.nordugrid.org,debian;fedora;ubuntu,3,CROSS_FAMILY
C1X,https://www.nordugrid.org::upstream-unit::src/hed/daemon/scripts/arched.service,https://www.nordugrid.org,debian;fedora;ubuntu,3,CROSS_FAMILY
C1X,https://www.ntpsec.org::ntplogtemp,https://www.ntpsec.org,debian;fedora;ubuntu,3,CROSS_FAMILY
C1X,https://www.ntpsec.org::ntpwait,https://www.ntpsec.org,debian;fedora;ubuntu,3,CROSS_FAMILY
C1X,https://www.open-iscsi.com::iscsid,https://www.open-iscsi.com,arch;debian;ubuntu,3,CROSS_FAMILY
C1X,https://www.open-iscsi.com::iscsiuio,https://www.open-iscsi.com,arch;debian;ubuntu,3,CROSS_FAMILY
C1X,https://www.openbgpd.org::bgpd,https://www.openbgpd.org,debian;fedora;ubuntu,3,CROSS_FAMILY
C1X,https://www.opendkim.org::opendkim,https://www.opendkim.org,arch;debian;ubuntu,3,CROSS_FAMILY
C1X,https://www.opendnssec.org::ods-enforcerd,https://www.opendnssec.org,fedora;ubuntu,2,CROSS_FAMILY
C1X,https://www.opendnssec.org::ods-signerd,https://www.opendnssec.org,fedora;ubuntu,2,CROSS_FAMILY
C1X,https://www.openldap.org::slapd,https://www.openldap.org,arch;fedora,2,CROSS_FAMILY
C1X,https://www.openntpd.org::ntpd,https://www.openntpd.org,arch;debian;ubuntu,3,CROSS_FAMILY
C1X,https://www.opensmtpd.org::smtpd,https://www.opensmtpd.org,arch;debian;fedora;ubuntu,4,CROSS_FAMILY
C1X,https://www.openssh.com/portable.html::sshd,https://www.openssh.com/portable.html,arch;fedora,2,CROSS_FAMILY
C1X,https://www.partimage.org::partimaged,https://www.partimage.org,arch;debian;ubuntu,3,CROSS_FAMILY
C1X,https://www.pgbouncer.org::pgbouncer,https://www.pgbouncer.org,arch;debian;fedora;ubuntu,4,CROSS_FAMILY
C1X,https://www.php.net::php-fpm,https://www.php.net,arch;fedora,2,CROSS_FAMILY
C1X,https://www.postfix.org::postfix,https://www.postfix.org,arch;debian;fedora;ubuntu,4,CROSS_FAMILY
C1X,https://www.powerdns.com::ixfrdist,https://www.powerdns.com,arch;debian;ubuntu,3,CROSS_FAMILY
C1X,https://www.powerdns.com::pdns_recursor,https://www.powerdns.com,arch;debian;ubuntu,3,CROSS_FAMILY
C1X,https://www.powerdns.com::pdns_server,https://www.powerdns.com,arch;debian;ubuntu,3,CROSS_FAMILY
C1X,https://www.pps.univ-paris-diderot.fr/~jch/software/babel::babeld,https://www.pps.univ-paris-diderot.fr/~jch/software/babel,debian;fedora;ubuntu,3,CROSS_FAMILY
C1X,https://www.proftpd.org::proftpd,https://www.proftpd.org,debian;fedora;ubuntu,3,CROSS_FAMILY
C1X,https://www.qemu.org::upstream-unit::contrib/systemd/qemu-pr-helper.service,https://www.qemu.org,arch;fedora,2,CROSS_FAMILY
C1X,https://www.rabbitmq.com::rabbitmq-server,https://www.rabbitmq.com,fedora;ubuntu,2,CROSS_FAMILY
C1X,https://www.rsyslog.com::rsyslogd,https://www.rsyslog.com,debian;fedora;ubuntu,3,CROSS_FAMILY
C1X,https://www.rutschle.net/tech/sslh/README.html::sslh,https://www.rutschle.net/tech/sslh/README.html,arch;debian;ubuntu,3,CROSS_FAMILY
C1X,https://www.samba.org::ctdbd,https://www.samba.org,debian;fedora;ubuntu,3,CROSS_FAMILY
C1X,https://www.samba.org::nmbd,https://www.samba.org,arch;debian;fedora;ubuntu,4,CROSS_FAMILY
C1X,https://www.samba.org::samba,https://www.samba.org,arch;debian;fedora;ubuntu,4,CROSS_FAMILY
C1X,https://www.samba.org::samba-bgqd,https://www.samba.org,arch;fedora,2,CROSS_FAMILY
C1X,https://www.samba.org::smbd,https://www.samba.org,arch;debian;fedora;ubuntu,4,CROSS_FAMILY
C1X,https://www.samba.org::winbindd,https://www.samba.org,arch;debian;fedora;ubuntu,4,CROSS_FAMILY
C1X,https://www.smartmontools.org::smartd,https://www.smartmontools.org,arch;debian;fedora;ubuntu,4,CROSS_FAMILY
C1X,https://www.spice-space.org::spice-vdagentd,https://www.spice-space.org,arch;debian;ubuntu,3,CROSS_FAMILY
C1X,https://www.sshguard.net::sshguard,https://www.sshguard.net,arch;fedora,2,CROSS_FAMILY
C1X,https://www.strongswan.org::charon-systemd,https://www.strongswan.org,arch;debian;fedora;ubuntu,4,CROSS_FAMILY
C1X,https://www.strongswan.org::ipsec,https://www.strongswan.org,arch;debian;ubuntu,3,CROSS_FAMILY
C1X,https://www.stunnel.org::stunnel,https://www.stunnel.org,arch;fedora,2,CROSS_FAMILY
C1X,https://www.svxlink.org::remotetrx,https://www.svxlink.org,debian;fedora;ubuntu,3,CROSS_FAMILY
C1X,https://www.svxlink.org::svxlink,https://www.svxlink.org,debian;fedora;ubuntu,3,CROSS_FAMILY
C1X,https://www.svxlink.org::svxlink_gpio_up,https://www.svxlink.org,fedora;ubuntu,2,CROSS_FAMILY
C1X,https://www.svxlink.org::svxreflector,https://www.svxlink.org,debian;fedora;ubuntu,3,CROSS_FAMILY
C1X,https://www.tinc-vpn.org::true,https://www.tinc-vpn.org,arch;debian;fedora;ubuntu,4,CROSS_FAMILY
C1X,https://www.tntnet.org::tntnet,https://www.tntnet.org,debian;fedora;ubuntu,3,CROSS_FAMILY
C1X,https://www.torproject.org::tor,https://www.torproject.org,debian;fedora;ubuntu,3,CROSS_FAMILY
C1X,https://www.torproject.org::true,https://www.torproject.org,debian;fedora;ubuntu,3,CROSS_FAMILY
C1X,https://www.transmissionbt.com::transmission-daemon,https://www.transmissionbt.com,arch;fedora,2,CROSS_FAMILY
C1X,https://www.unix-ag.uni-kl.de/~bloch/acng::apt-cacher-ng,https://www.unix-ag.uni-kl.de/~bloch/acng,debian;fedora;ubuntu,3,CROSS_FAMILY
C1X,https://www.unrealircd.org::unrealircd,https://www.unrealircd.org,arch;fedora,2,CROSS_FAMILY
C1X,https://www.varnish-cache.org::varnishd,https://www.varnish-cache.org,fedora;ubuntu,2,CROSS_FAMILY
C1X,https://www.varnish-cache.org::varnishncsa,https://www.varnish-cache.org,fedora;ubuntu,2,CROSS_FAMILY
C1X,https://www.wesnoth.org::wesnothd,https://www.wesnoth.org,arch;fedora,2,CROSS_FAMILY
C1X,https://www.xrdp.org::xrdp,https://www.xrdp.org,debian;fedora;ubuntu,3,CROSS_FAMILY
C1X,https://www.xrdp.org::xrdp-sesman,https://www.xrdp.org,debian;fedora;ubuntu,3,CROSS_FAMILY
C1X,https://www.yadifa.eu::yadifad,https://www.yadifa.eu,debian;fedora;ubuntu,3,CROSS_FAMILY
C1X,https://www.yo2loj.ro/hamprojects::ampr-ripd,https://www.yo2loj.ro/hamprojects,debian;fedora;ubuntu,3,CROSS_FAMILY
C1X,https://www.zabbix.com::zabbix_agentd,https://www.zabbix.com,arch;fedora,2,CROSS_FAMILY
C1X,https://www.zeroflux.org/projects/knock::knockd,https://www.zeroflux.org/projects/knock,debian;fedora;ubuntu,3,CROSS_FAMILY
C1X,https://xfs.wiki.kernel.org::xfs_healer_start,https://xfs.wiki.kernel.org,arch;fedora,2,CROSS_FAMILY
C1X,https://xfs.wiki.kernel.org::xfs_scrub_all,https://xfs.wiki.kernel.org,arch;debian;fedora;ubuntu,4,CROSS_FAMILY
C1X,https://xfs.wiki.kernel.org::xfs_scrub_fail,https://xfs.wiki.kernel.org,arch;debian;fedora;ubuntu,4,CROSS_FAMILY
C1X,https://zeroc.com::glacier2router,https://zeroc.com,arch;debian;ubuntu,3,CROSS_FAMILY
C1X,https://zeroc.com::icegridnode,https://zeroc.com,arch;debian;ubuntu,3,CROSS_FAMILY
C1X,https://zeroc.com::icegridregistry,https://zeroc.com,arch;debian;ubuntu,3,CROSS_FAMILY
C1D,https://apps.gnome.org/Sysprof::sysprofd,https://apps.gnome.org/Sysprof,arch;debian;ubuntu,3,DERIVATIVE_FAMILY
C1D,https://arthurdejong.org/nss-pam-ldapd::nslcd,https://arthurdejong.org/nss-pam-ldapd,arch;debian;fedora;ubuntu,4,DERIVATIVE_FAMILY
C1D,https://avahi.org::avahi-daemon,https://avahi.org,debian;fedora;ubuntu,3,DERIVATIVE_FAMILY
C1D,https://avahi.org::avahi-dnsconfd,https://avahi.org,debian;fedora;ubuntu,3,DERIVATIVE_FAMILY
C1D,https://c-icap.sourceforge.net::c-icap,https://c-icap.sourceforge.net,debian;fedora;ubuntu,3,DERIVATIVE_FAMILY
C1D,https://ceph.com::ceph-crash,https://ceph.com,debian;fedora;ubuntu,3,DERIVATIVE_FAMILY
C1D,https://ceph.com::ceph-mon,https://ceph.com,debian;ubuntu,2,DERIVATIVE_FAMILY
C1D,https://ceph.com::rbdmap,https://ceph.com,debian;fedora;ubuntu,3,DERIVATIVE_FAMILY
C1D,https://christophe.varoqui.free.fr::multipathd,https://christophe.varoqui.free.fr,debian;fedora;ubuntu,3,DERIVATIVE_FAMILY
C1D,https://chrony-project.org::upstream-unit::examples/chrony-wait.service,https://chrony-project.org,arch;debian;fedora;ubuntu,4,DERIVATIVE_FAMILY
C1D,https://cockpit-project.org::cockpit-tls,https://cockpit-project.org,arch;debian;fedora;ubuntu,4,DERIVATIVE_FAMILY
C1D,https://cockpit-project.org::cockpit-ws,https://cockpit-project.org,arch;debian;fedora;ubuntu,4,DERIVATIVE_FAMILY
C1D,https://cockpit-project.org::update-issue,https://cockpit-project.org,arch;debian;fedora;ubuntu,4,DERIVATIVE_FAMILY
C1D,https://cockpit-project.org::upstream-unit::src/systemd/cockpit-session-socket-user.service,https://cockpit-project.org,arch;debian;fedora;ubuntu,4,DERIVATIVE_FAMILY
C1D,https://cockpit-project.org::upstream-unit::src/systemd/cockpit-wsinstance-socket-user.service,https://cockpit-project.org,arch;debian;fedora;ubuntu,4,DERIVATIVE_FAMILY
C1D,https://code.kryo.se/iodine::iodined,https://code.kryo.se/iodine,arch;debian;fedora;ubuntu,4,DERIVATIVE_FAMILY
C1D,https://collectd.org::collectd,https://collectd.org,debian;fedora;ubuntu,3,DERIVATIVE_FAMILY
C1D,https://conntrack-tools.netfilter.org::conntrackd,https://conntrack-tools.netfilter.org,debian;fedora;ubuntu,3,DERIVATIVE_FAMILY
C1D,https://corosync.github.io/corosync::corosync,https://corosync.github.io/corosync,debian;fedora;ubuntu,3,DERIVATIVE_FAMILY
C1D,https://corosync.github.io/corosync::corosync-notifyd,https://corosync.github.io/corosync,debian;fedora;ubuntu,3,DERIVATIVE_FAMILY
C1D,https://crossfire.real-time.com::crossfire-server,https://crossfire.real-time.com,debian;ubuntu,2,DERIVATIVE_FAMILY
C1D,https://devel.freebsoft.org/speechd::speech-dispatcher,https://devel.freebsoft.org/speechd,debian;fedora;ubuntu,3,DERIVATIVE_FAMILY
C1D,https://dnsdist.org::dnsdist,https://dnsdist.org,arch;debian;fedora;ubuntu,4,DERIVATIVE_FAMILY
C1D,https://dun.github.io/munge::munged,https://dun.github.io/munge,debian;fedora;ubuntu,3,DERIVATIVE_FAMILY
C1D,https://ee.lbl.gov::true,https://ee.lbl.gov,debian;ubuntu,2,DERIVATIVE_FAMILY
C1D,https://fastnetmon.com::upstream-unit::src/packaging/fedora/fastnetmon.service,https://fastnetmon.com,debian;fedora;ubuntu,3,DERIVATIVE_FAMILY
C1D,https://flatpak.org::flatpak-system-helper,https://flatpak.org,arch;debian;fedora;ubuntu,4,DERIVATIVE_FAMILY
C1D,https://gdnsd.org::gdnsd,https://gdnsd.org,arch;debian;ubuntu,3,DERIVATIVE_FAMILY
C1D,https://gerbera.io::gerbera,https://gerbera.io,debian;fedora;ubuntu,3,DERIVATIVE_FAMILY
C1D,https://git.kernel.org/pub/scm/network/connman/connman::connman-vpnd,https://git.kernel.org/pub/scm/network/connman/connman,arch;debian;ubuntu,3,DERIVATIVE_FAMILY
C1D,https://git.kernel.org/pub/scm/network/connman/connman::connmand,https://git.kernel.org/pub/scm/network/connman/connman,arch;debian;ubuntu,3,DERIVATIVE_FAMILY
C1D,https://git.kernel.org/pub/scm/network/connman/connman::connmand-wait-online,https://git.kernel.org/pub/scm/network/connman/connman,arch;debian;ubuntu,3,DERIVATIVE_FAMILY
C1D,https://github.com/COVESA/dlt-daemon::dlt-daemon,https://github.com/COVESA/dlt-daemon,debian;fedora;ubuntu,3,DERIVATIVE_FAMILY
C1D,https://github.com/COVESA/dlt-daemon::dlt-dbus,https://github.com/COVESA/dlt-daemon,debian;ubuntu,2,DERIVATIVE_FAMILY
C1D,https://github.com/COVESA/dlt-daemon::dlt-system,https://github.com/COVESA/dlt-daemon,debian;fedora;ubuntu,3,DERIVATIVE_FAMILY
C1D,https://github.com/ClusterLabs/booth::boothd,https://github.com/ClusterLabs/booth,debian;fedora;ubuntu,3,DERIVATIVE_FAMILY
C1D,https://github.com/ClusterLabs/booth::true,https://github.com/ClusterLabs/booth,debian;ubuntu,2,DERIVATIVE_FAMILY
C1D,https://github.com/ClusterLabs/fence-agents::fence_virtd,https://github.com/ClusterLabs/fence-agents,debian;fedora;ubuntu,3,DERIVATIVE_FAMILY
C1D,https://github.com/DNSCrypt/dnscrypt-proxy::dnscrypt-proxy,https://github.com/DNSCrypt/dnscrypt-proxy,arch;debian;ubuntu,3,DERIVATIVE_FAMILY
C1D,https://github.com/DNSCrypt/dnscrypt-proxy::sh,https://github.com/DNSCrypt/dnscrypt-proxy,debian;ubuntu,2,DERIVATIVE_FAMILY
C1D,https://github.com/ErikReider/SwayOSD::swayosd-libinput-backend,https://github.com/ErikReider/SwayOSD,arch;debian;ubuntu,3,DERIVATIVE_FAMILY
C1D,https://github.com/GoogleCloudPlatform/guest-agent::true,https://github.com/GoogleCloudPlatform/guest-agent,debian;fedora;ubuntu,3,DERIVATIVE_FAMILY
C1D,https://github.com/HewlettPackard/netperf::netserver,https://github.com/HewlettPackard/netperf,arch;debian;ubuntu,3,DERIVATIVE_FAMILY
C1D,https://github.com/Irqbalance/irqbalance::irqbalance,https://github.com/Irqbalance/irqbalance,debian;fedora;ubuntu,3,DERIVATIVE_FAMILY
C1D,https://github.com/OpenMandrivaSoftware/ossp::osspd,https://github.com/OpenMandrivaSoftware/ossp,arch;debian;ubuntu,3,DERIVATIVE_FAMILY
C1D,https://github.com/OpenPrinting/ipp-usb::ipp-usb,https://github.com/OpenPrinting/ipp-usb,arch;debian;fedora;ubuntu,4,DERIVATIVE_FAMILY
C1D,https://github.com/PixlOne/logiops::logid,https://github.com/PixlOne/logiops,debian;fedora;ubuntu,3,DERIVATIVE_FAMILY
C1D,https://github.com/SSSD/sssd::sssd,https://github.com/SSSD/sssd,arch;debian;fedora;ubuntu,4,DERIVATIVE_FAMILY
C1D,https://github.com/SSSD/sssd::sssd_autofs,https://github.com/SSSD/sssd,arch;debian;fedora;ubuntu,4,DERIVATIVE_FAMILY
C1D,https://github.com/SSSD/sssd::sssd_ifp,https://github.com/SSSD/sssd,arch;debian;fedora;ubuntu,4,DERIVATIVE_FAMILY
C1D,https://github.com/SSSD/sssd::sssd_kcm,https://github.com/SSSD/sssd,arch;debian;fedora;ubuntu,4,DERIVATIVE_FAMILY
C1D,https://github.com/SSSD/sssd::sssd_nss,https://github.com/SSSD/sssd,arch;debian;fedora;ubuntu,4,DERIVATIVE_FAMILY
C1D,https://github.com/SSSD/sssd::sssd_pac,https://github.com/SSSD/sssd,arch;debian;fedora;ubuntu,4,DERIVATIVE_FAMILY
C1D,https://github.com/SSSD/sssd::sssd_pam,https://github.com/SSSD/sssd,arch;debian;fedora;ubuntu,4,DERIVATIVE_FAMILY
C1D,https://github.com/SSSD/sssd::sssd_ssh,https://github.com/SSSD/sssd,arch;debian;fedora;ubuntu,4,DERIVATIVE_FAMILY
C1D,https://github.com/SSSD/sssd::sssd_sudo,https://github.com/SSSD/sssd,arch;debian;fedora;ubuntu,4,DERIVATIVE_FAMILY
C1D,https://github.com/SuperQ/smokeping_prober::prometheus-smokeping-prober,https://github.com/SuperQ/smokeping_prober,arch;debian;ubuntu,3,DERIVATIVE_FAMILY
C1D,https://github.com/adnanh/webhook::webhook,https://github.com/adnanh/webhook,arch;debian;ubuntu,3,DERIVATIVE_FAMILY
C1D,https://github.com/analogdevicesinc/libiio::iiod,https://github.com/analogdevicesinc/libiio,arch;debian;ubuntu,3,DERIVATIVE_FAMILY
C1D,https://github.com/ar-/incron::incrond,https://github.com/ar-/incron,arch;debian;fedora;ubuntu,4,DERIVATIVE_FAMILY
C1D,https://github.com/blueman-project/blueman::blueman-mechanism,https://github.com/blueman-project/blueman,arch;debian;fedora;ubuntu,4,DERIVATIVE_FAMILY
C1D,https://github.com/bus1/dbus-broker::dbus-broker-launch,https://github.com/bus1/dbus-broker,arch;debian;fedora;ubuntu,4,DERIVATIVE_FAMILY
C1D,https://github.com/cdown/zcfan::zcfan,https://github.com/cdown/zcfan,debian;fedora;ubuntu,3,DERIVATIVE_FAMILY
C1D,https://github.com/ckb-next/ckb-next::ckb-next-daemon,https://github.com/ckb-next/ckb-next,arch;debian;fedora;ubuntu,4,DERIVATIVE_FAMILY
C1D,https://github.com/cminyard/ser2net::ser2net,https://github.com/cminyard/ser2net,debian;fedora;ubuntu,3,DERIVATIVE_FAMILY
C1D,https://github.com/containernetworking/plugins::dhcp,https://github.com/containernetworking/plugins,arch;debian;fedora;ubuntu,4,DERIVATIVE_FAMILY
C1D,https://github.com/corosync/corosync-qdevice::corosync-qdevice,https://github.com/corosync/corosync-qdevice,debian;fedora;ubuntu,3,DERIVATIVE_FAMILY
C1D,https://github.com/corosync/corosync-qdevice::corosync-qnetd,https://github.com/corosync/corosync-qdevice,debian;fedora;ubuntu,3,DERIVATIVE_FAMILY
C1D,https://github.com/coturn/coturn::turnserver,https://github.com/coturn/coturn,arch;debian;ubuntu,3,DERIVATIVE_FAMILY
C1D,https://github.com/cronie-crond/cronie::crond,https://github.com/cronie-crond/cronie,arch;debian;fedora;ubuntu,4,DERIVATIVE_FAMILY
C1D,https://github.com/czerwonk/bird_exporter::prometheus-bird-exporter,https://github.com/czerwonk/bird_exporter,arch;debian;ubuntu,3,DERIVATIVE_FAMILY
C1D,https://github.com/ddccontrol/ddccontrol::ddccontrol_service,https://github.com/ddccontrol/ddccontrol,debian;fedora;ubuntu,3,DERIVATIVE_FAMILY
C1D,https://github.com/dlundquist/sniproxy::sniproxy,https://github.com/dlundquist/sniproxy,arch;debian;ubuntu,3,DERIVATIVE_FAMILY
C1D,https://github.com/evgeni/hdapsd::hdapsd,https://github.com/evgeni/hdapsd,debian;ubuntu,2,DERIVATIVE_FAMILY
C1D,https://github.com/evilsocket/opensnitch::opensnitchd,https://github.com/evilsocket/opensnitch,arch;debian;ubuntu,3,DERIVATIVE_FAMILY
C1D,https://github.com/facebookincubator/oomd::oomd,https://github.com/facebookincubator/oomd,debian;fedora;ubuntu,3,DERIVATIVE_FAMILY
C1D,https://github.com/fujita/tgt::tgtd,https://github.com/fujita/tgt,arch;debian;ubuntu,3,DERIVATIVE_FAMILY
C1D,https://github.com/fwupd/fwupd::fwupd,https://github.com/fwupd/fwupd,arch;debian;fedora;ubuntu,4,DERIVATIVE_FAMILY
C1D,https://github.com/fwupd/fwupd::fwupdmgr,https://github.com/fwupd/fwupd,arch;debian;fedora;ubuntu,4,DERIVATIVE_FAMILY
C1D,https://github.com/gnosek/fcgiwrap::fcgiwrap,https://github.com/gnosek/fcgiwrap,debian;ubuntu,2,DERIVATIVE_FAMILY
C1D,https://github.com/gridcf/gct::globus-gridftp-server,https://github.com/gridcf/gct,debian;fedora;ubuntu,3,DERIVATIVE_FAMILY
C1D,https://github.com/gssapi/gssproxy::gssproxy,https://github.com/gssapi/gssproxy,arch;debian;fedora;ubuntu,4,DERIVATIVE_FAMILY
C1D,https://github.com/hardinfo2/hardinfo2::upstream-unit::tools/hardinfo2.service,https://github.com/hardinfo2/hardinfo2,debian;fedora;ubuntu,3,DERIVATIVE_FAMILY
C1D,https://github.com/intel/ledmon::ledmon,https://github.com/intel/ledmon,debian;fedora;ubuntu,3,DERIVATIVE_FAMILY
C1D,https://github.com/intel/qatlib::qatmgr,https://github.com/intel/qatlib,debian;fedora;ubuntu,3,DERIVATIVE_FAMILY
C1D,https://github.com/intel/thermal_daemon::thermald,https://github.com/intel/thermal_daemon,arch;debian;ubuntu,3,DERIVATIVE_FAMILY
C1D,https://github.com/jonnenauha/prometheus_varnish_exporter::prometheus-varnish-exporter,https://github.com/jonnenauha/prometheus_varnish_exporter,arch;debian;ubuntu,3,DERIVATIVE_FAMILY
C1D,https://github.com/ksmtuned/ksmtuned::ksmctl,https://github.com/ksmtuned/ksmtuned,debian;fedora;ubuntu,3,DERIVATIVE_FAMILY
C1D,https://github.com/ksmtuned/ksmtuned::ksmtuned,https://github.com/ksmtuned/ksmtuned,debian;fedora;ubuntu,3,DERIVATIVE_FAMILY
C1D,https://github.com/latchset/clevis::clevis-luks-askpass,https://github.com/latchset/clevis,arch;debian;fedora;ubuntu,4,DERIVATIVE_FAMILY
C1D,https://github.com/libratbag/libratbag::ratbagd,https://github.com/libratbag/libratbag,arch;debian;fedora;ubuntu,4,DERIVATIVE_FAMILY
C1D,https://github.com/linux-application-whitelisting/fapolicyd::upstream-unit::init/fapolicyd.service,https://github.com/linux-application-whitelisting/fapolicyd,debian;ubuntu,2,DERIVATIVE_FAMILY
C1D,https://github.com/linux-msm/qbootctl::qbootctl,https://github.com/linux-msm/qbootctl,debian;fedora;ubuntu,3,DERIVATIVE_FAMILY
C1D,https://github.com/linux-msm/tqftpserv::tqftpserv,https://github.com/linux-msm/tqftpserv,debian;fedora;ubuntu,3,DERIVATIVE_FAMILY
C1D,https://github.com/linux-nvme/nvme-cli::upstream-unit::nvmf-autoconnect/systemd/nvmefc-boot-connections.service,https://github.com/linux-nvme/nvme-cli,arch;debian;fedora;ubuntu,4,DERIVATIVE_FAMILY
C1D,https://github.com/linux-rdma/opensm::sh,https://github.com/linux-rdma/opensm,debian;ubuntu,2,DERIVATIVE_FAMILY
C1D,https://github.com/linux-rdma/rdma-core::ibacm,https://github.com/linux-rdma/rdma-core,arch;debian;fedora;ubuntu,4,DERIVATIVE_FAMILY
C1D,https://github.com/linux-rdma/rdma-core::iwpmd,https://github.com/linux-rdma/rdma-core,arch;debian;fedora;ubuntu,4,DERIVATIVE_FAMILY
C1D,https://github.com/linux-rdma/rdma-core::rdma-ndd,https://github.com/linux-rdma/rdma-core,arch;debian;fedora;ubuntu,4,DERIVATIVE_FAMILY
C1D,https://github.com/linux-rdma/rdma-core::start_on_all_ports,https://github.com/linux-rdma/rdma-core,arch;debian;fedora;ubuntu,4,DERIVATIVE_FAMILY
C1D,https://github.com/linuxdeepin/deepin-boot-maker::upstream-unit::src/service/data/deepin-boot-maker.service,https://github.com/linuxdeepin/deepin-boot-maker,arch;debian;ubuntu,3,DERIVATIVE_FAMILY
C1D,https://github.com/logrotate/logrotate::upstream-unit::examples/logrotate.service,https://github.com/logrotate/logrotate,arch;debian;fedora;ubuntu,4,DERIVATIVE_FAMILY
C1D,https://github.com/mikebrady/shairport-sync::shairport-sync,https://github.com/mikebrady/shairport-sync,arch;debian;fedora;ubuntu,4,DERIVATIVE_FAMILY
C1D,https://github.com/nfs-ganesha/nfs-ganesha::bash,https://github.com/nfs-ganesha/nfs-ganesha,debian;fedora;ubuntu,3,DERIVATIVE_FAMILY
C1D,https://github.com/nfs-ganesha/nfs-ganesha::nfs-ganesha-config.sh,https://github.com/nfs-ganesha/nfs-ganesha,debian;fedora;ubuntu,3,DERIVATIVE_FAMILY
C1D,https://github.com/oliver006/redis_exporter::prometheus-redis-exporter,https://github.com/oliver006/redis_exporter,arch;debian;ubuntu,3,DERIVATIVE_FAMILY
C1D,https://github.com/open-iscsi/open-isns::isnsd,https://github.com/open-iscsi/open-isns,debian;fedora;ubuntu,3,DERIVATIVE_FAMILY
C1D,https://github.com/open-iscsi/open-isns::isnsdd,https://github.com/open-iscsi/open-isns,debian;ubuntu,2,DERIVATIVE_FAMILY
C1D,https://github.com/open-iscsi/tcmu-runner::upstream-unit::tcmu-runner.service,https://github.com/open-iscsi/tcmu-runner,debian;fedora;ubuntu,3,DERIVATIVE_FAMILY
C1D,https://github.com/opencryptoki/opencryptoki::pkcsslotd,https://github.com/opencryptoki/opencryptoki,debian;fedora;ubuntu,3,DERIVATIVE_FAMILY
C1D,https://github.com/oracle/ktls-utils::upstream-unit::systemd/tlshd.service,https://github.com/oracle/ktls-utils,debian;fedora;ubuntu,3,DERIVATIVE_FAMILY
C1D,https://github.com/pendulum-project/ntpd-rs::ntp-daemon,https://github.com/pendulum-project/ntpd-rs,debian;fedora;ubuntu,3,DERIVATIVE_FAMILY
C1D,https://github.com/pendulum-project/ntpd-rs::upstream-unit::docs/examples/conf/ntpd-rs-metrics.service,https://github.com/pendulum-project/ntpd-rs,debian;fedora;ubuntu,3,DERIVATIVE_FAMILY
C1D,https://github.com/pmem/ndctl::upstream-unit::cxl/cxl-monitor.service,https://github.com/pmem/ndctl,arch;debian;fedora;ubuntu,4,DERIVATIVE_FAMILY
C1D,https://github.com/pmem/ndctl::upstream-unit::ndctl/ndctl-monitor.service,https://github.com/pmem/ndctl,arch;debian;fedora;ubuntu,4,DERIVATIVE_FAMILY
C1D,https://github.com/polkit-org/polkit::polkitd,https://github.com/polkit-org/polkit,arch;debian;fedora;ubuntu,4,DERIVATIVE_FAMILY
C1D,https://github.com/pothosware/SoapyRemote::SoapySDRServer,https://github.com/pothosware/SoapyRemote,arch;debian;ubuntu,3,DERIVATIVE_FAMILY
C1D,https://github.com/prometheus-community/elasticsearch_exporter::prometheus-elasticsearch-exporter,https://github.com/prometheus-community/elasticsearch_exporter,arch;debian;ubuntu,3,DERIVATIVE_FAMILY
C1D,https://github.com/prometheus-community/ipmi_exporter::prometheus-ipmi-exporter,https://github.com/prometheus-community/ipmi_exporter,arch;debian;ubuntu,3,DERIVATIVE_FAMILY
C1D,https://github.com/prometheus-community/postgres_exporter::prometheus-postgres-exporter,https://github.com/prometheus-community/postgres_exporter,arch;debian;ubuntu,3,DERIVATIVE_FAMILY
C1D,https://github.com/prometheus/blackbox_exporter::prometheus-blackbox-exporter,https://github.com/prometheus/blackbox_exporter,arch;debian;ubuntu,3,DERIVATIVE_FAMILY
C1D,https://github.com/prometheus/mysqld_exporter::prometheus-mysqld-exporter,https://github.com/prometheus/mysqld_exporter,arch;debian;ubuntu,3,DERIVATIVE_FAMILY
C1D,https://github.com/prometheus/node_exporter::prometheus-node-exporter,https://github.com/prometheus/node_exporter,arch;debian;fedora;ubuntu,4,DERIVATIVE_FAMILY
C1D,https://github.com/prometheus/snmp_exporter::prometheus-snmp-exporter,https://github.com/prometheus/snmp_exporter,arch;debian;ubuntu,3,DERIVATIVE_FAMILY
C1D,https://github.com/pymumu/smartdns::smartdns,https://github.com/pymumu/smartdns,arch;debian;ubuntu,3,DERIVATIVE_FAMILY
C1D,https://github.com/rfjakob/earlyoom::earlyoom,https://github.com/rfjakob/earlyoom,arch;debian;fedora;ubuntu,4,DERIVATIVE_FAMILY
C1D,https://github.com/rpodgorny/uptimed::uptimed,https://github.com/rpodgorny/uptimed,arch;debian;fedora;ubuntu,4,DERIVATIVE_FAMILY
C1D,https://github.com/rvaiya/keyd::keyd.rvaiya,https://github.com/rvaiya/keyd,debian;ubuntu,2,DERIVATIVE_FAMILY
C1D,https://github.com/sddm/sddm::sddm,https://github.com/sddm/sddm,arch;debian;fedora;ubuntu,4,DERIVATIVE_FAMILY
C1D,https://github.com/skeeto/endlessh::endlessh,https://github.com/skeeto/endlessh,debian;fedora;ubuntu,3,DERIVATIVE_FAMILY
C1D,https://github.com/snapcore/snapd::snap-bootstrap,https://github.com/snapcore/snapd,debian;ubuntu,2,DERIVATIVE_FAMILY
C1D,https://github.com/snapcore/snapd::snapd,https://github.com/snapcore/snapd,debian;fedora;ubuntu,3,DERIVATIVE_FAMILY
C1D,https://github.com/snapcore/snapd::snapd-apparmor,https://github.com/snapcore/snapd,debian;fedora;ubuntu,3,DERIVATIVE_FAMILY
C1D,https://github.com/spanezz/nodm::sh,https://github.com/spanezz/nodm,debian;ubuntu,2,DERIVATIVE_FAMILY
C1D,https://github.com/systemd/systemd-bootchart::systemd-bootchart,https://github.com/systemd/systemd-bootchart,arch;debian;fedora;ubuntu,4,DERIVATIVE_FAMILY
C1D,https://github.com/trojan-gfw/trojan::trojan,https://github.com/trojan-gfw/trojan,arch;debian;fedora;ubuntu,4,DERIVATIVE_FAMILY
C1D,https://github.com/util-linux/util-linux::fstrim,https://github.com/util-linux/util-linux,arch;debian;ubuntu,3,DERIVATIVE_FAMILY
C1D,https://github.com/util-linux/util-linux::uuidd,https://github.com/util-linux/util-linux,arch;debian;ubuntu,3,DERIVATIVE_FAMILY
C1D,https://github.com/v2fly/v2ray-core::v2ray,https://github.com/v2fly/v2ray-core,arch;debian;ubuntu,3,DERIVATIVE_FAMILY
C1D,https://github.com/vmatare/thinkfan::thinkfan,https://github.com/vmatare/thinkfan,debian;fedora;ubuntu,3,DERIVATIVE_FAMILY
C1D,https://github.com/vmatare/thinkfan::upstream-unit::rcscripts/systemd/thinkfan-wakeup.service,https://github.com/vmatare/thinkfan,debian;fedora;ubuntu,3,DERIVATIVE_FAMILY
C1D,https://github.com/vmware/open-vm-tools::VGAuthService,https://github.com/vmware/open-vm-tools,debian;fedora;ubuntu,3,DERIVATIVE_FAMILY
C1D,https://github.com/vmware/open-vm-tools::vmtoolsd,https://github.com/vmware/open-vm-tools,arch;debian;fedora;ubuntu,4,DERIVATIVE_FAMILY
C1D,https://github.com/wb2osz/direwolf::direwolf,https://github.com/wb2osz/direwolf,debian;fedora;ubuntu,3,DERIVATIVE_FAMILY
C1D,https://github.com/ximion/btrfsd::btrfsd,https://github.com/ximion/btrfsd,debian;fedora;ubuntu,3,DERIVATIVE_FAMILY
C1D,https://github.com/zhuyaliang/group-service::group-admin-daemon,https://github.com/zhuyaliang/group-service,debian;fedora;ubuntu,3,DERIVATIVE_FAMILY
C1D,https://gitlab.com/interception/linux/tools::upstream-unit::udevmon.service,https://gitlab.com/interception/linux/tools,arch;debian;ubuntu,3,DERIVATIVE_FAMILY
C1D,https://gitlab.freedesktop.org/bolt/bolt::boltd,https://gitlab.freedesktop.org/bolt/bolt,arch;debian;fedora;ubuntu,4,DERIVATIVE_FAMILY
C1D,https://gitlab.freedesktop.org/hadess/iio-sensor-proxy::iio-sensor-proxy,https://gitlab.freedesktop.org/hadess/iio-sensor-proxy,arch;debian;fedora;ubuntu,4,DERIVATIVE_FAMILY
C1D,https://gitlab.freedesktop.org/hadess/low-memory-monitor::low-memory-monitor,https://gitlab.freedesktop.org/hadess/low-memory-monitor,debian;fedora;ubuntu,3,DERIVATIVE_FAMILY
C1D,https://gitlab.freedesktop.org/hadess/switcheroo-control::switcheroo-control,https://gitlab.freedesktop.org/hadess/switcheroo-control,arch;debian;fedora;ubuntu,4,DERIVATIVE_FAMILY
C1D,https://gitlab.freedesktop.org/upower/power-profiles-daemon::power-profiles-daemon,https://gitlab.freedesktop.org/upower/power-profiles-daemon,arch;debian;fedora;ubuntu,4,DERIVATIVE_FAMILY
C1D,https://grid.ncsa.illinois.edu/myproxy::upstream-unit::systemd/myproxy-server.service,https://grid.ncsa.illinois.edu/myproxy,debian;fedora;ubuntu,3,DERIVATIVE_FAMILY
C1D,https://hcpnet.free.fr/milter-greylist::milter-greylist,https://hcpnet.free.fr/milter-greylist,debian;fedora;ubuntu,3,DERIVATIVE_FAMILY
C1D,https://hitch-tls.org::hitch,https://hitch-tls.org,debian;fedora;ubuntu,3,DERIVATIVE_FAMILY
C1D,https://htcondor.org::upstream-unit::src/condor_examples/condor-annex-ec2.service,https://htcondor.org,debian;fedora;ubuntu,3,DERIVATIVE_FAMILY
C1D,https://htcondor.org::upstream-unit::src/condor_examples/condor.service,https://htcondor.org,debian;fedora;ubuntu,3,DERIVATIVE_FAMILY
C1D,https://httpd.apache.org::apachectl,https://httpd.apache.org,debian;ubuntu,2,DERIVATIVE_FAMILY
C1D,https://httpd.apache.org::htcacheclean,https://httpd.apache.org,debian;fedora;ubuntu,3,DERIVATIVE_FAMILY
C1D,https://humdi.net/vnstat::vnstatd,https://humdi.net/vnstat,arch;debian;fedora;ubuntu,4,DERIVATIVE_FAMILY
C1D,https://i2pd.website::i2pd,https://i2pd.website,arch;debian;ubuntu,3,DERIVATIVE_FAMILY
C1D,https://iwd.wiki.kernel.org::iwd,https://iwd.wiki.kernel.org,debian;fedora;ubuntu,3,DERIVATIVE_FAMILY
C1D,https://jabberd2.org::jabberd2-c2s,https://jabberd2.org,debian;ubuntu,2,DERIVATIVE_FAMILY
C1D,https://jabberd2.org::jabberd2-router,https://jabberd2.org,debian;ubuntu,2,DERIVATIVE_FAMILY
C1D,https://jabberd2.org::jabberd2-s2s,https://jabberd2.org,debian;ubuntu,2,DERIVATIVE_FAMILY
C1D,https://jabberd2.org::jabberd2-sm,https://jabberd2.org,debian;ubuntu,2,DERIVATIVE_FAMILY
C1D,https://jabberd2.org::true,https://jabberd2.org,debian;fedora;ubuntu,3,DERIVATIVE_FAMILY
C1D,https://kea.isc.org::kea-ctrl-agent,https://kea.isc.org,arch;debian;fedora;ubuntu,4,DERIVATIVE_FAMILY
C1D,https://kea.isc.org::kea-dhcp-ddns,https://kea.isc.org,arch;debian;fedora;ubuntu,4,DERIVATIVE_FAMILY
C1D,https://kea.isc.org::kea-dhcp4,https://kea.isc.org,arch;debian;fedora;ubuntu,4,DERIVATIVE_FAMILY
C1D,https://kea.isc.org::kea-dhcp6,https://kea.isc.org,arch;debian;fedora;ubuntu,4,DERIVATIVE_FAMILY
C1D,https://libreswan.org::pluto,https://libreswan.org,debian;fedora;ubuntu,3,DERIVATIVE_FAMILY
C1D,https://linux-nfs.org::rpc.gssd,https://linux-nfs.org,debian;fedora;ubuntu,3,DERIVATIVE_FAMILY
C1D,https://linux-nfs.org::upstream-unit::systemd/auth-rpcgss-module.service,https://linux-nfs.org,debian;ubuntu,2,DERIVATIVE_FAMILY
C1D,https://linux-nfs.org::upstream-unit::systemd/fsidd.service,https://linux-nfs.org,debian;fedora;ubuntu,3,DERIVATIVE_FAMILY
C1D,https://linux-nfs.org::upstream-unit::systemd/nfs-idmapd.service,https://linux-nfs.org,debian;fedora;ubuntu,3,DERIVATIVE_FAMILY
C1D,https://linux-nfs.org::upstream-unit::systemd/nfs-mountd.service,https://linux-nfs.org,debian;fedora;ubuntu,3,DERIVATIVE_FAMILY
C1D,https://linux-nfs.org::upstream-unit::systemd/nfs-server.service,https://linux-nfs.org,debian;ubuntu,2,DERIVATIVE_FAMILY
C1D,https://linux-nfs.org::upstream-unit::systemd/nfs-utils.service,https://linux-nfs.org,debian;fedora;ubuntu,3,DERIVATIVE_FAMILY
C1D,https://linux-nfs.org::upstream-unit::systemd/nfsdcld.service,https://linux-nfs.org,debian;fedora;ubuntu,3,DERIVATIVE_FAMILY
C1D,https://linux-nfs.org::upstream-unit::systemd/rpc-statd-notify.service,https://linux-nfs.org,debian;fedora;ubuntu,3,DERIVATIVE_FAMILY
C1D,https://linux-nfs.org::upstream-unit::systemd/rpc-statd.service,https://linux-nfs.org,debian;fedora;ubuntu,3,DERIVATIVE_FAMILY
C1D,https://linux-nfs.org::upstream-unit::systemd/rpc-svcgssd.service,https://linux-nfs.org,debian;ubuntu,2,DERIVATIVE_FAMILY
C1D,https://linuxcontainers.org/incus::incus-agent,https://linuxcontainers.org/incus,debian;ubuntu,2,DERIVATIVE_FAMILY
C1D,https://linuxcontainers.org/incus::incus-user,https://linuxcontainers.org/incus,arch;debian;fedora;ubuntu,4,DERIVATIVE_FAMILY
C1D,https://linuxcontainers.org/incus::startup,https://linuxcontainers.org/incus,debian;ubuntu,2,DERIVATIVE_FAMILY
C1D,https://linuxcontainers.org::lxc-containers,https://linuxcontainers.org,arch;debian;ubuntu,3,DERIVATIVE_FAMILY
C1D,https://linuxcontainers.org::lxc-monitord,https://linuxcontainers.org,arch;debian;ubuntu,3,DERIVATIVE_FAMILY
C1D,https://linuxcontainers.org::lxc-net,https://linuxcontainers.org,arch;debian;ubuntu,3,DERIVATIVE_FAMILY
C1D,https://linuxcontainers.org::lxcfs,https://linuxcontainers.org,arch;debian;ubuntu,3,DERIVATIVE_FAMILY
C1D,https://lttng.org::lttng-sessiond,https://lttng.org,debian;fedora;ubuntu,3,DERIVATIVE_FAMILY
C1D,https://memcached.org::systemd-memcached-wrapper,https://memcached.org,debian;ubuntu,2,DERIVATIVE_FAMILY
C1D,https://mgetty.greenie.net::faxrunqd,https://mgetty.greenie.net,debian;fedora;ubuntu,3,DERIVATIVE_FAMILY
C1D,https://miniflux.app::miniflux,https://miniflux.app,arch;debian;ubuntu,3,DERIVATIVE_FAMILY
C1D,https://mmonit.com/monit::monit,https://mmonit.com/monit,arch;debian;fedora;ubuntu,4,DERIVATIVE_FAMILY
C1D,https://mosquitto.org::mosquitto,https://mosquitto.org,arch;debian;fedora;ubuntu,4,DERIVATIVE_FAMILY
C1D,https://motion-project.github.io::motion,https://motion-project.github.io,arch;debian;ubuntu,3,DERIVATIVE_FAMILY
C1D,https://net-snmp.sourceforge.net::snmpd,https://net-snmp.sourceforge.net,debian;fedora;ubuntu,3,DERIVATIVE_FAMILY
C1D,https://net-snmp.sourceforge.net::snmptrapd,https://net-snmp.sourceforge.net,debian;fedora;ubuntu,3,DERIVATIVE_FAMILY
C1D,https://networkmanager.dev::nm-dispatcher,https://networkmanager.dev,arch;debian;fedora;ubuntu,4,DERIVATIVE_FAMILY
C1D,https://networkmanager.dev::nm-priv-helper,https://networkmanager.dev,arch;debian;fedora;ubuntu,4,DERIVATIVE_FAMILY
C1D,https://networkupstools.org::upsd,https://networkupstools.org,arch;debian;ubuntu,3,DERIVATIVE_FAMILY
C1D,https://networkupstools.org::upsmon,https://networkupstools.org,arch;debian;ubuntu,3,DERIVATIVE_FAMILY
C1D,https://nghttp2.org::nghttpx,https://nghttp2.org,debian;fedora;ubuntu,3,DERIVATIVE_FAMILY
C1D,https://ngircd.barton.de::ngircd,https://ngircd.barton.de,debian;fedora;ubuntu,3,DERIVATIVE_FAMILY
C1D,https://oidentd.janikrabe.com::sh,https://oidentd.janikrabe.com,debian;ubuntu,2,DERIVATIVE_FAMILY
C1D,https://omniorb.sourceforge.net::omniNames,https://omniorb.sourceforge.net,debian;fedora;ubuntu,3,DERIVATIVE_FAMILY
C1D,https://oss.oetiker.ch/mrtg::upstream-unit::contrib/debian-systemd/mrtg.service,https://oss.oetiker.ch/mrtg,debian;ubuntu,2,DERIVATIVE_FAMILY
C1D,https://pagure.io/certmonger::certmonger,https://pagure.io/certmonger,debian;fedora;ubuntu,3,DERIVATIVE_FAMILY
C1D,https://pagure.io/dlm::dlm_controld,https://pagure.io/dlm,debian;fedora;ubuntu,3,DERIVATIVE_FAMILY
C1D,https://pagure.io/numad::numad,https://pagure.io/numad,debian;fedora;ubuntu,3,DERIVATIVE_FAMILY
C1D,https://pagure.io/oddjob::oddjobd,https://pagure.io/oddjob,debian;fedora;ubuntu,3,DERIVATIVE_FAMILY
C1D,https://pcp.io::pcp-geolocate,https://pcp.io,arch;debian;fedora;ubuntu,4,DERIVATIVE_FAMILY
C1D,https://pcp.io::pcp-reboot-init,https://pcp.io,debian;ubuntu,2,DERIVATIVE_FAMILY
C1D,https://pcp.io::pmcd,https://pcp.io,arch;debian;fedora;ubuntu,4,DERIVATIVE_FAMILY
C1D,https://pcp.io::pmfind_check,https://pcp.io,arch;debian;fedora;ubuntu,4,DERIVATIVE_FAMILY
C1D,https://pcp.io::pmie_check,https://pcp.io,arch;debian;fedora;ubuntu,4,DERIVATIVE_FAMILY
C1D,https://pcp.io::pmie_daily,https://pcp.io,arch;debian;fedora;ubuntu,4,DERIVATIVE_FAMILY
C1D,https://pcp.io::pmie_farm,https://pcp.io,arch;debian;fedora;ubuntu,4,DERIVATIVE_FAMILY
C1D,https://pcp.io::pmiectl,https://pcp.io,arch;debian;fedora;ubuntu,4,DERIVATIVE_FAMILY
C1D,https://pcp.io::pmlogctl,https://pcp.io,arch;debian;fedora;ubuntu,4,DERIVATIVE_FAMILY
C1D,https://pcp.io::pmlogger_check,https://pcp.io,arch;debian;fedora;ubuntu,4,DERIVATIVE_FAMILY
C1D,https://pcp.io::pmlogger_farm,https://pcp.io,arch;debian;fedora;ubuntu,4,DERIVATIVE_FAMILY
C1D,https://pcsclite.apdu.fr::pcscd,https://pcsclite.apdu.fr,arch;debian;fedora;ubuntu,4,DERIVATIVE_FAMILY
C1D,https://plocate.sesse.net::updatedb.plocate,https://plocate.sesse.net,debian;ubuntu,2,DERIVATIVE_FAMILY
C1D,https://prometheus.io::prometheus,https://prometheus.io,arch;debian;ubuntu,3,DERIVATIVE_FAMILY
C1D,https://qosient.com/argus::radium,https://qosient.com/argus,debian;ubuntu,2,DERIVATIVE_FAMILY
C1D,https://qosient.com/argus::rastream,https://qosient.com/argus,debian;ubuntu,2,DERIVATIVE_FAMILY
C1D,https://radsecproxy.github.io::radsecproxy,https://radsecproxy.github.io,debian;fedora;ubuntu,3,DERIVATIVE_FAMILY
C1D,https://rspamd.com::upstream-unit::rspamd.service,https://rspamd.com,debian;ubuntu,2,DERIVATIVE_FAMILY
C1D,https://rsync.samba.org::upstream-unit::packaging/systemd/rsync.service,https://rsync.samba.org,arch;debian;ubuntu,3,DERIVATIVE_FAMILY
C1D,https://salsa.debian.org/consolation-team/consolation::consolation,https://salsa.debian.org/consolation-team/consolation,debian;fedora;ubuntu,3,DERIVATIVE_FAMILY
C1D,https://slurm.schedmd.com::sackd,https://slurm.schedmd.com,debian;ubuntu,2,DERIVATIVE_FAMILY
C1D,https://slurm.schedmd.com::slurmctld,https://slurm.schedmd.com,debian;fedora;ubuntu,3,DERIVATIVE_FAMILY
C1D,https://slurm.schedmd.com::slurmd,https://slurm.schedmd.com,debian;fedora;ubuntu,3,DERIVATIVE_FAMILY
C1D,https://slurm.schedmd.com::slurmdbd,https://slurm.schedmd.com,debian;fedora;ubuntu,3,DERIVATIVE_FAMILY
C1D,https://slurm.schedmd.com::slurmrestd,https://slurm.schedmd.com,debian;fedora;ubuntu,3,DERIVATIVE_FAMILY
C1D,https://snapper.io::snapper,https://snapper.io,debian;ubuntu,2,DERIVATIVE_FAMILY
C1D,https://snapper.io::snapperd,https://snapper.io,debian;ubuntu,2,DERIVATIVE_FAMILY
C1D,https://snapper.io::upstream-unit::data/cleanup.service,https://snapper.io,arch;debian;ubuntu,3,DERIVATIVE_FAMILY
C1D,https://snapper.io::upstream-unit::data/timeline.service,https://snapper.io,arch;debian;ubuntu,3,DERIVATIVE_FAMILY
C1D,https://soju.im::soju,https://soju.im,arch;debian;ubuntu,3,DERIVATIVE_FAMILY
C1D,https://sourceforge.net/projects/acpid2::acpid,https://sourceforge.net/projects/acpid2,arch;debian;fedora;ubuntu,4,DERIVATIVE_FAMILY
C1D,https://sourceforge.net/projects/atftp::in.tftpd,https://sourceforge.net/projects/atftp,debian;ubuntu,2,DERIVATIVE_FAMILY
C1D,https://sourceforge.net/projects/linuxquota::quota-initial-check.sh,https://sourceforge.net/projects/linuxquota,debian;ubuntu,2,DERIVATIVE_FAMILY
C1D,https://sourceforge.net/projects/linuxquota::quotarpc.sh,https://sourceforge.net/projects/linuxquota,debian;ubuntu,2,DERIVATIVE_FAMILY
C1D,https://sourceforge.net/projects/minidlna::minidlnad,https://sourceforge.net/projects/minidlna,arch;debian;fedora;ubuntu,4,DERIVATIVE_FAMILY
C1D,https://sourceforge.net/projects/rpcbind::rpcbind,https://sourceforge.net/projects/rpcbind,debian;fedora;ubuntu,3,DERIVATIVE_FAMILY
C1D,https://sourceforge.net/projects/slim-fork::slim,https://sourceforge.net/projects/slim-fork,debian;fedora;ubuntu,3,DERIVATIVE_FAMILY
C1D,https://sourceware.org/lvm2::dmeventd,https://sourceware.org/lvm2,debian;fedora;ubuntu,3,DERIVATIVE_FAMILY
C1D,https://sourceware.org/lvm2::lvmlockd,https://sourceware.org/lvm2,debian;fedora;ubuntu,3,DERIVATIVE_FAMILY
C1D,https://sourceware.org/lvm2::lvmpolld,https://sourceware.org/lvm2,arch;debian;fedora;ubuntu,4,DERIVATIVE_FAMILY
C1D,https://sourceware.org/lvm2::true,https://sourceware.org/lvm2,arch;debian;fedora;ubuntu,4,DERIVATIVE_FAMILY
C1D,https://spacenav.sourceforge.net::spacenavd,https://spacenav.sourceforge.net,debian;fedora;ubuntu,3,DERIVATIVE_FAMILY
C1D,https://sr.ht/~kennylevinsen/seatd::seatd,https://sr.ht/~kennylevinsen/seatd,debian;ubuntu,2,DERIVATIVE_FAMILY
C1D,https://suricata.io::suricata,https://suricata.io,debian;fedora;ubuntu,3,DERIVATIVE_FAMILY
C1D,https://sysstat.github.io::sa2,https://sysstat.github.io,arch;debian;fedora;ubuntu,4,DERIVATIVE_FAMILY
C1D,https://systemd.io::agetty,https://systemd.io,debian;fedora;ubuntu,3,DERIVATIVE_FAMILY
C1D,https://systemd.io::kmod,https://systemd.io,debian;fedora;ubuntu,3,DERIVATIVE_FAMILY
C1D,https://systemd.io::quotaon,https://systemd.io,debian;fedora;ubuntu,3,DERIVATIVE_FAMILY
C1D,https://systemd.io::rc.local,https://systemd.io,debian;fedora;ubuntu,3,DERIVATIVE_FAMILY
C1D,https://systemd.io::systemd-battery-check,https://systemd.io,debian;fedora;ubuntu,3,DERIVATIVE_FAMILY
C1D,https://systemd.io::systemd-binfmt,https://systemd.io,debian;fedora;ubuntu,3,DERIVATIVE_FAMILY
C1D,https://systemd.io::systemd-bless-boot,https://systemd.io,debian;fedora;ubuntu,3,DERIVATIVE_FAMILY
C1D,https://systemd.io::systemd-boot-check-no-failures,https://systemd.io,debian;fedora;ubuntu,3,DERIVATIVE_FAMILY
C1D,https://systemd.io::systemd-bsod,https://systemd.io,debian;fedora;ubuntu,3,DERIVATIVE_FAMILY
C1D,https://systemd.io::systemd-fsck,https://systemd.io,debian;fedora;ubuntu,3,DERIVATIVE_FAMILY
C1D,https://systemd.io::systemd-growfs,https://systemd.io,debian;fedora;ubuntu,3,DERIVATIVE_FAMILY
C1D,https://systemd.io::systemd-homed,https://systemd.io,debian;fedora;ubuntu,3,DERIVATIVE_FAMILY
C1D,https://systemd.io::systemd-hostnamed,https://systemd.io,debian;fedora;ubuntu,3,DERIVATIVE_FAMILY
C1D,https://systemd.io::systemd-hwdb,https://systemd.io,debian;fedora;ubuntu,3,DERIVATIVE_FAMILY
C1D,https://systemd.io::systemd-importd,https://systemd.io,debian;fedora;ubuntu,3,DERIVATIVE_FAMILY
C1D,https://systemd.io::systemd-journal-gatewayd,https://systemd.io,debian;fedora;ubuntu,3,DERIVATIVE_FAMILY
C1D,https://systemd.io::systemd-journal-remote,https://systemd.io,debian;fedora;ubuntu,3,DERIVATIVE_FAMILY
C1D,https://systemd.io::systemd-journal-upload,https://systemd.io,debian;fedora;ubuntu,3,DERIVATIVE_FAMILY
C1D,https://systemd.io::systemd-journald,https://systemd.io,debian;fedora;ubuntu,3,DERIVATIVE_FAMILY
C1D,https://systemd.io::systemd-localed,https://systemd.io,debian;fedora;ubuntu,3,DERIVATIVE_FAMILY
C1D,https://systemd.io::systemd-logind,https://systemd.io,debian;fedora;ubuntu,3,DERIVATIVE_FAMILY
C1D,https://systemd.io::systemd-machined,https://systemd.io,debian;fedora;ubuntu,3,DERIVATIVE_FAMILY
C1D,https://systemd.io::systemd-modules-load,https://systemd.io,debian;fedora;ubuntu,3,DERIVATIVE_FAMILY
C1D,https://systemd.io::systemd-mountfsd,https://systemd.io,debian;fedora;ubuntu,3,DERIVATIVE_FAMILY
C1D,https://systemd.io::systemd-networkd,https://systemd.io,debian;fedora;ubuntu,3,DERIVATIVE_FAMILY
C1D,https://systemd.io::systemd-networkd-wait-online,https://systemd.io,debian;fedora;ubuntu,3,DERIVATIVE_FAMILY
C1D,https://systemd.io::systemd-nsresourced,https://systemd.io,debian;fedora;ubuntu,3,DERIVATIVE_FAMILY
C1D,https://systemd.io::systemd-oomd,https://systemd.io,debian;fedora;ubuntu,3,DERIVATIVE_FAMILY
C1D,https://systemd.io::systemd-portabled,https://systemd.io,debian;fedora;ubuntu,3,DERIVATIVE_FAMILY
C1D,https://systemd.io::systemd-pstore,https://systemd.io,debian;fedora;ubuntu,3,DERIVATIVE_FAMILY
C1D,https://systemd.io::systemd-quotacheck,https://systemd.io,debian;fedora;ubuntu,3,DERIVATIVE_FAMILY
C1D,https://systemd.io::systemd-random-seed,https://systemd.io,debian;fedora;ubuntu,3,DERIVATIVE_FAMILY
C1D,https://systemd.io::systemd-remount-fs,https://systemd.io,debian;fedora;ubuntu,3,DERIVATIVE_FAMILY
C1D,https://systemd.io::systemd-resolved,https://systemd.io,debian;fedora;ubuntu,3,DERIVATIVE_FAMILY
C1D,https://systemd.io::systemd-rfkill,https://systemd.io,debian;fedora;ubuntu,3,DERIVATIVE_FAMILY
C1D,https://systemd.io::systemd-storagetm,https://systemd.io,debian;fedora;ubuntu,3,DERIVATIVE_FAMILY
C1D,https://systemd.io::systemd-sysctl,https://systemd.io,debian;fedora;ubuntu,3,DERIVATIVE_FAMILY
C1D,https://systemd.io::systemd-time-wait-sync,https://systemd.io,debian;fedora;ubuntu,3,DERIVATIVE_FAMILY
C1D,https://systemd.io::systemd-timedated,https://systemd.io,debian;fedora;ubuntu,3,DERIVATIVE_FAMILY
C1D,https://systemd.io::systemd-timesyncd,https://systemd.io,debian;fedora;ubuntu,3,DERIVATIVE_FAMILY
C1D,https://systemd.io::systemd-udevd,https://systemd.io,debian;fedora;ubuntu,3,DERIVATIVE_FAMILY
C1D,https://systemd.io::systemd-update-done,https://systemd.io,debian;fedora;ubuntu,3,DERIVATIVE_FAMILY
C1D,https://systemd.io::systemd-user-sessions,https://systemd.io,debian;fedora;ubuntu,3,DERIVATIVE_FAMILY
C1D,https://systemd.io::systemd-userdbd,https://systemd.io,debian;fedora;ubuntu,3,DERIVATIVE_FAMILY
C1D,https://systemd.io::systemd-volatile-root,https://systemd.io,debian;fedora;ubuntu,3,DERIVATIVE_FAMILY
C1D,https://systemd.io::upstream-unit::units/initrd-cleanup.service,https://systemd.io,debian;fedora;ubuntu,3,DERIVATIVE_FAMILY
C1D,https://systemd.io::upstream-unit::units/initrd-switch-root.service,https://systemd.io,debian;fedora;ubuntu,3,DERIVATIVE_FAMILY
C1D,https://systemd.io::upstream-unit::units/initrd-udevadm-cleanup-db.service,https://systemd.io,debian;fedora;ubuntu,3,DERIVATIVE_FAMILY
C1D,https://systemd.io::upstream-unit::units/ldconfig.service,https://systemd.io,debian;fedora;ubuntu,3,DERIVATIVE_FAMILY
C1D,https://systemd.io::upstream-unit::units/system-update-cleanup.service,https://systemd.io,debian;fedora;ubuntu,3,DERIVATIVE_FAMILY
C1D,https://systemd.io::upstream-unit::units/systemd-ask-password-console.service,https://systemd.io,debian;fedora;ubuntu,3,DERIVATIVE_FAMILY
C1D,https://systemd.io::upstream-unit::units/systemd-ask-password-wall.service,https://systemd.io,debian;fedora;ubuntu,3,DERIVATIVE_FAMILY
C1D,https://systemd.io::upstream-unit::units/systemd-boot-random-seed.service,https://systemd.io,debian;fedora;ubuntu,3,DERIVATIVE_FAMILY
C1D,https://systemd.io::upstream-unit::units/systemd-boot-update.service,https://systemd.io,debian;fedora;ubuntu,3,DERIVATIVE_FAMILY
C1D,https://systemd.io::upstream-unit::units/systemd-confext.service,https://systemd.io,debian;fedora;ubuntu,3,DERIVATIVE_FAMILY
C1D,https://systemd.io::upstream-unit::units/systemd-exit.service,https://systemd.io,debian;fedora;ubuntu,3,DERIVATIVE_FAMILY
C1D,https://systemd.io::upstream-unit::units/systemd-firstboot.service,https://systemd.io,debian;fedora;ubuntu,3,DERIVATIVE_FAMILY
C1D,https://systemd.io::upstream-unit::units/systemd-halt.service,https://systemd.io,debian;fedora;ubuntu,3,DERIVATIVE_FAMILY
C1D,https://systemd.io::upstream-unit::units/systemd-homed-activate.service,https://systemd.io,debian;fedora;ubuntu,3,DERIVATIVE_FAMILY
C1D,https://systemd.io::upstream-unit::units/systemd-homed-firstboot.service,https://systemd.io,debian;fedora;ubuntu,3,DERIVATIVE_FAMILY
C1D,https://systemd.io::upstream-unit::units/systemd-journal-catalog-update.service,https://systemd.io,debian;fedora;ubuntu,3,DERIVATIVE_FAMILY
C1D,https://systemd.io::upstream-unit::units/systemd-journal-flush.service,https://systemd.io,debian;fedora;ubuntu,3,DERIVATIVE_FAMILY
C1D,https://systemd.io::upstream-unit::units/systemd-kexec.service,https://systemd.io,debian;fedora;ubuntu,3,DERIVATIVE_FAMILY
C1D,https://systemd.io::upstream-unit::units/systemd-machine-id-commit.service,https://systemd.io,debian;fedora;ubuntu,3,DERIVATIVE_FAMILY
C1D,https://systemd.io::upstream-unit::units/systemd-networkd-persistent-storage.service,https://systemd.io,debian;fedora;ubuntu,3,DERIVATIVE_FAMILY
C1D,https://systemd.io::upstream-unit::units/systemd-poweroff.service,https://systemd.io,debian;fedora;ubuntu,3,DERIVATIVE_FAMILY
C1D,https://systemd.io::upstream-unit::units/systemd-reboot.service,https://systemd.io,debian;fedora;ubuntu,3,DERIVATIVE_FAMILY
C1D,https://systemd.io::upstream-unit::units/systemd-repart.service,https://systemd.io,debian;fedora;ubuntu,3,DERIVATIVE_FAMILY
C1D,https://systemd.io::upstream-unit::units/systemd-soft-reboot.service,https://systemd.io,debian;fedora;ubuntu,3,DERIVATIVE_FAMILY
C1D,https://systemd.io::upstream-unit::units/systemd-sysext.service,https://systemd.io,debian;fedora;ubuntu,3,DERIVATIVE_FAMILY
C1D,https://systemd.io::upstream-unit::units/systemd-sysusers.service,https://systemd.io,debian;fedora;ubuntu,3,DERIVATIVE_FAMILY
C1D,https://systemd.io::upstream-unit::units/systemd-tmpfiles-clean.service,https://systemd.io,debian;fedora;ubuntu,3,DERIVATIVE_FAMILY
C1D,https://systemd.io::upstream-unit::units/systemd-tmpfiles-setup-dev-early.service,https://systemd.io,debian;fedora;ubuntu,3,DERIVATIVE_FAMILY
C1D,https://systemd.io::upstream-unit::units/systemd-tmpfiles-setup-dev.service,https://systemd.io,debian;fedora;ubuntu,3,DERIVATIVE_FAMILY
C1D,https://systemd.io::upstream-unit::units/systemd-tmpfiles-setup.service,https://systemd.io,debian;fedora;ubuntu,3,DERIVATIVE_FAMILY
C1D,https://systemd.io::upstream-unit::units/systemd-udev-load-credentials.service,https://systemd.io,debian;fedora;ubuntu,3,DERIVATIVE_FAMILY
C1D,https://systemd.io::upstream-unit::units/systemd-udev-settle.service,https://systemd.io,debian;fedora;ubuntu,3,DERIVATIVE_FAMILY
C1D,https://systemd.io::upstream-unit::units/systemd-udev-trigger.service,https://systemd.io,debian;fedora;ubuntu,3,DERIVATIVE_FAMILY
C1D,https://tetrinetx.sourceforge.net::tetrinetx,https://tetrinetx.sourceforge.net,debian;fedora;ubuntu,3,DERIVATIVE_FAMILY
C1D,https://trousers.sourceforge.net::tcsd,https://trousers.sourceforge.net,debian;fedora;ubuntu,3,DERIVATIVE_FAMILY
C1D,https://unix4lyfe.org/darkstat::darkstat,https://unix4lyfe.org/darkstat,arch;debian;fedora;ubuntu,4,DERIVATIVE_FAMILY
C1D,https://upower.freedesktop.org::upowerd,https://upower.freedesktop.org,arch;debian;fedora;ubuntu,4,DERIVATIVE_FAMILY
C1D,https://usbguard.github.io::usbguard-daemon,https://usbguard.github.io,debian;fedora;ubuntu,3,DERIVATIVE_FAMILY
C1D,https://usbguard.github.io::usbguard-dbus,https://usbguard.github.io,debian;fedora;ubuntu,3,DERIVATIVE_FAMILY
C1D,https://valkey.io::valkey-sentinel,https://valkey.io,arch;debian;fedora;ubuntu,4,DERIVATIVE_FAMILY
C1D,https://valkey.io::valkey-server,https://valkey.io,arch;debian;fedora;ubuntu,4,DERIVATIVE_FAMILY
C1D,https://w1.fi/wpa_supplicant::hostapd,https://w1.fi/wpa_supplicant,debian;ubuntu,2,DERIVATIVE_FAMILY
C1D,https://w1.fi/wpa_supplicant::wpa_supplicant,https://w1.fi/wpa_supplicant,arch;debian;fedora;ubuntu,4,DERIVATIVE_FAMILY
C1D,https://wammu.eu/gammu::gammu-smsd,https://wammu.eu/gammu,arch;debian;fedora;ubuntu,4,DERIVATIVE_FAMILY
C1D,https://web.mit.edu/kerberos::kadmind,https://web.mit.edu/kerberos,arch;debian;ubuntu,3,DERIVATIVE_FAMILY
C1D,https://web.mit.edu/kerberos::kpropd,https://web.mit.edu/kerberos,arch;debian;ubuntu,3,DERIVATIVE_FAMILY
C1D,https://web.mit.edu/kerberos::krb5kdc,https://web.mit.edu/kerberos,arch;debian;ubuntu,3,DERIVATIVE_FAMILY
C1D,https://wiki.gnome.org/Projects/GDM::gdm3,https://wiki.gnome.org/Projects/GDM,debian;ubuntu,2,DERIVATIVE_FAMILY
C1D,https://www.anope.org::anope,https://www.anope.org,debian;fedora;ubuntu,3,DERIVATIVE_FAMILY
C1D,https://www.apcupsd.org::apcupsd,https://www.apcupsd.org,arch;debian;ubuntu,3,DERIVATIVE_FAMILY
C1D,https://www.bacula.org::bacula-dir,https://www.bacula.org,debian;fedora;ubuntu,3,DERIVATIVE_FAMILY
C1D,https://www.bacula.org::bacula-fd,https://www.bacula.org,debian;fedora;ubuntu,3,DERIVATIVE_FAMILY
C1D,https://www.bacula.org::bacula-sd,https://www.bacula.org,debian;fedora;ubuntu,3,DERIVATIVE_FAMILY
C1D,https://www.bluez.org::bluetooth-meshd,https://www.bluez.org,arch;debian;fedora;ubuntu,4,DERIVATIVE_FAMILY
C1D,https://www.bluez.org::bluetoothd,https://www.bluez.org,arch;debian;fedora;ubuntu,4,DERIVATIVE_FAMILY
C1D,https://www.cipherdyne.org/psad::psad,https://www.cipherdyne.org/psad,debian;fedora;ubuntu,3,DERIVATIVE_FAMILY
C1D,https://www.clamav.net::clamd,https://www.clamav.net,arch;debian;ubuntu,3,DERIVATIVE_FAMILY
C1D,https://www.clamav.net::clamonacc,https://www.clamav.net,arch;debian;fedora;ubuntu,4,DERIVATIVE_FAMILY
C1D,https://www.clusterlabs.org::pacemaker-remoted,https://www.clusterlabs.org,debian;fedora;ubuntu,3,DERIVATIVE_FAMILY
C1D,https://www.clusterlabs.org::pacemakerd,https://www.clusterlabs.org,debian;fedora;ubuntu,3,DERIVATIVE_FAMILY
C1D,https://www.conserver.com::conserver,https://www.conserver.com,debian;fedora;ubuntu,3,DERIVATIVE_FAMILY
C1D,https://www.cyrusimap.org/sasl::saslauthd,https://www.cyrusimap.org/sasl,arch;debian;fedora;ubuntu,4,DERIVATIVE_FAMILY
C1D,https://www.cyrusimap.org::cyrmaster,https://www.cyrusimap.org,debian;ubuntu,2,DERIVATIVE_FAMILY
C1D,https://www.drbd.org::upstream-unit::scripts/drbd.service,https://www.drbd.org,debian;ubuntu,2,DERIVATIVE_FAMILY
C1D,https://www.ejabberd.im::sh,https://www.ejabberd.im,debian;ubuntu,2,DERIVATIVE_FAMILY
C1D,https://www.erlang.org::epmd,https://www.erlang.org,debian;fedora;ubuntu,3,DERIVATIVE_FAMILY
C1D,https://www.exim.org::exim4-base,https://www.exim.org,debian;ubuntu,2,DERIVATIVE_FAMILY
C1D,https://www.eyrie.org/~eagle/software/inn::rc.news,https://www.eyrie.org/~eagle/software/inn,debian;fedora;ubuntu,3,DERIVATIVE_FAMILY
C1D,https://www.freedesktop.org/software/PackageKit::packagekitd,https://www.freedesktop.org/software/PackageKit,arch;debian;fedora;ubuntu,4,DERIVATIVE_FAMILY
C1D,https://www.freedesktop.org/software/PackageKit::pk-offline-update,https://www.freedesktop.org/software/PackageKit,arch;debian;fedora;ubuntu,4,DERIVATIVE_FAMILY
C1D,https://www.freedesktop.org/software/colord::colord,https://www.freedesktop.org/software/colord,arch;debian;fedora;ubuntu,4,DERIVATIVE_FAMILY
C1D,https://www.freedesktop.org/wiki/Software/AccountsService::accounts-daemon,https://www.freedesktop.org/wiki/Software/AccountsService,debian;fedora;ubuntu,3,DERIVATIVE_FAMILY
C1D,https://www.freedesktop.org/wiki/Software/ModemManager::ModemManager,https://www.freedesktop.org/wiki/Software/ModemManager,arch;debian;ubuntu,3,DERIVATIVE_FAMILY
C1D,https://www.freedesktop.org/wiki/Software/Plymouth::systemd-tty-ask-password-agent,https://www.freedesktop.org/wiki/Software/Plymouth,arch;debian;fedora;ubuntu,4,DERIVATIVE_FAMILY
C1D,https://www.freedesktop.org/wiki/Software/fprint/fprintd::fprintd,https://www.freedesktop.org/wiki/Software/fprint/fprintd,debian;fedora;ubuntu,3,DERIVATIVE_FAMILY
C1D,https://www.freedesktop.org/wiki/Software/udisks::udisksd,https://www.freedesktop.org/wiki/Software/udisks,arch;debian;ubuntu,3,DERIVATIVE_FAMILY
C1D,https://www.freeipa.org::ipa-epn,https://www.freeipa.org,debian;fedora;ubuntu,3,DERIVATIVE_FAMILY
C1D,https://www.freeradius.org::freeradius,https://www.freeradius.org,debian;ubuntu,2,DERIVATIVE_FAMILY
C1D,https://www.gluster.org::glusterd,https://www.gluster.org,arch;debian;ubuntu,3,DERIVATIVE_FAMILY
C1D,https://www.gluster.org::glustereventsd,https://www.gluster.org,arch;debian;ubuntu,3,DERIVATIVE_FAMILY
C1D,https://www.gluster.org::glusterfsd,https://www.gluster.org,arch;debian;ubuntu,3,DERIVATIVE_FAMILY
C1D,https://www.gluster.org::mount-shared-storage.sh,https://www.gluster.org,arch;debian;ubuntu,3,DERIVATIVE_FAMILY
C1D,https://www.gnu.org/software/acct::accton,https://www.gnu.org/software/acct,debian;fedora;ubuntu,3,DERIVATIVE_FAMILY
C1D,https://www.gnu.org/software/freeipmi::bmc-watchdog,https://www.gnu.org/software/freeipmi,arch;debian;fedora;ubuntu,4,DERIVATIVE_FAMILY
C1D,https://www.gnu.org/software/freeipmi::ipmidetectd,https://www.gnu.org/software/freeipmi,arch;debian;fedora;ubuntu,4,DERIVATIVE_FAMILY
C1D,https://www.gnu.org/software/freeipmi::ipmiseld,https://www.gnu.org/software/freeipmi,arch;debian;fedora;ubuntu,4,DERIVATIVE_FAMILY
C1D,https://www.gnu.org/software/inetutils::inetutils-inetd,https://www.gnu.org/software/inetutils,debian;ubuntu,2,DERIVATIVE_FAMILY
C1D,https://www.gnu.org/software/inetutils::syslogd,https://www.gnu.org/software/inetutils,debian;ubuntu,2,DERIVATIVE_FAMILY
C1D,https://www.haproxy.org::haproxy,https://www.haproxy.org,arch;debian;fedora;ubuntu,4,DERIVATIVE_FAMILY
C1D,https://www.imapproxy.org::imapproxyd,https://www.imapproxy.org,debian;ubuntu,2,DERIVATIVE_FAMILY
C1D,https://www.infradead.org/~dhowells/kafs::kafs-preload,https://www.infradead.org/~dhowells/kafs,debian;fedora;ubuntu,3,DERIVATIVE_FAMILY
C1D,https://www.isc.org/downloads/bind::sh,https://www.isc.org/downloads/bind,debian;ubuntu,2,DERIVATIVE_FAMILY
C1D,https://www.knot-dns.cz::knotd,https://www.knot-dns.cz,arch;debian;fedora;ubuntu,4,DERIVATIVE_FAMILY
C1D,https://www.linux-pam.org::pam_namespace_helper,https://www.linux-pam.org,debian;fedora;ubuntu,3,DERIVATIVE_FAMILY
C1D,https://www.litech.org/radvd::radvd,https://www.litech.org/radvd,arch;debian;ubuntu,3,DERIVATIVE_FAMILY
C1D,https://www.luanti.org::luantiserver,https://www.luanti.org,debian;ubuntu,2,DERIVATIVE_FAMILY
C1D,https://www.msweet.org/lprint::lprint,https://www.msweet.org/lprint,arch;debian;fedora;ubuntu,4,DERIVATIVE_FAMILY
C1D,https://www.mumble.info::mumble-server,https://www.mumble.info,arch;debian;fedora;ubuntu,4,DERIVATIVE_FAMILY
C1D,https://www.musicpd.org/clients/mpdscribble::mpdscribble,https://www.musicpd.org/clients/mpdscribble,arch;debian;fedora;ubuntu,4,DERIVATIVE_FAMILY
C1D,https://www.musicpd.org::mpd,https://www.musicpd.org,arch;debian;fedora;ubuntu,4,DERIVATIVE_FAMILY
C1D,https://www.netfilter.org/projects/ulogd::ulogd,https://www.netfilter.org/projects/ulogd,arch;debian;ubuntu,3,DERIVATIVE_FAMILY
C1D,https://www.nlnetlabs.nl/projects/dnssec-trigger::dnssec-trigger-control-setup,https://www.nlnetlabs.nl/projects/dnssec-trigger,debian;fedora;ubuntu,3,DERIVATIVE_FAMILY
C1D,https://www.nlnetlabs.nl/projects/dnssec-trigger::dnssec-triggerd,https://www.nlnetlabs.nl/projects/dnssec-trigger,debian;fedora;ubuntu,3,DERIVATIVE_FAMILY
C1D,https://www.nordugrid.org::arc-arex-start,https://www.nordugrid.org,debian;fedora;ubuntu,3,DERIVATIVE_FAMILY
C1D,https://www.nordugrid.org::arc-arex-ws-start,https://www.nordugrid.org,debian;fedora;ubuntu,3,DERIVATIVE_FAMILY
C1D,https://www.nordugrid.org::arc-datadelivery-service-start,https://www.nordugrid.org,debian;fedora;ubuntu,3,DERIVATIVE_FAMILY
C1D,https://www.nordugrid.org::upstream-unit::src/hed/daemon/scripts/arched.service,https://www.nordugrid.org,debian;fedora;ubuntu,3,DERIVATIVE_FAMILY
C1D,https://www.ntpsec.org::ntp-systemd-wrapper,https://www.ntpsec.org,debian;ubuntu,2,DERIVATIVE_FAMILY
C1D,https://www.ntpsec.org::ntploggps,https://www.ntpsec.org,debian;ubuntu,2,DERIVATIVE_FAMILY
C1D,https://www.ntpsec.org::ntplogtemp,https://www.ntpsec.org,debian;fedora;ubuntu,3,DERIVATIVE_FAMILY
C1D,https://www.ntpsec.org::ntpwait,https://www.ntpsec.org,debian;fedora;ubuntu,3,DERIVATIVE_FAMILY
C1D,https://www.ntpsec.org::rotate-stats,https://www.ntpsec.org,debian;ubuntu,2,DERIVATIVE_FAMILY
C1D,https://www.ntpsec.org::sh,https://www.ntpsec.org,debian;ubuntu,2,DERIVATIVE_FAMILY
C1D,https://www.ocsinventory-ng.org::ocsinventory-agent,https://www.ocsinventory-ng.org,debian;ubuntu,2,DERIVATIVE_FAMILY
C1D,https://www.open-iscsi.com::activate-storage.sh,https://www.open-iscsi.com,debian;ubuntu,2,DERIVATIVE_FAMILY
C1D,https://www.open-iscsi.com::iscsid,https://www.open-iscsi.com,arch;debian;ubuntu,3,DERIVATIVE_FAMILY
C1D,https://www.open-iscsi.com::iscsiuio,https://www.open-iscsi.com,arch;debian;ubuntu,3,DERIVATIVE_FAMILY
C1D,https://www.openbgpd.org::bgpd,https://www.openbgpd.org,debian;fedora;ubuntu,3,DERIVATIVE_FAMILY
C1D,https://www.openbgpd.org::bgplgd,https://www.openbgpd.org,debian;ubuntu,2,DERIVATIVE_FAMILY
C1D,https://www.opendkim.org::opendkim,https://www.opendkim.org,arch;debian;ubuntu,3,DERIVATIVE_FAMILY
C1D,https://www.openldap.org::sh,https://www.openldap.org,debian;ubuntu,2,DERIVATIVE_FAMILY
C1D,https://www.openntpd.org::ntpd,https://www.openntpd.org,arch;debian;ubuntu,3,DERIVATIVE_FAMILY
C1D,https://www.opensmtpd.org::smtpd,https://www.opensmtpd.org,arch;debian;fedora;ubuntu,4,DERIVATIVE_FAMILY
C1D,https://www.partimage.org::partimaged,https://www.partimage.org,arch;debian;ubuntu,3,DERIVATIVE_FAMILY
C1D,https://www.pgbouncer.org::pgbouncer,https://www.pgbouncer.org,arch;debian;fedora;ubuntu,4,DERIVATIVE_FAMILY
C1D,https://www.postfix.org::cp,https://www.postfix.org,debian;ubuntu,2,DERIVATIVE_FAMILY
C1D,https://www.postfix.org::postfix,https://www.postfix.org,arch;debian;fedora;ubuntu,4,DERIVATIVE_FAMILY
C1D,https://www.powerdns.com::ixfrdist,https://www.powerdns.com,arch;debian;ubuntu,3,DERIVATIVE_FAMILY
C1D,https://www.powerdns.com::pdns_recursor,https://www.powerdns.com,arch;debian;ubuntu,3,DERIVATIVE_FAMILY
C1D,https://www.powerdns.com::pdns_server,https://www.powerdns.com,arch;debian;ubuntu,3,DERIVATIVE_FAMILY
C1D,https://www.pps.univ-paris-diderot.fr/~jch/software/babel::babeld,https://www.pps.univ-paris-diderot.fr/~jch/software/babel,debian;fedora;ubuntu,3,DERIVATIVE_FAMILY
C1D,https://www.proftpd.org::proftpd,https://www.proftpd.org,debian;fedora;ubuntu,3,DERIVATIVE_FAMILY
C1D,https://www.remlab.net/ndisc6::rdnssd,https://www.remlab.net/ndisc6,debian;ubuntu,2,DERIVATIVE_FAMILY
C1D,https://www.rsyslog.com::rsyslogd,https://www.rsyslog.com,debian;fedora;ubuntu,3,DERIVATIVE_FAMILY
C1D,https://www.rutschle.net/tech/sslh/README.html::sslh,https://www.rutschle.net/tech/sslh/README.html,arch;debian;ubuntu,3,DERIVATIVE_FAMILY
C1D,https://www.samba.org::ctdbd,https://www.samba.org,debian;fedora;ubuntu,3,DERIVATIVE_FAMILY
C1D,https://www.samba.org::nmbd,https://www.samba.org,arch;debian;fedora;ubuntu,4,DERIVATIVE_FAMILY
C1D,https://www.samba.org::samba,https://www.samba.org,arch;debian;fedora;ubuntu,4,DERIVATIVE_FAMILY
C1D,https://www.samba.org::smbd,https://www.samba.org,arch;debian;fedora;ubuntu,4,DERIVATIVE_FAMILY
C1D,https://www.samba.org::winbindd,https://www.samba.org,arch;debian;fedora;ubuntu,4,DERIVATIVE_FAMILY
C1D,https://www.smartmontools.org::smartd,https://www.smartmontools.org,arch;debian;fedora;ubuntu,4,DERIVATIVE_FAMILY
C1D,https://www.spice-space.org::spice-vdagentd,https://www.spice-space.org,arch;debian;ubuntu,3,DERIVATIVE_FAMILY
C1D,https://www.strongswan.org::charon-systemd,https://www.strongswan.org,arch;debian;fedora;ubuntu,4,DERIVATIVE_FAMILY
C1D,https://www.strongswan.org::ipsec,https://www.strongswan.org,arch;debian;ubuntu,3,DERIVATIVE_FAMILY
C1D,https://www.svxlink.org::remotetrx,https://www.svxlink.org,debian;fedora;ubuntu,3,DERIVATIVE_FAMILY
C1D,https://www.svxlink.org::svxlink,https://www.svxlink.org,debian;fedora;ubuntu,3,DERIVATIVE_FAMILY
C1D,https://www.svxlink.org::svxreflector,https://www.svxlink.org,debian;fedora;ubuntu,3,DERIVATIVE_FAMILY
C1D,https://www.teeworlds.com::sh,https://www.teeworlds.com,debian;ubuntu,2,DERIVATIVE_FAMILY
C1D,https://www.tinc-vpn.org::true,https://www.tinc-vpn.org,arch;debian;fedora;ubuntu,4,DERIVATIVE_FAMILY
C1D,https://www.tntnet.org::tntnet,https://www.tntnet.org,debian;fedora;ubuntu,3,DERIVATIVE_FAMILY
C1D,https://www.torproject.org::tor,https://www.torproject.org,debian;fedora;ubuntu,3,DERIVATIVE_FAMILY
C1D,https://www.torproject.org::true,https://www.torproject.org,debian;fedora;ubuntu,3,DERIVATIVE_FAMILY
C1D,https://www.tvdr.de::vdr,https://www.tvdr.de,debian;ubuntu,2,DERIVATIVE_FAMILY
C1D,https://www.unix-ag.uni-kl.de/~bloch/acng::apt-cacher-ng,https://www.unix-ag.uni-kl.de/~bloch/acng,debian;fedora;ubuntu,3,DERIVATIVE_FAMILY
C1D,https://www.wesnoth.org::wesnothd-1.18,https://www.wesnoth.org,debian;ubuntu,2,DERIVATIVE_FAMILY
C1D,https://www.xrdp.org::xrdp,https://www.xrdp.org,debian;fedora;ubuntu,3,DERIVATIVE_FAMILY
C1D,https://www.xrdp.org::xrdp-sesman,https://www.xrdp.org,debian;fedora;ubuntu,3,DERIVATIVE_FAMILY
C1D,https://www.yadifa.eu::yadifad,https://www.yadifa.eu,debian;fedora;ubuntu,3,DERIVATIVE_FAMILY
C1D,https://www.yo2loj.ro/hamprojects::ampr-ripd,https://www.yo2loj.ro/hamprojects,debian;fedora;ubuntu,3,DERIVATIVE_FAMILY
C1D,https://www.zeroflux.org/projects/knock::knockd,https://www.zeroflux.org/projects/knock,debian;fedora;ubuntu,3,DERIVATIVE_FAMILY
C1D,https://xfs.wiki.kernel.org::xfs_scrub_all,https://xfs.wiki.kernel.org,arch;debian;fedora;ubuntu,4,DERIVATIVE_FAMILY
C1D,https://xfs.wiki.kernel.org::xfs_scrub_fail,https://xfs.wiki.kernel.org,arch;debian;fedora;ubuntu,4,DERIVATIVE_FAMILY
C1D,https://zeroc.com::glacier2router,https://zeroc.com,arch;debian;ubuntu,3,DERIVATIVE_FAMILY
C1D,https://zeroc.com::icegridnode,https://zeroc.com,arch;debian;ubuntu,3,DERIVATIVE_FAMILY
C1D,https://zeroc.com::icegridregistry,https://zeroc.com,arch;debian;ubuntu,3,DERIVATIVE_FAMILY
C2,https://arthurdejong.org/nss-pam-ldapd::nslcd,https://arthurdejong.org/nss-pam-ldapd,arch;debian;fedora;ubuntu,4,MIXED_OR_GENERAL
C2,https://chrony-project.org::upstream-unit::examples/chrony-wait.service,https://chrony-project.org,arch;debian;fedora;ubuntu,4,MIXED_OR_GENERAL
C2,https://cockpit-project.org::cockpit-tls,https://cockpit-project.org,arch;debian;fedora;ubuntu,4,MIXED_OR_GENERAL
C2,https://cockpit-project.org::cockpit-ws,https://cockpit-project.org,arch;debian;fedora;ubuntu,4,MIXED_OR_GENERAL
C2,https://cockpit-project.org::update-issue,https://cockpit-project.org,arch;debian;fedora;ubuntu,4,MIXED_OR_GENERAL
C2,https://cockpit-project.org::upstream-unit::src/systemd/cockpit-session-socket-user.service,https://cockpit-project.org,arch;debian;fedora;ubuntu,4,MIXED_OR_GENERAL
C2,https://cockpit-project.org::upstream-unit::src/systemd/cockpit-wsinstance-socket-user.service,https://cockpit-project.org,arch;debian;fedora;ubuntu,4,MIXED_OR_GENERAL
C2,https://code.kryo.se/iodine::iodined,https://code.kryo.se/iodine,arch;debian;fedora;ubuntu,4,MIXED_OR_GENERAL
C2,https://dnsdist.org::dnsdist,https://dnsdist.org,arch;debian;fedora;ubuntu,4,MIXED_OR_GENERAL
C2,https://flatpak.org::flatpak-system-helper,https://flatpak.org,arch;debian;fedora;ubuntu,4,MIXED_OR_GENERAL
C2,https://github.com/OpenPrinting/ipp-usb::ipp-usb,https://github.com/OpenPrinting/ipp-usb,arch;debian;fedora;ubuntu,4,MIXED_OR_GENERAL
C2,https://github.com/SSSD/sssd::sssd,https://github.com/SSSD/sssd,arch;debian;fedora;ubuntu,4,MIXED_OR_GENERAL
C2,https://github.com/SSSD/sssd::sssd_autofs,https://github.com/SSSD/sssd,arch;debian;fedora;ubuntu,4,MIXED_OR_GENERAL
C2,https://github.com/SSSD/sssd::sssd_ifp,https://github.com/SSSD/sssd,arch;debian;fedora;ubuntu,4,MIXED_OR_GENERAL
C2,https://github.com/SSSD/sssd::sssd_kcm,https://github.com/SSSD/sssd,arch;debian;fedora;ubuntu,4,MIXED_OR_GENERAL
C2,https://github.com/SSSD/sssd::sssd_nss,https://github.com/SSSD/sssd,arch;debian;fedora;ubuntu,4,MIXED_OR_GENERAL
C2,https://github.com/SSSD/sssd::sssd_pac,https://github.com/SSSD/sssd,arch;debian;fedora;ubuntu,4,MIXED_OR_GENERAL
C2,https://github.com/SSSD/sssd::sssd_pam,https://github.com/SSSD/sssd,arch;debian;fedora;ubuntu,4,MIXED_OR_GENERAL
C2,https://github.com/SSSD/sssd::sssd_ssh,https://github.com/SSSD/sssd,arch;debian;fedora;ubuntu,4,MIXED_OR_GENERAL
C2,https://github.com/SSSD/sssd::sssd_sudo,https://github.com/SSSD/sssd,arch;debian;fedora;ubuntu,4,MIXED_OR_GENERAL
C2,https://github.com/ar-/incron::incrond,https://github.com/ar-/incron,arch;debian;fedora;ubuntu,4,MIXED_OR_GENERAL
C2,https://github.com/blueman-project/blueman::blueman-mechanism,https://github.com/blueman-project/blueman,arch;debian;fedora;ubuntu,4,MIXED_OR_GENERAL
C2,https://github.com/bus1/dbus-broker::dbus-broker-launch,https://github.com/bus1/dbus-broker,arch;debian;fedora;ubuntu,4,MIXED_OR_GENERAL
C2,https://github.com/ckb-next/ckb-next::ckb-next-daemon,https://github.com/ckb-next/ckb-next,arch;debian;fedora;ubuntu,4,MIXED_OR_GENERAL
C2,https://github.com/containernetworking/plugins::dhcp,https://github.com/containernetworking/plugins,arch;debian;fedora;ubuntu,4,MIXED_OR_GENERAL
C2,https://github.com/cronie-crond/cronie::crond,https://github.com/cronie-crond/cronie,arch;debian;fedora;ubuntu,4,MIXED_OR_GENERAL
C2,https://github.com/fwupd/fwupd::fwupd,https://github.com/fwupd/fwupd,arch;debian;fedora;ubuntu,4,MIXED_OR_GENERAL
C2,https://github.com/fwupd/fwupd::fwupdmgr,https://github.com/fwupd/fwupd,arch;debian;fedora;ubuntu,4,MIXED_OR_GENERAL
C2,https://github.com/gssapi/gssproxy::gssproxy,https://github.com/gssapi/gssproxy,arch;debian;fedora;ubuntu,4,MIXED_OR_GENERAL
C2,https://github.com/latchset/clevis::clevis-luks-askpass,https://github.com/latchset/clevis,arch;debian;fedora;ubuntu,4,MIXED_OR_GENERAL
C2,https://github.com/libratbag/libratbag::ratbagd,https://github.com/libratbag/libratbag,arch;debian;fedora;ubuntu,4,MIXED_OR_GENERAL
C2,https://github.com/linux-nvme/nvme-cli::upstream-unit::nvmf-autoconnect/systemd/nvmefc-boot-connections.service,https://github.com/linux-nvme/nvme-cli,arch;debian;fedora;ubuntu,4,MIXED_OR_GENERAL
C2,https://github.com/linux-rdma/rdma-core::ibacm,https://github.com/linux-rdma/rdma-core,arch;debian;fedora;ubuntu,4,MIXED_OR_GENERAL
C2,https://github.com/linux-rdma/rdma-core::iwpmd,https://github.com/linux-rdma/rdma-core,arch;debian;fedora;ubuntu,4,MIXED_OR_GENERAL
C2,https://github.com/linux-rdma/rdma-core::rdma-ndd,https://github.com/linux-rdma/rdma-core,arch;debian;fedora;ubuntu,4,MIXED_OR_GENERAL
C2,https://github.com/linux-rdma/rdma-core::start_on_all_ports,https://github.com/linux-rdma/rdma-core,arch;debian;fedora;ubuntu,4,MIXED_OR_GENERAL
C2,https://github.com/logrotate/logrotate::upstream-unit::examples/logrotate.service,https://github.com/logrotate/logrotate,arch;debian;fedora;ubuntu,4,MIXED_OR_GENERAL
C2,https://github.com/mikebrady/shairport-sync::shairport-sync,https://github.com/mikebrady/shairport-sync,arch;debian;fedora;ubuntu,4,MIXED_OR_GENERAL
C2,https://github.com/pmem/ndctl::upstream-unit::cxl/cxl-monitor.service,https://github.com/pmem/ndctl,arch;debian;fedora;ubuntu,4,MIXED_OR_GENERAL
C2,https://github.com/pmem/ndctl::upstream-unit::ndctl/ndctl-monitor.service,https://github.com/pmem/ndctl,arch;debian;fedora;ubuntu,4,MIXED_OR_GENERAL
C2,https://github.com/polkit-org/polkit::polkitd,https://github.com/polkit-org/polkit,arch;debian;fedora;ubuntu,4,MIXED_OR_GENERAL
C2,https://github.com/prometheus/node_exporter::prometheus-node-exporter,https://github.com/prometheus/node_exporter,arch;debian;fedora;ubuntu,4,MIXED_OR_GENERAL
C2,https://github.com/rfjakob/earlyoom::earlyoom,https://github.com/rfjakob/earlyoom,arch;debian;fedora;ubuntu,4,MIXED_OR_GENERAL
C2,https://github.com/rpodgorny/uptimed::uptimed,https://github.com/rpodgorny/uptimed,arch;debian;fedora;ubuntu,4,MIXED_OR_GENERAL
C2,https://github.com/sddm/sddm::sddm,https://github.com/sddm/sddm,arch;debian;fedora;ubuntu,4,MIXED_OR_GENERAL
C2,https://github.com/systemd/systemd-bootchart::systemd-bootchart,https://github.com/systemd/systemd-bootchart,arch;debian;fedora;ubuntu,4,MIXED_OR_GENERAL
C2,https://github.com/trojan-gfw/trojan::trojan,https://github.com/trojan-gfw/trojan,arch;debian;fedora;ubuntu,4,MIXED_OR_GENERAL
C2,https://github.com/vmware/open-vm-tools::vmtoolsd,https://github.com/vmware/open-vm-tools,arch;debian;fedora;ubuntu,4,MIXED_OR_GENERAL
C2,https://gitlab.freedesktop.org/bolt/bolt::boltd,https://gitlab.freedesktop.org/bolt/bolt,arch;debian;fedora;ubuntu,4,MIXED_OR_GENERAL
C2,https://gitlab.freedesktop.org/hadess/iio-sensor-proxy::iio-sensor-proxy,https://gitlab.freedesktop.org/hadess/iio-sensor-proxy,arch;debian;fedora;ubuntu,4,MIXED_OR_GENERAL
C2,https://gitlab.freedesktop.org/hadess/switcheroo-control::switcheroo-control,https://gitlab.freedesktop.org/hadess/switcheroo-control,arch;debian;fedora;ubuntu,4,MIXED_OR_GENERAL
C2,https://gitlab.freedesktop.org/upower/power-profiles-daemon::power-profiles-daemon,https://gitlab.freedesktop.org/upower/power-profiles-daemon,arch;debian;fedora;ubuntu,4,MIXED_OR_GENERAL
C2,https://humdi.net/vnstat::vnstatd,https://humdi.net/vnstat,arch;debian;fedora;ubuntu,4,MIXED_OR_GENERAL
C2,https://kea.isc.org::kea-ctrl-agent,https://kea.isc.org,arch;debian;fedora;ubuntu,4,MIXED_OR_GENERAL
C2,https://kea.isc.org::kea-dhcp-ddns,https://kea.isc.org,arch;debian;fedora;ubuntu,4,MIXED_OR_GENERAL
C2,https://kea.isc.org::kea-dhcp4,https://kea.isc.org,arch;debian;fedora;ubuntu,4,MIXED_OR_GENERAL
C2,https://kea.isc.org::kea-dhcp6,https://kea.isc.org,arch;debian;fedora;ubuntu,4,MIXED_OR_GENERAL
C2,https://linuxcontainers.org/incus::incus-user,https://linuxcontainers.org/incus,arch;debian;fedora;ubuntu,4,MIXED_OR_GENERAL
C2,https://mmonit.com/monit::monit,https://mmonit.com/monit,arch;debian;fedora;ubuntu,4,MIXED_OR_GENERAL
C2,https://mosquitto.org::mosquitto,https://mosquitto.org,arch;debian;fedora;ubuntu,4,MIXED_OR_GENERAL
C2,https://networkmanager.dev::nm-dispatcher,https://networkmanager.dev,arch;debian;fedora;ubuntu,4,MIXED_OR_GENERAL
C2,https://networkmanager.dev::nm-priv-helper,https://networkmanager.dev,arch;debian;fedora;ubuntu,4,MIXED_OR_GENERAL
C2,https://pcp.io::pcp-geolocate,https://pcp.io,arch;debian;fedora;ubuntu,4,MIXED_OR_GENERAL
C2,https://pcp.io::pmcd,https://pcp.io,arch;debian;fedora;ubuntu,4,MIXED_OR_GENERAL
C2,https://pcp.io::pmfind_check,https://pcp.io,arch;debian;fedora;ubuntu,4,MIXED_OR_GENERAL
C2,https://pcp.io::pmie_check,https://pcp.io,arch;debian;fedora;ubuntu,4,MIXED_OR_GENERAL
C2,https://pcp.io::pmie_daily,https://pcp.io,arch;debian;fedora;ubuntu,4,MIXED_OR_GENERAL
C2,https://pcp.io::pmie_farm,https://pcp.io,arch;debian;fedora;ubuntu,4,MIXED_OR_GENERAL
C2,https://pcp.io::pmiectl,https://pcp.io,arch;debian;fedora;ubuntu,4,MIXED_OR_GENERAL
C2,https://pcp.io::pmlogctl,https://pcp.io,arch;debian;fedora;ubuntu,4,MIXED_OR_GENERAL
C2,https://pcp.io::pmlogger_check,https://pcp.io,arch;debian;fedora;ubuntu,4,MIXED_OR_GENERAL
C2,https://pcp.io::pmlogger_farm,https://pcp.io,arch;debian;fedora;ubuntu,4,MIXED_OR_GENERAL
C2,https://pcsclite.apdu.fr::pcscd,https://pcsclite.apdu.fr,arch;debian;fedora;ubuntu,4,MIXED_OR_GENERAL
C2,https://sourceforge.net/projects/acpid2::acpid,https://sourceforge.net/projects/acpid2,arch;debian;fedora;ubuntu,4,MIXED_OR_GENERAL
C2,https://sourceforge.net/projects/minidlna::minidlnad,https://sourceforge.net/projects/minidlna,arch;debian;fedora;ubuntu,4,MIXED_OR_GENERAL
C2,https://sourceware.org/lvm2::lvmpolld,https://sourceware.org/lvm2,arch;debian;fedora;ubuntu,4,MIXED_OR_GENERAL
C2,https://sourceware.org/lvm2::true,https://sourceware.org/lvm2,arch;debian;fedora;ubuntu,4,MIXED_OR_GENERAL
C2,https://sysstat.github.io::sa2,https://sysstat.github.io,arch;debian;fedora;ubuntu,4,MIXED_OR_GENERAL
C2,https://unix4lyfe.org/darkstat::darkstat,https://unix4lyfe.org/darkstat,arch;debian;fedora;ubuntu,4,MIXED_OR_GENERAL
C2,https://upower.freedesktop.org::upowerd,https://upower.freedesktop.org,arch;debian;fedora;ubuntu,4,MIXED_OR_GENERAL
C2,https://valkey.io::valkey-sentinel,https://valkey.io,arch;debian;fedora;ubuntu,4,MIXED_OR_GENERAL
C2,https://valkey.io::valkey-server,https://valkey.io,arch;debian;fedora;ubuntu,4,MIXED_OR_GENERAL
C2,https://w1.fi/wpa_supplicant::wpa_supplicant,https://w1.fi/wpa_supplicant,arch;debian;fedora;ubuntu,4,MIXED_OR_GENERAL
C2,https://wammu.eu/gammu::gammu-smsd,https://wammu.eu/gammu,arch;debian;fedora;ubuntu,4,MIXED_OR_GENERAL
C2,https://www.bluez.org::bluetooth-meshd,https://www.bluez.org,arch;debian;fedora;ubuntu,4,MIXED_OR_GENERAL
C2,https://www.bluez.org::bluetoothd,https://www.bluez.org,arch;debian;fedora;ubuntu,4,MIXED_OR_GENERAL
C2,https://www.clamav.net::clamonacc,https://www.clamav.net,arch;debian;fedora;ubuntu,4,MIXED_OR_GENERAL
C2,https://www.cyrusimap.org/sasl::saslauthd,https://www.cyrusimap.org/sasl,arch;debian;fedora;ubuntu,4,MIXED_OR_GENERAL
C2,https://www.freedesktop.org/software/PackageKit::packagekitd,https://www.freedesktop.org/software/PackageKit,arch;debian;fedora;ubuntu,4,MIXED_OR_GENERAL
C2,https://www.freedesktop.org/software/PackageKit::pk-offline-update,https://www.freedesktop.org/software/PackageKit,arch;debian;fedora;ubuntu,4,MIXED_OR_GENERAL
C2,https://www.freedesktop.org/software/colord::colord,https://www.freedesktop.org/software/colord,arch;debian;fedora;ubuntu,4,MIXED_OR_GENERAL
C2,https://www.freedesktop.org/wiki/Software/Plymouth::systemd-tty-ask-password-agent,https://www.freedesktop.org/wiki/Software/Plymouth,arch;debian;fedora;ubuntu,4,MIXED_OR_GENERAL
C2,https://www.gnu.org/software/freeipmi::bmc-watchdog,https://www.gnu.org/software/freeipmi,arch;debian;fedora;ubuntu,4,MIXED_OR_GENERAL
C2,https://www.gnu.org/software/freeipmi::ipmidetectd,https://www.gnu.org/software/freeipmi,arch;debian;fedora;ubuntu,4,MIXED_OR_GENERAL
C2,https://www.gnu.org/software/freeipmi::ipmiseld,https://www.gnu.org/software/freeipmi,arch;debian;fedora;ubuntu,4,MIXED_OR_GENERAL
C2,https://www.haproxy.org::haproxy,https://www.haproxy.org,arch;debian;fedora;ubuntu,4,MIXED_OR_GENERAL
C2,https://www.knot-dns.cz::knotd,https://www.knot-dns.cz,arch;debian;fedora;ubuntu,4,MIXED_OR_GENERAL
C2,https://www.msweet.org/lprint::lprint,https://www.msweet.org/lprint,arch;debian;fedora;ubuntu,4,MIXED_OR_GENERAL
C2,https://www.mumble.info::mumble-server,https://www.mumble.info,arch;debian;fedora;ubuntu,4,MIXED_OR_GENERAL
C2,https://www.musicpd.org/clients/mpdscribble::mpdscribble,https://www.musicpd.org/clients/mpdscribble,arch;debian;fedora;ubuntu,4,MIXED_OR_GENERAL
C2,https://www.musicpd.org::mpd,https://www.musicpd.org,arch;debian;fedora;ubuntu,4,MIXED_OR_GENERAL
C2,https://www.opensmtpd.org::smtpd,https://www.opensmtpd.org,arch;debian;fedora;ubuntu,4,MIXED_OR_GENERAL
C2,https://www.pgbouncer.org::pgbouncer,https://www.pgbouncer.org,arch;debian;fedora;ubuntu,4,MIXED_OR_GENERAL
C2,https://www.postfix.org::postfix,https://www.postfix.org,arch;debian;fedora;ubuntu,4,MIXED_OR_GENERAL
C2,https://www.samba.org::nmbd,https://www.samba.org,arch;debian;fedora;ubuntu,4,MIXED_OR_GENERAL
C2,https://www.samba.org::samba,https://www.samba.org,arch;debian;fedora;ubuntu,4,MIXED_OR_GENERAL
C2,https://www.samba.org::smbd,https://www.samba.org,arch;debian;fedora;ubuntu,4,MIXED_OR_GENERAL
C2,https://www.samba.org::winbindd,https://www.samba.org,arch;debian;fedora;ubuntu,4,MIXED_OR_GENERAL
C2,https://www.smartmontools.org::smartd,https://www.smartmontools.org,arch;debian;fedora;ubuntu,4,MIXED_OR_GENERAL
C2,https://www.strongswan.org::charon-systemd,https://www.strongswan.org,arch;debian;fedora;ubuntu,4,MIXED_OR_GENERAL
C2,https://www.tinc-vpn.org::true,https://www.tinc-vpn.org,arch;debian;fedora;ubuntu,4,MIXED_OR_GENERAL
C2,https://xfs.wiki.kernel.org::xfs_scrub_all,https://xfs.wiki.kernel.org,arch;debian;fedora;ubuntu,4,MIXED_OR_GENERAL
C2,https://xfs.wiki.kernel.org::xfs_scrub_fail,https://xfs.wiki.kernel.org,arch;debian;fedora;ubuntu,4,MIXED_OR_GENERAL
C3,https://apps.gnome.org/Sysprof::sysprofd,https://apps.gnome.org/Sysprof,arch;debian;ubuntu,3,MIXED_OR_GENERAL
C3,https://avahi.org::avahi-daemon,https://avahi.org,debian;fedora;ubuntu,3,MIXED_OR_GENERAL
C3,https://avahi.org::avahi-dnsconfd,https://avahi.org,debian;fedora;ubuntu,3,MIXED_OR_GENERAL
C3,https://bpfilter.io::upstream-unit::src/bpfilter/bpfilter.service,https://bpfilter.io,fedora;ubuntu,2,MIXED_OR_GENERAL
C3,https://ceph.com::ceph-crash,https://ceph.com,debian;fedora;ubuntu,3,MIXED_OR_GENERAL
C3,https://ceph.com::rbdmap,https://ceph.com,debian;fedora;ubuntu,3,MIXED_OR_GENERAL
C3,https://christophe.varoqui.free.fr::multipathd,https://christophe.varoqui.free.fr,debian;fedora;ubuntu,3,MIXED_OR_GENERAL
C3,https://christophe.varoqui.free.fr::true,https://christophe.varoqui.free.fr,fedora;ubuntu,2,MIXED_OR_GENERAL
C3,https://chrony-project.org::upstream-unit::examples/chrony-wait.service,https://chrony-project.org,arch;debian;fedora;ubuntu,4,MIXED_OR_GENERAL
C3,https://cisofy.com/lynis::lynis,https://cisofy.com/lynis,arch;ubuntu,2,MIXED_OR_GENERAL
C3,https://cloud-init.io::upstream-unit::systemd/cloud-config.service,https://cloud-init.io,arch;ubuntu,2,MIXED_OR_GENERAL
C3,https://cloud-init.io::upstream-unit::systemd/cloud-final.service,https://cloud-init.io,arch;ubuntu,2,MIXED_OR_GENERAL
C3,https://cloud-init.io::upstream-unit::systemd/cloud-init-hotplugd.service,https://cloud-init.io,arch;ubuntu,2,MIXED_OR_GENERAL
C3,https://cockpit-project.org::cockpit-tls,https://cockpit-project.org,arch;debian;fedora;ubuntu,4,MIXED_OR_GENERAL
C3,https://cockpit-project.org::cockpit-ws,https://cockpit-project.org,arch;debian;fedora;ubuntu,4,MIXED_OR_GENERAL
C3,https://cockpit-project.org::update-issue,https://cockpit-project.org,arch;debian;fedora;ubuntu,4,MIXED_OR_GENERAL
C3,https://cockpit-project.org::upstream-unit::src/systemd/cockpit-session-socket-user.service,https://cockpit-project.org,arch;debian;fedora;ubuntu,4,MIXED_OR_GENERAL
C3,https://cockpit-project.org::upstream-unit::src/systemd/cockpit-wsinstance-socket-user.service,https://cockpit-project.org,arch;debian;fedora;ubuntu,4,MIXED_OR_GENERAL
C3,https://code.forgejo.org/forgejo/runner::forgejo-runner,https://code.forgejo.org/forgejo/runner,arch;fedora,2,MIXED_OR_GENERAL
C3,https://code.kryo.se/iodine::iodined,https://code.kryo.se/iodine,arch;debian;fedora;ubuntu,4,MIXED_OR_GENERAL
C3,https://collectd.org::collectd,https://collectd.org,debian;fedora;ubuntu,3,MIXED_OR_GENERAL
C3,https://corosync.github.io/corosync::corosync,https://corosync.github.io/corosync,debian;fedora;ubuntu,3,MIXED_OR_GENERAL
C3,https://corosync.github.io/corosync::corosync-notifyd,https://corosync.github.io/corosync,debian;fedora;ubuntu,3,MIXED_OR_GENERAL
C3,https://ddclient.net::ddclient,https://ddclient.net,fedora;ubuntu,2,MIXED_OR_GENERAL
C3,https://devel.freebsoft.org/speechd::speech-dispatcher,https://devel.freebsoft.org/speechd,debian;fedora;ubuntu,3,MIXED_OR_GENERAL
C3,https://digint.ch/btrbk::btrbk,https://digint.ch/btrbk,fedora;ubuntu,2,MIXED_OR_GENERAL
C3,https://dnsdist.org::dnsdist,https://dnsdist.org,arch;debian;fedora;ubuntu,4,MIXED_OR_GENERAL
C3,https://dun.github.io/munge::munged,https://dun.github.io/munge,debian;fedora;ubuntu,3,MIXED_OR_GENERAL
C3,https://etckeeper.branchable.com::upstream-unit::systemd/etckeeper.service,https://etckeeper.branchable.com,fedora;ubuntu,2,MIXED_OR_GENERAL
C3,https://flatpak.org::flatpak-system-helper,https://flatpak.org,arch;debian;fedora;ubuntu,4,MIXED_OR_GENERAL
C3,https://forgejo.org::forgejo,https://forgejo.org,arch;fedora,2,MIXED_OR_GENERAL
C3,https://git.kernel.org/pub/scm/network/connman/connman::connman-vpnd,https://git.kernel.org/pub/scm/network/connman/connman,arch;debian;ubuntu,3,MIXED_OR_GENERAL
C3,https://git.kernel.org/pub/scm/network/connman/connman::connmand,https://git.kernel.org/pub/scm/network/connman/connman,arch;debian;ubuntu,3,MIXED_OR_GENERAL
C3,https://git.kernel.org/pub/scm/network/connman/connman::connmand-wait-online,https://git.kernel.org/pub/scm/network/connman/connman,arch;debian;ubuntu,3,MIXED_OR_GENERAL
C3,https://github.com/42wim/matterbridge::matterbridge,https://github.com/42wim/matterbridge,arch;fedora,2,MIXED_OR_GENERAL
C3,https://github.com/AsahiLinux/asahi-scripts::upstream-unit::macsmc-battery/systemd/macsmc-battery-charge-control-end-threshold.service,https://github.com/AsahiLinux/asahi-scripts,fedora;ubuntu,2,MIXED_OR_GENERAL
C3,https://github.com/ClusterLabs/booth::boothd,https://github.com/ClusterLabs/booth,debian;fedora;ubuntu,3,MIXED_OR_GENERAL
C3,https://github.com/ClusterLabs/fence-agents::fence_virtd,https://github.com/ClusterLabs/fence-agents,debian;fedora;ubuntu,3,MIXED_OR_GENERAL
C3,https://github.com/ClusterLabs/pcs::pcs_snmp_agent,https://github.com/ClusterLabs/pcs,fedora;ubuntu,2,MIXED_OR_GENERAL
C3,https://github.com/ClusterLabs/resource-agents::ldirectord,https://github.com/ClusterLabs/resource-agents,fedora;ubuntu,2,MIXED_OR_GENERAL
C3,https://github.com/EGI-Federation/bdii::bdii-slapd-start,https://github.com/EGI-Federation/bdii,fedora;ubuntu,2,MIXED_OR_GENERAL
C3,https://github.com/EGI-Federation/bdii::sh,https://github.com/EGI-Federation/bdii,fedora;ubuntu,2,MIXED_OR_GENERAL
C3,https://github.com/ErikReider/SwayOSD::swayosd-libinput-backend,https://github.com/ErikReider/SwayOSD,arch;debian;ubuntu,3,MIXED_OR_GENERAL
C3,https://github.com/Exa-Networks/exabgp::exabgp,https://github.com/Exa-Networks/exabgp,fedora;ubuntu,2,MIXED_OR_GENERAL
C3,https://github.com/FoobarOy/foomuuri::upstream-unit::systemd/foomuuri-boot.service,https://github.com/FoobarOy/foomuuri,fedora;ubuntu,2,MIXED_OR_GENERAL
C3,https://github.com/FoobarOy/foomuuri::upstream-unit::systemd/foomuuri-dbus.service,https://github.com/FoobarOy/foomuuri,fedora;ubuntu,2,MIXED_OR_GENERAL
C3,https://github.com/FoobarOy/foomuuri::upstream-unit::systemd/foomuuri-iplist.service,https://github.com/FoobarOy/foomuuri,fedora;ubuntu,2,MIXED_OR_GENERAL
C3,https://github.com/FoobarOy/foomuuri::upstream-unit::systemd/foomuuri-monitor.service,https://github.com/FoobarOy/foomuuri,fedora;ubuntu,2,MIXED_OR_GENERAL
C3,https://github.com/FoobarOy/foomuuri::upstream-unit::systemd/foomuuri.service,https://github.com/FoobarOy/foomuuri,fedora;ubuntu,2,MIXED_OR_GENERAL
C3,https://github.com/GoogleCloudPlatform/guest-agent::true,https://github.com/GoogleCloudPlatform/guest-agent,debian;fedora;ubuntu,3,MIXED_OR_GENERAL
C3,https://github.com/GoogleCloudPlatform/guest-agent::upstream-unit::google-guest-agent.service,https://github.com/GoogleCloudPlatform/guest-agent,fedora;ubuntu,2,MIXED_OR_GENERAL
C3,https://github.com/GoogleCloudPlatform/osconfig::google_osconfig_agent,https://github.com/GoogleCloudPlatform/osconfig,fedora;ubuntu,2,MIXED_OR_GENERAL
C3,https://github.com/Irqbalance/irqbalance::irqbalance,https://github.com/Irqbalance/irqbalance,debian;fedora;ubuntu,3,MIXED_OR_GENERAL
C3,https://github.com/JoseExposito/touchegg::touchegg,https://github.com/JoseExposito/touchegg,arch;fedora,2,MIXED_OR_GENERAL
C3,https://github.com/OpenPrinting/ipp-usb::ipp-usb,https://github.com/OpenPrinting/ipp-usb,arch;debian;fedora;ubuntu,4,MIXED_OR_GENERAL
C3,https://github.com/OpenPrinting/pappl-retrofit::upstream-unit::legacy/legacy-printer-app.service,https://github.com/OpenPrinting/pappl-retrofit,fedora;ubuntu,2,MIXED_OR_GENERAL
C3,https://github.com/PixlOne/logiops::logid,https://github.com/PixlOne/logiops,debian;fedora;ubuntu,3,MIXED_OR_GENERAL
C3,https://github.com/SSSD/sssd::sssd,https://github.com/SSSD/sssd,arch;debian;fedora;ubuntu,4,MIXED_OR_GENERAL
C3,https://github.com/SSSD/sssd::sssd_autofs,https://github.com/SSSD/sssd,arch;debian;fedora;ubuntu,4,MIXED_OR_GENERAL
C3,https://github.com/SSSD/sssd::sssd_ifp,https://github.com/SSSD/sssd,arch;debian;fedora;ubuntu,4,MIXED_OR_GENERAL
C3,https://github.com/SSSD/sssd::sssd_kcm,https://github.com/SSSD/sssd,arch;debian;fedora;ubuntu,4,MIXED_OR_GENERAL
C3,https://github.com/SSSD/sssd::sssd_nss,https://github.com/SSSD/sssd,arch;debian;fedora;ubuntu,4,MIXED_OR_GENERAL
C3,https://github.com/SSSD/sssd::sssd_pac,https://github.com/SSSD/sssd,arch;debian;fedora;ubuntu,4,MIXED_OR_GENERAL
C3,https://github.com/SSSD/sssd::sssd_pam,https://github.com/SSSD/sssd,arch;debian;fedora;ubuntu,4,MIXED_OR_GENERAL
C3,https://github.com/SSSD/sssd::sssd_ssh,https://github.com/SSSD/sssd,arch;debian;fedora;ubuntu,4,MIXED_OR_GENERAL
C3,https://github.com/SSSD/sssd::sssd_sudo,https://github.com/SSSD/sssd,arch;debian;fedora;ubuntu,4,MIXED_OR_GENERAL
C3,https://github.com/ar-/incron::incrond,https://github.com/ar-/incron,arch;debian;fedora;ubuntu,4,MIXED_OR_GENERAL
C3,https://github.com/authselect/authselect::upstream-unit::systemd/authselect-apply-changes.service,https://github.com/authselect/authselect,fedora;ubuntu,2,MIXED_OR_GENERAL
C3,https://github.com/blueman-project/blueman::blueman-mechanism,https://github.com/blueman-project/blueman,arch;debian;fedora;ubuntu,4,MIXED_OR_GENERAL
C3,https://github.com/cdown/zcfan::zcfan,https://github.com/cdown/zcfan,debian;fedora;ubuntu,3,MIXED_OR_GENERAL
C3,https://github.com/ckb-next/ckb-next::ckb-next-daemon,https://github.com/ckb-next/ckb-next,arch;debian;fedora;ubuntu,4,MIXED_OR_GENERAL
C3,https://github.com/cminyard/ser2net::ser2net,https://github.com/cminyard/ser2net,debian;fedora;ubuntu,3,MIXED_OR_GENERAL
C3,https://github.com/containernetworking/plugins::dhcp,https://github.com/containernetworking/plugins,arch;debian;fedora;ubuntu,4,MIXED_OR_GENERAL
C3,https://github.com/corosync/corosync-qdevice::corosync-qdevice,https://github.com/corosync/corosync-qdevice,debian;fedora;ubuntu,3,MIXED_OR_GENERAL
C3,https://github.com/corosync/corosync-qdevice::corosync-qnetd,https://github.com/corosync/corosync-qdevice,debian;fedora;ubuntu,3,MIXED_OR_GENERAL
C3,https://github.com/coturn/coturn::turnserver,https://github.com/coturn/coturn,arch;debian;ubuntu,3,MIXED_OR_GENERAL
C3,https://github.com/darrylb123/usbrelay::python3,https://github.com/darrylb123/usbrelay,fedora;ubuntu,2,MIXED_OR_GENERAL
C3,https://github.com/ddccontrol/ddccontrol::ddccontrol_service,https://github.com/ddccontrol/ddccontrol,debian;fedora;ubuntu,3,MIXED_OR_GENERAL
C3,https://github.com/elementary/settings-daemon::busctl,https://github.com/elementary/settings-daemon,arch;fedora,2,MIXED_OR_GENERAL
C3,https://github.com/evgeni/hdapsd::hdapsd,https://github.com/evgeni/hdapsd,debian;ubuntu,2,MIXED_OR_GENERAL
C3,https://github.com/evilsocket/opensnitch::opensnitchd,https://github.com/evilsocket/opensnitch,arch;debian;ubuntu,3,MIXED_OR_GENERAL
C3,https://github.com/facebookincubator/oomd::oomd,https://github.com/facebookincubator/oomd,debian;fedora;ubuntu,3,MIXED_OR_GENERAL
C3,https://github.com/freeipa/freeipa-healthcheck::upstream-unit::systemd/ipa-healthcheck.service,https://github.com/freeipa/freeipa-healthcheck,fedora;ubuntu,2,MIXED_OR_GENERAL
C3,https://github.com/fujita/tgt::tgtd,https://github.com/fujita/tgt,arch;debian;ubuntu,3,MIXED_OR_GENERAL
C3,https://github.com/fwupd/fwupd::fwupd,https://github.com/fwupd/fwupd,arch;debian;fedora;ubuntu,4,MIXED_OR_GENERAL
C3,https://github.com/fwupd/fwupd::fwupdmgr,https://github.com/fwupd/fwupd,arch;debian;fedora;ubuntu,4,MIXED_OR_GENERAL
C3,https://github.com/gnosek/fcgiwrap::fcgiwrap,https://github.com/gnosek/fcgiwrap,debian;ubuntu,2,MIXED_OR_GENERAL
C3,https://github.com/gssapi/gssproxy::gssproxy,https://github.com/gssapi/gssproxy,arch;debian;fedora;ubuntu,4,MIXED_OR_GENERAL
C3,https://github.com/hardinfo2/hardinfo2::upstream-unit::tools/hardinfo2.service,https://github.com/hardinfo2/hardinfo2,debian;fedora;ubuntu,3,MIXED_OR_GENERAL
C3,https://github.com/hughsie/passim::passimd,https://github.com/hughsie/passim,arch;fedora;ubuntu,3,MIXED_OR_GENERAL
C3,https://github.com/intel/intel-lpmd::intel_lpmd,https://github.com/intel/intel-lpmd,arch;fedora;ubuntu,3,MIXED_OR_GENERAL
C3,https://github.com/intel/ledmon::ledmon,https://github.com/intel/ledmon,debian;fedora;ubuntu,3,MIXED_OR_GENERAL
C3,https://github.com/intel/qatlib::qatmgr,https://github.com/intel/qatlib,debian;fedora;ubuntu,3,MIXED_OR_GENERAL
C3,https://github.com/intel/thermal_daemon::thermald,https://github.com/intel/thermal_daemon,arch;debian;ubuntu,3,MIXED_OR_GENERAL
C3,https://github.com/juanfont/headscale::headscale,https://github.com/juanfont/headscale,arch;fedora,2,MIXED_OR_GENERAL
C3,https://github.com/kdave/btrfsmaintenance::btrfsmaintenance-refresh-cron.sh,https://github.com/kdave/btrfsmaintenance,arch;fedora;ubuntu,3,MIXED_OR_GENERAL
C3,https://github.com/kdave/btrfsmaintenance::upstream-unit::btrfs-balance.service,https://github.com/kdave/btrfsmaintenance,arch;fedora;ubuntu,3,MIXED_OR_GENERAL
C3,https://github.com/kdave/btrfsmaintenance::upstream-unit::btrfs-defrag.service,https://github.com/kdave/btrfsmaintenance,arch;fedora;ubuntu,3,MIXED_OR_GENERAL
C3,https://github.com/kdave/btrfsmaintenance::upstream-unit::btrfs-scrub.service,https://github.com/kdave/btrfsmaintenance,arch;fedora;ubuntu,3,MIXED_OR_GENERAL
C3,https://github.com/kdave/btrfsmaintenance::upstream-unit::btrfs-trim.service,https://github.com/kdave/btrfsmaintenance,arch;fedora;ubuntu,3,MIXED_OR_GENERAL
C3,https://github.com/ksmtuned/ksmtuned::ksmctl,https://github.com/ksmtuned/ksmtuned,debian;fedora;ubuntu,3,MIXED_OR_GENERAL
C3,https://github.com/ksmtuned/ksmtuned::ksmtuned,https://github.com/ksmtuned/ksmtuned,debian;fedora;ubuntu,3,MIXED_OR_GENERAL
C3,https://github.com/latchset/clevis::clevis-luks-askpass,https://github.com/latchset/clevis,arch;debian;fedora;ubuntu,4,MIXED_OR_GENERAL
C3,https://github.com/latchset/clevis::upstream-unit::src/luks/systemd/clevis-luks-pkcs11-askpass.service,https://github.com/latchset/clevis,arch;fedora,2,MIXED_OR_GENERAL
C3,https://github.com/libratbag/libratbag::ratbagd,https://github.com/libratbag/libratbag,arch;debian;fedora;ubuntu,4,MIXED_OR_GENERAL
C3,https://github.com/linux-application-whitelisting/fapolicyd::upstream-unit::init/fapolicyd.service,https://github.com/linux-application-whitelisting/fapolicyd,debian;ubuntu,2,MIXED_OR_GENERAL
C3,https://github.com/linux-audit/audit-userspace::auditd,https://github.com/linux-audit/audit-userspace,arch;fedora,2,MIXED_OR_GENERAL
C3,https://github.com/linux-audit/audit-userspace::augenrules,https://github.com/linux-audit/audit-userspace,arch;fedora,2,MIXED_OR_GENERAL
C3,https://github.com/linux-msm/tqftpserv::tqftpserv,https://github.com/linux-msm/tqftpserv,debian;fedora;ubuntu,3,MIXED_OR_GENERAL
C3,https://github.com/linux-nvme/nvme-cli::upstream-unit::nvmf-autoconnect/systemd/nvmefc-boot-connections.service,https://github.com/linux-nvme/nvme-cli,arch;debian;fedora;ubuntu,4,MIXED_OR_GENERAL
C3,https://github.com/linux-rdma/rdma-core::ibacm,https://github.com/linux-rdma/rdma-core,arch;debian;fedora;ubuntu,4,MIXED_OR_GENERAL
C3,https://github.com/linux-rdma/rdma-core::iwpmd,https://github.com/linux-rdma/rdma-core,arch;debian;fedora;ubuntu,4,MIXED_OR_GENERAL
C3,https://github.com/linux-rdma/rdma-core::rdma-ndd,https://github.com/linux-rdma/rdma-core,arch;debian;fedora;ubuntu,4,MIXED_OR_GENERAL
C3,https://github.com/linux-rdma/rdma-core::start_on_all_ports,https://github.com/linux-rdma/rdma-core,arch;debian;fedora;ubuntu,4,MIXED_OR_GENERAL
C3,https://github.com/linuxdeepin/dde-api::upstream-unit::misc/systemd/system/deepin-api-device.service,https://github.com/linuxdeepin/dde-api,arch;fedora,2,MIXED_OR_GENERAL
C3,https://github.com/linuxdeepin/dde-api::upstream-unit::misc/systemd/system/deepin-login-sound.service,https://github.com/linuxdeepin/dde-api,arch;fedora,2,MIXED_OR_GENERAL
C3,https://github.com/linuxdeepin/dde-api::upstream-unit::misc/systemd/system/deepin-shutdown-sound.service,https://github.com/linuxdeepin/dde-api,arch;fedora,2,MIXED_OR_GENERAL
C3,https://github.com/linuxdeepin/dde-api::upstream-unit::misc/systemd/system/deepin-sound-theme-player.service,https://github.com/linuxdeepin/dde-api,arch;fedora,2,MIXED_OR_GENERAL
C3,https://github.com/linuxdeepin/deepin-boot-maker::upstream-unit::src/service/data/deepin-boot-maker.service,https://github.com/linuxdeepin/deepin-boot-maker,arch;debian;ubuntu,3,MIXED_OR_GENERAL
C3,https://github.com/linuxdeepin/deepin-pw-check::upstream-unit::misc/systemd-service/deepin-passwd-conf.service,https://github.com/linuxdeepin/deepin-pw-check,arch;fedora,2,MIXED_OR_GENERAL
C3,https://github.com/linuxdeepin/deepin-system-monitor::upstream-unit::deepin-system-monitor-system-server/misc/deepin-system-monitor-system-server.service,https://github.com/linuxdeepin/deepin-system-monitor,arch;fedora,2,MIXED_OR_GENERAL
C3,https://github.com/logrotate/logrotate::upstream-unit::examples/logrotate.service,https://github.com/logrotate/logrotate,arch;debian;fedora;ubuntu,4,MIXED_OR_GENERAL
C3,https://github.com/mikebrady/shairport-sync::shairport-sync,https://github.com/mikebrady/shairport-sync,arch;debian;fedora;ubuntu,4,MIXED_OR_GENERAL
C3,https://github.com/nhorman/rng-tools::rngd,https://github.com/nhorman/rng-tools,arch;fedora,2,MIXED_OR_GENERAL
C3,https://github.com/open-iscsi/open-isns::isnsd,https://github.com/open-iscsi/open-isns,debian;fedora;ubuntu,3,MIXED_OR_GENERAL
C3,https://github.com/open-iscsi/rtslib-fb::upstream-unit::systemd/target.service,https://github.com/open-iscsi/rtslib-fb,fedora;ubuntu,2,MIXED_OR_GENERAL
C3,https://github.com/open-iscsi/targetcli-fb::upstream-unit::systemd/targetclid.service,https://github.com/open-iscsi/targetcli-fb,fedora;ubuntu,2,MIXED_OR_GENERAL
C3,https://github.com/open-iscsi/tcmu-runner::upstream-unit::tcmu-runner.service,https://github.com/open-iscsi/tcmu-runner,debian;fedora;ubuntu,3,MIXED_OR_GENERAL
C3,https://github.com/opencryptoki/opencryptoki::pkcsslotd,https://github.com/opencryptoki/opencryptoki,debian;fedora;ubuntu,3,MIXED_OR_GENERAL
C3,https://github.com/oracle/ktls-utils::upstream-unit::systemd/tlshd.service,https://github.com/oracle/ktls-utils,debian;fedora;ubuntu,3,MIXED_OR_GENERAL
C3,https://github.com/pendulum-project/ntpd-rs::ntp-daemon,https://github.com/pendulum-project/ntpd-rs,debian;fedora;ubuntu,3,MIXED_OR_GENERAL
C3,https://github.com/pendulum-project/ntpd-rs::upstream-unit::docs/examples/conf/ntpd-rs-metrics.service,https://github.com/pendulum-project/ntpd-rs,debian;fedora;ubuntu,3,MIXED_OR_GENERAL
C3,https://github.com/phillipberndt/autorandr::upstream-unit::contrib/systemd/autorandr-lid-listener.service,https://github.com/phillipberndt/autorandr,arch;fedora;ubuntu,3,MIXED_OR_GENERAL
C3,https://github.com/phillipberndt/autorandr::upstream-unit::contrib/systemd/autorandr.service,https://github.com/phillipberndt/autorandr,arch;fedora;ubuntu,3,MIXED_OR_GENERAL
C3,https://github.com/pmem/ndctl::upstream-unit::cxl/cxl-monitor.service,https://github.com/pmem/ndctl,arch;debian;fedora;ubuntu,4,MIXED_OR_GENERAL
C3,https://github.com/pmem/ndctl::upstream-unit::ndctl/ndctl-monitor.service,https://github.com/pmem/ndctl,arch;debian;fedora;ubuntu,4,MIXED_OR_GENERAL
C3,https://github.com/polkit-org/polkit::polkitd,https://github.com/polkit-org/polkit,arch;debian;fedora;ubuntu,4,MIXED_OR_GENERAL
C3,https://github.com/pop-os/cosmic-greeter::greetd,https://github.com/pop-os/cosmic-greeter,arch;fedora,2,MIXED_OR_GENERAL
C3,https://github.com/pop-os/cosmic-greeter::upstream-unit::debian/cosmic-greeter-daemon.service,https://github.com/pop-os/cosmic-greeter,arch;fedora,2,MIXED_OR_GENERAL
C3,https://github.com/pothosware/SoapyRemote::SoapySDRServer,https://github.com/pothosware/SoapyRemote,arch;debian;ubuntu,3,MIXED_OR_GENERAL
C3,https://github.com/prometheus-community/ipmi_exporter::prometheus-ipmi-exporter,https://github.com/prometheus-community/ipmi_exporter,arch;debian;ubuntu,3,MIXED_OR_GENERAL
C3,https://github.com/pymumu/smartdns::smartdns,https://github.com/pymumu/smartdns,arch;debian;ubuntu,3,MIXED_OR_GENERAL
C3,https://github.com/rfjakob/earlyoom::earlyoom,https://github.com/rfjakob/earlyoom,arch;debian;fedora;ubuntu,4,MIXED_OR_GENERAL
C3,https://github.com/rhboot/pesign::pesign,https://github.com/rhboot/pesign,arch;fedora,2,MIXED_OR_GENERAL
C3,https://github.com/rpm-software-management/dnf-plugins-core::upstream-unit::etc/systemd/dnf-system-upgrade-cleanup.service,https://github.com/rpm-software-management/dnf-plugins-core,fedora;ubuntu,2,MIXED_OR_GENERAL
C3,https://github.com/rpm-software-management/dnf-plugins-core::upstream-unit::etc/systemd/dnf-system-upgrade.service,https://github.com/rpm-software-management/dnf-plugins-core,fedora;ubuntu,2,MIXED_OR_GENERAL
C3,https://github.com/rpm-software-management/dnf5::dnf5,https://github.com/rpm-software-management/dnf5,arch;fedora;ubuntu,3,MIXED_OR_GENERAL
C3,https://github.com/rpm-software-management/dnf5::upstream-unit::dnf5/config/systemd/system/dnf5-offline-transaction-cleanup.service,https://github.com/rpm-software-management/dnf5,arch;fedora;ubuntu,3,MIXED_OR_GENERAL
C3,https://github.com/rpm-software-management/dnf5::upstream-unit::dnf5/config/systemd/system/dnf5-offline-transaction.service,https://github.com/rpm-software-management/dnf5,arch;fedora;ubuntu,3,MIXED_OR_GENERAL
C3,https://github.com/rpm-software-management/dnf5::upstream-unit::dnf5daemon-server/dbus/dnf5daemon-server.service,https://github.com/rpm-software-management/dnf5,arch;fedora;ubuntu,3,MIXED_OR_GENERAL
C3,https://github.com/rpm-software-management/dnf5::upstream-unit::etc/systemd/dnf5-makecache.service,https://github.com/rpm-software-management/dnf5,arch;fedora;ubuntu,3,MIXED_OR_GENERAL
C3,https://github.com/rpodgorny/uptimed::uptimed,https://github.com/rpodgorny/uptimed,arch;debian;fedora;ubuntu,4,MIXED_OR_GENERAL
C3,https://github.com/rvaiya/keyd::keyd.rvaiya,https://github.com/rvaiya/keyd,debian;ubuntu,2,MIXED_OR_GENERAL
C3,https://github.com/schollz/croc::upstream-unit::croc.service,https://github.com/schollz/croc,arch;fedora,2,MIXED_OR_GENERAL
C3,https://github.com/sddm/sddm::sddm,https://github.com/sddm/sddm,arch;debian;fedora;ubuntu,4,MIXED_OR_GENERAL
C3,https://github.com/sezanzeb/input-remapper::upstream-unit::data/input-remapper.service,https://github.com/sezanzeb/input-remapper,fedora;ubuntu,2,MIXED_OR_GENERAL
C3,https://github.com/sharkcz/collectl::collectl,https://github.com/sharkcz/collectl,fedora;ubuntu,2,MIXED_OR_GENERAL
C3,https://github.com/skeeto/endlessh::endlessh,https://github.com/skeeto/endlessh,debian;fedora;ubuntu,3,MIXED_OR_GENERAL
C3,https://github.com/slackhq/nebula::nebula,https://github.com/slackhq/nebula,arch;fedora,2,MIXED_OR_GENERAL
C3,https://github.com/snapcore/snapd::snap-bootstrap,https://github.com/snapcore/snapd,debian;ubuntu,2,MIXED_OR_GENERAL
C3,https://github.com/snapcore/snapd::snapd,https://github.com/snapcore/snapd,debian;fedora;ubuntu,3,MIXED_OR_GENERAL
C3,https://github.com/snapcore/snapd::snapd-apparmor,https://github.com/snapcore/snapd,debian;fedora;ubuntu,3,MIXED_OR_GENERAL
C3,https://github.com/spanezz/nodm::sh,https://github.com/spanezz/nodm,debian;ubuntu,2,MIXED_OR_GENERAL
C3,https://github.com/systemd/systemd-bootchart::systemd-bootchart,https://github.com/systemd/systemd-bootchart,arch;debian;fedora;ubuntu,4,MIXED_OR_GENERAL
C3,https://github.com/tpm2-software/tpm2-abrmd::tpm2-abrmd,https://github.com/tpm2-software/tpm2-abrmd,arch;fedora,2,MIXED_OR_GENERAL
C3,https://github.com/util-linux/util-linux::fstrim,https://github.com/util-linux/util-linux,arch;debian;ubuntu,3,MIXED_OR_GENERAL
C3,https://github.com/util-linux/util-linux::lastlog2,https://github.com/util-linux/util-linux,arch;debian,2,MIXED_OR_GENERAL
C3,https://github.com/util-linux/util-linux::uuidd,https://github.com/util-linux/util-linux,arch;debian;ubuntu,3,MIXED_OR_GENERAL
C3,https://github.com/vmatare/thinkfan::upstream-unit::rcscripts/systemd/thinkfan-sleep.service,https://github.com/vmatare/thinkfan,fedora;ubuntu,2,MIXED_OR_GENERAL
C3,https://github.com/vmatare/thinkfan::upstream-unit::rcscripts/systemd/thinkfan-wakeup.service,https://github.com/vmatare/thinkfan,debian;fedora;ubuntu,3,MIXED_OR_GENERAL
C3,https://github.com/wb2osz/direwolf::direwolf,https://github.com/wb2osz/direwolf,debian;fedora;ubuntu,3,MIXED_OR_GENERAL
C3,https://github.com/ximion/btrfsd::btrfsd,https://github.com/ximion/btrfsd,debian;fedora;ubuntu,3,MIXED_OR_GENERAL
C3,https://github.com/zhuyaliang/group-service::group-admin-daemon,https://github.com/zhuyaliang/group-service,debian;fedora;ubuntu,3,MIXED_OR_GENERAL
C3,https://gitlab.archlinux.org/archlinux/netctl::upstream-unit::services/netctl-sleep.service,https://gitlab.archlinux.org/archlinux/netctl,arch;ubuntu,2,MIXED_OR_GENERAL
C3,https://gitlab.archlinux.org/archlinux/netctl::upstream-unit::services/netctl-wait-online.service,https://gitlab.archlinux.org/archlinux/netctl,arch;ubuntu,2,MIXED_OR_GENERAL
C3,https://gitlab.archlinux.org/archlinux/netctl::upstream-unit::services/netctl.service,https://gitlab.archlinux.org/archlinux/netctl,arch;ubuntu,2,MIXED_OR_GENERAL
C3,https://gitlab.com/interception/linux/tools::upstream-unit::udevmon.service,https://gitlab.com/interception/linux/tools,arch;debian;ubuntu,3,MIXED_OR_GENERAL
C3,https://gitlab.freedesktop.org/bolt/bolt::boltd,https://gitlab.freedesktop.org/bolt/bolt,arch;debian;fedora;ubuntu,4,MIXED_OR_GENERAL
C3,https://gitlab.freedesktop.org/hadess/iio-sensor-proxy::iio-sensor-proxy,https://gitlab.freedesktop.org/hadess/iio-sensor-proxy,arch;debian;fedora;ubuntu,4,MIXED_OR_GENERAL
C3,https://gitlab.freedesktop.org/hadess/low-memory-monitor::low-memory-monitor,https://gitlab.freedesktop.org/hadess/low-memory-monitor,debian;fedora;ubuntu,3,MIXED_OR_GENERAL
C3,https://gitlab.freedesktop.org/hadess/switcheroo-control::switcheroo-control,https://gitlab.freedesktop.org/hadess/switcheroo-control,arch;debian;fedora;ubuntu,4,MIXED_OR_GENERAL
C3,https://gitlab.freedesktop.org/pipewire/rtkit::rtkit-daemon,https://gitlab.freedesktop.org/pipewire/rtkit,arch;ubuntu,2,MIXED_OR_GENERAL
C3,https://gitlab.freedesktop.org/pwithnall/malcontent::malcontent-timer-extension-agent,https://gitlab.freedesktop.org/pwithnall/malcontent,arch;fedora;ubuntu,3,MIXED_OR_GENERAL
C3,https://gitlab.freedesktop.org/pwithnall/malcontent::malcontent-timerd,https://gitlab.freedesktop.org/pwithnall/malcontent,arch;fedora;ubuntu,3,MIXED_OR_GENERAL
C3,https://gitlab.freedesktop.org/pwithnall/malcontent::malcontent-webd,https://gitlab.freedesktop.org/pwithnall/malcontent,arch;fedora;ubuntu,3,MIXED_OR_GENERAL
C3,https://gitlab.freedesktop.org/pwithnall/malcontent::malcontent-webd-update,https://gitlab.freedesktop.org/pwithnall/malcontent,arch;fedora;ubuntu,3,MIXED_OR_GENERAL
C3,https://gitlab.freedesktop.org/upower/power-profiles-daemon::power-profiles-daemon,https://gitlab.freedesktop.org/upower/power-profiles-daemon,arch;debian;fedora;ubuntu,4,MIXED_OR_GENERAL
C3,https://gitlab.gnome.org/GNOME/gnome-remote-desktop::gnome-remote-desktop-configuration-daemon,https://gitlab.gnome.org/GNOME/gnome-remote-desktop,arch;fedora,2,MIXED_OR_GENERAL
C3,https://gitlab.gnome.org/GNOME/gnome-remote-desktop::gnome-remote-desktop-daemon,https://gitlab.gnome.org/GNOME/gnome-remote-desktop,arch;fedora,2,MIXED_OR_GENERAL
C3,https://gkrellm.srcbox.net::gkrellmd,https://gkrellm.srcbox.net,fedora;ubuntu,2,MIXED_OR_GENERAL
C3,https://grid.ncsa.illinois.edu/myproxy::upstream-unit::systemd/myproxy-server.service,https://grid.ncsa.illinois.edu/myproxy,debian;fedora;ubuntu,3,MIXED_OR_GENERAL
C3,https://htcondor.org::upstream-unit::src/condor_examples/condor-annex-ec2.service,https://htcondor.org,debian;fedora;ubuntu,3,MIXED_OR_GENERAL
C3,https://htcondor.org::upstream-unit::src/condor_examples/condor.service,https://htcondor.org,debian;fedora;ubuntu,3,MIXED_OR_GENERAL
C3,https://iwd.wiki.kernel.org::ead,https://iwd.wiki.kernel.org,fedora;ubuntu,2,MIXED_OR_GENERAL
C3,https://iwd.wiki.kernel.org::iwd,https://iwd.wiki.kernel.org,debian;fedora;ubuntu,3,MIXED_OR_GENERAL
C3,https://jabberd2.org::jabberd2-c2s,https://jabberd2.org,debian;ubuntu,2,MIXED_OR_GENERAL
C3,https://jabberd2.org::jabberd2-router,https://jabberd2.org,debian;ubuntu,2,MIXED_OR_GENERAL
C3,https://jabberd2.org::jabberd2-s2s,https://jabberd2.org,debian;ubuntu,2,MIXED_OR_GENERAL
C3,https://jabberd2.org::jabberd2-sm,https://jabberd2.org,debian;ubuntu,2,MIXED_OR_GENERAL
C3,https://jabberd2.org::true,https://jabberd2.org,debian;fedora;ubuntu,3,MIXED_OR_GENERAL
C3,https://launchpad.net/spf-engine::pyspf-milter,https://launchpad.net/spf-engine,fedora;ubuntu,2,MIXED_OR_GENERAL
C3,https://lemonldap-ng.org::llng-fastcgi-server,https://lemonldap-ng.org,fedora;ubuntu,2,MIXED_OR_GENERAL
C3,https://lemonldap-ng.org::purgeCentralCache,https://lemonldap-ng.org,fedora;ubuntu,2,MIXED_OR_GENERAL
C3,https://lemonldap-ng.org::purgeLocalCache,https://lemonldap-ng.org,fedora;ubuntu,2,MIXED_OR_GENERAL
C3,https://libreswan.org::pluto,https://libreswan.org,debian;fedora;ubuntu,3,MIXED_OR_GENERAL
C3,https://libvirt.org::libvirtd,https://libvirt.org,arch;fedora,2,MIXED_OR_GENERAL
C3,https://libvirt.org::virtlockd,https://libvirt.org,arch;fedora,2,MIXED_OR_GENERAL
C3,https://libvirt.org::virtlogd,https://libvirt.org,arch;fedora,2,MIXED_OR_GENERAL
C3,https://libvirt.org::virtlxcd,https://libvirt.org,arch;fedora,2,MIXED_OR_GENERAL
C3,https://libvirt.org::virtqemud,https://libvirt.org,arch;fedora,2,MIXED_OR_GENERAL
C3,https://libvirt.org::virtsecretd,https://libvirt.org,arch;fedora,2,MIXED_OR_GENERAL
C3,https://libvirt.org::virtvboxd,https://libvirt.org,arch;fedora,2,MIXED_OR_GENERAL
C3,https://linrunner.de/tlp::tlp,https://linrunner.de/tlp,fedora;ubuntu,2,MIXED_OR_GENERAL
C3,https://linux-nfs.org::rpc.gssd,https://linux-nfs.org,debian;fedora;ubuntu,3,MIXED_OR_GENERAL
C3,https://linux-nfs.org::upstream-unit::systemd/auth-rpcgss-module.service,https://linux-nfs.org,debian;ubuntu,2,MIXED_OR_GENERAL
C3,https://linux-nfs.org::upstream-unit::systemd/fsidd.service,https://linux-nfs.org,debian;fedora;ubuntu,3,MIXED_OR_GENERAL
C3,https://linux-nfs.org::upstream-unit::systemd/nfs-idmapd.service,https://linux-nfs.org,debian;fedora;ubuntu,3,MIXED_OR_GENERAL
C3,https://linux-nfs.org::upstream-unit::systemd/nfs-mountd.service,https://linux-nfs.org,debian;fedora;ubuntu,3,MIXED_OR_GENERAL
C3,https://linux-nfs.org::upstream-unit::systemd/nfs-server.service,https://linux-nfs.org,debian;ubuntu,2,MIXED_OR_GENERAL
C3,https://linux-nfs.org::upstream-unit::systemd/nfs-utils.service,https://linux-nfs.org,debian;fedora;ubuntu,3,MIXED_OR_GENERAL
C3,https://linux-nfs.org::upstream-unit::systemd/nfsdcld.service,https://linux-nfs.org,debian;fedora;ubuntu,3,MIXED_OR_GENERAL
C3,https://linux-nfs.org::upstream-unit::systemd/rpc-statd-notify.service,https://linux-nfs.org,debian;fedora;ubuntu,3,MIXED_OR_GENERAL
C3,https://linux-nfs.org::upstream-unit::systemd/rpc-statd.service,https://linux-nfs.org,debian;fedora;ubuntu,3,MIXED_OR_GENERAL
C3,https://linux-nfs.org::upstream-unit::systemd/rpc-svcgssd.service,https://linux-nfs.org,debian;ubuntu,2,MIXED_OR_GENERAL
C3,https://linuxcontainers.org::lxc-containers,https://linuxcontainers.org,arch;debian;ubuntu,3,MIXED_OR_GENERAL
C3,https://linuxcontainers.org::lxc-monitord,https://linuxcontainers.org,arch;debian;ubuntu,3,MIXED_OR_GENERAL
C3,https://linuxcontainers.org::lxc-net,https://linuxcontainers.org,arch;debian;ubuntu,3,MIXED_OR_GENERAL
C3,https://linuxcontainers.org::lxcfs,https://linuxcontainers.org,arch;debian;ubuntu,3,MIXED_OR_GENERAL
C3,https://location.ipfire.org::location,https://location.ipfire.org,fedora;ubuntu,2,MIXED_OR_GENERAL
C3,https://mgetty.greenie.net::faxrunqd,https://mgetty.greenie.net,debian;fedora;ubuntu,3,MIXED_OR_GENERAL
C3,https://miniflux.app::miniflux,https://miniflux.app,arch;debian;ubuntu,3,MIXED_OR_GENERAL
C3,https://mopidy.com::mopidy,https://mopidy.com,fedora;ubuntu,2,MIXED_OR_GENERAL
C3,https://motion-project.github.io::motion,https://motion-project.github.io,arch;debian;ubuntu,3,MIXED_OR_GENERAL
C3,https://net-snmp.sourceforge.net::snmpd,https://net-snmp.sourceforge.net,debian;fedora;ubuntu,3,MIXED_OR_GENERAL
C3,https://net-snmp.sourceforge.net::snmptrapd,https://net-snmp.sourceforge.net,debian;fedora;ubuntu,3,MIXED_OR_GENERAL
C3,https://netfilter.org/projects/nftables::nft,https://netfilter.org/projects/nftables,arch;fedora,2,MIXED_OR_GENERAL
C3,https://netplan.io::configure,https://netplan.io,fedora;ubuntu,2,MIXED_OR_GENERAL
C3,https://networkmanager.dev::nm-cloud-setup,https://networkmanager.dev,arch;fedora,2,MIXED_OR_GENERAL
C3,https://networkmanager.dev::nm-dispatcher,https://networkmanager.dev,arch;debian;fedora;ubuntu,4,MIXED_OR_GENERAL
C3,https://networkmanager.dev::nm-priv-helper,https://networkmanager.dev,arch;debian;fedora;ubuntu,4,MIXED_OR_GENERAL
C3,https://networkupstools.org::systemctl,https://networkupstools.org,arch;ubuntu,2,MIXED_OR_GENERAL
C3,https://networkupstools.org::udevadm,https://networkupstools.org,arch;ubuntu,2,MIXED_OR_GENERAL
C3,https://nghttp2.org::nghttpx,https://nghttp2.org,debian;fedora;ubuntu,3,MIXED_OR_GENERAL
C3,https://ngircd.barton.de::ngircd,https://ngircd.barton.de,debian;fedora;ubuntu,3,MIXED_OR_GENERAL
C3,https://nixos.org/nix::nix-daemon,https://nixos.org/nix,arch;ubuntu,2,MIXED_OR_GENERAL
C3,https://oidentd.janikrabe.com::sh,https://oidentd.janikrabe.com,debian;ubuntu,2,MIXED_OR_GENERAL
C3,https://openbao.org::bao,https://openbao.org,arch;fedora,2,MIXED_OR_GENERAL
C3,https://oss.oetiker.ch/mrtg::upstream-unit::contrib/debian-systemd/mrtg.service,https://oss.oetiker.ch/mrtg,debian;ubuntu,2,MIXED_OR_GENERAL
C3,https://oss.oetiker.ch/rrdtool::rrdcached,https://oss.oetiker.ch/rrdtool,fedora;ubuntu,2,MIXED_OR_GENERAL
C3,https://ostreedev.github.io/ostree::upstream-unit::src/boot/ostree-boot-complete.service,https://ostreedev.github.io/ostree,arch;fedora,2,MIXED_OR_GENERAL
C3,https://ostreedev.github.io/ostree::upstream-unit::src/boot/ostree-finalize-staged-hold.service,https://ostreedev.github.io/ostree,arch;fedora,2,MIXED_OR_GENERAL
C3,https://ostreedev.github.io/ostree::upstream-unit::src/boot/ostree-finalize-staged.service,https://ostreedev.github.io/ostree,arch;fedora,2,MIXED_OR_GENERAL
C3,https://ostreedev.github.io/ostree::upstream-unit::src/boot/ostree-prepare-root.service,https://ostreedev.github.io/ostree,arch;fedora,2,MIXED_OR_GENERAL
C3,https://ostreedev.github.io/ostree::upstream-unit::src/boot/ostree-remount.service,https://ostreedev.github.io/ostree,arch;fedora,2,MIXED_OR_GENERAL
C3,https://pagure.io/dlm::dlm_controld,https://pagure.io/dlm,debian;fedora;ubuntu,3,MIXED_OR_GENERAL
C3,https://pagure.io/numad::numad,https://pagure.io/numad,debian;fedora;ubuntu,3,MIXED_OR_GENERAL
C3,https://pagure.io/oddjob::oddjobd,https://pagure.io/oddjob,debian;fedora;ubuntu,3,MIXED_OR_GENERAL
C3,https://pcp.io::pcp-geolocate,https://pcp.io,arch;debian;fedora;ubuntu,4,MIXED_OR_GENERAL
C3,https://pcp.io::pcp-reboot-init,https://pcp.io,debian;ubuntu,2,MIXED_OR_GENERAL
C3,https://pcp.io::pmcd,https://pcp.io,arch;debian;fedora;ubuntu,4,MIXED_OR_GENERAL
C3,https://pcp.io::pmfind_check,https://pcp.io,arch;debian;fedora;ubuntu,4,MIXED_OR_GENERAL
C3,https://pcp.io::pmie,https://pcp.io,arch;fedora;ubuntu,3,MIXED_OR_GENERAL
C3,https://pcp.io::pmie_check,https://pcp.io,arch;debian;fedora;ubuntu,4,MIXED_OR_GENERAL
C3,https://pcp.io::pmie_daily,https://pcp.io,arch;debian;fedora;ubuntu,4,MIXED_OR_GENERAL
C3,https://pcp.io::pmie_farm,https://pcp.io,arch;debian;fedora;ubuntu,4,MIXED_OR_GENERAL
C3,https://pcp.io::pmiectl,https://pcp.io,arch;debian;fedora;ubuntu,4,MIXED_OR_GENERAL
C3,https://pcp.io::pmlogctl,https://pcp.io,arch;debian;fedora;ubuntu,4,MIXED_OR_GENERAL
C3,https://pcp.io::pmlogger,https://pcp.io,arch;fedora;ubuntu,3,MIXED_OR_GENERAL
C3,https://pcp.io::pmlogger_check,https://pcp.io,arch;debian;fedora;ubuntu,4,MIXED_OR_GENERAL
C3,https://pcp.io::pmlogger_farm,https://pcp.io,arch;debian;fedora;ubuntu,4,MIXED_OR_GENERAL
C3,https://pcp.io::pmproxy,https://pcp.io,arch;fedora;ubuntu,3,MIXED_OR_GENERAL
C3,https://pcp.io::pmseries_import,https://pcp.io,arch;fedora;ubuntu,3,MIXED_OR_GENERAL
C3,https://pcp.io::reboot-init,https://pcp.io,arch;fedora,2,MIXED_OR_GENERAL
C3,https://pcp.io::sh,https://pcp.io,arch;fedora,2,MIXED_OR_GENERAL
C3,https://pcp.io::upstream-unit::src/pcp/atop/atop-daily.service,https://pcp.io,arch;fedora,2,MIXED_OR_GENERAL
C3,https://pcsclite.apdu.fr::pcscd,https://pcsclite.apdu.fr,arch;debian;fedora;ubuntu,4,MIXED_OR_GENERAL
C3,https://perfetto.dev::traced,https://perfetto.dev,fedora;ubuntu,2,MIXED_OR_GENERAL
C3,https://perfetto.dev::traced_probes,https://perfetto.dev,fedora;ubuntu,2,MIXED_OR_GENERAL
C3,https://plocate.sesse.net::updatedb,https://plocate.sesse.net,arch;fedora,2,MIXED_OR_GENERAL
C3,https://plocate.sesse.net::updatedb.plocate,https://plocate.sesse.net,debian;ubuntu,2,MIXED_OR_GENERAL
C3,https://portsentry.xyz::portsentry,https://portsentry.xyz,fedora;ubuntu,2,MIXED_OR_GENERAL
C3,https://postfwd.org::postfwd,https://postfwd.org,arch;fedora,2,MIXED_OR_GENERAL
C3,https://qosient.com/argus::rastream,https://qosient.com/argus,debian;ubuntu,2,MIXED_OR_GENERAL
C3,https://rspamd.com::upstream-unit::rspamd.service,https://rspamd.com,debian;ubuntu,2,MIXED_OR_GENERAL
C3,https://rsync.samba.org::upstream-unit::packaging/systemd/rsync.service,https://rsync.samba.org,arch;debian;ubuntu,3,MIXED_OR_GENERAL
C3,https://salsa.debian.org/consolation-team/consolation::consolation,https://salsa.debian.org/consolation-team/consolation,debian;fedora;ubuntu,3,MIXED_OR_GENERAL
C3,https://slurm.schedmd.com::sackd,https://slurm.schedmd.com,debian;ubuntu,2,MIXED_OR_GENERAL
C3,https://slurm.schedmd.com::slurmctld,https://slurm.schedmd.com,debian;fedora;ubuntu,3,MIXED_OR_GENERAL
C3,https://slurm.schedmd.com::slurmd,https://slurm.schedmd.com,debian;fedora;ubuntu,3,MIXED_OR_GENERAL
C3,https://slurm.schedmd.com::slurmdbd,https://slurm.schedmd.com,debian;fedora;ubuntu,3,MIXED_OR_GENERAL
C3,https://slurm.schedmd.com::slurmrestd,https://slurm.schedmd.com,debian;fedora;ubuntu,3,MIXED_OR_GENERAL
C3,https://snapper.io::snapperd,https://snapper.io,debian;ubuntu,2,MIXED_OR_GENERAL
C3,https://snapper.io::upstream-unit::data/backup.service,https://snapper.io,arch;fedora,2,MIXED_OR_GENERAL
C3,https://snapper.io::upstream-unit::data/snapperd.service,https://snapper.io,arch;fedora,2,MIXED_OR_GENERAL
C3,https://soju.im::soju,https://soju.im,arch;debian;ubuntu,3,MIXED_OR_GENERAL
C3,https://sourceforge.net/projects/rpcbind::rpcbind,https://sourceforge.net/projects/rpcbind,debian;fedora;ubuntu,3,MIXED_OR_GENERAL
C3,https://sourceforge.net/projects/slim-fork::slim,https://sourceforge.net/projects/slim-fork,debian;fedora;ubuntu,3,MIXED_OR_GENERAL
C3,https://sourceware.org/lvm2::lvmlockd,https://sourceware.org/lvm2,debian;fedora;ubuntu,3,MIXED_OR_GENERAL
C3,https://sourceware.org/lvm2::lvmpolld,https://sourceware.org/lvm2,arch;debian;fedora;ubuntu,4,MIXED_OR_GENERAL
C3,https://sourceware.org/lvm2::upstream-unit::scripts/lvm-devices-import.service,https://sourceware.org/lvm2,arch;fedora,2,MIXED_OR_GENERAL
C3,https://sourceware.org/systemtap::upstream-unit::stap-exporter/stap-exporter.service,https://sourceware.org/systemtap,arch;fedora,2,MIXED_OR_GENERAL
C3,https://spacenav.sourceforge.net::spacenavd,https://spacenav.sourceforge.net,debian;fedora;ubuntu,3,MIXED_OR_GENERAL
C3,https://sr.ht/~kennylevinsen/seatd::seatd,https://sr.ht/~kennylevinsen/seatd,debian;ubuntu,2,MIXED_OR_GENERAL
C3,https://sr.ht/~kennylevinsen/seatd::upstream-unit::contrib/systemd/seatd.service,https://sr.ht/~kennylevinsen/seatd,arch;fedora,2,MIXED_OR_GENERAL
C3,https://suricata.io::suricata,https://suricata.io,debian;fedora;ubuntu,3,MIXED_OR_GENERAL
C3,https://sysstat.github.io::sa2,https://sysstat.github.io,arch;debian;fedora;ubuntu,4,MIXED_OR_GENERAL
C3,https://systemd.io::agetty,https://systemd.io,debian;fedora;ubuntu,3,MIXED_OR_GENERAL
C3,https://systemd.io::kmod,https://systemd.io,debian;fedora;ubuntu,3,MIXED_OR_GENERAL
C3,https://systemd.io::quotaon,https://systemd.io,debian;fedora;ubuntu,3,MIXED_OR_GENERAL
C3,https://systemd.io::rc.local,https://systemd.io,debian;fedora;ubuntu,3,MIXED_OR_GENERAL
C3,https://systemd.io::systemd-hwdb,https://systemd.io,debian;fedora;ubuntu,3,MIXED_OR_GENERAL
C3,https://systemd.io::upstream-unit::units/initrd-cleanup.service,https://systemd.io,debian;fedora;ubuntu,3,MIXED_OR_GENERAL
C3,https://systemd.io::upstream-unit::units/initrd-switch-root.service,https://systemd.io,debian;fedora;ubuntu,3,MIXED_OR_GENERAL
C3,https://systemd.io::upstream-unit::units/initrd-udevadm-cleanup-db.service,https://systemd.io,debian;fedora;ubuntu,3,MIXED_OR_GENERAL
C3,https://systemd.io::upstream-unit::units/ldconfig.service,https://systemd.io,debian;fedora;ubuntu,3,MIXED_OR_GENERAL
C3,https://systemd.io::upstream-unit::units/system-update-cleanup.service,https://systemd.io,debian;fedora;ubuntu,3,MIXED_OR_GENERAL
C3,https://systemd.io::upstream-unit::units/systemd-ask-password-console.service,https://systemd.io,debian;fedora;ubuntu,3,MIXED_OR_GENERAL
C3,https://systemd.io::upstream-unit::units/systemd-ask-password-wall.service,https://systemd.io,debian;fedora;ubuntu,3,MIXED_OR_GENERAL
C3,https://systemd.io::upstream-unit::units/systemd-boot-clear-sysfail.service,https://systemd.io,fedora;ubuntu,2,MIXED_OR_GENERAL
C3,https://systemd.io::upstream-unit::units/systemd-boot-random-seed.service,https://systemd.io,debian;fedora;ubuntu,3,MIXED_OR_GENERAL
C3,https://systemd.io::upstream-unit::units/systemd-boot-update.service,https://systemd.io,debian;fedora;ubuntu,3,MIXED_OR_GENERAL
C3,https://systemd.io::upstream-unit::units/systemd-confext-initrd.service,https://systemd.io,fedora;ubuntu,2,MIXED_OR_GENERAL
C3,https://systemd.io::upstream-unit::units/systemd-confext.service,https://systemd.io,debian;fedora;ubuntu,3,MIXED_OR_GENERAL
C3,https://systemd.io::upstream-unit::units/systemd-factory-reset-reboot.service,https://systemd.io,fedora;ubuntu,2,MIXED_OR_GENERAL
C3,https://systemd.io::upstream-unit::units/systemd-firstboot.service,https://systemd.io,debian;fedora;ubuntu,3,MIXED_OR_GENERAL
C3,https://systemd.io::upstream-unit::units/systemd-halt.service,https://systemd.io,debian;fedora;ubuntu,3,MIXED_OR_GENERAL
C3,https://systemd.io::upstream-unit::units/systemd-homed-activate.service,https://systemd.io,debian;fedora;ubuntu,3,MIXED_OR_GENERAL
C3,https://systemd.io::upstream-unit::units/systemd-homed-firstboot.service,https://systemd.io,debian;fedora;ubuntu,3,MIXED_OR_GENERAL
C3,https://systemd.io::upstream-unit::units/systemd-journal-catalog-update.service,https://systemd.io,debian;fedora;ubuntu,3,MIXED_OR_GENERAL
C3,https://systemd.io::upstream-unit::units/systemd-journal-flush.service,https://systemd.io,debian;fedora;ubuntu,3,MIXED_OR_GENERAL
C3,https://systemd.io::upstream-unit::units/systemd-kexec.service,https://systemd.io,debian;fedora;ubuntu,3,MIXED_OR_GENERAL
C3,https://systemd.io::upstream-unit::units/systemd-machine-id-commit.service,https://systemd.io,debian;fedora;ubuntu,3,MIXED_OR_GENERAL
C3,https://systemd.io::upstream-unit::units/systemd-networkd-persistent-storage.service,https://systemd.io,debian;fedora;ubuntu,3,MIXED_OR_GENERAL
C3,https://systemd.io::upstream-unit::units/systemd-poweroff.service,https://systemd.io,debian;fedora;ubuntu,3,MIXED_OR_GENERAL
C3,https://systemd.io::upstream-unit::units/systemd-reboot.service,https://systemd.io,debian;fedora;ubuntu,3,MIXED_OR_GENERAL
C3,https://systemd.io::upstream-unit::units/systemd-repart.service,https://systemd.io,debian;fedora;ubuntu,3,MIXED_OR_GENERAL
C3,https://systemd.io::upstream-unit::units/systemd-soft-reboot.service,https://systemd.io,debian;fedora;ubuntu,3,MIXED_OR_GENERAL
C3,https://systemd.io::upstream-unit::units/systemd-sysext-initrd.service,https://systemd.io,fedora;ubuntu,2,MIXED_OR_GENERAL
C3,https://systemd.io::upstream-unit::units/systemd-sysext.service,https://systemd.io,debian;fedora;ubuntu,3,MIXED_OR_GENERAL
C3,https://systemd.io::upstream-unit::units/systemd-sysusers.service,https://systemd.io,debian;fedora;ubuntu,3,MIXED_OR_GENERAL
C3,https://systemd.io::upstream-unit::units/systemd-tmpfiles-setup-dev-early.service,https://systemd.io,debian;fedora;ubuntu,3,MIXED_OR_GENERAL
C3,https://systemd.io::upstream-unit::units/systemd-tmpfiles-setup-dev.service,https://systemd.io,debian;fedora;ubuntu,3,MIXED_OR_GENERAL
C3,https://systemd.io::upstream-unit::units/systemd-udev-load-credentials.service,https://systemd.io,debian;fedora;ubuntu,3,MIXED_OR_GENERAL
C3,https://systemd.io::upstream-unit::units/systemd-udev-settle.service,https://systemd.io,debian;fedora;ubuntu,3,MIXED_OR_GENERAL
C3,https://systemd.io::upstream-unit::units/systemd-udev-trigger.service,https://systemd.io,debian;fedora;ubuntu,3,MIXED_OR_GENERAL
C3,https://systemd.io::upstream-unit::units/systemd-userdb-load-credentials.service,https://systemd.io,fedora;ubuntu,2,MIXED_OR_GENERAL
C3,https://torsion.org/borgmatic::systemd-inhibit,https://torsion.org/borgmatic,arch;fedora;ubuntu,3,MIXED_OR_GENERAL
C3,https://upower.freedesktop.org::upowerd,https://upower.freedesktop.org,arch;debian;fedora;ubuntu,4,MIXED_OR_GENERAL
C3,https://usbguard.github.io::usbguard-daemon,https://usbguard.github.io,debian;fedora;ubuntu,3,MIXED_OR_GENERAL
C3,https://w1.fi/wpa_supplicant::wpa_supplicant,https://w1.fi/wpa_supplicant,arch;debian;fedora;ubuntu,4,MIXED_OR_GENERAL
C3,https://wammu.eu/gammu::gammu-smsd,https://wammu.eu/gammu,arch;debian;fedora;ubuntu,4,MIXED_OR_GENERAL
C3,https://wiki.gnome.org/Projects/GDM::gdm3,https://wiki.gnome.org/Projects/GDM,debian;ubuntu,2,MIXED_OR_GENERAL
C3,https://wiki.gnome.org/phodav::spice-webdavd,https://wiki.gnome.org/phodav,arch;debian;fedora,3,MIXED_OR_GENERAL
C3,https://www.asterisk.org::asterisk,https://www.asterisk.org,fedora;ubuntu,2,MIXED_OR_GENERAL
C3,https://www.atoptool.nl::sh,https://www.atoptool.nl,arch;fedora,2,MIXED_OR_GENERAL
C3,https://www.atoptool.nl::upstream-unit::atop-rotate.service,https://www.atoptool.nl,arch;fedora,2,MIXED_OR_GENERAL
C3,https://www.atoptool.nl::upstream-unit::atopacct.service,https://www.atoptool.nl,arch;fedora,2,MIXED_OR_GENERAL
C3,https://www.bacula.org::bacula-dir,https://www.bacula.org,debian;fedora;ubuntu,3,MIXED_OR_GENERAL
C3,https://www.bacula.org::bacula-fd,https://www.bacula.org,debian;fedora;ubuntu,3,MIXED_OR_GENERAL
C3,https://www.bacula.org::bacula-sd,https://www.bacula.org,debian;fedora;ubuntu,3,MIXED_OR_GENERAL
C3,https://www.bitlbee.org::bitlbee,https://www.bitlbee.org,fedora;ubuntu,2,MIXED_OR_GENERAL
C3,https://www.bluez.org::bluetooth-meshd,https://www.bluez.org,arch;debian;fedora;ubuntu,4,MIXED_OR_GENERAL
C3,https://www.bluez.org::bluetoothd,https://www.bluez.org,arch;debian;fedora;ubuntu,4,MIXED_OR_GENERAL
C3,https://www.cipherdyne.org/fwknop::fwknopd,https://www.cipherdyne.org/fwknop,arch;fedora,2,MIXED_OR_GENERAL
C3,https://www.cipherdyne.org/psad::psad,https://www.cipherdyne.org/psad,debian;fedora;ubuntu,3,MIXED_OR_GENERAL
C3,https://www.clamav.net::clamd,https://www.clamav.net,arch;debian;ubuntu,3,MIXED_OR_GENERAL
C3,https://www.clamav.net::clamonacc,https://www.clamav.net,arch;debian;fedora;ubuntu,4,MIXED_OR_GENERAL
C3,https://www.clusterlabs.org::pacemaker-remoted,https://www.clusterlabs.org,debian;fedora;ubuntu,3,MIXED_OR_GENERAL
C3,https://www.clusterlabs.org::pacemakerd,https://www.clusterlabs.org,debian;fedora;ubuntu,3,MIXED_OR_GENERAL
C3,https://www.drbd.org::upstream-unit::scripts/drbd.service,https://www.drbd.org,debian;ubuntu,2,MIXED_OR_GENERAL
C3,https://www.fail2ban.org::fail2ban-server,https://www.fail2ban.org,arch;fedora;ubuntu,3,MIXED_OR_GENERAL
C3,https://www.finnie.org/software/2ping::upstream-unit::2ping.service,https://www.finnie.org/software/2ping,fedora;ubuntu,2,MIXED_OR_GENERAL
C3,https://www.firewalld.org::firewalld,https://www.firewalld.org,fedora;ubuntu,2,MIXED_OR_GENERAL
C3,https://www.freedesktop.org/software/PackageKit::packagekitd,https://www.freedesktop.org/software/PackageKit,arch;debian;fedora;ubuntu,4,MIXED_OR_GENERAL
C3,https://www.freedesktop.org/software/PackageKit::pk-offline-update,https://www.freedesktop.org/software/PackageKit,arch;debian;fedora;ubuntu,4,MIXED_OR_GENERAL
C3,https://www.freedesktop.org/software/colord::colord,https://www.freedesktop.org/software/colord,arch;debian;fedora;ubuntu,4,MIXED_OR_GENERAL
C3,https://www.freedesktop.org/wiki/Software/AccountsService::accounts-daemon,https://www.freedesktop.org/wiki/Software/AccountsService,debian;fedora;ubuntu,3,MIXED_OR_GENERAL
C3,https://www.freedesktop.org/wiki/Software/ModemManager::ModemManager,https://www.freedesktop.org/wiki/Software/ModemManager,arch;debian;ubuntu,3,MIXED_OR_GENERAL
C3,https://www.freedesktop.org/wiki/Software/Plymouth::systemd-tty-ask-password-agent,https://www.freedesktop.org/wiki/Software/Plymouth,arch;debian;fedora;ubuntu,4,MIXED_OR_GENERAL
C3,https://www.freedesktop.org/wiki/Software/fprint/fprintd::fprintd,https://www.freedesktop.org/wiki/Software/fprint/fprintd,debian;fedora;ubuntu,3,MIXED_OR_GENERAL
C3,https://www.freedesktop.org/wiki/Software/udisks::udisksd,https://www.freedesktop.org/wiki/Software/udisks,arch;debian;ubuntu,3,MIXED_OR_GENERAL
C3,https://www.freeipa.org::ipa-epn,https://www.freeipa.org,debian;fedora;ubuntu,3,MIXED_OR_GENERAL
C3,https://www.freeradius.org::freeradius,https://www.freeradius.org,debian;ubuntu,2,MIXED_OR_GENERAL
C3,https://www.frrouting.org::frrinit.sh,https://www.frrouting.org,debian;fedora,2,MIXED_OR_GENERAL
C3,https://www.gluster.org::glusterd,https://www.gluster.org,arch;debian;ubuntu,3,MIXED_OR_GENERAL
C3,https://www.gluster.org::glustereventsd,https://www.gluster.org,arch;debian;ubuntu,3,MIXED_OR_GENERAL
C3,https://www.gluster.org::glusterfsd,https://www.gluster.org,arch;debian;ubuntu,3,MIXED_OR_GENERAL
C3,https://www.gluster.org::mount-shared-storage.sh,https://www.gluster.org,arch;debian;ubuntu,3,MIXED_OR_GENERAL
C3,https://www.haproxy.org::haproxy,https://www.haproxy.org,arch;debian;fedora;ubuntu,4,MIXED_OR_GENERAL
C3,https://www.imapproxy.org::imapproxyd,https://www.imapproxy.org,debian;ubuntu,2,MIXED_OR_GENERAL
C3,https://www.inet.no/dante::sockd,https://www.inet.no/dante,arch;fedora,2,MIXED_OR_GENERAL
C3,https://www.infradead.org/~dhowells/kafs::kafs-preload,https://www.infradead.org/~dhowells/kafs,debian;fedora;ubuntu,3,MIXED_OR_GENERAL
C3,https://www.keepalived.org::keepalived,https://www.keepalived.org,arch;fedora,2,MIXED_OR_GENERAL
C3,https://www.kernel.org::cpupower,https://www.kernel.org,arch;fedora,2,MIXED_OR_GENERAL
C3,https://www.knot-resolver.cz::knot-resolver,https://www.knot-resolver.cz,arch;ubuntu,2,MIXED_OR_GENERAL
C3,https://www.knot-resolver.cz::kres-cache-gc,https://www.knot-resolver.cz,debian;fedora,2,MIXED_OR_GENERAL
C3,https://www.linux-pam.org::pam_namespace_helper,https://www.linux-pam.org,debian;fedora;ubuntu,3,MIXED_OR_GENERAL
C3,https://www.lirc.org::irexec,https://www.lirc.org,arch;fedora,2,MIXED_OR_GENERAL
C3,https://www.lirc.org::lircd,https://www.lirc.org,arch;fedora,2,MIXED_OR_GENERAL
C3,https://www.lirc.org::upstream-unit::systemd/lircd-setup.service,https://www.lirc.org,arch;fedora,2,MIXED_OR_GENERAL
C3,https://www.lirc.org::upstream-unit::systemd/lircd-uinput.service,https://www.lirc.org,arch;fedora,2,MIXED_OR_GENERAL
C3,https://www.lirc.org::upstream-unit::systemd/lircmd.service,https://www.lirc.org,arch;fedora,2,MIXED_OR_GENERAL
C3,https://www.monitorix.org::monitorix,https://www.monitorix.org,fedora;ubuntu,2,MIXED_OR_GENERAL
C3,https://www.msweet.org/lprint::lprint,https://www.msweet.org/lprint,arch;debian;fedora;ubuntu,4,MIXED_OR_GENERAL
C3,https://www.mumble.info::mumble-server,https://www.mumble.info,arch;debian;fedora;ubuntu,4,MIXED_OR_GENERAL
C3,https://www.nlnetlabs.nl/nsd::nsd,https://www.nlnetlabs.nl/nsd,arch;fedora,2,MIXED_OR_GENERAL
C3,https://www.nlnetlabs.nl/projects/dnssec-trigger::dnssec-trigger-control-setup,https://www.nlnetlabs.nl/projects/dnssec-trigger,debian;fedora;ubuntu,3,MIXED_OR_GENERAL
C3,https://www.nlnetlabs.nl/projects/dnssec-trigger::dnssec-triggerd,https://www.nlnetlabs.nl/projects/dnssec-trigger,debian;fedora;ubuntu,3,MIXED_OR_GENERAL
C3,https://www.nordugrid.org::arc-arex-start,https://www.nordugrid.org,debian;fedora;ubuntu,3,MIXED_OR_GENERAL
C3,https://www.nordugrid.org::arc-arex-ws-start,https://www.nordugrid.org,debian;fedora;ubuntu,3,MIXED_OR_GENERAL
C3,https://www.nordugrid.org::arc-datadelivery-service-start,https://www.nordugrid.org,debian;fedora;ubuntu,3,MIXED_OR_GENERAL
C3,https://www.nordugrid.org::upstream-unit::src/hed/daemon/scripts/arched.service,https://www.nordugrid.org,debian;fedora;ubuntu,3,MIXED_OR_GENERAL
C3,https://www.ntpsec.org::ntploggps,https://www.ntpsec.org,debian;ubuntu,2,MIXED_OR_GENERAL
C3,https://www.ntpsec.org::ntplogtemp,https://www.ntpsec.org,debian;fedora;ubuntu,3,MIXED_OR_GENERAL
C3,https://www.ntpsec.org::ntpwait,https://www.ntpsec.org,debian;fedora;ubuntu,3,MIXED_OR_GENERAL
C3,https://www.ocsinventory-ng.org::ocsinventory-agent,https://www.ocsinventory-ng.org,debian;ubuntu,2,MIXED_OR_GENERAL
C3,https://www.opendkim.org::opendkim,https://www.opendkim.org,arch;debian;ubuntu,3,MIXED_OR_GENERAL
C3,https://www.openldap.org::sh,https://www.openldap.org,debian;ubuntu,2,MIXED_OR_GENERAL
C3,https://www.openldap.org::slapd,https://www.openldap.org,arch;fedora,2,MIXED_OR_GENERAL
C3,https://www.pgbouncer.org::pgbouncer,https://www.pgbouncer.org,arch;debian;fedora;ubuntu,4,MIXED_OR_GENERAL
C3,https://www.php.net::php-fpm,https://www.php.net,arch;fedora,2,MIXED_OR_GENERAL
C3,https://www.powerdns.com::ixfrdist,https://www.powerdns.com,arch;debian;ubuntu,3,MIXED_OR_GENERAL
C3,https://www.powerdns.com::pdns_recursor,https://www.powerdns.com,arch;debian;ubuntu,3,MIXED_OR_GENERAL
C3,https://www.powerdns.com::pdns_server,https://www.powerdns.com,arch;debian;ubuntu,3,MIXED_OR_GENERAL
C3,https://www.proftpd.org::proftpd,https://www.proftpd.org,debian;fedora;ubuntu,3,MIXED_OR_GENERAL
C3,https://www.qemu.org::upstream-unit::contrib/systemd/qemu-pr-helper.service,https://www.qemu.org,arch;fedora,2,MIXED_OR_GENERAL
C3,https://www.rutschle.net/tech/sslh/README.html::sslh,https://www.rutschle.net/tech/sslh/README.html,arch;debian;ubuntu,3,MIXED_OR_GENERAL
C3,https://www.samba.org::ctdbd,https://www.samba.org,debian;fedora;ubuntu,3,MIXED_OR_GENERAL
C3,https://www.samba.org::samba-bgqd,https://www.samba.org,arch;fedora,2,MIXED_OR_GENERAL
C3,https://www.smartmontools.org::smartd,https://www.smartmontools.org,arch;debian;fedora;ubuntu,4,MIXED_OR_GENERAL
C3,https://www.spice-space.org::spice-vdagentd,https://www.spice-space.org,arch;debian;ubuntu,3,MIXED_OR_GENERAL
C3,https://www.sshguard.net::sshguard,https://www.sshguard.net,arch;fedora,2,MIXED_OR_GENERAL
C3,https://www.strongswan.org::charon-systemd,https://www.strongswan.org,arch;debian;fedora;ubuntu,4,MIXED_OR_GENERAL
C3,https://www.strongswan.org::ipsec,https://www.strongswan.org,arch;debian;ubuntu,3,MIXED_OR_GENERAL
C3,https://www.stunnel.org::stunnel,https://www.stunnel.org,arch;fedora,2,MIXED_OR_GENERAL
C3,https://www.svxlink.org::remotetrx,https://www.svxlink.org,debian;fedora;ubuntu,3,MIXED_OR_GENERAL
C3,https://www.svxlink.org::svxlink,https://www.svxlink.org,debian;fedora;ubuntu,3,MIXED_OR_GENERAL
C3,https://www.svxlink.org::svxlink_gpio_up,https://www.svxlink.org,fedora;ubuntu,2,MIXED_OR_GENERAL
C3,https://www.svxlink.org::svxreflector,https://www.svxlink.org,debian;fedora;ubuntu,3,MIXED_OR_GENERAL
C3,https://www.tinc-vpn.org::true,https://www.tinc-vpn.org,arch;debian;fedora;ubuntu,4,MIXED_OR_GENERAL
C3,https://www.transmissionbt.com::transmission-daemon,https://www.transmissionbt.com,arch;fedora,2,MIXED_OR_GENERAL
C3,https://www.wesnoth.org::wesnothd,https://www.wesnoth.org,arch;fedora,2,MIXED_OR_GENERAL
C3,https://www.xrdp.org::xrdp,https://www.xrdp.org,debian;fedora;ubuntu,3,MIXED_OR_GENERAL
C3,https://www.xrdp.org::xrdp-sesman,https://www.xrdp.org,debian;fedora;ubuntu,3,MIXED_OR_GENERAL
C3,https://xfs.wiki.kernel.org::xfs_healer_start,https://xfs.wiki.kernel.org,arch;fedora,2,MIXED_OR_GENERAL
C3,https://xfs.wiki.kernel.org::xfs_scrub_all,https://xfs.wiki.kernel.org,arch;debian;fedora;ubuntu,4,MIXED_OR_GENERAL
C3,https://xfs.wiki.kernel.org::xfs_scrub_fail,https://xfs.wiki.kernel.org,arch;debian;fedora;ubuntu,4,MIXED_OR_GENERAL
C3X,https://apps.gnome.org/Sysprof::sysprofd,https://apps.gnome.org/Sysprof,arch;debian;ubuntu,3,CROSS_FAMILY
C3X,https://avahi.org::avahi-daemon,https://avahi.org,debian;fedora;ubuntu,3,CROSS_FAMILY
C3X,https://avahi.org::avahi-dnsconfd,https://avahi.org,debian;fedora;ubuntu,3,CROSS_FAMILY
C3X,https://bpfilter.io::upstream-unit::src/bpfilter/bpfilter.service,https://bpfilter.io,fedora;ubuntu,2,CROSS_FAMILY
C3X,https://ceph.com::ceph-crash,https://ceph.com,debian;fedora;ubuntu,3,CROSS_FAMILY
C3X,https://ceph.com::rbdmap,https://ceph.com,debian;fedora;ubuntu,3,CROSS_FAMILY
C3X,https://christophe.varoqui.free.fr::multipathd,https://christophe.varoqui.free.fr,debian;fedora;ubuntu,3,CROSS_FAMILY
C3X,https://christophe.varoqui.free.fr::true,https://christophe.varoqui.free.fr,fedora;ubuntu,2,CROSS_FAMILY
C3X,https://chrony-project.org::upstream-unit::examples/chrony-wait.service,https://chrony-project.org,arch;debian;fedora;ubuntu,4,CROSS_FAMILY
C3X,https://cisofy.com/lynis::lynis,https://cisofy.com/lynis,arch;ubuntu,2,CROSS_FAMILY
C3X,https://cloud-init.io::upstream-unit::systemd/cloud-config.service,https://cloud-init.io,arch;ubuntu,2,CROSS_FAMILY
C3X,https://cloud-init.io::upstream-unit::systemd/cloud-final.service,https://cloud-init.io,arch;ubuntu,2,CROSS_FAMILY
C3X,https://cloud-init.io::upstream-unit::systemd/cloud-init-hotplugd.service,https://cloud-init.io,arch;ubuntu,2,CROSS_FAMILY
C3X,https://cockpit-project.org::cockpit-tls,https://cockpit-project.org,arch;debian;fedora;ubuntu,4,CROSS_FAMILY
C3X,https://cockpit-project.org::cockpit-ws,https://cockpit-project.org,arch;debian;fedora;ubuntu,4,CROSS_FAMILY
C3X,https://cockpit-project.org::update-issue,https://cockpit-project.org,arch;debian;fedora;ubuntu,4,CROSS_FAMILY
C3X,https://cockpit-project.org::upstream-unit::src/systemd/cockpit-session-socket-user.service,https://cockpit-project.org,arch;debian;fedora;ubuntu,4,CROSS_FAMILY
C3X,https://cockpit-project.org::upstream-unit::src/systemd/cockpit-wsinstance-socket-user.service,https://cockpit-project.org,arch;debian;fedora;ubuntu,4,CROSS_FAMILY
C3X,https://code.forgejo.org/forgejo/runner::forgejo-runner,https://code.forgejo.org/forgejo/runner,arch;fedora,2,CROSS_FAMILY
C3X,https://code.kryo.se/iodine::iodined,https://code.kryo.se/iodine,arch;debian;fedora;ubuntu,4,CROSS_FAMILY
C3X,https://collectd.org::collectd,https://collectd.org,debian;fedora;ubuntu,3,CROSS_FAMILY
C3X,https://corosync.github.io/corosync::corosync,https://corosync.github.io/corosync,debian;fedora;ubuntu,3,CROSS_FAMILY
C3X,https://corosync.github.io/corosync::corosync-notifyd,https://corosync.github.io/corosync,debian;fedora;ubuntu,3,CROSS_FAMILY
C3X,https://ddclient.net::ddclient,https://ddclient.net,fedora;ubuntu,2,CROSS_FAMILY
C3X,https://devel.freebsoft.org/speechd::speech-dispatcher,https://devel.freebsoft.org/speechd,debian;fedora;ubuntu,3,CROSS_FAMILY
C3X,https://digint.ch/btrbk::btrbk,https://digint.ch/btrbk,fedora;ubuntu,2,CROSS_FAMILY
C3X,https://dnsdist.org::dnsdist,https://dnsdist.org,arch;debian;fedora;ubuntu,4,CROSS_FAMILY
C3X,https://dun.github.io/munge::munged,https://dun.github.io/munge,debian;fedora;ubuntu,3,CROSS_FAMILY
C3X,https://etckeeper.branchable.com::upstream-unit::systemd/etckeeper.service,https://etckeeper.branchable.com,fedora;ubuntu,2,CROSS_FAMILY
C3X,https://flatpak.org::flatpak-system-helper,https://flatpak.org,arch;debian;fedora;ubuntu,4,CROSS_FAMILY
C3X,https://forgejo.org::forgejo,https://forgejo.org,arch;fedora,2,CROSS_FAMILY
C3X,https://git.kernel.org/pub/scm/network/connman/connman::connman-vpnd,https://git.kernel.org/pub/scm/network/connman/connman,arch;debian;ubuntu,3,CROSS_FAMILY
C3X,https://git.kernel.org/pub/scm/network/connman/connman::connmand,https://git.kernel.org/pub/scm/network/connman/connman,arch;debian;ubuntu,3,CROSS_FAMILY
C3X,https://git.kernel.org/pub/scm/network/connman/connman::connmand-wait-online,https://git.kernel.org/pub/scm/network/connman/connman,arch;debian;ubuntu,3,CROSS_FAMILY
C3X,https://github.com/42wim/matterbridge::matterbridge,https://github.com/42wim/matterbridge,arch;fedora,2,CROSS_FAMILY
C3X,https://github.com/AsahiLinux/asahi-scripts::upstream-unit::macsmc-battery/systemd/macsmc-battery-charge-control-end-threshold.service,https://github.com/AsahiLinux/asahi-scripts,fedora;ubuntu,2,CROSS_FAMILY
C3X,https://github.com/ClusterLabs/booth::boothd,https://github.com/ClusterLabs/booth,debian;fedora;ubuntu,3,CROSS_FAMILY
C3X,https://github.com/ClusterLabs/fence-agents::fence_virtd,https://github.com/ClusterLabs/fence-agents,debian;fedora;ubuntu,3,CROSS_FAMILY
C3X,https://github.com/ClusterLabs/pcs::pcs_snmp_agent,https://github.com/ClusterLabs/pcs,fedora;ubuntu,2,CROSS_FAMILY
C3X,https://github.com/ClusterLabs/resource-agents::ldirectord,https://github.com/ClusterLabs/resource-agents,fedora;ubuntu,2,CROSS_FAMILY
C3X,https://github.com/EGI-Federation/bdii::bdii-slapd-start,https://github.com/EGI-Federation/bdii,fedora;ubuntu,2,CROSS_FAMILY
C3X,https://github.com/EGI-Federation/bdii::sh,https://github.com/EGI-Federation/bdii,fedora;ubuntu,2,CROSS_FAMILY
C3X,https://github.com/ErikReider/SwayOSD::swayosd-libinput-backend,https://github.com/ErikReider/SwayOSD,arch;debian;ubuntu,3,CROSS_FAMILY
C3X,https://github.com/Exa-Networks/exabgp::exabgp,https://github.com/Exa-Networks/exabgp,fedora;ubuntu,2,CROSS_FAMILY
C3X,https://github.com/FoobarOy/foomuuri::upstream-unit::systemd/foomuuri-boot.service,https://github.com/FoobarOy/foomuuri,fedora;ubuntu,2,CROSS_FAMILY
C3X,https://github.com/FoobarOy/foomuuri::upstream-unit::systemd/foomuuri-dbus.service,https://github.com/FoobarOy/foomuuri,fedora;ubuntu,2,CROSS_FAMILY
C3X,https://github.com/FoobarOy/foomuuri::upstream-unit::systemd/foomuuri-iplist.service,https://github.com/FoobarOy/foomuuri,fedora;ubuntu,2,CROSS_FAMILY
C3X,https://github.com/FoobarOy/foomuuri::upstream-unit::systemd/foomuuri-monitor.service,https://github.com/FoobarOy/foomuuri,fedora;ubuntu,2,CROSS_FAMILY
C3X,https://github.com/FoobarOy/foomuuri::upstream-unit::systemd/foomuuri.service,https://github.com/FoobarOy/foomuuri,fedora;ubuntu,2,CROSS_FAMILY
C3X,https://github.com/GoogleCloudPlatform/guest-agent::true,https://github.com/GoogleCloudPlatform/guest-agent,debian;fedora;ubuntu,3,CROSS_FAMILY
C3X,https://github.com/GoogleCloudPlatform/guest-agent::upstream-unit::google-guest-agent.service,https://github.com/GoogleCloudPlatform/guest-agent,fedora;ubuntu,2,CROSS_FAMILY
C3X,https://github.com/GoogleCloudPlatform/osconfig::google_osconfig_agent,https://github.com/GoogleCloudPlatform/osconfig,fedora;ubuntu,2,CROSS_FAMILY
C3X,https://github.com/Irqbalance/irqbalance::irqbalance,https://github.com/Irqbalance/irqbalance,debian;fedora;ubuntu,3,CROSS_FAMILY
C3X,https://github.com/JoseExposito/touchegg::touchegg,https://github.com/JoseExposito/touchegg,arch;fedora,2,CROSS_FAMILY
C3X,https://github.com/OpenPrinting/ipp-usb::ipp-usb,https://github.com/OpenPrinting/ipp-usb,arch;debian;fedora;ubuntu,4,CROSS_FAMILY
C3X,https://github.com/OpenPrinting/pappl-retrofit::upstream-unit::legacy/legacy-printer-app.service,https://github.com/OpenPrinting/pappl-retrofit,fedora;ubuntu,2,CROSS_FAMILY
C3X,https://github.com/PixlOne/logiops::logid,https://github.com/PixlOne/logiops,debian;fedora;ubuntu,3,CROSS_FAMILY
C3X,https://github.com/SSSD/sssd::sssd,https://github.com/SSSD/sssd,arch;debian;fedora;ubuntu,4,CROSS_FAMILY
C3X,https://github.com/SSSD/sssd::sssd_autofs,https://github.com/SSSD/sssd,arch;debian;fedora;ubuntu,4,CROSS_FAMILY
C3X,https://github.com/SSSD/sssd::sssd_ifp,https://github.com/SSSD/sssd,arch;debian;fedora;ubuntu,4,CROSS_FAMILY
C3X,https://github.com/SSSD/sssd::sssd_kcm,https://github.com/SSSD/sssd,arch;debian;fedora;ubuntu,4,CROSS_FAMILY
C3X,https://github.com/SSSD/sssd::sssd_nss,https://github.com/SSSD/sssd,arch;debian;fedora;ubuntu,4,CROSS_FAMILY
C3X,https://github.com/SSSD/sssd::sssd_pac,https://github.com/SSSD/sssd,arch;debian;fedora;ubuntu,4,CROSS_FAMILY
C3X,https://github.com/SSSD/sssd::sssd_pam,https://github.com/SSSD/sssd,arch;debian;fedora;ubuntu,4,CROSS_FAMILY
C3X,https://github.com/SSSD/sssd::sssd_ssh,https://github.com/SSSD/sssd,arch;debian;fedora;ubuntu,4,CROSS_FAMILY
C3X,https://github.com/SSSD/sssd::sssd_sudo,https://github.com/SSSD/sssd,arch;debian;fedora;ubuntu,4,CROSS_FAMILY
C3X,https://github.com/ar-/incron::incrond,https://github.com/ar-/incron,arch;debian;fedora;ubuntu,4,CROSS_FAMILY
C3X,https://github.com/authselect/authselect::upstream-unit::systemd/authselect-apply-changes.service,https://github.com/authselect/authselect,fedora;ubuntu,2,CROSS_FAMILY
C3X,https://github.com/blueman-project/blueman::blueman-mechanism,https://github.com/blueman-project/blueman,arch;debian;fedora;ubuntu,4,CROSS_FAMILY
C3X,https://github.com/cdown/zcfan::zcfan,https://github.com/cdown/zcfan,debian;fedora;ubuntu,3,CROSS_FAMILY
C3X,https://github.com/ckb-next/ckb-next::ckb-next-daemon,https://github.com/ckb-next/ckb-next,arch;debian;fedora;ubuntu,4,CROSS_FAMILY
C3X,https://github.com/cminyard/ser2net::ser2net,https://github.com/cminyard/ser2net,debian;fedora;ubuntu,3,CROSS_FAMILY
C3X,https://github.com/containernetworking/plugins::dhcp,https://github.com/containernetworking/plugins,arch;debian;fedora;ubuntu,4,CROSS_FAMILY
C3X,https://github.com/corosync/corosync-qdevice::corosync-qdevice,https://github.com/corosync/corosync-qdevice,debian;fedora;ubuntu,3,CROSS_FAMILY
C3X,https://github.com/corosync/corosync-qdevice::corosync-qnetd,https://github.com/corosync/corosync-qdevice,debian;fedora;ubuntu,3,CROSS_FAMILY
C3X,https://github.com/coturn/coturn::turnserver,https://github.com/coturn/coturn,arch;debian;ubuntu,3,CROSS_FAMILY
C3X,https://github.com/darrylb123/usbrelay::python3,https://github.com/darrylb123/usbrelay,fedora;ubuntu,2,CROSS_FAMILY
C3X,https://github.com/ddccontrol/ddccontrol::ddccontrol_service,https://github.com/ddccontrol/ddccontrol,debian;fedora;ubuntu,3,CROSS_FAMILY
C3X,https://github.com/elementary/settings-daemon::busctl,https://github.com/elementary/settings-daemon,arch;fedora,2,CROSS_FAMILY
C3X,https://github.com/evilsocket/opensnitch::opensnitchd,https://github.com/evilsocket/opensnitch,arch;debian;ubuntu,3,CROSS_FAMILY
C3X,https://github.com/facebookincubator/oomd::oomd,https://github.com/facebookincubator/oomd,debian;fedora;ubuntu,3,CROSS_FAMILY
C3X,https://github.com/freeipa/freeipa-healthcheck::upstream-unit::systemd/ipa-healthcheck.service,https://github.com/freeipa/freeipa-healthcheck,fedora;ubuntu,2,CROSS_FAMILY
C3X,https://github.com/fujita/tgt::tgtd,https://github.com/fujita/tgt,arch;debian;ubuntu,3,CROSS_FAMILY
C3X,https://github.com/fwupd/fwupd::fwupd,https://github.com/fwupd/fwupd,arch;debian;fedora;ubuntu,4,CROSS_FAMILY
C3X,https://github.com/fwupd/fwupd::fwupdmgr,https://github.com/fwupd/fwupd,arch;debian;fedora;ubuntu,4,CROSS_FAMILY
C3X,https://github.com/gssapi/gssproxy::gssproxy,https://github.com/gssapi/gssproxy,arch;debian;fedora;ubuntu,4,CROSS_FAMILY
C3X,https://github.com/hardinfo2/hardinfo2::upstream-unit::tools/hardinfo2.service,https://github.com/hardinfo2/hardinfo2,debian;fedora;ubuntu,3,CROSS_FAMILY
C3X,https://github.com/hughsie/passim::passimd,https://github.com/hughsie/passim,arch;fedora;ubuntu,3,CROSS_FAMILY
C3X,https://github.com/intel/intel-lpmd::intel_lpmd,https://github.com/intel/intel-lpmd,arch;fedora;ubuntu,3,CROSS_FAMILY
C3X,https://github.com/intel/ledmon::ledmon,https://github.com/intel/ledmon,debian;fedora;ubuntu,3,CROSS_FAMILY
C3X,https://github.com/intel/qatlib::qatmgr,https://github.com/intel/qatlib,debian;fedora;ubuntu,3,CROSS_FAMILY
C3X,https://github.com/intel/thermal_daemon::thermald,https://github.com/intel/thermal_daemon,arch;debian;ubuntu,3,CROSS_FAMILY
C3X,https://github.com/juanfont/headscale::headscale,https://github.com/juanfont/headscale,arch;fedora,2,CROSS_FAMILY
C3X,https://github.com/kdave/btrfsmaintenance::btrfsmaintenance-refresh-cron.sh,https://github.com/kdave/btrfsmaintenance,arch;fedora;ubuntu,3,CROSS_FAMILY
C3X,https://github.com/kdave/btrfsmaintenance::upstream-unit::btrfs-balance.service,https://github.com/kdave/btrfsmaintenance,arch;fedora;ubuntu,3,CROSS_FAMILY
C3X,https://github.com/kdave/btrfsmaintenance::upstream-unit::btrfs-defrag.service,https://github.com/kdave/btrfsmaintenance,arch;fedora;ubuntu,3,CROSS_FAMILY
C3X,https://github.com/kdave/btrfsmaintenance::upstream-unit::btrfs-scrub.service,https://github.com/kdave/btrfsmaintenance,arch;fedora;ubuntu,3,CROSS_FAMILY
C3X,https://github.com/kdave/btrfsmaintenance::upstream-unit::btrfs-trim.service,https://github.com/kdave/btrfsmaintenance,arch;fedora;ubuntu,3,CROSS_FAMILY
C3X,https://github.com/ksmtuned/ksmtuned::ksmctl,https://github.com/ksmtuned/ksmtuned,debian;fedora;ubuntu,3,CROSS_FAMILY
C3X,https://github.com/ksmtuned/ksmtuned::ksmtuned,https://github.com/ksmtuned/ksmtuned,debian;fedora;ubuntu,3,CROSS_FAMILY
C3X,https://github.com/latchset/clevis::clevis-luks-askpass,https://github.com/latchset/clevis,arch;debian;fedora;ubuntu,4,CROSS_FAMILY
C3X,https://github.com/latchset/clevis::upstream-unit::src/luks/systemd/clevis-luks-pkcs11-askpass.service,https://github.com/latchset/clevis,arch;fedora,2,CROSS_FAMILY
C3X,https://github.com/libratbag/libratbag::ratbagd,https://github.com/libratbag/libratbag,arch;debian;fedora;ubuntu,4,CROSS_FAMILY
C3X,https://github.com/linux-audit/audit-userspace::auditd,https://github.com/linux-audit/audit-userspace,arch;fedora,2,CROSS_FAMILY
C3X,https://github.com/linux-audit/audit-userspace::augenrules,https://github.com/linux-audit/audit-userspace,arch;fedora,2,CROSS_FAMILY
C3X,https://github.com/linux-msm/tqftpserv::tqftpserv,https://github.com/linux-msm/tqftpserv,debian;fedora;ubuntu,3,CROSS_FAMILY
C3X,https://github.com/linux-nvme/nvme-cli::upstream-unit::nvmf-autoconnect/systemd/nvmefc-boot-connections.service,https://github.com/linux-nvme/nvme-cli,arch;debian;fedora;ubuntu,4,CROSS_FAMILY
C3X,https://github.com/linux-rdma/rdma-core::ibacm,https://github.com/linux-rdma/rdma-core,arch;debian;fedora;ubuntu,4,CROSS_FAMILY
C3X,https://github.com/linux-rdma/rdma-core::iwpmd,https://github.com/linux-rdma/rdma-core,arch;debian;fedora;ubuntu,4,CROSS_FAMILY
C3X,https://github.com/linux-rdma/rdma-core::rdma-ndd,https://github.com/linux-rdma/rdma-core,arch;debian;fedora;ubuntu,4,CROSS_FAMILY
C3X,https://github.com/linux-rdma/rdma-core::start_on_all_ports,https://github.com/linux-rdma/rdma-core,arch;debian;fedora;ubuntu,4,CROSS_FAMILY
C3X,https://github.com/linuxdeepin/dde-api::upstream-unit::misc/systemd/system/deepin-api-device.service,https://github.com/linuxdeepin/dde-api,arch;fedora,2,CROSS_FAMILY
C3X,https://github.com/linuxdeepin/dde-api::upstream-unit::misc/systemd/system/deepin-login-sound.service,https://github.com/linuxdeepin/dde-api,arch;fedora,2,CROSS_FAMILY
C3X,https://github.com/linuxdeepin/dde-api::upstream-unit::misc/systemd/system/deepin-shutdown-sound.service,https://github.com/linuxdeepin/dde-api,arch;fedora,2,CROSS_FAMILY
C3X,https://github.com/linuxdeepin/dde-api::upstream-unit::misc/systemd/system/deepin-sound-theme-player.service,https://github.com/linuxdeepin/dde-api,arch;fedora,2,CROSS_FAMILY
C3X,https://github.com/linuxdeepin/deepin-boot-maker::upstream-unit::src/service/data/deepin-boot-maker.service,https://github.com/linuxdeepin/deepin-boot-maker,arch;debian;ubuntu,3,CROSS_FAMILY
C3X,https://github.com/linuxdeepin/deepin-pw-check::upstream-unit::misc/systemd-service/deepin-passwd-conf.service,https://github.com/linuxdeepin/deepin-pw-check,arch;fedora,2,CROSS_FAMILY
C3X,https://github.com/linuxdeepin/deepin-system-monitor::upstream-unit::deepin-system-monitor-system-server/misc/deepin-system-monitor-system-server.service,https://github.com/linuxdeepin/deepin-system-monitor,arch;fedora,2,CROSS_FAMILY
C3X,https://github.com/logrotate/logrotate::upstream-unit::examples/logrotate.service,https://github.com/logrotate/logrotate,arch;debian;fedora;ubuntu,4,CROSS_FAMILY
C3X,https://github.com/mikebrady/shairport-sync::shairport-sync,https://github.com/mikebrady/shairport-sync,arch;debian;fedora;ubuntu,4,CROSS_FAMILY
C3X,https://github.com/nhorman/rng-tools::rngd,https://github.com/nhorman/rng-tools,arch;fedora,2,CROSS_FAMILY
C3X,https://github.com/open-iscsi/open-isns::isnsd,https://github.com/open-iscsi/open-isns,debian;fedora;ubuntu,3,CROSS_FAMILY
C3X,https://github.com/open-iscsi/rtslib-fb::upstream-unit::systemd/target.service,https://github.com/open-iscsi/rtslib-fb,fedora;ubuntu,2,CROSS_FAMILY
C3X,https://github.com/open-iscsi/targetcli-fb::upstream-unit::systemd/targetclid.service,https://github.com/open-iscsi/targetcli-fb,fedora;ubuntu,2,CROSS_FAMILY
C3X,https://github.com/open-iscsi/tcmu-runner::upstream-unit::tcmu-runner.service,https://github.com/open-iscsi/tcmu-runner,debian;fedora;ubuntu,3,CROSS_FAMILY
C3X,https://github.com/opencryptoki/opencryptoki::pkcsslotd,https://github.com/opencryptoki/opencryptoki,debian;fedora;ubuntu,3,CROSS_FAMILY
C3X,https://github.com/oracle/ktls-utils::upstream-unit::systemd/tlshd.service,https://github.com/oracle/ktls-utils,debian;fedora;ubuntu,3,CROSS_FAMILY
C3X,https://github.com/pendulum-project/ntpd-rs::ntp-daemon,https://github.com/pendulum-project/ntpd-rs,debian;fedora;ubuntu,3,CROSS_FAMILY
C3X,https://github.com/pendulum-project/ntpd-rs::upstream-unit::docs/examples/conf/ntpd-rs-metrics.service,https://github.com/pendulum-project/ntpd-rs,debian;fedora;ubuntu,3,CROSS_FAMILY
C3X,https://github.com/phillipberndt/autorandr::upstream-unit::contrib/systemd/autorandr-lid-listener.service,https://github.com/phillipberndt/autorandr,arch;fedora;ubuntu,3,CROSS_FAMILY
C3X,https://github.com/phillipberndt/autorandr::upstream-unit::contrib/systemd/autorandr.service,https://github.com/phillipberndt/autorandr,arch;fedora;ubuntu,3,CROSS_FAMILY
C3X,https://github.com/pmem/ndctl::upstream-unit::cxl/cxl-monitor.service,https://github.com/pmem/ndctl,arch;debian;fedora;ubuntu,4,CROSS_FAMILY
C3X,https://github.com/pmem/ndctl::upstream-unit::ndctl/ndctl-monitor.service,https://github.com/pmem/ndctl,arch;debian;fedora;ubuntu,4,CROSS_FAMILY
C3X,https://github.com/polkit-org/polkit::polkitd,https://github.com/polkit-org/polkit,arch;debian;fedora;ubuntu,4,CROSS_FAMILY
C3X,https://github.com/pop-os/cosmic-greeter::greetd,https://github.com/pop-os/cosmic-greeter,arch;fedora,2,CROSS_FAMILY
C3X,https://github.com/pop-os/cosmic-greeter::upstream-unit::debian/cosmic-greeter-daemon.service,https://github.com/pop-os/cosmic-greeter,arch;fedora,2,CROSS_FAMILY
C3X,https://github.com/pothosware/SoapyRemote::SoapySDRServer,https://github.com/pothosware/SoapyRemote,arch;debian;ubuntu,3,CROSS_FAMILY
C3X,https://github.com/prometheus-community/ipmi_exporter::prometheus-ipmi-exporter,https://github.com/prometheus-community/ipmi_exporter,arch;debian;ubuntu,3,CROSS_FAMILY
C3X,https://github.com/pymumu/smartdns::smartdns,https://github.com/pymumu/smartdns,arch;debian;ubuntu,3,CROSS_FAMILY
C3X,https://github.com/rfjakob/earlyoom::earlyoom,https://github.com/rfjakob/earlyoom,arch;debian;fedora;ubuntu,4,CROSS_FAMILY
C3X,https://github.com/rhboot/pesign::pesign,https://github.com/rhboot/pesign,arch;fedora,2,CROSS_FAMILY
C3X,https://github.com/rpm-software-management/dnf-plugins-core::upstream-unit::etc/systemd/dnf-system-upgrade-cleanup.service,https://github.com/rpm-software-management/dnf-plugins-core,fedora;ubuntu,2,CROSS_FAMILY
C3X,https://github.com/rpm-software-management/dnf-plugins-core::upstream-unit::etc/systemd/dnf-system-upgrade.service,https://github.com/rpm-software-management/dnf-plugins-core,fedora;ubuntu,2,CROSS_FAMILY
C3X,https://github.com/rpm-software-management/dnf5::dnf5,https://github.com/rpm-software-management/dnf5,arch;fedora;ubuntu,3,CROSS_FAMILY
C3X,https://github.com/rpm-software-management/dnf5::upstream-unit::dnf5/config/systemd/system/dnf5-offline-transaction-cleanup.service,https://github.com/rpm-software-management/dnf5,arch;fedora;ubuntu,3,CROSS_FAMILY
C3X,https://github.com/rpm-software-management/dnf5::upstream-unit::dnf5/config/systemd/system/dnf5-offline-transaction.service,https://github.com/rpm-software-management/dnf5,arch;fedora;ubuntu,3,CROSS_FAMILY
C3X,https://github.com/rpm-software-management/dnf5::upstream-unit::dnf5daemon-server/dbus/dnf5daemon-server.service,https://github.com/rpm-software-management/dnf5,arch;fedora;ubuntu,3,CROSS_FAMILY
C3X,https://github.com/rpm-software-management/dnf5::upstream-unit::etc/systemd/dnf5-makecache.service,https://github.com/rpm-software-management/dnf5,arch;fedora;ubuntu,3,CROSS_FAMILY
C3X,https://github.com/rpodgorny/uptimed::uptimed,https://github.com/rpodgorny/uptimed,arch;debian;fedora;ubuntu,4,CROSS_FAMILY
C3X,https://github.com/schollz/croc::upstream-unit::croc.service,https://github.com/schollz/croc,arch;fedora,2,CROSS_FAMILY
C3X,https://github.com/sddm/sddm::sddm,https://github.com/sddm/sddm,arch;debian;fedora;ubuntu,4,CROSS_FAMILY
C3X,https://github.com/sezanzeb/input-remapper::upstream-unit::data/input-remapper.service,https://github.com/sezanzeb/input-remapper,fedora;ubuntu,2,CROSS_FAMILY
C3X,https://github.com/sharkcz/collectl::collectl,https://github.com/sharkcz/collectl,fedora;ubuntu,2,CROSS_FAMILY
C3X,https://github.com/skeeto/endlessh::endlessh,https://github.com/skeeto/endlessh,debian;fedora;ubuntu,3,CROSS_FAMILY
C3X,https://github.com/slackhq/nebula::nebula,https://github.com/slackhq/nebula,arch;fedora,2,CROSS_FAMILY
C3X,https://github.com/snapcore/snapd::snapd,https://github.com/snapcore/snapd,debian;fedora;ubuntu,3,CROSS_FAMILY
C3X,https://github.com/snapcore/snapd::snapd-apparmor,https://github.com/snapcore/snapd,debian;fedora;ubuntu,3,CROSS_FAMILY
C3X,https://github.com/systemd/systemd-bootchart::systemd-bootchart,https://github.com/systemd/systemd-bootchart,arch;debian;fedora;ubuntu,4,CROSS_FAMILY
C3X,https://github.com/tpm2-software/tpm2-abrmd::tpm2-abrmd,https://github.com/tpm2-software/tpm2-abrmd,arch;fedora,2,CROSS_FAMILY
C3X,https://github.com/util-linux/util-linux::fstrim,https://github.com/util-linux/util-linux,arch;debian;ubuntu,3,CROSS_FAMILY
C3X,https://github.com/util-linux/util-linux::lastlog2,https://github.com/util-linux/util-linux,arch;debian,2,CROSS_FAMILY
C3X,https://github.com/util-linux/util-linux::uuidd,https://github.com/util-linux/util-linux,arch;debian;ubuntu,3,CROSS_FAMILY
C3X,https://github.com/vmatare/thinkfan::upstream-unit::rcscripts/systemd/thinkfan-sleep.service,https://github.com/vmatare/thinkfan,fedora;ubuntu,2,CROSS_FAMILY
C3X,https://github.com/vmatare/thinkfan::upstream-unit::rcscripts/systemd/thinkfan-wakeup.service,https://github.com/vmatare/thinkfan,debian;fedora;ubuntu,3,CROSS_FAMILY
C3X,https://github.com/wb2osz/direwolf::direwolf,https://github.com/wb2osz/direwolf,debian;fedora;ubuntu,3,CROSS_FAMILY
C3X,https://github.com/ximion/btrfsd::btrfsd,https://github.com/ximion/btrfsd,debian;fedora;ubuntu,3,CROSS_FAMILY
C3X,https://github.com/zhuyaliang/group-service::group-admin-daemon,https://github.com/zhuyaliang/group-service,debian;fedora;ubuntu,3,CROSS_FAMILY
C3X,https://gitlab.archlinux.org/archlinux/netctl::upstream-unit::services/netctl-sleep.service,https://gitlab.archlinux.org/archlinux/netctl,arch;ubuntu,2,CROSS_FAMILY
C3X,https://gitlab.archlinux.org/archlinux/netctl::upstream-unit::services/netctl-wait-online.service,https://gitlab.archlinux.org/archlinux/netctl,arch;ubuntu,2,CROSS_FAMILY
C3X,https://gitlab.archlinux.org/archlinux/netctl::upstream-unit::services/netctl.service,https://gitlab.archlinux.org/archlinux/netctl,arch;ubuntu,2,CROSS_FAMILY
C3X,https://gitlab.com/interception/linux/tools::upstream-unit::udevmon.service,https://gitlab.com/interception/linux/tools,arch;debian;ubuntu,3,CROSS_FAMILY
C3X,https://gitlab.freedesktop.org/bolt/bolt::boltd,https://gitlab.freedesktop.org/bolt/bolt,arch;debian;fedora;ubuntu,4,CROSS_FAMILY
C3X,https://gitlab.freedesktop.org/hadess/iio-sensor-proxy::iio-sensor-proxy,https://gitlab.freedesktop.org/hadess/iio-sensor-proxy,arch;debian;fedora;ubuntu,4,CROSS_FAMILY
C3X,https://gitlab.freedesktop.org/hadess/low-memory-monitor::low-memory-monitor,https://gitlab.freedesktop.org/hadess/low-memory-monitor,debian;fedora;ubuntu,3,CROSS_FAMILY
C3X,https://gitlab.freedesktop.org/hadess/switcheroo-control::switcheroo-control,https://gitlab.freedesktop.org/hadess/switcheroo-control,arch;debian;fedora;ubuntu,4,CROSS_FAMILY
C3X,https://gitlab.freedesktop.org/pipewire/rtkit::rtkit-daemon,https://gitlab.freedesktop.org/pipewire/rtkit,arch;ubuntu,2,CROSS_FAMILY
C3X,https://gitlab.freedesktop.org/pwithnall/malcontent::malcontent-timer-extension-agent,https://gitlab.freedesktop.org/pwithnall/malcontent,arch;fedora;ubuntu,3,CROSS_FAMILY
C3X,https://gitlab.freedesktop.org/pwithnall/malcontent::malcontent-timerd,https://gitlab.freedesktop.org/pwithnall/malcontent,arch;fedora;ubuntu,3,CROSS_FAMILY
C3X,https://gitlab.freedesktop.org/pwithnall/malcontent::malcontent-webd,https://gitlab.freedesktop.org/pwithnall/malcontent,arch;fedora;ubuntu,3,CROSS_FAMILY
C3X,https://gitlab.freedesktop.org/pwithnall/malcontent::malcontent-webd-update,https://gitlab.freedesktop.org/pwithnall/malcontent,arch;fedora;ubuntu,3,CROSS_FAMILY
C3X,https://gitlab.freedesktop.org/upower/power-profiles-daemon::power-profiles-daemon,https://gitlab.freedesktop.org/upower/power-profiles-daemon,arch;debian;fedora;ubuntu,4,CROSS_FAMILY
C3X,https://gitlab.gnome.org/GNOME/gnome-remote-desktop::gnome-remote-desktop-configuration-daemon,https://gitlab.gnome.org/GNOME/gnome-remote-desktop,arch;fedora,2,CROSS_FAMILY
C3X,https://gitlab.gnome.org/GNOME/gnome-remote-desktop::gnome-remote-desktop-daemon,https://gitlab.gnome.org/GNOME/gnome-remote-desktop,arch;fedora,2,CROSS_FAMILY
C3X,https://gkrellm.srcbox.net::gkrellmd,https://gkrellm.srcbox.net,fedora;ubuntu,2,CROSS_FAMILY
C3X,https://grid.ncsa.illinois.edu/myproxy::upstream-unit::systemd/myproxy-server.service,https://grid.ncsa.illinois.edu/myproxy,debian;fedora;ubuntu,3,CROSS_FAMILY
C3X,https://htcondor.org::upstream-unit::src/condor_examples/condor-annex-ec2.service,https://htcondor.org,debian;fedora;ubuntu,3,CROSS_FAMILY
C3X,https://htcondor.org::upstream-unit::src/condor_examples/condor.service,https://htcondor.org,debian;fedora;ubuntu,3,CROSS_FAMILY
C3X,https://iwd.wiki.kernel.org::ead,https://iwd.wiki.kernel.org,fedora;ubuntu,2,CROSS_FAMILY
C3X,https://iwd.wiki.kernel.org::iwd,https://iwd.wiki.kernel.org,debian;fedora;ubuntu,3,CROSS_FAMILY
C3X,https://jabberd2.org::true,https://jabberd2.org,debian;fedora;ubuntu,3,CROSS_FAMILY
C3X,https://launchpad.net/spf-engine::pyspf-milter,https://launchpad.net/spf-engine,fedora;ubuntu,2,CROSS_FAMILY
C3X,https://lemonldap-ng.org::llng-fastcgi-server,https://lemonldap-ng.org,fedora;ubuntu,2,CROSS_FAMILY
C3X,https://lemonldap-ng.org::purgeCentralCache,https://lemonldap-ng.org,fedora;ubuntu,2,CROSS_FAMILY
C3X,https://lemonldap-ng.org::purgeLocalCache,https://lemonldap-ng.org,fedora;ubuntu,2,CROSS_FAMILY
C3X,https://libreswan.org::pluto,https://libreswan.org,debian;fedora;ubuntu,3,CROSS_FAMILY
C3X,https://libvirt.org::libvirtd,https://libvirt.org,arch;fedora,2,CROSS_FAMILY
C3X,https://libvirt.org::virtlockd,https://libvirt.org,arch;fedora,2,CROSS_FAMILY
C3X,https://libvirt.org::virtlogd,https://libvirt.org,arch;fedora,2,CROSS_FAMILY
C3X,https://libvirt.org::virtlxcd,https://libvirt.org,arch;fedora,2,CROSS_FAMILY
C3X,https://libvirt.org::virtqemud,https://libvirt.org,arch;fedora,2,CROSS_FAMILY
C3X,https://libvirt.org::virtsecretd,https://libvirt.org,arch;fedora,2,CROSS_FAMILY
C3X,https://libvirt.org::virtvboxd,https://libvirt.org,arch;fedora,2,CROSS_FAMILY
C3X,https://linrunner.de/tlp::tlp,https://linrunner.de/tlp,fedora;ubuntu,2,CROSS_FAMILY
C3X,https://linux-nfs.org::rpc.gssd,https://linux-nfs.org,debian;fedora;ubuntu,3,CROSS_FAMILY
C3X,https://linux-nfs.org::upstream-unit::systemd/fsidd.service,https://linux-nfs.org,debian;fedora;ubuntu,3,CROSS_FAMILY
C3X,https://linux-nfs.org::upstream-unit::systemd/nfs-idmapd.service,https://linux-nfs.org,debian;fedora;ubuntu,3,CROSS_FAMILY
C3X,https://linux-nfs.org::upstream-unit::systemd/nfs-mountd.service,https://linux-nfs.org,debian;fedora;ubuntu,3,CROSS_FAMILY
C3X,https://linux-nfs.org::upstream-unit::systemd/nfs-utils.service,https://linux-nfs.org,debian;fedora;ubuntu,3,CROSS_FAMILY
C3X,https://linux-nfs.org::upstream-unit::systemd/nfsdcld.service,https://linux-nfs.org,debian;fedora;ubuntu,3,CROSS_FAMILY
C3X,https://linux-nfs.org::upstream-unit::systemd/rpc-statd-notify.service,https://linux-nfs.org,debian;fedora;ubuntu,3,CROSS_FAMILY
C3X,https://linux-nfs.org::upstream-unit::systemd/rpc-statd.service,https://linux-nfs.org,debian;fedora;ubuntu,3,CROSS_FAMILY
C3X,https://linuxcontainers.org::lxc-containers,https://linuxcontainers.org,arch;debian;ubuntu,3,CROSS_FAMILY
C3X,https://linuxcontainers.org::lxc-monitord,https://linuxcontainers.org,arch;debian;ubuntu,3,CROSS_FAMILY
C3X,https://linuxcontainers.org::lxc-net,https://linuxcontainers.org,arch;debian;ubuntu,3,CROSS_FAMILY
C3X,https://linuxcontainers.org::lxcfs,https://linuxcontainers.org,arch;debian;ubuntu,3,CROSS_FAMILY
C3X,https://location.ipfire.org::location,https://location.ipfire.org,fedora;ubuntu,2,CROSS_FAMILY
C3X,https://mgetty.greenie.net::faxrunqd,https://mgetty.greenie.net,debian;fedora;ubuntu,3,CROSS_FAMILY
C3X,https://miniflux.app::miniflux,https://miniflux.app,arch;debian;ubuntu,3,CROSS_FAMILY
C3X,https://mopidy.com::mopidy,https://mopidy.com,fedora;ubuntu,2,CROSS_FAMILY
C3X,https://motion-project.github.io::motion,https://motion-project.github.io,arch;debian;ubuntu,3,CROSS_FAMILY
C3X,https://net-snmp.sourceforge.net::snmpd,https://net-snmp.sourceforge.net,debian;fedora;ubuntu,3,CROSS_FAMILY
C3X,https://net-snmp.sourceforge.net::snmptrapd,https://net-snmp.sourceforge.net,debian;fedora;ubuntu,3,CROSS_FAMILY
C3X,https://netfilter.org/projects/nftables::nft,https://netfilter.org/projects/nftables,arch;fedora,2,CROSS_FAMILY
C3X,https://netplan.io::configure,https://netplan.io,fedora;ubuntu,2,CROSS_FAMILY
C3X,https://networkmanager.dev::nm-cloud-setup,https://networkmanager.dev,arch;fedora,2,CROSS_FAMILY
C3X,https://networkmanager.dev::nm-dispatcher,https://networkmanager.dev,arch;debian;fedora;ubuntu,4,CROSS_FAMILY
C3X,https://networkmanager.dev::nm-priv-helper,https://networkmanager.dev,arch;debian;fedora;ubuntu,4,CROSS_FAMILY
C3X,https://networkupstools.org::systemctl,https://networkupstools.org,arch;ubuntu,2,CROSS_FAMILY
C3X,https://networkupstools.org::udevadm,https://networkupstools.org,arch;ubuntu,2,CROSS_FAMILY
C3X,https://nghttp2.org::nghttpx,https://nghttp2.org,debian;fedora;ubuntu,3,CROSS_FAMILY
C3X,https://ngircd.barton.de::ngircd,https://ngircd.barton.de,debian;fedora;ubuntu,3,CROSS_FAMILY
C3X,https://nixos.org/nix::nix-daemon,https://nixos.org/nix,arch;ubuntu,2,CROSS_FAMILY
C3X,https://openbao.org::bao,https://openbao.org,arch;fedora,2,CROSS_FAMILY
C3X,https://oss.oetiker.ch/rrdtool::rrdcached,https://oss.oetiker.ch/rrdtool,fedora;ubuntu,2,CROSS_FAMILY
C3X,https://ostreedev.github.io/ostree::upstream-unit::src/boot/ostree-boot-complete.service,https://ostreedev.github.io/ostree,arch;fedora,2,CROSS_FAMILY
C3X,https://ostreedev.github.io/ostree::upstream-unit::src/boot/ostree-finalize-staged-hold.service,https://ostreedev.github.io/ostree,arch;fedora,2,CROSS_FAMILY
C3X,https://ostreedev.github.io/ostree::upstream-unit::src/boot/ostree-finalize-staged.service,https://ostreedev.github.io/ostree,arch;fedora,2,CROSS_FAMILY
C3X,https://ostreedev.github.io/ostree::upstream-unit::src/boot/ostree-prepare-root.service,https://ostreedev.github.io/ostree,arch;fedora,2,CROSS_FAMILY
C3X,https://ostreedev.github.io/ostree::upstream-unit::src/boot/ostree-remount.service,https://ostreedev.github.io/ostree,arch;fedora,2,CROSS_FAMILY
C3X,https://pagure.io/dlm::dlm_controld,https://pagure.io/dlm,debian;fedora;ubuntu,3,CROSS_FAMILY
C3X,https://pagure.io/numad::numad,https://pagure.io/numad,debian;fedora;ubuntu,3,CROSS_FAMILY
C3X,https://pagure.io/oddjob::oddjobd,https://pagure.io/oddjob,debian;fedora;ubuntu,3,CROSS_FAMILY
C3X,https://pcp.io::pcp-geolocate,https://pcp.io,arch;debian;fedora;ubuntu,4,CROSS_FAMILY
C3X,https://pcp.io::pmcd,https://pcp.io,arch;debian;fedora;ubuntu,4,CROSS_FAMILY
C3X,https://pcp.io::pmfind_check,https://pcp.io,arch;debian;fedora;ubuntu,4,CROSS_FAMILY
C3X,https://pcp.io::pmie,https://pcp.io,arch;fedora;ubuntu,3,CROSS_FAMILY
C3X,https://pcp.io::pmie_check,https://pcp.io,arch;debian;fedora;ubuntu,4,CROSS_FAMILY
C3X,https://pcp.io::pmie_daily,https://pcp.io,arch;debian;fedora;ubuntu,4,CROSS_FAMILY
C3X,https://pcp.io::pmie_farm,https://pcp.io,arch;debian;fedora;ubuntu,4,CROSS_FAMILY
C3X,https://pcp.io::pmiectl,https://pcp.io,arch;debian;fedora;ubuntu,4,CROSS_FAMILY
C3X,https://pcp.io::pmlogctl,https://pcp.io,arch;debian;fedora;ubuntu,4,CROSS_FAMILY
C3X,https://pcp.io::pmlogger,https://pcp.io,arch;fedora;ubuntu,3,CROSS_FAMILY
C3X,https://pcp.io::pmlogger_check,https://pcp.io,arch;debian;fedora;ubuntu,4,CROSS_FAMILY
C3X,https://pcp.io::pmlogger_farm,https://pcp.io,arch;debian;fedora;ubuntu,4,CROSS_FAMILY
C3X,https://pcp.io::pmproxy,https://pcp.io,arch;fedora;ubuntu,3,CROSS_FAMILY
C3X,https://pcp.io::pmseries_import,https://pcp.io,arch;fedora;ubuntu,3,CROSS_FAMILY
C3X,https://pcp.io::reboot-init,https://pcp.io,arch;fedora,2,CROSS_FAMILY
C3X,https://pcp.io::sh,https://pcp.io,arch;fedora,2,CROSS_FAMILY
C3X,https://pcp.io::upstream-unit::src/pcp/atop/atop-daily.service,https://pcp.io,arch;fedora,2,CROSS_FAMILY
C3X,https://pcsclite.apdu.fr::pcscd,https://pcsclite.apdu.fr,arch;debian;fedora;ubuntu,4,CROSS_FAMILY
C3X,https://perfetto.dev::traced,https://perfetto.dev,fedora;ubuntu,2,CROSS_FAMILY
C3X,https://perfetto.dev::traced_probes,https://perfetto.dev,fedora;ubuntu,2,CROSS_FAMILY
C3X,https://plocate.sesse.net::updatedb,https://plocate.sesse.net,arch;fedora,2,CROSS_FAMILY
C3X,https://portsentry.xyz::portsentry,https://portsentry.xyz,fedora;ubuntu,2,CROSS_FAMILY
C3X,https://postfwd.org::postfwd,https://postfwd.org,arch;fedora,2,CROSS_FAMILY
C3X,https://rsync.samba.org::upstream-unit::packaging/systemd/rsync.service,https://rsync.samba.org,arch;debian;ubuntu,3,CROSS_FAMILY
C3X,https://salsa.debian.org/consolation-team/consolation::consolation,https://salsa.debian.org/consolation-team/consolation,debian;fedora;ubuntu,3,CROSS_FAMILY
C3X,https://slurm.schedmd.com::slurmctld,https://slurm.schedmd.com,debian;fedora;ubuntu,3,CROSS_FAMILY
C3X,https://slurm.schedmd.com::slurmd,https://slurm.schedmd.com,debian;fedora;ubuntu,3,CROSS_FAMILY
C3X,https://slurm.schedmd.com::slurmdbd,https://slurm.schedmd.com,debian;fedora;ubuntu,3,CROSS_FAMILY
C3X,https://slurm.schedmd.com::slurmrestd,https://slurm.schedmd.com,debian;fedora;ubuntu,3,CROSS_FAMILY
C3X,https://snapper.io::upstream-unit::data/backup.service,https://snapper.io,arch;fedora,2,CROSS_FAMILY
C3X,https://snapper.io::upstream-unit::data/snapperd.service,https://snapper.io,arch;fedora,2,CROSS_FAMILY
C3X,https://soju.im::soju,https://soju.im,arch;debian;ubuntu,3,CROSS_FAMILY
C3X,https://sourceforge.net/projects/rpcbind::rpcbind,https://sourceforge.net/projects/rpcbind,debian;fedora;ubuntu,3,CROSS_FAMILY
C3X,https://sourceforge.net/projects/slim-fork::slim,https://sourceforge.net/projects/slim-fork,debian;fedora;ubuntu,3,CROSS_FAMILY
C3X,https://sourceware.org/lvm2::lvmlockd,https://sourceware.org/lvm2,debian;fedora;ubuntu,3,CROSS_FAMILY
C3X,https://sourceware.org/lvm2::lvmpolld,https://sourceware.org/lvm2,arch;debian;fedora;ubuntu,4,CROSS_FAMILY
C3X,https://sourceware.org/lvm2::upstream-unit::scripts/lvm-devices-import.service,https://sourceware.org/lvm2,arch;fedora,2,CROSS_FAMILY
C3X,https://sourceware.org/systemtap::upstream-unit::stap-exporter/stap-exporter.service,https://sourceware.org/systemtap,arch;fedora,2,CROSS_FAMILY
C3X,https://spacenav.sourceforge.net::spacenavd,https://spacenav.sourceforge.net,debian;fedora;ubuntu,3,CROSS_FAMILY
C3X,https://sr.ht/~kennylevinsen/seatd::upstream-unit::contrib/systemd/seatd.service,https://sr.ht/~kennylevinsen/seatd,arch;fedora,2,CROSS_FAMILY
C3X,https://suricata.io::suricata,https://suricata.io,debian;fedora;ubuntu,3,CROSS_FAMILY
C3X,https://sysstat.github.io::sa2,https://sysstat.github.io,arch;debian;fedora;ubuntu,4,CROSS_FAMILY
C3X,https://systemd.io::agetty,https://systemd.io,debian;fedora;ubuntu,3,CROSS_FAMILY
C3X,https://systemd.io::kmod,https://systemd.io,debian;fedora;ubuntu,3,CROSS_FAMILY
C3X,https://systemd.io::quotaon,https://systemd.io,debian;fedora;ubuntu,3,CROSS_FAMILY
C3X,https://systemd.io::rc.local,https://systemd.io,debian;fedora;ubuntu,3,CROSS_FAMILY
C3X,https://systemd.io::systemd-hwdb,https://systemd.io,debian;fedora;ubuntu,3,CROSS_FAMILY
C3X,https://systemd.io::upstream-unit::units/initrd-cleanup.service,https://systemd.io,debian;fedora;ubuntu,3,CROSS_FAMILY
C3X,https://systemd.io::upstream-unit::units/initrd-switch-root.service,https://systemd.io,debian;fedora;ubuntu,3,CROSS_FAMILY
C3X,https://systemd.io::upstream-unit::units/initrd-udevadm-cleanup-db.service,https://systemd.io,debian;fedora;ubuntu,3,CROSS_FAMILY
C3X,https://systemd.io::upstream-unit::units/ldconfig.service,https://systemd.io,debian;fedora;ubuntu,3,CROSS_FAMILY
C3X,https://systemd.io::upstream-unit::units/system-update-cleanup.service,https://systemd.io,debian;fedora;ubuntu,3,CROSS_FAMILY
C3X,https://systemd.io::upstream-unit::units/systemd-ask-password-console.service,https://systemd.io,debian;fedora;ubuntu,3,CROSS_FAMILY
C3X,https://systemd.io::upstream-unit::units/systemd-ask-password-wall.service,https://systemd.io,debian;fedora;ubuntu,3,CROSS_FAMILY
C3X,https://systemd.io::upstream-unit::units/systemd-boot-clear-sysfail.service,https://systemd.io,fedora;ubuntu,2,CROSS_FAMILY
C3X,https://systemd.io::upstream-unit::units/systemd-boot-random-seed.service,https://systemd.io,debian;fedora;ubuntu,3,CROSS_FAMILY
C3X,https://systemd.io::upstream-unit::units/systemd-boot-update.service,https://systemd.io,debian;fedora;ubuntu,3,CROSS_FAMILY
C3X,https://systemd.io::upstream-unit::units/systemd-confext-initrd.service,https://systemd.io,fedora;ubuntu,2,CROSS_FAMILY
C3X,https://systemd.io::upstream-unit::units/systemd-confext.service,https://systemd.io,debian;fedora;ubuntu,3,CROSS_FAMILY
C3X,https://systemd.io::upstream-unit::units/systemd-factory-reset-reboot.service,https://systemd.io,fedora;ubuntu,2,CROSS_FAMILY
C3X,https://systemd.io::upstream-unit::units/systemd-firstboot.service,https://systemd.io,debian;fedora;ubuntu,3,CROSS_FAMILY
C3X,https://systemd.io::upstream-unit::units/systemd-halt.service,https://systemd.io,debian;fedora;ubuntu,3,CROSS_FAMILY
C3X,https://systemd.io::upstream-unit::units/systemd-homed-activate.service,https://systemd.io,debian;fedora;ubuntu,3,CROSS_FAMILY
C3X,https://systemd.io::upstream-unit::units/systemd-homed-firstboot.service,https://systemd.io,debian;fedora;ubuntu,3,CROSS_FAMILY
C3X,https://systemd.io::upstream-unit::units/systemd-journal-catalog-update.service,https://systemd.io,debian;fedora;ubuntu,3,CROSS_FAMILY
C3X,https://systemd.io::upstream-unit::units/systemd-journal-flush.service,https://systemd.io,debian;fedora;ubuntu,3,CROSS_FAMILY
C3X,https://systemd.io::upstream-unit::units/systemd-kexec.service,https://systemd.io,debian;fedora;ubuntu,3,CROSS_FAMILY
C3X,https://systemd.io::upstream-unit::units/systemd-machine-id-commit.service,https://systemd.io,debian;fedora;ubuntu,3,CROSS_FAMILY
C3X,https://systemd.io::upstream-unit::units/systemd-networkd-persistent-storage.service,https://systemd.io,debian;fedora;ubuntu,3,CROSS_FAMILY
C3X,https://systemd.io::upstream-unit::units/systemd-poweroff.service,https://systemd.io,debian;fedora;ubuntu,3,CROSS_FAMILY
C3X,https://systemd.io::upstream-unit::units/systemd-reboot.service,https://systemd.io,debian;fedora;ubuntu,3,CROSS_FAMILY
C3X,https://systemd.io::upstream-unit::units/systemd-repart.service,https://systemd.io,debian;fedora;ubuntu,3,CROSS_FAMILY
C3X,https://systemd.io::upstream-unit::units/systemd-soft-reboot.service,https://systemd.io,debian;fedora;ubuntu,3,CROSS_FAMILY
C3X,https://systemd.io::upstream-unit::units/systemd-sysext-initrd.service,https://systemd.io,fedora;ubuntu,2,CROSS_FAMILY
C3X,https://systemd.io::upstream-unit::units/systemd-sysext.service,https://systemd.io,debian;fedora;ubuntu,3,CROSS_FAMILY
C3X,https://systemd.io::upstream-unit::units/systemd-sysusers.service,https://systemd.io,debian;fedora;ubuntu,3,CROSS_FAMILY
C3X,https://systemd.io::upstream-unit::units/systemd-tmpfiles-setup-dev-early.service,https://systemd.io,debian;fedora;ubuntu,3,CROSS_FAMILY
C3X,https://systemd.io::upstream-unit::units/systemd-tmpfiles-setup-dev.service,https://systemd.io,debian;fedora;ubuntu,3,CROSS_FAMILY
C3X,https://systemd.io::upstream-unit::units/systemd-udev-load-credentials.service,https://systemd.io,debian;fedora;ubuntu,3,CROSS_FAMILY
C3X,https://systemd.io::upstream-unit::units/systemd-udev-settle.service,https://systemd.io,debian;fedora;ubuntu,3,CROSS_FAMILY
C3X,https://systemd.io::upstream-unit::units/systemd-udev-trigger.service,https://systemd.io,debian;fedora;ubuntu,3,CROSS_FAMILY
C3X,https://systemd.io::upstream-unit::units/systemd-userdb-load-credentials.service,https://systemd.io,fedora;ubuntu,2,CROSS_FAMILY
C3X,https://torsion.org/borgmatic::systemd-inhibit,https://torsion.org/borgmatic,arch;fedora;ubuntu,3,CROSS_FAMILY
C3X,https://upower.freedesktop.org::upowerd,https://upower.freedesktop.org,arch;debian;fedora;ubuntu,4,CROSS_FAMILY
C3X,https://usbguard.github.io::usbguard-daemon,https://usbguard.github.io,debian;fedora;ubuntu,3,CROSS_FAMILY
C3X,https://w1.fi/wpa_supplicant::wpa_supplicant,https://w1.fi/wpa_supplicant,arch;debian;fedora;ubuntu,4,CROSS_FAMILY
C3X,https://wammu.eu/gammu::gammu-smsd,https://wammu.eu/gammu,arch;debian;fedora;ubuntu,4,CROSS_FAMILY
C3X,https://wiki.gnome.org/phodav::spice-webdavd,https://wiki.gnome.org/phodav,arch;debian;fedora,3,CROSS_FAMILY
C3X,https://www.asterisk.org::asterisk,https://www.asterisk.org,fedora;ubuntu,2,CROSS_FAMILY
C3X,https://www.atoptool.nl::sh,https://www.atoptool.nl,arch;fedora,2,CROSS_FAMILY
C3X,https://www.atoptool.nl::upstream-unit::atop-rotate.service,https://www.atoptool.nl,arch;fedora,2,CROSS_FAMILY
C3X,https://www.atoptool.nl::upstream-unit::atopacct.service,https://www.atoptool.nl,arch;fedora,2,CROSS_FAMILY
C3X,https://www.bacula.org::bacula-dir,https://www.bacula.org,debian;fedora;ubuntu,3,CROSS_FAMILY
C3X,https://www.bacula.org::bacula-fd,https://www.bacula.org,debian;fedora;ubuntu,3,CROSS_FAMILY
C3X,https://www.bacula.org::bacula-sd,https://www.bacula.org,debian;fedora;ubuntu,3,CROSS_FAMILY
C3X,https://www.bitlbee.org::bitlbee,https://www.bitlbee.org,fedora;ubuntu,2,CROSS_FAMILY
C3X,https://www.bluez.org::bluetooth-meshd,https://www.bluez.org,arch;debian;fedora;ubuntu,4,CROSS_FAMILY
C3X,https://www.bluez.org::bluetoothd,https://www.bluez.org,arch;debian;fedora;ubuntu,4,CROSS_FAMILY
C3X,https://www.cipherdyne.org/fwknop::fwknopd,https://www.cipherdyne.org/fwknop,arch;fedora,2,CROSS_FAMILY
C3X,https://www.cipherdyne.org/psad::psad,https://www.cipherdyne.org/psad,debian;fedora;ubuntu,3,CROSS_FAMILY
C3X,https://www.clamav.net::clamd,https://www.clamav.net,arch;debian;ubuntu,3,CROSS_FAMILY
C3X,https://www.clamav.net::clamonacc,https://www.clamav.net,arch;debian;fedora;ubuntu,4,CROSS_FAMILY
C3X,https://www.clusterlabs.org::pacemaker-remoted,https://www.clusterlabs.org,debian;fedora;ubuntu,3,CROSS_FAMILY
C3X,https://www.clusterlabs.org::pacemakerd,https://www.clusterlabs.org,debian;fedora;ubuntu,3,CROSS_FAMILY
C3X,https://www.fail2ban.org::fail2ban-server,https://www.fail2ban.org,arch;fedora;ubuntu,3,CROSS_FAMILY
C3X,https://www.finnie.org/software/2ping::upstream-unit::2ping.service,https://www.finnie.org/software/2ping,fedora;ubuntu,2,CROSS_FAMILY
C3X,https://www.firewalld.org::firewalld,https://www.firewalld.org,fedora;ubuntu,2,CROSS_FAMILY
C3X,https://www.freedesktop.org/software/PackageKit::packagekitd,https://www.freedesktop.org/software/PackageKit,arch;debian;fedora;ubuntu,4,CROSS_FAMILY
C3X,https://www.freedesktop.org/software/PackageKit::pk-offline-update,https://www.freedesktop.org/software/PackageKit,arch;debian;fedora;ubuntu,4,CROSS_FAMILY
C3X,https://www.freedesktop.org/software/colord::colord,https://www.freedesktop.org/software/colord,arch;debian;fedora;ubuntu,4,CROSS_FAMILY
C3X,https://www.freedesktop.org/wiki/Software/AccountsService::accounts-daemon,https://www.freedesktop.org/wiki/Software/AccountsService,debian;fedora;ubuntu,3,CROSS_FAMILY
C3X,https://www.freedesktop.org/wiki/Software/ModemManager::ModemManager,https://www.freedesktop.org/wiki/Software/ModemManager,arch;debian;ubuntu,3,CROSS_FAMILY
C3X,https://www.freedesktop.org/wiki/Software/Plymouth::systemd-tty-ask-password-agent,https://www.freedesktop.org/wiki/Software/Plymouth,arch;debian;fedora;ubuntu,4,CROSS_FAMILY
C3X,https://www.freedesktop.org/wiki/Software/fprint/fprintd::fprintd,https://www.freedesktop.org/wiki/Software/fprint/fprintd,debian;fedora;ubuntu,3,CROSS_FAMILY
C3X,https://www.freedesktop.org/wiki/Software/udisks::udisksd,https://www.freedesktop.org/wiki/Software/udisks,arch;debian;ubuntu,3,CROSS_FAMILY
C3X,https://www.freeipa.org::ipa-epn,https://www.freeipa.org,debian;fedora;ubuntu,3,CROSS_FAMILY
C3X,https://www.frrouting.org::frrinit.sh,https://www.frrouting.org,debian;fedora,2,CROSS_FAMILY
C3X,https://www.gluster.org::glusterd,https://www.gluster.org,arch;debian;ubuntu,3,CROSS_FAMILY
C3X,https://www.gluster.org::glustereventsd,https://www.gluster.org,arch;debian;ubuntu,3,CROSS_FAMILY
C3X,https://www.gluster.org::glusterfsd,https://www.gluster.org,arch;debian;ubuntu,3,CROSS_FAMILY
C3X,https://www.gluster.org::mount-shared-storage.sh,https://www.gluster.org,arch;debian;ubuntu,3,CROSS_FAMILY
C3X,https://www.haproxy.org::haproxy,https://www.haproxy.org,arch;debian;fedora;ubuntu,4,CROSS_FAMILY
C3X,https://www.inet.no/dante::sockd,https://www.inet.no/dante,arch;fedora,2,CROSS_FAMILY
C3X,https://www.infradead.org/~dhowells/kafs::kafs-preload,https://www.infradead.org/~dhowells/kafs,debian;fedora;ubuntu,3,CROSS_FAMILY
C3X,https://www.keepalived.org::keepalived,https://www.keepalived.org,arch;fedora,2,CROSS_FAMILY
C3X,https://www.kernel.org::cpupower,https://www.kernel.org,arch;fedora,2,CROSS_FAMILY
C3X,https://www.knot-resolver.cz::knot-resolver,https://www.knot-resolver.cz,arch;ubuntu,2,CROSS_FAMILY
C3X,https://www.knot-resolver.cz::kres-cache-gc,https://www.knot-resolver.cz,debian;fedora,2,CROSS_FAMILY
C3X,https://www.linux-pam.org::pam_namespace_helper,https://www.linux-pam.org,debian;fedora;ubuntu,3,CROSS_FAMILY
C3X,https://www.lirc.org::irexec,https://www.lirc.org,arch;fedora,2,CROSS_FAMILY
C3X,https://www.lirc.org::lircd,https://www.lirc.org,arch;fedora,2,CROSS_FAMILY
C3X,https://www.lirc.org::upstream-unit::systemd/lircd-setup.service,https://www.lirc.org,arch;fedora,2,CROSS_FAMILY
C3X,https://www.lirc.org::upstream-unit::systemd/lircd-uinput.service,https://www.lirc.org,arch;fedora,2,CROSS_FAMILY
C3X,https://www.lirc.org::upstream-unit::systemd/lircmd.service,https://www.lirc.org,arch;fedora,2,CROSS_FAMILY
C3X,https://www.monitorix.org::monitorix,https://www.monitorix.org,fedora;ubuntu,2,CROSS_FAMILY
C3X,https://www.msweet.org/lprint::lprint,https://www.msweet.org/lprint,arch;debian;fedora;ubuntu,4,CROSS_FAMILY
C3X,https://www.mumble.info::mumble-server,https://www.mumble.info,arch;debian;fedora;ubuntu,4,CROSS_FAMILY
C3X,https://www.nlnetlabs.nl/nsd::nsd,https://www.nlnetlabs.nl/nsd,arch;fedora,2,CROSS_FAMILY
C3X,https://www.nlnetlabs.nl/projects/dnssec-trigger::dnssec-trigger-control-setup,https://www.nlnetlabs.nl/projects/dnssec-trigger,debian;fedora;ubuntu,3,CROSS_FAMILY
C3X,https://www.nlnetlabs.nl/projects/dnssec-trigger::dnssec-triggerd,https://www.nlnetlabs.nl/projects/dnssec-trigger,debian;fedora;ubuntu,3,CROSS_FAMILY
C3X,https://www.nordugrid.org::arc-arex-start,https://www.nordugrid.org,debian;fedora;ubuntu,3,CROSS_FAMILY
C3X,https://www.nordugrid.org::arc-arex-ws-start,https://www.nordugrid.org,debian;fedora;ubuntu,3,CROSS_FAMILY
C3X,https://www.nordugrid.org::arc-datadelivery-service-start,https://www.nordugrid.org,debian;fedora;ubuntu,3,CROSS_FAMILY
C3X,https://www.nordugrid.org::upstream-unit::src/hed/daemon/scripts/arched.service,https://www.nordugrid.org,debian;fedora;ubuntu,3,CROSS_FAMILY
C3X,https://www.ntpsec.org::ntplogtemp,https://www.ntpsec.org,debian;fedora;ubuntu,3,CROSS_FAMILY
C3X,https://www.ntpsec.org::ntpwait,https://www.ntpsec.org,debian;fedora;ubuntu,3,CROSS_FAMILY
C3X,https://www.opendkim.org::opendkim,https://www.opendkim.org,arch;debian;ubuntu,3,CROSS_FAMILY
C3X,https://www.openldap.org::slapd,https://www.openldap.org,arch;fedora,2,CROSS_FAMILY
C3X,https://www.pgbouncer.org::pgbouncer,https://www.pgbouncer.org,arch;debian;fedora;ubuntu,4,CROSS_FAMILY
C3X,https://www.php.net::php-fpm,https://www.php.net,arch;fedora,2,CROSS_FAMILY
C3X,https://www.powerdns.com::ixfrdist,https://www.powerdns.com,arch;debian;ubuntu,3,CROSS_FAMILY
C3X,https://www.powerdns.com::pdns_recursor,https://www.powerdns.com,arch;debian;ubuntu,3,CROSS_FAMILY
C3X,https://www.powerdns.com::pdns_server,https://www.powerdns.com,arch;debian;ubuntu,3,CROSS_FAMILY
C3X,https://www.proftpd.org::proftpd,https://www.proftpd.org,debian;fedora;ubuntu,3,CROSS_FAMILY
C3X,https://www.qemu.org::upstream-unit::contrib/systemd/qemu-pr-helper.service,https://www.qemu.org,arch;fedora,2,CROSS_FAMILY
C3X,https://www.rutschle.net/tech/sslh/README.html::sslh,https://www.rutschle.net/tech/sslh/README.html,arch;debian;ubuntu,3,CROSS_FAMILY
C3X,https://www.samba.org::ctdbd,https://www.samba.org,debian;fedora;ubuntu,3,CROSS_FAMILY
C3X,https://www.samba.org::samba-bgqd,https://www.samba.org,arch;fedora,2,CROSS_FAMILY
C3X,https://www.smartmontools.org::smartd,https://www.smartmontools.org,arch;debian;fedora;ubuntu,4,CROSS_FAMILY
C3X,https://www.spice-space.org::spice-vdagentd,https://www.spice-space.org,arch;debian;ubuntu,3,CROSS_FAMILY
C3X,https://www.sshguard.net::sshguard,https://www.sshguard.net,arch;fedora,2,CROSS_FAMILY
C3X,https://www.strongswan.org::charon-systemd,https://www.strongswan.org,arch;debian;fedora;ubuntu,4,CROSS_FAMILY
C3X,https://www.strongswan.org::ipsec,https://www.strongswan.org,arch;debian;ubuntu,3,CROSS_FAMILY
C3X,https://www.stunnel.org::stunnel,https://www.stunnel.org,arch;fedora,2,CROSS_FAMILY
C3X,https://www.svxlink.org::remotetrx,https://www.svxlink.org,debian;fedora;ubuntu,3,CROSS_FAMILY
C3X,https://www.svxlink.org::svxlink,https://www.svxlink.org,debian;fedora;ubuntu,3,CROSS_FAMILY
C3X,https://www.svxlink.org::svxlink_gpio_up,https://www.svxlink.org,fedora;ubuntu,2,CROSS_FAMILY
C3X,https://www.svxlink.org::svxreflector,https://www.svxlink.org,debian;fedora;ubuntu,3,CROSS_FAMILY
C3X,https://www.tinc-vpn.org::true,https://www.tinc-vpn.org,arch;debian;fedora;ubuntu,4,CROSS_FAMILY
C3X,https://www.transmissionbt.com::transmission-daemon,https://www.transmissionbt.com,arch;fedora,2,CROSS_FAMILY
C3X,https://www.wesnoth.org::wesnothd,https://www.wesnoth.org,arch;fedora,2,CROSS_FAMILY
C3X,https://www.xrdp.org::xrdp,https://www.xrdp.org,debian;fedora;ubuntu,3,CROSS_FAMILY
C3X,https://www.xrdp.org::xrdp-sesman,https://www.xrdp.org,debian;fedora;ubuntu,3,CROSS_FAMILY
C3X,https://xfs.wiki.kernel.org::xfs_healer_start,https://xfs.wiki.kernel.org,arch;fedora,2,CROSS_FAMILY
C3X,https://xfs.wiki.kernel.org::xfs_scrub_all,https://xfs.wiki.kernel.org,arch;debian;fedora;ubuntu,4,CROSS_FAMILY
C3X,https://xfs.wiki.kernel.org::xfs_scrub_fail,https://xfs.wiki.kernel.org,arch;debian;fedora;ubuntu,4,CROSS_FAMILY
C3F,https://apps.gnome.org/Sysprof::sysprofd,https://apps.gnome.org/Sysprof,arch;debian;ubuntu,3,CROSS_FAMILY
C3F,https://avahi.org::avahi-daemon,https://avahi.org,debian;fedora;ubuntu,3,CROSS_FAMILY
C3F,https://avahi.org::avahi-dnsconfd,https://avahi.org,debian;fedora;ubuntu,3,CROSS_FAMILY
C3F,https://bpfilter.io::upstream-unit::src/bpfilter/bpfilter.service,https://bpfilter.io,fedora;ubuntu,2,CROSS_FAMILY
C3F,https://ceph.com::ceph-crash,https://ceph.com,debian;fedora;ubuntu,3,CROSS_FAMILY
C3F,https://ceph.com::rbdmap,https://ceph.com,debian;fedora;ubuntu,3,CROSS_FAMILY
C3F,https://christophe.varoqui.free.fr::multipathd,https://christophe.varoqui.free.fr,debian;fedora;ubuntu,3,CROSS_FAMILY
C3F,https://christophe.varoqui.free.fr::true,https://christophe.varoqui.free.fr,fedora;ubuntu,2,CROSS_FAMILY
C3F,https://chrony-project.org::upstream-unit::examples/chrony-wait.service,https://chrony-project.org,arch;debian;fedora;ubuntu,4,CROSS_FAMILY
C3F,https://cisofy.com/lynis::lynis,https://cisofy.com/lynis,arch;ubuntu,2,CROSS_FAMILY
C3F,https://cloud-init.io::upstream-unit::systemd/cloud-config.service,https://cloud-init.io,arch;ubuntu,2,CROSS_FAMILY
C3F,https://cloud-init.io::upstream-unit::systemd/cloud-final.service,https://cloud-init.io,arch;ubuntu,2,CROSS_FAMILY
C3F,https://cloud-init.io::upstream-unit::systemd/cloud-init-hotplugd.service,https://cloud-init.io,arch;ubuntu,2,CROSS_FAMILY
C3F,https://cockpit-project.org::cockpit-tls,https://cockpit-project.org,arch;debian;fedora;ubuntu,4,CROSS_FAMILY
C3F,https://cockpit-project.org::cockpit-ws,https://cockpit-project.org,arch;debian;fedora;ubuntu,4,CROSS_FAMILY
C3F,https://cockpit-project.org::update-issue,https://cockpit-project.org,arch;debian;fedora;ubuntu,4,CROSS_FAMILY
C3F,https://cockpit-project.org::upstream-unit::src/systemd/cockpit-session-socket-user.service,https://cockpit-project.org,arch;debian;fedora;ubuntu,4,CROSS_FAMILY
C3F,https://cockpit-project.org::upstream-unit::src/systemd/cockpit-wsinstance-socket-user.service,https://cockpit-project.org,arch;debian;fedora;ubuntu,4,CROSS_FAMILY
C3F,https://code.kryo.se/iodine::iodined,https://code.kryo.se/iodine,arch;debian;fedora;ubuntu,4,CROSS_FAMILY
C3F,https://collectd.org::collectd,https://collectd.org,debian;fedora;ubuntu,3,CROSS_FAMILY
C3F,https://corosync.github.io/corosync::corosync,https://corosync.github.io/corosync,debian;fedora;ubuntu,3,CROSS_FAMILY
C3F,https://corosync.github.io/corosync::corosync-notifyd,https://corosync.github.io/corosync,debian;fedora;ubuntu,3,CROSS_FAMILY
C3F,https://ddclient.net::ddclient,https://ddclient.net,fedora;ubuntu,2,CROSS_FAMILY
C3F,https://devel.freebsoft.org/speechd::speech-dispatcher,https://devel.freebsoft.org/speechd,debian;fedora;ubuntu,3,CROSS_FAMILY
C3F,https://digint.ch/btrbk::btrbk,https://digint.ch/btrbk,fedora;ubuntu,2,CROSS_FAMILY
C3F,https://dun.github.io/munge::munged,https://dun.github.io/munge,debian;fedora;ubuntu,3,CROSS_FAMILY
C3F,https://etckeeper.branchable.com::upstream-unit::systemd/etckeeper.service,https://etckeeper.branchable.com,fedora;ubuntu,2,CROSS_FAMILY
C3F,https://flatpak.org::flatpak-system-helper,https://flatpak.org,arch;debian;fedora;ubuntu,4,CROSS_FAMILY
C3F,https://git.kernel.org/pub/scm/network/connman/connman::connman-vpnd,https://git.kernel.org/pub/scm/network/connman/connman,arch;debian;ubuntu,3,CROSS_FAMILY
C3F,https://git.kernel.org/pub/scm/network/connman/connman::connmand,https://git.kernel.org/pub/scm/network/connman/connman,arch;debian;ubuntu,3,CROSS_FAMILY
C3F,https://git.kernel.org/pub/scm/network/connman/connman::connmand-wait-online,https://git.kernel.org/pub/scm/network/connman/connman,arch;debian;ubuntu,3,CROSS_FAMILY
C3F,https://github.com/42wim/matterbridge::matterbridge,https://github.com/42wim/matterbridge,arch;fedora,2,CROSS_FAMILY
C3F,https://github.com/AsahiLinux/asahi-scripts::upstream-unit::macsmc-battery/systemd/macsmc-battery-charge-control-end-threshold.service,https://github.com/AsahiLinux/asahi-scripts,fedora;ubuntu,2,CROSS_FAMILY
C3F,https://github.com/ClusterLabs/booth::boothd,https://github.com/ClusterLabs/booth,debian;fedora;ubuntu,3,CROSS_FAMILY
C3F,https://github.com/ClusterLabs/fence-agents::fence_virtd,https://github.com/ClusterLabs/fence-agents,debian;fedora;ubuntu,3,CROSS_FAMILY
C3F,https://github.com/ClusterLabs/pcs::pcs_snmp_agent,https://github.com/ClusterLabs/pcs,fedora;ubuntu,2,CROSS_FAMILY
C3F,https://github.com/ClusterLabs/resource-agents::ldirectord,https://github.com/ClusterLabs/resource-agents,fedora;ubuntu,2,CROSS_FAMILY
C3F,https://github.com/EGI-Federation/bdii::bdii-slapd-start,https://github.com/EGI-Federation/bdii,fedora;ubuntu,2,CROSS_FAMILY
C3F,https://github.com/EGI-Federation/bdii::sh,https://github.com/EGI-Federation/bdii,fedora;ubuntu,2,CROSS_FAMILY
C3F,https://github.com/ErikReider/SwayOSD::swayosd-libinput-backend,https://github.com/ErikReider/SwayOSD,arch;debian;ubuntu,3,CROSS_FAMILY
C3F,https://github.com/Exa-Networks/exabgp::exabgp,https://github.com/Exa-Networks/exabgp,fedora;ubuntu,2,CROSS_FAMILY
C3F,https://github.com/FoobarOy/foomuuri::upstream-unit::systemd/foomuuri-boot.service,https://github.com/FoobarOy/foomuuri,fedora;ubuntu,2,CROSS_FAMILY
C3F,https://github.com/FoobarOy/foomuuri::upstream-unit::systemd/foomuuri-dbus.service,https://github.com/FoobarOy/foomuuri,fedora;ubuntu,2,CROSS_FAMILY
C3F,https://github.com/FoobarOy/foomuuri::upstream-unit::systemd/foomuuri-iplist.service,https://github.com/FoobarOy/foomuuri,fedora;ubuntu,2,CROSS_FAMILY
C3F,https://github.com/FoobarOy/foomuuri::upstream-unit::systemd/foomuuri-monitor.service,https://github.com/FoobarOy/foomuuri,fedora;ubuntu,2,CROSS_FAMILY
C3F,https://github.com/FoobarOy/foomuuri::upstream-unit::systemd/foomuuri.service,https://github.com/FoobarOy/foomuuri,fedora;ubuntu,2,CROSS_FAMILY
C3F,https://github.com/GoogleCloudPlatform/guest-agent::true,https://github.com/GoogleCloudPlatform/guest-agent,debian;fedora;ubuntu,3,CROSS_FAMILY
C3F,https://github.com/GoogleCloudPlatform/guest-agent::upstream-unit::google-guest-agent.service,https://github.com/GoogleCloudPlatform/guest-agent,fedora;ubuntu,2,CROSS_FAMILY
C3F,https://github.com/GoogleCloudPlatform/osconfig::google_osconfig_agent,https://github.com/GoogleCloudPlatform/osconfig,fedora;ubuntu,2,CROSS_FAMILY
C3F,https://github.com/Irqbalance/irqbalance::irqbalance,https://github.com/Irqbalance/irqbalance,debian;fedora;ubuntu,3,CROSS_FAMILY
C3F,https://github.com/JoseExposito/touchegg::touchegg,https://github.com/JoseExposito/touchegg,arch;fedora,2,CROSS_FAMILY
C3F,https://github.com/OpenPrinting/ipp-usb::ipp-usb,https://github.com/OpenPrinting/ipp-usb,arch;debian;fedora;ubuntu,4,CROSS_FAMILY
C3F,https://github.com/OpenPrinting/pappl-retrofit::upstream-unit::legacy/legacy-printer-app.service,https://github.com/OpenPrinting/pappl-retrofit,fedora;ubuntu,2,CROSS_FAMILY
C3F,https://github.com/PixlOne/logiops::logid,https://github.com/PixlOne/logiops,debian;fedora;ubuntu,3,CROSS_FAMILY
C3F,https://github.com/authselect/authselect::upstream-unit::systemd/authselect-apply-changes.service,https://github.com/authselect/authselect,fedora;ubuntu,2,CROSS_FAMILY
C3F,https://github.com/blueman-project/blueman::blueman-mechanism,https://github.com/blueman-project/blueman,arch;debian;fedora;ubuntu,4,CROSS_FAMILY
C3F,https://github.com/cdown/zcfan::zcfan,https://github.com/cdown/zcfan,debian;fedora;ubuntu,3,CROSS_FAMILY
C3F,https://github.com/ckb-next/ckb-next::ckb-next-daemon,https://github.com/ckb-next/ckb-next,arch;debian;fedora;ubuntu,4,CROSS_FAMILY
C3F,https://github.com/cminyard/ser2net::ser2net,https://github.com/cminyard/ser2net,debian;fedora;ubuntu,3,CROSS_FAMILY
C3F,https://github.com/containernetworking/plugins::dhcp,https://github.com/containernetworking/plugins,arch;debian;fedora;ubuntu,4,CROSS_FAMILY
C3F,https://github.com/corosync/corosync-qdevice::corosync-qdevice,https://github.com/corosync/corosync-qdevice,debian;fedora;ubuntu,3,CROSS_FAMILY
C3F,https://github.com/corosync/corosync-qdevice::corosync-qnetd,https://github.com/corosync/corosync-qdevice,debian;fedora;ubuntu,3,CROSS_FAMILY
C3F,https://github.com/coturn/coturn::turnserver,https://github.com/coturn/coturn,arch;debian;ubuntu,3,CROSS_FAMILY
C3F,https://github.com/darrylb123/usbrelay::python3,https://github.com/darrylb123/usbrelay,fedora;ubuntu,2,CROSS_FAMILY
C3F,https://github.com/ddccontrol/ddccontrol::ddccontrol_service,https://github.com/ddccontrol/ddccontrol,debian;fedora;ubuntu,3,CROSS_FAMILY
C3F,https://github.com/elementary/settings-daemon::busctl,https://github.com/elementary/settings-daemon,arch;fedora,2,CROSS_FAMILY
C3F,https://github.com/evilsocket/opensnitch::opensnitchd,https://github.com/evilsocket/opensnitch,arch;debian;ubuntu,3,CROSS_FAMILY
C3F,https://github.com/facebookincubator/oomd::oomd,https://github.com/facebookincubator/oomd,debian;fedora;ubuntu,3,CROSS_FAMILY
C3F,https://github.com/freeipa/freeipa-healthcheck::upstream-unit::systemd/ipa-healthcheck.service,https://github.com/freeipa/freeipa-healthcheck,fedora;ubuntu,2,CROSS_FAMILY
C3F,https://github.com/fujita/tgt::tgtd,https://github.com/fujita/tgt,arch;debian;ubuntu,3,CROSS_FAMILY
C3F,https://github.com/gssapi/gssproxy::gssproxy,https://github.com/gssapi/gssproxy,arch;debian;fedora;ubuntu,4,CROSS_FAMILY
C3F,https://github.com/hardinfo2/hardinfo2::upstream-unit::tools/hardinfo2.service,https://github.com/hardinfo2/hardinfo2,debian;fedora;ubuntu,3,CROSS_FAMILY
C3F,https://github.com/hughsie/passim::passimd,https://github.com/hughsie/passim,arch;fedora;ubuntu,3,CROSS_FAMILY
C3F,https://github.com/intel/intel-lpmd::intel_lpmd,https://github.com/intel/intel-lpmd,arch;fedora;ubuntu,3,CROSS_FAMILY
C3F,https://github.com/intel/ledmon::ledmon,https://github.com/intel/ledmon,debian;fedora;ubuntu,3,CROSS_FAMILY
C3F,https://github.com/intel/qatlib::qatmgr,https://github.com/intel/qatlib,debian;fedora;ubuntu,3,CROSS_FAMILY
C3F,https://github.com/intel/thermal_daemon::thermald,https://github.com/intel/thermal_daemon,arch;debian;ubuntu,3,CROSS_FAMILY
C3F,https://github.com/kdave/btrfsmaintenance::btrfsmaintenance-refresh-cron.sh,https://github.com/kdave/btrfsmaintenance,arch;fedora;ubuntu,3,CROSS_FAMILY
C3F,https://github.com/kdave/btrfsmaintenance::upstream-unit::btrfs-balance.service,https://github.com/kdave/btrfsmaintenance,arch;fedora;ubuntu,3,CROSS_FAMILY
C3F,https://github.com/kdave/btrfsmaintenance::upstream-unit::btrfs-defrag.service,https://github.com/kdave/btrfsmaintenance,arch;fedora;ubuntu,3,CROSS_FAMILY
C3F,https://github.com/kdave/btrfsmaintenance::upstream-unit::btrfs-scrub.service,https://github.com/kdave/btrfsmaintenance,arch;fedora;ubuntu,3,CROSS_FAMILY
C3F,https://github.com/kdave/btrfsmaintenance::upstream-unit::btrfs-trim.service,https://github.com/kdave/btrfsmaintenance,arch;fedora;ubuntu,3,CROSS_FAMILY
C3F,https://github.com/latchset/clevis::clevis-luks-askpass,https://github.com/latchset/clevis,arch;debian;fedora;ubuntu,4,CROSS_FAMILY
C3F,https://github.com/latchset/clevis::upstream-unit::src/luks/systemd/clevis-luks-pkcs11-askpass.service,https://github.com/latchset/clevis,arch;fedora,2,CROSS_FAMILY
C3F,https://github.com/libratbag/libratbag::ratbagd,https://github.com/libratbag/libratbag,arch;debian;fedora;ubuntu,4,CROSS_FAMILY
C3F,https://github.com/linux-audit/audit-userspace::auditd,https://github.com/linux-audit/audit-userspace,arch;fedora,2,CROSS_FAMILY
C3F,https://github.com/linux-audit/audit-userspace::augenrules,https://github.com/linux-audit/audit-userspace,arch;fedora,2,CROSS_FAMILY
C3F,https://github.com/linux-msm/tqftpserv::tqftpserv,https://github.com/linux-msm/tqftpserv,debian;fedora;ubuntu,3,CROSS_FAMILY
C3F,https://github.com/linux-nvme/nvme-cli::upstream-unit::nvmf-autoconnect/systemd/nvmefc-boot-connections.service,https://github.com/linux-nvme/nvme-cli,arch;debian;fedora;ubuntu,4,CROSS_FAMILY
C3F,https://github.com/linux-rdma/rdma-core::ibacm,https://github.com/linux-rdma/rdma-core,arch;debian;fedora;ubuntu,4,CROSS_FAMILY
C3F,https://github.com/linux-rdma/rdma-core::iwpmd,https://github.com/linux-rdma/rdma-core,arch;debian;fedora;ubuntu,4,CROSS_FAMILY
C3F,https://github.com/linux-rdma/rdma-core::rdma-ndd,https://github.com/linux-rdma/rdma-core,arch;debian;fedora;ubuntu,4,CROSS_FAMILY
C3F,https://github.com/linux-rdma/rdma-core::start_on_all_ports,https://github.com/linux-rdma/rdma-core,arch;debian;fedora;ubuntu,4,CROSS_FAMILY
C3F,https://github.com/linuxdeepin/dde-api::upstream-unit::misc/systemd/system/deepin-api-device.service,https://github.com/linuxdeepin/dde-api,arch;fedora,2,CROSS_FAMILY
C3F,https://github.com/linuxdeepin/dde-api::upstream-unit::misc/systemd/system/deepin-login-sound.service,https://github.com/linuxdeepin/dde-api,arch;fedora,2,CROSS_FAMILY
C3F,https://github.com/linuxdeepin/dde-api::upstream-unit::misc/systemd/system/deepin-shutdown-sound.service,https://github.com/linuxdeepin/dde-api,arch;fedora,2,CROSS_FAMILY
C3F,https://github.com/linuxdeepin/dde-api::upstream-unit::misc/systemd/system/deepin-sound-theme-player.service,https://github.com/linuxdeepin/dde-api,arch;fedora,2,CROSS_FAMILY
C3F,https://github.com/linuxdeepin/deepin-boot-maker::upstream-unit::src/service/data/deepin-boot-maker.service,https://github.com/linuxdeepin/deepin-boot-maker,arch;debian;ubuntu,3,CROSS_FAMILY
C3F,https://github.com/linuxdeepin/deepin-pw-check::upstream-unit::misc/systemd-service/deepin-passwd-conf.service,https://github.com/linuxdeepin/deepin-pw-check,arch;fedora,2,CROSS_FAMILY
C3F,https://github.com/linuxdeepin/deepin-system-monitor::upstream-unit::deepin-system-monitor-system-server/misc/deepin-system-monitor-system-server.service,https://github.com/linuxdeepin/deepin-system-monitor,arch;fedora,2,CROSS_FAMILY
C3F,https://github.com/logrotate/logrotate::upstream-unit::examples/logrotate.service,https://github.com/logrotate/logrotate,arch;debian;fedora;ubuntu,4,CROSS_FAMILY
C3F,https://github.com/mikebrady/shairport-sync::shairport-sync,https://github.com/mikebrady/shairport-sync,arch;debian;fedora;ubuntu,4,CROSS_FAMILY
C3F,https://github.com/nhorman/rng-tools::rngd,https://github.com/nhorman/rng-tools,arch;fedora,2,CROSS_FAMILY
C3F,https://github.com/open-iscsi/open-isns::isnsd,https://github.com/open-iscsi/open-isns,debian;fedora;ubuntu,3,CROSS_FAMILY
C3F,https://github.com/open-iscsi/rtslib-fb::upstream-unit::systemd/target.service,https://github.com/open-iscsi/rtslib-fb,fedora;ubuntu,2,CROSS_FAMILY
C3F,https://github.com/open-iscsi/targetcli-fb::upstream-unit::systemd/targetclid.service,https://github.com/open-iscsi/targetcli-fb,fedora;ubuntu,2,CROSS_FAMILY
C3F,https://github.com/open-iscsi/tcmu-runner::upstream-unit::tcmu-runner.service,https://github.com/open-iscsi/tcmu-runner,debian;fedora;ubuntu,3,CROSS_FAMILY
C3F,https://github.com/oracle/ktls-utils::upstream-unit::systemd/tlshd.service,https://github.com/oracle/ktls-utils,debian;fedora;ubuntu,3,CROSS_FAMILY
C3F,https://github.com/pendulum-project/ntpd-rs::ntp-daemon,https://github.com/pendulum-project/ntpd-rs,debian;fedora;ubuntu,3,CROSS_FAMILY
C3F,https://github.com/pendulum-project/ntpd-rs::upstream-unit::docs/examples/conf/ntpd-rs-metrics.service,https://github.com/pendulum-project/ntpd-rs,debian;fedora;ubuntu,3,CROSS_FAMILY
C3F,https://github.com/phillipberndt/autorandr::upstream-unit::contrib/systemd/autorandr-lid-listener.service,https://github.com/phillipberndt/autorandr,arch;fedora;ubuntu,3,CROSS_FAMILY
C3F,https://github.com/phillipberndt/autorandr::upstream-unit::contrib/systemd/autorandr.service,https://github.com/phillipberndt/autorandr,arch;fedora;ubuntu,3,CROSS_FAMILY
C3F,https://github.com/pmem/ndctl::upstream-unit::cxl/cxl-monitor.service,https://github.com/pmem/ndctl,arch;debian;fedora;ubuntu,4,CROSS_FAMILY
C3F,https://github.com/pmem/ndctl::upstream-unit::ndctl/ndctl-monitor.service,https://github.com/pmem/ndctl,arch;debian;fedora;ubuntu,4,CROSS_FAMILY
C3F,https://github.com/pop-os/cosmic-greeter::greetd,https://github.com/pop-os/cosmic-greeter,arch;fedora,2,CROSS_FAMILY
C3F,https://github.com/pop-os/cosmic-greeter::upstream-unit::debian/cosmic-greeter-daemon.service,https://github.com/pop-os/cosmic-greeter,arch;fedora,2,CROSS_FAMILY
C3F,https://github.com/pothosware/SoapyRemote::SoapySDRServer,https://github.com/pothosware/SoapyRemote,arch;debian;ubuntu,3,CROSS_FAMILY
C3F,https://github.com/prometheus-community/ipmi_exporter::prometheus-ipmi-exporter,https://github.com/prometheus-community/ipmi_exporter,arch;debian;ubuntu,3,CROSS_FAMILY
C3F,https://github.com/pymumu/smartdns::smartdns,https://github.com/pymumu/smartdns,arch;debian;ubuntu,3,CROSS_FAMILY
C3F,https://github.com/rfjakob/earlyoom::earlyoom,https://github.com/rfjakob/earlyoom,arch;debian;fedora;ubuntu,4,CROSS_FAMILY
C3F,https://github.com/rhboot/pesign::pesign,https://github.com/rhboot/pesign,arch;fedora,2,CROSS_FAMILY
C3F,https://github.com/rpm-software-management/dnf-plugins-core::upstream-unit::etc/systemd/dnf-system-upgrade-cleanup.service,https://github.com/rpm-software-management/dnf-plugins-core,fedora;ubuntu,2,CROSS_FAMILY
C3F,https://github.com/rpm-software-management/dnf-plugins-core::upstream-unit::etc/systemd/dnf-system-upgrade.service,https://github.com/rpm-software-management/dnf-plugins-core,fedora;ubuntu,2,CROSS_FAMILY
C3F,https://github.com/rpm-software-management/dnf5::dnf5,https://github.com/rpm-software-management/dnf5,arch;fedora;ubuntu,3,CROSS_FAMILY
C3F,https://github.com/rpm-software-management/dnf5::upstream-unit::dnf5/config/systemd/system/dnf5-offline-transaction-cleanup.service,https://github.com/rpm-software-management/dnf5,arch;fedora;ubuntu,3,CROSS_FAMILY
C3F,https://github.com/rpm-software-management/dnf5::upstream-unit::dnf5/config/systemd/system/dnf5-offline-transaction.service,https://github.com/rpm-software-management/dnf5,arch;fedora;ubuntu,3,CROSS_FAMILY
C3F,https://github.com/rpm-software-management/dnf5::upstream-unit::dnf5daemon-server/dbus/dnf5daemon-server.service,https://github.com/rpm-software-management/dnf5,arch;fedora;ubuntu,3,CROSS_FAMILY
C3F,https://github.com/schollz/croc::upstream-unit::croc.service,https://github.com/schollz/croc,arch;fedora,2,CROSS_FAMILY
C3F,https://github.com/sddm/sddm::sddm,https://github.com/sddm/sddm,arch;debian;fedora;ubuntu,4,CROSS_FAMILY
C3F,https://github.com/sezanzeb/input-remapper::upstream-unit::data/input-remapper.service,https://github.com/sezanzeb/input-remapper,fedora;ubuntu,2,CROSS_FAMILY
C3F,https://github.com/sharkcz/collectl::collectl,https://github.com/sharkcz/collectl,fedora;ubuntu,2,CROSS_FAMILY
C3F,https://github.com/skeeto/endlessh::endlessh,https://github.com/skeeto/endlessh,debian;fedora;ubuntu,3,CROSS_FAMILY
C3F,https://github.com/slackhq/nebula::nebula,https://github.com/slackhq/nebula,arch;fedora,2,CROSS_FAMILY
C3F,https://github.com/systemd/systemd-bootchart::systemd-bootchart,https://github.com/systemd/systemd-bootchart,arch;debian;fedora;ubuntu,4,CROSS_FAMILY
C3F,https://github.com/tpm2-software/tpm2-abrmd::tpm2-abrmd,https://github.com/tpm2-software/tpm2-abrmd,arch;fedora,2,CROSS_FAMILY
C3F,https://github.com/vmatare/thinkfan::upstream-unit::rcscripts/systemd/thinkfan-sleep.service,https://github.com/vmatare/thinkfan,fedora;ubuntu,2,CROSS_FAMILY
C3F,https://github.com/vmatare/thinkfan::upstream-unit::rcscripts/systemd/thinkfan-wakeup.service,https://github.com/vmatare/thinkfan,debian;fedora;ubuntu,3,CROSS_FAMILY
C3F,https://github.com/wb2osz/direwolf::direwolf,https://github.com/wb2osz/direwolf,debian;fedora;ubuntu,3,CROSS_FAMILY
C3F,https://github.com/ximion/btrfsd::btrfsd,https://github.com/ximion/btrfsd,debian;fedora;ubuntu,3,CROSS_FAMILY
C3F,https://github.com/zhuyaliang/group-service::group-admin-daemon,https://github.com/zhuyaliang/group-service,debian;fedora;ubuntu,3,CROSS_FAMILY
C3F,https://gitlab.archlinux.org/archlinux/netctl::upstream-unit::services/netctl-sleep.service,https://gitlab.archlinux.org/archlinux/netctl,arch;ubuntu,2,CROSS_FAMILY
C3F,https://gitlab.archlinux.org/archlinux/netctl::upstream-unit::services/netctl-wait-online.service,https://gitlab.archlinux.org/archlinux/netctl,arch;ubuntu,2,CROSS_FAMILY
C3F,https://gitlab.archlinux.org/archlinux/netctl::upstream-unit::services/netctl.service,https://gitlab.archlinux.org/archlinux/netctl,arch;ubuntu,2,CROSS_FAMILY
C3F,https://gitlab.com/interception/linux/tools::upstream-unit::udevmon.service,https://gitlab.com/interception/linux/tools,arch;debian;ubuntu,3,CROSS_FAMILY
C3F,https://gitlab.freedesktop.org/bolt/bolt::boltd,https://gitlab.freedesktop.org/bolt/bolt,arch;debian;fedora;ubuntu,4,CROSS_FAMILY
C3F,https://gitlab.freedesktop.org/hadess/iio-sensor-proxy::iio-sensor-proxy,https://gitlab.freedesktop.org/hadess/iio-sensor-proxy,arch;debian;fedora;ubuntu,4,CROSS_FAMILY
C3F,https://gitlab.freedesktop.org/hadess/low-memory-monitor::low-memory-monitor,https://gitlab.freedesktop.org/hadess/low-memory-monitor,debian;fedora;ubuntu,3,CROSS_FAMILY
C3F,https://gitlab.freedesktop.org/hadess/switcheroo-control::switcheroo-control,https://gitlab.freedesktop.org/hadess/switcheroo-control,arch;debian;fedora;ubuntu,4,CROSS_FAMILY
C3F,https://gitlab.freedesktop.org/pipewire/rtkit::rtkit-daemon,https://gitlab.freedesktop.org/pipewire/rtkit,arch;ubuntu,2,CROSS_FAMILY
C3F,https://gitlab.freedesktop.org/upower/power-profiles-daemon::power-profiles-daemon,https://gitlab.freedesktop.org/upower/power-profiles-daemon,arch;debian;fedora;ubuntu,4,CROSS_FAMILY
C3F,https://gitlab.gnome.org/GNOME/gnome-remote-desktop::gnome-remote-desktop-daemon,https://gitlab.gnome.org/GNOME/gnome-remote-desktop,arch;fedora,2,CROSS_FAMILY
C3F,https://gkrellm.srcbox.net::gkrellmd,https://gkrellm.srcbox.net,fedora;ubuntu,2,CROSS_FAMILY
C3F,https://grid.ncsa.illinois.edu/myproxy::upstream-unit::systemd/myproxy-server.service,https://grid.ncsa.illinois.edu/myproxy,debian;fedora;ubuntu,3,CROSS_FAMILY
C3F,https://htcondor.org::upstream-unit::src/condor_examples/condor-annex-ec2.service,https://htcondor.org,debian;fedora;ubuntu,3,CROSS_FAMILY
C3F,https://htcondor.org::upstream-unit::src/condor_examples/condor.service,https://htcondor.org,debian;fedora;ubuntu,3,CROSS_FAMILY
C3F,https://iwd.wiki.kernel.org::ead,https://iwd.wiki.kernel.org,fedora;ubuntu,2,CROSS_FAMILY
C3F,https://iwd.wiki.kernel.org::iwd,https://iwd.wiki.kernel.org,debian;fedora;ubuntu,3,CROSS_FAMILY
C3F,https://jabberd2.org::true,https://jabberd2.org,debian;fedora;ubuntu,3,CROSS_FAMILY
C3F,https://launchpad.net/spf-engine::pyspf-milter,https://launchpad.net/spf-engine,fedora;ubuntu,2,CROSS_FAMILY
C3F,https://lemonldap-ng.org::llng-fastcgi-server,https://lemonldap-ng.org,fedora;ubuntu,2,CROSS_FAMILY
C3F,https://libreswan.org::pluto,https://libreswan.org,debian;fedora;ubuntu,3,CROSS_FAMILY
C3F,https://libvirt.org::libvirtd,https://libvirt.org,arch;fedora,2,CROSS_FAMILY
C3F,https://libvirt.org::virtlockd,https://libvirt.org,arch;fedora,2,CROSS_FAMILY
C3F,https://libvirt.org::virtlogd,https://libvirt.org,arch;fedora,2,CROSS_FAMILY
C3F,https://libvirt.org::virtlxcd,https://libvirt.org,arch;fedora,2,CROSS_FAMILY
C3F,https://libvirt.org::virtqemud,https://libvirt.org,arch;fedora,2,CROSS_FAMILY
C3F,https://libvirt.org::virtvboxd,https://libvirt.org,arch;fedora,2,CROSS_FAMILY
C3F,https://linrunner.de/tlp::tlp,https://linrunner.de/tlp,fedora;ubuntu,2,CROSS_FAMILY
C3F,https://linux-nfs.org::rpc.gssd,https://linux-nfs.org,debian;fedora;ubuntu,3,CROSS_FAMILY
C3F,https://linux-nfs.org::upstream-unit::systemd/fsidd.service,https://linux-nfs.org,debian;fedora;ubuntu,3,CROSS_FAMILY
C3F,https://linux-nfs.org::upstream-unit::systemd/nfs-idmapd.service,https://linux-nfs.org,debian;fedora;ubuntu,3,CROSS_FAMILY
C3F,https://linux-nfs.org::upstream-unit::systemd/nfs-mountd.service,https://linux-nfs.org,debian;fedora;ubuntu,3,CROSS_FAMILY
C3F,https://linux-nfs.org::upstream-unit::systemd/nfs-utils.service,https://linux-nfs.org,debian;fedora;ubuntu,3,CROSS_FAMILY
C3F,https://linux-nfs.org::upstream-unit::systemd/nfsdcld.service,https://linux-nfs.org,debian;fedora;ubuntu,3,CROSS_FAMILY
C3F,https://linux-nfs.org::upstream-unit::systemd/rpc-statd-notify.service,https://linux-nfs.org,debian;fedora;ubuntu,3,CROSS_FAMILY
C3F,https://linux-nfs.org::upstream-unit::systemd/rpc-statd.service,https://linux-nfs.org,debian;fedora;ubuntu,3,CROSS_FAMILY
C3F,https://linuxcontainers.org::lxc-containers,https://linuxcontainers.org,arch;debian;ubuntu,3,CROSS_FAMILY
C3F,https://linuxcontainers.org::lxc-monitord,https://linuxcontainers.org,arch;debian;ubuntu,3,CROSS_FAMILY
C3F,https://linuxcontainers.org::lxc-net,https://linuxcontainers.org,arch;debian;ubuntu,3,CROSS_FAMILY
C3F,https://linuxcontainers.org::lxcfs,https://linuxcontainers.org,arch;debian;ubuntu,3,CROSS_FAMILY
C3F,https://location.ipfire.org::location,https://location.ipfire.org,fedora;ubuntu,2,CROSS_FAMILY
C3F,https://mgetty.greenie.net::faxrunqd,https://mgetty.greenie.net,debian;fedora;ubuntu,3,CROSS_FAMILY
C3F,https://miniflux.app::miniflux,https://miniflux.app,arch;debian;ubuntu,3,CROSS_FAMILY
C3F,https://mopidy.com::mopidy,https://mopidy.com,fedora;ubuntu,2,CROSS_FAMILY
C3F,https://motion-project.github.io::motion,https://motion-project.github.io,arch;debian;ubuntu,3,CROSS_FAMILY
C3F,https://net-snmp.sourceforge.net::snmpd,https://net-snmp.sourceforge.net,debian;fedora;ubuntu,3,CROSS_FAMILY
C3F,https://net-snmp.sourceforge.net::snmptrapd,https://net-snmp.sourceforge.net,debian;fedora;ubuntu,3,CROSS_FAMILY
C3F,https://netplan.io::configure,https://netplan.io,fedora;ubuntu,2,CROSS_FAMILY
C3F,https://networkmanager.dev::nm-cloud-setup,https://networkmanager.dev,arch;fedora,2,CROSS_FAMILY
C3F,https://networkmanager.dev::nm-dispatcher,https://networkmanager.dev,arch;debian;fedora;ubuntu,4,CROSS_FAMILY
C3F,https://networkmanager.dev::nm-priv-helper,https://networkmanager.dev,arch;debian;fedora;ubuntu,4,CROSS_FAMILY
C3F,https://networkupstools.org::systemctl,https://networkupstools.org,arch;ubuntu,2,CROSS_FAMILY
C3F,https://networkupstools.org::udevadm,https://networkupstools.org,arch;ubuntu,2,CROSS_FAMILY
C3F,https://nghttp2.org::nghttpx,https://nghttp2.org,debian;fedora;ubuntu,3,CROSS_FAMILY
C3F,https://ngircd.barton.de::ngircd,https://ngircd.barton.de,debian;fedora;ubuntu,3,CROSS_FAMILY
C3F,https://nixos.org/nix::nix-daemon,https://nixos.org/nix,arch;ubuntu,2,CROSS_FAMILY
C3F,https://oss.oetiker.ch/rrdtool::rrdcached,https://oss.oetiker.ch/rrdtool,fedora;ubuntu,2,CROSS_FAMILY
C3F,https://ostreedev.github.io/ostree::upstream-unit::src/boot/ostree-boot-complete.service,https://ostreedev.github.io/ostree,arch;fedora,2,CROSS_FAMILY
C3F,https://ostreedev.github.io/ostree::upstream-unit::src/boot/ostree-finalize-staged-hold.service,https://ostreedev.github.io/ostree,arch;fedora,2,CROSS_FAMILY
C3F,https://ostreedev.github.io/ostree::upstream-unit::src/boot/ostree-finalize-staged.service,https://ostreedev.github.io/ostree,arch;fedora,2,CROSS_FAMILY
C3F,https://ostreedev.github.io/ostree::upstream-unit::src/boot/ostree-prepare-root.service,https://ostreedev.github.io/ostree,arch;fedora,2,CROSS_FAMILY
C3F,https://ostreedev.github.io/ostree::upstream-unit::src/boot/ostree-remount.service,https://ostreedev.github.io/ostree,arch;fedora,2,CROSS_FAMILY
C3F,https://pagure.io/dlm::dlm_controld,https://pagure.io/dlm,debian;fedora;ubuntu,3,CROSS_FAMILY
C3F,https://pagure.io/numad::numad,https://pagure.io/numad,debian;fedora;ubuntu,3,CROSS_FAMILY
C3F,https://pagure.io/oddjob::oddjobd,https://pagure.io/oddjob,debian;fedora;ubuntu,3,CROSS_FAMILY
C3F,https://pcp.io::pcp-geolocate,https://pcp.io,arch;debian;fedora;ubuntu,4,CROSS_FAMILY
C3F,https://pcp.io::pmcd,https://pcp.io,arch;debian;fedora;ubuntu,4,CROSS_FAMILY
C3F,https://pcp.io::pmfind_check,https://pcp.io,arch;debian;fedora;ubuntu,4,CROSS_FAMILY
C3F,https://pcp.io::pmiectl,https://pcp.io,arch;debian;fedora;ubuntu,4,CROSS_FAMILY
C3F,https://pcp.io::pmlogctl,https://pcp.io,arch;debian;fedora;ubuntu,4,CROSS_FAMILY
C3F,https://pcp.io::pmseries_import,https://pcp.io,arch;fedora;ubuntu,3,CROSS_FAMILY
C3F,https://pcp.io::reboot-init,https://pcp.io,arch;fedora,2,CROSS_FAMILY
C3F,https://pcp.io::sh,https://pcp.io,arch;fedora,2,CROSS_FAMILY
C3F,https://pcp.io::upstream-unit::src/pcp/atop/atop-daily.service,https://pcp.io,arch;fedora,2,CROSS_FAMILY
C3F,https://pcsclite.apdu.fr::pcscd,https://pcsclite.apdu.fr,arch;debian;fedora;ubuntu,4,CROSS_FAMILY
C3F,https://plocate.sesse.net::updatedb,https://plocate.sesse.net,arch;fedora,2,CROSS_FAMILY
C3F,https://portsentry.xyz::portsentry,https://portsentry.xyz,fedora;ubuntu,2,CROSS_FAMILY
C3F,https://salsa.debian.org/consolation-team/consolation::consolation,https://salsa.debian.org/consolation-team/consolation,debian;fedora;ubuntu,3,CROSS_FAMILY
C3F,https://slurm.schedmd.com::slurmrestd,https://slurm.schedmd.com,debian;fedora;ubuntu,3,CROSS_FAMILY
C3F,https://snapper.io::upstream-unit::data/backup.service,https://snapper.io,arch;fedora,2,CROSS_FAMILY
C3F,https://snapper.io::upstream-unit::data/snapperd.service,https://snapper.io,arch;fedora,2,CROSS_FAMILY
C3F,https://sourceforge.net/projects/rpcbind::rpcbind,https://sourceforge.net/projects/rpcbind,debian;fedora;ubuntu,3,CROSS_FAMILY
C3F,https://sourceforge.net/projects/slim-fork::slim,https://sourceforge.net/projects/slim-fork,debian;fedora;ubuntu,3,CROSS_FAMILY
C3F,https://sourceware.org/lvm2::lvmlockd,https://sourceware.org/lvm2,debian;fedora;ubuntu,3,CROSS_FAMILY
C3F,https://sourceware.org/lvm2::lvmpolld,https://sourceware.org/lvm2,arch;debian;fedora;ubuntu,4,CROSS_FAMILY
C3F,https://sourceware.org/lvm2::upstream-unit::scripts/lvm-devices-import.service,https://sourceware.org/lvm2,arch;fedora,2,CROSS_FAMILY
C3F,https://sourceware.org/systemtap::upstream-unit::stap-exporter/stap-exporter.service,https://sourceware.org/systemtap,arch;fedora,2,CROSS_FAMILY
C3F,https://spacenav.sourceforge.net::spacenavd,https://spacenav.sourceforge.net,debian;fedora;ubuntu,3,CROSS_FAMILY
C3F,https://sr.ht/~kennylevinsen/seatd::upstream-unit::contrib/systemd/seatd.service,https://sr.ht/~kennylevinsen/seatd,arch;fedora,2,CROSS_FAMILY
C3F,https://suricata.io::suricata,https://suricata.io,debian;fedora;ubuntu,3,CROSS_FAMILY
C3F,https://systemd.io::agetty,https://systemd.io,debian;fedora;ubuntu,3,CROSS_FAMILY
C3F,https://systemd.io::kmod,https://systemd.io,debian;fedora;ubuntu,3,CROSS_FAMILY
C3F,https://systemd.io::quotaon,https://systemd.io,debian;fedora;ubuntu,3,CROSS_FAMILY
C3F,https://systemd.io::rc.local,https://systemd.io,debian;fedora;ubuntu,3,CROSS_FAMILY
C3F,https://systemd.io::systemd-hwdb,https://systemd.io,debian;fedora;ubuntu,3,CROSS_FAMILY
C3F,https://systemd.io::upstream-unit::units/initrd-cleanup.service,https://systemd.io,debian;fedora;ubuntu,3,CROSS_FAMILY
C3F,https://systemd.io::upstream-unit::units/initrd-switch-root.service,https://systemd.io,debian;fedora;ubuntu,3,CROSS_FAMILY
C3F,https://systemd.io::upstream-unit::units/initrd-udevadm-cleanup-db.service,https://systemd.io,debian;fedora;ubuntu,3,CROSS_FAMILY
C3F,https://systemd.io::upstream-unit::units/ldconfig.service,https://systemd.io,debian;fedora;ubuntu,3,CROSS_FAMILY
C3F,https://systemd.io::upstream-unit::units/system-update-cleanup.service,https://systemd.io,debian;fedora;ubuntu,3,CROSS_FAMILY
C3F,https://systemd.io::upstream-unit::units/systemd-ask-password-console.service,https://systemd.io,debian;fedora;ubuntu,3,CROSS_FAMILY
C3F,https://systemd.io::upstream-unit::units/systemd-ask-password-wall.service,https://systemd.io,debian;fedora;ubuntu,3,CROSS_FAMILY
C3F,https://systemd.io::upstream-unit::units/systemd-boot-clear-sysfail.service,https://systemd.io,fedora;ubuntu,2,CROSS_FAMILY
C3F,https://systemd.io::upstream-unit::units/systemd-boot-random-seed.service,https://systemd.io,debian;fedora;ubuntu,3,CROSS_FAMILY
C3F,https://systemd.io::upstream-unit::units/systemd-boot-update.service,https://systemd.io,debian;fedora;ubuntu,3,CROSS_FAMILY
C3F,https://systemd.io::upstream-unit::units/systemd-confext-initrd.service,https://systemd.io,fedora;ubuntu,2,CROSS_FAMILY
C3F,https://systemd.io::upstream-unit::units/systemd-confext.service,https://systemd.io,debian;fedora;ubuntu,3,CROSS_FAMILY
C3F,https://systemd.io::upstream-unit::units/systemd-factory-reset-reboot.service,https://systemd.io,fedora;ubuntu,2,CROSS_FAMILY
C3F,https://systemd.io::upstream-unit::units/systemd-firstboot.service,https://systemd.io,debian;fedora;ubuntu,3,CROSS_FAMILY
C3F,https://systemd.io::upstream-unit::units/systemd-halt.service,https://systemd.io,debian;fedora;ubuntu,3,CROSS_FAMILY
C3F,https://systemd.io::upstream-unit::units/systemd-homed-activate.service,https://systemd.io,debian;fedora;ubuntu,3,CROSS_FAMILY
C3F,https://systemd.io::upstream-unit::units/systemd-homed-firstboot.service,https://systemd.io,debian;fedora;ubuntu,3,CROSS_FAMILY
C3F,https://systemd.io::upstream-unit::units/systemd-journal-catalog-update.service,https://systemd.io,debian;fedora;ubuntu,3,CROSS_FAMILY
C3F,https://systemd.io::upstream-unit::units/systemd-journal-flush.service,https://systemd.io,debian;fedora;ubuntu,3,CROSS_FAMILY
C3F,https://systemd.io::upstream-unit::units/systemd-kexec.service,https://systemd.io,debian;fedora;ubuntu,3,CROSS_FAMILY
C3F,https://systemd.io::upstream-unit::units/systemd-machine-id-commit.service,https://systemd.io,debian;fedora;ubuntu,3,CROSS_FAMILY
C3F,https://systemd.io::upstream-unit::units/systemd-networkd-persistent-storage.service,https://systemd.io,debian;fedora;ubuntu,3,CROSS_FAMILY
C3F,https://systemd.io::upstream-unit::units/systemd-poweroff.service,https://systemd.io,debian;fedora;ubuntu,3,CROSS_FAMILY
C3F,https://systemd.io::upstream-unit::units/systemd-reboot.service,https://systemd.io,debian;fedora;ubuntu,3,CROSS_FAMILY
C3F,https://systemd.io::upstream-unit::units/systemd-repart.service,https://systemd.io,debian;fedora;ubuntu,3,CROSS_FAMILY
C3F,https://systemd.io::upstream-unit::units/systemd-soft-reboot.service,https://systemd.io,debian;fedora;ubuntu,3,CROSS_FAMILY
C3F,https://systemd.io::upstream-unit::units/systemd-sysext-initrd.service,https://systemd.io,fedora;ubuntu,2,CROSS_FAMILY
C3F,https://systemd.io::upstream-unit::units/systemd-sysext.service,https://systemd.io,debian;fedora;ubuntu,3,CROSS_FAMILY
C3F,https://systemd.io::upstream-unit::units/systemd-sysusers.service,https://systemd.io,debian;fedora;ubuntu,3,CROSS_FAMILY
C3F,https://systemd.io::upstream-unit::units/systemd-tmpfiles-setup-dev-early.service,https://systemd.io,debian;fedora;ubuntu,3,CROSS_FAMILY
C3F,https://systemd.io::upstream-unit::units/systemd-tmpfiles-setup-dev.service,https://systemd.io,debian;fedora;ubuntu,3,CROSS_FAMILY
C3F,https://systemd.io::upstream-unit::units/systemd-udev-load-credentials.service,https://systemd.io,debian;fedora;ubuntu,3,CROSS_FAMILY
C3F,https://systemd.io::upstream-unit::units/systemd-udev-settle.service,https://systemd.io,debian;fedora;ubuntu,3,CROSS_FAMILY
C3F,https://systemd.io::upstream-unit::units/systemd-udev-trigger.service,https://systemd.io,debian;fedora;ubuntu,3,CROSS_FAMILY
C3F,https://systemd.io::upstream-unit::units/systemd-userdb-load-credentials.service,https://systemd.io,fedora;ubuntu,2,CROSS_FAMILY
C3F,https://usbguard.github.io::usbguard-daemon,https://usbguard.github.io,debian;fedora;ubuntu,3,CROSS_FAMILY
C3F,https://wammu.eu/gammu::gammu-smsd,https://wammu.eu/gammu,arch;debian;fedora;ubuntu,4,CROSS_FAMILY
C3F,https://wiki.gnome.org/phodav::spice-webdavd,https://wiki.gnome.org/phodav,arch;debian;fedora,3,CROSS_FAMILY
C3F,https://www.asterisk.org::asterisk,https://www.asterisk.org,fedora;ubuntu,2,CROSS_FAMILY
C3F,https://www.atoptool.nl::sh,https://www.atoptool.nl,arch;fedora,2,CROSS_FAMILY
C3F,https://www.atoptool.nl::upstream-unit::atop-rotate.service,https://www.atoptool.nl,arch;fedora,2,CROSS_FAMILY
C3F,https://www.atoptool.nl::upstream-unit::atopacct.service,https://www.atoptool.nl,arch;fedora,2,CROSS_FAMILY
C3F,https://www.bitlbee.org::bitlbee,https://www.bitlbee.org,fedora;ubuntu,2,CROSS_FAMILY
C3F,https://www.bluez.org::bluetooth-meshd,https://www.bluez.org,arch;debian;fedora;ubuntu,4,CROSS_FAMILY
C3F,https://www.bluez.org::bluetoothd,https://www.bluez.org,arch;debian;fedora;ubuntu,4,CROSS_FAMILY
C3F,https://www.cipherdyne.org/fwknop::fwknopd,https://www.cipherdyne.org/fwknop,arch;fedora,2,CROSS_FAMILY
C3F,https://www.cipherdyne.org/psad::psad,https://www.cipherdyne.org/psad,debian;fedora;ubuntu,3,CROSS_FAMILY
C3F,https://www.clamav.net::clamd,https://www.clamav.net,arch;debian;ubuntu,3,CROSS_FAMILY
C3F,https://www.clamav.net::clamonacc,https://www.clamav.net,arch;debian;fedora;ubuntu,4,CROSS_FAMILY
C3F,https://www.clusterlabs.org::pacemaker-remoted,https://www.clusterlabs.org,debian;fedora;ubuntu,3,CROSS_FAMILY
C3F,https://www.clusterlabs.org::pacemakerd,https://www.clusterlabs.org,debian;fedora;ubuntu,3,CROSS_FAMILY
C3F,https://www.fail2ban.org::fail2ban-server,https://www.fail2ban.org,arch;fedora;ubuntu,3,CROSS_FAMILY
C3F,https://www.finnie.org/software/2ping::upstream-unit::2ping.service,https://www.finnie.org/software/2ping,fedora;ubuntu,2,CROSS_FAMILY
C3F,https://www.firewalld.org::firewalld,https://www.firewalld.org,fedora;ubuntu,2,CROSS_FAMILY
C3F,https://www.freedesktop.org/software/PackageKit::pk-offline-update,https://www.freedesktop.org/software/PackageKit,arch;debian;fedora;ubuntu,4,CROSS_FAMILY
C3F,https://www.freedesktop.org/wiki/Software/AccountsService::accounts-daemon,https://www.freedesktop.org/wiki/Software/AccountsService,debian;fedora;ubuntu,3,CROSS_FAMILY
C3F,https://www.freedesktop.org/wiki/Software/ModemManager::ModemManager,https://www.freedesktop.org/wiki/Software/ModemManager,arch;debian;ubuntu,3,CROSS_FAMILY
C3F,https://www.freedesktop.org/wiki/Software/Plymouth::systemd-tty-ask-password-agent,https://www.freedesktop.org/wiki/Software/Plymouth,arch;debian;fedora;ubuntu,4,CROSS_FAMILY
C3F,https://www.freedesktop.org/wiki/Software/fprint/fprintd::fprintd,https://www.freedesktop.org/wiki/Software/fprint/fprintd,debian;fedora;ubuntu,3,CROSS_FAMILY
C3F,https://www.freedesktop.org/wiki/Software/udisks::udisksd,https://www.freedesktop.org/wiki/Software/udisks,arch;debian;ubuntu,3,CROSS_FAMILY
C3F,https://www.freeipa.org::ipa-epn,https://www.freeipa.org,debian;fedora;ubuntu,3,CROSS_FAMILY
C3F,https://www.frrouting.org::frrinit.sh,https://www.frrouting.org,debian;fedora,2,CROSS_FAMILY
C3F,https://www.gluster.org::glusterd,https://www.gluster.org,arch;debian;ubuntu,3,CROSS_FAMILY
C3F,https://www.gluster.org::glustereventsd,https://www.gluster.org,arch;debian;ubuntu,3,CROSS_FAMILY
C3F,https://www.gluster.org::glusterfsd,https://www.gluster.org,arch;debian;ubuntu,3,CROSS_FAMILY
C3F,https://www.gluster.org::mount-shared-storage.sh,https://www.gluster.org,arch;debian;ubuntu,3,CROSS_FAMILY
C3F,https://www.inet.no/dante::sockd,https://www.inet.no/dante,arch;fedora,2,CROSS_FAMILY
C3F,https://www.infradead.org/~dhowells/kafs::kafs-preload,https://www.infradead.org/~dhowells/kafs,debian;fedora;ubuntu,3,CROSS_FAMILY
C3F,https://www.keepalived.org::keepalived,https://www.keepalived.org,arch;fedora,2,CROSS_FAMILY
C3F,https://www.kernel.org::cpupower,https://www.kernel.org,arch;fedora,2,CROSS_FAMILY
C3F,https://www.linux-pam.org::pam_namespace_helper,https://www.linux-pam.org,debian;fedora;ubuntu,3,CROSS_FAMILY
C3F,https://www.lirc.org::irexec,https://www.lirc.org,arch;fedora,2,CROSS_FAMILY
C3F,https://www.lirc.org::lircd,https://www.lirc.org,arch;fedora,2,CROSS_FAMILY
C3F,https://www.lirc.org::upstream-unit::systemd/lircd-setup.service,https://www.lirc.org,arch;fedora,2,CROSS_FAMILY
C3F,https://www.lirc.org::upstream-unit::systemd/lircd-uinput.service,https://www.lirc.org,arch;fedora,2,CROSS_FAMILY
C3F,https://www.lirc.org::upstream-unit::systemd/lircmd.service,https://www.lirc.org,arch;fedora,2,CROSS_FAMILY
C3F,https://www.monitorix.org::monitorix,https://www.monitorix.org,fedora;ubuntu,2,CROSS_FAMILY
C3F,https://www.msweet.org/lprint::lprint,https://www.msweet.org/lprint,arch;debian;fedora;ubuntu,4,CROSS_FAMILY
C3F,https://www.mumble.info::mumble-server,https://www.mumble.info,arch;debian;fedora;ubuntu,4,CROSS_FAMILY
C3F,https://www.nlnetlabs.nl/nsd::nsd,https://www.nlnetlabs.nl/nsd,arch;fedora,2,CROSS_FAMILY
C3F,https://www.nlnetlabs.nl/projects/dnssec-trigger::dnssec-trigger-control-setup,https://www.nlnetlabs.nl/projects/dnssec-trigger,debian;fedora;ubuntu,3,CROSS_FAMILY
C3F,https://www.nlnetlabs.nl/projects/dnssec-trigger::dnssec-triggerd,https://www.nlnetlabs.nl/projects/dnssec-trigger,debian;fedora;ubuntu,3,CROSS_FAMILY
C3F,https://www.nordugrid.org::arc-arex-start,https://www.nordugrid.org,debian;fedora;ubuntu,3,CROSS_FAMILY
C3F,https://www.nordugrid.org::arc-arex-ws-start,https://www.nordugrid.org,debian;fedora;ubuntu,3,CROSS_FAMILY
C3F,https://www.nordugrid.org::arc-datadelivery-service-start,https://www.nordugrid.org,debian;fedora;ubuntu,3,CROSS_FAMILY
C3F,https://www.nordugrid.org::upstream-unit::src/hed/daemon/scripts/arched.service,https://www.nordugrid.org,debian;fedora;ubuntu,3,CROSS_FAMILY
C3F,https://www.ntpsec.org::ntplogtemp,https://www.ntpsec.org,debian;fedora;ubuntu,3,CROSS_FAMILY
C3F,https://www.ntpsec.org::ntpwait,https://www.ntpsec.org,debian;fedora;ubuntu,3,CROSS_FAMILY
C3F,https://www.openldap.org::slapd,https://www.openldap.org,arch;fedora,2,CROSS_FAMILY
C3F,https://www.pgbouncer.org::pgbouncer,https://www.pgbouncer.org,arch;debian;fedora;ubuntu,4,CROSS_FAMILY
C3F,https://www.php.net::php-fpm,https://www.php.net,arch;fedora,2,CROSS_FAMILY
C3F,https://www.proftpd.org::proftpd,https://www.proftpd.org,debian;fedora;ubuntu,3,CROSS_FAMILY
C3F,https://www.qemu.org::upstream-unit::contrib/systemd/qemu-pr-helper.service,https://www.qemu.org,arch;fedora,2,CROSS_FAMILY
C3F,https://www.samba.org::ctdbd,https://www.samba.org,debian;fedora;ubuntu,3,CROSS_FAMILY
C3F,https://www.samba.org::samba-bgqd,https://www.samba.org,arch;fedora,2,CROSS_FAMILY
C3F,https://www.smartmontools.org::smartd,https://www.smartmontools.org,arch;debian;fedora;ubuntu,4,CROSS_FAMILY
C3F,https://www.spice-space.org::spice-vdagentd,https://www.spice-space.org,arch;debian;ubuntu,3,CROSS_FAMILY
C3F,https://www.sshguard.net::sshguard,https://www.sshguard.net,arch;fedora,2,CROSS_FAMILY
C3F,https://www.strongswan.org::charon-systemd,https://www.strongswan.org,arch;debian;fedora;ubuntu,4,CROSS_FAMILY
C3F,https://www.strongswan.org::ipsec,https://www.strongswan.org,arch;debian;ubuntu,3,CROSS_FAMILY
C3F,https://www.stunnel.org::stunnel,https://www.stunnel.org,arch;fedora,2,CROSS_FAMILY
C3F,https://www.svxlink.org::remotetrx,https://www.svxlink.org,debian;fedora;ubuntu,3,CROSS_FAMILY
C3F,https://www.svxlink.org::svxlink,https://www.svxlink.org,debian;fedora;ubuntu,3,CROSS_FAMILY
C3F,https://www.svxlink.org::svxlink_gpio_up,https://www.svxlink.org,fedora;ubuntu,2,CROSS_FAMILY
C3F,https://www.svxlink.org::svxreflector,https://www.svxlink.org,debian;fedora;ubuntu,3,CROSS_FAMILY
C3F,https://www.tinc-vpn.org::true,https://www.tinc-vpn.org,arch;debian;fedora;ubuntu,4,CROSS_FAMILY
C3F,https://www.transmissionbt.com::transmission-daemon,https://www.transmissionbt.com,arch;fedora,2,CROSS_FAMILY
C4,https://arthurdejong.org/nss-pam-ldapd::nslcd,https://arthurdejong.org/nss-pam-ldapd,arch;debian;fedora;ubuntu,4,CROSS_FAMILY
C4,https://gdnsd.org::gdnsd,https://gdnsd.org,arch;debian;ubuntu,3,CROSS_FAMILY
C4,https://github.com/gssapi/gssproxy::gssproxy,https://github.com/gssapi/gssproxy,arch;debian;fedora;ubuntu,4,CROSS_FAMILY
C4,https://github.com/libratbag/libratbag::ratbagd,https://github.com/libratbag/libratbag,arch;debian;fedora;ubuntu,4,CROSS_FAMILY
C4,https://github.com/logrotate/logrotate::upstream-unit::examples/logrotate.service,https://github.com/logrotate/logrotate,arch;debian;fedora;ubuntu,4,CROSS_FAMILY
C4,https://github.com/rfjakob/earlyoom::earlyoom,https://github.com/rfjakob/earlyoom,arch;debian;fedora;ubuntu,4,CROSS_FAMILY
C4,https://gitlab.freedesktop.org/pipewire/rtkit::rtkit-daemon,https://gitlab.freedesktop.org/pipewire/rtkit,arch;ubuntu,2,CROSS_FAMILY
C4,https://soju.im::soju,https://soju.im,arch;debian;ubuntu,3,CROSS_FAMILY
C4,https://tinyproxy.github.io::tinyproxy,https://tinyproxy.github.io,arch;fedora;ubuntu,3,CROSS_FAMILY
C4,https://unix4lyfe.org/darkstat::darkstat,https://unix4lyfe.org/darkstat,arch;debian;fedora;ubuntu,4,CROSS_FAMILY
C4,https://www.gluster.org::glusterd,https://www.gluster.org,arch;debian;ubuntu,3,CROSS_FAMILY
C4,https://www.gluster.org::glustereventsd,https://www.gluster.org,arch;debian;ubuntu,3,CROSS_FAMILY
C4,https://www.gluster.org::glusterfsd,https://www.gluster.org,arch;debian;ubuntu,3,CROSS_FAMILY
C4,https://www.gluster.org::mount-shared-storage.sh,https://www.gluster.org,arch;debian;ubuntu,3,CROSS_FAMILY
C4,https://www.netfilter.org/projects/ulogd::ulogd,https://www.netfilter.org/projects/ulogd,arch;debian;ubuntu,3,CROSS_FAMILY
C4,https://www.spice-space.org::spice-vdagentd,https://www.spice-space.org,arch;debian;ubuntu,3,CROSS_FAMILY
