entity_type,entity_id,stage,reason_code,technical_detail
package,debian:acpi-fakekey,cross_family_eligibility,NO_AUTHORITATIVE_UPSTREAM_URL,
package,debian:apt,cross_family_eligibility,NO_AUTHORITATIVE_UPSTREAM_URL,
package,debian:binkd,cross_family_eligibility,NO_AUTHORITATIVE_UPSTREAM_URL,
package,debian:bootparamd,cross_family_eligibility,NO_AUTHORITATIVE_UPSTREAM_URL,
package,debian:canna,cross_family_eligibility,NO_AUTHORITATIVE_UPSTREAM_URL,
package,debian:dhcp-helper,cross_family_eligibility,NO_AUTHORITATIVE_UPSTREAM_URL,
package,debian:farpd,cross_family_eligibility,NO_AUTHORITATIVE_UPSTREAM_URL,
package,debian:gcpegg,cross_family_eligibility,NO_AUTHORITATIVE_UPSTREAM_URL,
package,debian:ifupdown,cross_family_eligibility,NO_AUTHORITATIVE_UPSTREAM_URL,
package,debian:inn,cross_family_eligibility,NO_AUTHORITATIVE_UPSTREAM_URL,
package,debian:ipip,cross_family_eligibility,NO_AUTHORITATIVE_UPSTREAM_URL,
package,debian:kdump-tools,cross_family_eligibility,NO_AUTHORITATIVE_UPSTREAM_URL,
package,debian:l2tpns,cross_family_eligibility,NO_AUTHORITATIVE_UPSTREAM_URL,
package,debian:memlockd,cross_family_eligibility,NO_AUTHORITATIVE_UPSTREAM_URL,
package,debian:openbsd-inetd,cross_family_eligibility,NO_AUTHORITATIVE_UPSTREAM_URL,
package,debian:pcaputils,cross_family_eligibility,NO_AUTHORITATIVE_UPSTREAM_URL,
package,debian:pk4,cross_family_eligibility,NO_AUTHORITATIVE_UPSTREAM_URL,
package,debian:pkcs11-daemon,cross_family_eligibility,NO_AUTHORITATIVE_UPSTREAM_URL,
package,debian:proxsmtp,cross_family_eligibility,NO_AUTHORITATIVE_UPSTREAM_URL,
package,debian:rarpd,cross_family_eligibility,NO_AUTHORITATIVE_UPSTREAM_URL,
package,debian:rbldnsd,cross_family_eligibility,NO_AUTHORITATIVE_UPSTREAM_URL,
package,debian:rng-tools-debian,cross_family_eligibility,NO_AUTHORITATIVE_UPSTREAM_URL,
package,debian:rng-tools5,cross_family_eligibility,NO_AUTHORITATIVE_UPSTREAM_URL,
package,debian:scsitools,cross_family_eligibility,NO_AUTHORITATIVE_UPSTREAM_URL,
package,debian:setserial,cross_family_eligibility,NO_AUTHORITATIVE_UPSTREAM_URL,
package,debian:xringd,cross_family_eligibility,NO_AUTHORITATIVE_UPSTREAM_URL,
package,debian:zfs-fuse,cross_family_eligibility,NO_AUTHORITATIVE_UPSTREAM_URL,
package,fedora:autofs,cross_family_eligibility,NO_AUTHORITATIVE_UPSTREAM_URL,
package,fedora:coturn,artifact_fetch,ARTIFACT_FETCH_FAILURE,HTTP Error 404: Not Found
package,fedora:coturn,artifact_fetch,ARTIFACT_FETCH_FAILURE,RESTORED_FROZEN_FAILURE_DETAIL_UNAVAILABLE_AFTER_FULL008_MANIFEST_OVERWRITE
package,fedora:finger-server,cross_family_eligibility,NO_AUTHORITATIVE_UPSTREAM_URL,
package,fedora:glances,artifact_fetch,ARTIFACT_FETCH_FAILURE,HTTP Error 404: Not Found
package,fedora:glances,artifact_fetch,ARTIFACT_FETCH_FAILURE,RESTORED_FROZEN_FAILURE_DETAIL_UNAVAILABLE_AFTER_FULL008_MANIFEST_OVERWRITE
package,fedora:rarpd,cross_family_eligibility,NO_AUTHORITATIVE_UPSTREAM_URL,
package,fedora:rwho,cross_family_eligibility,NO_AUTHORITATIVE_UPSTREAM_URL,
package,fedora:thermald,artifact_fetch,ARTIFACT_FETCH_FAILURE,HTTP Error 404: Not Found
package,fedora:thermald,artifact_fetch,ARTIFACT_FETCH_FAILURE,RESTORED_FROZEN_FAILURE_DETAIL_UNAVAILABLE_AFTER_FULL008_MANIFEST_OVERWRITE
package,fedora:zram,cross_family_eligibility,NO_AUTHORITATIVE_UPSTREAM_URL,
package,ubuntu:apt,cross_family_eligibility,NO_AUTHORITATIVE_UPSTREAM_URL,
package,ubuntu:apt-cacher,cross_family_eligibility,NO_AUTHORITATIVE_UPSTREAM_URL,
package,ubuntu:apt-show-versions,cross_family_eligibility,NO_AUTHORITATIVE_UPSTREAM_URL,
package,ubuntu:apticron-systemd,cross_family_eligibility,NO_AUTHORITATIVE_UPSTREAM_URL,
package,ubuntu:awffull,cross_family_eligibility,NO_AUTHORITATIVE_UPSTREAM_URL,
package,ubuntu:base-files,cross_family_eligibility,NO_AUTHORITATIVE_UPSTREAM_URL,
package,ubuntu:binkd,cross_family_eligibility,NO_AUTHORITATIVE_UPSTREAM_URL,
package,ubuntu:bootcd,cross_family_eligibility,NO_AUTHORITATIVE_UPSTREAM_URL,
package,ubuntu:bootparamd,cross_family_eligibility,NO_AUTHORITATIVE_UPSTREAM_URL,
package,ubuntu:budgie-sddm-theme,cross_family_eligibility,NO_AUTHORITATIVE_UPSTREAM_URL,
package,ubuntu:canna,cross_family_eligibility,NO_AUTHORITATIVE_UPSTREAM_URL,
package,ubuntu:casper,cross_family_eligibility,NO_AUTHORITATIVE_UPSTREAM_URL,
package,ubuntu:cgroup-lite,cross_family_eligibility,NO_AUTHORITATIVE_UPSTREAM_URL,
package,ubuntu:conmux,cross_family_eligibility,NO_AUTHORITATIVE_UPSTREAM_URL,
package,ubuntu:console-setup-linux,cross_family_eligibility,NO_AUTHORITATIVE_UPSTREAM_URL,
package,ubuntu:dgx-desktop-docker-options,cross_family_eligibility,NO_AUTHORITATIVE_UPSTREAM_URL,
package,ubuntu:dgx-desktop-enable-persistenced,cross_family_eligibility,NO_AUTHORITATIVE_UPSTREAM_URL,
package,ubuntu:dgx-desktop-pro-activation,cross_family_eligibility,NO_AUTHORITATIVE_UPSTREAM_URL,
package,ubuntu:dhcp-helper,cross_family_eligibility,NO_AUTHORITATIVE_UPSTREAM_URL,
package,ubuntu:dns2tcp,cross_family_eligibility,NO_AUTHORITATIVE_UPSTREAM_URL,
package,ubuntu:ec2-hibinit-agent,cross_family_eligibility,NO_AUTHORITATIVE_UPSTREAM_URL,
package,ubuntu:fake-hwclock,cross_family_eligibility,NO_AUTHORITATIVE_UPSTREAM_URL,
package,ubuntu:farpd,cross_family_eligibility,NO_AUTHORITATIVE_UPSTREAM_URL,
package,ubuntu:flamethrower,cross_family_eligibility,NO_AUTHORITATIVE_UPSTREAM_URL,
package,ubuntu:friendly-recovery,cross_family_eligibility,NO_AUTHORITATIVE_UPSTREAM_URL,
package,ubuntu:gcpegg,cross_family_eligibility,NO_AUTHORITATIVE_UPSTREAM_URL,
package,ubuntu:greylistd,cross_family_eligibility,NO_AUTHORITATIVE_UPSTREAM_URL,
package,ubuntu:hpsockd,cross_family_eligibility,NO_AUTHORITATIVE_UPSTREAM_URL,
package,ubuntu:ifupdown,cross_family_eligibility,NO_AUTHORITATIVE_UPSTREAM_URL,
package,ubuntu:ifupdown-extra,cross_family_eligibility,NO_AUTHORITATIVE_UPSTREAM_URL,
package,ubuntu:inn,cross_family_eligibility,NO_AUTHORITATIVE_UPSTREAM_URL,
package,ubuntu:ippl,cross_family_eligibility,NO_AUTHORITATIVE_UPSTREAM_URL,
package,ubuntu:ipset-persistent,cross_family_eligibility,NO_AUTHORITATIVE_UPSTREAM_URL,
package,ubuntu:iptables-persistent,cross_family_eligibility,NO_AUTHORITATIVE_UPSTREAM_URL,
package,ubuntu:kdump-tools,cross_family_eligibility,NO_AUTHORITATIVE_UPSTREAM_URL,
package,ubuntu:l2tpns,cross_family_eligibility,NO_AUTHORITATIVE_UPSTREAM_URL,
package,ubuntu:lenovo-cfgservice,cross_family_eligibility,NO_AUTHORITATIVE_UPSTREAM_URL,
package,ubuntu:lenovo-fccunlock,cross_family_eligibility,NO_AUTHORITATIVE_UPSTREAM_URL,
package,ubuntu:linux-cloud-tools-common,cross_family_eligibility,NO_AUTHORITATIVE_UPSTREAM_URL,
package,ubuntu:linux-tools-host,cross_family_eligibility,NO_AUTHORITATIVE_UPSTREAM_URL,
package,ubuntu:local-apt-repository,cross_family_eligibility,NO_AUTHORITATIVE_UPSTREAM_URL,
package,ubuntu:logcheck,cross_family_eligibility,NO_AUTHORITATIVE_UPSTREAM_URL,
package,ubuntu:lpr,cross_family_eligibility,NO_AUTHORITATIVE_UPSTREAM_URL,
package,ubuntu:lxd-installer,cross_family_eligibility,NO_AUTHORITATIVE_UPSTREAM_URL,
package,ubuntu:memlockd,cross_family_eligibility,NO_AUTHORITATIVE_UPSTREAM_URL,
package,ubuntu:nagzilla,cross_family_eligibility,NO_AUTHORITATIVE_UPSTREAM_URL,
package,ubuntu:netdiag,cross_family_eligibility,NO_AUTHORITATIVE_UPSTREAM_URL,
package,ubuntu:netfilter-persistent,cross_family_eligibility,NO_AUTHORITATIVE_UPSTREAM_URL,
package,ubuntu:netscript-2.4,cross_family_eligibility,NO_AUTHORITATIVE_UPSTREAM_URL,
package,ubuntu:netscript-ipfilter,cross_family_eligibility,NO_AUTHORITATIVE_UPSTREAM_URL,
package,ubuntu:nvidia-fabricmanager-580,cross_family_eligibility,NO_AUTHORITATIVE_UPSTREAM_URL,
package,ubuntu:nvidia-fabricmanager-595,cross_family_eligibility,NO_AUTHORITATIVE_UPSTREAM_URL,
package,ubuntu:nvidia-imex-580,cross_family_eligibility,NO_AUTHORITATIVE_UPSTREAM_URL,
package,ubuntu:nvidia-imex-595,cross_family_eligibility,NO_AUTHORITATIVE_UPSTREAM_URL,
package,ubuntu:openbsd-inetd,cross_family_eligibility,NO_AUTHORITATIVE_UPSTREAM_URL,
package,ubuntu:pcaputils,cross_family_eligibility,NO_AUTHORITATIVE_UPSTREAM_URL,
package,ubuntu:php-common,cross_family_eligibility,NO_AUTHORITATIVE_UPSTREAM_URL,
package,ubuntu:pk4,cross_family_eligibility,NO_AUTHORITATIVE_UPSTREAM_URL,
package,ubuntu:pkcs11-daemon,cross_family_eligibility,NO_AUTHORITATIVE_UPSTREAM_URL,
package,ubuntu:pommed,cross_family_eligibility,NO_AUTHORITATIVE_UPSTREAM_URL,
package,ubuntu:postgresql-common,cross_family_eligibility,NO_AUTHORITATIVE_UPSTREAM_URL,
package,ubuntu:pppconfig,cross_family_eligibility,NO_AUTHORITATIVE_UPSTREAM_URL,
package,ubuntu:proxsmtp,cross_family_eligibility,NO_AUTHORITATIVE_UPSTREAM_URL,
package,ubuntu:rarpd,cross_family_eligibility,NO_AUTHORITATIVE_UPSTREAM_URL,
package,ubuntu:rbldnsd,cross_family_eligibility,NO_AUTHORITATIVE_UPSTREAM_URL,
package,ubuntu:rng-tools-debian,cross_family_eligibility,NO_AUTHORITATIVE_UPSTREAM_URL,
package,ubuntu:rng-tools5,cross_family_eligibility,NO_AUTHORITATIVE_UPSTREAM_URL,
package,ubuntu:sauce,cross_family_eligibility,NO_AUTHORITATIVE_UPSTREAM_URL,
package,ubuntu:sec,cross_family_eligibility,NO_AUTHORITATIVE_UPSTREAM_URL,
package,ubuntu:secureboot-db,cross_family_eligibility,NO_AUTHORITATIVE_UPSTREAM_URL,
package,ubuntu:setserial,cross_family_eligibility,NO_AUTHORITATIVE_UPSTREAM_URL,
package,ubuntu:snmptrapfmt,cross_family_eligibility,NO_AUTHORITATIVE_UPSTREAM_URL,
package,ubuntu:sreview-master,cross_family_eligibility,NO_AUTHORITATIVE_UPSTREAM_URL,
package,ubuntu:sreview-web,cross_family_eligibility,NO_AUTHORITATIVE_UPSTREAM_URL,
package,ubuntu:ssl-cert,cross_family_eligibility,NO_AUTHORITATIVE_UPSTREAM_URL,
package,ubuntu:systune,cross_family_eligibility,NO_AUTHORITATIVE_UPSTREAM_URL,
package,ubuntu:tcpspy,cross_family_eligibility,NO_AUTHORITATIVE_UPSTREAM_URL,
package,ubuntu:ubiquity,cross_family_eligibility,NO_AUTHORITATIVE_UPSTREAM_URL,
package,ubuntu:ubuntu-drivers-common,cross_family_eligibility,NO_AUTHORITATIVE_UPSTREAM_URL,
package,ubuntu:ubuntu-fan,cross_family_eligibility,NO_AUTHORITATIVE_UPSTREAM_URL,
package,ubuntu:ubuntu-raspi-settings-desktop,cross_family_eligibility,NO_AUTHORITATIVE_UPSTREAM_URL,
package,ubuntu:unattended-upgrades,cross_family_eligibility,NO_AUTHORITATIVE_UPSTREAM_URL,
package,ubuntu:update-notifier-common,cross_family_eligibility,NO_AUTHORITATIVE_UPSTREAM_URL,
package,ubuntu:userv,cross_family_eligibility,NO_AUTHORITATIVE_UPSTREAM_URL,
package,ubuntu:whereami,cross_family_eligibility,NO_AUTHORITATIVE_UPSTREAM_URL,
package,ubuntu:xringd,cross_family_eligibility,NO_AUTHORITATIVE_UPSTREAM_URL,
package,ubuntu:zfs-fuse,cross_family_eligibility,NO_AUTHORITATIVE_UPSTREAM_URL,
package,ubuntu:zram-config,cross_family_eligibility,NO_AUTHORITATIVE_UPSTREAM_URL,
policy_state,https://ceph.com::ceph-crash:ubuntu:E,semantic_evaluation,ANALYZER_FAILURE,Unit ceph-crash.service not found.
policy_state,https://ceph.com::ceph-crash:ubuntu:P,semantic_evaluation,ANALYZER_FAILURE,Unit ceph-crash.service not found.
policy_state,https://ceph.com::ceph-mon:ubuntu:E,semantic_evaluation,ANALYZER_FAILURE,Unit ceph-mon.service not found.
policy_state,https://ceph.com::ceph-mon:ubuntu:P,semantic_evaluation,ANALYZER_FAILURE,Unit ceph-mon.service not found.
policy_state,https://ceph.com::rbdmap:ubuntu:E,semantic_evaluation,ANALYZER_FAILURE,Unit rbdmap.service not found.
policy_state,https://ceph.com::rbdmap:ubuntu:P,semantic_evaluation,ANALYZER_FAILURE,Unit rbdmap.service not found.
policy_state,https://github.com/GoogleCloudPlatform/guest-agent::google_guest_agent:ubuntu:E,semantic_evaluation,ANALYZER_FAILURE,Unit google-guest-agent.service not found.
policy_state,https://github.com/GoogleCloudPlatform/guest-agent::google_guest_agent:ubuntu:P,semantic_evaluation,ANALYZER_FAILURE,Unit google-guest-agent.service not found.
policy_state,https://github.com/GoogleCloudPlatform/guest-agent::true:ubuntu:E,semantic_evaluation,ANALYZER_FAILURE,Unit google-shutdown-scripts.service not found.
policy_state,https://github.com/GoogleCloudPlatform/guest-agent::true:ubuntu:P,semantic_evaluation,ANALYZER_FAILURE,Unit google-shutdown-scripts.service not found.
policy_state,https://github.com/GoogleCloudPlatform/guest-agent::upstream-unit::google-guest-agent.service:ubuntu:E,semantic_evaluation,ANALYZER_FAILURE,Unit google-guest-agent.service not found.
policy_state,https://github.com/GoogleCloudPlatform/guest-agent::upstream-unit::google-guest-agent.service:ubuntu:P,semantic_evaluation,ANALYZER_FAILURE,Unit google-guest-agent.service not found.
policy_state,https://github.com/GoogleCloudPlatform/osconfig::google_osconfig_agent:ubuntu:E,semantic_evaluation,ANALYZER_FAILURE,Unit google-osconfig-agent.service not found.
policy_state,https://github.com/GoogleCloudPlatform/osconfig::google_osconfig_agent:ubuntu:P,semantic_evaluation,ANALYZER_FAILURE,Unit google-osconfig-agent.service not found.
policy_state,https://github.com/adnanh/webhook::webhook:ubuntu:E,semantic_evaluation,ANALYZER_FAILURE,Unit webhook.service not found.
policy_state,https://github.com/adnanh/webhook::webhook:ubuntu:P,semantic_evaluation,ANALYZER_FAILURE,Unit webhook.service not found.
policy_state,https://github.com/open-iscsi/rtslib-fb::upstream-unit::systemd/target.service:ubuntu:E,semantic_evaluation,ANALYZER_FAILURE,Unit target.service not found.
policy_state,https://github.com/open-iscsi/rtslib-fb::upstream-unit::systemd/target.service:ubuntu:P,semantic_evaluation,ANALYZER_FAILURE,Unit target.service not found.
policy_state,https://github.com/snapcore/snapd::snap-bootstrap:ubuntu:E,semantic_evaluation,ANALYZER_FAILURE,Unit snapd.recovery-chooser-trigger.service not found.
policy_state,https://github.com/snapcore/snapd::snap-bootstrap:ubuntu:P,semantic_evaluation,ANALYZER_FAILURE,Unit snapd.recovery-chooser-trigger.service not found.
policy_state,https://github.com/snapcore/snapd::snapd-apparmor:ubuntu:E,semantic_evaluation,ANALYZER_FAILURE,Unit snapd.apparmor.service not found.
policy_state,https://github.com/snapcore/snapd::snapd-apparmor:ubuntu:P,semantic_evaluation,ANALYZER_FAILURE,Unit snapd.apparmor.service not found.
policy_state,https://github.com/snapcore/snapd::snapd:ubuntu:E,semantic_evaluation,ANALYZER_FAILURE,Unit snapd.service not found.
policy_state,https://github.com/snapcore/snapd::snapd:ubuntu:P,semantic_evaluation,ANALYZER_FAILURE,Unit snapd.service not found.
policy_state,https://www.svxlink.org::svxlink_gpio_up:ubuntu:E,semantic_evaluation,ANALYZER_FAILURE,Unit svxlink_gpio_setup.service not found.
policy_state,https://www.svxlink.org::svxlink_gpio_up:ubuntu:P,semantic_evaluation,ANALYZER_FAILURE,Unit svxlink_gpio_setup.service not found.
service_lineage,arch:https://bird.network.cz::bird,tier_a_matching,SERVICE_LINEAGE_AMBIGUOUS,candidate_count=1
service_lineage,arch:https://boinc.berkeley.edu::boinc,tier_a_matching,SERVICE_LINEAGE_AMBIGUOUS,candidate_count=2
service_lineage,arch:https://chrony-project.org::chronyd,tier_a_matching,SERVICE_LINEAGE_AMBIGUOUS,candidate_count=1
service_lineage,arch:https://cloud-init.io::sh,tier_a_matching,SERVICE_LINEAGE_AMBIGUOUS,candidate_count=2
service_lineage,arch:https://cloud-init.io::sh,tier_a_matching,SERVICE_LINEAGE_AMBIGUOUS,candidate_count=4
service_lineage,arch:https://cockpit-project.org::true,tier_a_matching,SERVICE_LINEAGE_AMBIGUOUS,candidate_count=2
service_lineage,arch:https://containerd.io::containerd,tier_a_matching,SERVICE_LINEAGE_AMBIGUOUS,candidate_count=1
service_lineage,arch:https://dovecot.org::dovecot,tier_a_matching,SERVICE_LINEAGE_AMBIGUOUS,candidate_count=2
service_lineage,arch:https://e2fsprogs.sourceforge.net::e2scrub_all,tier_a_matching,SERVICE_LINEAGE_AMBIGUOUS,candidate_count=2
service_lineage,arch:https://github.com/caddyserver/caddy::caddy,tier_a_matching,SERVICE_LINEAGE_AMBIGUOUS,candidate_count=2
service_lineage,arch:https://github.com/christgau/wsdd::wsdd,tier_a_matching,SERVICE_LINEAGE_AMBIGUOUS,candidate_count=2
service_lineage,arch:https://github.com/containers/netavark::netavark,tier_a_matching,SERVICE_LINEAGE_AMBIGUOUS,candidate_count=3
service_lineage,arch:https://github.com/cri-o/cri-o::crio,tier_a_matching,SERVICE_LINEAGE_AMBIGUOUS,candidate_count=2
service_lineage,arch:https://github.com/jirka-h/haveged::haveged,tier_a_matching,SERVICE_LINEAGE_AMBIGUOUS,candidate_count=2
service_lineage,arch:https://github.com/kitsunyan/intel-undervolt::intel-undervolt,tier_a_matching,SERVICE_LINEAGE_AMBIGUOUS,candidate_count=2
service_lineage,arch:https://github.com/linux-nvme/nvme-cli::nvme,tier_a_matching,SERVICE_LINEAGE_AMBIGUOUS,candidate_count=2
service_lineage,arch:https://github.com/rpm-software-management/dnf5::dnf5,tier_a_matching,SERVICE_LINEAGE_AMBIGUOUS,candidate_count=3
service_lineage,arch:https://github.com/yggdrasil-network/yggdrasil-go::yggdrasil,tier_a_matching,SERVICE_LINEAGE_AMBIGUOUS,candidate_count=2
service_lineage,arch:https://gitlab.archlinux.org/archlinux/netctl::netctl,tier_a_matching,SERVICE_LINEAGE_AMBIGUOUS,candidate_count=2
service_lineage,arch:https://libvirt.org::libvirt-guests.sh,tier_a_matching,SERVICE_LINEAGE_AMBIGUOUS,candidate_count=1
service_lineage,arch:https://linuxcontainers.org/incus::incusd,tier_a_matching,SERVICE_LINEAGE_AMBIGUOUS,candidate_count=1
service_lineage,arch:https://mariadb.org::mariadbd,tier_a_matching,SERVICE_LINEAGE_AMBIGUOUS,candidate_count=2
service_lineage,arch:https://networkmanager.dev::NetworkManager,tier_a_matching,SERVICE_LINEAGE_AMBIGUOUS,candidate_count=2
service_lineage,arch:https://networkmanager.dev::nm-online,tier_a_matching,SERVICE_LINEAGE_AMBIGUOUS,candidate_count=2
service_lineage,arch:https://networkupstools.org::nut-driver-enumerator.sh,tier_a_matching,SERVICE_LINEAGE_AMBIGUOUS,candidate_count=2
service_lineage,arch:https://nginx.org::nginx,tier_a_matching,SERVICE_LINEAGE_AMBIGUOUS,candidate_count=2
service_lineage,arch:https://ostreedev.github.io/ostree::ostree,tier_a_matching,SERVICE_LINEAGE_AMBIGUOUS,candidate_count=2
service_lineage,arch:https://pcp.io::pmlogger_daily,tier_a_matching,SERVICE_LINEAGE_AMBIGUOUS,candidate_count=3
service_lineage,arch:https://snapper.io::systemd-helper,tier_a_matching,SERVICE_LINEAGE_AMBIGUOUS,candidate_count=2
service_lineage,arch:https://sourceware.org/lvm2::lvm,tier_a_matching,SERVICE_LINEAGE_AMBIGUOUS,candidate_count=1
service_lineage,arch:https://sysstat.github.io::sa1,tier_a_matching,SERVICE_LINEAGE_AMBIGUOUS,candidate_count=3
service_lineage,arch:https://www.alsa-project.org::alsactl,tier_a_matching,SERVICE_LINEAGE_AMBIGUOUS,candidate_count=2
service_lineage,arch:https://www.clamav.net::freshclam,tier_a_matching,SERVICE_LINEAGE_AMBIGUOUS,candidate_count=2
service_lineage,arch:https://www.freedesktop.org/wiki/Software/Plymouth::plymouth,tier_a_matching,SERVICE_LINEAGE_AMBIGUOUS,candidate_count=5
service_lineage,arch:https://www.freedesktop.org/wiki/Software/Plymouth::plymouthd,tier_a_matching,SERVICE_LINEAGE_AMBIGUOUS,candidate_count=5
service_lineage,arch:https://www.isc.org/dhcp::dhcpd,tier_a_matching,SERVICE_LINEAGE_AMBIGUOUS,candidate_count=2
service_lineage,arch:https://www.lighttpd.net::lighttpd,tier_a_matching,SERVICE_LINEAGE_AMBIGUOUS,candidate_count=1
service_lineage,arch:https://www.list.org::mailman,tier_a_matching,SERVICE_LINEAGE_AMBIGUOUS,candidate_count=4
service_lineage,arch:https://www.nvidia.com::nvidia-persistenced,tier_a_matching,SERVICE_LINEAGE_AMBIGUOUS,candidate_count=1
service_lineage,arch:https://www.nvidia.com::nvidia-powerd,tier_a_matching,SERVICE_LINEAGE_AMBIGUOUS,candidate_count=1
service_lineage,arch:https://www.nvidia.com::nvidia-sleep.sh,tier_a_matching,SERVICE_LINEAGE_AMBIGUOUS,candidate_count=4
service_lineage,arch:https://www.postgresql.org::postgres,tier_a_matching,SERVICE_LINEAGE_AMBIGUOUS,candidate_count=1
service_lineage,arch:https://www.privoxy.org::privoxy,tier_a_matching,SERVICE_LINEAGE_AMBIGUOUS,candidate_count=1
service_lineage,arch:https://www.qemu.org::qemu-ga,tier_a_matching,SERVICE_LINEAGE_AMBIGUOUS,candidate_count=1
service_lineage,arch:https://www.qemu.org::qemu-vmsr-helper,tier_a_matching,SERVICE_LINEAGE_AMBIGUOUS,candidate_count=1
service_lineage,arch:https://www.qemu.org::upstream-unit::contrib/systemd/qemu-vmsr-helper.service,tier_a_matching,SERVICE_LINEAGE_AMBIGUOUS,candidate_count=1
service_lineage,arch:https://www.squid-cache.org::squid,tier_a_matching,SERVICE_LINEAGE_AMBIGUOUS,candidate_count=2
service_lineage,arch:https://www.xpra.org::xpra,tier_a_matching,SERVICE_LINEAGE_AMBIGUOUS,candidate_count=2
service_lineage,debian:https://bird.network.cz::bird,tier_a_matching,SERVICE_LINEAGE_AMBIGUOUS,candidate_count=2
service_lineage,debian:https://boinc.berkeley.edu::boinc,tier_a_matching,SERVICE_LINEAGE_AMBIGUOUS,candidate_count=1
service_lineage,debian:https://chrony-project.org::chronyd,tier_a_matching,SERVICE_LINEAGE_AMBIGUOUS,candidate_count=2
service_lineage,debian:https://cockpit-project.org::true,tier_a_matching,SERVICE_LINEAGE_AMBIGUOUS,candidate_count=2
service_lineage,debian:https://containerd.io::containerd,tier_a_matching,SERVICE_LINEAGE_AMBIGUOUS,candidate_count=1
service_lineage,debian:https://dovecot.org::dovecot,tier_a_matching,SERVICE_LINEAGE_AMBIGUOUS,candidate_count=1
service_lineage,debian:https://e2fsprogs.sourceforge.net::e2scrub_all,tier_a_matching,SERVICE_LINEAGE_AMBIGUOUS,candidate_count=2
service_lineage,debian:https://github.com/caddyserver/caddy::caddy,tier_a_matching,SERVICE_LINEAGE_AMBIGUOUS,candidate_count=2
service_lineage,debian:https://github.com/containers/netavark::netavark,tier_a_matching,SERVICE_LINEAGE_AMBIGUOUS,candidate_count=2
service_lineage,debian:https://github.com/gridcf/gct::sh,tier_a_matching,SERVICE_LINEAGE_AMBIGUOUS,candidate_count=2
service_lineage,debian:https://github.com/linux-msm/rmtfs::rmtfs,tier_a_matching,SERVICE_LINEAGE_AMBIGUOUS,candidate_count=1
service_lineage,debian:https://github.com/linux-nvme/nvme-cli::nvme,tier_a_matching,SERVICE_LINEAGE_AMBIGUOUS,candidate_count=2
service_lineage,debian:https://github.com/prometheus/alertmanager::prometheus-alertmanager,tier_a_matching,SERVICE_LINEAGE_AMBIGUOUS,candidate_count=1
service_lineage,debian:https://github.com/snapcore/snapd::snap,tier_a_matching,SERVICE_LINEAGE_AMBIGUOUS,candidate_count=1
service_lineage,debian:https://github.com/yggdrasil-network/yggdrasil-go::yggdrasil,tier_a_matching,SERVICE_LINEAGE_AMBIGUOUS,candidate_count=1
service_lineage,debian:https://libvirt.org::libvirt-guests.sh,tier_a_matching,SERVICE_LINEAGE_AMBIGUOUS,candidate_count=1
service_lineage,debian:https://linuxcontainers.org/incus::incusd,tier_a_matching,SERVICE_LINEAGE_AMBIGUOUS,candidate_count=1
service_lineage,debian:https://mariadb.org::mariadbd,tier_a_matching,SERVICE_LINEAGE_AMBIGUOUS,candidate_count=1
service_lineage,debian:https://networkmanager.dev::NetworkManager,tier_a_matching,SERVICE_LINEAGE_AMBIGUOUS,candidate_count=1
service_lineage,debian:https://networkmanager.dev::nm-online,tier_a_matching,SERVICE_LINEAGE_AMBIGUOUS,candidate_count=1
service_lineage,debian:https://networkupstools.org::nut-driver-enumerator.sh,tier_a_matching,SERVICE_LINEAGE_AMBIGUOUS,candidate_count=1
service_lineage,debian:https://openvswitch.org::ovn-ctl,tier_a_matching,SERVICE_LINEAGE_AMBIGUOUS,candidate_count=8
service_lineage,debian:https://openvswitch.org::ovs-ctl,tier_a_matching,SERVICE_LINEAGE_AMBIGUOUS,candidate_count=4
service_lineage,debian:https://openvswitch.org::true,tier_a_matching,SERVICE_LINEAGE_AMBIGUOUS,candidate_count=4
service_lineage,debian:https://pcp.io::pmlogger_daily,tier_a_matching,SERVICE_LINEAGE_AMBIGUOUS,candidate_count=1
service_lineage,debian:https://snapper.io::systemd-helper,tier_a_matching,SERVICE_LINEAGE_AMBIGUOUS,candidate_count=2
service_lineage,debian:https://sourceware.org/lvm2::lvm,tier_a_matching,SERVICE_LINEAGE_AMBIGUOUS,candidate_count=2
service_lineage,debian:https://sysstat.github.io::sa1,tier_a_matching,SERVICE_LINEAGE_AMBIGUOUS,candidate_count=3
service_lineage,debian:https://systemd.io::bash,tier_a_matching,SERVICE_LINEAGE_AMBIGUOUS,candidate_count=1
service_lineage,debian:https://systemd.io::bootctl,tier_a_matching,SERVICE_LINEAGE_AMBIGUOUS,candidate_count=2
service_lineage,debian:https://systemd.io::journalctl,tier_a_matching,SERVICE_LINEAGE_AMBIGUOUS,candidate_count=2
service_lineage,debian:https://systemd.io::systemctl,tier_a_matching,SERVICE_LINEAGE_AMBIGUOUS,candidate_count=2
service_lineage,debian:https://systemd.io::systemctl,tier_a_matching,SERVICE_LINEAGE_AMBIGUOUS,candidate_count=4
service_lineage,debian:https://systemd.io::systemd-confext,tier_a_matching,SERVICE_LINEAGE_AMBIGUOUS,candidate_count=1
service_lineage,debian:https://systemd.io::systemd-hibernate-resume,tier_a_matching,SERVICE_LINEAGE_AMBIGUOUS,candidate_count=2
service_lineage,debian:https://systemd.io::systemd-network-generator,tier_a_matching,SERVICE_LINEAGE_AMBIGUOUS,candidate_count=1
service_lineage,debian:https://systemd.io::systemd-pcrextend,tier_a_matching,SERVICE_LINEAGE_AMBIGUOUS,candidate_count=5
service_lineage,debian:https://systemd.io::systemd-pcrlock,tier_a_matching,SERVICE_LINEAGE_AMBIGUOUS,candidate_count=7
service_lineage,debian:https://systemd.io::systemd-sleep,tier_a_matching,SERVICE_LINEAGE_AMBIGUOUS,candidate_count=4
service_lineage,debian:https://systemd.io::systemd-sulogin-shell,tier_a_matching,SERVICE_LINEAGE_AMBIGUOUS,candidate_count=2
service_lineage,debian:https://systemd.io::systemd-sysext,tier_a_matching,SERVICE_LINEAGE_AMBIGUOUS,candidate_count=1
service_lineage,debian:https://systemd.io::systemd-sysupdate,tier_a_matching,SERVICE_LINEAGE_AMBIGUOUS,candidate_count=2
service_lineage,debian:https://systemd.io::systemd-tmpfiles,tier_a_matching,SERVICE_LINEAGE_AMBIGUOUS,candidate_count=4
service_lineage,debian:https://systemd.io::systemd-tpm2-setup,tier_a_matching,SERVICE_LINEAGE_AMBIGUOUS,candidate_count=2
service_lineage,debian:https://systemd.io::systemd-tty-ask-password-agent,tier_a_matching,SERVICE_LINEAGE_AMBIGUOUS,candidate_count=2
service_lineage,debian:https://systemd.io::udevadm,tier_a_matching,SERVICE_LINEAGE_AMBIGUOUS,candidate_count=4
service_lineage,debian:https://www.alsa-project.org::alsactl,tier_a_matching,SERVICE_LINEAGE_AMBIGUOUS,candidate_count=2
service_lineage,debian:https://www.clamav.net::freshclam,tier_a_matching,SERVICE_LINEAGE_AMBIGUOUS,candidate_count=2
service_lineage,debian:https://www.exim.org::exim4,tier_a_matching,SERVICE_LINEAGE_AMBIGUOUS,candidate_count=2
service_lineage,debian:https://www.freedesktop.org/wiki/Software/Plymouth::plymouth,tier_a_matching,SERVICE_LINEAGE_AMBIGUOUS,candidate_count=5
service_lineage,debian:https://www.freedesktop.org/wiki/Software/Plymouth::plymouthd,tier_a_matching,SERVICE_LINEAGE_AMBIGUOUS,candidate_count=5
service_lineage,debian:https://www.gnu.org/software/grub::grub-editenv,tier_a_matching,SERVICE_LINEAGE_AMBIGUOUS,candidate_count=1
service_lineage,debian:https://www.isc.org/downloads/bind::named,tier_a_matching,SERVICE_LINEAGE_AMBIGUOUS,candidate_count=1
service_lineage,debian:https://www.lighttpd.net::lighttpd,tier_a_matching,SERVICE_LINEAGE_AMBIGUOUS,candidate_count=1
service_lineage,debian:https://www.lighttpd.net::lighttpd,tier_a_matching,SERVICE_LINEAGE_AMBIGUOUS,candidate_count=2
service_lineage,debian:https://www.ntpsec.org::ntpviz,tier_a_matching,SERVICE_LINEAGE_AMBIGUOUS,candidate_count=2
service_lineage,debian:https://www.privoxy.org::privoxy,tier_a_matching,SERVICE_LINEAGE_AMBIGUOUS,candidate_count=2
service_lineage,debian:https://www.qemu.org::qemu-ga,tier_a_matching,SERVICE_LINEAGE_AMBIGUOUS,candidate_count=1
service_lineage,debian:https://www.qemu.org::qemu-vmsr-helper,tier_a_matching,SERVICE_LINEAGE_AMBIGUOUS,candidate_count=1
service_lineage,debian:https://www.qemu.org::upstream-unit::contrib/systemd/qemu-vmsr-helper.service,tier_a_matching,SERVICE_LINEAGE_AMBIGUOUS,candidate_count=1
service_lineage,debian:https://www.sendmail.org::sendmail,tier_a_matching,SERVICE_LINEAGE_AMBIGUOUS,candidate_count=1
service_lineage,debian:https://www.squid-cache.org::squid,tier_a_matching,SERVICE_LINEAGE_AMBIGUOUS,candidate_count=1
service_lineage,fedora:https://boinc.berkeley.edu::boinc,tier_a_matching,SERVICE_LINEAGE_AMBIGUOUS,candidate_count=1
service_lineage,fedora:https://chrony-project.org::chronyd,tier_a_matching,SERVICE_LINEAGE_AMBIGUOUS,candidate_count=2
service_lineage,fedora:https://cockpit-project.org::true,tier_a_matching,SERVICE_LINEAGE_AMBIGUOUS,candidate_count=2
service_lineage,fedora:https://e2fsprogs.sourceforge.net::e2scrub_all,tier_a_matching,SERVICE_LINEAGE_AMBIGUOUS,candidate_count=2
service_lineage,fedora:https://github.com/ClusterLabs/pcs::pcsd,tier_a_matching,SERVICE_LINEAGE_AMBIGUOUS,candidate_count=2
service_lineage,fedora:https://github.com/FoobarOy/foomuuri::foomuuri,tier_a_matching,SERVICE_LINEAGE_AMBIGUOUS,candidate_count=4
service_lineage,fedora:https://github.com/christgau/wsdd::wsdd,tier_a_matching,SERVICE_LINEAGE_AMBIGUOUS,candidate_count=1
service_lineage,fedora:https://github.com/containers/netavark::netavark,tier_a_matching,SERVICE_LINEAGE_AMBIGUOUS,candidate_count=3
service_lineage,fedora:https://github.com/cri-o/cri-o::crio,tier_a_matching,SERVICE_LINEAGE_AMBIGUOUS,candidate_count=10
service_lineage,fedora:https://github.com/gridcf/gct::sh,tier_a_matching,SERVICE_LINEAGE_AMBIGUOUS,candidate_count=2
service_lineage,fedora:https://github.com/jirka-h/haveged::haveged,tier_a_matching,SERVICE_LINEAGE_AMBIGUOUS,candidate_count=3
service_lineage,fedora:https://github.com/kitsunyan/intel-undervolt::intel-undervolt,tier_a_matching,SERVICE_LINEAGE_AMBIGUOUS,candidate_count=2
service_lineage,fedora:https://github.com/linux-msm/rmtfs::rmtfs,tier_a_matching,SERVICE_LINEAGE_AMBIGUOUS,candidate_count=2
service_lineage,fedora:https://github.com/linux-nvme/nvme-cli::nvme,tier_a_matching,SERVICE_LINEAGE_AMBIGUOUS,candidate_count=2
service_lineage,fedora:https://github.com/linux-nvme/nvme-stas::python3,tier_a_matching,SERVICE_LINEAGE_AMBIGUOUS,candidate_count=2
service_lineage,fedora:https://github.com/open-iscsi/rtslib-fb::targetctl,tier_a_matching,SERVICE_LINEAGE_AMBIGUOUS,candidate_count=1
service_lineage,fedora:https://github.com/prometheus/alertmanager::prometheus-alertmanager,tier_a_matching,SERVICE_LINEAGE_AMBIGUOUS,candidate_count=2
service_lineage,fedora:https://github.com/rfmoz/tuptime::tuptime,tier_a_matching,SERVICE_LINEAGE_AMBIGUOUS,candidate_count=2
service_lineage,fedora:https://github.com/rpm-software-management/dnf5::dnf5,tier_a_matching,SERVICE_LINEAGE_AMBIGUOUS,candidate_count=3
service_lineage,fedora:https://github.com/snapcore/snapd::snap,tier_a_matching,SERVICE_LINEAGE_AMBIGUOUS,candidate_count=1
service_lineage,fedora:https://libvirt.org::libvirt-guests.sh,tier_a_matching,SERVICE_LINEAGE_AMBIGUOUS,candidate_count=1
service_lineage,fedora:https://linuxcontainers.org/incus::incusd,tier_a_matching,SERVICE_LINEAGE_AMBIGUOUS,candidate_count=2
service_lineage,fedora:https://mariadb.org::mariadbd,tier_a_matching,SERVICE_LINEAGE_AMBIGUOUS,candidate_count=3
service_lineage,fedora:https://networkmanager.dev::NetworkManager,tier_a_matching,SERVICE_LINEAGE_AMBIGUOUS,candidate_count=1
service_lineage,fedora:https://networkmanager.dev::nm-online,tier_a_matching,SERVICE_LINEAGE_AMBIGUOUS,candidate_count=1
service_lineage,fedora:https://nginx.org::nginx,tier_a_matching,SERVICE_LINEAGE_AMBIGUOUS,candidate_count=1
service_lineage,fedora:https://ostreedev.github.io/ostree::ostree,tier_a_matching,SERVICE_LINEAGE_AMBIGUOUS,candidate_count=2
service_lineage,fedora:https://pcp.io::pmlogger_daily,tier_a_matching,SERVICE_LINEAGE_AMBIGUOUS,candidate_count=3
service_lineage,fedora:https://snapper.io::systemd-helper,tier_a_matching,SERVICE_LINEAGE_AMBIGUOUS,candidate_count=2
service_lineage,fedora:https://sourceware.org/lvm2::lvm,tier_a_matching,SERVICE_LINEAGE_AMBIGUOUS,candidate_count=2
service_lineage,fedora:https://sysstat.github.io::sa1,tier_a_matching,SERVICE_LINEAGE_AMBIGUOUS,candidate_count=3
service_lineage,fedora:https://systemd.io::bootctl,tier_a_matching,SERVICE_LINEAGE_AMBIGUOUS,candidate_count=3
service_lineage,fedora:https://systemd.io::journalctl,tier_a_matching,SERVICE_LINEAGE_AMBIGUOUS,candidate_count=2
service_lineage,fedora:https://systemd.io::systemctl,tier_a_matching,SERVICE_LINEAGE_AMBIGUOUS,candidate_count=2
service_lineage,fedora:https://systemd.io::systemd-confext,tier_a_matching,SERVICE_LINEAGE_AMBIGUOUS,candidate_count=2
service_lineage,fedora:https://systemd.io::systemd-factory-reset,tier_a_matching,SERVICE_LINEAGE_AMBIGUOUS,candidate_count=2
service_lineage,fedora:https://systemd.io::systemd-hibernate-resume,tier_a_matching,SERVICE_LINEAGE_AMBIGUOUS,candidate_count=2
service_lineage,fedora:https://systemd.io::systemd-network-generator,tier_a_matching,SERVICE_LINEAGE_AMBIGUOUS,candidate_count=2
service_lineage,fedora:https://systemd.io::systemd-pcrextend,tier_a_matching,SERVICE_LINEAGE_AMBIGUOUS,candidate_count=9
service_lineage,fedora:https://systemd.io::systemd-pcrlock,tier_a_matching,SERVICE_LINEAGE_AMBIGUOUS,candidate_count=7
service_lineage,fedora:https://systemd.io::systemd-sleep,tier_a_matching,SERVICE_LINEAGE_AMBIGUOUS,candidate_count=4
service_lineage,fedora:https://systemd.io::systemd-sulogin-shell,tier_a_matching,SERVICE_LINEAGE_AMBIGUOUS,candidate_count=2
service_lineage,fedora:https://systemd.io::systemd-sysext,tier_a_matching,SERVICE_LINEAGE_AMBIGUOUS,candidate_count=2
service_lineage,fedora:https://systemd.io::systemd-sysupdate,tier_a_matching,SERVICE_LINEAGE_AMBIGUOUS,candidate_count=2
service_lineage,fedora:https://systemd.io::systemd-tmpfiles,tier_a_matching,SERVICE_LINEAGE_AMBIGUOUS,candidate_count=4
service_lineage,fedora:https://systemd.io::systemd-tpm2-setup,tier_a_matching,SERVICE_LINEAGE_AMBIGUOUS,candidate_count=2
service_lineage,fedora:https://systemd.io::systemd-tty-ask-password-agent,tier_a_matching,SERVICE_LINEAGE_AMBIGUOUS,candidate_count=2
service_lineage,fedora:https://systemd.io::udevadm,tier_a_matching,SERVICE_LINEAGE_AMBIGUOUS,candidate_count=4
service_lineage,fedora:https://www.alsa-project.org::alsactl,tier_a_matching,SERVICE_LINEAGE_AMBIGUOUS,candidate_count=2
service_lineage,fedora:https://www.clamav.net::freshclam,tier_a_matching,SERVICE_LINEAGE_AMBIGUOUS,candidate_count=2
service_lineage,fedora:https://www.freedesktop.org/wiki/Software/Plymouth::plymouth,tier_a_matching,SERVICE_LINEAGE_AMBIGUOUS,candidate_count=5
service_lineage,fedora:https://www.freedesktop.org/wiki/Software/Plymouth::plymouthd,tier_a_matching,SERVICE_LINEAGE_AMBIGUOUS,candidate_count=5
service_lineage,fedora:https://www.isc.org/dhcp::dhcpd,tier_a_matching,SERVICE_LINEAGE_AMBIGUOUS,candidate_count=2
service_lineage,fedora:https://www.isc.org/downloads/bind::named,tier_a_matching,SERVICE_LINEAGE_AMBIGUOUS,candidate_count=4
service_lineage,fedora:https://www.lighttpd.net::lighttpd,tier_a_matching,SERVICE_LINEAGE_AMBIGUOUS,candidate_count=1
service_lineage,fedora:https://www.nordugrid.org::sh,tier_a_matching,SERVICE_LINEAGE_AMBIGUOUS,candidate_count=2
service_lineage,fedora:https://www.ntpsec.org::ntpviz,tier_a_matching,SERVICE_LINEAGE_AMBIGUOUS,candidate_count=2
service_lineage,fedora:https://www.postgresql.org::postgres,tier_a_matching,SERVICE_LINEAGE_AMBIGUOUS,candidate_count=3
service_lineage,fedora:https://www.privoxy.org::privoxy,tier_a_matching,SERVICE_LINEAGE_AMBIGUOUS,candidate_count=1
service_lineage,fedora:https://www.qemu.org::qemu-ga,tier_a_matching,SERVICE_LINEAGE_AMBIGUOUS,candidate_count=1
service_lineage,fedora:https://www.qemu.org::qemu-vmsr-helper,tier_a_matching,SERVICE_LINEAGE_AMBIGUOUS,candidate_count=1
service_lineage,fedora:https://www.qemu.org::upstream-unit::contrib/systemd/qemu-vmsr-helper.service,tier_a_matching,SERVICE_LINEAGE_AMBIGUOUS,candidate_count=1
service_lineage,fedora:https://www.sendmail.org::sendmail,tier_a_matching,SERVICE_LINEAGE_AMBIGUOUS,candidate_count=2
service_lineage,fedora:https://www.squid-cache.org::squid,tier_a_matching,SERVICE_LINEAGE_AMBIGUOUS,candidate_count=1
service_lineage,fedora:https://www.xpra.org::xpra,tier_a_matching,SERVICE_LINEAGE_AMBIGUOUS,candidate_count=2
service_lineage,ubuntu:https://bird.network.cz::bird,tier_a_matching,SERVICE_LINEAGE_AMBIGUOUS,candidate_count=2
service_lineage,ubuntu:https://boinc.berkeley.edu::boinc,tier_a_matching,SERVICE_LINEAGE_AMBIGUOUS,candidate_count=1
service_lineage,ubuntu:https://cloud-init.io::sh,tier_a_matching,SERVICE_LINEAGE_AMBIGUOUS,candidate_count=2
service_lineage,ubuntu:https://cloud-init.io::sh,tier_a_matching,SERVICE_LINEAGE_AMBIGUOUS,candidate_count=4
service_lineage,ubuntu:https://cockpit-project.org::true,tier_a_matching,SERVICE_LINEAGE_AMBIGUOUS,candidate_count=2
service_lineage,ubuntu:https://containerd.io::containerd,tier_a_matching,SERVICE_LINEAGE_AMBIGUOUS,candidate_count=2
service_lineage,ubuntu:https://dovecot.org::dovecot,tier_a_matching,SERVICE_LINEAGE_AMBIGUOUS,candidate_count=1
service_lineage,ubuntu:https://e2fsprogs.sourceforge.net::e2scrub_all,tier_a_matching,SERVICE_LINEAGE_AMBIGUOUS,candidate_count=2
service_lineage,ubuntu:https://github.com/ClusterLabs/pcs::pcsd,tier_a_matching,SERVICE_LINEAGE_AMBIGUOUS,candidate_count=2
service_lineage,ubuntu:https://github.com/FoobarOy/foomuuri::foomuuri,tier_a_matching,SERVICE_LINEAGE_AMBIGUOUS,candidate_count=4
service_lineage,ubuntu:https://github.com/caddyserver/caddy::caddy,tier_a_matching,SERVICE_LINEAGE_AMBIGUOUS,candidate_count=2
service_lineage,ubuntu:https://github.com/christgau/wsdd::wsdd,tier_a_matching,SERVICE_LINEAGE_AMBIGUOUS,candidate_count=1
service_lineage,ubuntu:https://github.com/containers/netavark::netavark,tier_a_matching,SERVICE_LINEAGE_AMBIGUOUS,candidate_count=2
service_lineage,ubuntu:https://github.com/gridcf/gct::sh,tier_a_matching,SERVICE_LINEAGE_AMBIGUOUS,candidate_count=2
service_lineage,ubuntu:https://github.com/linux-msm/rmtfs::rmtfs,tier_a_matching,SERVICE_LINEAGE_AMBIGUOUS,candidate_count=2
service_lineage,ubuntu:https://github.com/linux-nvme/nvme-cli::nvme,tier_a_matching,SERVICE_LINEAGE_AMBIGUOUS,candidate_count=2
service_lineage,ubuntu:https://github.com/linux-nvme/nvme-stas::python3,tier_a_matching,SERVICE_LINEAGE_AMBIGUOUS,candidate_count=2
service_lineage,ubuntu:https://github.com/open-iscsi/rtslib-fb::targetctl,tier_a_matching,SERVICE_LINEAGE_AMBIGUOUS,candidate_count=2
service_lineage,ubuntu:https://github.com/prometheus/alertmanager::prometheus-alertmanager,tier_a_matching,SERVICE_LINEAGE_AMBIGUOUS,candidate_count=1
service_lineage,ubuntu:https://github.com/rfmoz/tuptime::tuptime,tier_a_matching,SERVICE_LINEAGE_AMBIGUOUS,candidate_count=2
service_lineage,ubuntu:https://github.com/rpm-software-management/dnf5::dnf5,tier_a_matching,SERVICE_LINEAGE_AMBIGUOUS,candidate_count=3
service_lineage,ubuntu:https://github.com/snapcore/snapd::snap,tier_a_matching,SERVICE_LINEAGE_AMBIGUOUS,candidate_count=2
service_lineage,ubuntu:https://github.com/yggdrasil-network/yggdrasil-go::yggdrasil,tier_a_matching,SERVICE_LINEAGE_AMBIGUOUS,candidate_count=1
service_lineage,ubuntu:https://gitlab.archlinux.org/archlinux/netctl::netctl,tier_a_matching,SERVICE_LINEAGE_AMBIGUOUS,candidate_count=2
service_lineage,ubuntu:https://libvirt.org::libvirt-guests.sh,tier_a_matching,SERVICE_LINEAGE_AMBIGUOUS,candidate_count=2
service_lineage,ubuntu:https://linuxcontainers.org/incus::incusd,tier_a_matching,SERVICE_LINEAGE_AMBIGUOUS,candidate_count=1
service_lineage,ubuntu:https://mariadb.org::mariadbd,tier_a_matching,SERVICE_LINEAGE_AMBIGUOUS,candidate_count=1
service_lineage,ubuntu:https://networkmanager.dev::NetworkManager,tier_a_matching,SERVICE_LINEAGE_AMBIGUOUS,candidate_count=1
service_lineage,ubuntu:https://networkmanager.dev::nm-online,tier_a_matching,SERVICE_LINEAGE_AMBIGUOUS,candidate_count=1
service_lineage,ubuntu:https://networkupstools.org::nut-driver-enumerator.sh,tier_a_matching,SERVICE_LINEAGE_AMBIGUOUS,candidate_count=2
service_lineage,ubuntu:https://nginx.org::nginx,tier_a_matching,SERVICE_LINEAGE_AMBIGUOUS,candidate_count=1
service_lineage,ubuntu:https://openvswitch.org::ovn-ctl,tier_a_matching,SERVICE_LINEAGE_AMBIGUOUS,candidate_count=10
service_lineage,ubuntu:https://openvswitch.org::ovs-ctl,tier_a_matching,SERVICE_LINEAGE_AMBIGUOUS,candidate_count=4
service_lineage,ubuntu:https://openvswitch.org::true,tier_a_matching,SERVICE_LINEAGE_AMBIGUOUS,candidate_count=4
service_lineage,ubuntu:https://pcp.io::pmlogger_daily,tier_a_matching,SERVICE_LINEAGE_AMBIGUOUS,candidate_count=3
service_lineage,ubuntu:https://snapper.io::systemd-helper,tier_a_matching,SERVICE_LINEAGE_AMBIGUOUS,candidate_count=2
service_lineage,ubuntu:https://sourceware.org/lvm2::lvm,tier_a_matching,SERVICE_LINEAGE_AMBIGUOUS,candidate_count=2
service_lineage,ubuntu:https://sysstat.github.io::sa1,tier_a_matching,SERVICE_LINEAGE_AMBIGUOUS,candidate_count=3
service_lineage,ubuntu:https://systemd.io::bash,tier_a_matching,SERVICE_LINEAGE_AMBIGUOUS,candidate_count=5
service_lineage,ubuntu:https://systemd.io::bootctl,tier_a_matching,SERVICE_LINEAGE_AMBIGUOUS,candidate_count=3
service_lineage,ubuntu:https://systemd.io::journalctl,tier_a_matching,SERVICE_LINEAGE_AMBIGUOUS,candidate_count=2
service_lineage,ubuntu:https://systemd.io::systemctl,tier_a_matching,SERVICE_LINEAGE_AMBIGUOUS,candidate_count=1
service_lineage,ubuntu:https://systemd.io::systemctl,tier_a_matching,SERVICE_LINEAGE_AMBIGUOUS,candidate_count=3
service_lineage,ubuntu:https://systemd.io::systemd-confext,tier_a_matching,SERVICE_LINEAGE_AMBIGUOUS,candidate_count=2
service_lineage,ubuntu:https://systemd.io::systemd-factory-reset,tier_a_matching,SERVICE_LINEAGE_AMBIGUOUS,candidate_count=2
service_lineage,ubuntu:https://systemd.io::systemd-hibernate-resume,tier_a_matching,SERVICE_LINEAGE_AMBIGUOUS,candidate_count=2
service_lineage,ubuntu:https://systemd.io::systemd-network-generator,tier_a_matching,SERVICE_LINEAGE_AMBIGUOUS,candidate_count=1
service_lineage,ubuntu:https://systemd.io::systemd-pcrextend,tier_a_matching,SERVICE_LINEAGE_AMBIGUOUS,candidate_count=9
service_lineage,ubuntu:https://systemd.io::systemd-pcrlock,tier_a_matching,SERVICE_LINEAGE_AMBIGUOUS,candidate_count=7
service_lineage,ubuntu:https://systemd.io::systemd-sleep,tier_a_matching,SERVICE_LINEAGE_AMBIGUOUS,candidate_count=4
service_lineage,ubuntu:https://systemd.io::systemd-sulogin-shell,tier_a_matching,SERVICE_LINEAGE_AMBIGUOUS,candidate_count=2
service_lineage,ubuntu:https://systemd.io::systemd-sysext,tier_a_matching,SERVICE_LINEAGE_AMBIGUOUS,candidate_count=2
service_lineage,ubuntu:https://systemd.io::systemd-sysupdate,tier_a_matching,SERVICE_LINEAGE_AMBIGUOUS,candidate_count=2
service_lineage,ubuntu:https://systemd.io::systemd-tmpfiles,tier_a_matching,SERVICE_LINEAGE_AMBIGUOUS,candidate_count=4
service_lineage,ubuntu:https://systemd.io::systemd-tpm2-setup,tier_a_matching,SERVICE_LINEAGE_AMBIGUOUS,candidate_count=2
service_lineage,ubuntu:https://systemd.io::systemd-tty-ask-password-agent,tier_a_matching,SERVICE_LINEAGE_AMBIGUOUS,candidate_count=2
service_lineage,ubuntu:https://systemd.io::udevadm,tier_a_matching,SERVICE_LINEAGE_AMBIGUOUS,candidate_count=4
service_lineage,ubuntu:https://www.alsa-project.org::alsactl,tier_a_matching,SERVICE_LINEAGE_AMBIGUOUS,candidate_count=2
service_lineage,ubuntu:https://www.clamav.net::freshclam,tier_a_matching,SERVICE_LINEAGE_AMBIGUOUS,candidate_count=2
service_lineage,ubuntu:https://www.exim.org::exim4,tier_a_matching,SERVICE_LINEAGE_AMBIGUOUS,candidate_count=2
service_lineage,ubuntu:https://www.freedesktop.org/wiki/Software/Plymouth::plymouth,tier_a_matching,SERVICE_LINEAGE_AMBIGUOUS,candidate_count=5
service_lineage,ubuntu:https://www.freedesktop.org/wiki/Software/Plymouth::plymouthd,tier_a_matching,SERVICE_LINEAGE_AMBIGUOUS,candidate_count=5
service_lineage,ubuntu:https://www.gnu.org/software/grub::grub-editenv,tier_a_matching,SERVICE_LINEAGE_AMBIGUOUS,candidate_count=2
service_lineage,ubuntu:https://www.isc.org/downloads/bind::named,tier_a_matching,SERVICE_LINEAGE_AMBIGUOUS,candidate_count=1
service_lineage,ubuntu:https://www.lighttpd.net::lighttpd,tier_a_matching,SERVICE_LINEAGE_AMBIGUOUS,candidate_count=2
service_lineage,ubuntu:https://www.list.org::mailman,tier_a_matching,SERVICE_LINEAGE_AMBIGUOUS,candidate_count=1
service_lineage,ubuntu:https://www.nordugrid.org::sh,tier_a_matching,SERVICE_LINEAGE_AMBIGUOUS,candidate_count=2
service_lineage,ubuntu:https://www.ntpsec.org::ntpviz,tier_a_matching,SERVICE_LINEAGE_AMBIGUOUS,candidate_count=2
service_lineage,ubuntu:https://www.nvidia.com::nvidia-persistenced,tier_a_matching,SERVICE_LINEAGE_AMBIGUOUS,candidate_count=4
service_lineage,ubuntu:https://www.nvidia.com::nvidia-powerd,tier_a_matching,SERVICE_LINEAGE_AMBIGUOUS,candidate_count=2
service_lineage,ubuntu:https://www.nvidia.com::nvidia-sleep.sh,tier_a_matching,SERVICE_LINEAGE_AMBIGUOUS,candidate_count=16
service_lineage,ubuntu:https://www.privoxy.org::privoxy,tier_a_matching,SERVICE_LINEAGE_AMBIGUOUS,candidate_count=2
service_lineage,ubuntu:https://www.qemu.org::qemu-ga,tier_a_matching,SERVICE_LINEAGE_AMBIGUOUS,candidate_count=2
service_lineage,ubuntu:https://www.qemu.org::qemu-vmsr-helper,tier_a_matching,SERVICE_LINEAGE_AMBIGUOUS,candidate_count=2
service_lineage,ubuntu:https://www.qemu.org::upstream-unit::contrib/systemd/qemu-vmsr-helper.service,tier_a_matching,SERVICE_LINEAGE_AMBIGUOUS,candidate_count=2
service_lineage,ubuntu:https://www.sendmail.org::sendmail,tier_a_matching,SERVICE_LINEAGE_AMBIGUOUS,candidate_count=1
service_lineage,ubuntu:https://www.squid-cache.org::squid,tier_a_matching,SERVICE_LINEAGE_AMBIGUOUS,candidate_count=1
service_unit,arch:alertmanager:usr/lib/systemd/system/alertmanager.service,tier_a_matching,NO_TIER_A_PARTNER,usr/lib/systemd/system/alertmanager.service
service_unit,arch:alsa-utils:usr/lib/systemd/system/alsa-card-wait@.service,tier_a_matching,NO_TIER_A_PARTNER,usr/lib/systemd/system/alsa-card-wait@.service
service_unit,arch:alsa-utils:usr/lib/systemd/system/alsa-restore.service,tier_a_matching,NO_TIER_A_PARTNER,usr/lib/systemd/system/alsa-restore.service
service_unit,arch:alsa-utils:usr/lib/systemd/system/alsa-state.service,tier_a_matching,NO_TIER_A_PARTNER,usr/lib/systemd/system/alsa-state.service
service_unit,arch:alsa-utils:usr/lib/systemd/system/sound.target.wants/alsa-restore.service,tier_a_matching,DUPLICATE_ALIAS,usr/lib/systemd/system/alsa-restore.service
service_unit,arch:alsa-utils:usr/lib/systemd/system/sound.target.wants/alsa-state.service,tier_a_matching,DUPLICATE_ALIAS,usr/lib/systemd/system/alsa-state.service
service_unit,arch:arpwatch:usr/lib/systemd/system/arpwatch@.service,tier_a_matching,NO_TIER_A_PARTNER,usr/lib/systemd/system/arpwatch@.service
service_unit,arch:atftp:usr/lib/systemd/system/atftpd.service,tier_a_matching,NO_TIER_A_PARTNER,usr/lib/systemd/system/atftpd.service
service_unit,arch:atop:usr/lib/systemd/system/atopgpu.service,tier_a_matching,NO_TIER_A_PARTNER,usr/lib/systemd/system/atopgpu.service
service_unit,arch:bcachefs-tools:usr/lib/systemd/system/bcachefs-wait-devices@.service,tier_a_matching,NO_TIER_A_PARTNER,usr/lib/systemd/system/bcachefs-wait-devices@.service
service_unit,arch:bees:usr/lib/systemd/system/beesd@.service,tier_a_matching,NO_TIER_A_PARTNER,usr/lib/systemd/system/beesd@.service
service_unit,arch:bird:usr/lib/systemd/system/bird.service,tier_a_matching,NO_TIER_A_PARTNER,usr/lib/systemd/system/bird.service
service_unit,arch:boinc-nox:usr/lib/systemd/system/boinc-client.service,tier_a_matching,NO_TIER_A_PARTNER,usr/lib/systemd/system/boinc-client.service
service_unit,arch:boinc:usr/lib/systemd/system/boinc-client.service,tier_a_matching,NO_TIER_A_PARTNER,usr/lib/systemd/system/boinc-client.service
service_unit,arch:brltty:usr/lib/systemd/system/brltty-device@.service,tier_a_matching,NO_TIER_A_PARTNER,usr/lib/systemd/system/brltty-device@.service
service_unit,arch:brltty:usr/lib/systemd/system/brltty@.service,tier_a_matching,NO_TIER_A_PARTNER,usr/lib/systemd/system/brltty@.service
service_unit,arch:caddy:usr/lib/systemd/system/caddy-api.service,tier_a_matching,NO_TIER_A_PARTNER,usr/lib/systemd/system/caddy-api.service
service_unit,arch:caddy:usr/lib/systemd/system/caddy.service,tier_a_matching,NO_TIER_A_PARTNER,usr/lib/systemd/system/caddy.service
service_unit,arch:chrony:usr/lib/systemd/system/chronyd.service,tier_a_matching,NO_TIER_A_PARTNER,usr/lib/systemd/system/chronyd.service
service_unit,arch:clamav:usr/lib/systemd/system/clamav-freshclam-once.service,tier_a_matching,NO_TIER_A_PARTNER,usr/lib/systemd/system/clamav-freshclam-once.service
service_unit,arch:clamav:usr/lib/systemd/system/clamav-freshclam.service,tier_a_matching,NO_TIER_A_PARTNER,usr/lib/systemd/system/clamav-freshclam.service
service_unit,arch:cloud-init:usr/lib/systemd/system/cloud-config.service,tier_a_matching,NO_TIER_A_PARTNER,usr/lib/systemd/system/cloud-config.service
service_unit,arch:cloud-init:usr/lib/systemd/system/cloud-final.service,tier_a_matching,NO_TIER_A_PARTNER,usr/lib/systemd/system/cloud-final.service
service_unit,arch:cloud-init:usr/lib/systemd/system/cloud-init-local.service,tier_a_matching,NO_TIER_A_PARTNER,usr/lib/systemd/system/cloud-init-local.service
service_unit,arch:cloud-init:usr/lib/systemd/system/cloud-init-network.service,tier_a_matching,NO_TIER_A_PARTNER,usr/lib/systemd/system/cloud-init-network.service
service_unit,arch:cockpit:usr/lib/systemd/system/cockpit-session-socket-user.service,tier_a_matching,NO_TIER_A_PARTNER,usr/lib/systemd/system/cockpit-session-socket-user.service
service_unit,arch:cockpit:usr/lib/systemd/system/cockpit-session@.service,tier_a_matching,NO_TIER_A_PARTNER,usr/lib/systemd/system/cockpit-session@.service
service_unit,arch:cockpit:usr/lib/systemd/system/cockpit-wsinstance-https-factory@.service,tier_a_matching,NO_TIER_A_PARTNER,usr/lib/systemd/system/cockpit-wsinstance-https-factory@.service
service_unit,arch:cockpit:usr/lib/systemd/system/cockpit-wsinstance-https@.service,tier_a_matching,NO_TIER_A_PARTNER,usr/lib/systemd/system/cockpit-wsinstance-https@.service
service_unit,arch:cockpit:usr/lib/systemd/system/cockpit-wsinstance-socket-user.service,tier_a_matching,NO_TIER_A_PARTNER,usr/lib/systemd/system/cockpit-wsinstance-socket-user.service
service_unit,arch:containerd:usr/lib/systemd/system/containerd.service,tier_a_matching,NO_TIER_A_PARTNER,usr/lib/systemd/system/containerd.service
service_unit,arch:coturn:usr/lib/systemd/system/coturn.service,tier_a_matching,DUPLICATE_ALIAS,usr/lib/systemd/system/turnserver.service
service_unit,arch:cri-o:usr/lib/systemd/system/crio-wipe.service,tier_a_matching,NO_TIER_A_PARTNER,usr/lib/systemd/system/crio-wipe.service
service_unit,arch:cri-o:usr/lib/systemd/system/crio.service,tier_a_matching,NO_TIER_A_PARTNER,usr/lib/systemd/system/crio.service
service_unit,arch:cups:usr/lib/systemd/system/cups-lpd@.service,tier_a_matching,NO_TIER_A_PARTNER,usr/lib/systemd/system/cups-lpd@.service
service_unit,arch:dbus-broker-units:usr/lib/systemd/system/dbus.service,tier_a_matching,DUPLICATE_ALIAS,usr/lib/systemd/system/dbus-broker.service
service_unit,arch:dbus:usr/lib/systemd/system/multi-user.target.wants/dbus.service,tier_a_matching,DUPLICATE_ALIAS,usr/lib/systemd/system/dbus.service
service_unit,arch:dhclient:usr/lib/systemd/system/dhclient@.service,tier_a_matching,NO_TIER_A_PARTNER,usr/lib/systemd/system/dhclient@.service
service_unit,arch:dhcp:usr/lib/systemd/system/dhcpd4.service,tier_a_matching,NO_TIER_A_PARTNER,usr/lib/systemd/system/dhcpd4.service
service_unit,arch:dhcp:usr/lib/systemd/system/dhcpd6.service,tier_a_matching,NO_TIER_A_PARTNER,usr/lib/systemd/system/dhcpd6.service
service_unit,arch:dhcpcd:usr/lib/systemd/system/dhcpcd@.service,tier_a_matching,NO_TIER_A_PARTNER,usr/lib/systemd/system/dhcpcd@.service
service_unit,arch:dnf5:usr/lib/systemd/system/dnf-automatic.service,tier_a_matching,DUPLICATE_ALIAS,usr/lib/systemd/system/dnf5-automatic.service
service_unit,arch:dnf5:usr/lib/systemd/system/dnf5-automatic.service,tier_a_matching,NO_TIER_A_PARTNER,usr/lib/systemd/system/dnf5-automatic.service
service_unit,arch:dnf5:usr/lib/systemd/system/dnf5-makecache.service,tier_a_matching,NO_TIER_A_PARTNER,usr/lib/systemd/system/dnf5-makecache.service
service_unit,arch:dnf5:usr/lib/systemd/system/dnf5-offline-transaction.service,tier_a_matching,NO_TIER_A_PARTNER,usr/lib/systemd/system/dnf5-offline-transaction.service
service_unit,arch:dnsdist:usr/lib/systemd/system/dnsdist@.service,tier_a_matching,NO_TIER_A_PARTNER,usr/lib/systemd/system/dnsdist@.service
service_unit,arch:dnsmasq:usr/lib/systemd/system/dnsmasq.service,tier_a_matching,NO_TIER_A_PARTNER,usr/lib/systemd/system/dnsmasq.service
service_unit,arch:dovecot23:usr/lib/systemd/system/dovecot.service,tier_a_matching,NO_TIER_A_PARTNER,usr/lib/systemd/system/dovecot.service
service_unit,arch:dovecot:usr/lib/systemd/system/dovecot.service,tier_a_matching,NO_TIER_A_PARTNER,usr/lib/systemd/system/dovecot.service
service_unit,arch:dracut:usr/lib/systemd/system/dracut-cmdline.service,tier_a_matching,DUPLICATE_ALIAS,usr/lib/dracut/modules.d/77dracut-systemd/dracut-cmdline.service
service_unit,arch:dracut:usr/lib/systemd/system/dracut-initqueue.service,tier_a_matching,DUPLICATE_ALIAS,usr/lib/dracut/modules.d/77initqueue/dracut-initqueue.service
service_unit,arch:dracut:usr/lib/systemd/system/dracut-mount.service,tier_a_matching,DUPLICATE_ALIAS,usr/lib/dracut/modules.d/77dracut-systemd/dracut-mount.service
service_unit,arch:dracut:usr/lib/systemd/system/dracut-pre-mount.service,tier_a_matching,DUPLICATE_ALIAS,usr/lib/dracut/modules.d/77dracut-systemd/dracut-pre-mount.service
service_unit,arch:dracut:usr/lib/systemd/system/dracut-pre-pivot.service,tier_a_matching,DUPLICATE_ALIAS,usr/lib/dracut/modules.d/77dracut-systemd/dracut-pre-pivot.service
service_unit,arch:dracut:usr/lib/systemd/system/dracut-pre-trigger.service,tier_a_matching,DUPLICATE_ALIAS,usr/lib/dracut/modules.d/77dracut-systemd/dracut-pre-trigger.service
service_unit,arch:dracut:usr/lib/systemd/system/dracut-pre-udev.service,tier_a_matching,DUPLICATE_ALIAS,usr/lib/dracut/modules.d/77dracut-systemd/dracut-pre-udev.service
service_unit,arch:dracut:usr/lib/systemd/system/dracut-shutdown-onfailure.service,tier_a_matching,DUPLICATE_ALIAS,usr/lib/dracut/modules.d/77dracut-systemd/dracut-shutdown-onfailure.service
service_unit,arch:dracut:usr/lib/systemd/system/dracut-shutdown.service,tier_a_matching,DUPLICATE_ALIAS,usr/lib/dracut/modules.d/77dracut-systemd/dracut-shutdown.service
service_unit,arch:dracut:usr/lib/systemd/system/initrd.target.wants/dracut-cmdline.service,tier_a_matching,DUPLICATE_ALIAS,usr/lib/dracut/modules.d/77dracut-systemd/dracut-cmdline.service
service_unit,arch:dracut:usr/lib/systemd/system/initrd.target.wants/dracut-initqueue.service,tier_a_matching,DUPLICATE_ALIAS,usr/lib/dracut/modules.d/77initqueue/dracut-initqueue.service
service_unit,arch:dracut:usr/lib/systemd/system/initrd.target.wants/dracut-mount.service,tier_a_matching,DUPLICATE_ALIAS,usr/lib/dracut/modules.d/77dracut-systemd/dracut-mount.service
service_unit,arch:dracut:usr/lib/systemd/system/initrd.target.wants/dracut-pre-mount.service,tier_a_matching,DUPLICATE_ALIAS,usr/lib/dracut/modules.d/77dracut-systemd/dracut-pre-mount.service
service_unit,arch:dracut:usr/lib/systemd/system/initrd.target.wants/dracut-pre-pivot.service,tier_a_matching,DUPLICATE_ALIAS,usr/lib/dracut/modules.d/77dracut-systemd/dracut-pre-pivot.service
service_unit,arch:dracut:usr/lib/systemd/system/initrd.target.wants/dracut-pre-trigger.service,tier_a_matching,DUPLICATE_ALIAS,usr/lib/dracut/modules.d/77dracut-systemd/dracut-pre-trigger.service
service_unit,arch:dracut:usr/lib/systemd/system/initrd.target.wants/dracut-pre-udev.service,tier_a_matching,DUPLICATE_ALIAS,usr/lib/dracut/modules.d/77dracut-systemd/dracut-pre-udev.service
service_unit,arch:dracut:usr/lib/systemd/system/sysinit.target.wants/dracut-shutdown.service,tier_a_matching,DUPLICATE_ALIAS,usr/lib/dracut/modules.d/77dracut-systemd/dracut-shutdown.service
service_unit,arch:e2fsprogs:usr/lib/systemd/system/e2scrub@.service,tier_a_matching,NO_TIER_A_PARTNER,usr/lib/systemd/system/e2scrub@.service
service_unit,arch:e2fsprogs:usr/lib/systemd/system/e2scrub_all.service,tier_a_matching,NO_TIER_A_PARTNER,usr/lib/systemd/system/e2scrub_all.service
service_unit,arch:e2fsprogs:usr/lib/systemd/system/e2scrub_fail@.service,tier_a_matching,NO_TIER_A_PARTNER,usr/lib/systemd/system/e2scrub_fail@.service
service_unit,arch:e2fsprogs:usr/lib/systemd/system/e2scrub_reap.service,tier_a_matching,NO_TIER_A_PARTNER,usr/lib/systemd/system/e2scrub_reap.service
service_unit,arch:ejabberd:usr/lib/systemd/system/ejabberd.service,tier_a_matching,NO_TIER_A_PARTNER,usr/lib/systemd/system/ejabberd.service
service_unit,arch:emptty:usr/lib/systemd/system/emptty.service,tier_a_matching,NO_TIER_A_PARTNER,usr/lib/systemd/system/emptty.service
service_unit,arch:etcd:usr/lib/systemd/system/etcd.service,tier_a_matching,NO_TIER_A_PARTNER,usr/lib/systemd/system/etcd.service
service_unit,arch:etckeeper:usr/lib/systemd/system/etckeeper.service,tier_a_matching,NO_TIER_A_PARTNER,usr/lib/systemd/system/etckeeper.service
service_unit,arch:exim:usr/lib/systemd/system/exim-submission@.service,tier_a_matching,NO_TIER_A_PARTNER,usr/lib/systemd/system/exim-submission@.service
service_unit,arch:exim:usr/lib/systemd/system/exim@.service,tier_a_matching,NO_TIER_A_PARTNER,usr/lib/systemd/system/exim@.service
service_unit,arch:fastd:usr/lib/systemd/system/fastd@.service,tier_a_matching,NO_TIER_A_PARTNER,usr/lib/systemd/system/fastd@.service
service_unit,arch:git:usr/lib/systemd/system/git-daemon@.service,tier_a_matching,NO_TIER_A_PARTNER,usr/lib/systemd/system/git-daemon@.service
service_unit,arch:glances:usr/lib/systemd/system/glances-web.service,tier_a_matching,NO_TIER_A_PARTNER,usr/lib/systemd/system/glances-web.service
service_unit,arch:glances:usr/lib/systemd/system/glances.service,tier_a_matching,NO_TIER_A_PARTNER,usr/lib/systemd/system/glances.service
service_unit,arch:haveged:usr/lib/systemd/system/haveged-once.service,tier_a_matching,NO_TIER_A_PARTNER,usr/lib/systemd/system/haveged-once.service
service_unit,arch:haveged:usr/lib/systemd/system/haveged.service,tier_a_matching,NO_TIER_A_PARTNER,usr/lib/systemd/system/haveged.service
service_unit,arch:hdapsd:usr/lib/systemd/system/hdapsd@.service,tier_a_matching,NO_TIER_A_PARTNER,usr/lib/systemd/system/hdapsd@.service
service_unit,arch:hostapd:usr/lib/systemd/system/hostapd@.service,tier_a_matching,NO_TIER_A_PARTNER,usr/lib/systemd/system/hostapd@.service
service_unit,arch:incus:usr/lib/systemd/system/incus.service,tier_a_matching,NO_TIER_A_PARTNER,usr/lib/systemd/system/incus.service
service_unit,arch:inetutils:usr/lib/systemd/system/ftpd.service,tier_a_matching,NO_TIER_A_PARTNER,usr/lib/systemd/system/ftpd.service
service_unit,arch:inetutils:usr/lib/systemd/system/rlogin@.service,tier_a_matching,NO_TIER_A_PARTNER,usr/lib/systemd/system/rlogin@.service
service_unit,arch:inetutils:usr/lib/systemd/system/rsh@.service,tier_a_matching,NO_TIER_A_PARTNER,usr/lib/systemd/system/rsh@.service
service_unit,arch:inetutils:usr/lib/systemd/system/talk.service,tier_a_matching,NO_TIER_A_PARTNER,usr/lib/systemd/system/talk.service
service_unit,arch:inetutils:usr/lib/systemd/system/telnet@.service,tier_a_matching,NO_TIER_A_PARTNER,usr/lib/systemd/system/telnet@.service
service_unit,arch:intel-undervolt:usr/lib/systemd/system/intel-undervolt-loop.service,tier_a_matching,NO_TIER_A_PARTNER,usr/lib/systemd/system/intel-undervolt-loop.service
service_unit,arch:intel-undervolt:usr/lib/systemd/system/intel-undervolt.service,tier_a_matching,NO_TIER_A_PARTNER,usr/lib/systemd/system/intel-undervolt.service
service_unit,arch:keyd:usr/lib/systemd/system/keyd.service,tier_a_matching,NO_TIER_A_PARTNER,usr/lib/systemd/system/keyd.service
service_unit,arch:kmonad:usr/lib/systemd/system/kmonad@.service,tier_a_matching,NO_TIER_A_PARTNER,usr/lib/systemd/system/kmonad@.service
service_unit,arch:kmscon:usr/lib/systemd/system/kmsconvt@.service,tier_a_matching,NO_TIER_A_PARTNER,usr/lib/systemd/system/kmsconvt@.service
service_unit,arch:krb5:usr/lib/systemd/system/krb5-kpropd@.service,tier_a_matching,NO_TIER_A_PARTNER,usr/lib/systemd/system/krb5-kpropd@.service
service_unit,arch:lib32-pcsclite:usr/lib/systemd/system/pcscd-32.service,tier_a_matching,NO_TIER_A_PARTNER,usr/lib/systemd/system/pcscd-32.service
service_unit,arch:libvirt:usr/lib/systemd/system/libvirt-guests.service,tier_a_matching,NO_TIER_A_PARTNER,usr/lib/systemd/system/libvirt-guests.service
service_unit,arch:libvirt:usr/lib/systemd/system/virt-secret-init-encryption.service,tier_a_matching,NO_TIER_A_PARTNER,usr/lib/systemd/system/virt-secret-init-encryption.service
service_unit,arch:lighttpd:usr/lib/systemd/system/lighttpd.service,tier_a_matching,NO_TIER_A_PARTNER,usr/lib/systemd/system/lighttpd.service
service_unit,arch:luanti-server:usr/lib/systemd/system/luanti@.service,tier_a_matching,NO_TIER_A_PARTNER,usr/lib/systemd/system/luanti@.service
service_unit,arch:lvm2:usr/lib/systemd/system/lvm2-monitor.service,tier_a_matching,NO_TIER_A_PARTNER,usr/lib/systemd/system/lvm2-monitor.service
service_unit,arch:lvm2:usr/lib/systemd/system/sysinit.target.wants/lvm2-monitor.service,tier_a_matching,DUPLICATE_ALIAS,usr/lib/systemd/system/lvm2-monitor.service
service_unit,arch:lxc:usr/lib/systemd/system/lxc-auto.service,tier_a_matching,NO_TIER_A_PARTNER,usr/lib/systemd/system/lxc-auto.service
service_unit,arch:lxc:usr/lib/systemd/system/lxc@.service,tier_a_matching,NO_TIER_A_PARTNER,usr/lib/systemd/system/lxc@.service
service_unit,arch:ly:usr/lib/systemd/system/ly-kmsconvt@.service,tier_a_matching,NO_TIER_A_PARTNER,usr/lib/systemd/system/ly-kmsconvt@.service
service_unit,arch:ly:usr/lib/systemd/system/ly@.service,tier_a_matching,NO_TIER_A_PARTNER,usr/lib/systemd/system/ly@.service
service_unit,arch:mailman3:usr/lib/systemd/system/mailman3-digests.service,tier_a_matching,NO_TIER_A_PARTNER,usr/lib/systemd/system/mailman3-digests.service
service_unit,arch:mailman3:usr/lib/systemd/system/mailman3-gatenews.service,tier_a_matching,NO_TIER_A_PARTNER,usr/lib/systemd/system/mailman3-gatenews.service
service_unit,arch:mailman3:usr/lib/systemd/system/mailman3-notify.service,tier_a_matching,NO_TIER_A_PARTNER,usr/lib/systemd/system/mailman3-notify.service
service_unit,arch:mailman3:usr/lib/systemd/system/mailman3.service,tier_a_matching,NO_TIER_A_PARTNER,usr/lib/systemd/system/mailman3.service
service_unit,arch:mariadb-lts:usr/lib/systemd/system/mariadb.service,tier_a_matching,NO_TIER_A_PARTNER,usr/lib/systemd/system/mariadb.service
service_unit,arch:mariadb-lts:usr/lib/systemd/system/mariadb@.service,tier_a_matching,NO_TIER_A_PARTNER,usr/lib/systemd/system/mariadb@.service
service_unit,arch:mariadb-lts:usr/lib/systemd/system/mysql.service,tier_a_matching,DUPLICATE_ALIAS,usr/lib/systemd/system/mariadb.service
service_unit,arch:mariadb-lts:usr/lib/systemd/system/mysqld.service,tier_a_matching,DUPLICATE_ALIAS,usr/lib/systemd/system/mariadb.service
service_unit,arch:mariadb:usr/lib/systemd/system/mariadb.service,tier_a_matching,NO_TIER_A_PARTNER,usr/lib/systemd/system/mariadb.service
service_unit,arch:mariadb:usr/lib/systemd/system/mariadb@.service,tier_a_matching,NO_TIER_A_PARTNER,usr/lib/systemd/system/mariadb@.service
service_unit,arch:mariadb:usr/lib/systemd/system/mysql.service,tier_a_matching,DUPLICATE_ALIAS,usr/lib/systemd/system/mariadb.service
service_unit,arch:mariadb:usr/lib/systemd/system/mysqld.service,tier_a_matching,DUPLICATE_ALIAS,usr/lib/systemd/system/mariadb.service
service_unit,arch:matrix-synapse:usr/lib/systemd/system/synapse-worker@.service,tier_a_matching,NO_TIER_A_PARTNER,usr/lib/systemd/system/synapse-worker@.service
service_unit,arch:memcached:usr/lib/systemd/system/memcached.service,tier_a_matching,NO_TIER_A_PARTNER,usr/lib/systemd/system/memcached.service
service_unit,arch:memcached:usr/lib/systemd/system/memcached@.service,tier_a_matching,NO_TIER_A_PARTNER,usr/lib/systemd/system/memcached@.service
service_unit,arch:mpdscribble:usr/lib/systemd/system/mpdscribble@.service,tier_a_matching,NO_TIER_A_PARTNER,usr/lib/systemd/system/mpdscribble@.service
service_unit,arch:nbd:usr/lib/systemd/system/nbd@.service,tier_a_matching,NO_TIER_A_PARTNER,usr/lib/systemd/system/nbd@.service
service_unit,arch:ndctl:usr/lib/systemd/system/daxdev-reconfigure@.service,tier_a_matching,NO_TIER_A_PARTNER,usr/lib/systemd/system/daxdev-reconfigure@.service
service_unit,arch:ndisc6:usr/lib/systemd/system/rdnssd@.service,tier_a_matching,NO_TIER_A_PARTNER,usr/lib/systemd/system/rdnssd@.service
service_unit,arch:netavark:usr/lib/systemd/system/netavark-dhcp-proxy.service,tier_a_matching,NO_TIER_A_PARTNER,usr/lib/systemd/system/netavark-dhcp-proxy.service
service_unit,arch:netavark:usr/lib/systemd/system/netavark-firewalld-reload.service,tier_a_matching,NO_TIER_A_PARTNER,usr/lib/systemd/system/netavark-firewalld-reload.service
service_unit,arch:netavark:usr/lib/systemd/system/netavark-nftables-reload.service,tier_a_matching,NO_TIER_A_PARTNER,usr/lib/systemd/system/netavark-nftables-reload.service
service_unit,arch:netctl:usr/lib/systemd/system/netctl-auto@.service,tier_a_matching,NO_TIER_A_PARTNER,usr/lib/systemd/system/netctl-auto@.service
service_unit,arch:netctl:usr/lib/systemd/system/netctl-ifplugd@.service,tier_a_matching,NO_TIER_A_PARTNER,usr/lib/systemd/system/netctl-ifplugd@.service
service_unit,arch:netctl:usr/lib/systemd/system/netctl-sleep.service,tier_a_matching,NO_TIER_A_PARTNER,usr/lib/systemd/system/netctl-sleep.service
service_unit,arch:netctl:usr/lib/systemd/system/netctl.service,tier_a_matching,NO_TIER_A_PARTNER,usr/lib/systemd/system/netctl.service
service_unit,arch:netctl:usr/lib/systemd/system/netctl@.service,tier_a_matching,NO_TIER_A_PARTNER,usr/lib/systemd/system/netctl@.service
service_unit,arch:networkmanager:usr/lib/systemd/system/NetworkManager-config-initrd.service,tier_a_matching,NO_TIER_A_PARTNER,usr/lib/systemd/system/NetworkManager-config-initrd.service
service_unit,arch:networkmanager:usr/lib/systemd/system/NetworkManager-initrd.service,tier_a_matching,NO_TIER_A_PARTNER,usr/lib/systemd/system/NetworkManager-initrd.service
service_unit,arch:networkmanager:usr/lib/systemd/system/NetworkManager-wait-online-initrd.service,tier_a_matching,NO_TIER_A_PARTNER,usr/lib/systemd/system/NetworkManager-wait-online-initrd.service
service_unit,arch:networkmanager:usr/lib/systemd/system/NetworkManager-wait-online.service,tier_a_matching,NO_TIER_A_PARTNER,usr/lib/systemd/system/NetworkManager-wait-online.service
service_unit,arch:networkmanager:usr/lib/systemd/system/NetworkManager.service,tier_a_matching,NO_TIER_A_PARTNER,usr/lib/systemd/system/NetworkManager.service
service_unit,arch:nextcloud:usr/lib/systemd/system/nextcloud-cron.service,tier_a_matching,NO_TIER_A_PARTNER,usr/lib/systemd/system/nextcloud-cron.service
service_unit,arch:nginx-mainline:usr/lib/systemd/system/nginx.service,tier_a_matching,NO_TIER_A_PARTNER,usr/lib/systemd/system/nginx.service
service_unit,arch:nginx:usr/lib/systemd/system/nginx.service,tier_a_matching,NO_TIER_A_PARTNER,usr/lib/systemd/system/nginx.service
service_unit,arch:nodm:usr/lib/systemd/system/nodm.service,tier_a_matching,NO_TIER_A_PARTNER,usr/lib/systemd/system/nodm.service
service_unit,arch:nut:usr/lib/systemd/system/nut-driver-enumerator-daemon.service,tier_a_matching,NO_TIER_A_PARTNER,usr/lib/systemd/system/nut-driver-enumerator-daemon.service
service_unit,arch:nut:usr/lib/systemd/system/nut-driver-enumerator.service,tier_a_matching,NO_TIER_A_PARTNER,usr/lib/systemd/system/nut-driver-enumerator.service
service_unit,arch:nut:usr/lib/systemd/system/nut-driver@.service,tier_a_matching,NO_TIER_A_PARTNER,usr/lib/systemd/system/nut-driver@.service
service_unit,arch:nvidia-utils:usr/lib/systemd/system/nvidia-hibernate.service,tier_a_matching,NO_TIER_A_PARTNER,usr/lib/systemd/system/nvidia-hibernate.service
service_unit,arch:nvidia-utils:usr/lib/systemd/system/nvidia-persistenced.service,tier_a_matching,NO_TIER_A_PARTNER,usr/lib/systemd/system/nvidia-persistenced.service
service_unit,arch:nvidia-utils:usr/lib/systemd/system/nvidia-powerd.service,tier_a_matching,NO_TIER_A_PARTNER,usr/lib/systemd/system/nvidia-powerd.service
service_unit,arch:nvidia-utils:usr/lib/systemd/system/nvidia-resume.service,tier_a_matching,NO_TIER_A_PARTNER,usr/lib/systemd/system/nvidia-resume.service
service_unit,arch:nvidia-utils:usr/lib/systemd/system/nvidia-suspend-then-hibernate.service,tier_a_matching,NO_TIER_A_PARTNER,usr/lib/systemd/system/nvidia-suspend-then-hibernate.service
service_unit,arch:nvidia-utils:usr/lib/systemd/system/nvidia-suspend.service,tier_a_matching,NO_TIER_A_PARTNER,usr/lib/systemd/system/nvidia-suspend.service
service_unit,arch:nvme-cli:usr/lib/systemd/system/nvmf-autoconnect.service,tier_a_matching,NO_TIER_A_PARTNER,usr/lib/systemd/system/nvmf-autoconnect.service
service_unit,arch:nvme-cli:usr/lib/systemd/system/nvmf-connect-nbft.service,tier_a_matching,NO_TIER_A_PARTNER,usr/lib/systemd/system/nvmf-connect-nbft.service
service_unit,arch:nvme-cli:usr/lib/systemd/system/nvmf-connect@.service,tier_a_matching,NO_TIER_A_PARTNER,usr/lib/systemd/system/nvmf-connect@.service
service_unit,arch:oidentd:usr/lib/systemd/system/oidentd@.service,tier_a_matching,NO_TIER_A_PARTNER,usr/lib/systemd/system/oidentd@.service
service_unit,arch:open-iscsi:usr/lib/systemd/system/iscsi-init.service,tier_a_matching,NO_TIER_A_PARTNER,usr/lib/systemd/system/iscsi-init.service
service_unit,arch:open-iscsi:usr/lib/systemd/system/iscsi.service,tier_a_matching,NO_TIER_A_PARTNER,usr/lib/systemd/system/iscsi.service
service_unit,arch:open-vm-tools:usr/lib/systemd/system/vmware-vmblock-fuse.service,tier_a_matching,NO_TIER_A_PARTNER,usr/lib/systemd/system/vmware-vmblock-fuse.service
service_unit,arch:openfortivpn:usr/lib/systemd/system/openfortivpn@.service,tier_a_matching,NO_TIER_A_PARTNER,usr/lib/systemd/system/openfortivpn@.service
service_unit,arch:openssh:usr/lib/systemd/system/sshd@.service,tier_a_matching,NO_TIER_A_PARTNER,usr/lib/systemd/system/sshd@.service
service_unit,arch:openssh:usr/lib/systemd/system/sshdgenkeys.service,tier_a_matching,NO_TIER_A_PARTNER,usr/lib/systemd/system/sshdgenkeys.service
service_unit,arch:openvswitch:usr/lib/systemd/system/ovs-vswitchd.service,tier_a_matching,NO_TIER_A_PARTNER,usr/lib/systemd/system/ovs-vswitchd.service
service_unit,arch:openvswitch:usr/lib/systemd/system/ovsdb-server.service,tier_a_matching,NO_TIER_A_PARTNER,usr/lib/systemd/system/ovsdb-server.service
service_unit,arch:ostree:usr/lib/systemd/system/ostree-boot-complete.service,tier_a_matching,NO_TIER_A_PARTNER,usr/lib/systemd/system/ostree-boot-complete.service
service_unit,arch:ostree:usr/lib/systemd/system/ostree-finalize-staged-hold.service,tier_a_matching,NO_TIER_A_PARTNER,usr/lib/systemd/system/ostree-finalize-staged-hold.service
service_unit,arch:ostree:usr/lib/systemd/system/ostree-finalize-staged.service,tier_a_matching,NO_TIER_A_PARTNER,usr/lib/systemd/system/ostree-finalize-staged.service
service_unit,arch:ostree:usr/lib/systemd/system/ostree-state-overlay@.service,tier_a_matching,NO_TIER_A_PARTNER,usr/lib/systemd/system/ostree-state-overlay@.service
service_unit,arch:packagekit:usr/lib/systemd/system/system-update.target.wants/packagekit-offline-update.service,tier_a_matching,DUPLICATE_ALIAS,usr/lib/systemd/system/packagekit-offline-update.service
service_unit,arch:pcp:usr/lib/systemd/system/pmlogger_daily.service,tier_a_matching,NO_TIER_A_PARTNER,usr/lib/systemd/system/pmlogger_daily.service
service_unit,arch:pcp:usr/lib/systemd/system/pmproxy_check.service,tier_a_matching,NO_TIER_A_PARTNER,usr/lib/systemd/system/pmproxy_check.service
service_unit,arch:pcp:usr/lib/systemd/system/pmproxy_daily.service,tier_a_matching,NO_TIER_A_PARTNER,usr/lib/systemd/system/pmproxy_daily.service
service_unit,arch:pesign:usr/lib/systemd/system/pesign-create-db.service,tier_a_matching,NO_TIER_A_PARTNER,usr/lib/systemd/system/pesign-create-db.service
service_unit,arch:php-legacy-fpm:usr/lib/systemd/system/php-fpm-legacy.service,tier_a_matching,NO_TIER_A_PARTNER,usr/lib/systemd/system/php-fpm-legacy.service
service_unit,arch:php-legacy-fpm:usr/lib/systemd/system/php-legacy-fpm.service,tier_a_matching,DUPLICATE_ALIAS,usr/lib/systemd/system/php-fpm-legacy.service
service_unit,arch:plymouth:usr/lib/systemd/system/halt.target.wants/plymouth-halt.service,tier_a_matching,DUPLICATE_ALIAS,usr/lib/systemd/system/plymouth-halt.service
service_unit,arch:plymouth:usr/lib/systemd/system/halt.target.wants/plymouth-switch-root-initramfs.service,tier_a_matching,DUPLICATE_ALIAS,usr/lib/systemd/system/plymouth-switch-root-initramfs.service
service_unit,arch:plymouth:usr/lib/systemd/system/initrd-switch-root.target.wants/plymouth-start.service,tier_a_matching,DUPLICATE_ALIAS,usr/lib/systemd/system/plymouth-start.service
service_unit,arch:plymouth:usr/lib/systemd/system/initrd-switch-root.target.wants/plymouth-switch-root.service,tier_a_matching,DUPLICATE_ALIAS,usr/lib/systemd/system/plymouth-switch-root.service
service_unit,arch:plymouth:usr/lib/systemd/system/kexec.target.wants/plymouth-kexec.service,tier_a_matching,DUPLICATE_ALIAS,usr/lib/systemd/system/plymouth-kexec.service
service_unit,arch:plymouth:usr/lib/systemd/system/kexec.target.wants/plymouth-switch-root-initramfs.service,tier_a_matching,DUPLICATE_ALIAS,usr/lib/systemd/system/plymouth-switch-root-initramfs.service
service_unit,arch:plymouth:usr/lib/systemd/system/multi-user.target.wants/plymouth-quit-wait.service,tier_a_matching,DUPLICATE_ALIAS,usr/lib/systemd/system/plymouth-quit-wait.service
service_unit,arch:plymouth:usr/lib/systemd/system/multi-user.target.wants/plymouth-quit.service,tier_a_matching,DUPLICATE_ALIAS,usr/lib/systemd/system/plymouth-quit.service
service_unit,arch:plymouth:usr/lib/systemd/system/plymouth-halt.service,tier_a_matching,NO_TIER_A_PARTNER,usr/lib/systemd/system/plymouth-halt.service
service_unit,arch:plymouth:usr/lib/systemd/system/plymouth-kexec.service,tier_a_matching,NO_TIER_A_PARTNER,usr/lib/systemd/system/plymouth-kexec.service
service_unit,arch:plymouth:usr/lib/systemd/system/plymouth-poweroff.service,tier_a_matching,NO_TIER_A_PARTNER,usr/lib/systemd/system/plymouth-poweroff.service
service_unit,arch:plymouth:usr/lib/systemd/system/plymouth-quit-wait.service,tier_a_matching,NO_TIER_A_PARTNER,usr/lib/systemd/system/plymouth-quit-wait.service
service_unit,arch:plymouth:usr/lib/systemd/system/plymouth-quit.service,tier_a_matching,NO_TIER_A_PARTNER,usr/lib/systemd/system/plymouth-quit.service
service_unit,arch:plymouth:usr/lib/systemd/system/plymouth-read-write.service,tier_a_matching,NO_TIER_A_PARTNER,usr/lib/systemd/system/plymouth-read-write.service
service_unit,arch:plymouth:usr/lib/systemd/system/plymouth-reboot.service,tier_a_matching,NO_TIER_A_PARTNER,usr/lib/systemd/system/plymouth-reboot.service
service_unit,arch:plymouth:usr/lib/systemd/system/plymouth-start.service,tier_a_matching,NO_TIER_A_PARTNER,usr/lib/systemd/system/plymouth-start.service
service_unit,arch:plymouth:usr/lib/systemd/system/plymouth-switch-root-initramfs.service,tier_a_matching,NO_TIER_A_PARTNER,usr/lib/systemd/system/plymouth-switch-root-initramfs.service
service_unit,arch:plymouth:usr/lib/systemd/system/plymouth-switch-root.service,tier_a_matching,NO_TIER_A_PARTNER,usr/lib/systemd/system/plymouth-switch-root.service
service_unit,arch:plymouth:usr/lib/systemd/system/poweroff.target.wants/plymouth-poweroff.service,tier_a_matching,DUPLICATE_ALIAS,usr/lib/systemd/system/plymouth-poweroff.service
service_unit,arch:plymouth:usr/lib/systemd/system/poweroff.target.wants/plymouth-switch-root-initramfs.service,tier_a_matching,DUPLICATE_ALIAS,usr/lib/systemd/system/plymouth-switch-root-initramfs.service
service_unit,arch:plymouth:usr/lib/systemd/system/reboot.target.wants/plymouth-reboot.service,tier_a_matching,DUPLICATE_ALIAS,usr/lib/systemd/system/plymouth-reboot.service
service_unit,arch:plymouth:usr/lib/systemd/system/reboot.target.wants/plymouth-switch-root-initramfs.service,tier_a_matching,DUPLICATE_ALIAS,usr/lib/systemd/system/plymouth-switch-root-initramfs.service
service_unit,arch:plymouth:usr/lib/systemd/system/sysinit.target.wants/plymouth-read-write.service,tier_a_matching,DUPLICATE_ALIAS,usr/lib/systemd/system/plymouth-read-write.service
service_unit,arch:plymouth:usr/lib/systemd/system/sysinit.target.wants/plymouth-start.service,tier_a_matching,DUPLICATE_ALIAS,usr/lib/systemd/system/plymouth-start.service
service_unit,arch:polkit:usr/lib/systemd/system/polkit-agent-helper@.service,tier_a_matching,NO_TIER_A_PARTNER,usr/lib/systemd/system/polkit-agent-helper@.service
service_unit,arch:postfwd:usr/lib/systemd/system/postfwd2.service,tier_a_matching,NO_TIER_A_PARTNER,usr/lib/systemd/system/postfwd2.service
service_unit,arch:postgresql:usr/lib/systemd/system/postgresql.service,tier_a_matching,NO_TIER_A_PARTNER,usr/lib/systemd/system/postgresql.service
service_unit,arch:powerdns-recursor:usr/lib/systemd/system/pdns-recursor@.service,tier_a_matching,NO_TIER_A_PARTNER,usr/lib/systemd/system/pdns-recursor@.service
service_unit,arch:powerdns:usr/lib/systemd/system/ixfrdist@.service,tier_a_matching,NO_TIER_A_PARTNER,usr/lib/systemd/system/ixfrdist@.service
service_unit,arch:powerdns:usr/lib/systemd/system/pdns@.service,tier_a_matching,NO_TIER_A_PARTNER,usr/lib/systemd/system/pdns@.service
service_unit,arch:privoxy:usr/lib/systemd/system/privoxy.service,tier_a_matching,NO_TIER_A_PARTNER,usr/lib/systemd/system/privoxy.service
service_unit,arch:prometheus-smartctl-exporter:usr/lib/systemd/system/prometheus-smartctl-exporter.service,tier_a_matching,NO_TIER_A_PARTNER,usr/lib/systemd/system/prometheus-smartctl-exporter.service
service_unit,arch:qbittorrent-nox:usr/lib/systemd/system/qbittorrent-nox.service,tier_a_matching,NO_TIER_A_PARTNER,usr/lib/systemd/system/qbittorrent-nox.service
service_unit,arch:qbittorrent-nox:usr/lib/systemd/system/qbittorrent-nox@.service,tier_a_matching,NO_TIER_A_PARTNER,usr/lib/systemd/system/qbittorrent-nox@.service
service_unit,arch:qemu-guest-agent:usr/lib/systemd/system/qemu-guest-agent.service,tier_a_matching,NO_TIER_A_PARTNER,usr/lib/systemd/system/qemu-guest-agent.service
service_unit,arch:qemu-vmsr-helper:usr/lib/systemd/system/qemu-vmsr-helper.service,tier_a_matching,NO_TIER_A_PARTNER,usr/lib/systemd/system/qemu-vmsr-helper.service
service_unit,arch:rdma-core:usr/lib/systemd/system/rdma-load-modules@.service,tier_a_matching,NO_TIER_A_PARTNER,usr/lib/systemd/system/rdma-load-modules@.service
service_unit,arch:rdma-core:usr/lib/systemd/system/srp_daemon_port@.service,tier_a_matching,NO_TIER_A_PARTNER,usr/lib/systemd/system/srp_daemon_port@.service
service_unit,arch:rebuilderd:usr/lib/systemd/system/rebuilderd-sync@.service,tier_a_matching,NO_TIER_A_PARTNER,usr/lib/systemd/system/rebuilderd-sync@.service
service_unit,arch:rebuilderd:usr/lib/systemd/system/rebuilderd-worker@.service,tier_a_matching,NO_TIER_A_PARTNER,usr/lib/systemd/system/rebuilderd-worker@.service
service_unit,arch:rebuilderd:usr/lib/systemd/system/rebuilderd.service,tier_a_matching,NO_TIER_A_PARTNER,usr/lib/systemd/system/rebuilderd.service
service_unit,arch:recoll:usr/lib/systemd/system/recollindex@.service,tier_a_matching,NO_TIER_A_PARTNER,usr/lib/systemd/system/recollindex@.service
service_unit,arch:rspamd:usr/lib/systemd/system/rspamd-dmarc-report.service,tier_a_matching,NO_TIER_A_PARTNER,usr/lib/systemd/system/rspamd-dmarc-report.service
service_unit,arch:rspamd:usr/lib/systemd/system/rspamd.service,tier_a_matching,NO_TIER_A_PARTNER,usr/lib/systemd/system/rspamd.service
service_unit,arch:rsync:usr/lib/systemd/system/rsyncd@.service,tier_a_matching,NO_TIER_A_PARTNER,usr/lib/systemd/system/rsyncd@.service
service_unit,arch:snapper:usr/lib/systemd/system/snapper-cleanup.service,tier_a_matching,NO_TIER_A_PARTNER,usr/lib/systemd/system/snapper-cleanup.service
service_unit,arch:snapper:usr/lib/systemd/system/snapper-timeline.service,tier_a_matching,NO_TIER_A_PARTNER,usr/lib/systemd/system/snapper-timeline.service
service_unit,arch:spamassassin:usr/lib/systemd/system/spamassassin-update.service,tier_a_matching,NO_TIER_A_PARTNER,usr/lib/systemd/system/spamassassin-update.service
service_unit,arch:squid:usr/lib/systemd/system/squid-rotate.service,tier_a_matching,NO_TIER_A_PARTNER,usr/lib/systemd/system/squid-rotate.service
service_unit,arch:squid:usr/lib/systemd/system/squid.service,tier_a_matching,NO_TIER_A_PARTNER,usr/lib/systemd/system/squid.service
service_unit,arch:sslh:usr/lib/systemd/system/sslh-fork.service,tier_a_matching,NO_TIER_A_PARTNER,usr/lib/systemd/system/sslh-fork.service
service_unit,arch:sslh:usr/lib/systemd/system/sslh-select.service,tier_a_matching,NO_TIER_A_PARTNER,usr/lib/systemd/system/sslh-select.service
service_unit,arch:syncplay:usr/lib/systemd/system/syncplay@.service,tier_a_matching,NO_TIER_A_PARTNER,usr/lib/systemd/system/syncplay@.service
service_unit,arch:sysstat:usr/lib/systemd/system/sysstat-collect.service,tier_a_matching,NO_TIER_A_PARTNER,usr/lib/systemd/system/sysstat-collect.service
service_unit,arch:sysstat:usr/lib/systemd/system/sysstat-rotate.service,tier_a_matching,NO_TIER_A_PARTNER,usr/lib/systemd/system/sysstat-rotate.service
service_unit,arch:sysstat:usr/lib/systemd/system/sysstat.service,tier_a_matching,NO_TIER_A_PARTNER,usr/lib/systemd/system/sysstat.service
service_unit,arch:system-config-printer:usr/lib/systemd/system/configure-printer@.service,tier_a_matching,NO_TIER_A_PARTNER,usr/lib/systemd/system/configure-printer@.service
service_unit,arch:tang:usr/lib/systemd/system/tangd@.service,tier_a_matching,NO_TIER_A_PARTNER,usr/lib/systemd/system/tangd@.service
service_unit,arch:tigervnc:usr/lib/systemd/system/vncserver@.service,tier_a_matching,NO_TIER_A_PARTNER,usr/lib/systemd/system/vncserver@.service
service_unit,arch:tinc:usr/lib/systemd/system/tinc@.service,tier_a_matching,NO_TIER_A_PARTNER,usr/lib/systemd/system/tinc@.service
service_unit,arch:tomcat10:usr/lib/systemd/system/tomcat10.service,tier_a_matching,NO_TIER_A_PARTNER,usr/lib/systemd/system/tomcat10.service
service_unit,arch:tomcat9:usr/lib/systemd/system/tomcat9.service,tier_a_matching,NO_TIER_A_PARTNER,usr/lib/systemd/system/tomcat9.service
service_unit,arch:trojan:usr/lib/systemd/system/trojan@.service,tier_a_matching,NO_TIER_A_PARTNER,usr/lib/systemd/system/trojan@.service
service_unit,arch:usb_modeswitch:usr/lib/systemd/system/usb_modeswitch@.service,tier_a_matching,NO_TIER_A_PARTNER,usr/lib/systemd/system/usb_modeswitch@.service
service_unit,arch:util-linux:usr/lib/systemd/system/rfkill-block@.service,tier_a_matching,NO_TIER_A_PARTNER,usr/lib/systemd/system/rfkill-block@.service
service_unit,arch:util-linux:usr/lib/systemd/system/rfkill-unblock@.service,tier_a_matching,NO_TIER_A_PARTNER,usr/lib/systemd/system/rfkill-unblock@.service
service_unit,arch:v2ray:usr/lib/systemd/system/v2ray@.service,tier_a_matching,NO_TIER_A_PARTNER,usr/lib/systemd/system/v2ray@.service
service_unit,arch:valkey:usr/lib/systemd/system/redis-sentinel.service,tier_a_matching,DUPLICATE_ALIAS,usr/lib/systemd/system/valkey-sentinel.service
service_unit,arch:valkey:usr/lib/systemd/system/redis.service,tier_a_matching,DUPLICATE_ALIAS,usr/lib/systemd/system/valkey.service
service_unit,arch:vpnc:usr/lib/systemd/system/vpnc@.service,tier_a_matching,NO_TIER_A_PARTNER,usr/lib/systemd/system/vpnc@.service
service_unit,arch:vsftpd:usr/lib/systemd/system/vsftpd@.service,tier_a_matching,NO_TIER_A_PARTNER,usr/lib/systemd/system/vsftpd@.service
service_unit,arch:wireguard-tools:usr/lib/systemd/system/wg-quick@.service,tier_a_matching,NO_TIER_A_PARTNER,usr/lib/systemd/system/wg-quick@.service
service_unit,arch:wpa_supplicant:usr/lib/systemd/system/wpa_supplicant-nl80211@.service,tier_a_matching,NO_TIER_A_PARTNER,usr/lib/systemd/system/wpa_supplicant-nl80211@.service
service_unit,arch:wpa_supplicant:usr/lib/systemd/system/wpa_supplicant-wired@.service,tier_a_matching,NO_TIER_A_PARTNER,usr/lib/systemd/system/wpa_supplicant-wired@.service
service_unit,arch:wpa_supplicant:usr/lib/systemd/system/wpa_supplicant@.service,tier_a_matching,NO_TIER_A_PARTNER,usr/lib/systemd/system/wpa_supplicant@.service
service_unit,arch:wsdd:usr/lib/systemd/system/wsdd-discovery.service,tier_a_matching,NO_TIER_A_PARTNER,usr/lib/systemd/system/wsdd-discovery.service
service_unit,arch:wsdd:usr/lib/systemd/system/wsdd.service,tier_a_matching,NO_TIER_A_PARTNER,usr/lib/systemd/system/wsdd.service
service_unit,arch:xfsprogs:usr/lib/systemd/system/xfs_healer@.service,tier_a_matching,NO_TIER_A_PARTNER,usr/lib/systemd/system/xfs_healer@.service
service_unit,arch:xfsprogs:usr/lib/systemd/system/xfs_scrub@.service,tier_a_matching,NO_TIER_A_PARTNER,usr/lib/systemd/system/xfs_scrub@.service
service_unit,arch:xfsprogs:usr/lib/systemd/system/xfs_scrub_fail@.service,tier_a_matching,NO_TIER_A_PARTNER,usr/lib/systemd/system/xfs_scrub_fail@.service
service_unit,arch:xfsprogs:usr/lib/systemd/system/xfs_scrub_media@.service,tier_a_matching,NO_TIER_A_PARTNER,usr/lib/systemd/system/xfs_scrub_media@.service
service_unit,arch:xfsprogs:usr/lib/systemd/system/xfs_scrub_media_fail@.service,tier_a_matching,NO_TIER_A_PARTNER,usr/lib/systemd/system/xfs_scrub_media_fail@.service
service_unit,arch:xpra:usr/lib/systemd/system/xpra-encoder.service,tier_a_matching,NO_TIER_A_PARTNER,usr/lib/systemd/system/xpra-encoder.service
service_unit,arch:xpra:usr/lib/systemd/system/xpra.service,tier_a_matching,NO_TIER_A_PARTNER,usr/lib/systemd/system/xpra.service
service_unit,arch:yggdrasil:usr/lib/systemd/system/yggdrasil-default-config.service,tier_a_matching,NO_TIER_A_PARTNER,usr/lib/systemd/system/yggdrasil-default-config.service
service_unit,arch:yggdrasil:usr/lib/systemd/system/yggdrasil.service,tier_a_matching,NO_TIER_A_PARTNER,usr/lib/systemd/system/yggdrasil.service
service_unit,arch:zabbix-agent2:usr/lib/systemd/system/zabbix-agent2.service,tier_a_matching,NO_TIER_A_PARTNER,usr/lib/systemd/system/zabbix-agent2.service
service_unit,arch:zabbix-proxy:usr/lib/systemd/system/zabbix-proxy-mysql.service,tier_a_matching,NO_TIER_A_PARTNER,usr/lib/systemd/system/zabbix-proxy-mysql.service
service_unit,arch:zabbix-proxy:usr/lib/systemd/system/zabbix-proxy-pgsql.service,tier_a_matching,NO_TIER_A_PARTNER,usr/lib/systemd/system/zabbix-proxy-pgsql.service
service_unit,arch:zabbix-proxy:usr/lib/systemd/system/zabbix-proxy-sqlite.service,tier_a_matching,NO_TIER_A_PARTNER,usr/lib/systemd/system/zabbix-proxy-sqlite.service
service_unit,arch:zabbix-server:usr/lib/systemd/system/zabbix-server-mysql.service,tier_a_matching,NO_TIER_A_PARTNER,usr/lib/systemd/system/zabbix-server-mysql.service
service_unit,arch:zabbix-server:usr/lib/systemd/system/zabbix-server-pgsql.service,tier_a_matching,NO_TIER_A_PARTNER,usr/lib/systemd/system/zabbix-server-pgsql.service
service_unit,arch:zabbix-web-service:usr/lib/systemd/system/zabbix-web-service.service,tier_a_matching,NO_TIER_A_PARTNER,usr/lib/systemd/system/zabbix-web-service.service
service_unit,arch:zram-generator:usr/lib/systemd/system/systemd-zram-setup@.service,tier_a_matching,NO_TIER_A_PARTNER,usr/lib/systemd/system/systemd-zram-setup@.service
service_unit,debian:alsa-utils:usr/lib/systemd/system/alsa-restore.service,tier_a_matching,NO_TIER_A_PARTNER,usr/lib/systemd/system/alsa-restore.service
service_unit,debian:alsa-utils:usr/lib/systemd/system/alsa-state.service,tier_a_matching,NO_TIER_A_PARTNER,usr/lib/systemd/system/alsa-state.service
service_unit,debian:alsa-utils:usr/lib/systemd/system/alsa-utils.service,tier_a_matching,MASKED_EFFECTIVE_UNIT,usr/lib/systemd/system/alsa-utils.service
service_unit,debian:alsa-utils:usr/lib/systemd/system/sound.target.wants/alsa-restore.service,tier_a_matching,DUPLICATE_ALIAS,usr/lib/systemd/system/alsa-restore.service
service_unit,debian:alsa-utils:usr/lib/systemd/system/sound.target.wants/alsa-state.service,tier_a_matching,DUPLICATE_ALIAS,usr/lib/systemd/system/alsa-state.service
service_unit,debian:apache2:usr/lib/systemd/system/apache-htcacheclean@.service,tier_a_matching,NO_TIER_A_PARTNER,usr/lib/systemd/system/apache-htcacheclean@.service
service_unit,debian:apache2:usr/lib/systemd/system/apache2@.service,tier_a_matching,NO_TIER_A_PARTNER,usr/lib/systemd/system/apache2@.service
service_unit,debian:apcupsd:usr/lib/systemd/system/ups-monitor.service,tier_a_matching,MASKED_EFFECTIVE_UNIT,usr/lib/systemd/system/ups-monitor.service
service_unit,debian:arpwatch:usr/lib/systemd/system/arpwatch@.service,tier_a_matching,NO_TIER_A_PARTNER,usr/lib/systemd/system/arpwatch@.service
service_unit,debian:bind9:usr/lib/systemd/system/named.service,tier_a_matching,NO_TIER_A_PARTNER,usr/lib/systemd/system/named.service
service_unit,debian:bird2:usr/lib/systemd/system/bird.service,tier_a_matching,NO_TIER_A_PARTNER,usr/lib/systemd/system/bird.service
service_unit,debian:bird3:usr/lib/systemd/system/bird.service,tier_a_matching,NO_TIER_A_PARTNER,usr/lib/systemd/system/bird.service
service_unit,debian:boinc-client:usr/lib/systemd/system/boinc-client.service,tier_a_matching,NO_TIER_A_PARTNER,usr/lib/systemd/system/boinc-client.service
service_unit,debian:booth:usr/lib/systemd/system/booth@.service,tier_a_matching,NO_TIER_A_PARTNER,usr/lib/systemd/system/booth@.service
service_unit,debian:caddy:usr/lib/systemd/system/caddy-api.service,tier_a_matching,NO_TIER_A_PARTNER,usr/lib/systemd/system/caddy-api.service
service_unit,debian:caddy:usr/lib/systemd/system/caddy.service,tier_a_matching,NO_TIER_A_PARTNER,usr/lib/systemd/system/caddy.service
service_unit,debian:ceph-fuse:usr/lib/systemd/system/ceph-fuse@.service,tier_a_matching,NO_TIER_A_PARTNER,usr/lib/systemd/system/ceph-fuse@.service
service_unit,debian:ceph-immutable-object-cache:usr/lib/systemd/system/ceph-immutable-object-cache@.service,tier_a_matching,NO_TIER_A_PARTNER,usr/lib/systemd/system/ceph-immutable-object-cache@.service
service_unit,debian:ceph-mds:usr/lib/systemd/system/ceph-mds@.service,tier_a_matching,NO_TIER_A_PARTNER,usr/lib/systemd/system/ceph-mds@.service
service_unit,debian:ceph-mgr:usr/lib/systemd/system/ceph-mgr@.service,tier_a_matching,NO_TIER_A_PARTNER,usr/lib/systemd/system/ceph-mgr@.service
service_unit,debian:ceph-mon:usr/lib/systemd/system/ceph-mon@.service,tier_a_matching,NO_TIER_A_PARTNER,usr/lib/systemd/system/ceph-mon@.service
service_unit,debian:ceph-osd:usr/lib/systemd/system/ceph-osd@.service,tier_a_matching,NO_TIER_A_PARTNER,usr/lib/systemd/system/ceph-osd@.service
service_unit,debian:cephfs-mirror:usr/lib/systemd/system/cephfs-mirror@.service,tier_a_matching,NO_TIER_A_PARTNER,usr/lib/systemd/system/cephfs-mirror@.service
service_unit,debian:chrony:usr/lib/systemd/system/chrony-dnssrv@.service,tier_a_matching,NO_TIER_A_PARTNER,usr/lib/systemd/system/chrony-dnssrv@.service
service_unit,debian:chrony:usr/lib/systemd/system/chrony.service,tier_a_matching,NO_TIER_A_PARTNER,usr/lib/systemd/system/chrony.service
service_unit,debian:chrony:usr/lib/systemd/system/chronyd-restricted.service,tier_a_matching,NO_TIER_A_PARTNER,usr/lib/systemd/system/chronyd-restricted.service
service_unit,debian:clamav-freshclam:usr/lib/systemd/system/clamav-freshclam-once.service,tier_a_matching,NO_TIER_A_PARTNER,usr/lib/systemd/system/clamav-freshclam-once.service
service_unit,debian:clamav-freshclam:usr/lib/systemd/system/clamav-freshclam.service,tier_a_matching,NO_TIER_A_PARTNER,usr/lib/systemd/system/clamav-freshclam.service
service_unit,debian:cockpit-ws:usr/lib/systemd/system/cockpit-session-socket-user.service,tier_a_matching,NO_TIER_A_PARTNER,usr/lib/systemd/system/cockpit-session-socket-user.service
service_unit,debian:cockpit-ws:usr/lib/systemd/system/cockpit-session@.service,tier_a_matching,NO_TIER_A_PARTNER,usr/lib/systemd/system/cockpit-session@.service
service_unit,debian:cockpit-ws:usr/lib/systemd/system/cockpit-wsinstance-https-factory@.service,tier_a_matching,NO_TIER_A_PARTNER,usr/lib/systemd/system/cockpit-wsinstance-https-factory@.service
service_unit,debian:cockpit-ws:usr/lib/systemd/system/cockpit-wsinstance-https@.service,tier_a_matching,NO_TIER_A_PARTNER,usr/lib/systemd/system/cockpit-wsinstance-https@.service
service_unit,debian:cockpit-ws:usr/lib/systemd/system/cockpit-wsinstance-socket-user.service,tier_a_matching,NO_TIER_A_PARTNER,usr/lib/systemd/system/cockpit-wsinstance-socket-user.service
service_unit,debian:containerd:usr/lib/systemd/system/containerd.service,tier_a_matching,NO_TIER_A_PARTNER,usr/lib/systemd/system/containerd.service
service_unit,debian:dnsdist:usr/lib/systemd/system/dnsdist@.service,tier_a_matching,NO_TIER_A_PARTNER,usr/lib/systemd/system/dnsdist@.service
service_unit,debian:dovecot-core:usr/lib/systemd/system/dovecot.service,tier_a_matching,NO_TIER_A_PARTNER,usr/lib/systemd/system/dovecot.service
service_unit,debian:dracut-core:usr/lib/systemd/system/dracut-cmdline.service,tier_a_matching,DUPLICATE_ALIAS,usr/lib/dracut/modules.d/98dracut-systemd/dracut-cmdline.service
service_unit,debian:dracut-core:usr/lib/systemd/system/dracut-initqueue.service,tier_a_matching,DUPLICATE_ALIAS,usr/lib/dracut/modules.d/98dracut-systemd/dracut-initqueue.service
service_unit,debian:dracut-core:usr/lib/systemd/system/dracut-mount.service,tier_a_matching,DUPLICATE_ALIAS,usr/lib/dracut/modules.d/98dracut-systemd/dracut-mount.service
service_unit,debian:dracut-core:usr/lib/systemd/system/dracut-pre-mount.service,tier_a_matching,DUPLICATE_ALIAS,usr/lib/dracut/modules.d/98dracut-systemd/dracut-pre-mount.service
service_unit,debian:dracut-core:usr/lib/systemd/system/dracut-pre-pivot.service,tier_a_matching,DUPLICATE_ALIAS,usr/lib/dracut/modules.d/98dracut-systemd/dracut-pre-pivot.service
service_unit,debian:dracut-core:usr/lib/systemd/system/dracut-pre-trigger.service,tier_a_matching,DUPLICATE_ALIAS,usr/lib/dracut/modules.d/98dracut-systemd/dracut-pre-trigger.service
service_unit,debian:dracut-core:usr/lib/systemd/system/dracut-pre-udev.service,tier_a_matching,DUPLICATE_ALIAS,usr/lib/dracut/modules.d/98dracut-systemd/dracut-pre-udev.service
service_unit,debian:dracut-core:usr/lib/systemd/system/dracut-shutdown-onfailure.service,tier_a_matching,DUPLICATE_ALIAS,usr/lib/dracut/modules.d/98dracut-systemd/dracut-shutdown-onfailure.service
service_unit,debian:dracut-core:usr/lib/systemd/system/dracut-shutdown.service,tier_a_matching,DUPLICATE_ALIAS,usr/lib/dracut/modules.d/98dracut-systemd/dracut-shutdown.service
service_unit,debian:dracut-core:usr/lib/systemd/system/initrd.target.wants/dracut-cmdline.service,tier_a_matching,DUPLICATE_ALIAS,usr/lib/dracut/modules.d/98dracut-systemd/dracut-cmdline.service
service_unit,debian:dracut-core:usr/lib/systemd/system/initrd.target.wants/dracut-initqueue.service,tier_a_matching,DUPLICATE_ALIAS,usr/lib/dracut/modules.d/98dracut-systemd/dracut-initqueue.service
service_unit,debian:dracut-core:usr/lib/systemd/system/initrd.target.wants/dracut-mount.service,tier_a_matching,DUPLICATE_ALIAS,usr/lib/dracut/modules.d/98dracut-systemd/dracut-mount.service
service_unit,debian:dracut-core:usr/lib/systemd/system/initrd.target.wants/dracut-pre-mount.service,tier_a_matching,DUPLICATE_ALIAS,usr/lib/dracut/modules.d/98dracut-systemd/dracut-pre-mount.service
service_unit,debian:dracut-core:usr/lib/systemd/system/initrd.target.wants/dracut-pre-pivot.service,tier_a_matching,DUPLICATE_ALIAS,usr/lib/dracut/modules.d/98dracut-systemd/dracut-pre-pivot.service
service_unit,debian:dracut-core:usr/lib/systemd/system/initrd.target.wants/dracut-pre-trigger.service,tier_a_matching,DUPLICATE_ALIAS,usr/lib/dracut/modules.d/98dracut-systemd/dracut-pre-trigger.service
service_unit,debian:dracut-core:usr/lib/systemd/system/initrd.target.wants/dracut-pre-udev.service,tier_a_matching,DUPLICATE_ALIAS,usr/lib/dracut/modules.d/98dracut-systemd/dracut-pre-udev.service
service_unit,debian:dracut-core:usr/lib/systemd/system/sysinit.target.wants/dracut-shutdown.service,tier_a_matching,DUPLICATE_ALIAS,usr/lib/dracut/modules.d/98dracut-systemd/dracut-shutdown.service
service_unit,debian:drbd-utils:usr/lib/systemd/system/drbd-demote-or-escalate@.service,tier_a_matching,NO_TIER_A_PARTNER,usr/lib/systemd/system/drbd-demote-or-escalate@.service
service_unit,debian:drbd-utils:usr/lib/systemd/system/drbd-lvchange@.service,tier_a_matching,NO_TIER_A_PARTNER,usr/lib/systemd/system/drbd-lvchange@.service
service_unit,debian:drbd-utils:usr/lib/systemd/system/drbd-promote@.service,tier_a_matching,NO_TIER_A_PARTNER,usr/lib/systemd/system/drbd-promote@.service
service_unit,debian:drbd-utils:usr/lib/systemd/system/drbd-reconfigure-suspend-or-error@.service,tier_a_matching,NO_TIER_A_PARTNER,usr/lib/systemd/system/drbd-reconfigure-suspend-or-error@.service
service_unit,debian:drbd-utils:usr/lib/systemd/system/drbd-wait-promotable@.service,tier_a_matching,NO_TIER_A_PARTNER,usr/lib/systemd/system/drbd-wait-promotable@.service
service_unit,debian:drbd-utils:usr/lib/systemd/system/drbd@.service,tier_a_matching,NO_TIER_A_PARTNER,usr/lib/systemd/system/drbd@.service
service_unit,debian:drbd-utils:usr/lib/systemd/system/ocf.ra@.service,tier_a_matching,NO_TIER_A_PARTNER,usr/lib/systemd/system/ocf.ra@.service
service_unit,debian:drkonqi:usr/lib/systemd/system/drkonqi-coredump-processor@.service,tier_a_matching,NO_TIER_A_PARTNER,usr/lib/systemd/system/drkonqi-coredump-processor@.service
service_unit,debian:drkonqi:usr/lib/systemd/system/systemd-coredump@.service.wants/drkonqi-coredump-processor@.service,tier_a_matching,DUPLICATE_ALIAS,usr/lib/systemd/system/drkonqi-coredump-processor@.service
service_unit,debian:e2fsprogs:usr/lib/systemd/system/e2scrub@.service,tier_a_matching,NO_TIER_A_PARTNER,usr/lib/systemd/system/e2scrub@.service
service_unit,debian:e2fsprogs:usr/lib/systemd/system/e2scrub_all.service,tier_a_matching,NO_TIER_A_PARTNER,usr/lib/systemd/system/e2scrub_all.service
service_unit,debian:e2fsprogs:usr/lib/systemd/system/e2scrub_fail@.service,tier_a_matching,NO_TIER_A_PARTNER,usr/lib/systemd/system/e2scrub_fail@.service
service_unit,debian:e2fsprogs:usr/lib/systemd/system/e2scrub_reap.service,tier_a_matching,NO_TIER_A_PARTNER,usr/lib/systemd/system/e2scrub_reap.service
service_unit,debian:emptty:usr/lib/systemd/system/emptty@.service,tier_a_matching,NO_TIER_A_PARTNER,usr/lib/systemd/system/emptty@.service
service_unit,debian:exim4-daemon-heavy:usr/lib/systemd/system/exim4.service,tier_a_matching,NO_TIER_A_PARTNER,usr/lib/systemd/system/exim4.service
service_unit,debian:exim4-daemon-light:usr/lib/systemd/system/exim4.service,tier_a_matching,NO_TIER_A_PARTNER,usr/lib/systemd/system/exim4.service
service_unit,debian:frr:usr/lib/systemd/system/frr@.service,tier_a_matching,NO_TIER_A_PARTNER,usr/lib/systemd/system/frr@.service
service_unit,debian:gdm3:usr/lib/systemd/system/gdm3.service,tier_a_matching,DUPLICATE_ALIAS,usr/lib/systemd/system/gdm.service
service_unit,debian:globus-gatekeeper:usr/lib/systemd/system/globus-gatekeeper.service,tier_a_matching,NO_TIER_A_PARTNER,usr/lib/systemd/system/globus-gatekeeper.service
service_unit,debian:globus-gridftp-server-progs:usr/lib/systemd/system/globus-gridftp-sshftp.service,tier_a_matching,NO_TIER_A_PARTNER,usr/lib/systemd/system/globus-gridftp-sshftp.service
service_unit,debian:globus-scheduler-event-generator-progs:usr/lib/systemd/system/globus-scheduler-event-generator@.service,tier_a_matching,NO_TIER_A_PARTNER,usr/lib/systemd/system/globus-scheduler-event-generator@.service
service_unit,debian:google-guest-agent:usr/lib/systemd/system/google-guest-agent.service,tier_a_matching,NO_TIER_A_PARTNER,usr/lib/systemd/system/google-guest-agent.service
service_unit,debian:google-guest-agent:usr/lib/systemd/system/google-startup-scripts.service,tier_a_matching,NO_TIER_A_PARTNER,usr/lib/systemd/system/google-startup-scripts.service
service_unit,debian:grub-common:usr/lib/systemd/system/grub-common.service,tier_a_matching,NO_TIER_A_PARTNER,usr/lib/systemd/system/grub-common.service
service_unit,debian:hdapsd:usr/lib/systemd/system/hdapsd@.service,tier_a_matching,NO_TIER_A_PARTNER,usr/lib/systemd/system/hdapsd@.service
service_unit,debian:hostapd:usr/lib/systemd/system/hostapd@.service,tier_a_matching,NO_TIER_A_PARTNER,usr/lib/systemd/system/hostapd@.service
service_unit,debian:incus-base:usr/lib/systemd/system/incus-startup.service,tier_a_matching,NO_TIER_A_PARTNER,usr/lib/systemd/system/incus-startup.service
service_unit,debian:knot-resolver:usr/lib/systemd/system/kresd.service,tier_a_matching,MASKED_EFFECTIVE_UNIT,usr/lib/systemd/system/kresd.service
service_unit,debian:knot-resolver:usr/lib/systemd/system/kresd@.service,tier_a_matching,NO_TIER_A_PARTNER,usr/lib/systemd/system/kresd@.service
service_unit,debian:libvirt-daemon-common:usr/lib/systemd/system/libvirt-guests.service,tier_a_matching,NO_TIER_A_PARTNER,usr/lib/systemd/system/libvirt-guests.service
service_unit,debian:lighttpd:usr/lib/systemd/system/lighttpd-maint.service,tier_a_matching,NO_TIER_A_PARTNER,usr/lib/systemd/system/lighttpd-maint.service
service_unit,debian:lighttpd:usr/lib/systemd/system/lighttpd.service,tier_a_matching,NO_TIER_A_PARTNER,usr/lib/systemd/system/lighttpd.service
service_unit,debian:luanti-server:usr/lib/systemd/system/luanti-server@.service,tier_a_matching,NO_TIER_A_PARTNER,usr/lib/systemd/system/luanti-server@.service
service_unit,debian:luanti-server:usr/lib/systemd/system/minetest-server.service,tier_a_matching,DUPLICATE_ALIAS,usr/lib/systemd/system/luanti-server.service
service_unit,debian:luanti-server:usr/lib/systemd/system/minetest-server@.service,tier_a_matching,DUPLICATE_ALIAS,usr/lib/systemd/system/luanti-server@.service
service_unit,debian:lvm2-lockd:usr/lib/systemd/system/lvmlocks.service,tier_a_matching,NO_TIER_A_PARTNER,usr/lib/systemd/system/lvmlocks.service
service_unit,debian:lvm2:usr/lib/systemd/system/lvm2-monitor.service,tier_a_matching,NO_TIER_A_PARTNER,usr/lib/systemd/system/lvm2-monitor.service
service_unit,debian:lxc:usr/lib/systemd/system/lxc@.service,tier_a_matching,NO_TIER_A_PARTNER,usr/lib/systemd/system/lxc@.service
service_unit,debian:mariadb-server:usr/lib/systemd/system/mariadb.service,tier_a_matching,NO_TIER_A_PARTNER,usr/lib/systemd/system/mariadb.service
service_unit,debian:mariadb-server:usr/lib/systemd/system/mariadb@.service,tier_a_matching,NO_TIER_A_PARTNER,usr/lib/systemd/system/mariadb@.service
service_unit,debian:mariadb-server:usr/lib/systemd/system/mysql.service,tier_a_matching,DUPLICATE_ALIAS,usr/lib/systemd/system/mariadb.service
service_unit,debian:mariadb-server:usr/lib/systemd/system/mysqld.service,tier_a_matching,DUPLICATE_ALIAS,usr/lib/systemd/system/mariadb.service
service_unit,debian:nebula:usr/lib/systemd/system/nebula@.service,tier_a_matching,NO_TIER_A_PARTNER,usr/lib/systemd/system/nebula@.service
service_unit,debian:netavark:usr/lib/systemd/system/netavark-dhcp-proxy.service,tier_a_matching,NO_TIER_A_PARTNER,usr/lib/systemd/system/netavark-dhcp-proxy.service
service_unit,debian:netavark:usr/lib/systemd/system/netavark-firewalld-reload.service,tier_a_matching,NO_TIER_A_PARTNER,usr/lib/systemd/system/netavark-firewalld-reload.service
service_unit,debian:network-manager:usr/lib/systemd/system/NetworkManager-wait-online.service,tier_a_matching,NO_TIER_A_PARTNER,usr/lib/systemd/system/NetworkManager-wait-online.service
service_unit,debian:network-manager:usr/lib/systemd/system/NetworkManager.service,tier_a_matching,NO_TIER_A_PARTNER,usr/lib/systemd/system/NetworkManager.service
service_unit,debian:nfs-common:usr/lib/systemd/system/nfs-blkmap.service,tier_a_matching,NO_TIER_A_PARTNER,usr/lib/systemd/system/nfs-blkmap.service
service_unit,debian:nfs-common:usr/lib/systemd/system/nfs-common.service,tier_a_matching,MASKED_EFFECTIVE_UNIT,usr/lib/systemd/system/nfs-common.service
service_unit,debian:nfs-ganesha:usr/lib/systemd/system/nfs-ganesha-lock.service,tier_a_matching,NO_TIER_A_PARTNER,usr/lib/systemd/system/nfs-ganesha-lock.service
service_unit,debian:nfs-kernel-server:usr/lib/systemd/system/nfs-kernel-server.service,tier_a_matching,DUPLICATE_ALIAS,usr/lib/systemd/system/nfs-server.service
service_unit,debian:ntpsec-ntpviz:usr/lib/systemd/system/ntpviz-daily.service,tier_a_matching,NO_TIER_A_PARTNER,usr/lib/systemd/system/ntpviz-daily.service
service_unit,debian:ntpsec-ntpviz:usr/lib/systemd/system/ntpviz-weekly.service,tier_a_matching,NO_TIER_A_PARTNER,usr/lib/systemd/system/ntpviz-weekly.service
service_unit,debian:nut-client:usr/lib/systemd/system/nut-client.service,tier_a_matching,DUPLICATE_ALIAS,usr/lib/systemd/system/nut-monitor.service
service_unit,debian:nut-client:usr/lib/systemd/system/ups-monitor.service,tier_a_matching,MASKED_EFFECTIVE_UNIT,usr/lib/systemd/system/ups-monitor.service
service_unit,debian:nut-server:usr/lib/systemd/system/nut-driver-enumerator.service,tier_a_matching,NO_TIER_A_PARTNER,usr/lib/systemd/system/nut-driver-enumerator.service
service_unit,debian:nut-server:usr/lib/systemd/system/nut-driver@.service,tier_a_matching,NO_TIER_A_PARTNER,usr/lib/systemd/system/nut-driver@.service
service_unit,debian:nvme-cli:usr/lib/systemd/system/nvmf-autoconnect.service,tier_a_matching,NO_TIER_A_PARTNER,usr/lib/systemd/system/nvmf-autoconnect.service
service_unit,debian:nvme-cli:usr/lib/systemd/system/nvmf-connect-nbft.service,tier_a_matching,NO_TIER_A_PARTNER,usr/lib/systemd/system/nvmf-connect-nbft.service
service_unit,debian:nvme-cli:usr/lib/systemd/system/nvmf-connect@.service,tier_a_matching,NO_TIER_A_PARTNER,usr/lib/systemd/system/nvmf-connect@.service
service_unit,debian:oidentd:usr/lib/systemd/system/oidentd@.service,tier_a_matching,NO_TIER_A_PARTNER,usr/lib/systemd/system/oidentd@.service
service_unit,debian:onedrive:usr/lib/systemd/system/onedrive@.service,tier_a_matching,NO_TIER_A_PARTNER,usr/lib/systemd/system/onedrive@.service
service_unit,debian:opensm:usr/lib/systemd/system/opensm@.service,tier_a_matching,NO_TIER_A_PARTNER,usr/lib/systemd/system/opensm@.service
service_unit,debian:openvswitch-ipsec:usr/lib/systemd/system/openvswitch-ipsec.service,tier_a_matching,NO_TIER_A_PARTNER,usr/lib/systemd/system/openvswitch-ipsec.service
service_unit,debian:openvswitch-switch:usr/lib/systemd/system/openvswitch-switch.service,tier_a_matching,NO_TIER_A_PARTNER,usr/lib/systemd/system/openvswitch-switch.service
service_unit,debian:openvswitch-switch:usr/lib/systemd/system/ovs-record-hostname.service,tier_a_matching,NO_TIER_A_PARTNER,usr/lib/systemd/system/ovs-record-hostname.service
service_unit,debian:openvswitch-switch:usr/lib/systemd/system/ovs-vswitchd.service,tier_a_matching,NO_TIER_A_PARTNER,usr/lib/systemd/system/ovs-vswitchd.service
service_unit,debian:openvswitch-switch:usr/lib/systemd/system/ovsdb-server.service,tier_a_matching,NO_TIER_A_PARTNER,usr/lib/systemd/system/ovsdb-server.service
service_unit,debian:ovn-central:usr/lib/systemd/system/ovn-central.service,tier_a_matching,NO_TIER_A_PARTNER,usr/lib/systemd/system/ovn-central.service
service_unit,debian:ovn-central:usr/lib/systemd/system/ovn-northd.service,tier_a_matching,NO_TIER_A_PARTNER,usr/lib/systemd/system/ovn-northd.service
service_unit,debian:ovn-central:usr/lib/systemd/system/ovn-ovsdb-server-nb.service,tier_a_matching,NO_TIER_A_PARTNER,usr/lib/systemd/system/ovn-ovsdb-server-nb.service
service_unit,debian:ovn-central:usr/lib/systemd/system/ovn-ovsdb-server-sb.service,tier_a_matching,NO_TIER_A_PARTNER,usr/lib/systemd/system/ovn-ovsdb-server-sb.service
service_unit,debian:ovn-controller-vtep:usr/lib/systemd/system/ovn-controller-vtep.service,tier_a_matching,NO_TIER_A_PARTNER,usr/lib/systemd/system/ovn-controller-vtep.service
service_unit,debian:ovn-host:usr/lib/systemd/system/ovn-controller.service,tier_a_matching,NO_TIER_A_PARTNER,usr/lib/systemd/system/ovn-controller.service
service_unit,debian:ovn-host:usr/lib/systemd/system/ovn-host.service,tier_a_matching,NO_TIER_A_PARTNER,usr/lib/systemd/system/ovn-host.service
service_unit,debian:ovn-ic-db:usr/lib/systemd/system/ovn-ic-db.service,tier_a_matching,NO_TIER_A_PARTNER,usr/lib/systemd/system/ovn-ic-db.service
service_unit,debian:ovn-ic-db:usr/lib/systemd/system/ovn-ovsdb-server-ic-nb.service,tier_a_matching,NO_TIER_A_PARTNER,usr/lib/systemd/system/ovn-ovsdb-server-ic-nb.service
service_unit,debian:ovn-ic-db:usr/lib/systemd/system/ovn-ovsdb-server-ic-sb.service,tier_a_matching,NO_TIER_A_PARTNER,usr/lib/systemd/system/ovn-ovsdb-server-ic-sb.service
service_unit,debian:ovn-ic:usr/lib/systemd/system/ovn-ic.service,tier_a_matching,NO_TIER_A_PARTNER,usr/lib/systemd/system/ovn-ic.service
service_unit,debian:packagekit:usr/lib/systemd/system/system-update.target.wants/packagekit-offline-update.service,tier_a_matching,DUPLICATE_ALIAS,usr/lib/systemd/system/packagekit-offline-update.service
service_unit,debian:pcp:usr/lib/systemd/system/pmie.service,tier_a_matching,NO_TIER_A_PARTNER,usr/lib/systemd/system/pmie.service
service_unit,debian:pcp:usr/lib/systemd/system/pmlogger.service,tier_a_matching,NO_TIER_A_PARTNER,usr/lib/systemd/system/pmlogger.service
service_unit,debian:pcp:usr/lib/systemd/system/pmlogger_daily.service,tier_a_matching,NO_TIER_A_PARTNER,usr/lib/systemd/system/pmlogger_daily.service
service_unit,debian:pcp:usr/lib/systemd/system/pmproxy.service,tier_a_matching,NO_TIER_A_PARTNER,usr/lib/systemd/system/pmproxy.service
service_unit,debian:pdns-ixfrdist:usr/lib/systemd/system/ixfrdist@.service,tier_a_matching,NO_TIER_A_PARTNER,usr/lib/systemd/system/ixfrdist@.service
service_unit,debian:pdns-recursor:usr/lib/systemd/system/pdns-recursor@.service,tier_a_matching,NO_TIER_A_PARTNER,usr/lib/systemd/system/pdns-recursor@.service
service_unit,debian:pdns-server:usr/lib/systemd/system/pdns@.service,tier_a_matching,NO_TIER_A_PARTNER,usr/lib/systemd/system/pdns@.service
service_unit,debian:php8.4-fpm:usr/lib/systemd/system/php8.4-fpm.service,tier_a_matching,NO_TIER_A_PARTNER,usr/lib/systemd/system/php8.4-fpm.service
service_unit,debian:plymouth:usr/lib/systemd/system/halt.target.wants/plymouth-halt.service,tier_a_matching,DUPLICATE_ALIAS,usr/lib/systemd/system/plymouth-halt.service
service_unit,debian:plymouth:usr/lib/systemd/system/halt.target.wants/plymouth-switch-root-initramfs.service,tier_a_matching,DUPLICATE_ALIAS,usr/lib/systemd/system/plymouth-switch-root-initramfs.service
service_unit,debian:plymouth:usr/lib/systemd/system/initrd-switch-root.target.wants/plymouth-start.service,tier_a_matching,DUPLICATE_ALIAS,usr/lib/systemd/system/plymouth-start.service
service_unit,debian:plymouth:usr/lib/systemd/system/initrd-switch-root.target.wants/plymouth-switch-root.service,tier_a_matching,DUPLICATE_ALIAS,usr/lib/systemd/system/plymouth-switch-root.service
service_unit,debian:plymouth:usr/lib/systemd/system/kexec.target.wants/plymouth-kexec.service,tier_a_matching,DUPLICATE_ALIAS,usr/lib/systemd/system/plymouth-kexec.service
service_unit,debian:plymouth:usr/lib/systemd/system/kexec.target.wants/plymouth-switch-root-initramfs.service,tier_a_matching,DUPLICATE_ALIAS,usr/lib/systemd/system/plymouth-switch-root-initramfs.service
service_unit,debian:plymouth:usr/lib/systemd/system/multi-user.target.wants/plymouth-quit-wait.service,tier_a_matching,DUPLICATE_ALIAS,usr/lib/systemd/system/plymouth-quit-wait.service
service_unit,debian:plymouth:usr/lib/systemd/system/multi-user.target.wants/plymouth-quit.service,tier_a_matching,DUPLICATE_ALIAS,usr/lib/systemd/system/plymouth-quit.service
service_unit,debian:plymouth:usr/lib/systemd/system/plymouth-halt.service,tier_a_matching,NO_TIER_A_PARTNER,usr/lib/systemd/system/plymouth-halt.service
service_unit,debian:plymouth:usr/lib/systemd/system/plymouth-kexec.service,tier_a_matching,NO_TIER_A_PARTNER,usr/lib/systemd/system/plymouth-kexec.service
service_unit,debian:plymouth:usr/lib/systemd/system/plymouth-log.service,tier_a_matching,DUPLICATE_ALIAS,usr/lib/systemd/system/plymouth-read-write.service
service_unit,debian:plymouth:usr/lib/systemd/system/plymouth-poweroff.service,tier_a_matching,NO_TIER_A_PARTNER,usr/lib/systemd/system/plymouth-poweroff.service
service_unit,debian:plymouth:usr/lib/systemd/system/plymouth-quit-wait.service,tier_a_matching,NO_TIER_A_PARTNER,usr/lib/systemd/system/plymouth-quit-wait.service
service_unit,debian:plymouth:usr/lib/systemd/system/plymouth-quit.service,tier_a_matching,NO_TIER_A_PARTNER,usr/lib/systemd/system/plymouth-quit.service
service_unit,debian:plymouth:usr/lib/systemd/system/plymouth-read-write.service,tier_a_matching,NO_TIER_A_PARTNER,usr/lib/systemd/system/plymouth-read-write.service
service_unit,debian:plymouth:usr/lib/systemd/system/plymouth-reboot.service,tier_a_matching,NO_TIER_A_PARTNER,usr/lib/systemd/system/plymouth-reboot.service
service_unit,debian:plymouth:usr/lib/systemd/system/plymouth-start.service,tier_a_matching,NO_TIER_A_PARTNER,usr/lib/systemd/system/plymouth-start.service
service_unit,debian:plymouth:usr/lib/systemd/system/plymouth-switch-root-initramfs.service,tier_a_matching,NO_TIER_A_PARTNER,usr/lib/systemd/system/plymouth-switch-root-initramfs.service
service_unit,debian:plymouth:usr/lib/systemd/system/plymouth-switch-root.service,tier_a_matching,NO_TIER_A_PARTNER,usr/lib/systemd/system/plymouth-switch-root.service
service_unit,debian:plymouth:usr/lib/systemd/system/plymouth.service,tier_a_matching,DUPLICATE_ALIAS,usr/lib/systemd/system/plymouth-quit.service
service_unit,debian:plymouth:usr/lib/systemd/system/poweroff.target.wants/plymouth-poweroff.service,tier_a_matching,DUPLICATE_ALIAS,usr/lib/systemd/system/plymouth-poweroff.service
service_unit,debian:plymouth:usr/lib/systemd/system/poweroff.target.wants/plymouth-switch-root-initramfs.service,tier_a_matching,DUPLICATE_ALIAS,usr/lib/systemd/system/plymouth-switch-root-initramfs.service
service_unit,debian:plymouth:usr/lib/systemd/system/reboot.target.wants/plymouth-reboot.service,tier_a_matching,DUPLICATE_ALIAS,usr/lib/systemd/system/plymouth-reboot.service
service_unit,debian:plymouth:usr/lib/systemd/system/reboot.target.wants/plymouth-switch-root-initramfs.service,tier_a_matching,DUPLICATE_ALIAS,usr/lib/systemd/system/plymouth-switch-root-initramfs.service
service_unit,debian:plymouth:usr/lib/systemd/system/sysinit.target.wants/plymouth-read-write.service,tier_a_matching,DUPLICATE_ALIAS,usr/lib/systemd/system/plymouth-read-write.service
service_unit,debian:plymouth:usr/lib/systemd/system/sysinit.target.wants/plymouth-start.service,tier_a_matching,DUPLICATE_ALIAS,usr/lib/systemd/system/plymouth-start.service
service_unit,debian:postfix:usr/lib/systemd/system/postfix@.service,tier_a_matching,NO_TIER_A_PARTNER,usr/lib/systemd/system/postfix@.service
service_unit,debian:privoxy:usr/lib/systemd/system/privoxy-cleanup.service,tier_a_matching,NO_TIER_A_PARTNER,usr/lib/systemd/system/privoxy-cleanup.service
service_unit,debian:privoxy:usr/lib/systemd/system/privoxy.service,tier_a_matching,NO_TIER_A_PARTNER,usr/lib/systemd/system/privoxy.service
service_unit,debian:proftpd-core:usr/lib/systemd/system/proftpd@.service,tier_a_matching,NO_TIER_A_PARTNER,usr/lib/systemd/system/proftpd@.service
service_unit,debian:prometheus-alertmanager:usr/lib/systemd/system/prometheus-alertmanager.service,tier_a_matching,NO_TIER_A_PARTNER,usr/lib/systemd/system/prometheus-alertmanager.service
service_unit,debian:qbittorrent-nox:usr/lib/systemd/system/qbittorrent-nox@.service,tier_a_matching,NO_TIER_A_PARTNER,usr/lib/systemd/system/qbittorrent-nox@.service
service_unit,debian:qemu-guest-agent:usr/lib/systemd/system/qemu-guest-agent.service,tier_a_matching,NO_TIER_A_PARTNER,usr/lib/systemd/system/qemu-guest-agent.service
service_unit,debian:qemu-system-common:usr/lib/systemd/system/qemu-vmsr-helper.service,tier_a_matching,NO_TIER_A_PARTNER,usr/lib/systemd/system/qemu-vmsr-helper.service
service_unit,debian:radosgw:usr/lib/systemd/system/ceph-radosgw@.service,tier_a_matching,NO_TIER_A_PARTNER,usr/lib/systemd/system/ceph-radosgw@.service
service_unit,debian:rbd-mirror:usr/lib/systemd/system/ceph-rbd-mirror@.service,tier_a_matching,NO_TIER_A_PARTNER,usr/lib/systemd/system/ceph-rbd-mirror@.service
service_unit,debian:rdma-core:usr/lib/systemd/system/rdma-load-modules@.service,tier_a_matching,NO_TIER_A_PARTNER,usr/lib/systemd/system/rdma-load-modules@.service
service_unit,debian:rebuilderd-worker:usr/lib/systemd/system/rebuilderd-worker@.service,tier_a_matching,NO_TIER_A_PARTNER,usr/lib/systemd/system/rebuilderd-worker@.service
service_unit,debian:rmtfs:usr/lib/systemd/system/rmtfs.service,tier_a_matching,NO_TIER_A_PARTNER,usr/lib/systemd/system/rmtfs.service
service_unit,debian:rpcbind:usr/lib/systemd/system/portmap.service,tier_a_matching,DUPLICATE_ALIAS,usr/lib/systemd/system/rpcbind.service
service_unit,debian:sane-utils:usr/lib/systemd/system/saned.service,tier_a_matching,MASKED_EFFECTIVE_UNIT,usr/lib/systemd/system/saned.service
service_unit,debian:sane-utils:usr/lib/systemd/system/saned@.service,tier_a_matching,NO_TIER_A_PARTNER,usr/lib/systemd/system/saned@.service
service_unit,debian:sendmail-bin:usr/lib/systemd/system/sendmail.service,tier_a_matching,NO_TIER_A_PARTNER,usr/lib/systemd/system/sendmail.service
service_unit,debian:snapd:usr/lib/systemd/system/snapd.seeded.service,tier_a_matching,NO_TIER_A_PARTNER,usr/lib/systemd/system/snapd.seeded.service
service_unit,debian:snapper:usr/lib/systemd/system/snapper-cleanup.service,tier_a_matching,NO_TIER_A_PARTNER,usr/lib/systemd/system/snapper-cleanup.service
service_unit,debian:snapper:usr/lib/systemd/system/snapper-timeline.service,tier_a_matching,NO_TIER_A_PARTNER,usr/lib/systemd/system/snapper-timeline.service
service_unit,debian:speech-dispatcher:usr/lib/systemd/system/speech-dispatcher.service,tier_a_matching,DUPLICATE_ALIAS,usr/lib/systemd/system/speech-dispatcherd.service
service_unit,debian:spice-vdagent:usr/lib/systemd/system/spice-vdagent.service,tier_a_matching,DUPLICATE_ALIAS,usr/lib/systemd/system/spice-vdagentd.service
service_unit,debian:squid:usr/lib/systemd/system/squid.service,tier_a_matching,NO_TIER_A_PARTNER,usr/lib/systemd/system/squid.service
service_unit,debian:srptools:usr/lib/systemd/system/srp_daemon_port@.service,tier_a_matching,NO_TIER_A_PARTNER,usr/lib/systemd/system/srp_daemon_port@.service
service_unit,debian:srptools:usr/lib/systemd/system/srptools.service,tier_a_matching,DUPLICATE_ALIAS,usr/lib/systemd/system/srp_daemon.service
service_unit,debian:strongswan-starter:usr/lib/systemd/system/ipsec.service,tier_a_matching,DUPLICATE_ALIAS,usr/lib/systemd/system/strongswan-starter.service
service_unit,debian:stunnel4:usr/lib/systemd/system/stunnel@.service,tier_a_matching,NO_TIER_A_PARTNER,usr/lib/systemd/system/stunnel@.service
service_unit,debian:sysstat:usr/lib/systemd/system/sysstat-collect.service,tier_a_matching,NO_TIER_A_PARTNER,usr/lib/systemd/system/sysstat-collect.service
service_unit,debian:sysstat:usr/lib/systemd/system/sysstat-rotate.service,tier_a_matching,NO_TIER_A_PARTNER,usr/lib/systemd/system/sysstat-rotate.service
service_unit,debian:sysstat:usr/lib/systemd/system/sysstat.service,tier_a_matching,NO_TIER_A_PARTNER,usr/lib/systemd/system/sysstat.service
service_unit,debian:system-config-printer-udev:usr/lib/systemd/system/configure-printer@.service,tier_a_matching,NO_TIER_A_PARTNER,usr/lib/systemd/system/configure-printer@.service
service_unit,debian:systemd-boot:usr/lib/systemd/system/sysinit.target.wants/systemd-boot-random-seed.service,tier_a_matching,DUPLICATE_ALIAS,usr/lib/systemd/system/systemd-boot-random-seed.service
service_unit,debian:systemd-boot:usr/lib/systemd/system/systemd-boot-random-seed.service,tier_a_matching,NO_TIER_A_PARTNER,usr/lib/systemd/system/systemd-boot-random-seed.service
service_unit,debian:systemd-boot:usr/lib/systemd/system/systemd-boot-update.service,tier_a_matching,NO_TIER_A_PARTNER,usr/lib/systemd/system/systemd-boot-update.service
service_unit,debian:systemd-boot:usr/lib/systemd/system/systemd-bootctl@.service,tier_a_matching,NO_TIER_A_PARTNER,usr/lib/systemd/system/systemd-bootctl@.service
service_unit,debian:systemd-container:usr/lib/systemd/system/dbus-org.freedesktop.import1.service,tier_a_matching,DUPLICATE_ALIAS,usr/lib/systemd/system/systemd-importd.service
service_unit,debian:systemd-container:usr/lib/systemd/system/dbus-org.freedesktop.machine1.service,tier_a_matching,DUPLICATE_ALIAS,usr/lib/systemd/system/systemd-machined.service
service_unit,debian:systemd-container:usr/lib/systemd/system/dbus-org.freedesktop.portable1.service,tier_a_matching,DUPLICATE_ALIAS,usr/lib/systemd/system/systemd-portabled.service
service_unit,debian:systemd-container:usr/lib/systemd/system/systemd-nspawn@.service,tier_a_matching,NO_TIER_A_PARTNER,usr/lib/systemd/system/systemd-nspawn@.service
service_unit,debian:systemd-container:usr/lib/systemd/system/systemd-sysupdate-reboot.service,tier_a_matching,NO_TIER_A_PARTNER,usr/lib/systemd/system/systemd-sysupdate-reboot.service
service_unit,debian:systemd-container:usr/lib/systemd/system/systemd-sysupdate.service,tier_a_matching,NO_TIER_A_PARTNER,usr/lib/systemd/system/systemd-sysupdate.service
service_unit,debian:systemd-coredump:usr/lib/systemd/system/systemd-coredump@.service,tier_a_matching,NO_TIER_A_PARTNER,usr/lib/systemd/system/systemd-coredump@.service
service_unit,debian:systemd-homed:usr/lib/systemd/system/systemd-homed-activate.service,tier_a_matching,NO_TIER_A_PARTNER,usr/lib/systemd/system/systemd-homed-activate.service
service_unit,debian:systemd-repart:usr/lib/systemd/system/initrd-root-fs.target.wants/systemd-repart.service,tier_a_matching,DUPLICATE_ALIAS,usr/lib/systemd/system/systemd-repart.service
service_unit,debian:systemd-repart:usr/lib/systemd/system/sysinit.target.wants/systemd-repart.service,tier_a_matching,DUPLICATE_ALIAS,usr/lib/systemd/system/systemd-repart.service
service_unit,debian:systemd-zram-generator:usr/lib/systemd/system/systemd-zram-setup@.service,tier_a_matching,NO_TIER_A_PARTNER,usr/lib/systemd/system/systemd-zram-setup@.service
service_unit,debian:systemd:usr/lib/systemd/system/autovt@.service,tier_a_matching,DUPLICATE_ALIAS,usr/lib/systemd/system/getty@.service
service_unit,debian:systemd:usr/lib/systemd/system/capsule@.service,tier_a_matching,NO_TIER_A_PARTNER,usr/lib/systemd/system/capsule@.service
service_unit,debian:systemd:usr/lib/systemd/system/container-getty@.service,tier_a_matching,NO_TIER_A_PARTNER,usr/lib/systemd/system/container-getty@.service
service_unit,debian:systemd:usr/lib/systemd/system/cryptdisks-early.service,tier_a_matching,MASKED_EFFECTIVE_UNIT,usr/lib/systemd/system/cryptdisks-early.service
service_unit,debian:systemd:usr/lib/systemd/system/cryptdisks.service,tier_a_matching,MASKED_EFFECTIVE_UNIT,usr/lib/systemd/system/cryptdisks.service
service_unit,debian:systemd:usr/lib/systemd/system/dbus-org.freedesktop.hostname1.service,tier_a_matching,DUPLICATE_ALIAS,usr/lib/systemd/system/systemd-hostnamed.service
service_unit,debian:systemd:usr/lib/systemd/system/dbus-org.freedesktop.locale1.service,tier_a_matching,DUPLICATE_ALIAS,usr/lib/systemd/system/systemd-localed.service
service_unit,debian:systemd:usr/lib/systemd/system/dbus-org.freedesktop.login1.service,tier_a_matching,DUPLICATE_ALIAS,usr/lib/systemd/system/systemd-logind.service
service_unit,debian:systemd:usr/lib/systemd/system/dbus-org.freedesktop.timedate1.service,tier_a_matching,DUPLICATE_ALIAS,usr/lib/systemd/system/systemd-timedated.service
service_unit,debian:systemd:usr/lib/systemd/system/debug-shell.service,tier_a_matching,NO_TIER_A_PARTNER,usr/lib/systemd/system/debug-shell.service
service_unit,debian:systemd:usr/lib/systemd/system/emergency.service,tier_a_matching,NO_TIER_A_PARTNER,usr/lib/systemd/system/emergency.service
service_unit,debian:systemd:usr/lib/systemd/system/getty-static.service,tier_a_matching,NO_TIER_A_PARTNER,usr/lib/systemd/system/getty-static.service
service_unit,debian:systemd:usr/lib/systemd/system/getty.target.wants/getty-static.service,tier_a_matching,DUPLICATE_ALIAS,usr/lib/systemd/system/getty-static.service
service_unit,debian:systemd:usr/lib/systemd/system/getty@.service,tier_a_matching,NO_TIER_A_PARTNER,usr/lib/systemd/system/getty@.service
service_unit,debian:systemd:usr/lib/systemd/system/hwclock.service,tier_a_matching,MASKED_EFFECTIVE_UNIT,usr/lib/systemd/system/hwclock.service
service_unit,debian:systemd:usr/lib/systemd/system/initrd-cleanup.service,tier_a_matching,NO_TIER_A_PARTNER,usr/lib/systemd/system/initrd-cleanup.service
service_unit,debian:systemd:usr/lib/systemd/system/initrd-parse-etc.service,tier_a_matching,NO_TIER_A_PARTNER,usr/lib/systemd/system/initrd-parse-etc.service
service_unit,debian:systemd:usr/lib/systemd/system/initrd-switch-root.service,tier_a_matching,NO_TIER_A_PARTNER,usr/lib/systemd/system/initrd-switch-root.service
service_unit,debian:systemd:usr/lib/systemd/system/initrd-udevadm-cleanup-db.service,tier_a_matching,NO_TIER_A_PARTNER,usr/lib/systemd/system/initrd-udevadm-cleanup-db.service
service_unit,debian:systemd:usr/lib/systemd/system/initrd.target.wants/systemd-battery-check.service,tier_a_matching,DUPLICATE_ALIAS,usr/lib/systemd/system/systemd-battery-check.service
service_unit,debian:systemd:usr/lib/systemd/system/initrd.target.wants/systemd-bsod.service,tier_a_matching,DUPLICATE_ALIAS,usr/lib/systemd/system/systemd-bsod.service
service_unit,debian:systemd:usr/lib/systemd/system/initrd.target.wants/systemd-pcrphase-initrd.service,tier_a_matching,DUPLICATE_ALIAS,usr/lib/systemd/system/systemd-pcrphase-initrd.service
service_unit,debian:systemd:usr/lib/systemd/system/kmod.service,tier_a_matching,DUPLICATE_ALIAS,usr/lib/systemd/system/systemd-modules-load.service
service_unit,debian:systemd:usr/lib/systemd/system/modprobe@.service,tier_a_matching,NO_TIER_A_PARTNER,usr/lib/systemd/system/modprobe@.service
service_unit,debian:systemd:usr/lib/systemd/system/multi-user.target.wants/systemd-logind.service,tier_a_matching,DUPLICATE_ALIAS,usr/lib/systemd/system/systemd-logind.service
service_unit,debian:systemd:usr/lib/systemd/system/multi-user.target.wants/systemd-user-sessions.service,tier_a_matching,DUPLICATE_ALIAS,usr/lib/systemd/system/systemd-user-sessions.service
service_unit,debian:systemd:usr/lib/systemd/system/procps.service,tier_a_matching,DUPLICATE_ALIAS,usr/lib/systemd/system/systemd-sysctl.service
service_unit,debian:systemd:usr/lib/systemd/system/quotaon@.service,tier_a_matching,NO_TIER_A_PARTNER,usr/lib/systemd/system/quotaon@.service
service_unit,debian:systemd:usr/lib/systemd/system/rescue.service,tier_a_matching,NO_TIER_A_PARTNER,usr/lib/systemd/system/rescue.service
service_unit,debian:systemd:usr/lib/systemd/system/serial-getty@.service,tier_a_matching,NO_TIER_A_PARTNER,usr/lib/systemd/system/serial-getty@.service
service_unit,debian:systemd:usr/lib/systemd/system/sysinit.target.wants/kmod-static-nodes.service,tier_a_matching,DUPLICATE_ALIAS,usr/lib/systemd/system/kmod-static-nodes.service
service_unit,debian:systemd:usr/lib/systemd/system/sysinit.target.wants/ldconfig.service,tier_a_matching,DUPLICATE_ALIAS,usr/lib/systemd/system/ldconfig.service
service_unit,debian:systemd:usr/lib/systemd/system/sysinit.target.wants/systemd-binfmt.service,tier_a_matching,DUPLICATE_ALIAS,usr/lib/systemd/system/systemd-binfmt.service
service_unit,debian:systemd:usr/lib/systemd/system/sysinit.target.wants/systemd-firstboot.service,tier_a_matching,DUPLICATE_ALIAS,usr/lib/systemd/system/systemd-firstboot.service
service_unit,debian:systemd:usr/lib/systemd/system/sysinit.target.wants/systemd-hibernate-clear.service,tier_a_matching,DUPLICATE_ALIAS,usr/lib/systemd/system/systemd-hibernate-clear.service
service_unit,debian:systemd:usr/lib/systemd/system/sysinit.target.wants/systemd-journal-catalog-update.service,tier_a_matching,DUPLICATE_ALIAS,usr/lib/systemd/system/systemd-journal-catalog-update.service
service_unit,debian:systemd:usr/lib/systemd/system/sysinit.target.wants/systemd-journal-flush.service,tier_a_matching,DUPLICATE_ALIAS,usr/lib/systemd/system/systemd-journal-flush.service
service_unit,debian:systemd:usr/lib/systemd/system/sysinit.target.wants/systemd-journald.service,tier_a_matching,DUPLICATE_ALIAS,usr/lib/systemd/system/systemd-journald.service
service_unit,debian:systemd:usr/lib/systemd/system/sysinit.target.wants/systemd-machine-id-commit.service,tier_a_matching,DUPLICATE_ALIAS,usr/lib/systemd/system/systemd-machine-id-commit.service
service_unit,debian:systemd:usr/lib/systemd/system/sysinit.target.wants/systemd-modules-load.service,tier_a_matching,DUPLICATE_ALIAS,usr/lib/systemd/system/systemd-modules-load.service
service_unit,debian:systemd:usr/lib/systemd/system/sysinit.target.wants/systemd-pcrmachine.service,tier_a_matching,DUPLICATE_ALIAS,usr/lib/systemd/system/systemd-pcrmachine.service
service_unit,debian:systemd:usr/lib/systemd/system/sysinit.target.wants/systemd-pcrphase-sysinit.service,tier_a_matching,DUPLICATE_ALIAS,usr/lib/systemd/system/systemd-pcrphase-sysinit.service
service_unit,debian:systemd:usr/lib/systemd/system/sysinit.target.wants/systemd-pcrphase.service,tier_a_matching,DUPLICATE_ALIAS,usr/lib/systemd/system/systemd-pcrphase.service
service_unit,debian:systemd:usr/lib/systemd/system/sysinit.target.wants/systemd-random-seed.service,tier_a_matching,DUPLICATE_ALIAS,usr/lib/systemd/system/systemd-random-seed.service
service_unit,debian:systemd:usr/lib/systemd/system/sysinit.target.wants/systemd-sysctl.service,tier_a_matching,DUPLICATE_ALIAS,usr/lib/systemd/system/systemd-sysctl.service
service_unit,debian:systemd:usr/lib/systemd/system/sysinit.target.wants/systemd-sysusers.service,tier_a_matching,DUPLICATE_ALIAS,usr/lib/systemd/system/systemd-sysusers.service
service_unit,debian:systemd:usr/lib/systemd/system/sysinit.target.wants/systemd-tmpfiles-setup-dev-early.service,tier_a_matching,DUPLICATE_ALIAS,usr/lib/systemd/system/systemd-tmpfiles-setup-dev-early.service
service_unit,debian:systemd:usr/lib/systemd/system/sysinit.target.wants/systemd-tmpfiles-setup-dev.service,tier_a_matching,DUPLICATE_ALIAS,usr/lib/systemd/system/systemd-tmpfiles-setup-dev.service
service_unit,debian:systemd:usr/lib/systemd/system/sysinit.target.wants/systemd-tmpfiles-setup.service,tier_a_matching,DUPLICATE_ALIAS,usr/lib/systemd/system/systemd-tmpfiles-setup.service
service_unit,debian:systemd:usr/lib/systemd/system/sysinit.target.wants/systemd-tpm2-setup-early.service,tier_a_matching,DUPLICATE_ALIAS,usr/lib/systemd/system/systemd-tpm2-setup-early.service
service_unit,debian:systemd:usr/lib/systemd/system/sysinit.target.wants/systemd-tpm2-setup.service,tier_a_matching,DUPLICATE_ALIAS,usr/lib/systemd/system/systemd-tpm2-setup.service
service_unit,debian:systemd:usr/lib/systemd/system/sysinit.target.wants/systemd-update-done.service,tier_a_matching,DUPLICATE_ALIAS,usr/lib/systemd/system/systemd-update-done.service
service_unit,debian:systemd:usr/lib/systemd/system/systemd-ask-password-console.service,tier_a_matching,NO_TIER_A_PARTNER,usr/lib/systemd/system/systemd-ask-password-console.service
service_unit,debian:systemd:usr/lib/systemd/system/systemd-ask-password-wall.service,tier_a_matching,NO_TIER_A_PARTNER,usr/lib/systemd/system/systemd-ask-password-wall.service
service_unit,debian:systemd:usr/lib/systemd/system/systemd-backlight@.service,tier_a_matching,NO_TIER_A_PARTNER,usr/lib/systemd/system/systemd-backlight@.service
service_unit,debian:systemd:usr/lib/systemd/system/systemd-confext.service,tier_a_matching,NO_TIER_A_PARTNER,usr/lib/systemd/system/systemd-confext.service
service_unit,debian:systemd:usr/lib/systemd/system/systemd-creds@.service,tier_a_matching,NO_TIER_A_PARTNER,usr/lib/systemd/system/systemd-creds@.service
service_unit,debian:systemd:usr/lib/systemd/system/systemd-exit.service,tier_a_matching,NO_TIER_A_PARTNER,usr/lib/systemd/system/systemd-exit.service
service_unit,debian:systemd:usr/lib/systemd/system/systemd-fsck@.service,tier_a_matching,NO_TIER_A_PARTNER,usr/lib/systemd/system/systemd-fsck@.service
service_unit,debian:systemd:usr/lib/systemd/system/systemd-growfs@.service,tier_a_matching,NO_TIER_A_PARTNER,usr/lib/systemd/system/systemd-growfs@.service
service_unit,debian:systemd:usr/lib/systemd/system/systemd-halt.service,tier_a_matching,NO_TIER_A_PARTNER,usr/lib/systemd/system/systemd-halt.service
service_unit,debian:systemd:usr/lib/systemd/system/systemd-hibernate-clear.service,tier_a_matching,NO_TIER_A_PARTNER,usr/lib/systemd/system/systemd-hibernate-clear.service
service_unit,debian:systemd:usr/lib/systemd/system/systemd-hibernate-resume.service,tier_a_matching,NO_TIER_A_PARTNER,usr/lib/systemd/system/systemd-hibernate-resume.service
service_unit,debian:systemd:usr/lib/systemd/system/systemd-hibernate.service,tier_a_matching,NO_TIER_A_PARTNER,usr/lib/systemd/system/systemd-hibernate.service
service_unit,debian:systemd:usr/lib/systemd/system/systemd-hybrid-sleep.service,tier_a_matching,NO_TIER_A_PARTNER,usr/lib/systemd/system/systemd-hybrid-sleep.service
service_unit,debian:systemd:usr/lib/systemd/system/systemd-initctl.service,tier_a_matching,NO_TIER_A_PARTNER,usr/lib/systemd/system/systemd-initctl.service
service_unit,debian:systemd:usr/lib/systemd/system/systemd-journal-catalog-update.service,tier_a_matching,NO_TIER_A_PARTNER,usr/lib/systemd/system/systemd-journal-catalog-update.service
service_unit,debian:systemd:usr/lib/systemd/system/systemd-journal-flush.service,tier_a_matching,NO_TIER_A_PARTNER,usr/lib/systemd/system/systemd-journal-flush.service
service_unit,debian:systemd:usr/lib/systemd/system/systemd-journald-sync@.service,tier_a_matching,NO_TIER_A_PARTNER,usr/lib/systemd/system/systemd-journald-sync@.service
service_unit,debian:systemd:usr/lib/systemd/system/systemd-journald@.service,tier_a_matching,NO_TIER_A_PARTNER,usr/lib/systemd/system/systemd-journald@.service
service_unit,debian:systemd:usr/lib/systemd/system/systemd-kexec.service,tier_a_matching,NO_TIER_A_PARTNER,usr/lib/systemd/system/systemd-kexec.service
service_unit,debian:systemd:usr/lib/systemd/system/systemd-network-generator.service,tier_a_matching,NO_TIER_A_PARTNER,usr/lib/systemd/system/systemd-network-generator.service
service_unit,debian:systemd:usr/lib/systemd/system/systemd-networkd-wait-online@.service,tier_a_matching,NO_TIER_A_PARTNER,usr/lib/systemd/system/systemd-networkd-wait-online@.service
service_unit,debian:systemd:usr/lib/systemd/system/systemd-pcrextend@.service,tier_a_matching,NO_TIER_A_PARTNER,usr/lib/systemd/system/systemd-pcrextend@.service
service_unit,debian:systemd:usr/lib/systemd/system/systemd-pcrfs-root.service,tier_a_matching,NO_TIER_A_PARTNER,usr/lib/systemd/system/systemd-pcrfs-root.service
service_unit,debian:systemd:usr/lib/systemd/system/systemd-pcrfs@.service,tier_a_matching,NO_TIER_A_PARTNER,usr/lib/systemd/system/systemd-pcrfs@.service
service_unit,debian:systemd:usr/lib/systemd/system/systemd-pcrlock-file-system.service,tier_a_matching,NO_TIER_A_PARTNER,usr/lib/systemd/system/systemd-pcrlock-file-system.service
service_unit,debian:systemd:usr/lib/systemd/system/systemd-pcrlock-firmware-code.service,tier_a_matching,NO_TIER_A_PARTNER,usr/lib/systemd/system/systemd-pcrlock-firmware-code.service
service_unit,debian:systemd:usr/lib/systemd/system/systemd-pcrlock-firmware-config.service,tier_a_matching,NO_TIER_A_PARTNER,usr/lib/systemd/system/systemd-pcrlock-firmware-config.service
service_unit,debian:systemd:usr/lib/systemd/system/systemd-pcrlock-machine-id.service,tier_a_matching,NO_TIER_A_PARTNER,usr/lib/systemd/system/systemd-pcrlock-machine-id.service
service_unit,debian:systemd:usr/lib/systemd/system/systemd-pcrlock-make-policy.service,tier_a_matching,NO_TIER_A_PARTNER,usr/lib/systemd/system/systemd-pcrlock-make-policy.service
service_unit,debian:systemd:usr/lib/systemd/system/systemd-pcrlock-secureboot-authority.service,tier_a_matching,NO_TIER_A_PARTNER,usr/lib/systemd/system/systemd-pcrlock-secureboot-authority.service
service_unit,debian:systemd:usr/lib/systemd/system/systemd-pcrlock-secureboot-policy.service,tier_a_matching,NO_TIER_A_PARTNER,usr/lib/systemd/system/systemd-pcrlock-secureboot-policy.service
service_unit,debian:systemd:usr/lib/systemd/system/systemd-pcrlock@.service,tier_a_matching,NO_TIER_A_PARTNER,usr/lib/systemd/system/systemd-pcrlock@.service
service_unit,debian:systemd:usr/lib/systemd/system/systemd-pcrmachine.service,tier_a_matching,NO_TIER_A_PARTNER,usr/lib/systemd/system/systemd-pcrmachine.service
service_unit,debian:systemd:usr/lib/systemd/system/systemd-pcrphase-initrd.service,tier_a_matching,NO_TIER_A_PARTNER,usr/lib/systemd/system/systemd-pcrphase-initrd.service
service_unit,debian:systemd:usr/lib/systemd/system/systemd-pcrphase-sysinit.service,tier_a_matching,NO_TIER_A_PARTNER,usr/lib/systemd/system/systemd-pcrphase-sysinit.service
service_unit,debian:systemd:usr/lib/systemd/system/systemd-pcrphase.service,tier_a_matching,NO_TIER_A_PARTNER,usr/lib/systemd/system/systemd-pcrphase.service
service_unit,debian:systemd:usr/lib/systemd/system/systemd-poweroff.service,tier_a_matching,NO_TIER_A_PARTNER,usr/lib/systemd/system/systemd-poweroff.service
service_unit,debian:systemd:usr/lib/systemd/system/systemd-quotacheck@.service,tier_a_matching,NO_TIER_A_PARTNER,usr/lib/systemd/system/systemd-quotacheck@.service
service_unit,debian:systemd:usr/lib/systemd/system/systemd-reboot.service,tier_a_matching,NO_TIER_A_PARTNER,usr/lib/systemd/system/systemd-reboot.service
service_unit,debian:systemd:usr/lib/systemd/system/systemd-soft-reboot.service,tier_a_matching,NO_TIER_A_PARTNER,usr/lib/systemd/system/systemd-soft-reboot.service
service_unit,debian:systemd:usr/lib/systemd/system/systemd-suspend-then-hibernate.service,tier_a_matching,NO_TIER_A_PARTNER,usr/lib/systemd/system/systemd-suspend-then-hibernate.service
service_unit,debian:systemd:usr/lib/systemd/system/systemd-suspend.service,tier_a_matching,NO_TIER_A_PARTNER,usr/lib/systemd/system/systemd-suspend.service
service_unit,debian:systemd:usr/lib/systemd/system/systemd-sysext.service,tier_a_matching,NO_TIER_A_PARTNER,usr/lib/systemd/system/systemd-sysext.service
service_unit,debian:systemd:usr/lib/systemd/system/systemd-sysext@.service,tier_a_matching,NO_TIER_A_PARTNER,usr/lib/systemd/system/systemd-sysext@.service
service_unit,debian:systemd:usr/lib/systemd/system/systemd-tmpfiles-clean.service,tier_a_matching,NO_TIER_A_PARTNER,usr/lib/systemd/system/systemd-tmpfiles-clean.service
service_unit,debian:systemd:usr/lib/systemd/system/systemd-tmpfiles-setup-dev-early.service,tier_a_matching,NO_TIER_A_PARTNER,usr/lib/systemd/system/systemd-tmpfiles-setup-dev-early.service
service_unit,debian:systemd:usr/lib/systemd/system/systemd-tmpfiles-setup-dev.service,tier_a_matching,NO_TIER_A_PARTNER,usr/lib/systemd/system/systemd-tmpfiles-setup-dev.service
service_unit,debian:systemd:usr/lib/systemd/system/systemd-tmpfiles-setup.service,tier_a_matching,NO_TIER_A_PARTNER,usr/lib/systemd/system/systemd-tmpfiles-setup.service
service_unit,debian:systemd:usr/lib/systemd/system/systemd-tpm2-setup-early.service,tier_a_matching,NO_TIER_A_PARTNER,usr/lib/systemd/system/systemd-tpm2-setup-early.service
service_unit,debian:systemd:usr/lib/systemd/system/systemd-tpm2-setup.service,tier_a_matching,NO_TIER_A_PARTNER,usr/lib/systemd/system/systemd-tpm2-setup.service
service_unit,debian:systemd:usr/lib/systemd/system/user-runtime-dir@.service,tier_a_matching,NO_TIER_A_PARTNER,usr/lib/systemd/system/user-runtime-dir@.service
service_unit,debian:systemd:usr/lib/systemd/system/user@.service,tier_a_matching,NO_TIER_A_PARTNER,usr/lib/systemd/system/user@.service
service_unit,debian:systemd:usr/lib/systemd/system/x11-common.service,tier_a_matching,MASKED_EFFECTIVE_UNIT,usr/lib/systemd/system/x11-common.service
service_unit,debian:thinkfan:usr/lib/systemd/system/thinkfan-sleep.service,tier_a_matching,NO_TIER_A_PARTNER,usr/lib/systemd/system/thinkfan-sleep.service
service_unit,debian:tigervnc-standalone-server:usr/lib/systemd/system/tigervncserver@.service,tier_a_matching,NO_TIER_A_PARTNER,usr/lib/systemd/system/tigervncserver@.service
service_unit,debian:tinc:usr/lib/systemd/system/tinc@.service,tier_a_matching,NO_TIER_A_PARTNER,usr/lib/systemd/system/tinc@.service
service_unit,debian:tor:usr/lib/systemd/system/tor@.service,tier_a_matching,NO_TIER_A_PARTNER,usr/lib/systemd/system/tor@.service
service_unit,debian:trojan:usr/lib/systemd/system/trojan@.service,tier_a_matching,NO_TIER_A_PARTNER,usr/lib/systemd/system/trojan@.service
service_unit,debian:trousers:usr/lib/systemd/system/trousers.service,tier_a_matching,DUPLICATE_ALIAS,usr/lib/systemd/system/tcsd.service
service_unit,debian:udev:usr/lib/systemd/system/sysinit.target.wants/systemd-hwdb-update.service,tier_a_matching,DUPLICATE_ALIAS,usr/lib/systemd/system/systemd-hwdb-update.service
service_unit,debian:udev:usr/lib/systemd/system/sysinit.target.wants/systemd-udev-trigger.service,tier_a_matching,DUPLICATE_ALIAS,usr/lib/systemd/system/systemd-udev-trigger.service
service_unit,debian:udev:usr/lib/systemd/system/sysinit.target.wants/systemd-udevd.service,tier_a_matching,DUPLICATE_ALIAS,usr/lib/systemd/system/systemd-udevd.service
service_unit,debian:udev:usr/lib/systemd/system/systemd-udev-load-credentials.service,tier_a_matching,NO_TIER_A_PARTNER,usr/lib/systemd/system/systemd-udev-load-credentials.service
service_unit,debian:udev:usr/lib/systemd/system/systemd-udev-settle.service,tier_a_matching,NO_TIER_A_PARTNER,usr/lib/systemd/system/systemd-udev-settle.service
service_unit,debian:udev:usr/lib/systemd/system/systemd-udev-trigger.service,tier_a_matching,NO_TIER_A_PARTNER,usr/lib/systemd/system/systemd-udev-trigger.service
service_unit,debian:udev:usr/lib/systemd/system/udev.service,tier_a_matching,DUPLICATE_ALIAS,usr/lib/systemd/system/systemd-udevd.service
service_unit,debian:usb-modeswitch:usr/lib/systemd/system/usb_modeswitch@.service,tier_a_matching,NO_TIER_A_PARTNER,usr/lib/systemd/system/usb_modeswitch@.service
service_unit,debian:valkey-sentinel:usr/lib/systemd/system/valkey-sentinel@.service,tier_a_matching,NO_TIER_A_PARTNER,usr/lib/systemd/system/valkey-sentinel@.service
service_unit,debian:valkey-server:usr/lib/systemd/system/valkey-server@.service,tier_a_matching,NO_TIER_A_PARTNER,usr/lib/systemd/system/valkey-server@.service
service_unit,debian:voms-server:usr/lib/systemd/system/voms@.service,tier_a_matching,NO_TIER_A_PARTNER,usr/lib/systemd/system/voms@.service
service_unit,debian:vpnc:usr/lib/systemd/system/vpnc@.service,tier_a_matching,NO_TIER_A_PARTNER,usr/lib/systemd/system/vpnc@.service
service_unit,debian:wireguard-tools:usr/lib/systemd/system/wg-quick@.service,tier_a_matching,NO_TIER_A_PARTNER,usr/lib/systemd/system/wg-quick@.service
service_unit,debian:wpasupplicant:usr/lib/systemd/system/wpa_supplicant-nl80211@.service,tier_a_matching,NO_TIER_A_PARTNER,usr/lib/systemd/system/wpa_supplicant-nl80211@.service
service_unit,debian:wpasupplicant:usr/lib/systemd/system/wpa_supplicant-wired@.service,tier_a_matching,NO_TIER_A_PARTNER,usr/lib/systemd/system/wpa_supplicant-wired@.service
service_unit,debian:wpasupplicant:usr/lib/systemd/system/wpa_supplicant@.service,tier_a_matching,NO_TIER_A_PARTNER,usr/lib/systemd/system/wpa_supplicant@.service
service_unit,debian:xfsprogs:usr/lib/systemd/system/xfs_scrub@.service,tier_a_matching,NO_TIER_A_PARTNER,usr/lib/systemd/system/xfs_scrub@.service
service_unit,debian:xfsprogs:usr/lib/systemd/system/xfs_scrub_fail@.service,tier_a_matching,NO_TIER_A_PARTNER,usr/lib/systemd/system/xfs_scrub_fail@.service
service_unit,debian:xfsprogs:usr/lib/systemd/system/xfs_scrub_media@.service,tier_a_matching,NO_TIER_A_PARTNER,usr/lib/systemd/system/xfs_scrub_media@.service
service_unit,debian:xfsprogs:usr/lib/systemd/system/xfs_scrub_media_fail@.service,tier_a_matching,NO_TIER_A_PARTNER,usr/lib/systemd/system/xfs_scrub_media_fail@.service
service_unit,debian:xrootd-server:usr/lib/systemd/system/cmsd@.service,tier_a_matching,NO_TIER_A_PARTNER,usr/lib/systemd/system/cmsd@.service
service_unit,debian:xrootd-server:usr/lib/systemd/system/frm_purged@.service,tier_a_matching,NO_TIER_A_PARTNER,usr/lib/systemd/system/frm_purged@.service
service_unit,debian:xrootd-server:usr/lib/systemd/system/frm_xfrd@.service,tier_a_matching,NO_TIER_A_PARTNER,usr/lib/systemd/system/frm_xfrd@.service
service_unit,debian:xrootd-server:usr/lib/systemd/system/xrootd@.service,tier_a_matching,NO_TIER_A_PARTNER,usr/lib/systemd/system/xrootd@.service
service_unit,debian:yggdrasil:usr/lib/systemd/system/yggdrasil.service,tier_a_matching,NO_TIER_A_PARTNER,usr/lib/systemd/system/yggdrasil.service
service_unit,debian:zvbi:usr/lib/systemd/system/zvbi.service,tier_a_matching,MASKED_EFFECTIVE_UNIT,usr/lib/systemd/system/zvbi.service
service_unit,fedora:NetworkManager:usr/lib/systemd/system/NetworkManager-wait-online.service,tier_a_matching,NO_TIER_A_PARTNER,usr/lib/systemd/system/NetworkManager-wait-online.service
service_unit,fedora:NetworkManager:usr/lib/systemd/system/NetworkManager.service,tier_a_matching,NO_TIER_A_PARTNER,usr/lib/systemd/system/NetworkManager.service
service_unit,fedora:PackageKit:usr/lib/systemd/system/system-update.target.wants/packagekit-offline-update.service,tier_a_matching,DUPLICATE_ALIAS,usr/lib/systemd/system/packagekit-offline-update.service
service_unit,fedora:alertmanager:usr/lib/systemd/system/prometheus-alertmanager.service,tier_a_matching,NO_TIER_A_PARTNER,usr/lib/systemd/system/prometheus-alertmanager.service
service_unit,fedora:alsa-utils:usr/lib/systemd/system/alsa-card-wait@.service,tier_a_matching,NO_TIER_A_PARTNER,usr/lib/systemd/system/alsa-card-wait@.service
service_unit,fedora:alsa-utils:usr/lib/systemd/system/alsa-restore.service,tier_a_matching,NO_TIER_A_PARTNER,usr/lib/systemd/system/alsa-restore.service
service_unit,fedora:alsa-utils:usr/lib/systemd/system/alsa-state.service,tier_a_matching,NO_TIER_A_PARTNER,usr/lib/systemd/system/alsa-state.service
service_unit,fedora:alsa-utils:usr/lib/systemd/system/sound.target.wants/alsa-restore.service,tier_a_matching,DUPLICATE_ALIAS,usr/lib/systemd/system/alsa-restore.service
service_unit,fedora:alsa-utils:usr/lib/systemd/system/sound.target.wants/alsa-state.service,tier_a_matching,DUPLICATE_ALIAS,usr/lib/systemd/system/alsa-state.service
service_unit,fedora:amavis-snmp:usr/lib/systemd/system/amavisd-snmp.service,tier_a_matching,NO_TIER_A_PARTNER,usr/lib/systemd/system/amavisd-snmp.service
service_unit,fedora:amprd:usr/lib/systemd/system/amprd.service,tier_a_matching,NO_TIER_A_PARTNER,usr/lib/systemd/system/amprd.service
service_unit,fedora:argus:usr/lib/systemd/system/argus.service,tier_a_matching,NO_TIER_A_PARTNER,usr/lib/systemd/system/argus.service
service_unit,fedora:arpwatch:usr/lib/systemd/system/arpwatch.service,tier_a_matching,NO_TIER_A_PARTNER,usr/lib/systemd/system/arpwatch.service
service_unit,fedora:bcachefs-tools:usr/lib/systemd/system/bcachefs-wait-devices@.service,tier_a_matching,NO_TIER_A_PARTNER,usr/lib/systemd/system/bcachefs-wait-devices@.service
service_unit,fedora:bees:usr/lib/systemd/system/beesd@.service,tier_a_matching,NO_TIER_A_PARTNER,usr/lib/systemd/system/beesd@.service
service_unit,fedora:bind-chroot:usr/lib/systemd/system/named-chroot-setup.service,tier_a_matching,NO_TIER_A_PARTNER,usr/lib/systemd/system/named-chroot-setup.service
service_unit,fedora:bind-chroot:usr/lib/systemd/system/named-chroot.service,tier_a_matching,NO_TIER_A_PARTNER,usr/lib/systemd/system/named-chroot.service
service_unit,fedora:bind9-next-chroot:usr/lib/systemd/system/named-chroot-setup.service,tier_a_matching,NO_TIER_A_PARTNER,usr/lib/systemd/system/named-chroot-setup.service
service_unit,fedora:bind9-next-chroot:usr/lib/systemd/system/named-chroot.service,tier_a_matching,NO_TIER_A_PARTNER,usr/lib/systemd/system/named-chroot.service
service_unit,fedora:bind9-next:usr/lib/systemd/system/named-setup-rndc.service,tier_a_matching,NO_TIER_A_PARTNER,usr/lib/systemd/system/named-setup-rndc.service
service_unit,fedora:bind9-next:usr/lib/systemd/system/named.service,tier_a_matching,NO_TIER_A_PARTNER,usr/lib/systemd/system/named.service
service_unit,fedora:bind:usr/lib/systemd/system/named-setup-rndc.service,tier_a_matching,NO_TIER_A_PARTNER,usr/lib/systemd/system/named-setup-rndc.service
service_unit,fedora:bind:usr/lib/systemd/system/named.service,tier_a_matching,NO_TIER_A_PARTNER,usr/lib/systemd/system/named.service
service_unit,fedora:bitlbee:usr/lib/systemd/system/bitlbee@.service,tier_a_matching,NO_TIER_A_PARTNER,usr/lib/systemd/system/bitlbee@.service
service_unit,fedora:boinc-client:usr/lib/systemd/system/boinc-client.service,tier_a_matching,NO_TIER_A_PARTNER,usr/lib/systemd/system/boinc-client.service
service_unit,fedora:booth-arbitrator:usr/lib/systemd/system/booth@.service,tier_a_matching,NO_TIER_A_PARTNER,usr/lib/systemd/system/booth@.service
service_unit,fedora:brltty:usr/lib/systemd/system/brltty.service,tier_a_matching,NO_TIER_A_PARTNER,usr/lib/systemd/system/brltty.service
service_unit,fedora:buildbot-master:usr/lib/systemd/system/buildbot-master@.service,tier_a_matching,NO_TIER_A_PARTNER,usr/lib/systemd/system/buildbot-master@.service
service_unit,fedora:buildbot-worker:usr/lib/systemd/system/buildbot-worker@.service,tier_a_matching,NO_TIER_A_PARTNER,usr/lib/systemd/system/buildbot-worker@.service
service_unit,fedora:ceph-exporter:usr/lib/systemd/system/ceph-exporter@.service,tier_a_matching,NO_TIER_A_PARTNER,usr/lib/systemd/system/ceph-exporter@.service
service_unit,fedora:ceph-fuse:usr/lib/systemd/system/ceph-fuse@.service,tier_a_matching,NO_TIER_A_PARTNER,usr/lib/systemd/system/ceph-fuse@.service
service_unit,fedora:ceph-immutable-object-cache:usr/lib/systemd/system/ceph-immutable-object-cache@.service,tier_a_matching,NO_TIER_A_PARTNER,usr/lib/systemd/system/ceph-immutable-object-cache@.service
service_unit,fedora:ceph-mds:usr/lib/systemd/system/ceph-mds@.service,tier_a_matching,NO_TIER_A_PARTNER,usr/lib/systemd/system/ceph-mds@.service
service_unit,fedora:ceph-mgr:usr/lib/systemd/system/ceph-mgr@.service,tier_a_matching,NO_TIER_A_PARTNER,usr/lib/systemd/system/ceph-mgr@.service
service_unit,fedora:ceph-mon:usr/lib/systemd/system/ceph-mon@.service,tier_a_matching,NO_TIER_A_PARTNER,usr/lib/systemd/system/ceph-mon@.service
service_unit,fedora:ceph-osd:usr/lib/systemd/system/ceph-osd@.service,tier_a_matching,NO_TIER_A_PARTNER,usr/lib/systemd/system/ceph-osd@.service
service_unit,fedora:ceph-radosgw:usr/lib/systemd/system/ceph-radosgw@.service,tier_a_matching,NO_TIER_A_PARTNER,usr/lib/systemd/system/ceph-radosgw@.service
service_unit,fedora:ceph-volume:usr/lib/systemd/system/ceph-volume@.service,tier_a_matching,NO_TIER_A_PARTNER,usr/lib/systemd/system/ceph-volume@.service
service_unit,fedora:cephfs-mirror:usr/lib/systemd/system/cephfs-mirror@.service,tier_a_matching,NO_TIER_A_PARTNER,usr/lib/systemd/system/cephfs-mirror@.service
service_unit,fedora:chrony:usr/lib/systemd/system/chronyd-restricted.service,tier_a_matching,NO_TIER_A_PARTNER,usr/lib/systemd/system/chronyd-restricted.service
service_unit,fedora:chrony:usr/lib/systemd/system/chronyd.service,tier_a_matching,NO_TIER_A_PARTNER,usr/lib/systemd/system/chronyd.service
service_unit,fedora:clamav-freshclam:usr/lib/systemd/system/clamav-freshclam-once.service,tier_a_matching,NO_TIER_A_PARTNER,usr/lib/systemd/system/clamav-freshclam-once.service
service_unit,fedora:clamav-freshclam:usr/lib/systemd/system/clamav-freshclam.service,tier_a_matching,NO_TIER_A_PARTNER,usr/lib/systemd/system/clamav-freshclam.service
service_unit,fedora:clamav-milter:usr/lib/systemd/system/clamav-milter.service,tier_a_matching,NO_TIER_A_PARTNER,usr/lib/systemd/system/clamav-milter.service
service_unit,fedora:clamav:usr/lib/systemd/system/clamonacc.service,tier_a_matching,DUPLICATE_ALIAS,usr/lib/systemd/system/clamav-clamonacc.service
service_unit,fedora:clamd:usr/lib/systemd/system/clamd@.service,tier_a_matching,NO_TIER_A_PARTNER,usr/lib/systemd/system/clamd@.service
service_unit,fedora:cockpit-ws:usr/lib/systemd/system/cockpit-session-socket-user.service,tier_a_matching,NO_TIER_A_PARTNER,usr/lib/systemd/system/cockpit-session-socket-user.service
service_unit,fedora:cockpit-ws:usr/lib/systemd/system/cockpit-session@.service,tier_a_matching,NO_TIER_A_PARTNER,usr/lib/systemd/system/cockpit-session@.service
service_unit,fedora:cockpit-ws:usr/lib/systemd/system/cockpit-wsinstance-https-factory@.service,tier_a_matching,NO_TIER_A_PARTNER,usr/lib/systemd/system/cockpit-wsinstance-https-factory@.service
service_unit,fedora:cockpit-ws:usr/lib/systemd/system/cockpit-wsinstance-https@.service,tier_a_matching,NO_TIER_A_PARTNER,usr/lib/systemd/system/cockpit-wsinstance-https@.service
service_unit,fedora:cockpit-ws:usr/lib/systemd/system/cockpit-wsinstance-socket-user.service,tier_a_matching,NO_TIER_A_PARTNER,usr/lib/systemd/system/cockpit-wsinstance-socket-user.service
service_unit,fedora:cri-o1.33:usr/lib/systemd/system/crio-wipe.service,tier_a_matching,NO_TIER_A_PARTNER,usr/lib/systemd/system/crio-wipe.service
service_unit,fedora:cri-o1.33:usr/lib/systemd/system/crio.service,tier_a_matching,NO_TIER_A_PARTNER,usr/lib/systemd/system/crio.service
service_unit,fedora:cri-o1.34:usr/lib/systemd/system/crio-wipe.service,tier_a_matching,NO_TIER_A_PARTNER,usr/lib/systemd/system/crio-wipe.service
service_unit,fedora:cri-o1.34:usr/lib/systemd/system/crio.service,tier_a_matching,NO_TIER_A_PARTNER,usr/lib/systemd/system/crio.service
service_unit,fedora:cri-o1.35:usr/lib/systemd/system/crio-wipe.service,tier_a_matching,NO_TIER_A_PARTNER,usr/lib/systemd/system/crio-wipe.service
service_unit,fedora:cri-o1.35:usr/lib/systemd/system/crio.service,tier_a_matching,NO_TIER_A_PARTNER,usr/lib/systemd/system/crio.service
service_unit,fedora:cri-o1.36:usr/lib/systemd/system/crio-wipe.service,tier_a_matching,NO_TIER_A_PARTNER,usr/lib/systemd/system/crio-wipe.service
service_unit,fedora:cri-o1.36:usr/lib/systemd/system/crio.service,tier_a_matching,NO_TIER_A_PARTNER,usr/lib/systemd/system/crio.service
service_unit,fedora:cri-o:usr/lib/systemd/system/crio-wipe.service,tier_a_matching,NO_TIER_A_PARTNER,usr/lib/systemd/system/crio-wipe.service
service_unit,fedora:cri-o:usr/lib/systemd/system/crio.service,tier_a_matching,NO_TIER_A_PARTNER,usr/lib/systemd/system/crio.service
service_unit,fedora:crossfire:usr/lib/systemd/system/crossfire.service,tier_a_matching,NO_TIER_A_PARTNER,usr/lib/systemd/system/crossfire.service
service_unit,fedora:cups-lpd:usr/lib/systemd/system/cups-lpd@.service,tier_a_matching,NO_TIER_A_PARTNER,usr/lib/systemd/system/cups-lpd@.service
service_unit,fedora:cyrus-imapd:usr/lib/systemd/system/cyrus-imapd-init.service,tier_a_matching,NO_TIER_A_PARTNER,usr/lib/systemd/system/cyrus-imapd-init.service
service_unit,fedora:cyrus-imapd:usr/lib/systemd/system/cyrus-imapd.service,tier_a_matching,NO_TIER_A_PARTNER,usr/lib/systemd/system/cyrus-imapd.service
service_unit,fedora:dahdi-tools:usr/lib/systemd/system/dahdi.service,tier_a_matching,NO_TIER_A_PARTNER,usr/lib/systemd/system/dahdi.service
service_unit,fedora:daxctl:usr/lib/systemd/system/daxdev-reconfigure@.service,tier_a_matching,NO_TIER_A_PARTNER,usr/lib/systemd/system/daxdev-reconfigure@.service
service_unit,fedora:dhcp-relay:usr/lib/systemd/system/dhcrelay.service,tier_a_matching,NO_TIER_A_PARTNER,usr/lib/systemd/system/dhcrelay.service
service_unit,fedora:dhcp-server:usr/lib/systemd/system/dhcpd.service,tier_a_matching,NO_TIER_A_PARTNER,usr/lib/systemd/system/dhcpd.service
service_unit,fedora:dhcp-server:usr/lib/systemd/system/dhcpd6.service,tier_a_matching,NO_TIER_A_PARTNER,usr/lib/systemd/system/dhcpd6.service
service_unit,fedora:dhcpcd:usr/lib/systemd/system/dhcpcd@.service,tier_a_matching,NO_TIER_A_PARTNER,usr/lib/systemd/system/dhcpcd@.service
service_unit,fedora:dlt-examples:usr/lib/systemd/system/dlt-example-user.service,tier_a_matching,NO_TIER_A_PARTNER,usr/lib/systemd/system/dlt-example-user.service
service_unit,fedora:dlt-tools:usr/lib/systemd/system/dlt-adaptor-udp.service,tier_a_matching,NO_TIER_A_PARTNER,usr/lib/systemd/system/dlt-adaptor-udp.service
service_unit,fedora:dlt-tools:usr/lib/systemd/system/dlt-receive.service,tier_a_matching,NO_TIER_A_PARTNER,usr/lib/systemd/system/dlt-receive.service
service_unit,fedora:dnf5-plugin-automatic:usr/lib/systemd/system/dnf-automatic.service,tier_a_matching,DUPLICATE_ALIAS,usr/lib/systemd/system/dnf5-automatic.service
service_unit,fedora:dnf5-plugin-automatic:usr/lib/systemd/system/dnf5-automatic.service,tier_a_matching,NO_TIER_A_PARTNER,usr/lib/systemd/system/dnf5-automatic.service
service_unit,fedora:dnf5:usr/lib/systemd/system/dnf-makecache.service,tier_a_matching,NO_TIER_A_PARTNER,usr/lib/systemd/system/dnf-makecache.service
service_unit,fedora:dnf5:usr/lib/systemd/system/dnf5-makecache.service,tier_a_matching,DUPLICATE_ALIAS,usr/lib/systemd/system/dnf-makecache.service
service_unit,fedora:dnf5:usr/lib/systemd/system/dnf5-offline-transaction.service,tier_a_matching,NO_TIER_A_PARTNER,usr/lib/systemd/system/dnf5-offline-transaction.service
service_unit,fedora:dnf5:usr/lib/systemd/system/system-update.target.wants/dnf5-offline-transaction.service,tier_a_matching,DUPLICATE_ALIAS,usr/lib/systemd/system/dnf5-offline-transaction.service
service_unit,fedora:dnsdist:usr/lib/systemd/system/dnsdist@.service,tier_a_matching,NO_TIER_A_PARTNER,usr/lib/systemd/system/dnsdist@.service
service_unit,fedora:dracut:usr/lib/systemd/system/dracut-cmdline.service,tier_a_matching,DUPLICATE_ALIAS,usr/lib/dracut/modules.d/77dracut-systemd/dracut-cmdline.service
service_unit,fedora:dracut:usr/lib/systemd/system/dracut-initqueue.service,tier_a_matching,DUPLICATE_ALIAS,usr/lib/dracut/modules.d/77initqueue/dracut-initqueue.service
service_unit,fedora:dracut:usr/lib/systemd/system/dracut-mount.service,tier_a_matching,DUPLICATE_ALIAS,usr/lib/dracut/modules.d/77dracut-systemd/dracut-mount.service
service_unit,fedora:dracut:usr/lib/systemd/system/dracut-pre-mount.service,tier_a_matching,DUPLICATE_ALIAS,usr/lib/dracut/modules.d/77dracut-systemd/dracut-pre-mount.service
service_unit,fedora:dracut:usr/lib/systemd/system/dracut-pre-pivot.service,tier_a_matching,DUPLICATE_ALIAS,usr/lib/dracut/modules.d/77dracut-systemd/dracut-pre-pivot.service
service_unit,fedora:dracut:usr/lib/systemd/system/dracut-pre-trigger.service,tier_a_matching,DUPLICATE_ALIAS,usr/lib/dracut/modules.d/77dracut-systemd/dracut-pre-trigger.service
service_unit,fedora:dracut:usr/lib/systemd/system/dracut-pre-udev.service,tier_a_matching,DUPLICATE_ALIAS,usr/lib/dracut/modules.d/77dracut-systemd/dracut-pre-udev.service
service_unit,fedora:dracut:usr/lib/systemd/system/dracut-shutdown-onfailure.service,tier_a_matching,DUPLICATE_ALIAS,usr/lib/dracut/modules.d/77dracut-systemd/dracut-shutdown-onfailure.service
service_unit,fedora:dracut:usr/lib/systemd/system/dracut-shutdown.service,tier_a_matching,DUPLICATE_ALIAS,usr/lib/dracut/modules.d/77dracut-systemd/dracut-shutdown.service
service_unit,fedora:dracut:usr/lib/systemd/system/initrd.target.wants/dracut-cmdline.service,tier_a_matching,DUPLICATE_ALIAS,usr/lib/dracut/modules.d/77dracut-systemd/dracut-cmdline.service
service_unit,fedora:dracut:usr/lib/systemd/system/initrd.target.wants/dracut-initqueue.service,tier_a_matching,DUPLICATE_ALIAS,usr/lib/dracut/modules.d/77initqueue/dracut-initqueue.service
service_unit,fedora:dracut:usr/lib/systemd/system/initrd.target.wants/dracut-mount.service,tier_a_matching,DUPLICATE_ALIAS,usr/lib/dracut/modules.d/77dracut-systemd/dracut-mount.service
service_unit,fedora:dracut:usr/lib/systemd/system/initrd.target.wants/dracut-pre-mount.service,tier_a_matching,DUPLICATE_ALIAS,usr/lib/dracut/modules.d/77dracut-systemd/dracut-pre-mount.service
service_unit,fedora:dracut:usr/lib/systemd/system/initrd.target.wants/dracut-pre-pivot.service,tier_a_matching,DUPLICATE_ALIAS,usr/lib/dracut/modules.d/77dracut-systemd/dracut-pre-pivot.service
service_unit,fedora:dracut:usr/lib/systemd/system/initrd.target.wants/dracut-pre-trigger.service,tier_a_matching,DUPLICATE_ALIAS,usr/lib/dracut/modules.d/77dracut-systemd/dracut-pre-trigger.service
service_unit,fedora:dracut:usr/lib/systemd/system/initrd.target.wants/dracut-pre-udev.service,tier_a_matching,DUPLICATE_ALIAS,usr/lib/dracut/modules.d/77dracut-systemd/dracut-pre-udev.service
service_unit,fedora:dracut:usr/lib/systemd/system/sysinit.target.wants/dracut-shutdown.service,tier_a_matching,DUPLICATE_ALIAS,usr/lib/dracut/modules.d/77dracut-systemd/dracut-shutdown.service
service_unit,fedora:drbd-utils:usr/lib/systemd/system/drbd-demote-or-escalate@.service,tier_a_matching,NO_TIER_A_PARTNER,usr/lib/systemd/system/drbd-demote-or-escalate@.service
service_unit,fedora:drbd-utils:usr/lib/systemd/system/drbd-graceful-shutdown.service,tier_a_matching,NO_TIER_A_PARTNER,usr/lib/systemd/system/drbd-graceful-shutdown.service
service_unit,fedora:drbd-utils:usr/lib/systemd/system/drbd-lvchange@.service,tier_a_matching,NO_TIER_A_PARTNER,usr/lib/systemd/system/drbd-lvchange@.service
service_unit,fedora:drbd-utils:usr/lib/systemd/system/drbd-promote@.service,tier_a_matching,NO_TIER_A_PARTNER,usr/lib/systemd/system/drbd-promote@.service
service_unit,fedora:drbd-utils:usr/lib/systemd/system/drbd-reconfigure-suspend-or-error@.service,tier_a_matching,NO_TIER_A_PARTNER,usr/lib/systemd/system/drbd-reconfigure-suspend-or-error@.service
service_unit,fedora:drbd-utils:usr/lib/systemd/system/drbd-wait-promotable@.service,tier_a_matching,NO_TIER_A_PARTNER,usr/lib/systemd/system/drbd-wait-promotable@.service
service_unit,fedora:drbd-utils:usr/lib/systemd/system/drbd.service,tier_a_matching,NO_TIER_A_PARTNER,usr/lib/systemd/system/drbd.service
service_unit,fedora:drbd-utils:usr/lib/systemd/system/drbd@.service,tier_a_matching,NO_TIER_A_PARTNER,usr/lib/systemd/system/drbd@.service
service_unit,fedora:dropbear:usr/lib/systemd/system/dropbear-keygen.service,tier_a_matching,NO_TIER_A_PARTNER,usr/lib/systemd/system/dropbear-keygen.service
service_unit,fedora:e2scrub:usr/lib/systemd/system/e2scrub@.service,tier_a_matching,NO_TIER_A_PARTNER,usr/lib/systemd/system/e2scrub@.service
service_unit,fedora:e2scrub:usr/lib/systemd/system/e2scrub_all.service,tier_a_matching,NO_TIER_A_PARTNER,usr/lib/systemd/system/e2scrub_all.service
service_unit,fedora:e2scrub:usr/lib/systemd/system/e2scrub_fail@.service,tier_a_matching,NO_TIER_A_PARTNER,usr/lib/systemd/system/e2scrub_fail@.service
service_unit,fedora:e2scrub:usr/lib/systemd/system/e2scrub_reap.service,tier_a_matching,NO_TIER_A_PARTNER,usr/lib/systemd/system/e2scrub_reap.service
service_unit,fedora:erlang-erts:usr/lib/systemd/system/epmd@.service,tier_a_matching,NO_TIER_A_PARTNER,usr/lib/systemd/system/epmd@.service
service_unit,fedora:etcd:usr/lib/systemd/system/etcd.service,tier_a_matching,NO_TIER_A_PARTNER,usr/lib/systemd/system/etcd.service
service_unit,fedora:exabgp:usr/lib/systemd/system/exabgp@.service,tier_a_matching,NO_TIER_A_PARTNER,usr/lib/systemd/system/exabgp@.service
service_unit,fedora:exim-clamav:usr/lib/systemd/system/clamd.exim.service,tier_a_matching,NO_TIER_A_PARTNER,usr/lib/systemd/system/clamd.exim.service
service_unit,fedora:fapolicyd:usr/lib/systemd/system/fapolicyd.service,tier_a_matching,NO_TIER_A_PARTNER,usr/lib/systemd/system/fapolicyd.service
service_unit,fedora:fastd:usr/lib/systemd/system/fastd@.service,tier_a_matching,NO_TIER_A_PARTNER,usr/lib/systemd/system/fastd@.service
service_unit,fedora:fcgiwrap:usr/lib/systemd/system/fcgiwrap@.service,tier_a_matching,NO_TIER_A_PARTNER,usr/lib/systemd/system/fcgiwrap@.service
service_unit,fedora:flatpak:usr/lib/systemd/system/flatpak-add-fedora-repos.service,tier_a_matching,NO_TIER_A_PARTNER,usr/lib/systemd/system/flatpak-add-fedora-repos.service
service_unit,fedora:foomuuri:usr/lib/systemd/system/foomuuri-dbus.service,tier_a_matching,NO_TIER_A_PARTNER,usr/lib/systemd/system/foomuuri-dbus.service
service_unit,fedora:foomuuri:usr/lib/systemd/system/foomuuri-iplist.service,tier_a_matching,NO_TIER_A_PARTNER,usr/lib/systemd/system/foomuuri-iplist.service
service_unit,fedora:foomuuri:usr/lib/systemd/system/foomuuri-monitor.service,tier_a_matching,NO_TIER_A_PARTNER,usr/lib/systemd/system/foomuuri-monitor.service
service_unit,fedora:foomuuri:usr/lib/systemd/system/foomuuri.service,tier_a_matching,NO_TIER_A_PARTNER,usr/lib/systemd/system/foomuuri.service
service_unit,fedora:forgejo:usr/lib/systemd/system/forgejo-init.service,tier_a_matching,NO_TIER_A_PARTNER,usr/lib/systemd/system/forgejo-init.service
service_unit,fedora:freeipa-server-common:usr/lib/systemd/system/ipa-custodia.service,tier_a_matching,NO_TIER_A_PARTNER,usr/lib/systemd/system/ipa-custodia.service
service_unit,fedora:freeipa-server-dns:usr/lib/systemd/system/ipa-dnskeysyncd.service,tier_a_matching,NO_TIER_A_PARTNER,usr/lib/systemd/system/ipa-dnskeysyncd.service
service_unit,fedora:freeipa-server-dns:usr/lib/systemd/system/ipa-ods-exporter.service,tier_a_matching,NO_TIER_A_PARTNER,usr/lib/systemd/system/ipa-ods-exporter.service
service_unit,fedora:freeipa-server:usr/lib/systemd/system/ipa-ccache-sweep.service,tier_a_matching,NO_TIER_A_PARTNER,usr/lib/systemd/system/ipa-ccache-sweep.service
service_unit,fedora:freeipa-server:usr/lib/systemd/system/ipa-otpd@.service,tier_a_matching,NO_TIER_A_PARTNER,usr/lib/systemd/system/ipa-otpd@.service
service_unit,fedora:freeipa-server:usr/lib/systemd/system/ipa.service,tier_a_matching,NO_TIER_A_PARTNER,usr/lib/systemd/system/ipa.service
service_unit,fedora:freeradius:usr/lib/systemd/system/radiusd.service,tier_a_matching,NO_TIER_A_PARTNER,usr/lib/systemd/system/radiusd.service
service_unit,fedora:gdm:usr/lib/systemd/system/gdm.service,tier_a_matching,NO_TIER_A_PARTNER,usr/lib/systemd/system/gdm.service
service_unit,fedora:gdm:usr/lib/systemd/system/gnome-headless-session@.service,tier_a_matching,NO_TIER_A_PARTNER,usr/lib/systemd/system/gnome-headless-session@.service
service_unit,fedora:git-daemon:usr/lib/systemd/system/git@.service,tier_a_matching,NO_TIER_A_PARTNER,usr/lib/systemd/system/git@.service
service_unit,fedora:globus-gatekeeper:usr/lib/systemd/system/globus-gatekeeper.service,tier_a_matching,NO_TIER_A_PARTNER,usr/lib/systemd/system/globus-gatekeeper.service
service_unit,fedora:globus-gridftp-server-progs:usr/lib/systemd/system/globus-gridftp-sshftp.service,tier_a_matching,NO_TIER_A_PARTNER,usr/lib/systemd/system/globus-gridftp-sshftp.service
service_unit,fedora:globus-scheduler-event-generator-progs:usr/lib/systemd/system/globus-scheduler-event-generator@.service,tier_a_matching,NO_TIER_A_PARTNER,usr/lib/systemd/system/globus-scheduler-event-generator@.service
service_unit,fedora:golang-github-prometheus-alertmanager:usr/lib/systemd/system/prometheus-alertmanager.service,tier_a_matching,NO_TIER_A_PARTNER,usr/lib/systemd/system/prometheus-alertmanager.service
service_unit,fedora:google-guest-agent:usr/lib/systemd/system/google-startup-scripts.service,tier_a_matching,NO_TIER_A_PARTNER,usr/lib/systemd/system/google-startup-scripts.service
service_unit,fedora:grub2-tools:usr/lib/systemd/system/grub-boot-indeterminate.service,tier_a_matching,NO_TIER_A_PARTNER,usr/lib/systemd/system/grub-boot-indeterminate.service
service_unit,fedora:grub2-tools:usr/lib/systemd/system/grub2-systemd-integration.service,tier_a_matching,NO_TIER_A_PARTNER,usr/lib/systemd/system/grub2-systemd-integration.service
service_unit,fedora:grub2-tools:usr/lib/systemd/system/reboot.target.wants/grub2-systemd-integration.service,tier_a_matching,DUPLICATE_ALIAS,usr/lib/systemd/system/grub2-systemd-integration.service
service_unit,fedora:grub2-tools:usr/lib/systemd/system/system-update.target.wants/grub-boot-indeterminate.service,tier_a_matching,DUPLICATE_ALIAS,usr/lib/systemd/system/grub-boot-indeterminate.service
service_unit,fedora:gsi-openssh-server:usr/lib/systemd/system/gsissh-host-keys-migration.service,tier_a_matching,NO_TIER_A_PARTNER,usr/lib/systemd/system/gsissh-host-keys-migration.service
service_unit,fedora:gsi-openssh-server:usr/lib/systemd/system/gsisshd-keygen@.service,tier_a_matching,NO_TIER_A_PARTNER,usr/lib/systemd/system/gsisshd-keygen@.service
service_unit,fedora:gsi-openssh-server:usr/lib/systemd/system/gsisshd.service,tier_a_matching,NO_TIER_A_PARTNER,usr/lib/systemd/system/gsisshd.service
service_unit,fedora:gsi-openssh-server:usr/lib/systemd/system/gsisshd@.service,tier_a_matching,NO_TIER_A_PARTNER,usr/lib/systemd/system/gsisshd@.service
service_unit,fedora:haveged:usr/lib/systemd/system/haveged-once.service,tier_a_matching,NO_TIER_A_PARTNER,usr/lib/systemd/system/haveged-once.service
service_unit,fedora:haveged:usr/lib/systemd/system/haveged-switch-root.service,tier_a_matching,NO_TIER_A_PARTNER,usr/lib/systemd/system/haveged-switch-root.service
service_unit,fedora:haveged:usr/lib/systemd/system/haveged.service,tier_a_matching,NO_TIER_A_PARTNER,usr/lib/systemd/system/haveged.service
service_unit,fedora:httpd:usr/lib/systemd/system/httpd.service,tier_a_matching,NO_TIER_A_PARTNER,usr/lib/systemd/system/httpd.service
service_unit,fedora:httpd:usr/lib/systemd/system/httpd@.service,tier_a_matching,NO_TIER_A_PARTNER,usr/lib/systemd/system/httpd@.service
service_unit,fedora:hypervfcopyd:usr/lib/systemd/system/hypervfcopyd.service,tier_a_matching,NO_TIER_A_PARTNER,usr/lib/systemd/system/hypervfcopyd.service
service_unit,fedora:incus:usr/lib/systemd/system/incus-startup.service,tier_a_matching,NO_TIER_A_PARTNER,usr/lib/systemd/system/incus-startup.service
service_unit,fedora:incus:usr/lib/systemd/system/incus.service,tier_a_matching,NO_TIER_A_PARTNER,usr/lib/systemd/system/incus.service
service_unit,fedora:inn:usr/lib/systemd/system/innd-expire.service,tier_a_matching,NO_TIER_A_PARTNER,usr/lib/systemd/system/innd-expire.service
service_unit,fedora:inn:usr/lib/systemd/system/innd-nntpsend.service,tier_a_matching,NO_TIER_A_PARTNER,usr/lib/systemd/system/innd-nntpsend.service
service_unit,fedora:inn:usr/lib/systemd/system/innd-rnews.service,tier_a_matching,NO_TIER_A_PARTNER,usr/lib/systemd/system/innd-rnews.service
service_unit,fedora:intel-undervolt:usr/lib/systemd/system/intel-undervolt-loop.service,tier_a_matching,NO_TIER_A_PARTNER,usr/lib/systemd/system/intel-undervolt-loop.service
service_unit,fedora:intel-undervolt:usr/lib/systemd/system/intel-undervolt.service,tier_a_matching,NO_TIER_A_PARTNER,usr/lib/systemd/system/intel-undervolt.service
service_unit,fedora:iodine-client:usr/lib/systemd/system/iodine-client.service,tier_a_matching,NO_TIER_A_PARTNER,usr/lib/systemd/system/iodine-client.service
service_unit,fedora:jabberd:usr/lib/systemd/system/jabberd-c2s.service,tier_a_matching,NO_TIER_A_PARTNER,usr/lib/systemd/system/jabberd-c2s.service
service_unit,fedora:jabberd:usr/lib/systemd/system/jabberd-router.service,tier_a_matching,NO_TIER_A_PARTNER,usr/lib/systemd/system/jabberd-router.service
service_unit,fedora:jabberd:usr/lib/systemd/system/jabberd-s2s.service,tier_a_matching,NO_TIER_A_PARTNER,usr/lib/systemd/system/jabberd-s2s.service
service_unit,fedora:jabberd:usr/lib/systemd/system/jabberd-sm.service,tier_a_matching,NO_TIER_A_PARTNER,usr/lib/systemd/system/jabberd-sm.service
service_unit,fedora:kernel-tools:usr/lib/systemd/system/kvm_stat.service,tier_a_matching,NO_TIER_A_PARTNER,usr/lib/systemd/system/kvm_stat.service
service_unit,fedora:kmonad:usr/lib/systemd/system/kmonad@.service,tier_a_matching,NO_TIER_A_PARTNER,usr/lib/systemd/system/kmonad@.service
service_unit,fedora:kmscon:usr/lib/systemd/system/kmsconvt@.service,tier_a_matching,NO_TIER_A_PARTNER,usr/lib/systemd/system/kmsconvt@.service
service_unit,fedora:knot-resolver:usr/lib/systemd/system/kresd@.service,tier_a_matching,NO_TIER_A_PARTNER,usr/lib/systemd/system/kresd@.service
service_unit,fedora:lemonldap-ng-common:usr/lib/systemd/system/lemonldap-ng-rotateOidcKeys.service,tier_a_matching,NO_TIER_A_PARTNER,usr/lib/systemd/system/lemonldap-ng-rotateOidcKeys.service
service_unit,fedora:libvirt-daemon-common:usr/lib/systemd/system/libvirt-guests.service,tier_a_matching,NO_TIER_A_PARTNER,usr/lib/systemd/system/libvirt-guests.service
service_unit,fedora:libvirt-daemon-driver-libxl:usr/lib/systemd/system/virtxend.service,tier_a_matching,NO_TIER_A_PARTNER,usr/lib/systemd/system/virtxend.service
service_unit,fedora:libvirt-dbus:usr/lib/systemd/system/libvirt-dbus.service,tier_a_matching,NO_TIER_A_PARTNER,usr/lib/systemd/system/libvirt-dbus.service
service_unit,fedora:lighttpd:usr/lib/systemd/system/lighttpd.service,tier_a_matching,NO_TIER_A_PARTNER,usr/lib/systemd/system/lighttpd.service
service_unit,fedora:linuxptp:usr/lib/systemd/system/phc2sys.service,tier_a_matching,NO_TIER_A_PARTNER,usr/lib/systemd/system/phc2sys.service
service_unit,fedora:linuxptp:usr/lib/systemd/system/ptp4l.service,tier_a_matching,NO_TIER_A_PARTNER,usr/lib/systemd/system/ptp4l.service
service_unit,fedora:linuxptp:usr/lib/systemd/system/ts2phc.service,tier_a_matching,NO_TIER_A_PARTNER,usr/lib/systemd/system/ts2phc.service
service_unit,fedora:lvm2-lockd:usr/lib/systemd/system/lvmlocks.service,tier_a_matching,NO_TIER_A_PARTNER,usr/lib/systemd/system/lvmlocks.service
service_unit,fedora:lvm2:usr/lib/systemd/system/lvm2-monitor.service,tier_a_matching,NO_TIER_A_PARTNER,usr/lib/systemd/system/lvm2-monitor.service
service_unit,fedora:ly:usr/lib/systemd/system/ly-kmsconvt@.service,tier_a_matching,NO_TIER_A_PARTNER,usr/lib/systemd/system/ly-kmsconvt@.service
service_unit,fedora:ly:usr/lib/systemd/system/ly@.service,tier_a_matching,NO_TIER_A_PARTNER,usr/lib/systemd/system/ly@.service
service_unit,fedora:mailman3:usr/lib/systemd/system/mailman3-digests.service,tier_a_matching,NO_TIER_A_PARTNER,usr/lib/systemd/system/mailman3-digests.service
service_unit,fedora:mailman3:usr/lib/systemd/system/mailman3.service,tier_a_matching,NO_TIER_A_PARTNER,usr/lib/systemd/system/mailman3.service
service_unit,fedora:mariadb-server:usr/lib/systemd/system/mariadb.service,tier_a_matching,NO_TIER_A_PARTNER,usr/lib/systemd/system/mariadb.service
service_unit,fedora:mariadb-server:usr/lib/systemd/system/mariadb@.service,tier_a_matching,NO_TIER_A_PARTNER,usr/lib/systemd/system/mariadb@.service
service_unit,fedora:mariadb-server:usr/lib/systemd/system/mysql.service,tier_a_matching,DUPLICATE_ALIAS,usr/lib/systemd/system/mariadb.service
service_unit,fedora:mariadb-server:usr/lib/systemd/system/mysqld.service,tier_a_matching,DUPLICATE_ALIAS,usr/lib/systemd/system/mariadb.service
service_unit,fedora:mariadb10.11-server:usr/lib/systemd/system/mariadb.service,tier_a_matching,NO_TIER_A_PARTNER,usr/lib/systemd/system/mariadb.service
service_unit,fedora:mariadb10.11-server:usr/lib/systemd/system/mariadb@.service,tier_a_matching,NO_TIER_A_PARTNER,usr/lib/systemd/system/mariadb@.service
service_unit,fedora:mariadb10.11-server:usr/lib/systemd/system/mysql.service,tier_a_matching,DUPLICATE_ALIAS,usr/lib/systemd/system/mariadb.service
service_unit,fedora:mariadb10.11-server:usr/lib/systemd/system/mysqld.service,tier_a_matching,DUPLICATE_ALIAS,usr/lib/systemd/system/mariadb.service
service_unit,fedora:mariadb12.3-server:usr/lib/systemd/system/mariadb.service,tier_a_matching,NO_TIER_A_PARTNER,usr/lib/systemd/system/mariadb.service
service_unit,fedora:mariadb12.3-server:usr/lib/systemd/system/mariadb@.service,tier_a_matching,NO_TIER_A_PARTNER,usr/lib/systemd/system/mariadb@.service
service_unit,fedora:mariadb12.3-server:usr/lib/systemd/system/mysql.service,tier_a_matching,DUPLICATE_ALIAS,usr/lib/systemd/system/mariadb.service
service_unit,fedora:mariadb12.3-server:usr/lib/systemd/system/mysqld.service,tier_a_matching,DUPLICATE_ALIAS,usr/lib/systemd/system/mariadb.service
service_unit,fedora:mgetty-voice:usr/lib/systemd/system/vgetty@.service,tier_a_matching,NO_TIER_A_PARTNER,usr/lib/systemd/system/vgetty@.service
service_unit,fedora:mgetty:usr/lib/systemd/system/mgetty@.service,tier_a_matching,NO_TIER_A_PARTNER,usr/lib/systemd/system/mgetty@.service
service_unit,fedora:mod_ssl:usr/lib/systemd/system/httpd-init.service,tier_a_matching,NO_TIER_A_PARTNER,usr/lib/systemd/system/httpd-init.service
service_unit,fedora:mrtg:usr/lib/systemd/system/mrtg.service,tier_a_matching,NO_TIER_A_PARTNER,usr/lib/systemd/system/mrtg.service
service_unit,fedora:munin:usr/lib/systemd/system/munin-rrdcached.service,tier_a_matching,NO_TIER_A_PARTNER,usr/lib/systemd/system/munin-rrdcached.service
service_unit,fedora:munin:usr/lib/systemd/system/munin.service,tier_a_matching,NO_TIER_A_PARTNER,usr/lib/systemd/system/munin.service
service_unit,fedora:nbd:usr/lib/systemd/system/nbd@.service,tier_a_matching,NO_TIER_A_PARTNER,usr/lib/systemd/system/nbd@.service
service_unit,fedora:netavark:usr/lib/systemd/system/netavark-dhcp-proxy.service,tier_a_matching,NO_TIER_A_PARTNER,usr/lib/systemd/system/netavark-dhcp-proxy.service
service_unit,fedora:netavark:usr/lib/systemd/system/netavark-firewalld-reload.service,tier_a_matching,NO_TIER_A_PARTNER,usr/lib/systemd/system/netavark-firewalld-reload.service
service_unit,fedora:netavark:usr/lib/systemd/system/netavark-nftables-reload.service,tier_a_matching,NO_TIER_A_PARTNER,usr/lib/systemd/system/netavark-nftables-reload.service
service_unit,fedora:nextcloud:usr/lib/systemd/system/nextcloud-cron.service,tier_a_matching,NO_TIER_A_PARTNER,usr/lib/systemd/system/nextcloud-cron.service
service_unit,fedora:nfs-common-utils:usr/lib/systemd/system/auth-rpcgss-module.service,tier_a_matching,NO_TIER_A_PARTNER,usr/lib/systemd/system/auth-rpcgss-module.service
service_unit,fedora:nfs-ganesha:usr/lib/systemd/system/nfs-ganesha-lock.service,tier_a_matching,NO_TIER_A_PARTNER,usr/lib/systemd/system/nfs-ganesha-lock.service
service_unit,fedora:nfs-utils:usr/lib/systemd/system/nfs-server.service,tier_a_matching,NO_TIER_A_PARTNER,usr/lib/systemd/system/nfs-server.service
service_unit,fedora:nginx:usr/lib/systemd/system/nginx.service,tier_a_matching,NO_TIER_A_PARTNER,usr/lib/systemd/system/nginx.service
service_unit,fedora:nginx:usr/lib/systemd/system/nginx@.service,tier_a_matching,NO_TIER_A_PARTNER,usr/lib/systemd/system/nginx@.service
service_unit,fedora:node-exporter:usr/lib/systemd/system/node_exporter.service,tier_a_matching,DUPLICATE_ALIAS,usr/lib/systemd/system/prometheus-node-exporter.service
service_unit,fedora:nordugrid-arc-infosys-ldap:usr/lib/systemd/system/arc-infosys-ldap-slapd.service,tier_a_matching,NO_TIER_A_PARTNER,usr/lib/systemd/system/arc-infosys-ldap-slapd.service
service_unit,fedora:nordugrid-arc-infosys-ldap:usr/lib/systemd/system/arc-infosys-ldap.service,tier_a_matching,NO_TIER_A_PARTNER,usr/lib/systemd/system/arc-infosys-ldap.service
service_unit,fedora:nrpe:usr/lib/systemd/system/nrpe.service,tier_a_matching,NO_TIER_A_PARTNER,usr/lib/systemd/system/nrpe.service
service_unit,fedora:nsca:usr/lib/systemd/system/nsca.service,tier_a_matching,NO_TIER_A_PARTNER,usr/lib/systemd/system/nsca.service
service_unit,fedora:ntpsec:usr/lib/systemd/system/ntpd.service,tier_a_matching,NO_TIER_A_PARTNER,usr/lib/systemd/system/ntpd.service
service_unit,fedora:ntpsec:usr/lib/systemd/system/ntpviz-daily.service,tier_a_matching,NO_TIER_A_PARTNER,usr/lib/systemd/system/ntpviz-daily.service
service_unit,fedora:ntpsec:usr/lib/systemd/system/ntpviz-weekly.service,tier_a_matching,NO_TIER_A_PARTNER,usr/lib/systemd/system/ntpviz-weekly.service
service_unit,fedora:nvme-cli:usr/lib/systemd/system/nvmf-autoconnect.service,tier_a_matching,NO_TIER_A_PARTNER,usr/lib/systemd/system/nvmf-autoconnect.service
service_unit,fedora:nvme-cli:usr/lib/systemd/system/nvmf-connect-nbft.service,tier_a_matching,NO_TIER_A_PARTNER,usr/lib/systemd/system/nvmf-connect-nbft.service
service_unit,fedora:nvme-cli:usr/lib/systemd/system/nvmf-connect@.service,tier_a_matching,NO_TIER_A_PARTNER,usr/lib/systemd/system/nvmf-connect@.service
service_unit,fedora:nvme-stas:usr/lib/systemd/system/stacd.service,tier_a_matching,NO_TIER_A_PARTNER,usr/lib/systemd/system/stacd.service
service_unit,fedora:nvme-stas:usr/lib/systemd/system/stafd.service,tier_a_matching,NO_TIER_A_PARTNER,usr/lib/systemd/system/stafd.service
service_unit,fedora:nvme-stas:usr/lib/systemd/system/stas-config@.service,tier_a_matching,NO_TIER_A_PARTNER,usr/lib/systemd/system/stas-config@.service
service_unit,fedora:ocsinventory-agent:usr/lib/systemd/system/ocsinventory-agent.service,tier_a_matching,NO_TIER_A_PARTNER,usr/lib/systemd/system/ocsinventory-agent.service
service_unit,fedora:oidentd:usr/lib/systemd/system/oidentd.service,tier_a_matching,NO_TIER_A_PARTNER,usr/lib/systemd/system/oidentd.service
service_unit,fedora:oidentd:usr/lib/systemd/system/oidentd@.service,tier_a_matching,NO_TIER_A_PARTNER,usr/lib/systemd/system/oidentd@.service
service_unit,fedora:onedrive:usr/lib/systemd/system/onedrive@.service,tier_a_matching,NO_TIER_A_PARTNER,usr/lib/systemd/system/onedrive@.service
service_unit,fedora:openbao-vault-compat:usr/lib/systemd/system/vault.service,tier_a_matching,DUPLICATE_ALIAS,usr/lib/systemd/system/openbao.service
service_unit,fedora:openfortivpn:usr/lib/systemd/system/openfortivpn@.service,tier_a_matching,NO_TIER_A_PARTNER,usr/lib/systemd/system/openfortivpn@.service
service_unit,fedora:opensm:usr/lib/systemd/system/opensm.service,tier_a_matching,NO_TIER_A_PARTNER,usr/lib/systemd/system/opensm.service
service_unit,fedora:openssh-server:usr/lib/systemd/system/ssh-host-keys-migration.service,tier_a_matching,NO_TIER_A_PARTNER,usr/lib/systemd/system/ssh-host-keys-migration.service
service_unit,fedora:openssh-server:usr/lib/systemd/system/sshd-keygen@.service,tier_a_matching,NO_TIER_A_PARTNER,usr/lib/systemd/system/sshd-keygen@.service
service_unit,fedora:openssh-server:usr/lib/systemd/system/sshd@.service,tier_a_matching,NO_TIER_A_PARTNER,usr/lib/systemd/system/sshd@.service
service_unit,fedora:ostree:usr/lib/systemd/system/ostree-boot-complete.service,tier_a_matching,NO_TIER_A_PARTNER,usr/lib/systemd/system/ostree-boot-complete.service
service_unit,fedora:ostree:usr/lib/systemd/system/ostree-finalize-staged-hold.service,tier_a_matching,NO_TIER_A_PARTNER,usr/lib/systemd/system/ostree-finalize-staged-hold.service
service_unit,fedora:ostree:usr/lib/systemd/system/ostree-finalize-staged.service,tier_a_matching,NO_TIER_A_PARTNER,usr/lib/systemd/system/ostree-finalize-staged.service
service_unit,fedora:ostree:usr/lib/systemd/system/ostree-state-overlay@.service,tier_a_matching,NO_TIER_A_PARTNER,usr/lib/systemd/system/ostree-state-overlay@.service
service_unit,fedora:pacemaker-cli:usr/lib/systemd/system/crm_mon.service,tier_a_matching,NO_TIER_A_PARTNER,usr/lib/systemd/system/crm_mon.service
service_unit,fedora:pcp:usr/lib/systemd/system/pmlogger_daily.service,tier_a_matching,NO_TIER_A_PARTNER,usr/lib/systemd/system/pmlogger_daily.service
service_unit,fedora:pcp:usr/lib/systemd/system/pmproxy_check.service,tier_a_matching,NO_TIER_A_PARTNER,usr/lib/systemd/system/pmproxy_check.service
service_unit,fedora:pcp:usr/lib/systemd/system/pmproxy_daily.service,tier_a_matching,NO_TIER_A_PARTNER,usr/lib/systemd/system/pmproxy_daily.service
service_unit,fedora:pcs:usr/lib/systemd/system/pcsd-ruby.service,tier_a_matching,NO_TIER_A_PARTNER,usr/lib/systemd/system/pcsd-ruby.service
service_unit,fedora:pcs:usr/lib/systemd/system/pcsd.service,tier_a_matching,NO_TIER_A_PARTNER,usr/lib/systemd/system/pcsd.service
service_unit,fedora:phrog:usr/lib/systemd/system/phrog.service,tier_a_matching,NO_TIER_A_PARTNER,usr/lib/systemd/system/phrog.service
service_unit,fedora:plasma-drkonqi:usr/lib/systemd/system/drkonqi-coredump-processor@.service,tier_a_matching,NO_TIER_A_PARTNER,usr/lib/systemd/system/drkonqi-coredump-processor@.service
service_unit,fedora:plasma-drkonqi:usr/lib/systemd/system/systemd-coredump@.service.wants/drkonqi-coredump-processor@.service,tier_a_matching,DUPLICATE_ALIAS,usr/lib/systemd/system/drkonqi-coredump-processor@.service
service_unit,fedora:plymouth:usr/lib/systemd/system/halt.target.wants/plymouth-halt.service,tier_a_matching,DUPLICATE_ALIAS,usr/lib/systemd/system/plymouth-halt.service
service_unit,fedora:plymouth:usr/lib/systemd/system/halt.target.wants/plymouth-switch-root-initramfs.service,tier_a_matching,DUPLICATE_ALIAS,usr/lib/systemd/system/plymouth-switch-root-initramfs.service
service_unit,fedora:plymouth:usr/lib/systemd/system/initrd-switch-root.target.wants/plymouth-start.service,tier_a_matching,DUPLICATE_ALIAS,usr/lib/systemd/system/plymouth-start.service
service_unit,fedora:plymouth:usr/lib/systemd/system/initrd-switch-root.target.wants/plymouth-switch-root.service,tier_a_matching,DUPLICATE_ALIAS,usr/lib/systemd/system/plymouth-switch-root.service
service_unit,fedora:plymouth:usr/lib/systemd/system/kexec.target.wants/plymouth-kexec.service,tier_a_matching,DUPLICATE_ALIAS,usr/lib/systemd/system/plymouth-kexec.service
service_unit,fedora:plymouth:usr/lib/systemd/system/kexec.target.wants/plymouth-switch-root-initramfs.service,tier_a_matching,DUPLICATE_ALIAS,usr/lib/systemd/system/plymouth-switch-root-initramfs.service
service_unit,fedora:plymouth:usr/lib/systemd/system/multi-user.target.wants/plymouth-quit-wait.service,tier_a_matching,DUPLICATE_ALIAS,usr/lib/systemd/system/plymouth-quit-wait.service
service_unit,fedora:plymouth:usr/lib/systemd/system/multi-user.target.wants/plymouth-quit.service,tier_a_matching,DUPLICATE_ALIAS,usr/lib/systemd/system/plymouth-quit.service
service_unit,fedora:plymouth:usr/lib/systemd/system/plymouth-halt.service,tier_a_matching,NO_TIER_A_PARTNER,usr/lib/systemd/system/plymouth-halt.service
service_unit,fedora:plymouth:usr/lib/systemd/system/plymouth-kexec.service,tier_a_matching,NO_TIER_A_PARTNER,usr/lib/systemd/system/plymouth-kexec.service
service_unit,fedora:plymouth:usr/lib/systemd/system/plymouth-poweroff.service,tier_a_matching,NO_TIER_A_PARTNER,usr/lib/systemd/system/plymouth-poweroff.service
service_unit,fedora:plymouth:usr/lib/systemd/system/plymouth-quit-wait.service,tier_a_matching,NO_TIER_A_PARTNER,usr/lib/systemd/system/plymouth-quit-wait.service
service_unit,fedora:plymouth:usr/lib/systemd/system/plymouth-quit.service,tier_a_matching,NO_TIER_A_PARTNER,usr/lib/systemd/system/plymouth-quit.service
service_unit,fedora:plymouth:usr/lib/systemd/system/plymouth-read-write.service,tier_a_matching,NO_TIER_A_PARTNER,usr/lib/systemd/system/plymouth-read-write.service
service_unit,fedora:plymouth:usr/lib/systemd/system/plymouth-reboot.service,tier_a_matching,NO_TIER_A_PARTNER,usr/lib/systemd/system/plymouth-reboot.service
service_unit,fedora:plymouth:usr/lib/systemd/system/plymouth-start.service,tier_a_matching,NO_TIER_A_PARTNER,usr/lib/systemd/system/plymouth-start.service
service_unit,fedora:plymouth:usr/lib/systemd/system/plymouth-switch-root-initramfs.service,tier_a_matching,NO_TIER_A_PARTNER,usr/lib/systemd/system/plymouth-switch-root-initramfs.service
service_unit,fedora:plymouth:usr/lib/systemd/system/plymouth-switch-root.service,tier_a_matching,NO_TIER_A_PARTNER,usr/lib/systemd/system/plymouth-switch-root.service
service_unit,fedora:plymouth:usr/lib/systemd/system/poweroff.target.wants/plymouth-poweroff.service,tier_a_matching,DUPLICATE_ALIAS,usr/lib/systemd/system/plymouth-poweroff.service
service_unit,fedora:plymouth:usr/lib/systemd/system/poweroff.target.wants/plymouth-switch-root-initramfs.service,tier_a_matching,DUPLICATE_ALIAS,usr/lib/systemd/system/plymouth-switch-root-initramfs.service
service_unit,fedora:plymouth:usr/lib/systemd/system/reboot.target.wants/plymouth-reboot.service,tier_a_matching,DUPLICATE_ALIAS,usr/lib/systemd/system/plymouth-reboot.service
service_unit,fedora:plymouth:usr/lib/systemd/system/reboot.target.wants/plymouth-switch-root-initramfs.service,tier_a_matching,DUPLICATE_ALIAS,usr/lib/systemd/system/plymouth-switch-root-initramfs.service
service_unit,fedora:plymouth:usr/lib/systemd/system/sysinit.target.wants/plymouth-read-write.service,tier_a_matching,DUPLICATE_ALIAS,usr/lib/systemd/system/plymouth-read-write.service
service_unit,fedora:plymouth:usr/lib/systemd/system/sysinit.target.wants/plymouth-start.service,tier_a_matching,DUPLICATE_ALIAS,usr/lib/systemd/system/plymouth-start.service
service_unit,fedora:polkit:usr/lib/systemd/system/polkit-agent-helper@.service,tier_a_matching,NO_TIER_A_PARTNER,usr/lib/systemd/system/polkit-agent-helper@.service
service_unit,fedora:postgresql-server:usr/lib/systemd/system/postgresql.service,tier_a_matching,NO_TIER_A_PARTNER,usr/lib/systemd/system/postgresql.service
service_unit,fedora:postgresql-server:usr/lib/systemd/system/postgresql@.service,tier_a_matching,NO_TIER_A_PARTNER,usr/lib/systemd/system/postgresql@.service
service_unit,fedora:postgresql16-server:usr/lib/systemd/system/postgresql.service,tier_a_matching,NO_TIER_A_PARTNER,usr/lib/systemd/system/postgresql.service
service_unit,fedora:postgresql16-server:usr/lib/systemd/system/postgresql@.service,tier_a_matching,NO_TIER_A_PARTNER,usr/lib/systemd/system/postgresql@.service
service_unit,fedora:postgresql17-server:usr/lib/systemd/system/postgresql.service,tier_a_matching,NO_TIER_A_PARTNER,usr/lib/systemd/system/postgresql.service
service_unit,fedora:postgresql17-server:usr/lib/systemd/system/postgresql@.service,tier_a_matching,NO_TIER_A_PARTNER,usr/lib/systemd/system/postgresql@.service
service_unit,fedora:privoxy:usr/lib/systemd/system/privoxy.service,tier_a_matching,NO_TIER_A_PARTNER,usr/lib/systemd/system/privoxy.service
service_unit,fedora:proftpd:usr/lib/systemd/system/proftpd@.service,tier_a_matching,NO_TIER_A_PARTNER,usr/lib/systemd/system/proftpd@.service
service_unit,fedora:prometheus-foomuuri-exporter:usr/lib/systemd/system/prometheus-foomuuri-exporter.service,tier_a_matching,NO_TIER_A_PARTNER,usr/lib/systemd/system/prometheus-foomuuri-exporter.service
service_unit,fedora:python3-carbon:usr/lib/systemd/system/carbon-aggregator.service,tier_a_matching,NO_TIER_A_PARTNER,usr/lib/systemd/system/carbon-aggregator.service
service_unit,fedora:python3-carbon:usr/lib/systemd/system/carbon-aggregator@.service,tier_a_matching,NO_TIER_A_PARTNER,usr/lib/systemd/system/carbon-aggregator@.service
service_unit,fedora:python3-carbon:usr/lib/systemd/system/carbon-cache@.service,tier_a_matching,NO_TIER_A_PARTNER,usr/lib/systemd/system/carbon-cache@.service
service_unit,fedora:python3-carbon:usr/lib/systemd/system/carbon-relay.service,tier_a_matching,NO_TIER_A_PARTNER,usr/lib/systemd/system/carbon-relay.service
service_unit,fedora:python3-carbon:usr/lib/systemd/system/carbon-relay@.service,tier_a_matching,NO_TIER_A_PARTNER,usr/lib/systemd/system/carbon-relay@.service
service_unit,fedora:python3-dnf-plugins-core:usr/lib/systemd/system/system-update.target.wants/dnf-system-upgrade.service,tier_a_matching,DUPLICATE_ALIAS,usr/lib/systemd/system/dnf-system-upgrade.service
service_unit,fedora:qbittorrent-nox:usr/lib/systemd/system/qbittorrent-nox@.service,tier_a_matching,NO_TIER_A_PARTNER,usr/lib/systemd/system/qbittorrent-nox@.service
service_unit,fedora:qemu-guest-agent:usr/lib/systemd/system/qemu-guest-agent.service,tier_a_matching,NO_TIER_A_PARTNER,usr/lib/systemd/system/qemu-guest-agent.service
service_unit,fedora:qemu-system-x86-core:usr/lib/systemd/system/qemu-vmsr-helper.service,tier_a_matching,NO_TIER_A_PARTNER,usr/lib/systemd/system/qemu-vmsr-helper.service
service_unit,fedora:quota-nld:usr/lib/systemd/system/quota_nld.service,tier_a_matching,NO_TIER_A_PARTNER,usr/lib/systemd/system/quota_nld.service
service_unit,fedora:quota-rpc:usr/lib/systemd/system/rpc-rquotad.service,tier_a_matching,NO_TIER_A_PARTNER,usr/lib/systemd/system/rpc-rquotad.service
service_unit,fedora:rbd-mirror:usr/lib/systemd/system/ceph-rbd-mirror@.service,tier_a_matching,NO_TIER_A_PARTNER,usr/lib/systemd/system/ceph-rbd-mirror@.service
service_unit,fedora:rdma-core:usr/lib/systemd/system/rdma-load-modules@.service,tier_a_matching,NO_TIER_A_PARTNER,usr/lib/systemd/system/rdma-load-modules@.service
service_unit,fedora:recoll:usr/lib/systemd/system/recollindex@.service,tier_a_matching,NO_TIER_A_PARTNER,usr/lib/systemd/system/recollindex@.service
service_unit,fedora:rmtfs:usr/lib/systemd/system/rmtfs-dir.service,tier_a_matching,NO_TIER_A_PARTNER,usr/lib/systemd/system/rmtfs-dir.service
service_unit,fedora:rmtfs:usr/lib/systemd/system/rmtfs.service,tier_a_matching,NO_TIER_A_PARTNER,usr/lib/systemd/system/rmtfs.service
service_unit,fedora:rsync-daemon:usr/lib/systemd/system/rsyncd.service,tier_a_matching,NO_TIER_A_PARTNER,usr/lib/systemd/system/rsyncd.service
service_unit,fedora:rsync-daemon:usr/lib/systemd/system/rsyncd@.service,tier_a_matching,NO_TIER_A_PARTNER,usr/lib/systemd/system/rsyncd@.service
service_unit,fedora:sane-backends-daemon:usr/lib/systemd/system/saned@.service,tier_a_matching,NO_TIER_A_PARTNER,usr/lib/systemd/system/saned@.service
service_unit,fedora:sendmail:usr/lib/systemd/system/sendmail.service,tier_a_matching,NO_TIER_A_PARTNER,usr/lib/systemd/system/sendmail.service
service_unit,fedora:sendmail:usr/lib/systemd/system/sm-client.service,tier_a_matching,NO_TIER_A_PARTNER,usr/lib/systemd/system/sm-client.service
service_unit,fedora:snapd:usr/lib/systemd/system/snapd.seeded.service,tier_a_matching,NO_TIER_A_PARTNER,usr/lib/systemd/system/snapd.seeded.service
service_unit,fedora:snapper:usr/lib/systemd/system/snapper-cleanup.service,tier_a_matching,NO_TIER_A_PARTNER,usr/lib/systemd/system/snapper-cleanup.service
service_unit,fedora:snapper:usr/lib/systemd/system/snapper-timeline.service,tier_a_matching,NO_TIER_A_PARTNER,usr/lib/systemd/system/snapper-timeline.service
service_unit,fedora:spamass-milter:usr/lib/systemd/system/spamass-milter-root.service,tier_a_matching,NO_TIER_A_PARTNER,usr/lib/systemd/system/spamass-milter-root.service
service_unit,fedora:spamass-milter:usr/lib/systemd/system/spamass-milter.service,tier_a_matching,NO_TIER_A_PARTNER,usr/lib/systemd/system/spamass-milter.service
service_unit,fedora:spamassassin:usr/lib/systemd/system/sa-update.service,tier_a_matching,NO_TIER_A_PARTNER,usr/lib/systemd/system/sa-update.service
service_unit,fedora:squid:usr/lib/systemd/system/squid.service,tier_a_matching,NO_TIER_A_PARTNER,usr/lib/systemd/system/squid.service
service_unit,fedora:srp_daemon:usr/lib/systemd/system/srp_daemon_port@.service,tier_a_matching,NO_TIER_A_PARTNER,usr/lib/systemd/system/srp_daemon_port@.service
service_unit,fedora:strongswan:usr/lib/systemd/system/strongswan-starter.service,tier_a_matching,NO_TIER_A_PARTNER,usr/lib/systemd/system/strongswan-starter.service
service_unit,fedora:stunnel:usr/lib/systemd/system/stunnel@.service,tier_a_matching,NO_TIER_A_PARTNER,usr/lib/systemd/system/stunnel@.service
service_unit,fedora:sysstat:usr/lib/systemd/system/sysstat-collect.service,tier_a_matching,NO_TIER_A_PARTNER,usr/lib/systemd/system/sysstat-collect.service
service_unit,fedora:sysstat:usr/lib/systemd/system/sysstat-rotate.service,tier_a_matching,NO_TIER_A_PARTNER,usr/lib/systemd/system/sysstat-rotate.service
service_unit,fedora:sysstat:usr/lib/systemd/system/sysstat.service,tier_a_matching,NO_TIER_A_PARTNER,usr/lib/systemd/system/sysstat.service
service_unit,fedora:system-config-printer-udev:usr/lib/systemd/system/configure-printer@.service,tier_a_matching,NO_TIER_A_PARTNER,usr/lib/systemd/system/configure-printer@.service
service_unit,fedora:systemd-container:usr/lib/systemd/system/dbus-org.freedesktop.import1.service,tier_a_matching,DUPLICATE_ALIAS,usr/lib/systemd/system/systemd-importd.service
service_unit,fedora:systemd-container:usr/lib/systemd/system/dbus-org.freedesktop.machine1.service,tier_a_matching,DUPLICATE_ALIAS,usr/lib/systemd/system/systemd-machined.service
service_unit,fedora:systemd-container:usr/lib/systemd/system/systemd-nspawn@.service,tier_a_matching,NO_TIER_A_PARTNER,usr/lib/systemd/system/systemd-nspawn@.service
service_unit,fedora:systemd-container:usr/lib/systemd/system/systemd-vmspawn@.service,tier_a_matching,NO_TIER_A_PARTNER,usr/lib/systemd/system/systemd-vmspawn@.service
service_unit,fedora:systemd-networkd:usr/lib/systemd/system/systemd-network-generator.service,tier_a_matching,NO_TIER_A_PARTNER,usr/lib/systemd/system/systemd-network-generator.service
service_unit,fedora:systemd-networkd:usr/lib/systemd/system/systemd-networkd-wait-online@.service,tier_a_matching,NO_TIER_A_PARTNER,usr/lib/systemd/system/systemd-networkd-wait-online@.service
service_unit,fedora:systemd-udev:usr/lib/systemd/system/breakpoint-pre-udev.service,tier_a_matching,NO_TIER_A_PARTNER,usr/lib/systemd/system/breakpoint-pre-udev.service
service_unit,fedora:systemd-udev:usr/lib/systemd/system/dbus-org.freedesktop.portable1.service,tier_a_matching,DUPLICATE_ALIAS,usr/lib/systemd/system/systemd-portabled.service
service_unit,fedora:systemd-udev:usr/lib/systemd/system/dbus-org.freedesktop.sysupdate1.service,tier_a_matching,DUPLICATE_ALIAS,usr/lib/systemd/system/systemd-sysupdated.service
service_unit,fedora:systemd-udev:usr/lib/systemd/system/factory-reset.target.wants/systemd-pcrphase-factory-reset.service,tier_a_matching,DUPLICATE_ALIAS,usr/lib/systemd/system/systemd-pcrphase-factory-reset.service
service_unit,fedora:systemd-udev:usr/lib/systemd/system/initrd-cleanup.service,tier_a_matching,NO_TIER_A_PARTNER,usr/lib/systemd/system/initrd-cleanup.service
service_unit,fedora:systemd-udev:usr/lib/systemd/system/initrd-root-fs.target.wants/systemd-repart.service,tier_a_matching,DUPLICATE_ALIAS,usr/lib/systemd/system/systemd-repart.service
service_unit,fedora:systemd-udev:usr/lib/systemd/system/initrd-switch-root.service,tier_a_matching,NO_TIER_A_PARTNER,usr/lib/systemd/system/initrd-switch-root.service
service_unit,fedora:systemd-udev:usr/lib/systemd/system/initrd-udevadm-cleanup-db.service,tier_a_matching,NO_TIER_A_PARTNER,usr/lib/systemd/system/initrd-udevadm-cleanup-db.service
service_unit,fedora:systemd-udev:usr/lib/systemd/system/initrd.target.wants/systemd-battery-check.service,tier_a_matching,DUPLICATE_ALIAS,usr/lib/systemd/system/systemd-battery-check.service
service_unit,fedora:systemd-udev:usr/lib/systemd/system/initrd.target.wants/systemd-bsod.service,tier_a_matching,DUPLICATE_ALIAS,usr/lib/systemd/system/systemd-bsod.service
service_unit,fedora:systemd-udev:usr/lib/systemd/system/initrd.target.wants/systemd-confext-initrd.service,tier_a_matching,DUPLICATE_ALIAS,usr/lib/systemd/system/systemd-confext-initrd.service
service_unit,fedora:systemd-udev:usr/lib/systemd/system/initrd.target.wants/systemd-pcrphase-initrd.service,tier_a_matching,DUPLICATE_ALIAS,usr/lib/systemd/system/systemd-pcrphase-initrd.service
service_unit,fedora:systemd-udev:usr/lib/systemd/system/initrd.target.wants/systemd-sysext-initrd.service,tier_a_matching,DUPLICATE_ALIAS,usr/lib/systemd/system/systemd-sysext-initrd.service
service_unit,fedora:systemd-udev:usr/lib/systemd/system/quotaon@.service,tier_a_matching,NO_TIER_A_PARTNER,usr/lib/systemd/system/quotaon@.service
service_unit,fedora:systemd-udev:usr/lib/systemd/system/storage-target-mode.target.wants/systemd-pcrphase-storage-target-mode.service,tier_a_matching,DUPLICATE_ALIAS,usr/lib/systemd/system/systemd-pcrphase-storage-target-mode.service
service_unit,fedora:systemd-udev:usr/lib/systemd/system/sysinit.target.wants/kmod-static-nodes.service,tier_a_matching,DUPLICATE_ALIAS,usr/lib/systemd/system/kmod-static-nodes.service
service_unit,fedora:systemd-udev:usr/lib/systemd/system/sysinit.target.wants/systemd-binfmt.service,tier_a_matching,DUPLICATE_ALIAS,usr/lib/systemd/system/systemd-binfmt.service
service_unit,fedora:systemd-udev:usr/lib/systemd/system/sysinit.target.wants/systemd-boot-random-seed.service,tier_a_matching,DUPLICATE_ALIAS,usr/lib/systemd/system/systemd-boot-random-seed.service
service_unit,fedora:systemd-udev:usr/lib/systemd/system/sysinit.target.wants/systemd-hibernate-clear.service,tier_a_matching,DUPLICATE_ALIAS,usr/lib/systemd/system/systemd-hibernate-clear.service
service_unit,fedora:systemd-udev:usr/lib/systemd/system/sysinit.target.wants/systemd-hwdb-update.service,tier_a_matching,DUPLICATE_ALIAS,usr/lib/systemd/system/systemd-hwdb-update.service
service_unit,fedora:systemd-udev:usr/lib/systemd/system/sysinit.target.wants/systemd-modules-load.service,tier_a_matching,DUPLICATE_ALIAS,usr/lib/systemd/system/systemd-modules-load.service
service_unit,fedora:systemd-udev:usr/lib/systemd/system/sysinit.target.wants/systemd-pcrmachine.service,tier_a_matching,DUPLICATE_ALIAS,usr/lib/systemd/system/systemd-pcrmachine.service
service_unit,fedora:systemd-udev:usr/lib/systemd/system/sysinit.target.wants/systemd-pcrnvdone.service,tier_a_matching,DUPLICATE_ALIAS,usr/lib/systemd/system/systemd-pcrnvdone.service
service_unit,fedora:systemd-udev:usr/lib/systemd/system/sysinit.target.wants/systemd-pcrphase-sysinit.service,tier_a_matching,DUPLICATE_ALIAS,usr/lib/systemd/system/systemd-pcrphase-sysinit.service
service_unit,fedora:systemd-udev:usr/lib/systemd/system/sysinit.target.wants/systemd-pcrphase.service,tier_a_matching,DUPLICATE_ALIAS,usr/lib/systemd/system/systemd-pcrphase.service
service_unit,fedora:systemd-udev:usr/lib/systemd/system/sysinit.target.wants/systemd-pcrproduct.service,tier_a_matching,DUPLICATE_ALIAS,usr/lib/systemd/system/systemd-pcrproduct.service
service_unit,fedora:systemd-udev:usr/lib/systemd/system/sysinit.target.wants/systemd-random-seed.service,tier_a_matching,DUPLICATE_ALIAS,usr/lib/systemd/system/systemd-random-seed.service
service_unit,fedora:systemd-udev:usr/lib/systemd/system/sysinit.target.wants/systemd-repart.service,tier_a_matching,DUPLICATE_ALIAS,usr/lib/systemd/system/systemd-repart.service
service_unit,fedora:systemd-udev:usr/lib/systemd/system/sysinit.target.wants/systemd-sysctl.service,tier_a_matching,DUPLICATE_ALIAS,usr/lib/systemd/system/systemd-sysctl.service
service_unit,fedora:systemd-udev:usr/lib/systemd/system/sysinit.target.wants/systemd-tmpfiles-setup-dev-early.service,tier_a_matching,DUPLICATE_ALIAS,usr/lib/systemd/system/systemd-tmpfiles-setup-dev-early.service
service_unit,fedora:systemd-udev:usr/lib/systemd/system/sysinit.target.wants/systemd-tmpfiles-setup-dev.service,tier_a_matching,DUPLICATE_ALIAS,usr/lib/systemd/system/systemd-tmpfiles-setup-dev.service
service_unit,fedora:systemd-udev:usr/lib/systemd/system/sysinit.target.wants/systemd-udev-trigger.service,tier_a_matching,DUPLICATE_ALIAS,usr/lib/systemd/system/systemd-udev-trigger.service
service_unit,fedora:systemd-udev:usr/lib/systemd/system/sysinit.target.wants/systemd-udevd.service,tier_a_matching,DUPLICATE_ALIAS,usr/lib/systemd/system/systemd-udevd.service
service_unit,fedora:systemd-udev:usr/lib/systemd/system/systemd-backlight@.service,tier_a_matching,NO_TIER_A_PARTNER,usr/lib/systemd/system/systemd-backlight@.service
service_unit,fedora:systemd-udev:usr/lib/systemd/system/systemd-boot-random-seed.service,tier_a_matching,NO_TIER_A_PARTNER,usr/lib/systemd/system/systemd-boot-random-seed.service
service_unit,fedora:systemd-udev:usr/lib/systemd/system/systemd-boot-update.service,tier_a_matching,NO_TIER_A_PARTNER,usr/lib/systemd/system/systemd-boot-update.service
service_unit,fedora:systemd-udev:usr/lib/systemd/system/systemd-bootctl@.service,tier_a_matching,NO_TIER_A_PARTNER,usr/lib/systemd/system/systemd-bootctl@.service
service_unit,fedora:systemd-udev:usr/lib/systemd/system/systemd-coredump@.service,tier_a_matching,NO_TIER_A_PARTNER,usr/lib/systemd/system/systemd-coredump@.service
service_unit,fedora:systemd-udev:usr/lib/systemd/system/systemd-fsck@.service,tier_a_matching,NO_TIER_A_PARTNER,usr/lib/systemd/system/systemd-fsck@.service
service_unit,fedora:systemd-udev:usr/lib/systemd/system/systemd-growfs@.service,tier_a_matching,NO_TIER_A_PARTNER,usr/lib/systemd/system/systemd-growfs@.service
service_unit,fedora:systemd-udev:usr/lib/systemd/system/systemd-hibernate-clear.service,tier_a_matching,NO_TIER_A_PARTNER,usr/lib/systemd/system/systemd-hibernate-clear.service
service_unit,fedora:systemd-udev:usr/lib/systemd/system/systemd-hibernate-resume.service,tier_a_matching,NO_TIER_A_PARTNER,usr/lib/systemd/system/systemd-hibernate-resume.service
service_unit,fedora:systemd-udev:usr/lib/systemd/system/systemd-hibernate.service,tier_a_matching,NO_TIER_A_PARTNER,usr/lib/systemd/system/systemd-hibernate.service
service_unit,fedora:systemd-udev:usr/lib/systemd/system/systemd-homed-activate.service,tier_a_matching,NO_TIER_A_PARTNER,usr/lib/systemd/system/systemd-homed-activate.service
service_unit,fedora:systemd-udev:usr/lib/systemd/system/systemd-hybrid-sleep.service,tier_a_matching,NO_TIER_A_PARTNER,usr/lib/systemd/system/systemd-hybrid-sleep.service
service_unit,fedora:systemd-udev:usr/lib/systemd/system/systemd-network-generator.service,tier_a_matching,NO_TIER_A_PARTNER,usr/lib/systemd/system/systemd-network-generator.service
service_unit,fedora:systemd-udev:usr/lib/systemd/system/systemd-pcrextend@.service,tier_a_matching,NO_TIER_A_PARTNER,usr/lib/systemd/system/systemd-pcrextend@.service
service_unit,fedora:systemd-udev:usr/lib/systemd/system/systemd-pcrfs-root.service,tier_a_matching,NO_TIER_A_PARTNER,usr/lib/systemd/system/systemd-pcrfs-root.service
service_unit,fedora:systemd-udev:usr/lib/systemd/system/systemd-pcrfs@.service,tier_a_matching,NO_TIER_A_PARTNER,usr/lib/systemd/system/systemd-pcrfs@.service
service_unit,fedora:systemd-udev:usr/lib/systemd/system/systemd-pcrlock-file-system.service,tier_a_matching,NO_TIER_A_PARTNER,usr/lib/systemd/system/systemd-pcrlock-file-system.service
service_unit,fedora:systemd-udev:usr/lib/systemd/system/systemd-pcrlock-firmware-code.service,tier_a_matching,NO_TIER_A_PARTNER,usr/lib/systemd/system/systemd-pcrlock-firmware-code.service
service_unit,fedora:systemd-udev:usr/lib/systemd/system/systemd-pcrlock-firmware-config.service,tier_a_matching,NO_TIER_A_PARTNER,usr/lib/systemd/system/systemd-pcrlock-firmware-config.service
service_unit,fedora:systemd-udev:usr/lib/systemd/system/systemd-pcrlock-machine-id.service,tier_a_matching,NO_TIER_A_PARTNER,usr/lib/systemd/system/systemd-pcrlock-machine-id.service
service_unit,fedora:systemd-udev:usr/lib/systemd/system/systemd-pcrlock-make-policy.service,tier_a_matching,NO_TIER_A_PARTNER,usr/lib/systemd/system/systemd-pcrlock-make-policy.service
service_unit,fedora:systemd-udev:usr/lib/systemd/system/systemd-pcrlock-secureboot-authority.service,tier_a_matching,NO_TIER_A_PARTNER,usr/lib/systemd/system/systemd-pcrlock-secureboot-authority.service
service_unit,fedora:systemd-udev:usr/lib/systemd/system/systemd-pcrlock-secureboot-policy.service,tier_a_matching,NO_TIER_A_PARTNER,usr/lib/systemd/system/systemd-pcrlock-secureboot-policy.service
service_unit,fedora:systemd-udev:usr/lib/systemd/system/systemd-pcrlock@.service,tier_a_matching,NO_TIER_A_PARTNER,usr/lib/systemd/system/systemd-pcrlock@.service
service_unit,fedora:systemd-udev:usr/lib/systemd/system/systemd-pcrmachine.service,tier_a_matching,NO_TIER_A_PARTNER,usr/lib/systemd/system/systemd-pcrmachine.service
service_unit,fedora:systemd-udev:usr/lib/systemd/system/systemd-pcrnvdone.service,tier_a_matching,NO_TIER_A_PARTNER,usr/lib/systemd/system/systemd-pcrnvdone.service
service_unit,fedora:systemd-udev:usr/lib/systemd/system/systemd-pcrphase-factory-reset.service,tier_a_matching,NO_TIER_A_PARTNER,usr/lib/systemd/system/systemd-pcrphase-factory-reset.service
service_unit,fedora:systemd-udev:usr/lib/systemd/system/systemd-pcrphase-initrd.service,tier_a_matching,NO_TIER_A_PARTNER,usr/lib/systemd/system/systemd-pcrphase-initrd.service
service_unit,fedora:systemd-udev:usr/lib/systemd/system/systemd-pcrphase-storage-target-mode.service,tier_a_matching,NO_TIER_A_PARTNER,usr/lib/systemd/system/systemd-pcrphase-storage-target-mode.service
service_unit,fedora:systemd-udev:usr/lib/systemd/system/systemd-pcrphase-sysinit.service,tier_a_matching,NO_TIER_A_PARTNER,usr/lib/systemd/system/systemd-pcrphase-sysinit.service
service_unit,fedora:systemd-udev:usr/lib/systemd/system/systemd-pcrphase.service,tier_a_matching,NO_TIER_A_PARTNER,usr/lib/systemd/system/systemd-pcrphase.service
service_unit,fedora:systemd-udev:usr/lib/systemd/system/systemd-pcrproduct.service,tier_a_matching,NO_TIER_A_PARTNER,usr/lib/systemd/system/systemd-pcrproduct.service
service_unit,fedora:systemd-udev:usr/lib/systemd/system/systemd-quotacheck@.service,tier_a_matching,NO_TIER_A_PARTNER,usr/lib/systemd/system/systemd-quotacheck@.service
service_unit,fedora:systemd-udev:usr/lib/systemd/system/systemd-repart@.service,tier_a_matching,NO_TIER_A_PARTNER,usr/lib/systemd/system/systemd-repart@.service
service_unit,fedora:systemd-udev:usr/lib/systemd/system/systemd-suspend-then-hibernate.service,tier_a_matching,NO_TIER_A_PARTNER,usr/lib/systemd/system/systemd-suspend-then-hibernate.service
service_unit,fedora:systemd-udev:usr/lib/systemd/system/systemd-suspend.service,tier_a_matching,NO_TIER_A_PARTNER,usr/lib/systemd/system/systemd-suspend.service
service_unit,fedora:systemd-udev:usr/lib/systemd/system/systemd-sysupdate-reboot.service,tier_a_matching,NO_TIER_A_PARTNER,usr/lib/systemd/system/systemd-sysupdate-reboot.service
service_unit,fedora:systemd-udev:usr/lib/systemd/system/systemd-sysupdate.service,tier_a_matching,NO_TIER_A_PARTNER,usr/lib/systemd/system/systemd-sysupdate.service
service_unit,fedora:systemd-udev:usr/lib/systemd/system/systemd-sysupdated.service,tier_a_matching,NO_TIER_A_PARTNER,usr/lib/systemd/system/systemd-sysupdated.service
service_unit,fedora:systemd-udev:usr/lib/systemd/system/systemd-tmpfiles-setup-dev-early.service,tier_a_matching,NO_TIER_A_PARTNER,usr/lib/systemd/system/systemd-tmpfiles-setup-dev-early.service
service_unit,fedora:systemd-udev:usr/lib/systemd/system/systemd-tmpfiles-setup-dev.service,tier_a_matching,NO_TIER_A_PARTNER,usr/lib/systemd/system/systemd-tmpfiles-setup-dev.service
service_unit,fedora:systemd-udev:usr/lib/systemd/system/systemd-udev-load-credentials.service,tier_a_matching,NO_TIER_A_PARTNER,usr/lib/systemd/system/systemd-udev-load-credentials.service
service_unit,fedora:systemd-udev:usr/lib/systemd/system/systemd-udev-settle.service,tier_a_matching,NO_TIER_A_PARTNER,usr/lib/systemd/system/systemd-udev-settle.service
service_unit,fedora:systemd-udev:usr/lib/systemd/system/systemd-udev-trigger.service,tier_a_matching,NO_TIER_A_PARTNER,usr/lib/systemd/system/systemd-udev-trigger.service
service_unit,fedora:systemd-udev:usr/lib/systemd/system/systemd-vconsole-setup.service,tier_a_matching,NO_TIER_A_PARTNER,usr/lib/systemd/system/systemd-vconsole-setup.service
service_unit,fedora:systemd:usr/lib/systemd/system/autovt@.service,tier_a_matching,DUPLICATE_ALIAS,usr/lib/systemd/system/getty@.service
service_unit,fedora:systemd:usr/lib/systemd/system/breakpoint-pre-basic.service,tier_a_matching,NO_TIER_A_PARTNER,usr/lib/systemd/system/breakpoint-pre-basic.service
service_unit,fedora:systemd:usr/lib/systemd/system/breakpoint-pre-mount.service,tier_a_matching,NO_TIER_A_PARTNER,usr/lib/systemd/system/breakpoint-pre-mount.service
service_unit,fedora:systemd:usr/lib/systemd/system/breakpoint-pre-switch-root.service,tier_a_matching,NO_TIER_A_PARTNER,usr/lib/systemd/system/breakpoint-pre-switch-root.service
service_unit,fedora:systemd:usr/lib/systemd/system/capsule@.service,tier_a_matching,NO_TIER_A_PARTNER,usr/lib/systemd/system/capsule@.service
service_unit,fedora:systemd:usr/lib/systemd/system/container-getty@.service,tier_a_matching,NO_TIER_A_PARTNER,usr/lib/systemd/system/container-getty@.service
service_unit,fedora:systemd:usr/lib/systemd/system/dbus-org.freedesktop.hostname1.service,tier_a_matching,DUPLICATE_ALIAS,usr/lib/systemd/system/systemd-hostnamed.service
service_unit,fedora:systemd:usr/lib/systemd/system/dbus-org.freedesktop.locale1.service,tier_a_matching,DUPLICATE_ALIAS,usr/lib/systemd/system/systemd-localed.service
service_unit,fedora:systemd:usr/lib/systemd/system/dbus-org.freedesktop.login1.service,tier_a_matching,DUPLICATE_ALIAS,usr/lib/systemd/system/systemd-logind.service
service_unit,fedora:systemd:usr/lib/systemd/system/dbus-org.freedesktop.timedate1.service,tier_a_matching,DUPLICATE_ALIAS,usr/lib/systemd/system/systemd-timedated.service
service_unit,fedora:systemd:usr/lib/systemd/system/debug-shell.service,tier_a_matching,NO_TIER_A_PARTNER,usr/lib/systemd/system/debug-shell.service
service_unit,fedora:systemd:usr/lib/systemd/system/emergency.service,tier_a_matching,NO_TIER_A_PARTNER,usr/lib/systemd/system/emergency.service
service_unit,fedora:systemd:usr/lib/systemd/system/factory-reset.target.wants/systemd-factory-reset-request.service,tier_a_matching,DUPLICATE_ALIAS,usr/lib/systemd/system/systemd-factory-reset-request.service
service_unit,fedora:systemd:usr/lib/systemd/system/getty@.service,tier_a_matching,NO_TIER_A_PARTNER,usr/lib/systemd/system/getty@.service
service_unit,fedora:systemd:usr/lib/systemd/system/modprobe@.service,tier_a_matching,NO_TIER_A_PARTNER,usr/lib/systemd/system/modprobe@.service
service_unit,fedora:systemd:usr/lib/systemd/system/multi-user.target.wants/systemd-logind.service,tier_a_matching,DUPLICATE_ALIAS,usr/lib/systemd/system/systemd-logind.service
service_unit,fedora:systemd:usr/lib/systemd/system/multi-user.target.wants/systemd-user-sessions.service,tier_a_matching,DUPLICATE_ALIAS,usr/lib/systemd/system/systemd-user-sessions.service
service_unit,fedora:systemd:usr/lib/systemd/system/rescue.service,tier_a_matching,NO_TIER_A_PARTNER,usr/lib/systemd/system/rescue.service
service_unit,fedora:systemd:usr/lib/systemd/system/serial-getty@.service,tier_a_matching,NO_TIER_A_PARTNER,usr/lib/systemd/system/serial-getty@.service
service_unit,fedora:systemd:usr/lib/systemd/system/sysinit.target.wants/ldconfig.service,tier_a_matching,DUPLICATE_ALIAS,usr/lib/systemd/system/ldconfig.service
service_unit,fedora:systemd:usr/lib/systemd/system/sysinit.target.wants/systemd-firstboot.service,tier_a_matching,DUPLICATE_ALIAS,usr/lib/systemd/system/systemd-firstboot.service
service_unit,fedora:systemd:usr/lib/systemd/system/sysinit.target.wants/systemd-journal-catalog-update.service,tier_a_matching,DUPLICATE_ALIAS,usr/lib/systemd/system/systemd-journal-catalog-update.service
service_unit,fedora:systemd:usr/lib/systemd/system/sysinit.target.wants/systemd-journal-flush.service,tier_a_matching,DUPLICATE_ALIAS,usr/lib/systemd/system/systemd-journal-flush.service
service_unit,fedora:systemd:usr/lib/systemd/system/sysinit.target.wants/systemd-journald.service,tier_a_matching,DUPLICATE_ALIAS,usr/lib/systemd/system/systemd-journald.service
service_unit,fedora:systemd:usr/lib/systemd/system/sysinit.target.wants/systemd-machine-id-commit.service,tier_a_matching,DUPLICATE_ALIAS,usr/lib/systemd/system/systemd-machine-id-commit.service
service_unit,fedora:systemd:usr/lib/systemd/system/sysinit.target.wants/systemd-sysusers.service,tier_a_matching,DUPLICATE_ALIAS,usr/lib/systemd/system/systemd-sysusers.service
service_unit,fedora:systemd:usr/lib/systemd/system/sysinit.target.wants/systemd-tmpfiles-setup.service,tier_a_matching,DUPLICATE_ALIAS,usr/lib/systemd/system/systemd-tmpfiles-setup.service
service_unit,fedora:systemd:usr/lib/systemd/system/sysinit.target.wants/systemd-tpm2-setup-early.service,tier_a_matching,DUPLICATE_ALIAS,usr/lib/systemd/system/systemd-tpm2-setup-early.service
service_unit,fedora:systemd:usr/lib/systemd/system/sysinit.target.wants/systemd-tpm2-setup.service,tier_a_matching,DUPLICATE_ALIAS,usr/lib/systemd/system/systemd-tpm2-setup.service
service_unit,fedora:systemd:usr/lib/systemd/system/sysinit.target.wants/systemd-update-done.service,tier_a_matching,DUPLICATE_ALIAS,usr/lib/systemd/system/systemd-update-done.service
service_unit,fedora:systemd:usr/lib/systemd/system/sysinit.target.wants/systemd-update-utmp.service,tier_a_matching,DUPLICATE_ALIAS,usr/lib/systemd/system/systemd-update-utmp.service
service_unit,fedora:systemd:usr/lib/systemd/system/systemd-ask-password-console.service,tier_a_matching,NO_TIER_A_PARTNER,usr/lib/systemd/system/systemd-ask-password-console.service
service_unit,fedora:systemd:usr/lib/systemd/system/systemd-ask-password-wall.service,tier_a_matching,NO_TIER_A_PARTNER,usr/lib/systemd/system/systemd-ask-password-wall.service
service_unit,fedora:systemd:usr/lib/systemd/system/systemd-ask-password@.service,tier_a_matching,NO_TIER_A_PARTNER,usr/lib/systemd/system/systemd-ask-password@.service
service_unit,fedora:systemd:usr/lib/systemd/system/systemd-boot-clear-sysfail.service,tier_a_matching,NO_TIER_A_PARTNER,usr/lib/systemd/system/systemd-boot-clear-sysfail.service
service_unit,fedora:systemd:usr/lib/systemd/system/systemd-confext-initrd.service,tier_a_matching,NO_TIER_A_PARTNER,usr/lib/systemd/system/systemd-confext-initrd.service
service_unit,fedora:systemd:usr/lib/systemd/system/systemd-confext.service,tier_a_matching,NO_TIER_A_PARTNER,usr/lib/systemd/system/systemd-confext.service
service_unit,fedora:systemd:usr/lib/systemd/system/systemd-creds@.service,tier_a_matching,NO_TIER_A_PARTNER,usr/lib/systemd/system/systemd-creds@.service
service_unit,fedora:systemd:usr/lib/systemd/system/systemd-exit.service,tier_a_matching,NO_TIER_A_PARTNER,usr/lib/systemd/system/systemd-exit.service
service_unit,fedora:systemd:usr/lib/systemd/system/systemd-factory-reset-complete.service,tier_a_matching,NO_TIER_A_PARTNER,usr/lib/systemd/system/systemd-factory-reset-complete.service
service_unit,fedora:systemd:usr/lib/systemd/system/systemd-factory-reset-reboot.service,tier_a_matching,NO_TIER_A_PARTNER,usr/lib/systemd/system/systemd-factory-reset-reboot.service
service_unit,fedora:systemd:usr/lib/systemd/system/systemd-factory-reset-request.service,tier_a_matching,NO_TIER_A_PARTNER,usr/lib/systemd/system/systemd-factory-reset-request.service
service_unit,fedora:systemd:usr/lib/systemd/system/systemd-factory-reset@.service,tier_a_matching,NO_TIER_A_PARTNER,usr/lib/systemd/system/systemd-factory-reset@.service
service_unit,fedora:systemd:usr/lib/systemd/system/systemd-halt.service,tier_a_matching,NO_TIER_A_PARTNER,usr/lib/systemd/system/systemd-halt.service
service_unit,fedora:systemd:usr/lib/systemd/system/systemd-journal-catalog-update.service,tier_a_matching,NO_TIER_A_PARTNER,usr/lib/systemd/system/systemd-journal-catalog-update.service
service_unit,fedora:systemd:usr/lib/systemd/system/systemd-journal-flush.service,tier_a_matching,NO_TIER_A_PARTNER,usr/lib/systemd/system/systemd-journal-flush.service
service_unit,fedora:systemd:usr/lib/systemd/system/systemd-journald-sync@.service,tier_a_matching,NO_TIER_A_PARTNER,usr/lib/systemd/system/systemd-journald-sync@.service
service_unit,fedora:systemd:usr/lib/systemd/system/systemd-journald@.service,tier_a_matching,NO_TIER_A_PARTNER,usr/lib/systemd/system/systemd-journald@.service
service_unit,fedora:systemd:usr/lib/systemd/system/systemd-kexec.service,tier_a_matching,NO_TIER_A_PARTNER,usr/lib/systemd/system/systemd-kexec.service
service_unit,fedora:systemd:usr/lib/systemd/system/systemd-loop@.service,tier_a_matching,NO_TIER_A_PARTNER,usr/lib/systemd/system/systemd-loop@.service
service_unit,fedora:systemd:usr/lib/systemd/system/systemd-mute-console@.service,tier_a_matching,NO_TIER_A_PARTNER,usr/lib/systemd/system/systemd-mute-console@.service
service_unit,fedora:systemd:usr/lib/systemd/system/systemd-poweroff.service,tier_a_matching,NO_TIER_A_PARTNER,usr/lib/systemd/system/systemd-poweroff.service
service_unit,fedora:systemd:usr/lib/systemd/system/systemd-reboot.service,tier_a_matching,NO_TIER_A_PARTNER,usr/lib/systemd/system/systemd-reboot.service
service_unit,fedora:systemd:usr/lib/systemd/system/systemd-soft-reboot.service,tier_a_matching,NO_TIER_A_PARTNER,usr/lib/systemd/system/systemd-soft-reboot.service
service_unit,fedora:systemd:usr/lib/systemd/system/systemd-sysext-initrd.service,tier_a_matching,NO_TIER_A_PARTNER,usr/lib/systemd/system/systemd-sysext-initrd.service
service_unit,fedora:systemd:usr/lib/systemd/system/systemd-sysext.service,tier_a_matching,NO_TIER_A_PARTNER,usr/lib/systemd/system/systemd-sysext.service
service_unit,fedora:systemd:usr/lib/systemd/system/systemd-sysext@.service,tier_a_matching,NO_TIER_A_PARTNER,usr/lib/systemd/system/systemd-sysext@.service
service_unit,fedora:systemd:usr/lib/systemd/system/systemd-tmpfiles-clean.service,tier_a_matching,NO_TIER_A_PARTNER,usr/lib/systemd/system/systemd-tmpfiles-clean.service
service_unit,fedora:systemd:usr/lib/systemd/system/systemd-tmpfiles-setup.service,tier_a_matching,NO_TIER_A_PARTNER,usr/lib/systemd/system/systemd-tmpfiles-setup.service
service_unit,fedora:systemd:usr/lib/systemd/system/systemd-tpm2-setup-early.service,tier_a_matching,NO_TIER_A_PARTNER,usr/lib/systemd/system/systemd-tpm2-setup-early.service
service_unit,fedora:systemd:usr/lib/systemd/system/systemd-tpm2-setup.service,tier_a_matching,NO_TIER_A_PARTNER,usr/lib/systemd/system/systemd-tpm2-setup.service
service_unit,fedora:systemd:usr/lib/systemd/system/systemd-update-utmp.service,tier_a_matching,NO_TIER_A_PARTNER,usr/lib/systemd/system/systemd-update-utmp.service
service_unit,fedora:systemd:usr/lib/systemd/system/systemd-validatefs@.service,tier_a_matching,NO_TIER_A_PARTNER,usr/lib/systemd/system/systemd-validatefs@.service
service_unit,fedora:systemd:usr/lib/systemd/system/user-runtime-dir@.service,tier_a_matching,NO_TIER_A_PARTNER,usr/lib/systemd/system/user-runtime-dir@.service
service_unit,fedora:systemd:usr/lib/systemd/system/user@.service,tier_a_matching,NO_TIER_A_PARTNER,usr/lib/systemd/system/user@.service
service_unit,fedora:systemtap-initscript:usr/lib/systemd/system/systemtap.service,tier_a_matching,NO_TIER_A_PARTNER,usr/lib/systemd/system/systemtap.service
service_unit,fedora:systemtap-runtime-virtguest:usr/lib/systemd/system/stapsh@.service,tier_a_matching,NO_TIER_A_PARTNER,usr/lib/systemd/system/stapsh@.service
service_unit,fedora:systemtap-server:usr/lib/systemd/system/stap-server.service,tier_a_matching,NO_TIER_A_PARTNER,usr/lib/systemd/system/stap-server.service
service_unit,fedora:tang:usr/lib/systemd/system/tangd@.service,tier_a_matching,NO_TIER_A_PARTNER,usr/lib/systemd/system/tangd@.service
service_unit,fedora:target-restore:usr/lib/systemd/system/target.service,tier_a_matching,NO_TIER_A_PARTNER,usr/lib/systemd/system/target.service
service_unit,fedora:teeworlds-server:usr/lib/systemd/system/teeworlds-server@.service,tier_a_matching,NO_TIER_A_PARTNER,usr/lib/systemd/system/teeworlds-server@.service
service_unit,fedora:tinc:usr/lib/systemd/system/tinc@.service,tier_a_matching,NO_TIER_A_PARTNER,usr/lib/systemd/system/tinc@.service
service_unit,fedora:tlp-pd:usr/lib/systemd/system/tlp-pd.service,tier_a_matching,NO_TIER_A_PARTNER,usr/lib/systemd/system/tlp-pd.service
service_unit,fedora:tomcat:usr/lib/systemd/system/tomcat.service,tier_a_matching,NO_TIER_A_PARTNER,usr/lib/systemd/system/tomcat.service
service_unit,fedora:tomcat:usr/lib/systemd/system/tomcat@.service,tier_a_matching,NO_TIER_A_PARTNER,usr/lib/systemd/system/tomcat@.service
service_unit,fedora:tor:usr/lib/systemd/system/tor@.service,tier_a_matching,NO_TIER_A_PARTNER,usr/lib/systemd/system/tor@.service
service_unit,fedora:trojan:usr/lib/systemd/system/trojan@.service,tier_a_matching,NO_TIER_A_PARTNER,usr/lib/systemd/system/trojan@.service
service_unit,fedora:tuptime:usr/lib/systemd/system/tuptime-sync.service,tier_a_matching,NO_TIER_A_PARTNER,usr/lib/systemd/system/tuptime-sync.service
service_unit,fedora:tuptime:usr/lib/systemd/system/tuptime.service,tier_a_matching,NO_TIER_A_PARTNER,usr/lib/systemd/system/tuptime.service
service_unit,fedora:udisks:usr/lib/systemd/system/udisks.service,tier_a_matching,NO_TIER_A_PARTNER,usr/lib/systemd/system/udisks.service
service_unit,fedora:up-imapproxy:usr/lib/systemd/system/imapproxy.service,tier_a_matching,NO_TIER_A_PARTNER,usr/lib/systemd/system/imapproxy.service
service_unit,fedora:usb_modeswitch:usr/lib/systemd/system/usb_modeswitch@.service,tier_a_matching,NO_TIER_A_PARTNER,usr/lib/systemd/system/usb_modeswitch@.service
service_unit,fedora:usbip:usr/lib/systemd/system/usbip-client.service,tier_a_matching,NO_TIER_A_PARTNER,usr/lib/systemd/system/usbip-client.service
service_unit,fedora:valkey-compat-redis:usr/lib/systemd/system/redis-sentinel.service,tier_a_matching,DUPLICATE_ALIAS,usr/lib/systemd/system/valkey-sentinel.service
service_unit,fedora:valkey-compat-redis:usr/lib/systemd/system/redis.service,tier_a_matching,DUPLICATE_ALIAS,usr/lib/systemd/system/valkey.service
service_unit,fedora:vdr:usr/lib/systemd/system/vdr.service,tier_a_matching,NO_TIER_A_PARTNER,usr/lib/systemd/system/vdr.service
service_unit,fedora:voms-server:usr/lib/systemd/system/voms@.service,tier_a_matching,NO_TIER_A_PARTNER,usr/lib/systemd/system/voms@.service
service_unit,fedora:vsftpd:usr/lib/systemd/system/vsftpd@.service,tier_a_matching,NO_TIER_A_PARTNER,usr/lib/systemd/system/vsftpd@.service
service_unit,fedora:wireguard-tools:usr/lib/systemd/system/wg-quick@.service,tier_a_matching,NO_TIER_A_PARTNER,usr/lib/systemd/system/wg-quick@.service
service_unit,fedora:wsdd:usr/lib/systemd/system/wsdd.service,tier_a_matching,NO_TIER_A_PARTNER,usr/lib/systemd/system/wsdd.service
service_unit,fedora:xfsprogs-xfs_scrub:usr/lib/systemd/system/xfs_scrub@.service,tier_a_matching,NO_TIER_A_PARTNER,usr/lib/systemd/system/xfs_scrub@.service
service_unit,fedora:xfsprogs-xfs_scrub:usr/lib/systemd/system/xfs_scrub_fail@.service,tier_a_matching,NO_TIER_A_PARTNER,usr/lib/systemd/system/xfs_scrub_fail@.service
service_unit,fedora:xfsprogs-xfs_scrub:usr/lib/systemd/system/xfs_scrub_media@.service,tier_a_matching,NO_TIER_A_PARTNER,usr/lib/systemd/system/xfs_scrub_media@.service
service_unit,fedora:xfsprogs-xfs_scrub:usr/lib/systemd/system/xfs_scrub_media_fail@.service,tier_a_matching,NO_TIER_A_PARTNER,usr/lib/systemd/system/xfs_scrub_media_fail@.service
service_unit,fedora:xfsprogs:usr/lib/systemd/system/xfs_healer@.service,tier_a_matching,NO_TIER_A_PARTNER,usr/lib/systemd/system/xfs_healer@.service
service_unit,fedora:xpra:usr/lib/systemd/system/xpra-encoder.service,tier_a_matching,NO_TIER_A_PARTNER,usr/lib/systemd/system/xpra-encoder.service
service_unit,fedora:xpra:usr/lib/systemd/system/xpra.service,tier_a_matching,NO_TIER_A_PARTNER,usr/lib/systemd/system/xpra.service
service_unit,fedora:xrootd-server:usr/lib/systemd/system/cmsd@.service,tier_a_matching,NO_TIER_A_PARTNER,usr/lib/systemd/system/cmsd@.service
service_unit,fedora:xrootd-server:usr/lib/systemd/system/frm_purged@.service,tier_a_matching,NO_TIER_A_PARTNER,usr/lib/systemd/system/frm_purged@.service
service_unit,fedora:xrootd-server:usr/lib/systemd/system/frm_xfrd@.service,tier_a_matching,NO_TIER_A_PARTNER,usr/lib/systemd/system/frm_xfrd@.service
service_unit,fedora:xrootd-server:usr/lib/systemd/system/xrootd@.service,tier_a_matching,NO_TIER_A_PARTNER,usr/lib/systemd/system/xrootd@.service
service_unit,fedora:zabbix-proxy-mysql:usr/lib/systemd/system/zabbix-proxy-mysql.service,tier_a_matching,NO_TIER_A_PARTNER,usr/lib/systemd/system/zabbix-proxy-mysql.service
service_unit,fedora:zabbix-proxy-pgsql:usr/lib/systemd/system/zabbix-proxy-pgsql.service,tier_a_matching,NO_TIER_A_PARTNER,usr/lib/systemd/system/zabbix-proxy-pgsql.service
service_unit,fedora:zabbix-proxy-sqlite3:usr/lib/systemd/system/zabbix-proxy-sqlite3.service,tier_a_matching,NO_TIER_A_PARTNER,usr/lib/systemd/system/zabbix-proxy-sqlite3.service
service_unit,fedora:zabbix-server-mysql:usr/lib/systemd/system/zabbix-server-mysql.service,tier_a_matching,NO_TIER_A_PARTNER,usr/lib/systemd/system/zabbix-server-mysql.service
service_unit,fedora:zabbix-server-pgsql:usr/lib/systemd/system/zabbix-server-pgsql.service,tier_a_matching,NO_TIER_A_PARTNER,usr/lib/systemd/system/zabbix-server-pgsql.service
service_unit,fedora:zram-generator:usr/lib/systemd/system/systemd-zram-setup@.service,tier_a_matching,NO_TIER_A_PARTNER,usr/lib/systemd/system/systemd-zram-setup@.service
service_unit,fedora:zvbi:usr/lib/systemd/system/zvbid.service,tier_a_matching,NO_TIER_A_PARTNER,usr/lib/systemd/system/zvbid.service
service_unit,ubuntu:acct:usr/lib/systemd/system/acct-monthly-report.service,tier_a_matching,NO_TIER_A_PARTNER,usr/lib/systemd/system/acct-monthly-report.service
service_unit,ubuntu:alsa-utils:usr/lib/systemd/system/alsa-card-wait@.service,tier_a_matching,NO_TIER_A_PARTNER,usr/lib/systemd/system/alsa-card-wait@.service
service_unit,ubuntu:alsa-utils:usr/lib/systemd/system/alsa-restore.service,tier_a_matching,NO_TIER_A_PARTNER,usr/lib/systemd/system/alsa-restore.service
service_unit,ubuntu:alsa-utils:usr/lib/systemd/system/alsa-state.service,tier_a_matching,NO_TIER_A_PARTNER,usr/lib/systemd/system/alsa-state.service
service_unit,ubuntu:alsa-utils:usr/lib/systemd/system/alsa-utils.service,tier_a_matching,MASKED_EFFECTIVE_UNIT,usr/lib/systemd/system/alsa-utils.service
service_unit,ubuntu:alsa-utils:usr/lib/systemd/system/sound.target.wants/alsa-restore.service,tier_a_matching,DUPLICATE_ALIAS,usr/lib/systemd/system/alsa-restore.service
service_unit,ubuntu:alsa-utils:usr/lib/systemd/system/sound.target.wants/alsa-state.service,tier_a_matching,DUPLICATE_ALIAS,usr/lib/systemd/system/alsa-state.service
service_unit,ubuntu:apache2:usr/lib/systemd/system/apache-htcacheclean@.service,tier_a_matching,NO_TIER_A_PARTNER,usr/lib/systemd/system/apache-htcacheclean@.service
service_unit,ubuntu:apache2:usr/lib/systemd/system/apache2@.service,tier_a_matching,NO_TIER_A_PARTNER,usr/lib/systemd/system/apache2@.service
service_unit,ubuntu:apache2:usr/lib/systemd/system/httpd.service,tier_a_matching,DUPLICATE_ALIAS,usr/lib/systemd/system/apache2.service
service_unit,ubuntu:apache2:usr/lib/systemd/system/httpd@.service,tier_a_matching,DUPLICATE_ALIAS,usr/lib/systemd/system/apache2@.service
service_unit,ubuntu:apcupsd:usr/lib/systemd/system/ups-monitor.service,tier_a_matching,MASKED_EFFECTIVE_UNIT,usr/lib/systemd/system/ups-monitor.service
service_unit,ubuntu:arpwatch:usr/lib/systemd/system/arpwatch@.service,tier_a_matching,NO_TIER_A_PARTNER,usr/lib/systemd/system/arpwatch@.service
service_unit,ubuntu:bind9:usr/lib/systemd/system/named.service,tier_a_matching,NO_TIER_A_PARTNER,usr/lib/systemd/system/named.service
service_unit,ubuntu:bird2:usr/lib/systemd/system/bird.service,tier_a_matching,NO_TIER_A_PARTNER,usr/lib/systemd/system/bird.service
service_unit,ubuntu:bird3:usr/lib/systemd/system/bird.service,tier_a_matching,NO_TIER_A_PARTNER,usr/lib/systemd/system/bird.service
service_unit,ubuntu:bitlbee-common:usr/lib/systemd/system/bitlbee@.service,tier_a_matching,NO_TIER_A_PARTNER,usr/lib/systemd/system/bitlbee@.service
service_unit,ubuntu:boinc-client:usr/lib/systemd/system/boinc-client.service,tier_a_matching,NO_TIER_A_PARTNER,usr/lib/systemd/system/boinc-client.service
service_unit,ubuntu:booth:usr/lib/systemd/system/booth@.service,tier_a_matching,NO_TIER_A_PARTNER,usr/lib/systemd/system/booth@.service
service_unit,ubuntu:buildbot-worker:usr/lib/systemd/system/buildbot-worker.service,tier_a_matching,MASKED_EFFECTIVE_UNIT,usr/lib/systemd/system/buildbot-worker.service
service_unit,ubuntu:buildbot-worker:usr/lib/systemd/system/buildbot-worker@.service,tier_a_matching,NO_TIER_A_PARTNER,usr/lib/systemd/system/buildbot-worker@.service
service_unit,ubuntu:buildbot:usr/lib/systemd/system/buildbot.service,tier_a_matching,MASKED_EFFECTIVE_UNIT,usr/lib/systemd/system/buildbot.service
service_unit,ubuntu:buildbot:usr/lib/systemd/system/buildbot@.service,tier_a_matching,NO_TIER_A_PARTNER,usr/lib/systemd/system/buildbot@.service
service_unit,ubuntu:caddy:usr/lib/systemd/system/caddy-api.service,tier_a_matching,NO_TIER_A_PARTNER,usr/lib/systemd/system/caddy-api.service
service_unit,ubuntu:caddy:usr/lib/systemd/system/caddy.service,tier_a_matching,NO_TIER_A_PARTNER,usr/lib/systemd/system/caddy.service
service_unit,ubuntu:ceph-exporter:lib/systemd/system/ceph-exporter.service,tier_a_matching,NO_TIER_A_PARTNER,lib/systemd/system/ceph-exporter.service
service_unit,ubuntu:ceph-fuse:lib/systemd/system/ceph-fuse@.service,tier_a_matching,NO_TIER_A_PARTNER,lib/systemd/system/ceph-fuse@.service
service_unit,ubuntu:ceph-immutable-object-cache:lib/systemd/system/ceph-immutable-object-cache@.service,tier_a_matching,NO_TIER_A_PARTNER,lib/systemd/system/ceph-immutable-object-cache@.service
service_unit,ubuntu:ceph-mds:lib/systemd/system/ceph-mds@.service,tier_a_matching,NO_TIER_A_PARTNER,lib/systemd/system/ceph-mds@.service
service_unit,ubuntu:ceph-mgr:lib/systemd/system/ceph-mgr@.service,tier_a_matching,NO_TIER_A_PARTNER,lib/systemd/system/ceph-mgr@.service
service_unit,ubuntu:ceph-mon:lib/systemd/system/ceph-mon@.service,tier_a_matching,NO_TIER_A_PARTNER,lib/systemd/system/ceph-mon@.service
service_unit,ubuntu:ceph-osd:lib/systemd/system/ceph-osd@.service,tier_a_matching,NO_TIER_A_PARTNER,lib/systemd/system/ceph-osd@.service
service_unit,ubuntu:ceph-volume:lib/systemd/system/ceph-volume@.service,tier_a_matching,NO_TIER_A_PARTNER,lib/systemd/system/ceph-volume@.service
service_unit,ubuntu:chrony:usr/lib/systemd/system/chrony-dnssrv@.service,tier_a_matching,NO_TIER_A_PARTNER,usr/lib/systemd/system/chrony-dnssrv@.service
service_unit,ubuntu:chrony:usr/lib/systemd/system/chrony.service,tier_a_matching,NO_TIER_A_PARTNER,usr/lib/systemd/system/chrony.service
service_unit,ubuntu:clamav-freshclam:usr/lib/systemd/system/clamav-freshclam-once.service,tier_a_matching,NO_TIER_A_PARTNER,usr/lib/systemd/system/clamav-freshclam-once.service
service_unit,ubuntu:clamav-freshclam:usr/lib/systemd/system/clamav-freshclam.service,tier_a_matching,NO_TIER_A_PARTNER,usr/lib/systemd/system/clamav-freshclam.service
service_unit,ubuntu:clatd:usr/lib/systemd/system/clatd@.service,tier_a_matching,NO_TIER_A_PARTNER,usr/lib/systemd/system/clatd@.service
service_unit,ubuntu:cloud-init-base:usr/lib/systemd/system/cloud-config.service,tier_a_matching,NO_TIER_A_PARTNER,usr/lib/systemd/system/cloud-config.service
service_unit,ubuntu:cloud-init-base:usr/lib/systemd/system/cloud-final.service,tier_a_matching,NO_TIER_A_PARTNER,usr/lib/systemd/system/cloud-final.service
service_unit,ubuntu:cloud-init-base:usr/lib/systemd/system/cloud-init-local.service,tier_a_matching,NO_TIER_A_PARTNER,usr/lib/systemd/system/cloud-init-local.service
service_unit,ubuntu:cloud-init-base:usr/lib/systemd/system/cloud-init-network.service,tier_a_matching,NO_TIER_A_PARTNER,usr/lib/systemd/system/cloud-init-network.service
service_unit,ubuntu:cockpit-ws:usr/lib/systemd/system/cockpit-session-socket-user.service,tier_a_matching,NO_TIER_A_PARTNER,usr/lib/systemd/system/cockpit-session-socket-user.service
service_unit,ubuntu:cockpit-ws:usr/lib/systemd/system/cockpit-session@.service,tier_a_matching,NO_TIER_A_PARTNER,usr/lib/systemd/system/cockpit-session@.service
service_unit,ubuntu:cockpit-ws:usr/lib/systemd/system/cockpit-wsinstance-https-factory@.service,tier_a_matching,NO_TIER_A_PARTNER,usr/lib/systemd/system/cockpit-wsinstance-https-factory@.service
service_unit,ubuntu:cockpit-ws:usr/lib/systemd/system/cockpit-wsinstance-https@.service,tier_a_matching,NO_TIER_A_PARTNER,usr/lib/systemd/system/cockpit-wsinstance-https@.service
service_unit,ubuntu:cockpit-ws:usr/lib/systemd/system/cockpit-wsinstance-socket-user.service,tier_a_matching,NO_TIER_A_PARTNER,usr/lib/systemd/system/cockpit-wsinstance-socket-user.service
service_unit,ubuntu:containerd-stable:usr/lib/systemd/system/containerd.service,tier_a_matching,NO_TIER_A_PARTNER,usr/lib/systemd/system/containerd.service
service_unit,ubuntu:containerd:usr/lib/systemd/system/containerd.service,tier_a_matching,NO_TIER_A_PARTNER,usr/lib/systemd/system/containerd.service
service_unit,ubuntu:dante-server:usr/lib/systemd/system/danted.service,tier_a_matching,NO_TIER_A_PARTNER,usr/lib/systemd/system/danted.service
service_unit,ubuntu:dictd:usr/lib/systemd/system/dictd@.service,tier_a_matching,NO_TIER_A_PARTNER,usr/lib/systemd/system/dictd@.service
service_unit,ubuntu:dnf5-server:usr/lib/systemd/system/dnf-automatic.service,tier_a_matching,DUPLICATE_ALIAS,usr/lib/systemd/system/dnf5-automatic.service
service_unit,ubuntu:dnf5-server:usr/lib/systemd/system/dnf5-automatic.service,tier_a_matching,NO_TIER_A_PARTNER,usr/lib/systemd/system/dnf5-automatic.service
service_unit,ubuntu:dnf5-server:usr/lib/systemd/system/dnf5-makecache.service,tier_a_matching,NO_TIER_A_PARTNER,usr/lib/systemd/system/dnf5-makecache.service
service_unit,ubuntu:dnf5-server:usr/lib/systemd/system/dnf5-offline-transaction.service,tier_a_matching,NO_TIER_A_PARTNER,usr/lib/systemd/system/dnf5-offline-transaction.service
service_unit,ubuntu:dnsdist:usr/lib/systemd/system/dnsdist@.service,tier_a_matching,NO_TIER_A_PARTNER,usr/lib/systemd/system/dnsdist@.service
service_unit,ubuntu:dnsmasq:usr/lib/systemd/system/dnsmasq.service,tier_a_matching,NO_TIER_A_PARTNER,usr/lib/systemd/system/dnsmasq.service
service_unit,ubuntu:dnsmasq:usr/lib/systemd/system/dnsmasq@.service,tier_a_matching,NO_TIER_A_PARTNER,usr/lib/systemd/system/dnsmasq@.service
service_unit,ubuntu:dovecot-core:usr/lib/systemd/system/dovecot.service,tier_a_matching,NO_TIER_A_PARTNER,usr/lib/systemd/system/dovecot.service
service_unit,ubuntu:dracut-core:usr/lib/systemd/system/dracut-cmdline.service,tier_a_matching,DUPLICATE_ALIAS,usr/lib/dracut/modules.d/77dracut-systemd/dracut-cmdline.service
service_unit,ubuntu:dracut-core:usr/lib/systemd/system/dracut-initqueue.service,tier_a_matching,DUPLICATE_ALIAS,usr/lib/dracut/modules.d/77initqueue/dracut-initqueue.service
service_unit,ubuntu:dracut-core:usr/lib/systemd/system/dracut-mount.service,tier_a_matching,DUPLICATE_ALIAS,usr/lib/dracut/modules.d/77dracut-systemd/dracut-mount.service
service_unit,ubuntu:dracut-core:usr/lib/systemd/system/dracut-pre-mount.service,tier_a_matching,DUPLICATE_ALIAS,usr/lib/dracut/modules.d/77dracut-systemd/dracut-pre-mount.service
service_unit,ubuntu:dracut-core:usr/lib/systemd/system/dracut-pre-pivot.service,tier_a_matching,DUPLICATE_ALIAS,usr/lib/dracut/modules.d/77dracut-systemd/dracut-pre-pivot.service
service_unit,ubuntu:dracut-core:usr/lib/systemd/system/dracut-pre-trigger.service,tier_a_matching,DUPLICATE_ALIAS,usr/lib/dracut/modules.d/77dracut-systemd/dracut-pre-trigger.service
service_unit,ubuntu:dracut-core:usr/lib/systemd/system/dracut-pre-udev.service,tier_a_matching,DUPLICATE_ALIAS,usr/lib/dracut/modules.d/77dracut-systemd/dracut-pre-udev.service
service_unit,ubuntu:dracut-core:usr/lib/systemd/system/dracut-shutdown-onfailure.service,tier_a_matching,DUPLICATE_ALIAS,usr/lib/dracut/modules.d/77dracut-systemd/dracut-shutdown-onfailure.service
service_unit,ubuntu:dracut-core:usr/lib/systemd/system/dracut-shutdown.service,tier_a_matching,DUPLICATE_ALIAS,usr/lib/dracut/modules.d/77dracut-systemd/dracut-shutdown.service
service_unit,ubuntu:dracut-core:usr/lib/systemd/system/initrd.target.wants/dracut-cmdline.service,tier_a_matching,DUPLICATE_ALIAS,usr/lib/dracut/modules.d/77dracut-systemd/dracut-cmdline.service
service_unit,ubuntu:dracut-core:usr/lib/systemd/system/initrd.target.wants/dracut-initqueue.service,tier_a_matching,DUPLICATE_ALIAS,usr/lib/dracut/modules.d/77initqueue/dracut-initqueue.service
service_unit,ubuntu:dracut-core:usr/lib/systemd/system/initrd.target.wants/dracut-mount.service,tier_a_matching,DUPLICATE_ALIAS,usr/lib/dracut/modules.d/77dracut-systemd/dracut-mount.service
service_unit,ubuntu:dracut-core:usr/lib/systemd/system/initrd.target.wants/dracut-pre-mount.service,tier_a_matching,DUPLICATE_ALIAS,usr/lib/dracut/modules.d/77dracut-systemd/dracut-pre-mount.service
service_unit,ubuntu:dracut-core:usr/lib/systemd/system/initrd.target.wants/dracut-pre-pivot.service,tier_a_matching,DUPLICATE_ALIAS,usr/lib/dracut/modules.d/77dracut-systemd/dracut-pre-pivot.service
service_unit,ubuntu:dracut-core:usr/lib/systemd/system/initrd.target.wants/dracut-pre-trigger.service,tier_a_matching,DUPLICATE_ALIAS,usr/lib/dracut/modules.d/77dracut-systemd/dracut-pre-trigger.service
service_unit,ubuntu:dracut-core:usr/lib/systemd/system/initrd.target.wants/dracut-pre-udev.service,tier_a_matching,DUPLICATE_ALIAS,usr/lib/dracut/modules.d/77dracut-systemd/dracut-pre-udev.service
service_unit,ubuntu:dracut-core:usr/lib/systemd/system/sysinit.target.wants/dracut-shutdown.service,tier_a_matching,DUPLICATE_ALIAS,usr/lib/dracut/modules.d/77dracut-systemd/dracut-shutdown.service
service_unit,ubuntu:drbd-utils:usr/lib/systemd/system/drbd-demote-or-escalate@.service,tier_a_matching,NO_TIER_A_PARTNER,usr/lib/systemd/system/drbd-demote-or-escalate@.service
service_unit,ubuntu:drbd-utils:usr/lib/systemd/system/drbd-lvchange@.service,tier_a_matching,NO_TIER_A_PARTNER,usr/lib/systemd/system/drbd-lvchange@.service
service_unit,ubuntu:drbd-utils:usr/lib/systemd/system/drbd-promote@.service,tier_a_matching,NO_TIER_A_PARTNER,usr/lib/systemd/system/drbd-promote@.service
service_unit,ubuntu:drbd-utils:usr/lib/systemd/system/drbd-reconfigure-suspend-or-error@.service,tier_a_matching,NO_TIER_A_PARTNER,usr/lib/systemd/system/drbd-reconfigure-suspend-or-error@.service
service_unit,ubuntu:drbd-utils:usr/lib/systemd/system/drbd-wait-promotable@.service,tier_a_matching,NO_TIER_A_PARTNER,usr/lib/systemd/system/drbd-wait-promotable@.service
service_unit,ubuntu:drbd-utils:usr/lib/systemd/system/drbd@.service,tier_a_matching,NO_TIER_A_PARTNER,usr/lib/systemd/system/drbd@.service
service_unit,ubuntu:drbd-utils:usr/lib/systemd/system/ocf.ra@.service,tier_a_matching,NO_TIER_A_PARTNER,usr/lib/systemd/system/ocf.ra@.service
service_unit,ubuntu:drkonqi:usr/lib/systemd/system/drkonqi-coredump-processor@.service,tier_a_matching,NO_TIER_A_PARTNER,usr/lib/systemd/system/drkonqi-coredump-processor@.service
service_unit,ubuntu:drkonqi:usr/lib/systemd/system/systemd-coredump@.service.wants/drkonqi-coredump-processor@.service,tier_a_matching,DUPLICATE_ALIAS,usr/lib/systemd/system/drkonqi-coredump-processor@.service
service_unit,ubuntu:e2fsprogs:usr/lib/systemd/system/e2scrub@.service,tier_a_matching,NO_TIER_A_PARTNER,usr/lib/systemd/system/e2scrub@.service
service_unit,ubuntu:e2fsprogs:usr/lib/systemd/system/e2scrub_all.service,tier_a_matching,NO_TIER_A_PARTNER,usr/lib/systemd/system/e2scrub_all.service
service_unit,ubuntu:e2fsprogs:usr/lib/systemd/system/e2scrub_fail@.service,tier_a_matching,NO_TIER_A_PARTNER,usr/lib/systemd/system/e2scrub_fail@.service
service_unit,ubuntu:e2fsprogs:usr/lib/systemd/system/e2scrub_reap.service,tier_a_matching,NO_TIER_A_PARTNER,usr/lib/systemd/system/e2scrub_reap.service
service_unit,ubuntu:emptty:usr/lib/systemd/system/emptty@.service,tier_a_matching,NO_TIER_A_PARTNER,usr/lib/systemd/system/emptty@.service
service_unit,ubuntu:exim4-daemon-heavy:usr/lib/systemd/system/exim4.service,tier_a_matching,NO_TIER_A_PARTNER,usr/lib/systemd/system/exim4.service
service_unit,ubuntu:exim4-daemon-light:usr/lib/systemd/system/exim4.service,tier_a_matching,NO_TIER_A_PARTNER,usr/lib/systemd/system/exim4.service
service_unit,ubuntu:foomuuri:usr/lib/systemd/system/foomuuri-dbus.service,tier_a_matching,NO_TIER_A_PARTNER,usr/lib/systemd/system/foomuuri-dbus.service
service_unit,ubuntu:foomuuri:usr/lib/systemd/system/foomuuri-iplist.service,tier_a_matching,NO_TIER_A_PARTNER,usr/lib/systemd/system/foomuuri-iplist.service
service_unit,ubuntu:foomuuri:usr/lib/systemd/system/foomuuri-monitor.service,tier_a_matching,NO_TIER_A_PARTNER,usr/lib/systemd/system/foomuuri-monitor.service
service_unit,ubuntu:foomuuri:usr/lib/systemd/system/foomuuri.service,tier_a_matching,NO_TIER_A_PARTNER,usr/lib/systemd/system/foomuuri.service
service_unit,ubuntu:gdm3:usr/lib/systemd/system/gdm3.service,tier_a_matching,DUPLICATE_ALIAS,usr/lib/systemd/system/gdm.service
service_unit,ubuntu:gdm3:usr/lib/systemd/system/gnome-headless-session@.service,tier_a_matching,NO_TIER_A_PARTNER,usr/lib/systemd/system/gnome-headless-session@.service
service_unit,ubuntu:globus-gatekeeper:usr/lib/systemd/system/globus-gatekeeper.service,tier_a_matching,NO_TIER_A_PARTNER,usr/lib/systemd/system/globus-gatekeeper.service
service_unit,ubuntu:globus-gridftp-server-progs:usr/lib/systemd/system/globus-gridftp-sshftp.service,tier_a_matching,NO_TIER_A_PARTNER,usr/lib/systemd/system/globus-gridftp-sshftp.service
service_unit,ubuntu:globus-scheduler-event-generator-progs:usr/lib/systemd/system/globus-scheduler-event-generator@.service,tier_a_matching,NO_TIER_A_PARTNER,usr/lib/systemd/system/globus-scheduler-event-generator@.service
service_unit,ubuntu:google-guest-agent:lib/systemd/system/gce-workload-cert-refresh.service,tier_a_matching,NO_TIER_A_PARTNER,lib/systemd/system/gce-workload-cert-refresh.service
service_unit,ubuntu:google-guest-agent:lib/systemd/system/google-guest-agent-manager.service,tier_a_matching,NO_TIER_A_PARTNER,lib/systemd/system/google-guest-agent-manager.service
service_unit,ubuntu:google-guest-agent:lib/systemd/system/google-guest-compat-manager.service,tier_a_matching,NO_TIER_A_PARTNER,lib/systemd/system/google-guest-compat-manager.service
service_unit,ubuntu:google-guest-agent:lib/systemd/system/google-startup-scripts.service,tier_a_matching,NO_TIER_A_PARTNER,lib/systemd/system/google-startup-scripts.service
service_unit,ubuntu:graphite-carbon:usr/lib/systemd/system/carbon-aggregator-cache@.service,tier_a_matching,NO_TIER_A_PARTNER,usr/lib/systemd/system/carbon-aggregator-cache@.service
service_unit,ubuntu:graphite-carbon:usr/lib/systemd/system/carbon-aggregator@.service,tier_a_matching,NO_TIER_A_PARTNER,usr/lib/systemd/system/carbon-aggregator@.service
service_unit,ubuntu:graphite-carbon:usr/lib/systemd/system/carbon-relay@.service,tier_a_matching,NO_TIER_A_PARTNER,usr/lib/systemd/system/carbon-relay@.service
service_unit,ubuntu:grub2-common:usr/lib/systemd/system/grub-initrd-fallback.service,tier_a_matching,NO_TIER_A_PARTNER,usr/lib/systemd/system/grub-initrd-fallback.service
service_unit,ubuntu:grub2-common:usr/lib/systemd/system/grub2-common.service,tier_a_matching,NO_TIER_A_PARTNER,usr/lib/systemd/system/grub2-common.service
service_unit,ubuntu:hdapsd:usr/lib/systemd/system/hdapsd@.service,tier_a_matching,NO_TIER_A_PARTNER,usr/lib/systemd/system/hdapsd@.service
service_unit,ubuntu:hostapd:usr/lib/systemd/system/hostapd@.service,tier_a_matching,NO_TIER_A_PARTNER,usr/lib/systemd/system/hostapd@.service
service_unit,ubuntu:incus-base:usr/lib/systemd/system/incus-startup.service,tier_a_matching,NO_TIER_A_PARTNER,usr/lib/systemd/system/incus-startup.service
service_unit,ubuntu:kmscon:usr/lib/systemd/system/kmsconvt@.service,tier_a_matching,NO_TIER_A_PARTNER,usr/lib/systemd/system/kmsconvt@.service
service_unit,ubuntu:knot-resolver6:usr/lib/systemd/system/multi-user.target.wants/knot-resolver.service,tier_a_matching,DUPLICATE_ALIAS,usr/lib/systemd/system/knot-resolver.service
service_unit,ubuntu:ld10k1:usr/lib/systemd/system/ld10k1.service,tier_a_matching,NO_TIER_A_PARTNER,usr/lib/systemd/system/ld10k1.service
service_unit,ubuntu:libvirt-daemon-common-hwe:usr/lib/systemd/system/libvirt-guests.service,tier_a_matching,NO_TIER_A_PARTNER,usr/lib/systemd/system/libvirt-guests.service
service_unit,ubuntu:libvirt-daemon-common:usr/lib/systemd/system/libvirt-guests.service,tier_a_matching,NO_TIER_A_PARTNER,usr/lib/systemd/system/libvirt-guests.service
service_unit,ubuntu:lighttpd:usr/lib/systemd/system/lighttpd-maint.service,tier_a_matching,NO_TIER_A_PARTNER,usr/lib/systemd/system/lighttpd-maint.service
service_unit,ubuntu:lighttpd:usr/lib/systemd/system/lighttpd.service,tier_a_matching,NO_TIER_A_PARTNER,usr/lib/systemd/system/lighttpd.service
service_unit,ubuntu:linuxptp:usr/lib/systemd/system/phc2sys@.service,tier_a_matching,NO_TIER_A_PARTNER,usr/lib/systemd/system/phc2sys@.service
service_unit,ubuntu:linuxptp:usr/lib/systemd/system/ptp4l@.service,tier_a_matching,NO_TIER_A_PARTNER,usr/lib/systemd/system/ptp4l@.service
service_unit,ubuntu:luanti-server:usr/lib/systemd/system/luanti-server@.service,tier_a_matching,NO_TIER_A_PARTNER,usr/lib/systemd/system/luanti-server@.service
service_unit,ubuntu:luanti-server:usr/lib/systemd/system/minetest-server.service,tier_a_matching,DUPLICATE_ALIAS,usr/lib/systemd/system/luanti-server.service
service_unit,ubuntu:luanti-server:usr/lib/systemd/system/minetest-server@.service,tier_a_matching,DUPLICATE_ALIAS,usr/lib/systemd/system/luanti-server@.service
service_unit,ubuntu:lvm2-lockd:usr/lib/systemd/system/lvmlocks.service,tier_a_matching,NO_TIER_A_PARTNER,usr/lib/systemd/system/lvmlocks.service
service_unit,ubuntu:lvm2:usr/lib/systemd/system/lvm2-monitor.service,tier_a_matching,NO_TIER_A_PARTNER,usr/lib/systemd/system/lvm2-monitor.service
service_unit,ubuntu:lxc:usr/lib/systemd/system/lxc@.service,tier_a_matching,NO_TIER_A_PARTNER,usr/lib/systemd/system/lxc@.service
service_unit,ubuntu:mailman3:usr/lib/systemd/system/mailman3.service,tier_a_matching,NO_TIER_A_PARTNER,usr/lib/systemd/system/mailman3.service
service_unit,ubuntu:mariadb-server:usr/lib/systemd/system/mariadb.service,tier_a_matching,NO_TIER_A_PARTNER,usr/lib/systemd/system/mariadb.service
service_unit,ubuntu:mariadb-server:usr/lib/systemd/system/mariadb@.service,tier_a_matching,NO_TIER_A_PARTNER,usr/lib/systemd/system/mariadb@.service
service_unit,ubuntu:mariadb-server:usr/lib/systemd/system/mysql.service,tier_a_matching,DUPLICATE_ALIAS,usr/lib/systemd/system/mariadb.service
service_unit,ubuntu:mariadb-server:usr/lib/systemd/system/mysqld.service,tier_a_matching,DUPLICATE_ALIAS,usr/lib/systemd/system/mariadb.service
service_unit,ubuntu:nagios4-common:usr/lib/systemd/system/nagios4.service,tier_a_matching,NO_TIER_A_PARTNER,usr/lib/systemd/system/nagios4.service
service_unit,ubuntu:nebula:usr/lib/systemd/system/nebula@.service,tier_a_matching,NO_TIER_A_PARTNER,usr/lib/systemd/system/nebula@.service
service_unit,ubuntu:netavark:usr/lib/systemd/system/netavark-dhcp-proxy.service,tier_a_matching,NO_TIER_A_PARTNER,usr/lib/systemd/system/netavark-dhcp-proxy.service
service_unit,ubuntu:netavark:usr/lib/systemd/system/netavark-firewalld-reload.service,tier_a_matching,NO_TIER_A_PARTNER,usr/lib/systemd/system/netavark-firewalld-reload.service
service_unit,ubuntu:netctl:usr/lib/systemd/system/netctl-auto@.service,tier_a_matching,NO_TIER_A_PARTNER,usr/lib/systemd/system/netctl-auto@.service
service_unit,ubuntu:netctl:usr/lib/systemd/system/netctl-ifplugd@.service,tier_a_matching,NO_TIER_A_PARTNER,usr/lib/systemd/system/netctl-ifplugd@.service
service_unit,ubuntu:netctl:usr/lib/systemd/system/netctl-sleep.service,tier_a_matching,NO_TIER_A_PARTNER,usr/lib/systemd/system/netctl-sleep.service
service_unit,ubuntu:netctl:usr/lib/systemd/system/netctl.service,tier_a_matching,NO_TIER_A_PARTNER,usr/lib/systemd/system/netctl.service
service_unit,ubuntu:netctl:usr/lib/systemd/system/netctl@.service,tier_a_matching,NO_TIER_A_PARTNER,usr/lib/systemd/system/netctl@.service
service_unit,ubuntu:network-manager:usr/lib/systemd/system/NetworkManager-wait-online.service,tier_a_matching,NO_TIER_A_PARTNER,usr/lib/systemd/system/NetworkManager-wait-online.service
service_unit,ubuntu:network-manager:usr/lib/systemd/system/NetworkManager.service,tier_a_matching,NO_TIER_A_PARTNER,usr/lib/systemd/system/NetworkManager.service
service_unit,ubuntu:nfs-common:usr/lib/systemd/system/nfs-common.service,tier_a_matching,MASKED_EFFECTIVE_UNIT,usr/lib/systemd/system/nfs-common.service
service_unit,ubuntu:nfs-ganesha:usr/lib/systemd/system/nfs-ganesha-lock.service,tier_a_matching,NO_TIER_A_PARTNER,usr/lib/systemd/system/nfs-ganesha-lock.service
service_unit,ubuntu:nfs-kernel-server:usr/lib/systemd/system/nfs-kernel-server.service,tier_a_matching,DUPLICATE_ALIAS,usr/lib/systemd/system/nfs-server.service
service_unit,ubuntu:nginx-common:usr/lib/systemd/system/nginx.service,tier_a_matching,NO_TIER_A_PARTNER,usr/lib/systemd/system/nginx.service
service_unit,ubuntu:nordugrid-arc-infosys-ldap:usr/lib/systemd/system/arc-infosys-ldap-slapd.service,tier_a_matching,NO_TIER_A_PARTNER,usr/lib/systemd/system/arc-infosys-ldap-slapd.service
service_unit,ubuntu:nordugrid-arc-infosys-ldap:usr/lib/systemd/system/arc-infosys-ldap.service,tier_a_matching,NO_TIER_A_PARTNER,usr/lib/systemd/system/arc-infosys-ldap.service
service_unit,ubuntu:ntpsec-ntpviz:usr/lib/systemd/system/ntpviz-daily.service,tier_a_matching,NO_TIER_A_PARTNER,usr/lib/systemd/system/ntpviz-daily.service
service_unit,ubuntu:ntpsec-ntpviz:usr/lib/systemd/system/ntpviz-weekly.service,tier_a_matching,NO_TIER_A_PARTNER,usr/lib/systemd/system/ntpviz-weekly.service
service_unit,ubuntu:nut-client:usr/lib/systemd/system/nut-client.service,tier_a_matching,DUPLICATE_ALIAS,usr/lib/systemd/system/nut-monitor.service
service_unit,ubuntu:nut-client:usr/lib/systemd/system/ups-monitor.service,tier_a_matching,MASKED_EFFECTIVE_UNIT,usr/lib/systemd/system/ups-monitor.service
service_unit,ubuntu:nut-server:usr/lib/systemd/system/nut-driver-enumerator-daemon.service,tier_a_matching,NO_TIER_A_PARTNER,usr/lib/systemd/system/nut-driver-enumerator-daemon.service
service_unit,ubuntu:nut-server:usr/lib/systemd/system/nut-driver-enumerator.service,tier_a_matching,NO_TIER_A_PARTNER,usr/lib/systemd/system/nut-driver-enumerator.service
service_unit,ubuntu:nut-server:usr/lib/systemd/system/nut-driver@.service,tier_a_matching,NO_TIER_A_PARTNER,usr/lib/systemd/system/nut-driver@.service
service_unit,ubuntu:nvidia-compute-utils-580-server:usr/lib/systemd/system/nvidia-persistenced.service,tier_a_matching,NO_TIER_A_PARTNER,usr/lib/systemd/system/nvidia-persistenced.service
service_unit,ubuntu:nvidia-compute-utils-580:usr/lib/systemd/system/nvidia-persistenced.service,tier_a_matching,NO_TIER_A_PARTNER,usr/lib/systemd/system/nvidia-persistenced.service
service_unit,ubuntu:nvidia-compute-utils-595-server:usr/lib/systemd/system/nvidia-persistenced.service,tier_a_matching,NO_TIER_A_PARTNER,usr/lib/systemd/system/nvidia-persistenced.service
service_unit,ubuntu:nvidia-compute-utils-595:usr/lib/systemd/system/nvidia-persistenced.service,tier_a_matching,NO_TIER_A_PARTNER,usr/lib/systemd/system/nvidia-persistenced.service
service_unit,ubuntu:nvidia-kernel-common-580-server:lib/systemd/system/nvidia-hibernate.service,tier_a_matching,NO_TIER_A_PARTNER,lib/systemd/system/nvidia-hibernate.service
service_unit,ubuntu:nvidia-kernel-common-580-server:lib/systemd/system/nvidia-resume.service,tier_a_matching,NO_TIER_A_PARTNER,lib/systemd/system/nvidia-resume.service
service_unit,ubuntu:nvidia-kernel-common-580-server:lib/systemd/system/nvidia-suspend-then-hibernate.service,tier_a_matching,NO_TIER_A_PARTNER,lib/systemd/system/nvidia-suspend-then-hibernate.service
service_unit,ubuntu:nvidia-kernel-common-580-server:lib/systemd/system/nvidia-suspend.service,tier_a_matching,NO_TIER_A_PARTNER,lib/systemd/system/nvidia-suspend.service
service_unit,ubuntu:nvidia-kernel-common-580:lib/systemd/system/nvidia-hibernate.service,tier_a_matching,NO_TIER_A_PARTNER,lib/systemd/system/nvidia-hibernate.service
service_unit,ubuntu:nvidia-kernel-common-580:lib/systemd/system/nvidia-powerd.service,tier_a_matching,NO_TIER_A_PARTNER,lib/systemd/system/nvidia-powerd.service
service_unit,ubuntu:nvidia-kernel-common-580:lib/systemd/system/nvidia-resume.service,tier_a_matching,NO_TIER_A_PARTNER,lib/systemd/system/nvidia-resume.service
service_unit,ubuntu:nvidia-kernel-common-580:lib/systemd/system/nvidia-suspend-then-hibernate.service,tier_a_matching,NO_TIER_A_PARTNER,lib/systemd/system/nvidia-suspend-then-hibernate.service
service_unit,ubuntu:nvidia-kernel-common-580:lib/systemd/system/nvidia-suspend.service,tier_a_matching,NO_TIER_A_PARTNER,lib/systemd/system/nvidia-suspend.service
service_unit,ubuntu:nvidia-kernel-common-595-server:lib/systemd/system/nvidia-hibernate.service,tier_a_matching,NO_TIER_A_PARTNER,lib/systemd/system/nvidia-hibernate.service
service_unit,ubuntu:nvidia-kernel-common-595-server:lib/systemd/system/nvidia-resume.service,tier_a_matching,NO_TIER_A_PARTNER,lib/systemd/system/nvidia-resume.service
service_unit,ubuntu:nvidia-kernel-common-595-server:lib/systemd/system/nvidia-suspend-then-hibernate.service,tier_a_matching,NO_TIER_A_PARTNER,lib/systemd/system/nvidia-suspend-then-hibernate.service
service_unit,ubuntu:nvidia-kernel-common-595-server:lib/systemd/system/nvidia-suspend.service,tier_a_matching,NO_TIER_A_PARTNER,lib/systemd/system/nvidia-suspend.service
service_unit,ubuntu:nvidia-kernel-common-595:lib/systemd/system/nvidia-hibernate.service,tier_a_matching,NO_TIER_A_PARTNER,lib/systemd/system/nvidia-hibernate.service
service_unit,ubuntu:nvidia-kernel-common-595:lib/systemd/system/nvidia-powerd.service,tier_a_matching,NO_TIER_A_PARTNER,lib/systemd/system/nvidia-powerd.service
service_unit,ubuntu:nvidia-kernel-common-595:lib/systemd/system/nvidia-resume.service,tier_a_matching,NO_TIER_A_PARTNER,lib/systemd/system/nvidia-resume.service
service_unit,ubuntu:nvidia-kernel-common-595:lib/systemd/system/nvidia-suspend-then-hibernate.service,tier_a_matching,NO_TIER_A_PARTNER,lib/systemd/system/nvidia-suspend-then-hibernate.service
service_unit,ubuntu:nvidia-kernel-common-595:lib/systemd/system/nvidia-suspend.service,tier_a_matching,NO_TIER_A_PARTNER,lib/systemd/system/nvidia-suspend.service
service_unit,ubuntu:nvme-cli:usr/lib/systemd/system/nvmf-autoconnect.service,tier_a_matching,NO_TIER_A_PARTNER,usr/lib/systemd/system/nvmf-autoconnect.service
service_unit,ubuntu:nvme-cli:usr/lib/systemd/system/nvmf-connect-nbft.service,tier_a_matching,NO_TIER_A_PARTNER,usr/lib/systemd/system/nvmf-connect-nbft.service
service_unit,ubuntu:nvme-cli:usr/lib/systemd/system/nvmf-connect@.service,tier_a_matching,NO_TIER_A_PARTNER,usr/lib/systemd/system/nvmf-connect@.service
service_unit,ubuntu:nvme-stas:usr/lib/systemd/system/stacd.service,tier_a_matching,NO_TIER_A_PARTNER,usr/lib/systemd/system/stacd.service
service_unit,ubuntu:nvme-stas:usr/lib/systemd/system/stafd.service,tier_a_matching,NO_TIER_A_PARTNER,usr/lib/systemd/system/stafd.service
service_unit,ubuntu:nvme-stas:usr/lib/systemd/system/stas-config@.service,tier_a_matching,NO_TIER_A_PARTNER,usr/lib/systemd/system/stas-config@.service
service_unit,ubuntu:oidentd:usr/lib/systemd/system/oidentd@.service,tier_a_matching,NO_TIER_A_PARTNER,usr/lib/systemd/system/oidentd@.service
service_unit,ubuntu:onedrive:usr/lib/systemd/system/onedrive@.service,tier_a_matching,NO_TIER_A_PARTNER,usr/lib/systemd/system/onedrive@.service
service_unit,ubuntu:opensm:usr/lib/systemd/system/opensm@.service,tier_a_matching,NO_TIER_A_PARTNER,usr/lib/systemd/system/opensm@.service
service_unit,ubuntu:openvswitch-ipsec:usr/lib/systemd/system/openvswitch-ipsec.service,tier_a_matching,NO_TIER_A_PARTNER,usr/lib/systemd/system/openvswitch-ipsec.service
service_unit,ubuntu:openvswitch-switch:usr/lib/systemd/system/openvswitch-switch.service,tier_a_matching,NO_TIER_A_PARTNER,usr/lib/systemd/system/openvswitch-switch.service
service_unit,ubuntu:openvswitch-switch:usr/lib/systemd/system/ovs-record-hostname.service,tier_a_matching,NO_TIER_A_PARTNER,usr/lib/systemd/system/ovs-record-hostname.service
service_unit,ubuntu:openvswitch-switch:usr/lib/systemd/system/ovs-vswitchd.service,tier_a_matching,NO_TIER_A_PARTNER,usr/lib/systemd/system/ovs-vswitchd.service
service_unit,ubuntu:openvswitch-switch:usr/lib/systemd/system/ovsdb-server.service,tier_a_matching,NO_TIER_A_PARTNER,usr/lib/systemd/system/ovsdb-server.service
service_unit,ubuntu:ovn-central:usr/lib/systemd/system/ovn-central.service,tier_a_matching,NO_TIER_A_PARTNER,usr/lib/systemd/system/ovn-central.service
service_unit,ubuntu:ovn-central:usr/lib/systemd/system/ovn-northd.service,tier_a_matching,NO_TIER_A_PARTNER,usr/lib/systemd/system/ovn-northd.service
service_unit,ubuntu:ovn-central:usr/lib/systemd/system/ovn-ovsdb-server-nb.service,tier_a_matching,NO_TIER_A_PARTNER,usr/lib/systemd/system/ovn-ovsdb-server-nb.service
service_unit,ubuntu:ovn-central:usr/lib/systemd/system/ovn-ovsdb-server-sb.service,tier_a_matching,NO_TIER_A_PARTNER,usr/lib/systemd/system/ovn-ovsdb-server-sb.service
service_unit,ubuntu:ovn-controller-vtep:usr/lib/systemd/system/ovn-controller-vtep.service,tier_a_matching,NO_TIER_A_PARTNER,usr/lib/systemd/system/ovn-controller-vtep.service
service_unit,ubuntu:ovn-host:usr/lib/systemd/system/ovn-br-controller.service,tier_a_matching,NO_TIER_A_PARTNER,usr/lib/systemd/system/ovn-br-controller.service
service_unit,ubuntu:ovn-host:usr/lib/systemd/system/ovn-controller.service,tier_a_matching,NO_TIER_A_PARTNER,usr/lib/systemd/system/ovn-controller.service
service_unit,ubuntu:ovn-host:usr/lib/systemd/system/ovn-host.service,tier_a_matching,NO_TIER_A_PARTNER,usr/lib/systemd/system/ovn-host.service
service_unit,ubuntu:ovn-host:usr/lib/systemd/system/ovn-ovsdb-server-br.service,tier_a_matching,NO_TIER_A_PARTNER,usr/lib/systemd/system/ovn-ovsdb-server-br.service
service_unit,ubuntu:ovn-ic-db:usr/lib/systemd/system/ovn-ic-db.service,tier_a_matching,NO_TIER_A_PARTNER,usr/lib/systemd/system/ovn-ic-db.service
service_unit,ubuntu:ovn-ic-db:usr/lib/systemd/system/ovn-ovsdb-server-ic-nb.service,tier_a_matching,NO_TIER_A_PARTNER,usr/lib/systemd/system/ovn-ovsdb-server-ic-nb.service
service_unit,ubuntu:ovn-ic-db:usr/lib/systemd/system/ovn-ovsdb-server-ic-sb.service,tier_a_matching,NO_TIER_A_PARTNER,usr/lib/systemd/system/ovn-ovsdb-server-ic-sb.service
service_unit,ubuntu:ovn-ic:usr/lib/systemd/system/ovn-ic.service,tier_a_matching,NO_TIER_A_PARTNER,usr/lib/systemd/system/ovn-ic.service
service_unit,ubuntu:packagekit:usr/lib/systemd/system/system-update.target.wants/packagekit-offline-update.service,tier_a_matching,DUPLICATE_ALIAS,usr/lib/systemd/system/packagekit-offline-update.service
service_unit,ubuntu:pcp:usr/lib/systemd/system/pmlogger_daily.service,tier_a_matching,NO_TIER_A_PARTNER,usr/lib/systemd/system/pmlogger_daily.service
service_unit,ubuntu:pcp:usr/lib/systemd/system/pmproxy_check.service,tier_a_matching,NO_TIER_A_PARTNER,usr/lib/systemd/system/pmproxy_check.service
service_unit,ubuntu:pcp:usr/lib/systemd/system/pmproxy_daily.service,tier_a_matching,NO_TIER_A_PARTNER,usr/lib/systemd/system/pmproxy_daily.service
service_unit,ubuntu:pcs:usr/lib/systemd/system/pcsd-ruby.service,tier_a_matching,NO_TIER_A_PARTNER,usr/lib/systemd/system/pcsd-ruby.service
service_unit,ubuntu:pcs:usr/lib/systemd/system/pcsd.service,tier_a_matching,NO_TIER_A_PARTNER,usr/lib/systemd/system/pcsd.service
service_unit,ubuntu:pdns-ixfrdist:usr/lib/systemd/system/ixfrdist@.service,tier_a_matching,NO_TIER_A_PARTNER,usr/lib/systemd/system/ixfrdist@.service
service_unit,ubuntu:pdns-recursor:usr/lib/systemd/system/pdns-recursor@.service,tier_a_matching,NO_TIER_A_PARTNER,usr/lib/systemd/system/pdns-recursor@.service
service_unit,ubuntu:pdns-server:usr/lib/systemd/system/pdns@.service,tier_a_matching,NO_TIER_A_PARTNER,usr/lib/systemd/system/pdns@.service
service_unit,ubuntu:php8.5-fpm:usr/lib/systemd/system/php8.5-fpm.service,tier_a_matching,NO_TIER_A_PARTNER,usr/lib/systemd/system/php8.5-fpm.service
service_unit,ubuntu:php8.5-litespeed:usr/lib/systemd/system/php8.5-litespeed.service,tier_a_matching,NO_TIER_A_PARTNER,usr/lib/systemd/system/php8.5-litespeed.service
service_unit,ubuntu:plymouth:usr/lib/systemd/system/halt.target.wants/plymouth-halt.service,tier_a_matching,DUPLICATE_ALIAS,usr/lib/systemd/system/plymouth-halt.service
service_unit,ubuntu:plymouth:usr/lib/systemd/system/halt.target.wants/plymouth-switch-root-initramfs.service,tier_a_matching,DUPLICATE_ALIAS,usr/lib/systemd/system/plymouth-switch-root-initramfs.service
service_unit,ubuntu:plymouth:usr/lib/systemd/system/initrd-switch-root.target.wants/plymouth-start.service,tier_a_matching,DUPLICATE_ALIAS,usr/lib/systemd/system/plymouth-start.service
service_unit,ubuntu:plymouth:usr/lib/systemd/system/initrd-switch-root.target.wants/plymouth-switch-root.service,tier_a_matching,DUPLICATE_ALIAS,usr/lib/systemd/system/plymouth-switch-root.service
service_unit,ubuntu:plymouth:usr/lib/systemd/system/kexec.target.wants/plymouth-kexec.service,tier_a_matching,DUPLICATE_ALIAS,usr/lib/systemd/system/plymouth-kexec.service
service_unit,ubuntu:plymouth:usr/lib/systemd/system/kexec.target.wants/plymouth-switch-root-initramfs.service,tier_a_matching,DUPLICATE_ALIAS,usr/lib/systemd/system/plymouth-switch-root-initramfs.service
service_unit,ubuntu:plymouth:usr/lib/systemd/system/multi-user.target.wants/plymouth-quit-wait.service,tier_a_matching,DUPLICATE_ALIAS,usr/lib/systemd/system/plymouth-quit-wait.service
service_unit,ubuntu:plymouth:usr/lib/systemd/system/multi-user.target.wants/plymouth-quit.service,tier_a_matching,DUPLICATE_ALIAS,usr/lib/systemd/system/plymouth-quit.service
service_unit,ubuntu:plymouth:usr/lib/systemd/system/plymouth-halt.service,tier_a_matching,NO_TIER_A_PARTNER,usr/lib/systemd/system/plymouth-halt.service
service_unit,ubuntu:plymouth:usr/lib/systemd/system/plymouth-kexec.service,tier_a_matching,NO_TIER_A_PARTNER,usr/lib/systemd/system/plymouth-kexec.service
service_unit,ubuntu:plymouth:usr/lib/systemd/system/plymouth-log.service,tier_a_matching,DUPLICATE_ALIAS,usr/lib/systemd/system/plymouth-read-write.service
service_unit,ubuntu:plymouth:usr/lib/systemd/system/plymouth-poweroff.service,tier_a_matching,NO_TIER_A_PARTNER,usr/lib/systemd/system/plymouth-poweroff.service
service_unit,ubuntu:plymouth:usr/lib/systemd/system/plymouth-quit-wait.service,tier_a_matching,NO_TIER_A_PARTNER,usr/lib/systemd/system/plymouth-quit-wait.service
service_unit,ubuntu:plymouth:usr/lib/systemd/system/plymouth-quit.service,tier_a_matching,NO_TIER_A_PARTNER,usr/lib/systemd/system/plymouth-quit.service
service_unit,ubuntu:plymouth:usr/lib/systemd/system/plymouth-read-write.service,tier_a_matching,NO_TIER_A_PARTNER,usr/lib/systemd/system/plymouth-read-write.service
service_unit,ubuntu:plymouth:usr/lib/systemd/system/plymouth-reboot.service,tier_a_matching,NO_TIER_A_PARTNER,usr/lib/systemd/system/plymouth-reboot.service
service_unit,ubuntu:plymouth:usr/lib/systemd/system/plymouth-start.service,tier_a_matching,NO_TIER_A_PARTNER,usr/lib/systemd/system/plymouth-start.service
service_unit,ubuntu:plymouth:usr/lib/systemd/system/plymouth-switch-root-initramfs.service,tier_a_matching,NO_TIER_A_PARTNER,usr/lib/systemd/system/plymouth-switch-root-initramfs.service
service_unit,ubuntu:plymouth:usr/lib/systemd/system/plymouth-switch-root.service,tier_a_matching,NO_TIER_A_PARTNER,usr/lib/systemd/system/plymouth-switch-root.service
service_unit,ubuntu:plymouth:usr/lib/systemd/system/plymouth.service,tier_a_matching,DUPLICATE_ALIAS,usr/lib/systemd/system/plymouth-quit.service
service_unit,ubuntu:plymouth:usr/lib/systemd/system/poweroff.target.wants/plymouth-poweroff.service,tier_a_matching,DUPLICATE_ALIAS,usr/lib/systemd/system/plymouth-poweroff.service
service_unit,ubuntu:plymouth:usr/lib/systemd/system/poweroff.target.wants/plymouth-switch-root-initramfs.service,tier_a_matching,DUPLICATE_ALIAS,usr/lib/systemd/system/plymouth-switch-root-initramfs.service
service_unit,ubuntu:plymouth:usr/lib/systemd/system/reboot.target.wants/plymouth-reboot.service,tier_a_matching,DUPLICATE_ALIAS,usr/lib/systemd/system/plymouth-reboot.service
service_unit,ubuntu:plymouth:usr/lib/systemd/system/reboot.target.wants/plymouth-switch-root-initramfs.service,tier_a_matching,DUPLICATE_ALIAS,usr/lib/systemd/system/plymouth-switch-root-initramfs.service
service_unit,ubuntu:plymouth:usr/lib/systemd/system/sysinit.target.wants/plymouth-read-write.service,tier_a_matching,DUPLICATE_ALIAS,usr/lib/systemd/system/plymouth-read-write.service
service_unit,ubuntu:plymouth:usr/lib/systemd/system/sysinit.target.wants/plymouth-start.service,tier_a_matching,DUPLICATE_ALIAS,usr/lib/systemd/system/plymouth-start.service
service_unit,ubuntu:polkitd:usr/lib/systemd/system/polkit-agent-helper@.service,tier_a_matching,NO_TIER_A_PARTNER,usr/lib/systemd/system/polkit-agent-helper@.service
service_unit,ubuntu:postfix:usr/lib/systemd/system/postfix@.service,tier_a_matching,NO_TIER_A_PARTNER,usr/lib/systemd/system/postfix@.service
service_unit,ubuntu:privoxy:usr/lib/systemd/system/privoxy-cleanup.service,tier_a_matching,NO_TIER_A_PARTNER,usr/lib/systemd/system/privoxy-cleanup.service
service_unit,ubuntu:privoxy:usr/lib/systemd/system/privoxy.service,tier_a_matching,NO_TIER_A_PARTNER,usr/lib/systemd/system/privoxy.service
service_unit,ubuntu:proftpd-core:usr/lib/systemd/system/proftpd@.service,tier_a_matching,NO_TIER_A_PARTNER,usr/lib/systemd/system/proftpd@.service
service_unit,ubuntu:prometheus-alertmanager:usr/lib/systemd/system/prometheus-alertmanager.service,tier_a_matching,NO_TIER_A_PARTNER,usr/lib/systemd/system/prometheus-alertmanager.service
service_unit,ubuntu:prometheus-smartctl-exporter:usr/lib/systemd/system/smartctl_exporter.service,tier_a_matching,NO_TIER_A_PARTNER,usr/lib/systemd/system/smartctl_exporter.service
service_unit,ubuntu:pynslcd:usr/lib/systemd/system/pynslcd.service,tier_a_matching,NO_TIER_A_PARTNER,usr/lib/systemd/system/pynslcd.service
service_unit,ubuntu:python3-rtslib-fb:lib/systemd/system/target.service,tier_a_matching,NO_TIER_A_PARTNER,lib/systemd/system/target.service
service_unit,ubuntu:python3-rtslib-fb:usr/lib/systemd/system/rtslib-fb-targetctl.service,tier_a_matching,NO_TIER_A_PARTNER,usr/lib/systemd/system/rtslib-fb-targetctl.service
service_unit,ubuntu:qbittorrent-nox:usr/lib/systemd/system/qbittorrent-nox@.service,tier_a_matching,NO_TIER_A_PARTNER,usr/lib/systemd/system/qbittorrent-nox@.service
service_unit,ubuntu:qemu-guest-agent-hwe:usr/lib/systemd/system/qemu-guest-agent.service,tier_a_matching,NO_TIER_A_PARTNER,usr/lib/systemd/system/qemu-guest-agent.service
service_unit,ubuntu:qemu-guest-agent:usr/lib/systemd/system/qemu-guest-agent.service,tier_a_matching,NO_TIER_A_PARTNER,usr/lib/systemd/system/qemu-guest-agent.service
service_unit,ubuntu:qemu-system-common-hwe:usr/lib/systemd/system/qemu-kvm.service,tier_a_matching,NO_TIER_A_PARTNER,usr/lib/systemd/system/qemu-kvm.service
service_unit,ubuntu:qemu-system-common-hwe:usr/lib/systemd/system/qemu-vmsr-helper.service,tier_a_matching,NO_TIER_A_PARTNER,usr/lib/systemd/system/qemu-vmsr-helper.service
service_unit,ubuntu:qemu-system-common:usr/lib/systemd/system/qemu-kvm.service,tier_a_matching,NO_TIER_A_PARTNER,usr/lib/systemd/system/qemu-kvm.service
service_unit,ubuntu:qemu-system-common:usr/lib/systemd/system/qemu-vmsr-helper.service,tier_a_matching,NO_TIER_A_PARTNER,usr/lib/systemd/system/qemu-vmsr-helper.service
service_unit,ubuntu:radosgw:lib/systemd/system/ceph-radosgw@.service,tier_a_matching,NO_TIER_A_PARTNER,lib/systemd/system/ceph-radosgw@.service
service_unit,ubuntu:rbd-mirror:lib/systemd/system/ceph-rbd-mirror@.service,tier_a_matching,NO_TIER_A_PARTNER,lib/systemd/system/ceph-rbd-mirror@.service
service_unit,ubuntu:rdma-core:usr/lib/systemd/system/rdma-load-modules@.service,tier_a_matching,NO_TIER_A_PARTNER,usr/lib/systemd/system/rdma-load-modules@.service
service_unit,ubuntu:rebuilderd-worker:usr/lib/systemd/system/rebuilderd-worker@.service,tier_a_matching,NO_TIER_A_PARTNER,usr/lib/systemd/system/rebuilderd-worker@.service
service_unit,ubuntu:redict-sentinel:usr/lib/systemd/system/redict-sentinel@.service,tier_a_matching,NO_TIER_A_PARTNER,usr/lib/systemd/system/redict-sentinel@.service
service_unit,ubuntu:redict-server:usr/lib/systemd/system/redict-server@.service,tier_a_matching,NO_TIER_A_PARTNER,usr/lib/systemd/system/redict-server@.service
service_unit,ubuntu:rmtfs:usr/lib/systemd/system/rmtfs-dir.service,tier_a_matching,NO_TIER_A_PARTNER,usr/lib/systemd/system/rmtfs-dir.service
service_unit,ubuntu:rmtfs:usr/lib/systemd/system/rmtfs.service,tier_a_matching,NO_TIER_A_PARTNER,usr/lib/systemd/system/rmtfs.service
service_unit,ubuntu:rpcbind:usr/lib/systemd/system/portmap.service,tier_a_matching,DUPLICATE_ALIAS,usr/lib/systemd/system/rpcbind.service
service_unit,ubuntu:rsyslog:usr/lib/systemd/system/dmesg.service,tier_a_matching,NO_TIER_A_PARTNER,usr/lib/systemd/system/dmesg.service
service_unit,ubuntu:sane-utils:usr/lib/systemd/system/saned.service,tier_a_matching,MASKED_EFFECTIVE_UNIT,usr/lib/systemd/system/saned.service
service_unit,ubuntu:sane-utils:usr/lib/systemd/system/saned@.service,tier_a_matching,NO_TIER_A_PARTNER,usr/lib/systemd/system/saned@.service
service_unit,ubuntu:sendmail-bin:usr/lib/systemd/system/sendmail.service,tier_a_matching,NO_TIER_A_PARTNER,usr/lib/systemd/system/sendmail.service
service_unit,ubuntu:snapd:lib/systemd/system/snapd.autoimport.service,tier_a_matching,NO_TIER_A_PARTNER,lib/systemd/system/snapd.autoimport.service
service_unit,ubuntu:snapd:lib/systemd/system/snapd.core-fixup.service,tier_a_matching,NO_TIER_A_PARTNER,lib/systemd/system/snapd.core-fixup.service
service_unit,ubuntu:snapd:lib/systemd/system/snapd.failure.service,tier_a_matching,NO_TIER_A_PARTNER,lib/systemd/system/snapd.failure.service
service_unit,ubuntu:snapd:lib/systemd/system/snapd.seeded.service,tier_a_matching,NO_TIER_A_PARTNER,lib/systemd/system/snapd.seeded.service
service_unit,ubuntu:snapd:lib/systemd/system/snapd.snap-repair.service,tier_a_matching,NO_TIER_A_PARTNER,lib/systemd/system/snapd.snap-repair.service
service_unit,ubuntu:snapd:lib/systemd/system/snapd.system-shutdown.service,tier_a_matching,NO_TIER_A_PARTNER,lib/systemd/system/snapd.system-shutdown.service
service_unit,ubuntu:snapper:usr/lib/systemd/system/snapper-cleanup.service,tier_a_matching,NO_TIER_A_PARTNER,usr/lib/systemd/system/snapper-cleanup.service
service_unit,ubuntu:snapper:usr/lib/systemd/system/snapper-timeline.service,tier_a_matching,NO_TIER_A_PARTNER,usr/lib/systemd/system/snapper-timeline.service
service_unit,ubuntu:spamass-milter:usr/lib/systemd/system/spamass-milter.service,tier_a_matching,NO_TIER_A_PARTNER,usr/lib/systemd/system/spamass-milter.service
service_unit,ubuntu:speech-dispatcher:usr/lib/systemd/system/speech-dispatcher.service,tier_a_matching,DUPLICATE_ALIAS,usr/lib/systemd/system/speech-dispatcherd.service
service_unit,ubuntu:spice-vdagent:usr/lib/systemd/system/spice-vdagent.service,tier_a_matching,DUPLICATE_ALIAS,usr/lib/systemd/system/spice-vdagentd.service
service_unit,ubuntu:squid:usr/lib/systemd/system/squid.service,tier_a_matching,NO_TIER_A_PARTNER,usr/lib/systemd/system/squid.service
service_unit,ubuntu:srptools:usr/lib/systemd/system/srp_daemon_port@.service,tier_a_matching,NO_TIER_A_PARTNER,usr/lib/systemd/system/srp_daemon_port@.service
service_unit,ubuntu:srptools:usr/lib/systemd/system/srptools.service,tier_a_matching,DUPLICATE_ALIAS,usr/lib/systemd/system/srp_daemon.service
service_unit,ubuntu:strongswan-starter:usr/lib/systemd/system/ipsec.service,tier_a_matching,DUPLICATE_ALIAS,usr/lib/systemd/system/strongswan-starter.service
service_unit,ubuntu:stunnel4:usr/lib/systemd/system/stunnel@.service,tier_a_matching,NO_TIER_A_PARTNER,usr/lib/systemd/system/stunnel@.service
service_unit,ubuntu:syncplay-server:usr/lib/systemd/system/syncplay-server.service,tier_a_matching,NO_TIER_A_PARTNER,usr/lib/systemd/system/syncplay-server.service
service_unit,ubuntu:sysstat:usr/lib/systemd/system/sysstat-collect.service,tier_a_matching,NO_TIER_A_PARTNER,usr/lib/systemd/system/sysstat-collect.service
service_unit,ubuntu:sysstat:usr/lib/systemd/system/sysstat-rotate.service,tier_a_matching,NO_TIER_A_PARTNER,usr/lib/systemd/system/sysstat-rotate.service
service_unit,ubuntu:sysstat:usr/lib/systemd/system/sysstat.service,tier_a_matching,NO_TIER_A_PARTNER,usr/lib/systemd/system/sysstat.service
service_unit,ubuntu:system-config-printer-udev:usr/lib/systemd/system/configure-printer@.service,tier_a_matching,NO_TIER_A_PARTNER,usr/lib/systemd/system/configure-printer@.service
service_unit,ubuntu:systemd-boot:usr/lib/systemd/system/sysinit.target.wants/systemd-boot-random-seed.service,tier_a_matching,DUPLICATE_ALIAS,usr/lib/systemd/system/systemd-boot-random-seed.service
service_unit,ubuntu:systemd-boot:usr/lib/systemd/system/systemd-boot-clear-sysfail.service,tier_a_matching,NO_TIER_A_PARTNER,usr/lib/systemd/system/systemd-boot-clear-sysfail.service
service_unit,ubuntu:systemd-boot:usr/lib/systemd/system/systemd-boot-random-seed.service,tier_a_matching,NO_TIER_A_PARTNER,usr/lib/systemd/system/systemd-boot-random-seed.service
service_unit,ubuntu:systemd-boot:usr/lib/systemd/system/systemd-boot-update.service,tier_a_matching,NO_TIER_A_PARTNER,usr/lib/systemd/system/systemd-boot-update.service
service_unit,ubuntu:systemd-boot:usr/lib/systemd/system/systemd-bootctl@.service,tier_a_matching,NO_TIER_A_PARTNER,usr/lib/systemd/system/systemd-bootctl@.service
service_unit,ubuntu:systemd-container:usr/lib/systemd/system/dbus-org.freedesktop.import1.service,tier_a_matching,DUPLICATE_ALIAS,usr/lib/systemd/system/systemd-importd.service
service_unit,ubuntu:systemd-container:usr/lib/systemd/system/dbus-org.freedesktop.machine1.service,tier_a_matching,DUPLICATE_ALIAS,usr/lib/systemd/system/systemd-machined.service
service_unit,ubuntu:systemd-container:usr/lib/systemd/system/dbus-org.freedesktop.portable1.service,tier_a_matching,DUPLICATE_ALIAS,usr/lib/systemd/system/systemd-portabled.service
service_unit,ubuntu:systemd-container:usr/lib/systemd/system/systemd-nspawn@.service,tier_a_matching,NO_TIER_A_PARTNER,usr/lib/systemd/system/systemd-nspawn@.service
service_unit,ubuntu:systemd-container:usr/lib/systemd/system/systemd-sysupdate-reboot.service,tier_a_matching,NO_TIER_A_PARTNER,usr/lib/systemd/system/systemd-sysupdate-reboot.service
service_unit,ubuntu:systemd-container:usr/lib/systemd/system/systemd-sysupdate.service,tier_a_matching,NO_TIER_A_PARTNER,usr/lib/systemd/system/systemd-sysupdate.service
service_unit,ubuntu:systemd-container:usr/lib/systemd/system/systemd-vmspawn@.service,tier_a_matching,NO_TIER_A_PARTNER,usr/lib/systemd/system/systemd-vmspawn@.service
service_unit,ubuntu:systemd-coredump:usr/lib/systemd/system/systemd-coredump@.service,tier_a_matching,NO_TIER_A_PARTNER,usr/lib/systemd/system/systemd-coredump@.service
service_unit,ubuntu:systemd-homed:usr/lib/systemd/system/systemd-homed-activate.service,tier_a_matching,NO_TIER_A_PARTNER,usr/lib/systemd/system/systemd-homed-activate.service
service_unit,ubuntu:systemd-repart:usr/lib/systemd/system/initrd-root-fs.target.wants/systemd-repart.service,tier_a_matching,DUPLICATE_ALIAS,usr/lib/systemd/system/systemd-repart.service
service_unit,ubuntu:systemd-repart:usr/lib/systemd/system/sysinit.target.wants/systemd-repart.service,tier_a_matching,DUPLICATE_ALIAS,usr/lib/systemd/system/systemd-repart.service
service_unit,ubuntu:systemd-repart:usr/lib/systemd/system/systemd-repart@.service,tier_a_matching,NO_TIER_A_PARTNER,usr/lib/systemd/system/systemd-repart@.service
service_unit,ubuntu:systemd-zram-generator:usr/lib/systemd/system/systemd-zram-setup@.service,tier_a_matching,NO_TIER_A_PARTNER,usr/lib/systemd/system/systemd-zram-setup@.service
service_unit,ubuntu:systemd:usr/lib/systemd/system/autovt@.service,tier_a_matching,DUPLICATE_ALIAS,usr/lib/systemd/system/getty@.service
service_unit,ubuntu:systemd:usr/lib/systemd/system/breakpoint-pre-basic.service,tier_a_matching,NO_TIER_A_PARTNER,usr/lib/systemd/system/breakpoint-pre-basic.service
service_unit,ubuntu:systemd:usr/lib/systemd/system/breakpoint-pre-mount.service,tier_a_matching,NO_TIER_A_PARTNER,usr/lib/systemd/system/breakpoint-pre-mount.service
service_unit,ubuntu:systemd:usr/lib/systemd/system/breakpoint-pre-switch-root.service,tier_a_matching,NO_TIER_A_PARTNER,usr/lib/systemd/system/breakpoint-pre-switch-root.service
service_unit,ubuntu:systemd:usr/lib/systemd/system/breakpoint-pre-udev.service,tier_a_matching,NO_TIER_A_PARTNER,usr/lib/systemd/system/breakpoint-pre-udev.service
service_unit,ubuntu:systemd:usr/lib/systemd/system/capsule@.service,tier_a_matching,NO_TIER_A_PARTNER,usr/lib/systemd/system/capsule@.service
service_unit,ubuntu:systemd:usr/lib/systemd/system/container-getty@.service,tier_a_matching,NO_TIER_A_PARTNER,usr/lib/systemd/system/container-getty@.service
service_unit,ubuntu:systemd:usr/lib/systemd/system/cryptdisks-early.service,tier_a_matching,MASKED_EFFECTIVE_UNIT,usr/lib/systemd/system/cryptdisks-early.service
service_unit,ubuntu:systemd:usr/lib/systemd/system/cryptdisks.service,tier_a_matching,MASKED_EFFECTIVE_UNIT,usr/lib/systemd/system/cryptdisks.service
service_unit,ubuntu:systemd:usr/lib/systemd/system/dbus-org.freedesktop.hostname1.service,tier_a_matching,DUPLICATE_ALIAS,usr/lib/systemd/system/systemd-hostnamed.service
service_unit,ubuntu:systemd:usr/lib/systemd/system/dbus-org.freedesktop.locale1.service,tier_a_matching,DUPLICATE_ALIAS,usr/lib/systemd/system/systemd-localed.service
service_unit,ubuntu:systemd:usr/lib/systemd/system/dbus-org.freedesktop.login1.service,tier_a_matching,DUPLICATE_ALIAS,usr/lib/systemd/system/systemd-logind.service
service_unit,ubuntu:systemd:usr/lib/systemd/system/dbus-org.freedesktop.timedate1.service,tier_a_matching,DUPLICATE_ALIAS,usr/lib/systemd/system/systemd-timedated.service
service_unit,ubuntu:systemd:usr/lib/systemd/system/debug-shell.service,tier_a_matching,NO_TIER_A_PARTNER,usr/lib/systemd/system/debug-shell.service
service_unit,ubuntu:systemd:usr/lib/systemd/system/emergency.service,tier_a_matching,NO_TIER_A_PARTNER,usr/lib/systemd/system/emergency.service
service_unit,ubuntu:systemd:usr/lib/systemd/system/factory-reset.target.wants/systemd-factory-reset-request.service,tier_a_matching,DUPLICATE_ALIAS,usr/lib/systemd/system/systemd-factory-reset-request.service
service_unit,ubuntu:systemd:usr/lib/systemd/system/factory-reset.target.wants/systemd-pcrphase-factory-reset.service,tier_a_matching,DUPLICATE_ALIAS,usr/lib/systemd/system/systemd-pcrphase-factory-reset.service
service_unit,ubuntu:systemd:usr/lib/systemd/system/getty-static.service,tier_a_matching,NO_TIER_A_PARTNER,usr/lib/systemd/system/getty-static.service
service_unit,ubuntu:systemd:usr/lib/systemd/system/getty.target.wants/getty-static.service,tier_a_matching,DUPLICATE_ALIAS,usr/lib/systemd/system/getty-static.service
service_unit,ubuntu:systemd:usr/lib/systemd/system/getty@.service,tier_a_matching,NO_TIER_A_PARTNER,usr/lib/systemd/system/getty@.service
service_unit,ubuntu:systemd:usr/lib/systemd/system/hwclock.service,tier_a_matching,MASKED_EFFECTIVE_UNIT,usr/lib/systemd/system/hwclock.service
service_unit,ubuntu:systemd:usr/lib/systemd/system/initrd-cleanup.service,tier_a_matching,NO_TIER_A_PARTNER,usr/lib/systemd/system/initrd-cleanup.service
service_unit,ubuntu:systemd:usr/lib/systemd/system/initrd-switch-root.service,tier_a_matching,NO_TIER_A_PARTNER,usr/lib/systemd/system/initrd-switch-root.service
service_unit,ubuntu:systemd:usr/lib/systemd/system/initrd-udevadm-cleanup-db.service,tier_a_matching,NO_TIER_A_PARTNER,usr/lib/systemd/system/initrd-udevadm-cleanup-db.service
service_unit,ubuntu:systemd:usr/lib/systemd/system/initrd.target.wants/systemd-battery-check.service,tier_a_matching,DUPLICATE_ALIAS,usr/lib/systemd/system/systemd-battery-check.service
service_unit,ubuntu:systemd:usr/lib/systemd/system/initrd.target.wants/systemd-bsod.service,tier_a_matching,DUPLICATE_ALIAS,usr/lib/systemd/system/systemd-bsod.service
service_unit,ubuntu:systemd:usr/lib/systemd/system/initrd.target.wants/systemd-confext-initrd.service,tier_a_matching,DUPLICATE_ALIAS,usr/lib/systemd/system/systemd-confext-initrd.service
service_unit,ubuntu:systemd:usr/lib/systemd/system/initrd.target.wants/systemd-pcrphase-initrd.service,tier_a_matching,DUPLICATE_ALIAS,usr/lib/systemd/system/systemd-pcrphase-initrd.service
service_unit,ubuntu:systemd:usr/lib/systemd/system/initrd.target.wants/systemd-sysext-initrd.service,tier_a_matching,DUPLICATE_ALIAS,usr/lib/systemd/system/systemd-sysext-initrd.service
service_unit,ubuntu:systemd:usr/lib/systemd/system/kmod.service,tier_a_matching,DUPLICATE_ALIAS,usr/lib/systemd/system/systemd-modules-load.service
service_unit,ubuntu:systemd:usr/lib/systemd/system/modprobe@.service,tier_a_matching,NO_TIER_A_PARTNER,usr/lib/systemd/system/modprobe@.service
service_unit,ubuntu:systemd:usr/lib/systemd/system/multi-user.target.wants/systemd-logind.service,tier_a_matching,DUPLICATE_ALIAS,usr/lib/systemd/system/systemd-logind.service
service_unit,ubuntu:systemd:usr/lib/systemd/system/multi-user.target.wants/systemd-user-sessions.service,tier_a_matching,DUPLICATE_ALIAS,usr/lib/systemd/system/systemd-user-sessions.service
service_unit,ubuntu:systemd:usr/lib/systemd/system/procps.service,tier_a_matching,DUPLICATE_ALIAS,usr/lib/systemd/system/systemd-sysctl.service
service_unit,ubuntu:systemd:usr/lib/systemd/system/quotaon@.service,tier_a_matching,NO_TIER_A_PARTNER,usr/lib/systemd/system/quotaon@.service
service_unit,ubuntu:systemd:usr/lib/systemd/system/rescue.service,tier_a_matching,NO_TIER_A_PARTNER,usr/lib/systemd/system/rescue.service
service_unit,ubuntu:systemd:usr/lib/systemd/system/serial-getty@.service,tier_a_matching,NO_TIER_A_PARTNER,usr/lib/systemd/system/serial-getty@.service
service_unit,ubuntu:systemd:usr/lib/systemd/system/storage-target-mode.target.wants/systemd-pcrphase-storage-target-mode.service,tier_a_matching,DUPLICATE_ALIAS,usr/lib/systemd/system/systemd-pcrphase-storage-target-mode.service
service_unit,ubuntu:systemd:usr/lib/systemd/system/sysinit.target.wants/kmod-static-nodes.service,tier_a_matching,DUPLICATE_ALIAS,usr/lib/systemd/system/kmod-static-nodes.service
service_unit,ubuntu:systemd:usr/lib/systemd/system/sysinit.target.wants/ldconfig.service,tier_a_matching,DUPLICATE_ALIAS,usr/lib/systemd/system/ldconfig.service
service_unit,ubuntu:systemd:usr/lib/systemd/system/sysinit.target.wants/systemd-binfmt.service,tier_a_matching,DUPLICATE_ALIAS,usr/lib/systemd/system/systemd-binfmt.service
service_unit,ubuntu:systemd:usr/lib/systemd/system/sysinit.target.wants/systemd-firstboot.service,tier_a_matching,DUPLICATE_ALIAS,usr/lib/systemd/system/systemd-firstboot.service
service_unit,ubuntu:systemd:usr/lib/systemd/system/sysinit.target.wants/systemd-hibernate-clear.service,tier_a_matching,DUPLICATE_ALIAS,usr/lib/systemd/system/systemd-hibernate-clear.service
service_unit,ubuntu:systemd:usr/lib/systemd/system/sysinit.target.wants/systemd-journal-catalog-update.service,tier_a_matching,DUPLICATE_ALIAS,usr/lib/systemd/system/systemd-journal-catalog-update.service
service_unit,ubuntu:systemd:usr/lib/systemd/system/sysinit.target.wants/systemd-journal-flush.service,tier_a_matching,DUPLICATE_ALIAS,usr/lib/systemd/system/systemd-journal-flush.service
service_unit,ubuntu:systemd:usr/lib/systemd/system/sysinit.target.wants/systemd-journald.service,tier_a_matching,DUPLICATE_ALIAS,usr/lib/systemd/system/systemd-journald.service
service_unit,ubuntu:systemd:usr/lib/systemd/system/sysinit.target.wants/systemd-machine-id-commit.service,tier_a_matching,DUPLICATE_ALIAS,usr/lib/systemd/system/systemd-machine-id-commit.service
service_unit,ubuntu:systemd:usr/lib/systemd/system/sysinit.target.wants/systemd-modules-load.service,tier_a_matching,DUPLICATE_ALIAS,usr/lib/systemd/system/systemd-modules-load.service
service_unit,ubuntu:systemd:usr/lib/systemd/system/sysinit.target.wants/systemd-pcrmachine.service,tier_a_matching,DUPLICATE_ALIAS,usr/lib/systemd/system/systemd-pcrmachine.service
service_unit,ubuntu:systemd:usr/lib/systemd/system/sysinit.target.wants/systemd-pcrnvdone.service,tier_a_matching,DUPLICATE_ALIAS,usr/lib/systemd/system/systemd-pcrnvdone.service
service_unit,ubuntu:systemd:usr/lib/systemd/system/sysinit.target.wants/systemd-pcrphase-sysinit.service,tier_a_matching,DUPLICATE_ALIAS,usr/lib/systemd/system/systemd-pcrphase-sysinit.service
service_unit,ubuntu:systemd:usr/lib/systemd/system/sysinit.target.wants/systemd-pcrphase.service,tier_a_matching,DUPLICATE_ALIAS,usr/lib/systemd/system/systemd-pcrphase.service
service_unit,ubuntu:systemd:usr/lib/systemd/system/sysinit.target.wants/systemd-pcrproduct.service,tier_a_matching,DUPLICATE_ALIAS,usr/lib/systemd/system/systemd-pcrproduct.service
service_unit,ubuntu:systemd:usr/lib/systemd/system/sysinit.target.wants/systemd-random-seed.service,tier_a_matching,DUPLICATE_ALIAS,usr/lib/systemd/system/systemd-random-seed.service
service_unit,ubuntu:systemd:usr/lib/systemd/system/sysinit.target.wants/systemd-sysctl.service,tier_a_matching,DUPLICATE_ALIAS,usr/lib/systemd/system/systemd-sysctl.service
service_unit,ubuntu:systemd:usr/lib/systemd/system/sysinit.target.wants/systemd-sysusers.service,tier_a_matching,DUPLICATE_ALIAS,usr/lib/systemd/system/systemd-sysusers.service
service_unit,ubuntu:systemd:usr/lib/systemd/system/sysinit.target.wants/systemd-tmpfiles-setup-dev-early.service,tier_a_matching,DUPLICATE_ALIAS,usr/lib/systemd/system/systemd-tmpfiles-setup-dev-early.service
service_unit,ubuntu:systemd:usr/lib/systemd/system/sysinit.target.wants/systemd-tmpfiles-setup-dev.service,tier_a_matching,DUPLICATE_ALIAS,usr/lib/systemd/system/systemd-tmpfiles-setup-dev.service
service_unit,ubuntu:systemd:usr/lib/systemd/system/sysinit.target.wants/systemd-tmpfiles-setup.service,tier_a_matching,DUPLICATE_ALIAS,usr/lib/systemd/system/systemd-tmpfiles-setup.service
service_unit,ubuntu:systemd:usr/lib/systemd/system/sysinit.target.wants/systemd-tpm2-setup-early.service,tier_a_matching,DUPLICATE_ALIAS,usr/lib/systemd/system/systemd-tpm2-setup-early.service
service_unit,ubuntu:systemd:usr/lib/systemd/system/sysinit.target.wants/systemd-tpm2-setup.service,tier_a_matching,DUPLICATE_ALIAS,usr/lib/systemd/system/systemd-tpm2-setup.service
service_unit,ubuntu:systemd:usr/lib/systemd/system/sysinit.target.wants/systemd-update-done.service,tier_a_matching,DUPLICATE_ALIAS,usr/lib/systemd/system/systemd-update-done.service
service_unit,ubuntu:systemd:usr/lib/systemd/system/systemd-ask-password-console.service,tier_a_matching,NO_TIER_A_PARTNER,usr/lib/systemd/system/systemd-ask-password-console.service
service_unit,ubuntu:systemd:usr/lib/systemd/system/systemd-ask-password-wall.service,tier_a_matching,NO_TIER_A_PARTNER,usr/lib/systemd/system/systemd-ask-password-wall.service
service_unit,ubuntu:systemd:usr/lib/systemd/system/systemd-ask-password@.service,tier_a_matching,NO_TIER_A_PARTNER,usr/lib/systemd/system/systemd-ask-password@.service
service_unit,ubuntu:systemd:usr/lib/systemd/system/systemd-backlight@.service,tier_a_matching,NO_TIER_A_PARTNER,usr/lib/systemd/system/systemd-backlight@.service
service_unit,ubuntu:systemd:usr/lib/systemd/system/systemd-confext-initrd.service,tier_a_matching,NO_TIER_A_PARTNER,usr/lib/systemd/system/systemd-confext-initrd.service
service_unit,ubuntu:systemd:usr/lib/systemd/system/systemd-confext.service,tier_a_matching,NO_TIER_A_PARTNER,usr/lib/systemd/system/systemd-confext.service
service_unit,ubuntu:systemd:usr/lib/systemd/system/systemd-creds@.service,tier_a_matching,NO_TIER_A_PARTNER,usr/lib/systemd/system/systemd-creds@.service
service_unit,ubuntu:systemd:usr/lib/systemd/system/systemd-exit.service,tier_a_matching,NO_TIER_A_PARTNER,usr/lib/systemd/system/systemd-exit.service
service_unit,ubuntu:systemd:usr/lib/systemd/system/systemd-factory-reset-complete.service,tier_a_matching,NO_TIER_A_PARTNER,usr/lib/systemd/system/systemd-factory-reset-complete.service
service_unit,ubuntu:systemd:usr/lib/systemd/system/systemd-factory-reset-reboot.service,tier_a_matching,NO_TIER_A_PARTNER,usr/lib/systemd/system/systemd-factory-reset-reboot.service
service_unit,ubuntu:systemd:usr/lib/systemd/system/systemd-factory-reset-request.service,tier_a_matching,NO_TIER_A_PARTNER,usr/lib/systemd/system/systemd-factory-reset-request.service
service_unit,ubuntu:systemd:usr/lib/systemd/system/systemd-factory-reset@.service,tier_a_matching,NO_TIER_A_PARTNER,usr/lib/systemd/system/systemd-factory-reset@.service
service_unit,ubuntu:systemd:usr/lib/systemd/system/systemd-fsck@.service,tier_a_matching,NO_TIER_A_PARTNER,usr/lib/systemd/system/systemd-fsck@.service
service_unit,ubuntu:systemd:usr/lib/systemd/system/systemd-growfs@.service,tier_a_matching,NO_TIER_A_PARTNER,usr/lib/systemd/system/systemd-growfs@.service
service_unit,ubuntu:systemd:usr/lib/systemd/system/systemd-halt.service,tier_a_matching,NO_TIER_A_PARTNER,usr/lib/systemd/system/systemd-halt.service
service_unit,ubuntu:systemd:usr/lib/systemd/system/systemd-hibernate-clear.service,tier_a_matching,NO_TIER_A_PARTNER,usr/lib/systemd/system/systemd-hibernate-clear.service
service_unit,ubuntu:systemd:usr/lib/systemd/system/systemd-hibernate-resume.service,tier_a_matching,NO_TIER_A_PARTNER,usr/lib/systemd/system/systemd-hibernate-resume.service
service_unit,ubuntu:systemd:usr/lib/systemd/system/systemd-hibernate.service,tier_a_matching,NO_TIER_A_PARTNER,usr/lib/systemd/system/systemd-hibernate.service
service_unit,ubuntu:systemd:usr/lib/systemd/system/systemd-hybrid-sleep.service,tier_a_matching,NO_TIER_A_PARTNER,usr/lib/systemd/system/systemd-hybrid-sleep.service
service_unit,ubuntu:systemd:usr/lib/systemd/system/systemd-journal-catalog-update.service,tier_a_matching,NO_TIER_A_PARTNER,usr/lib/systemd/system/systemd-journal-catalog-update.service
service_unit,ubuntu:systemd:usr/lib/systemd/system/systemd-journal-flush.service,tier_a_matching,NO_TIER_A_PARTNER,usr/lib/systemd/system/systemd-journal-flush.service
service_unit,ubuntu:systemd:usr/lib/systemd/system/systemd-journald-sync@.service,tier_a_matching,NO_TIER_A_PARTNER,usr/lib/systemd/system/systemd-journald-sync@.service
service_unit,ubuntu:systemd:usr/lib/systemd/system/systemd-journald@.service,tier_a_matching,NO_TIER_A_PARTNER,usr/lib/systemd/system/systemd-journald@.service
service_unit,ubuntu:systemd:usr/lib/systemd/system/systemd-kexec.service,tier_a_matching,NO_TIER_A_PARTNER,usr/lib/systemd/system/systemd-kexec.service
service_unit,ubuntu:systemd:usr/lib/systemd/system/systemd-loop@.service,tier_a_matching,NO_TIER_A_PARTNER,usr/lib/systemd/system/systemd-loop@.service
service_unit,ubuntu:systemd:usr/lib/systemd/system/systemd-mute-console@.service,tier_a_matching,NO_TIER_A_PARTNER,usr/lib/systemd/system/systemd-mute-console@.service
service_unit,ubuntu:systemd:usr/lib/systemd/system/systemd-network-generator.service,tier_a_matching,NO_TIER_A_PARTNER,usr/lib/systemd/system/systemd-network-generator.service
service_unit,ubuntu:systemd:usr/lib/systemd/system/systemd-networkd-wait-online@.service,tier_a_matching,NO_TIER_A_PARTNER,usr/lib/systemd/system/systemd-networkd-wait-online@.service
service_unit,ubuntu:systemd:usr/lib/systemd/system/systemd-pcrextend@.service,tier_a_matching,NO_TIER_A_PARTNER,usr/lib/systemd/system/systemd-pcrextend@.service
service_unit,ubuntu:systemd:usr/lib/systemd/system/systemd-pcrfs-root.service,tier_a_matching,NO_TIER_A_PARTNER,usr/lib/systemd/system/systemd-pcrfs-root.service
service_unit,ubuntu:systemd:usr/lib/systemd/system/systemd-pcrfs@.service,tier_a_matching,NO_TIER_A_PARTNER,usr/lib/systemd/system/systemd-pcrfs@.service
service_unit,ubuntu:systemd:usr/lib/systemd/system/systemd-pcrlock-file-system.service,tier_a_matching,NO_TIER_A_PARTNER,usr/lib/systemd/system/systemd-pcrlock-file-system.service
service_unit,ubuntu:systemd:usr/lib/systemd/system/systemd-pcrlock-firmware-code.service,tier_a_matching,NO_TIER_A_PARTNER,usr/lib/systemd/system/systemd-pcrlock-firmware-code.service
service_unit,ubuntu:systemd:usr/lib/systemd/system/systemd-pcrlock-firmware-config.service,tier_a_matching,NO_TIER_A_PARTNER,usr/lib/systemd/system/systemd-pcrlock-firmware-config.service
service_unit,ubuntu:systemd:usr/lib/systemd/system/systemd-pcrlock-machine-id.service,tier_a_matching,NO_TIER_A_PARTNER,usr/lib/systemd/system/systemd-pcrlock-machine-id.service
service_unit,ubuntu:systemd:usr/lib/systemd/system/systemd-pcrlock-make-policy.service,tier_a_matching,NO_TIER_A_PARTNER,usr/lib/systemd/system/systemd-pcrlock-make-policy.service
service_unit,ubuntu:systemd:usr/lib/systemd/system/systemd-pcrlock-secureboot-authority.service,tier_a_matching,NO_TIER_A_PARTNER,usr/lib/systemd/system/systemd-pcrlock-secureboot-authority.service
service_unit,ubuntu:systemd:usr/lib/systemd/system/systemd-pcrlock-secureboot-policy.service,tier_a_matching,NO_TIER_A_PARTNER,usr/lib/systemd/system/systemd-pcrlock-secureboot-policy.service
service_unit,ubuntu:systemd:usr/lib/systemd/system/systemd-pcrlock@.service,tier_a_matching,NO_TIER_A_PARTNER,usr/lib/systemd/system/systemd-pcrlock@.service
service_unit,ubuntu:systemd:usr/lib/systemd/system/systemd-pcrmachine.service,tier_a_matching,NO_TIER_A_PARTNER,usr/lib/systemd/system/systemd-pcrmachine.service
service_unit,ubuntu:systemd:usr/lib/systemd/system/systemd-pcrnvdone.service,tier_a_matching,NO_TIER_A_PARTNER,usr/lib/systemd/system/systemd-pcrnvdone.service
service_unit,ubuntu:systemd:usr/lib/systemd/system/systemd-pcrphase-factory-reset.service,tier_a_matching,NO_TIER_A_PARTNER,usr/lib/systemd/system/systemd-pcrphase-factory-reset.service
service_unit,ubuntu:systemd:usr/lib/systemd/system/systemd-pcrphase-initrd.service,tier_a_matching,NO_TIER_A_PARTNER,usr/lib/systemd/system/systemd-pcrphase-initrd.service
service_unit,ubuntu:systemd:usr/lib/systemd/system/systemd-pcrphase-storage-target-mode.service,tier_a_matching,NO_TIER_A_PARTNER,usr/lib/systemd/system/systemd-pcrphase-storage-target-mode.service
service_unit,ubuntu:systemd:usr/lib/systemd/system/systemd-pcrphase-sysinit.service,tier_a_matching,NO_TIER_A_PARTNER,usr/lib/systemd/system/systemd-pcrphase-sysinit.service
service_unit,ubuntu:systemd:usr/lib/systemd/system/systemd-pcrphase.service,tier_a_matching,NO_TIER_A_PARTNER,usr/lib/systemd/system/systemd-pcrphase.service
service_unit,ubuntu:systemd:usr/lib/systemd/system/systemd-pcrproduct.service,tier_a_matching,NO_TIER_A_PARTNER,usr/lib/systemd/system/systemd-pcrproduct.service
service_unit,ubuntu:systemd:usr/lib/systemd/system/systemd-poweroff.service,tier_a_matching,NO_TIER_A_PARTNER,usr/lib/systemd/system/systemd-poweroff.service
service_unit,ubuntu:systemd:usr/lib/systemd/system/systemd-quotacheck@.service,tier_a_matching,NO_TIER_A_PARTNER,usr/lib/systemd/system/systemd-quotacheck@.service
service_unit,ubuntu:systemd:usr/lib/systemd/system/systemd-reboot.service,tier_a_matching,NO_TIER_A_PARTNER,usr/lib/systemd/system/systemd-reboot.service
service_unit,ubuntu:systemd:usr/lib/systemd/system/systemd-soft-reboot.service,tier_a_matching,NO_TIER_A_PARTNER,usr/lib/systemd/system/systemd-soft-reboot.service
service_unit,ubuntu:systemd:usr/lib/systemd/system/systemd-suspend-then-hibernate.service,tier_a_matching,NO_TIER_A_PARTNER,usr/lib/systemd/system/systemd-suspend-then-hibernate.service
service_unit,ubuntu:systemd:usr/lib/systemd/system/systemd-suspend.service,tier_a_matching,NO_TIER_A_PARTNER,usr/lib/systemd/system/systemd-suspend.service
service_unit,ubuntu:systemd:usr/lib/systemd/system/systemd-sysext-initrd.service,tier_a_matching,NO_TIER_A_PARTNER,usr/lib/systemd/system/systemd-sysext-initrd.service
service_unit,ubuntu:systemd:usr/lib/systemd/system/systemd-sysext.service,tier_a_matching,NO_TIER_A_PARTNER,usr/lib/systemd/system/systemd-sysext.service
service_unit,ubuntu:systemd:usr/lib/systemd/system/systemd-sysext@.service,tier_a_matching,NO_TIER_A_PARTNER,usr/lib/systemd/system/systemd-sysext@.service
service_unit,ubuntu:systemd:usr/lib/systemd/system/systemd-tmpfiles-clean.service,tier_a_matching,NO_TIER_A_PARTNER,usr/lib/systemd/system/systemd-tmpfiles-clean.service
service_unit,ubuntu:systemd:usr/lib/systemd/system/systemd-tmpfiles-setup-dev-early.service,tier_a_matching,NO_TIER_A_PARTNER,usr/lib/systemd/system/systemd-tmpfiles-setup-dev-early.service
service_unit,ubuntu:systemd:usr/lib/systemd/system/systemd-tmpfiles-setup-dev.service,tier_a_matching,NO_TIER_A_PARTNER,usr/lib/systemd/system/systemd-tmpfiles-setup-dev.service
service_unit,ubuntu:systemd:usr/lib/systemd/system/systemd-tmpfiles-setup.service,tier_a_matching,NO_TIER_A_PARTNER,usr/lib/systemd/system/systemd-tmpfiles-setup.service
service_unit,ubuntu:systemd:usr/lib/systemd/system/systemd-tpm2-setup-early.service,tier_a_matching,NO_TIER_A_PARTNER,usr/lib/systemd/system/systemd-tpm2-setup-early.service
service_unit,ubuntu:systemd:usr/lib/systemd/system/systemd-tpm2-setup.service,tier_a_matching,NO_TIER_A_PARTNER,usr/lib/systemd/system/systemd-tpm2-setup.service
service_unit,ubuntu:systemd:usr/lib/systemd/system/systemd-validatefs@.service,tier_a_matching,NO_TIER_A_PARTNER,usr/lib/systemd/system/systemd-validatefs@.service
service_unit,ubuntu:systemd:usr/lib/systemd/system/user-runtime-dir@.service,tier_a_matching,NO_TIER_A_PARTNER,usr/lib/systemd/system/user-runtime-dir@.service
service_unit,ubuntu:systemd:usr/lib/systemd/system/user@.service,tier_a_matching,NO_TIER_A_PARTNER,usr/lib/systemd/system/user@.service
service_unit,ubuntu:systemd:usr/lib/systemd/system/x11-common.service,tier_a_matching,MASKED_EFFECTIVE_UNIT,usr/lib/systemd/system/x11-common.service
service_unit,ubuntu:tang:usr/lib/systemd/system/tangd@.service,tier_a_matching,NO_TIER_A_PARTNER,usr/lib/systemd/system/tangd@.service
service_unit,ubuntu:tigervnc-standalone-server:usr/lib/systemd/system/tigervncserver@.service,tier_a_matching,NO_TIER_A_PARTNER,usr/lib/systemd/system/tigervncserver@.service
service_unit,ubuntu:tinc:usr/lib/systemd/system/tinc@.service,tier_a_matching,NO_TIER_A_PARTNER,usr/lib/systemd/system/tinc@.service
service_unit,ubuntu:tomcat10:usr/lib/systemd/system/tomcat10.service,tier_a_matching,NO_TIER_A_PARTNER,usr/lib/systemd/system/tomcat10.service
service_unit,ubuntu:tomcat11:usr/lib/systemd/system/tomcat11.service,tier_a_matching,NO_TIER_A_PARTNER,usr/lib/systemd/system/tomcat11.service
service_unit,ubuntu:tor:usr/lib/systemd/system/tor@.service,tier_a_matching,NO_TIER_A_PARTNER,usr/lib/systemd/system/tor@.service
service_unit,ubuntu:trojan:usr/lib/systemd/system/trojan@.service,tier_a_matching,NO_TIER_A_PARTNER,usr/lib/systemd/system/trojan@.service
service_unit,ubuntu:trousers:usr/lib/systemd/system/trousers.service,tier_a_matching,DUPLICATE_ALIAS,usr/lib/systemd/system/tcsd.service
service_unit,ubuntu:tuptime:usr/lib/systemd/system/tuptime-sync.service,tier_a_matching,NO_TIER_A_PARTNER,usr/lib/systemd/system/tuptime-sync.service
service_unit,ubuntu:tuptime:usr/lib/systemd/system/tuptime.service,tier_a_matching,NO_TIER_A_PARTNER,usr/lib/systemd/system/tuptime.service
service_unit,ubuntu:udev:usr/lib/systemd/system/sysinit.target.wants/systemd-hwdb-update.service,tier_a_matching,DUPLICATE_ALIAS,usr/lib/systemd/system/systemd-hwdb-update.service
service_unit,ubuntu:udev:usr/lib/systemd/system/sysinit.target.wants/systemd-udev-trigger.service,tier_a_matching,DUPLICATE_ALIAS,usr/lib/systemd/system/systemd-udev-trigger.service
service_unit,ubuntu:udev:usr/lib/systemd/system/sysinit.target.wants/systemd-udevd.service,tier_a_matching,DUPLICATE_ALIAS,usr/lib/systemd/system/systemd-udevd.service
service_unit,ubuntu:udev:usr/lib/systemd/system/systemd-udev-load-credentials.service,tier_a_matching,NO_TIER_A_PARTNER,usr/lib/systemd/system/systemd-udev-load-credentials.service
service_unit,ubuntu:udev:usr/lib/systemd/system/systemd-udev-settle.service,tier_a_matching,NO_TIER_A_PARTNER,usr/lib/systemd/system/systemd-udev-settle.service
service_unit,ubuntu:udev:usr/lib/systemd/system/systemd-udev-trigger.service,tier_a_matching,NO_TIER_A_PARTNER,usr/lib/systemd/system/systemd-udev-trigger.service
service_unit,ubuntu:usb-modeswitch:usr/lib/systemd/system/usb_modeswitch@.service,tier_a_matching,NO_TIER_A_PARTNER,usr/lib/systemd/system/usb_modeswitch@.service
service_unit,ubuntu:valkey-sentinel:usr/lib/systemd/system/valkey-sentinel@.service,tier_a_matching,NO_TIER_A_PARTNER,usr/lib/systemd/system/valkey-sentinel@.service
service_unit,ubuntu:valkey-server:usr/lib/systemd/system/valkey-server@.service,tier_a_matching,NO_TIER_A_PARTNER,usr/lib/systemd/system/valkey-server@.service
service_unit,ubuntu:voms-server:usr/lib/systemd/system/voms@.service,tier_a_matching,NO_TIER_A_PARTNER,usr/lib/systemd/system/voms@.service
service_unit,ubuntu:vpnc:usr/lib/systemd/system/vpnc@.service,tier_a_matching,NO_TIER_A_PARTNER,usr/lib/systemd/system/vpnc@.service
service_unit,ubuntu:wireguard-tools:usr/lib/systemd/system/wg-quick@.service,tier_a_matching,NO_TIER_A_PARTNER,usr/lib/systemd/system/wg-quick@.service
service_unit,ubuntu:wpasupplicant:usr/lib/systemd/system/wpa_supplicant-nl80211@.service,tier_a_matching,NO_TIER_A_PARTNER,usr/lib/systemd/system/wpa_supplicant-nl80211@.service
service_unit,ubuntu:wpasupplicant:usr/lib/systemd/system/wpa_supplicant-wired@.service,tier_a_matching,NO_TIER_A_PARTNER,usr/lib/systemd/system/wpa_supplicant-wired@.service
service_unit,ubuntu:wpasupplicant:usr/lib/systemd/system/wpa_supplicant@.service,tier_a_matching,NO_TIER_A_PARTNER,usr/lib/systemd/system/wpa_supplicant@.service
service_unit,ubuntu:wsdd-server:usr/lib/systemd/system/wsdd-server.service,tier_a_matching,NO_TIER_A_PARTNER,usr/lib/systemd/system/wsdd-server.service
service_unit,ubuntu:xfsprogs:usr/lib/systemd/system/xfs_scrub@.service,tier_a_matching,NO_TIER_A_PARTNER,usr/lib/systemd/system/xfs_scrub@.service
service_unit,ubuntu:xfsprogs:usr/lib/systemd/system/xfs_scrub_fail@.service,tier_a_matching,NO_TIER_A_PARTNER,usr/lib/systemd/system/xfs_scrub_fail@.service
service_unit,ubuntu:xfsprogs:usr/lib/systemd/system/xfs_scrub_media@.service,tier_a_matching,NO_TIER_A_PARTNER,usr/lib/systemd/system/xfs_scrub_media@.service
service_unit,ubuntu:xfsprogs:usr/lib/systemd/system/xfs_scrub_media_fail@.service,tier_a_matching,NO_TIER_A_PARTNER,usr/lib/systemd/system/xfs_scrub_media_fail@.service
service_unit,ubuntu:xrootd-server:usr/lib/systemd/system/cmsd@.service,tier_a_matching,NO_TIER_A_PARTNER,usr/lib/systemd/system/cmsd@.service
service_unit,ubuntu:xrootd-server:usr/lib/systemd/system/frm_purged@.service,tier_a_matching,NO_TIER_A_PARTNER,usr/lib/systemd/system/frm_purged@.service
service_unit,ubuntu:xrootd-server:usr/lib/systemd/system/frm_xfrd@.service,tier_a_matching,NO_TIER_A_PARTNER,usr/lib/systemd/system/frm_xfrd@.service
service_unit,ubuntu:xrootd-server:usr/lib/systemd/system/xrootd@.service,tier_a_matching,NO_TIER_A_PARTNER,usr/lib/systemd/system/xrootd@.service
service_unit,ubuntu:yggdrasil:usr/lib/systemd/system/yggdrasil.service,tier_a_matching,NO_TIER_A_PARTNER,usr/lib/systemd/system/yggdrasil.service
service_unit,ubuntu:zvbi:usr/lib/systemd/system/zvbi.service,tier_a_matching,MASKED_EFFECTIVE_UNIT,usr/lib/systemd/system/zvbi.service
upstream_artifact,arch:https://arthurdejong.org/nss-pam-ldapd::nslcd,upstream_recovery,U4_NO_UPSTREAM_UNIT,complete pristine orig-tar inventory contained no service unit or template
upstream_artifact,arch:https://certbot.eff.org::certbot,upstream_recovery,U4_NO_UPSTREAM_UNIT,complete pristine orig-tar inventory contained no service unit or template
upstream_artifact,arch:https://cloud-init.io::cloud-init,upstream_recovery,U5_AMBIGUOUS_OR_UNRESOLVED,"no unique upstream artifact; candidates=4, executable_candidates=4"
upstream_artifact,arch:https://code.forgejo.org/forgejo/runner::forgejo-runner,upstream_recovery,U5_AMBIGUOUS_OR_UNRESOLVED,pristine source unavailable
upstream_artifact,arch:https://deluge-torrent.org::deluge-web,upstream_recovery,U5_AMBIGUOUS_OR_UNRESOLVED,ambiguous exact artifacts=2
upstream_artifact,arch:https://deluge-torrent.org::deluged,upstream_recovery,U5_AMBIGUOUS_OR_UNRESOLVED,ambiguous exact artifacts=2
upstream_artifact,arch:https://etckeeper.branchable.com::daily,upstream_recovery,U5_AMBIGUOUS_OR_UNRESOLVED,pristine source unavailable
upstream_artifact,arch:https://forgejo.org::forgejo,upstream_recovery,U5_AMBIGUOUS_OR_UNRESOLVED,pristine source unavailable
upstream_artifact,arch:https://gdnsd.org::gdnsd,upstream_recovery,U4_NO_UPSTREAM_UNIT,complete pristine orig-tar inventory contained no service unit or template
upstream_artifact,arch:https://github.com/DNSCrypt/dnscrypt-proxy::dnscrypt-proxy,upstream_recovery,U4_NO_UPSTREAM_UNIT,complete pristine orig-tar inventory contained no service unit or template
upstream_artifact,arch:https://github.com/HewlettPackard/netperf::netserver,upstream_recovery,U4_NO_UPSTREAM_UNIT,complete pristine orig-tar inventory contained no service unit or template
upstream_artifact,arch:https://github.com/NetworkBlockDevice/nbd::nbd-server,upstream_recovery,U4_NO_UPSTREAM_UNIT,complete pristine orig-tar inventory contained no service unit or template
upstream_artifact,arch:https://github.com/OpenMandrivaSoftware/ossp::osspd,upstream_recovery,U4_NO_UPSTREAM_UNIT,complete pristine orig-tar inventory contained no service unit or template
upstream_artifact,arch:https://github.com/SuperQ/smokeping_prober::prometheus-smokeping-prober,upstream_recovery,U4_NO_UPSTREAM_UNIT,complete pristine orig-tar inventory contained no service unit or template
upstream_artifact,arch:https://github.com/adnanh/webhook::webhook,upstream_recovery,U4_NO_UPSTREAM_UNIT,complete pristine orig-tar inventory contained no service unit or template
upstream_artifact,arch:https://github.com/adnanh/webhook::webhook,upstream_recovery,U5_AMBIGUOUS_OR_UNRESOLVED,pristine source unavailable
upstream_artifact,arch:https://github.com/analogdevicesinc/libiio::iiod,upstream_recovery,U4_NO_UPSTREAM_UNIT,complete pristine orig-tar inventory contained no service unit or template
upstream_artifact,arch:https://github.com/ar-/incron::incrond,upstream_recovery,U5_AMBIGUOUS_OR_UNRESOLVED,pristine source unavailable
upstream_artifact,arch:https://github.com/bus1/dbus-broker::dbus-broker-launch,upstream_recovery,U5_AMBIGUOUS_OR_UNRESOLVED,ambiguous exact artifacts=2
upstream_artifact,arch:https://github.com/cronie-crond/cronie::crond,upstream_recovery,U4_NO_UPSTREAM_UNIT,complete pristine orig-tar inventory contained no service unit or template
upstream_artifact,arch:https://github.com/czerwonk/bird_exporter::prometheus-bird-exporter,upstream_recovery,U4_NO_UPSTREAM_UNIT,complete pristine orig-tar inventory contained no service unit or template
upstream_artifact,arch:https://github.com/dani-garcia/vaultwarden::vaultwarden,upstream_recovery,U4_NO_UPSTREAM_UNIT,complete pristine orig-tar inventory contained no service unit or template
upstream_artifact,arch:https://github.com/dani-garcia/vaultwarden::vaultwarden,upstream_recovery,U5_AMBIGUOUS_OR_UNRESOLVED,pristine source unavailable
upstream_artifact,arch:https://github.com/distcc/distcc::distccd,upstream_recovery,U4_NO_UPSTREAM_UNIT,complete pristine orig-tar inventory contained no service unit or template
upstream_artifact,arch:https://github.com/dlundquist/sniproxy::sniproxy,upstream_recovery,U4_NO_UPSTREAM_UNIT,complete pristine orig-tar inventory contained no service unit or template
upstream_artifact,arch:https://github.com/element-hq/synapse::python3,upstream_recovery,U5_AMBIGUOUS_OR_UNRESOLVED,"no unique upstream artifact; candidates=4, executable_candidates=0"
upstream_artifact,arch:https://github.com/ggml-org/llama.cpp::llama-server,upstream_recovery,U4_NO_UPSTREAM_UNIT,complete pristine orig-tar inventory contained no service unit or template
upstream_artifact,arch:https://github.com/jonnenauha/prometheus_varnish_exporter::prometheus-varnish-exporter,upstream_recovery,U5_AMBIGUOUS_OR_UNRESOLVED,pristine source unavailable
upstream_artifact,arch:https://github.com/oliver006/redis_exporter::prometheus-redis-exporter,upstream_recovery,U4_NO_UPSTREAM_UNIT,complete pristine orig-tar inventory contained no service unit or template
upstream_artifact,arch:https://github.com/ollama/ollama::ollama,upstream_recovery,U4_NO_UPSTREAM_UNIT,complete pristine orig-tar inventory contained no service unit or template
upstream_artifact,arch:https://github.com/pcherenkov/udpxy::udpxy,upstream_recovery,U4_NO_UPSTREAM_UNIT,complete pristine orig-tar inventory contained no service unit or template
upstream_artifact,arch:https://github.com/prometheus-community/elasticsearch_exporter::prometheus-elasticsearch-exporter,upstream_recovery,U4_NO_UPSTREAM_UNIT,complete pristine orig-tar inventory contained no service unit or template
upstream_artifact,arch:https://github.com/prometheus-community/postgres_exporter::prometheus-postgres-exporter,upstream_recovery,U4_NO_UPSTREAM_UNIT,complete pristine orig-tar inventory contained no service unit or template
upstream_artifact,arch:https://github.com/prometheus/blackbox_exporter::prometheus-blackbox-exporter,upstream_recovery,U4_NO_UPSTREAM_UNIT,complete pristine orig-tar inventory contained no service unit or template
upstream_artifact,arch:https://github.com/prometheus/mysqld_exporter::prometheus-mysqld-exporter,upstream_recovery,U4_NO_UPSTREAM_UNIT,complete pristine orig-tar inventory contained no service unit or template
upstream_artifact,arch:https://github.com/prometheus/node_exporter::prometheus-node-exporter,upstream_recovery,U5_AMBIGUOUS_OR_UNRESOLVED,"no unique upstream artifact; candidates=1, executable_candidates=0"
upstream_artifact,arch:https://github.com/prometheus/snmp_exporter::prometheus-snmp-exporter,upstream_recovery,U5_AMBIGUOUS_OR_UNRESOLVED,"no unique upstream artifact; candidates=1, executable_candidates=0"
upstream_artifact,arch:https://github.com/rpodgorny/uptimed::uptimed,upstream_recovery,U5_AMBIGUOUS_OR_UNRESOLVED,pristine source unavailable
upstream_artifact,arch:https://github.com/trojan-gfw/trojan::trojan,upstream_recovery,U4_NO_UPSTREAM_UNIT,complete pristine orig-tar inventory contained no service unit or template
upstream_artifact,arch:https://github.com/util-linux/util-linux::fstrim,upstream_recovery,U5_AMBIGUOUS_OR_UNRESOLVED,pristine source unavailable
upstream_artifact,arch:https://github.com/util-linux/util-linux::lastlog2,upstream_recovery,U5_AMBIGUOUS_OR_UNRESOLVED,pristine source unavailable
upstream_artifact,arch:https://github.com/util-linux/util-linux::uuidd,upstream_recovery,U5_AMBIGUOUS_OR_UNRESOLVED,pristine source unavailable
upstream_artifact,arch:https://github.com/v2fly/v2ray-core::v2ray,upstream_recovery,U5_AMBIGUOUS_OR_UNRESOLVED,ambiguous exact artifacts=2
upstream_artifact,arch:https://github.com/v2fly/v2ray-core::v2ray,upstream_recovery,U5_AMBIGUOUS_OR_UNRESOLVED,pristine source unavailable
upstream_artifact,arch:https://github.com/vmware/open-vm-tools::vmtoolsd,upstream_recovery,U4_NO_UPSTREAM_UNIT,complete pristine orig-tar inventory contained no service unit or template
upstream_artifact,arch:https://gitlab.com/amavis/amavis::amavisd,upstream_recovery,U4_NO_UPSTREAM_UNIT,complete pristine orig-tar inventory contained no service unit or template
upstream_artifact,arch:https://gitlab.com/amavis/amavis::amavisd,upstream_recovery,U5_AMBIGUOUS_OR_UNRESOLVED,pristine source unavailable
upstream_artifact,arch:https://humdi.net/vnstat::vnstatd,upstream_recovery,U5_AMBIGUOUS_OR_UNRESOLVED,ambiguous exact artifacts=2
upstream_artifact,arch:https://humdi.net/vnstat::vnstatd,upstream_recovery,U5_AMBIGUOUS_OR_UNRESOLVED,pristine source unavailable
upstream_artifact,arch:https://i2pd.website::i2pd,upstream_recovery,U5_AMBIGUOUS_OR_UNRESOLVED,ambiguous exact artifacts=3
upstream_artifact,arch:https://kea.isc.org::kea-ctrl-agent,upstream_recovery,U4_NO_UPSTREAM_UNIT,complete pristine orig-tar inventory contained no service unit or template
upstream_artifact,arch:https://kea.isc.org::kea-dhcp-ddns,upstream_recovery,U4_NO_UPSTREAM_UNIT,complete pristine orig-tar inventory contained no service unit or template
upstream_artifact,arch:https://kea.isc.org::kea-dhcp4,upstream_recovery,U4_NO_UPSTREAM_UNIT,complete pristine orig-tar inventory contained no service unit or template
upstream_artifact,arch:https://kea.isc.org::kea-dhcp6,upstream_recovery,U4_NO_UPSTREAM_UNIT,complete pristine orig-tar inventory contained no service unit or template
upstream_artifact,arch:https://launchpad.net/ufw::ufw-init,upstream_recovery,U5_AMBIGUOUS_OR_UNRESOLVED,pristine source unavailable
upstream_artifact,arch:https://libvirt.org::virtchd,upstream_recovery,U5_AMBIGUOUS_OR_UNRESOLVED,"no unique upstream artifact; candidates=6, executable_candidates=0"
upstream_artifact,arch:https://libvirt.org::virtinterfaced,upstream_recovery,U5_AMBIGUOUS_OR_UNRESOLVED,"no unique upstream artifact; candidates=6, executable_candidates=0"
upstream_artifact,arch:https://libvirt.org::virtnetworkd,upstream_recovery,U5_AMBIGUOUS_OR_UNRESOLVED,"no unique upstream artifact; candidates=6, executable_candidates=0"
upstream_artifact,arch:https://libvirt.org::virtnodedevd,upstream_recovery,U5_AMBIGUOUS_OR_UNRESOLVED,"no unique upstream artifact; candidates=6, executable_candidates=0"
upstream_artifact,arch:https://libvirt.org::virtnwfilterd,upstream_recovery,U5_AMBIGUOUS_OR_UNRESOLVED,"no unique upstream artifact; candidates=6, executable_candidates=0"
upstream_artifact,arch:https://libvirt.org::virtproxyd,upstream_recovery,U5_AMBIGUOUS_OR_UNRESOLVED,"no unique upstream artifact; candidates=6, executable_candidates=0"
upstream_artifact,arch:https://libvirt.org::virtstoraged,upstream_recovery,U5_AMBIGUOUS_OR_UNRESOLVED,"no unique upstream artifact; candidates=6, executable_candidates=0"
upstream_artifact,arch:https://linuxcontainers.org/incus::incus-user,upstream_recovery,U5_AMBIGUOUS_OR_UNRESOLVED,"no unique upstream artifact; candidates=1, executable_candidates=0"
upstream_artifact,arch:https://metalog.sourceforge.net::metalog,upstream_recovery,U4_NO_UPSTREAM_UNIT,complete pristine orig-tar inventory contained no service unit or template
upstream_artifact,arch:https://miniupnp.tuxfamily.org::miniupnpd,upstream_recovery,U5_AMBIGUOUS_OR_UNRESOLVED,"no unique upstream artifact; candidates=2, executable_candidates=2"
upstream_artifact,arch:https://mmonit.com/monit::monit,upstream_recovery,U5_AMBIGUOUS_OR_UNRESOLVED,ambiguous exact artifacts=2
upstream_artifact,arch:https://mosquitto.org::mosquitto,upstream_recovery,U4_NO_UPSTREAM_UNIT,complete pristine orig-tar inventory contained no service unit or template
upstream_artifact,arch:https://munin-monitoring.org::munin-asyncd,upstream_recovery,U4_NO_UPSTREAM_UNIT,complete pristine orig-tar inventory contained no service unit or template
upstream_artifact,arch:https://munin-monitoring.org::munin-cgi-graph,upstream_recovery,U4_NO_UPSTREAM_UNIT,complete pristine orig-tar inventory contained no service unit or template
upstream_artifact,arch:https://munin-monitoring.org::munin-cgi-html,upstream_recovery,U4_NO_UPSTREAM_UNIT,complete pristine orig-tar inventory contained no service unit or template
upstream_artifact,arch:https://munin-monitoring.org::munin-node,upstream_recovery,U4_NO_UPSTREAM_UNIT,complete pristine orig-tar inventory contained no service unit or template
upstream_artifact,arch:https://netfilter.org/projects/nftables::nft,upstream_recovery,U5_AMBIGUOUS_OR_UNRESOLVED,pristine source unavailable
upstream_artifact,arch:https://oss.oetiker.ch/smokeping::smokeping,upstream_recovery,U4_NO_UPSTREAM_UNIT,complete pristine orig-tar inventory contained no service unit or template
upstream_artifact,arch:https://poptop.sourceforge.net::pptpd,upstream_recovery,U4_NO_UPSTREAM_UNIT,complete pristine orig-tar inventory contained no service unit or template
upstream_artifact,arch:https://postfwd.org::postfwd,upstream_recovery,U5_AMBIGUOUS_OR_UNRESOLVED,pristine source unavailable
upstream_artifact,arch:https://postgrey.schweikert.ch::postgrey,upstream_recovery,U4_NO_UPSTREAM_UNIT,complete pristine orig-tar inventory contained no service unit or template
upstream_artifact,arch:https://prometheus.io::prometheus,upstream_recovery,U4_NO_UPSTREAM_UNIT,complete pristine orig-tar inventory contained no service unit or template
upstream_artifact,arch:https://prosody.im::prosody,upstream_recovery,U4_NO_UPSTREAM_UNIT,complete pristine orig-tar inventory contained no service unit or template
upstream_artifact,arch:https://quassel-irc.org::quasselcore,upstream_recovery,U4_NO_UPSTREAM_UNIT,complete pristine orig-tar inventory contained no service unit or template
upstream_artifact,arch:https://quassel-irc.org::quasselcore,upstream_recovery,U5_AMBIGUOUS_OR_UNRESOLVED,pristine source unavailable
upstream_artifact,arch:https://radicale.org::radicale,upstream_recovery,U4_NO_UPSTREAM_UNIT,complete pristine orig-tar inventory contained no service unit or template
upstream_artifact,arch:https://roy.marples.name/projects/dhcpcd::dhcpcd,upstream_recovery,U4_NO_UPSTREAM_UNIT,complete pristine orig-tar inventory contained no service unit or template
upstream_artifact,arch:https://rsync.samba.org::rsync,upstream_recovery,U5_AMBIGUOUS_OR_UNRESOLVED,"no unique upstream artifact; candidates=2, executable_candidates=2"
upstream_artifact,arch:https://rsync.samba.org::upstream-unit::packaging/systemd/rsync.service,upstream_recovery,U5_AMBIGUOUS_OR_UNRESOLVED,"no unique upstream artifact; candidates=2, executable_candidates=2"
upstream_artifact,arch:https://savannah.nongnu.org/projects/hddtemp::hddtemp,upstream_recovery,U5_AMBIGUOUS_OR_UNRESOLVED,pristine source unavailable
upstream_artifact,arch:https://security.appspot.com/vsftpd.html::vsftpd,upstream_recovery,U4_NO_UPSTREAM_UNIT,complete pristine orig-tar inventory contained no service unit or template
upstream_artifact,arch:https://security.appspot.com/vsftpd.html::vsftpd,upstream_recovery,U5_AMBIGUOUS_OR_UNRESOLVED,pristine source unavailable
upstream_artifact,arch:https://snapper.io::snapper,upstream_recovery,U5_AMBIGUOUS_OR_UNRESOLVED,"no unique upstream artifact; candidates=6, executable_candidates=5"
upstream_artifact,arch:https://snapper.io::upstream-unit::data/boot.service,upstream_recovery,U5_AMBIGUOUS_OR_UNRESOLVED,"no unique upstream artifact; candidates=6, executable_candidates=5"
upstream_artifact,arch:https://snapper.io::upstream-unit::data/cleanup.service,upstream_recovery,U5_AMBIGUOUS_OR_UNRESOLVED,"no unique upstream artifact; candidates=6, executable_candidates=2"
upstream_artifact,arch:https://snapper.io::upstream-unit::data/timeline.service,upstream_recovery,U5_AMBIGUOUS_OR_UNRESOLVED,"no unique upstream artifact; candidates=6, executable_candidates=2"
upstream_artifact,arch:https://soju.im::soju,upstream_recovery,U5_AMBIGUOUS_OR_UNRESOLVED,pristine source unavailable
upstream_artifact,arch:https://sourceforge.net/projects/acpid2::acpid,upstream_recovery,U4_NO_UPSTREAM_UNIT,complete pristine orig-tar inventory contained no service unit or template
upstream_artifact,arch:https://sourceforge.net/projects/dict::dictd,upstream_recovery,U4_NO_UPSTREAM_UNIT,complete pristine orig-tar inventory contained no service unit or template
upstream_artifact,arch:https://sourceforge.net/projects/minidlna::minidlnad,upstream_recovery,U5_AMBIGUOUS_OR_UNRESOLVED,pristine source unavailable
upstream_artifact,arch:https://sourceware.org/lvm2::true,upstream_recovery,U5_AMBIGUOUS_OR_UNRESOLVED,"no unique upstream artifact; candidates=11, executable_candidates=2"
upstream_artifact,arch:https://spamassassin.apache.org::spamd,upstream_recovery,U4_NO_UPSTREAM_UNIT,complete pristine orig-tar inventory contained no service unit or template
upstream_artifact,arch:https://subversion.apache.org::svnserve,upstream_recovery,U4_NO_UPSTREAM_UNIT,complete pristine orig-tar inventory contained no service unit or template
upstream_artifact,arch:https://subversion.apache.org::svnserve,upstream_recovery,U5_AMBIGUOUS_OR_UNRESOLVED,pristine source unavailable
upstream_artifact,arch:https://supervisord.org::supervisord,upstream_recovery,U4_NO_UPSTREAM_UNIT,complete pristine orig-tar inventory contained no service unit or template
upstream_artifact,arch:https://tinyproxy.github.io::tinyproxy,upstream_recovery,U4_NO_UPSTREAM_UNIT,complete pristine orig-tar inventory contained no service unit or template
upstream_artifact,arch:https://torsion.org/borgmatic::systemd-inhibit,upstream_recovery,U5_AMBIGUOUS_OR_UNRESOLVED,pristine source unavailable
upstream_artifact,arch:https://unix4lyfe.org/darkstat::darkstat,upstream_recovery,U4_NO_UPSTREAM_UNIT,complete pristine orig-tar inventory contained no service unit or template
upstream_artifact,arch:https://upower.freedesktop.org::upowerd,upstream_recovery,U5_AMBIGUOUS_OR_UNRESOLVED,pristine source unavailable
upstream_artifact,arch:https://valkey.io::valkey-sentinel,upstream_recovery,U5_AMBIGUOUS_OR_UNRESOLVED,"no unique upstream artifact; candidates=2, executable_candidates=0"
upstream_artifact,arch:https://valkey.io::valkey-sentinel,upstream_recovery,U5_AMBIGUOUS_OR_UNRESOLVED,pristine source unavailable
upstream_artifact,arch:https://valkey.io::valkey-server,upstream_recovery,U5_AMBIGUOUS_OR_UNRESOLVED,"no unique upstream artifact; candidates=2, executable_candidates=2"
upstream_artifact,arch:https://valkey.io::valkey-server,upstream_recovery,U5_AMBIGUOUS_OR_UNRESOLVED,pristine source unavailable
upstream_artifact,arch:https://w1.fi/hostapd::hostapd,upstream_recovery,U5_AMBIGUOUS_OR_UNRESOLVED,pristine source unavailable
upstream_artifact,arch:https://w1.fi/wpa_supplicant::wpa_supplicant,upstream_recovery,U5_AMBIGUOUS_OR_UNRESOLVED,pristine source unavailable
upstream_artifact,arch:https://web.mit.edu/kerberos::kadmind,upstream_recovery,U4_NO_UPSTREAM_UNIT,complete pristine orig-tar inventory contained no service unit or template
upstream_artifact,arch:https://web.mit.edu/kerberos::kpropd,upstream_recovery,U4_NO_UPSTREAM_UNIT,complete pristine orig-tar inventory contained no service unit or template
upstream_artifact,arch:https://web.mit.edu/kerberos::krb5kdc,upstream_recovery,U4_NO_UPSTREAM_UNIT,complete pristine orig-tar inventory contained no service unit or template
upstream_artifact,arch:https://www.apcupsd.org::apcupsd,upstream_recovery,U4_NO_UPSTREAM_UNIT,complete pristine orig-tar inventory contained no service unit or template
upstream_artifact,arch:https://www.cipherdyne.org/fwknop::fwknopd,upstream_recovery,U5_AMBIGUOUS_OR_UNRESOLVED,pristine source unavailable
upstream_artifact,arch:https://www.cyrusimap.org/sasl::saslauthd,upstream_recovery,U4_NO_UPSTREAM_UNIT,complete pristine orig-tar inventory contained no service unit or template
upstream_artifact,arch:https://www.exim.org::exim,upstream_recovery,U4_NO_UPSTREAM_UNIT,complete pristine orig-tar inventory contained no service unit or template
upstream_artifact,arch:https://www.exim.org::exim,upstream_recovery,U5_AMBIGUOUS_OR_UNRESOLVED,pristine source unavailable
upstream_artifact,arch:https://www.freedesktop.org/wiki/Software/dbus::dbus-daemon,upstream_recovery,U5_AMBIGUOUS_OR_UNRESOLVED,ambiguous exact artifacts=2
upstream_artifact,arch:https://www.gnu.org/software/freeipmi::bmc-watchdog,upstream_recovery,U5_AMBIGUOUS_OR_UNRESOLVED,ambiguous exact artifacts=2
upstream_artifact,arch:https://www.gnu.org/software/freeipmi::ipmidetectd,upstream_recovery,U5_AMBIGUOUS_OR_UNRESOLVED,ambiguous exact artifacts=2
upstream_artifact,arch:https://www.gnu.org/software/freeipmi::ipmiseld,upstream_recovery,U5_AMBIGUOUS_OR_UNRESOLVED,ambiguous exact artifacts=2
upstream_artifact,arch:https://www.haproxy.org::haproxy,upstream_recovery,U5_AMBIGUOUS_OR_UNRESOLVED,pristine source unavailable
upstream_artifact,arch:https://www.kernel.org::hv_kvp_daemon,upstream_recovery,U5_AMBIGUOUS_OR_UNRESOLVED,"no unique upstream artifact; candidates=2, executable_candidates=0"
upstream_artifact,arch:https://www.kernel.org::hv_vss_daemon,upstream_recovery,U5_AMBIGUOUS_OR_UNRESOLVED,"no unique upstream artifact; candidates=2, executable_candidates=0"
upstream_artifact,arch:https://www.kernel.org::usbipd,upstream_recovery,U5_AMBIGUOUS_OR_UNRESOLVED,"no unique upstream artifact; candidates=2, executable_candidates=0"
upstream_artifact,arch:https://www.knot-dns.cz::knotd,upstream_recovery,U5_AMBIGUOUS_OR_UNRESOLVED,ambiguous exact artifacts=3
upstream_artifact,arch:https://www.lighttpd.net::upstream-unit::doc/systemd/lighttpd.service,upstream_recovery,U5_AMBIGUOUS_OR_UNRESOLVED,ambiguous exact artifacts=2
upstream_artifact,arch:https://www.lirc.org::irexec,upstream_recovery,U5_AMBIGUOUS_OR_UNRESOLVED,pristine source unavailable
upstream_artifact,arch:https://www.lirc.org::lircd,upstream_recovery,U5_AMBIGUOUS_OR_UNRESOLVED,pristine source unavailable
upstream_artifact,arch:https://www.lirc.org::lircd-setup,upstream_recovery,U5_AMBIGUOUS_OR_UNRESOLVED,pristine source unavailable
upstream_artifact,arch:https://www.lirc.org::lircd-uinput,upstream_recovery,U5_AMBIGUOUS_OR_UNRESOLVED,pristine source unavailable
upstream_artifact,arch:https://www.lirc.org::lircmd,upstream_recovery,U5_AMBIGUOUS_OR_UNRESOLVED,pristine source unavailable
upstream_artifact,arch:https://www.litech.org/radvd::radvd,upstream_recovery,U5_AMBIGUOUS_OR_UNRESOLVED,ambiguous exact artifacts=2
upstream_artifact,arch:https://www.musicpd.org/clients/mpdscribble::mpdscribble,upstream_recovery,U5_AMBIGUOUS_OR_UNRESOLVED,ambiguous exact artifacts=2
upstream_artifact,arch:https://www.musicpd.org::mpd,upstream_recovery,U5_AMBIGUOUS_OR_UNRESOLVED,ambiguous exact artifacts=2
upstream_artifact,arch:https://www.netfilter.org/projects/ulogd::ulogd,upstream_recovery,U4_NO_UPSTREAM_UNIT,complete pristine orig-tar inventory contained no service unit or template
upstream_artifact,arch:https://www.netfilter.org/projects/ulogd::ulogd,upstream_recovery,U5_AMBIGUOUS_OR_UNRESOLVED,pristine source unavailable
upstream_artifact,arch:https://www.nico.schottelius.org/software/gpm::gpm,upstream_recovery,U5_AMBIGUOUS_OR_UNRESOLVED,pristine source unavailable
upstream_artifact,arch:https://www.open-iscsi.com::iscsid,upstream_recovery,U4_NO_UPSTREAM_UNIT,complete pristine orig-tar inventory contained no service unit or template
upstream_artifact,arch:https://www.open-iscsi.com::iscsiuio,upstream_recovery,U4_NO_UPSTREAM_UNIT,complete pristine orig-tar inventory contained no service unit or template
upstream_artifact,arch:https://www.opendkim.org::opendkim,upstream_recovery,U5_AMBIGUOUS_OR_UNRESOLVED,pristine source unavailable
upstream_artifact,arch:https://www.openntpd.org::ntpd,upstream_recovery,U4_NO_UPSTREAM_UNIT,complete pristine orig-tar inventory contained no service unit or template
upstream_artifact,arch:https://www.opensmtpd.org::smtpd,upstream_recovery,U4_NO_UPSTREAM_UNIT,complete pristine orig-tar inventory contained no service unit or template
upstream_artifact,arch:https://www.openssh.com/portable.html::sshd,upstream_recovery,U4_NO_UPSTREAM_UNIT,complete pristine orig-tar inventory contained no service unit or template
upstream_artifact,arch:https://www.partimage.org::partimaged,upstream_recovery,U4_NO_UPSTREAM_UNIT,complete pristine orig-tar inventory contained no service unit or template
upstream_artifact,arch:https://www.partimage.org::partimaged,upstream_recovery,U5_AMBIGUOUS_OR_UNRESOLVED,pristine source unavailable
upstream_artifact,arch:https://www.postfix.org::postfix,upstream_recovery,U4_NO_UPSTREAM_UNIT,complete pristine orig-tar inventory contained no service unit or template
upstream_artifact,arch:https://www.powerdns.com::ixfrdist,upstream_recovery,U5_AMBIGUOUS_OR_UNRESOLVED,pristine source unavailable
upstream_artifact,arch:https://www.powerdns.com::pdns_server,upstream_recovery,U5_AMBIGUOUS_OR_UNRESOLVED,pristine source unavailable
upstream_artifact,arch:https://www.strongswan.org::charon-systemd,upstream_recovery,U5_AMBIGUOUS_OR_UNRESOLVED,pristine source unavailable
upstream_artifact,arch:https://www.strongswan.org::ipsec,upstream_recovery,U5_AMBIGUOUS_OR_UNRESOLVED,pristine source unavailable
upstream_artifact,arch:https://www.unrealircd.org::unrealircd,upstream_recovery,U5_AMBIGUOUS_OR_UNRESOLVED,pristine source unavailable
upstream_artifact,arch:https://www.wesnoth.org::wesnothd,upstream_recovery,U5_AMBIGUOUS_OR_UNRESOLVED,pristine source unavailable
upstream_artifact,arch:https://www.zabbix.com::zabbix_agentd,upstream_recovery,U5_AMBIGUOUS_OR_UNRESOLVED,pristine source unavailable
upstream_artifact,arch:https://xfs.wiki.kernel.org::xfs_healer_start,upstream_recovery,U5_AMBIGUOUS_OR_UNRESOLVED,pristine source unavailable
upstream_artifact,arch:https://xfs.wiki.kernel.org::xfs_scrub_all,upstream_recovery,U5_AMBIGUOUS_OR_UNRESOLVED,pristine source unavailable
upstream_artifact,arch:https://xfs.wiki.kernel.org::xfs_scrub_fail,upstream_recovery,U5_AMBIGUOUS_OR_UNRESOLVED,pristine source unavailable
upstream_artifact,arch:https://zeroc.com::glacier2router,upstream_recovery,U5_AMBIGUOUS_OR_UNRESOLVED,pristine source unavailable
upstream_artifact,arch:https://zeroc.com::icegridnode,upstream_recovery,U5_AMBIGUOUS_OR_UNRESOLVED,pristine source unavailable
upstream_artifact,arch:https://zeroc.com::icegridregistry,upstream_recovery,U5_AMBIGUOUS_OR_UNRESOLVED,pristine source unavailable
upstream_artifact,debian:https://arthurdejong.org/nss-pam-ldapd::nslcd,upstream_recovery,U4_NO_UPSTREAM_UNIT,complete pristine orig-tar inventory contained no service unit or template
upstream_artifact,debian:https://c-icap.sourceforge.net::c-icap,upstream_recovery,U4_NO_UPSTREAM_UNIT,complete pristine orig-tar inventory contained no service unit or template
upstream_artifact,debian:https://ceph.com::ceph-mon,upstream_recovery,U5_AMBIGUOUS_OR_UNRESOLVED,"no unique upstream artifact; candidates=14, executable_candidates=2"
upstream_artifact,debian:https://conntrack-tools.netfilter.org::conntrackd,upstream_recovery,U4_NO_UPSTREAM_UNIT,complete pristine orig-tar inventory contained no service unit or template
upstream_artifact,debian:https://crossfire.real-time.com::crossfire-server,upstream_recovery,U4_NO_UPSTREAM_UNIT,complete pristine orig-tar inventory contained no service unit or template
upstream_artifact,debian:https://dnsdist.org::dnsdist,upstream_recovery,U5_AMBIGUOUS_OR_UNRESOLVED,pristine source unavailable
upstream_artifact,debian:https://ee.lbl.gov::true,upstream_recovery,U4_NO_UPSTREAM_UNIT,complete pristine orig-tar inventory contained no service unit or template
upstream_artifact,debian:https://fastnetmon.com::fastnetmon,upstream_recovery,U5_AMBIGUOUS_OR_UNRESOLVED,ambiguous exact artifacts=2
upstream_artifact,debian:https://fastnetmon.com::upstream-unit::src/packaging/fedora/fastnetmon.service,upstream_recovery,U5_AMBIGUOUS_OR_UNRESOLVED,ambiguous exact artifacts=2
upstream_artifact,debian:https://gdnsd.org::gdnsd,upstream_recovery,U4_NO_UPSTREAM_UNIT,complete pristine orig-tar inventory contained no service unit or template
upstream_artifact,debian:https://gerbera.io::gerbera,upstream_recovery,U4_NO_UPSTREAM_UNIT,complete pristine orig-tar inventory contained no service unit or template
upstream_artifact,debian:https://github.com/COVESA/dlt-daemon::dlt-daemon,upstream_recovery,U4_NO_UPSTREAM_UNIT,complete pristine orig-tar inventory contained no service unit or template
upstream_artifact,debian:https://github.com/COVESA/dlt-daemon::dlt-dbus,upstream_recovery,U4_NO_UPSTREAM_UNIT,complete pristine orig-tar inventory contained no service unit or template
upstream_artifact,debian:https://github.com/COVESA/dlt-daemon::dlt-system,upstream_recovery,U4_NO_UPSTREAM_UNIT,complete pristine orig-tar inventory contained no service unit or template
upstream_artifact,debian:https://github.com/ClusterLabs/booth::true,upstream_recovery,U5_AMBIGUOUS_OR_UNRESOLVED,"no unique upstream artifact; candidates=2, executable_candidates=0"
upstream_artifact,debian:https://github.com/DNSCrypt/dnscrypt-proxy::dnscrypt-proxy,upstream_recovery,U4_NO_UPSTREAM_UNIT,complete pristine orig-tar inventory contained no service unit or template
upstream_artifact,debian:https://github.com/DNSCrypt/dnscrypt-proxy::sh,upstream_recovery,U4_NO_UPSTREAM_UNIT,complete pristine orig-tar inventory contained no service unit or template
upstream_artifact,debian:https://github.com/HewlettPackard/netperf::netserver,upstream_recovery,U4_NO_UPSTREAM_UNIT,complete pristine orig-tar inventory contained no service unit or template
upstream_artifact,debian:https://github.com/OpenMandrivaSoftware/ossp::osspd,upstream_recovery,U4_NO_UPSTREAM_UNIT,complete pristine orig-tar inventory contained no service unit or template
upstream_artifact,debian:https://github.com/SuperQ/smokeping_prober::prometheus-smokeping-prober,upstream_recovery,U4_NO_UPSTREAM_UNIT,complete pristine orig-tar inventory contained no service unit or template
upstream_artifact,debian:https://github.com/adnanh/webhook::webhook,upstream_recovery,U4_NO_UPSTREAM_UNIT,complete pristine orig-tar inventory contained no service unit or template
upstream_artifact,debian:https://github.com/analogdevicesinc/libiio::iiod,upstream_recovery,U4_NO_UPSTREAM_UNIT,complete pristine orig-tar inventory contained no service unit or template
upstream_artifact,debian:https://github.com/ar-/incron::incrond,upstream_recovery,U4_NO_UPSTREAM_UNIT,complete pristine orig-tar inventory contained no service unit or template
upstream_artifact,debian:https://github.com/bus1/dbus-broker::dbus-broker-launch,upstream_recovery,U5_AMBIGUOUS_OR_UNRESOLVED,ambiguous exact artifacts=2
upstream_artifact,debian:https://github.com/cronie-crond/cronie::crond,upstream_recovery,U4_NO_UPSTREAM_UNIT,complete pristine orig-tar inventory contained no service unit or template
upstream_artifact,debian:https://github.com/czerwonk/bird_exporter::prometheus-bird-exporter,upstream_recovery,U4_NO_UPSTREAM_UNIT,complete pristine orig-tar inventory contained no service unit or template
upstream_artifact,debian:https://github.com/dlundquist/sniproxy::sniproxy,upstream_recovery,U4_NO_UPSTREAM_UNIT,complete pristine orig-tar inventory contained no service unit or template
upstream_artifact,debian:https://github.com/gridcf/gct::globus-gridftp-server,upstream_recovery,U4_NO_UPSTREAM_UNIT,complete pristine orig-tar inventory contained no service unit or template
upstream_artifact,debian:https://github.com/jonnenauha/prometheus_varnish_exporter::prometheus-varnish-exporter,upstream_recovery,U4_NO_UPSTREAM_UNIT,complete pristine orig-tar inventory contained no service unit or template
upstream_artifact,debian:https://github.com/ksmtuned/ksmtuned::ksmctl,upstream_recovery,U5_AMBIGUOUS_OR_UNRESOLVED,pristine source unavailable
upstream_artifact,debian:https://github.com/ksmtuned/ksmtuned::ksmtuned,upstream_recovery,U5_AMBIGUOUS_OR_UNRESOLVED,pristine source unavailable
upstream_artifact,debian:https://github.com/linux-msm/qbootctl::qbootctl,upstream_recovery,U4_NO_UPSTREAM_UNIT,complete pristine orig-tar inventory contained no service unit or template
upstream_artifact,debian:https://github.com/linux-rdma/opensm::sh,upstream_recovery,U4_NO_UPSTREAM_UNIT,complete pristine orig-tar inventory contained no service unit or template
upstream_artifact,debian:https://github.com/nfs-ganesha/nfs-ganesha::bash,upstream_recovery,U4_NO_UPSTREAM_UNIT,complete pristine orig-tar inventory contained no service unit or template
upstream_artifact,debian:https://github.com/nfs-ganesha/nfs-ganesha::nfs-ganesha-config.sh,upstream_recovery,U4_NO_UPSTREAM_UNIT,complete pristine orig-tar inventory contained no service unit or template
upstream_artifact,debian:https://github.com/oliver006/redis_exporter::prometheus-redis-exporter,upstream_recovery,U4_NO_UPSTREAM_UNIT,complete pristine orig-tar inventory contained no service unit or template
upstream_artifact,debian:https://github.com/open-iscsi/open-isns::isnsdd,upstream_recovery,U5_AMBIGUOUS_OR_UNRESOLVED,"no unique upstream artifact; candidates=1, executable_candidates=0"
upstream_artifact,debian:https://github.com/prometheus-community/elasticsearch_exporter::prometheus-elasticsearch-exporter,upstream_recovery,U4_NO_UPSTREAM_UNIT,complete pristine orig-tar inventory contained no service unit or template
upstream_artifact,debian:https://github.com/prometheus-community/postgres_exporter::prometheus-postgres-exporter,upstream_recovery,U4_NO_UPSTREAM_UNIT,complete pristine orig-tar inventory contained no service unit or template
upstream_artifact,debian:https://github.com/prometheus/blackbox_exporter::prometheus-blackbox-exporter,upstream_recovery,U4_NO_UPSTREAM_UNIT,complete pristine orig-tar inventory contained no service unit or template
upstream_artifact,debian:https://github.com/prometheus/mysqld_exporter::prometheus-mysqld-exporter,upstream_recovery,U4_NO_UPSTREAM_UNIT,complete pristine orig-tar inventory contained no service unit or template
upstream_artifact,debian:https://github.com/prometheus/node_exporter::prometheus-node-exporter,upstream_recovery,U5_AMBIGUOUS_OR_UNRESOLVED,"no unique upstream artifact; candidates=1, executable_candidates=0"
upstream_artifact,debian:https://github.com/prometheus/snmp_exporter::prometheus-snmp-exporter,upstream_recovery,U5_AMBIGUOUS_OR_UNRESOLVED,"no unique upstream artifact; candidates=1, executable_candidates=0"
upstream_artifact,debian:https://github.com/trojan-gfw/trojan::trojan,upstream_recovery,U4_NO_UPSTREAM_UNIT,complete pristine orig-tar inventory contained no service unit or template
upstream_artifact,debian:https://github.com/v2fly/v2ray-core::v2ray,upstream_recovery,U5_AMBIGUOUS_OR_UNRESOLVED,ambiguous exact artifacts=2
upstream_artifact,debian:https://github.com/vmatare/thinkfan::thinkfan,upstream_recovery,U5_AMBIGUOUS_OR_UNRESOLVED,"no unique upstream artifact; candidates=2, executable_candidates=2"
upstream_artifact,debian:https://github.com/vmware/open-vm-tools::VGAuthService,upstream_recovery,U4_NO_UPSTREAM_UNIT,complete pristine orig-tar inventory contained no service unit or template
upstream_artifact,debian:https://github.com/vmware/open-vm-tools::vmtoolsd,upstream_recovery,U4_NO_UPSTREAM_UNIT,complete pristine orig-tar inventory contained no service unit or template
upstream_artifact,debian:https://gitlab.freedesktop.org/bolt/bolt::boltd,upstream_recovery,U5_AMBIGUOUS_OR_UNRESOLVED,pristine source unavailable
upstream_artifact,debian:https://gitlab.freedesktop.org/hadess/iio-sensor-proxy::iio-sensor-proxy,upstream_recovery,U5_AMBIGUOUS_OR_UNRESOLVED,pristine source unavailable
upstream_artifact,debian:https://gitlab.freedesktop.org/hadess/switcheroo-control::switcheroo-control,upstream_recovery,U5_AMBIGUOUS_OR_UNRESOLVED,pristine source unavailable
upstream_artifact,debian:https://gitlab.freedesktop.org/upower/power-profiles-daemon::power-profiles-daemon,upstream_recovery,U5_AMBIGUOUS_OR_UNRESOLVED,pristine source unavailable
upstream_artifact,debian:https://hcpnet.free.fr/milter-greylist::milter-greylist,upstream_recovery,U4_NO_UPSTREAM_UNIT,complete pristine orig-tar inventory contained no service unit or template
upstream_artifact,debian:https://hitch-tls.org::hitch,upstream_recovery,U4_NO_UPSTREAM_UNIT,complete pristine orig-tar inventory contained no service unit or template
upstream_artifact,debian:https://httpd.apache.org::apachectl,upstream_recovery,U4_NO_UPSTREAM_UNIT,complete pristine orig-tar inventory contained no service unit or template
upstream_artifact,debian:https://httpd.apache.org::htcacheclean,upstream_recovery,U4_NO_UPSTREAM_UNIT,complete pristine orig-tar inventory contained no service unit or template
upstream_artifact,debian:https://humdi.net/vnstat::vnstatd,upstream_recovery,U5_AMBIGUOUS_OR_UNRESOLVED,ambiguous exact artifacts=2
upstream_artifact,debian:https://i2pd.website::i2pd,upstream_recovery,U5_AMBIGUOUS_OR_UNRESOLVED,ambiguous exact artifacts=3
upstream_artifact,debian:https://kea.isc.org::kea-ctrl-agent,upstream_recovery,U4_NO_UPSTREAM_UNIT,complete pristine orig-tar inventory contained no service unit or template
upstream_artifact,debian:https://kea.isc.org::kea-dhcp-ddns,upstream_recovery,U4_NO_UPSTREAM_UNIT,complete pristine orig-tar inventory contained no service unit or template
upstream_artifact,debian:https://kea.isc.org::kea-dhcp4,upstream_recovery,U4_NO_UPSTREAM_UNIT,complete pristine orig-tar inventory contained no service unit or template
upstream_artifact,debian:https://kea.isc.org::kea-dhcp6,upstream_recovery,U4_NO_UPSTREAM_UNIT,complete pristine orig-tar inventory contained no service unit or template
upstream_artifact,debian:https://linuxcontainers.org/incus::incus-user,upstream_recovery,U5_AMBIGUOUS_OR_UNRESOLVED,"no unique upstream artifact; candidates=1, executable_candidates=0"
upstream_artifact,debian:https://linuxcontainers.org/incus::startup,upstream_recovery,U5_AMBIGUOUS_OR_UNRESOLVED,"no unique upstream artifact; candidates=1, executable_candidates=0"
upstream_artifact,debian:https://lttng.org::lttng-sessiond,upstream_recovery,U4_NO_UPSTREAM_UNIT,complete pristine orig-tar inventory contained no service unit or template
upstream_artifact,debian:https://lttng.org::lttng-sessiond,upstream_recovery,U5_AMBIGUOUS_OR_UNRESOLVED,pristine source unavailable
upstream_artifact,debian:https://mmonit.com/monit::monit,upstream_recovery,U5_AMBIGUOUS_OR_UNRESOLVED,ambiguous exact artifacts=2
upstream_artifact,debian:https://mosquitto.org::mosquitto,upstream_recovery,U4_NO_UPSTREAM_UNIT,complete pristine orig-tar inventory contained no service unit or template
upstream_artifact,debian:https://networkmanager.dev::nm-dispatcher,upstream_recovery,U5_AMBIGUOUS_OR_UNRESOLVED,pristine source unavailable
upstream_artifact,debian:https://networkmanager.dev::nm-priv-helper,upstream_recovery,U5_AMBIGUOUS_OR_UNRESOLVED,pristine source unavailable
upstream_artifact,debian:https://omniorb.sourceforge.net::omniNames,upstream_recovery,U4_NO_UPSTREAM_UNIT,complete pristine orig-tar inventory contained no service unit or template
upstream_artifact,debian:https://prometheus.io::prometheus,upstream_recovery,U4_NO_UPSTREAM_UNIT,complete pristine orig-tar inventory contained no service unit or template
upstream_artifact,debian:https://qosient.com/argus::radium,upstream_recovery,U5_AMBIGUOUS_OR_UNRESOLVED,ambiguous exact artifacts=2
upstream_artifact,debian:https://radsecproxy.github.io::radsecproxy,upstream_recovery,U4_NO_UPSTREAM_UNIT,complete pristine orig-tar inventory contained no service unit or template
upstream_artifact,debian:https://snapper.io::snapper,upstream_recovery,U5_AMBIGUOUS_OR_UNRESOLVED,"no unique upstream artifact; candidates=5, executable_candidates=5"
upstream_artifact,debian:https://snapper.io::upstream-unit::data/cleanup.service,upstream_recovery,U5_AMBIGUOUS_OR_UNRESOLVED,"no unique upstream artifact; candidates=5, executable_candidates=2"
upstream_artifact,debian:https://snapper.io::upstream-unit::data/timeline.service,upstream_recovery,U5_AMBIGUOUS_OR_UNRESOLVED,"no unique upstream artifact; candidates=5, executable_candidates=2"
upstream_artifact,debian:https://sourceforge.net/projects/acpid2::acpid,upstream_recovery,U4_NO_UPSTREAM_UNIT,complete pristine orig-tar inventory contained no service unit or template
upstream_artifact,debian:https://sourceforge.net/projects/atftp::in.tftpd,upstream_recovery,U4_NO_UPSTREAM_UNIT,complete pristine orig-tar inventory contained no service unit or template
upstream_artifact,debian:https://sourceforge.net/projects/linuxquota::quota-initial-check.sh,upstream_recovery,U4_NO_UPSTREAM_UNIT,complete pristine orig-tar inventory contained no service unit or template
upstream_artifact,debian:https://sourceforge.net/projects/linuxquota::quotarpc.sh,upstream_recovery,U4_NO_UPSTREAM_UNIT,complete pristine orig-tar inventory contained no service unit or template
upstream_artifact,debian:https://sourceforge.net/projects/minidlna::minidlnad,upstream_recovery,U4_NO_UPSTREAM_UNIT,complete pristine orig-tar inventory contained no service unit or template
upstream_artifact,debian:https://sourceforge.net/projects/rpcbind::rpcbind,upstream_recovery,U5_AMBIGUOUS_OR_UNRESOLVED,pristine source unavailable
upstream_artifact,debian:https://sourceware.org/lvm2::dmeventd,upstream_recovery,U5_AMBIGUOUS_OR_UNRESOLVED,"no unique upstream artifact; candidates=11, executable_candidates=2"
upstream_artifact,debian:https://sourceware.org/lvm2::true,upstream_recovery,U5_AMBIGUOUS_OR_UNRESOLVED,"no unique upstream artifact; candidates=11, executable_candidates=2"
upstream_artifact,debian:https://systemd.io::systemd-fsck,upstream_recovery,U5_AMBIGUOUS_OR_UNRESOLVED,ambiguous exact artifacts=8
upstream_artifact,debian:https://systemd.io::systemd-machined,upstream_recovery,U5_AMBIGUOUS_OR_UNRESOLVED,ambiguous exact artifacts=2
upstream_artifact,debian:https://systemd.io::systemd-remount-fs,upstream_recovery,U5_AMBIGUOUS_OR_UNRESOLVED,ambiguous exact artifacts=3
upstream_artifact,debian:https://systemd.io::systemd-resolved,upstream_recovery,U5_AMBIGUOUS_OR_UNRESOLVED,ambiguous exact artifacts=2
upstream_artifact,debian:https://systemd.io::upstream-unit::units/systemd-exit.service,upstream_recovery,U5_AMBIGUOUS_OR_UNRESOLVED,ambiguous exact artifacts=2
upstream_artifact,debian:https://systemd.io::upstream-unit::units/systemd-tmpfiles-clean.service,upstream_recovery,U5_AMBIGUOUS_OR_UNRESOLVED,ambiguous exact artifacts=2
upstream_artifact,debian:https://systemd.io::upstream-unit::units/systemd-tmpfiles-setup.service,upstream_recovery,U5_AMBIGUOUS_OR_UNRESOLVED,ambiguous exact artifacts=2
upstream_artifact,debian:https://tetrinetx.sourceforge.net::tetrinetx,upstream_recovery,U4_NO_UPSTREAM_UNIT,complete pristine orig-tar inventory contained no service unit or template
upstream_artifact,debian:https://trousers.sourceforge.net::tcsd,upstream_recovery,U4_NO_UPSTREAM_UNIT,complete pristine orig-tar inventory contained no service unit or template
upstream_artifact,debian:https://unix4lyfe.org/darkstat::darkstat,upstream_recovery,U4_NO_UPSTREAM_UNIT,complete pristine orig-tar inventory contained no service unit or template
upstream_artifact,debian:https://upower.freedesktop.org::upowerd,upstream_recovery,U5_AMBIGUOUS_OR_UNRESOLVED,pristine source unavailable
upstream_artifact,debian:https://valkey.io::valkey-sentinel,upstream_recovery,U5_AMBIGUOUS_OR_UNRESOLVED,"no unique upstream artifact; candidates=2, executable_candidates=0"
upstream_artifact,debian:https://valkey.io::valkey-server,upstream_recovery,U5_AMBIGUOUS_OR_UNRESOLVED,"no unique upstream artifact; candidates=2, executable_candidates=2"
upstream_artifact,debian:https://w1.fi/wpa_supplicant::hostapd,upstream_recovery,U5_AMBIGUOUS_OR_UNRESOLVED,"no unique upstream artifact; candidates=2, executable_candidates=0"
upstream_artifact,debian:https://web.mit.edu/kerberos::kadmind,upstream_recovery,U4_NO_UPSTREAM_UNIT,complete pristine orig-tar inventory contained no service unit or template
upstream_artifact,debian:https://web.mit.edu/kerberos::kpropd,upstream_recovery,U4_NO_UPSTREAM_UNIT,complete pristine orig-tar inventory contained no service unit or template
upstream_artifact,debian:https://web.mit.edu/kerberos::krb5kdc,upstream_recovery,U4_NO_UPSTREAM_UNIT,complete pristine orig-tar inventory contained no service unit or template
upstream_artifact,debian:https://www.anope.org::anope,upstream_recovery,U4_NO_UPSTREAM_UNIT,complete pristine orig-tar inventory contained no service unit or template
upstream_artifact,debian:https://www.apcupsd.org::apcupsd,upstream_recovery,U4_NO_UPSTREAM_UNIT,complete pristine orig-tar inventory contained no service unit or template
upstream_artifact,debian:https://www.conserver.com::conserver,upstream_recovery,U4_NO_UPSTREAM_UNIT,complete pristine orig-tar inventory contained no service unit or template
upstream_artifact,debian:https://www.cyrusimap.org/sasl::saslauthd,upstream_recovery,U4_NO_UPSTREAM_UNIT,complete pristine orig-tar inventory contained no service unit or template
upstream_artifact,debian:https://www.cyrusimap.org::cyrmaster,upstream_recovery,U4_NO_UPSTREAM_UNIT,complete pristine orig-tar inventory contained no service unit or template
upstream_artifact,debian:https://www.ejabberd.im::sh,upstream_recovery,U4_NO_UPSTREAM_UNIT,complete pristine orig-tar inventory contained no service unit or template
upstream_artifact,debian:https://www.erlang.org::epmd,upstream_recovery,U4_NO_UPSTREAM_UNIT,complete pristine orig-tar inventory contained no service unit or template
upstream_artifact,debian:https://www.exim.org::exim4-base,upstream_recovery,U4_NO_UPSTREAM_UNIT,complete pristine orig-tar inventory contained no service unit or template
upstream_artifact,debian:https://www.eyrie.org/~eagle/software/inn::rc.news,upstream_recovery,U4_NO_UPSTREAM_UNIT,complete pristine orig-tar inventory contained no service unit or template
upstream_artifact,debian:https://www.freedesktop.org/wiki/Software/fprint/fprintd::fprintd,upstream_recovery,U5_AMBIGUOUS_OR_UNRESOLVED,pristine source unavailable
upstream_artifact,debian:https://www.freedesktop.org/wiki/Software/udisks::udisksd,upstream_recovery,U5_AMBIGUOUS_OR_UNRESOLVED,pristine source unavailable
upstream_artifact,debian:https://www.gnu.org/software/acct::accton,upstream_recovery,U4_NO_UPSTREAM_UNIT,complete pristine orig-tar inventory contained no service unit or template
upstream_artifact,debian:https://www.gnu.org/software/freeipmi::bmc-watchdog,upstream_recovery,U5_AMBIGUOUS_OR_UNRESOLVED,ambiguous exact artifacts=2
upstream_artifact,debian:https://www.gnu.org/software/freeipmi::ipmidetectd,upstream_recovery,U5_AMBIGUOUS_OR_UNRESOLVED,ambiguous exact artifacts=2
upstream_artifact,debian:https://www.gnu.org/software/freeipmi::ipmiseld,upstream_recovery,U5_AMBIGUOUS_OR_UNRESOLVED,ambiguous exact artifacts=2
upstream_artifact,debian:https://www.gnu.org/software/inetutils::inetutils-inetd,upstream_recovery,U4_NO_UPSTREAM_UNIT,complete pristine orig-tar inventory contained no service unit or template
upstream_artifact,debian:https://www.gnu.org/software/inetutils::syslogd,upstream_recovery,U4_NO_UPSTREAM_UNIT,complete pristine orig-tar inventory contained no service unit or template
upstream_artifact,debian:https://www.imapproxy.org::imapproxyd,upstream_recovery,U5_AMBIGUOUS_OR_UNRESOLVED,pristine source unavailable
upstream_artifact,debian:https://www.isc.org/downloads/bind::sh,upstream_recovery,U4_NO_UPSTREAM_UNIT,complete pristine orig-tar inventory contained no service unit or template
upstream_artifact,debian:https://www.kernel.org::hv_kvp_daemon,upstream_recovery,U5_AMBIGUOUS_OR_UNRESOLVED,"no unique upstream artifact; candidates=1, executable_candidates=0"
upstream_artifact,debian:https://www.kernel.org::hv_vss_daemon,upstream_recovery,U5_AMBIGUOUS_OR_UNRESOLVED,"no unique upstream artifact; candidates=1, executable_candidates=0"
upstream_artifact,debian:https://www.knot-dns.cz::knotd,upstream_recovery,U5_AMBIGUOUS_OR_UNRESOLVED,ambiguous exact artifacts=3
upstream_artifact,debian:https://www.lighttpd.net::upstream-unit::doc/systemd/lighttpd.service,upstream_recovery,U5_AMBIGUOUS_OR_UNRESOLVED,ambiguous exact artifacts=2
upstream_artifact,debian:https://www.litech.org/radvd::radvd,upstream_recovery,U5_AMBIGUOUS_OR_UNRESOLVED,ambiguous exact artifacts=2
upstream_artifact,debian:https://www.luanti.org::luantiserver,upstream_recovery,U4_NO_UPSTREAM_UNIT,complete pristine orig-tar inventory contained no service unit or template
upstream_artifact,debian:https://www.musicpd.org/clients/mpdscribble::mpdscribble,upstream_recovery,U5_AMBIGUOUS_OR_UNRESOLVED,ambiguous exact artifacts=2
upstream_artifact,debian:https://www.musicpd.org::mpd,upstream_recovery,U5_AMBIGUOUS_OR_UNRESOLVED,ambiguous exact artifacts=2
upstream_artifact,debian:https://www.netfilter.org/projects/ulogd::ulogd,upstream_recovery,U4_NO_UPSTREAM_UNIT,complete pristine orig-tar inventory contained no service unit or template
upstream_artifact,debian:https://www.netfilter.org/projects/ulogd::ulogd,upstream_recovery,U5_AMBIGUOUS_OR_UNRESOLVED,pristine source unavailable
upstream_artifact,debian:https://www.ntpsec.org::ntp-systemd-wrapper,upstream_recovery,U5_AMBIGUOUS_OR_UNRESOLVED,"no unique upstream artifact; candidates=6, executable_candidates=0"
upstream_artifact,debian:https://www.ntpsec.org::rotate-stats,upstream_recovery,U5_AMBIGUOUS_OR_UNRESOLVED,"no unique upstream artifact; candidates=6, executable_candidates=0"
upstream_artifact,debian:https://www.ntpsec.org::sh,upstream_recovery,U5_AMBIGUOUS_OR_UNRESOLVED,"no unique upstream artifact; candidates=6, executable_candidates=2"
upstream_artifact,debian:https://www.open-iscsi.com::activate-storage.sh,upstream_recovery,U4_NO_UPSTREAM_UNIT,complete pristine orig-tar inventory contained no service unit or template
upstream_artifact,debian:https://www.open-iscsi.com::iscsid,upstream_recovery,U4_NO_UPSTREAM_UNIT,complete pristine orig-tar inventory contained no service unit or template
upstream_artifact,debian:https://www.open-iscsi.com::iscsiuio,upstream_recovery,U4_NO_UPSTREAM_UNIT,complete pristine orig-tar inventory contained no service unit or template
upstream_artifact,debian:https://www.openbgpd.org::bgpd,upstream_recovery,U4_NO_UPSTREAM_UNIT,complete pristine orig-tar inventory contained no service unit or template
upstream_artifact,debian:https://www.openbgpd.org::bgplgd,upstream_recovery,U4_NO_UPSTREAM_UNIT,complete pristine orig-tar inventory contained no service unit or template
upstream_artifact,debian:https://www.openntpd.org::ntpd,upstream_recovery,U4_NO_UPSTREAM_UNIT,complete pristine orig-tar inventory contained no service unit or template
upstream_artifact,debian:https://www.opensmtpd.org::smtpd,upstream_recovery,U4_NO_UPSTREAM_UNIT,complete pristine orig-tar inventory contained no service unit or template
upstream_artifact,debian:https://www.partimage.org::partimaged,upstream_recovery,U4_NO_UPSTREAM_UNIT,complete pristine orig-tar inventory contained no service unit or template
upstream_artifact,debian:https://www.partimage.org::partimaged,upstream_recovery,U5_AMBIGUOUS_OR_UNRESOLVED,pristine source unavailable
upstream_artifact,debian:https://www.postfix.org::cp,upstream_recovery,U4_NO_UPSTREAM_UNIT,complete pristine orig-tar inventory contained no service unit or template
upstream_artifact,debian:https://www.postfix.org::postfix,upstream_recovery,U4_NO_UPSTREAM_UNIT,complete pristine orig-tar inventory contained no service unit or template
upstream_artifact,debian:https://www.powerdns.com::ixfrdist,upstream_recovery,U5_AMBIGUOUS_OR_UNRESOLVED,pristine source unavailable
upstream_artifact,debian:https://www.powerdns.com::pdns_recursor,upstream_recovery,U5_AMBIGUOUS_OR_UNRESOLVED,pristine source unavailable
upstream_artifact,debian:https://www.powerdns.com::pdns_server,upstream_recovery,U5_AMBIGUOUS_OR_UNRESOLVED,pristine source unavailable
upstream_artifact,debian:https://www.pps.univ-paris-diderot.fr/~jch/software/babel::babeld,upstream_recovery,U4_NO_UPSTREAM_UNIT,complete pristine orig-tar inventory contained no service unit or template
upstream_artifact,debian:https://www.remlab.net/ndisc6::rdnssd,upstream_recovery,U4_NO_UPSTREAM_UNIT,complete pristine orig-tar inventory contained no service unit or template
upstream_artifact,debian:https://www.remlab.net/ndisc6::rdnssd,upstream_recovery,U5_AMBIGUOUS_OR_UNRESOLVED,pristine source unavailable
upstream_artifact,debian:https://www.rsyslog.com::rsyslogd,upstream_recovery,U4_NO_UPSTREAM_UNIT,complete pristine orig-tar inventory contained no service unit or template
upstream_artifact,debian:https://www.rutschle.net/tech/sslh/README.html::sslh,upstream_recovery,U5_AMBIGUOUS_OR_UNRESOLVED,"no unique upstream artifact; candidates=2, executable_candidates=2"
upstream_artifact,debian:https://www.samba.org::samba,upstream_recovery,U5_AMBIGUOUS_OR_UNRESOLVED,"no unique upstream artifact; candidates=6, executable_candidates=5"
upstream_artifact,debian:https://www.spice-space.org::spice-vdagentd,upstream_recovery,U5_AMBIGUOUS_OR_UNRESOLVED,pristine source unavailable
upstream_artifact,debian:https://www.strongswan.org::charon-systemd,upstream_recovery,U5_AMBIGUOUS_OR_UNRESOLVED,pristine source unavailable
upstream_artifact,debian:https://www.strongswan.org::ipsec,upstream_recovery,U5_AMBIGUOUS_OR_UNRESOLVED,pristine source unavailable
upstream_artifact,debian:https://www.teeworlds.com::sh,upstream_recovery,U4_NO_UPSTREAM_UNIT,complete pristine orig-tar inventory contained no service unit or template
upstream_artifact,debian:https://www.tntnet.org::tntnet,upstream_recovery,U4_NO_UPSTREAM_UNIT,complete pristine orig-tar inventory contained no service unit or template
upstream_artifact,debian:https://www.torproject.org::tor,upstream_recovery,U4_NO_UPSTREAM_UNIT,complete pristine orig-tar inventory contained no service unit or template
upstream_artifact,debian:https://www.torproject.org::true,upstream_recovery,U4_NO_UPSTREAM_UNIT,complete pristine orig-tar inventory contained no service unit or template
upstream_artifact,debian:https://www.tvdr.de::vdr,upstream_recovery,U4_NO_UPSTREAM_UNIT,complete pristine orig-tar inventory contained no service unit or template
upstream_artifact,debian:https://www.tvdr.de::vdr,upstream_recovery,U5_AMBIGUOUS_OR_UNRESOLVED,pristine source unavailable
upstream_artifact,debian:https://www.unix-ag.uni-kl.de/~bloch/acng::apt-cacher-ng,upstream_recovery,U5_AMBIGUOUS_OR_UNRESOLVED,ambiguous exact artifacts=2
upstream_artifact,debian:https://www.wesnoth.org::wesnothd-1.18,upstream_recovery,U5_AMBIGUOUS_OR_UNRESOLVED,"no unique upstream artifact; candidates=1, executable_candidates=0"
upstream_artifact,debian:https://www.wesnoth.org::wesnothd-1.18,upstream_recovery,U5_AMBIGUOUS_OR_UNRESOLVED,pristine source unavailable
upstream_artifact,debian:https://www.yadifa.eu::yadifad,upstream_recovery,U4_NO_UPSTREAM_UNIT,complete pristine orig-tar inventory contained no service unit or template
upstream_artifact,debian:https://www.yo2loj.ro/hamprojects::ampr-ripd,upstream_recovery,U4_NO_UPSTREAM_UNIT,complete pristine orig-tar inventory contained no service unit or template
upstream_artifact,debian:https://www.zeroflux.org/projects/knock::knockd,upstream_recovery,U4_NO_UPSTREAM_UNIT,complete pristine orig-tar inventory contained no service unit or template
upstream_artifact,debian:https://zeroc.com::glacier2router,upstream_recovery,U5_AMBIGUOUS_OR_UNRESOLVED,"no unique upstream artifact; candidates=4, executable_candidates=0"
upstream_artifact,debian:https://zeroc.com::icegridnode,upstream_recovery,U5_AMBIGUOUS_OR_UNRESOLVED,"no unique upstream artifact; candidates=4, executable_candidates=0"
upstream_artifact,debian:https://zeroc.com::icegridregistry,upstream_recovery,U5_AMBIGUOUS_OR_UNRESOLVED,"no unique upstream artifact; candidates=4, executable_candidates=0"
upstream_artifact,fedora:https://arthurdejong.org/nss-pam-ldapd::nslcd,upstream_recovery,U4_NO_UPSTREAM_UNIT,complete pristine orig-tar inventory contained no service unit or template
upstream_artifact,fedora:https://c-icap.sourceforge.net::c-icap,upstream_recovery,U4_NO_UPSTREAM_UNIT,complete pristine orig-tar inventory contained no service unit or template
upstream_artifact,fedora:https://code.forgejo.org/forgejo/runner::forgejo-runner,upstream_recovery,U5_AMBIGUOUS_OR_UNRESOLVED,pristine source unavailable
upstream_artifact,fedora:https://collectd.org::collectd,upstream_recovery,U5_AMBIGUOUS_OR_UNRESOLVED,pristine source unavailable
upstream_artifact,fedora:https://conntrack-tools.netfilter.org::conntrackd,upstream_recovery,U4_NO_UPSTREAM_UNIT,complete pristine orig-tar inventory contained no service unit or template
upstream_artifact,fedora:https://deluge-torrent.org::deluge-web,upstream_recovery,U5_AMBIGUOUS_OR_UNRESOLVED,ambiguous exact artifacts=2
upstream_artifact,fedora:https://deluge-torrent.org::deluged,upstream_recovery,U5_AMBIGUOUS_OR_UNRESOLVED,"no unique upstream artifact; candidates=4, executable_candidates=4"
upstream_artifact,fedora:https://fastnetmon.com::fastnetmon,upstream_recovery,U5_AMBIGUOUS_OR_UNRESOLVED,ambiguous exact artifacts=2
upstream_artifact,fedora:https://fastnetmon.com::upstream-unit::src/packaging/fedora/fastnetmon.service,upstream_recovery,U5_AMBIGUOUS_OR_UNRESOLVED,ambiguous exact artifacts=2
upstream_artifact,fedora:https://gerbera.io::gerbera,upstream_recovery,U4_NO_UPSTREAM_UNIT,complete pristine orig-tar inventory contained no service unit or template
upstream_artifact,fedora:https://github.com/COVESA/dlt-daemon::dlt-daemon,upstream_recovery,U4_NO_UPSTREAM_UNIT,complete pristine orig-tar inventory contained no service unit or template
upstream_artifact,fedora:https://github.com/COVESA/dlt-daemon::dlt-system,upstream_recovery,U4_NO_UPSTREAM_UNIT,complete pristine orig-tar inventory contained no service unit or template
upstream_artifact,fedora:https://github.com/GoogleCloudPlatform/guest-agent::google_guest_agent,upstream_recovery,U5_AMBIGUOUS_OR_UNRESOLVED,pristine source unavailable
upstream_artifact,fedora:https://github.com/GoogleCloudPlatform/guest-agent::true,upstream_recovery,U5_AMBIGUOUS_OR_UNRESOLVED,pristine source unavailable
upstream_artifact,fedora:https://github.com/GoogleCloudPlatform/osconfig::google_osconfig_agent,upstream_recovery,U5_AMBIGUOUS_OR_UNRESOLVED,pristine source unavailable
upstream_artifact,fedora:https://github.com/NetworkBlockDevice/nbd::nbd-server,upstream_recovery,U4_NO_UPSTREAM_UNIT,complete pristine orig-tar inventory contained no service unit or template
upstream_artifact,fedora:https://github.com/OpenPrinting/ipp-usb::ipp-usb,upstream_recovery,U5_AMBIGUOUS_OR_UNRESOLVED,pristine source unavailable
upstream_artifact,fedora:https://github.com/Snawoot/postfix-mta-sts-resolver::mta-sts-daemon,upstream_recovery,U5_AMBIGUOUS_OR_UNRESOLVED,"no unique upstream artifact; candidates=2, executable_candidates=2"
upstream_artifact,fedora:https://github.com/bus1/dbus-broker::dbus-broker-launch,upstream_recovery,U5_AMBIGUOUS_OR_UNRESOLVED,ambiguous exact artifacts=2
upstream_artifact,fedora:https://github.com/containernetworking/plugins::dhcp,upstream_recovery,U5_AMBIGUOUS_OR_UNRESOLVED,pristine source unavailable
upstream_artifact,fedora:https://github.com/cronie-crond/cronie::crond,upstream_recovery,U4_NO_UPSTREAM_UNIT,complete pristine orig-tar inventory contained no service unit or template
upstream_artifact,fedora:https://github.com/dani-garcia/vaultwarden::vaultwarden,upstream_recovery,U4_NO_UPSTREAM_UNIT,complete pristine orig-tar inventory contained no service unit or template
upstream_artifact,fedora:https://github.com/distcc/distcc::distccd,upstream_recovery,U4_NO_UPSTREAM_UNIT,complete pristine orig-tar inventory contained no service unit or template
upstream_artifact,fedora:https://github.com/element-hq/synapse::python3,upstream_recovery,U5_AMBIGUOUS_OR_UNRESOLVED,"no unique upstream artifact; candidates=4, executable_candidates=0"
upstream_artifact,fedora:https://github.com/graphite-project/carbon::carbon-cache,upstream_recovery,U4_NO_UPSTREAM_UNIT,complete pristine orig-tar inventory contained no service unit or template
upstream_artifact,fedora:https://github.com/gridcf/gct::globus-gridftp-server,upstream_recovery,U4_NO_UPSTREAM_UNIT,complete pristine orig-tar inventory contained no service unit or template
upstream_artifact,fedora:https://github.com/grondo/edac-utils::edac-ctl,upstream_recovery,U4_NO_UPSTREAM_UNIT,complete pristine orig-tar inventory contained no service unit or template
upstream_artifact,fedora:https://github.com/intel/thermal_daemon::thermald,upstream_recovery,U5_AMBIGUOUS_OR_UNRESOLVED,pristine source unavailable
upstream_artifact,fedora:https://github.com/juanfont/headscale::headscale,upstream_recovery,U5_AMBIGUOUS_OR_UNRESOLVED,pristine source unavailable
upstream_artifact,fedora:https://github.com/linux-msm/qbootctl::qbootctl,upstream_recovery,U4_NO_UPSTREAM_UNIT,complete pristine orig-tar inventory contained no service unit or template
upstream_artifact,fedora:https://github.com/linuxdeepin/dde-api::deepin-boot-sound.sh,upstream_recovery,U5_AMBIGUOUS_OR_UNRESOLVED,pristine source unavailable
upstream_artifact,fedora:https://github.com/linuxdeepin/dde-api::device,upstream_recovery,U5_AMBIGUOUS_OR_UNRESOLVED,pristine source unavailable
upstream_artifact,fedora:https://github.com/linuxdeepin/dde-api::sound-theme-player,upstream_recovery,U5_AMBIGUOUS_OR_UNRESOLVED,pristine source unavailable
upstream_artifact,fedora:https://github.com/linuxdeepin/dde-api::true,upstream_recovery,U5_AMBIGUOUS_OR_UNRESOLVED,pristine source unavailable
upstream_artifact,fedora:https://github.com/linuxdeepin/deepin-pw-check::deepin-pw-check,upstream_recovery,U5_AMBIGUOUS_OR_UNRESOLVED,pristine source unavailable
upstream_artifact,fedora:https://github.com/nfs-ganesha/nfs-ganesha::bash,upstream_recovery,U4_NO_UPSTREAM_UNIT,complete pristine orig-tar inventory contained no service unit or template
upstream_artifact,fedora:https://github.com/nfs-ganesha/nfs-ganesha::nfs-ganesha-config.sh,upstream_recovery,U4_NO_UPSTREAM_UNIT,complete pristine orig-tar inventory contained no service unit or template
upstream_artifact,fedora:https://github.com/ollama/ollama::ollama,upstream_recovery,U4_NO_UPSTREAM_UNIT,complete pristine orig-tar inventory contained no service unit or template
upstream_artifact,fedora:https://github.com/ollama/ollama::ollama,upstream_recovery,U5_AMBIGUOUS_OR_UNRESOLVED,pristine source unavailable
upstream_artifact,fedora:https://github.com/pcherenkov/udpxy::udpxy,upstream_recovery,U4_NO_UPSTREAM_UNIT,complete pristine orig-tar inventory contained no service unit or template
upstream_artifact,fedora:https://github.com/prehor/amavisd-milter::amavisd-milter,upstream_recovery,U4_NO_UPSTREAM_UNIT,complete pristine orig-tar inventory contained no service unit or template
upstream_artifact,fedora:https://github.com/prometheus/node_exporter::prometheus-node-exporter,upstream_recovery,U5_AMBIGUOUS_OR_UNRESOLVED,"no unique upstream artifact; candidates=1, executable_candidates=0"
upstream_artifact,fedora:https://github.com/prometheus/node_exporter::prometheus-node-exporter,upstream_recovery,U5_AMBIGUOUS_OR_UNRESOLVED,pristine source unavailable
upstream_artifact,fedora:https://github.com/rhboot/pesign::pesign,upstream_recovery,U5_AMBIGUOUS_OR_UNRESOLVED,pristine source unavailable
upstream_artifact,fedora:https://github.com/rpm-software-management/dnf5::upstream-unit::etc/systemd/dnf5-makecache.service,upstream_recovery,U5_AMBIGUOUS_OR_UNRESOLVED,"no unique upstream artifact; candidates=7, executable_candidates=6"
upstream_artifact,fedora:https://github.com/shellinabox/shellinabox::shellinaboxd,upstream_recovery,U4_NO_UPSTREAM_UNIT,complete pristine orig-tar inventory contained no service unit or template
upstream_artifact,fedora:https://github.com/slackhq/nebula::nebula,upstream_recovery,U5_AMBIGUOUS_OR_UNRESOLVED,pristine source unavailable
upstream_artifact,fedora:https://github.com/sysrepo/sysrepo::sysrepo-plugind,upstream_recovery,U5_AMBIGUOUS_OR_UNRESOLVED,ambiguous exact artifacts=2
upstream_artifact,fedora:https://github.com/toreanderson/clatd::clatd,upstream_recovery,U4_NO_UPSTREAM_UNIT,complete pristine orig-tar inventory contained no service unit or template
upstream_artifact,fedora:https://github.com/trojan-gfw/trojan::trojan,upstream_recovery,U4_NO_UPSTREAM_UNIT,complete pristine orig-tar inventory contained no service unit or template
upstream_artifact,fedora:https://github.com/vmatare/thinkfan::thinkfan,upstream_recovery,U5_AMBIGUOUS_OR_UNRESOLVED,"no unique upstream artifact; candidates=2, executable_candidates=2"
upstream_artifact,fedora:https://github.com/vmware/open-vm-tools::VGAuthService,upstream_recovery,U4_NO_UPSTREAM_UNIT,complete pristine orig-tar inventory contained no service unit or template
upstream_artifact,fedora:https://github.com/vmware/open-vm-tools::vmtoolsd,upstream_recovery,U4_NO_UPSTREAM_UNIT,complete pristine orig-tar inventory contained no service unit or template
upstream_artifact,fedora:https://gitlab.com/amavis/amavis::amavisd,upstream_recovery,U4_NO_UPSTREAM_UNIT,complete pristine orig-tar inventory contained no service unit or template
upstream_artifact,fedora:https://gitlab.com/amavis/amavis::amavisd,upstream_recovery,U5_AMBIGUOUS_OR_UNRESOLVED,pristine source unavailable
upstream_artifact,fedora:https://gitlab.freedesktop.org/hadess/iio-sensor-proxy::iio-sensor-proxy,upstream_recovery,U5_AMBIGUOUS_OR_UNRESOLVED,pristine source unavailable
upstream_artifact,fedora:https://gitlab.freedesktop.org/pwithnall/malcontent::malcontent-timer-extension-agent,upstream_recovery,U5_AMBIGUOUS_OR_UNRESOLVED,pristine source unavailable
upstream_artifact,fedora:https://gitlab.freedesktop.org/pwithnall/malcontent::malcontent-timerd,upstream_recovery,U5_AMBIGUOUS_OR_UNRESOLVED,pristine source unavailable
upstream_artifact,fedora:https://gitlab.freedesktop.org/pwithnall/malcontent::malcontent-webd,upstream_recovery,U5_AMBIGUOUS_OR_UNRESOLVED,pristine source unavailable
upstream_artifact,fedora:https://gitlab.freedesktop.org/pwithnall/malcontent::malcontent-webd-update,upstream_recovery,U5_AMBIGUOUS_OR_UNRESOLVED,pristine source unavailable
upstream_artifact,fedora:https://gitlab.freedesktop.org/upower/power-profiles-daemon::power-profiles-daemon,upstream_recovery,U5_AMBIGUOUS_OR_UNRESOLVED,pristine source unavailable
upstream_artifact,fedora:https://gkrellm.srcbox.net::gkrellmd,upstream_recovery,U5_AMBIGUOUS_OR_UNRESOLVED,pristine source unavailable
upstream_artifact,fedora:https://hcpnet.free.fr/milter-greylist::milter-greylist,upstream_recovery,U4_NO_UPSTREAM_UNIT,complete pristine orig-tar inventory contained no service unit or template
upstream_artifact,fedora:https://hitch-tls.org::hitch,upstream_recovery,U4_NO_UPSTREAM_UNIT,complete pristine orig-tar inventory contained no service unit or template
upstream_artifact,fedora:https://httpd.apache.org::htcacheclean,upstream_recovery,U4_NO_UPSTREAM_UNIT,complete pristine orig-tar inventory contained no service unit or template
upstream_artifact,fedora:https://httpd.apache.org::htcacheclean,upstream_recovery,U5_AMBIGUOUS_OR_UNRESOLVED,pristine source unavailable
upstream_artifact,fedora:https://humdi.net/vnstat::vnstatd,upstream_recovery,U5_AMBIGUOUS_OR_UNRESOLVED,ambiguous exact artifacts=2
upstream_artifact,fedora:https://humdi.net/vnstat::vnstatd,upstream_recovery,U5_AMBIGUOUS_OR_UNRESOLVED,pristine source unavailable
upstream_artifact,fedora:https://janus.conf.meetecho.com::janus,upstream_recovery,U4_NO_UPSTREAM_UNIT,complete pristine orig-tar inventory contained no service unit or template
upstream_artifact,fedora:https://kea.isc.org::kea-ctrl-agent,upstream_recovery,U4_NO_UPSTREAM_UNIT,complete pristine orig-tar inventory contained no service unit or template
upstream_artifact,fedora:https://kea.isc.org::kea-dhcp-ddns,upstream_recovery,U4_NO_UPSTREAM_UNIT,complete pristine orig-tar inventory contained no service unit or template
upstream_artifact,fedora:https://kea.isc.org::kea-dhcp4,upstream_recovery,U4_NO_UPSTREAM_UNIT,complete pristine orig-tar inventory contained no service unit or template
upstream_artifact,fedora:https://kea.isc.org::kea-dhcp6,upstream_recovery,U4_NO_UPSTREAM_UNIT,complete pristine orig-tar inventory contained no service unit or template
upstream_artifact,fedora:https://launchpad.net/ufw::ufw-init,upstream_recovery,U4_NO_UPSTREAM_UNIT,complete pristine orig-tar inventory contained no service unit or template
upstream_artifact,fedora:https://libvirt.org::virtchd,upstream_recovery,U5_AMBIGUOUS_OR_UNRESOLVED,"no unique upstream artifact; candidates=5, executable_candidates=0"
upstream_artifact,fedora:https://libvirt.org::virtinterfaced,upstream_recovery,U5_AMBIGUOUS_OR_UNRESOLVED,"no unique upstream artifact; candidates=5, executable_candidates=0"
upstream_artifact,fedora:https://libvirt.org::virtnetworkd,upstream_recovery,U5_AMBIGUOUS_OR_UNRESOLVED,"no unique upstream artifact; candidates=5, executable_candidates=0"
upstream_artifact,fedora:https://libvirt.org::virtnodedevd,upstream_recovery,U5_AMBIGUOUS_OR_UNRESOLVED,"no unique upstream artifact; candidates=5, executable_candidates=0"
upstream_artifact,fedora:https://libvirt.org::virtnwfilterd,upstream_recovery,U5_AMBIGUOUS_OR_UNRESOLVED,"no unique upstream artifact; candidates=5, executable_candidates=0"
upstream_artifact,fedora:https://libvirt.org::virtproxyd,upstream_recovery,U5_AMBIGUOUS_OR_UNRESOLVED,"no unique upstream artifact; candidates=5, executable_candidates=0"
upstream_artifact,fedora:https://libvirt.org::virtsecretd,upstream_recovery,U5_AMBIGUOUS_OR_UNRESOLVED,"no unique upstream artifact; candidates=5, executable_candidates=0"
upstream_artifact,fedora:https://libvirt.org::virtstoraged,upstream_recovery,U5_AMBIGUOUS_OR_UNRESOLVED,"no unique upstream artifact; candidates=5, executable_candidates=0"
upstream_artifact,fedora:https://linuxcontainers.org/incus::incus-user,upstream_recovery,U5_AMBIGUOUS_OR_UNRESOLVED,"no unique upstream artifact; candidates=1, executable_candidates=0"
upstream_artifact,fedora:https://lttng.org::lttng-sessiond,upstream_recovery,U4_NO_UPSTREAM_UNIT,complete pristine orig-tar inventory contained no service unit or template
upstream_artifact,fedora:https://lttng.org::lttng-sessiond,upstream_recovery,U5_AMBIGUOUS_OR_UNRESOLVED,pristine source unavailable
upstream_artifact,fedora:https://matt.ucc.asn.au/dropbear/dropbear.html::dropbear,upstream_recovery,U4_NO_UPSTREAM_UNIT,complete pristine orig-tar inventory contained no service unit or template
upstream_artifact,fedora:https://matt.ucc.asn.au/dropbear/dropbear.html::dropbear,upstream_recovery,U5_AMBIGUOUS_OR_UNRESOLVED,pristine source unavailable
upstream_artifact,fedora:https://miniupnp.tuxfamily.org::miniupnpd,upstream_recovery,U5_AMBIGUOUS_OR_UNRESOLVED,"no unique upstream artifact; candidates=2, executable_candidates=2"
upstream_artifact,fedora:https://mmonit.com/monit::monit,upstream_recovery,U5_AMBIGUOUS_OR_UNRESOLVED,ambiguous exact artifacts=2
upstream_artifact,fedora:https://mosquitto.org::mosquitto,upstream_recovery,U4_NO_UPSTREAM_UNIT,complete pristine orig-tar inventory contained no service unit or template
upstream_artifact,fedora:https://munin-monitoring.org::munin-asyncd,upstream_recovery,U4_NO_UPSTREAM_UNIT,complete pristine orig-tar inventory contained no service unit or template
upstream_artifact,fedora:https://munin-monitoring.org::munin-cgi-graph,upstream_recovery,U4_NO_UPSTREAM_UNIT,complete pristine orig-tar inventory contained no service unit or template
upstream_artifact,fedora:https://munin-monitoring.org::munin-cgi-html,upstream_recovery,U4_NO_UPSTREAM_UNIT,complete pristine orig-tar inventory contained no service unit or template
upstream_artifact,fedora:https://munin-monitoring.org::munin-node,upstream_recovery,U4_NO_UPSTREAM_UNIT,complete pristine orig-tar inventory contained no service unit or template
upstream_artifact,fedora:https://omniorb.sourceforge.net::omniNames,upstream_recovery,U4_NO_UPSTREAM_UNIT,complete pristine orig-tar inventory contained no service unit or template
upstream_artifact,fedora:https://omniorb.sourceforge.net::omniNames,upstream_recovery,U5_AMBIGUOUS_OR_UNRESOLVED,pristine source unavailable
upstream_artifact,fedora:https://openbao.org::bao,upstream_recovery,U5_AMBIGUOUS_OR_UNRESOLVED,ambiguous exact artifacts=2
upstream_artifact,fedora:https://opendev.org/openstack/virtualbmc::vbmcd,upstream_recovery,U4_NO_UPSTREAM_UNIT,complete pristine orig-tar inventory contained no service unit or template
upstream_artifact,fedora:https://oss.oetiker.ch/smokeping::smokeping,upstream_recovery,U4_NO_UPSTREAM_UNIT,complete pristine orig-tar inventory contained no service unit or template
upstream_artifact,fedora:https://poptop.sourceforge.net::pptpd,upstream_recovery,U4_NO_UPSTREAM_UNIT,complete pristine orig-tar inventory contained no service unit or template
upstream_artifact,fedora:https://postgrey.schweikert.ch::postgrey,upstream_recovery,U4_NO_UPSTREAM_UNIT,complete pristine orig-tar inventory contained no service unit or template
upstream_artifact,fedora:https://prosody.im::prosody,upstream_recovery,U4_NO_UPSTREAM_UNIT,complete pristine orig-tar inventory contained no service unit or template
upstream_artifact,fedora:https://quassel-irc.org::quasselcore,upstream_recovery,U4_NO_UPSTREAM_UNIT,complete pristine orig-tar inventory contained no service unit or template
upstream_artifact,fedora:https://quassel-irc.org::quasselcore,upstream_recovery,U5_AMBIGUOUS_OR_UNRESOLVED,pristine source unavailable
upstream_artifact,fedora:https://radicale.org::radicale,upstream_recovery,U4_NO_UPSTREAM_UNIT,complete pristine orig-tar inventory contained no service unit or template
upstream_artifact,fedora:https://radscan.com/nas.html::nasd,upstream_recovery,U4_NO_UPSTREAM_UNIT,complete pristine orig-tar inventory contained no service unit or template
upstream_artifact,fedora:https://radsecproxy.github.io::radsecproxy,upstream_recovery,U4_NO_UPSTREAM_UNIT,complete pristine orig-tar inventory contained no service unit or template
upstream_artifact,fedora:https://redict.io::redict-sentinel,upstream_recovery,U5_AMBIGUOUS_OR_UNRESOLVED,"no unique upstream artifact; candidates=2, executable_candidates=0"
upstream_artifact,fedora:https://redict.io::redict-server,upstream_recovery,U5_AMBIGUOUS_OR_UNRESOLVED,"no unique upstream artifact; candidates=2, executable_candidates=2"
upstream_artifact,fedora:https://roy.marples.name/projects/dhcpcd::dhcpcd,upstream_recovery,U4_NO_UPSTREAM_UNIT,complete pristine orig-tar inventory contained no service unit or template
upstream_artifact,fedora:https://rsync.samba.org::rsync,upstream_recovery,U5_AMBIGUOUS_OR_UNRESOLVED,"no unique upstream artifact; candidates=2, executable_candidates=2"
upstream_artifact,fedora:https://savannah.nongnu.org/projects/hddtemp::hddtemp,upstream_recovery,U4_NO_UPSTREAM_UNIT,complete pristine orig-tar inventory contained no service unit or template
upstream_artifact,fedora:https://savannah.nongnu.org/projects/hddtemp::hddtemp,upstream_recovery,U5_AMBIGUOUS_OR_UNRESOLVED,pristine source unavailable
upstream_artifact,fedora:https://security.appspot.com/vsftpd.html::vsftpd,upstream_recovery,U4_NO_UPSTREAM_UNIT,complete pristine orig-tar inventory contained no service unit or template
upstream_artifact,fedora:https://slurm.schedmd.com::slurmctld,upstream_recovery,U5_AMBIGUOUS_OR_UNRESOLVED,pristine source unavailable
upstream_artifact,fedora:https://slurm.schedmd.com::slurmd,upstream_recovery,U5_AMBIGUOUS_OR_UNRESOLVED,pristine source unavailable
upstream_artifact,fedora:https://slurm.schedmd.com::slurmdbd,upstream_recovery,U5_AMBIGUOUS_OR_UNRESOLVED,pristine source unavailable
upstream_artifact,fedora:https://slurm.schedmd.com::slurmrestd,upstream_recovery,U5_AMBIGUOUS_OR_UNRESOLVED,pristine source unavailable
upstream_artifact,fedora:https://snapper.io::snapper,upstream_recovery,U5_AMBIGUOUS_OR_UNRESOLVED,"no unique upstream artifact; candidates=6, executable_candidates=5"
upstream_artifact,fedora:https://snapper.io::upstream-unit::data/boot.service,upstream_recovery,U5_AMBIGUOUS_OR_UNRESOLVED,"no unique upstream artifact; candidates=6, executable_candidates=5"
upstream_artifact,fedora:https://sourceforge.net/projects/acpid2::acpid,upstream_recovery,U4_NO_UPSTREAM_UNIT,complete pristine orig-tar inventory contained no service unit or template
upstream_artifact,fedora:https://sourceforge.net/projects/minidlna::minidlnad,upstream_recovery,U4_NO_UPSTREAM_UNIT,complete pristine orig-tar inventory contained no service unit or template
upstream_artifact,fedora:https://sourceforge.net/projects/rpcbind::rpcbind,upstream_recovery,U5_AMBIGUOUS_OR_UNRESOLVED,pristine source unavailable
upstream_artifact,fedora:https://sourceware.org/lvm2::dmeventd,upstream_recovery,U5_AMBIGUOUS_OR_UNRESOLVED,"no unique upstream artifact; candidates=11, executable_candidates=2"
upstream_artifact,fedora:https://sourceware.org/lvm2::lvmdbusd,upstream_recovery,U5_AMBIGUOUS_OR_UNRESOLVED,"no unique upstream artifact; candidates=11, executable_candidates=2"
upstream_artifact,fedora:https://sourceware.org/lvm2::true,upstream_recovery,U5_AMBIGUOUS_OR_UNRESOLVED,"no unique upstream artifact; candidates=11, executable_candidates=2"
upstream_artifact,fedora:https://spamassassin.apache.org::spamd,upstream_recovery,U4_NO_UPSTREAM_UNIT,complete pristine orig-tar inventory contained no service unit or template
upstream_artifact,fedora:https://spamassassin.apache.org::spamd,upstream_recovery,U5_AMBIGUOUS_OR_UNRESOLVED,pristine source unavailable
upstream_artifact,fedora:https://sqlgrey.sourceforge.net::sqlgrey,upstream_recovery,U4_NO_UPSTREAM_UNIT,complete pristine orig-tar inventory contained no service unit or template
upstream_artifact,fedora:https://subversion.apache.org::svnserve,upstream_recovery,U4_NO_UPSTREAM_UNIT,complete pristine orig-tar inventory contained no service unit or template
upstream_artifact,fedora:https://subversion.apache.org::svnserve,upstream_recovery,U5_AMBIGUOUS_OR_UNRESOLVED,pristine source unavailable
upstream_artifact,fedora:https://supervisord.org::supervisord,upstream_recovery,U4_NO_UPSTREAM_UNIT,complete pristine orig-tar inventory contained no service unit or template
upstream_artifact,fedora:https://systemd.io::systemd-fsck,upstream_recovery,U5_AMBIGUOUS_OR_UNRESOLVED,ambiguous exact artifacts=8
upstream_artifact,fedora:https://systemd.io::systemd-importd,upstream_recovery,U5_AMBIGUOUS_OR_UNRESOLVED,ambiguous exact artifacts=2
upstream_artifact,fedora:https://systemd.io::systemd-machined,upstream_recovery,U5_AMBIGUOUS_OR_UNRESOLVED,ambiguous exact artifacts=3
upstream_artifact,fedora:https://systemd.io::systemd-remount-fs,upstream_recovery,U5_AMBIGUOUS_OR_UNRESOLVED,ambiguous exact artifacts=3
upstream_artifact,fedora:https://systemd.io::systemd-resolved,upstream_recovery,U5_AMBIGUOUS_OR_UNRESOLVED,ambiguous exact artifacts=2
upstream_artifact,fedora:https://systemd.io::upstream-unit::units/systemd-exit.service,upstream_recovery,U5_AMBIGUOUS_OR_UNRESOLVED,ambiguous exact artifacts=2
upstream_artifact,fedora:https://systemd.io::upstream-unit::units/systemd-tmpfiles-clean.service,upstream_recovery,U5_AMBIGUOUS_OR_UNRESOLVED,ambiguous exact artifacts=2
upstream_artifact,fedora:https://systemd.io::upstream-unit::units/systemd-tmpfiles-setup.service,upstream_recovery,U5_AMBIGUOUS_OR_UNRESOLVED,ambiguous exact artifacts=2
upstream_artifact,fedora:https://tetrinetx.sourceforge.net::tetrinetx,upstream_recovery,U4_NO_UPSTREAM_UNIT,complete pristine orig-tar inventory contained no service unit or template
upstream_artifact,fedora:https://tinyproxy.github.io::tinyproxy,upstream_recovery,U4_NO_UPSTREAM_UNIT,complete pristine orig-tar inventory contained no service unit or template
upstream_artifact,fedora:https://trousers.sourceforge.net::tcsd,upstream_recovery,U4_NO_UPSTREAM_UNIT,complete pristine orig-tar inventory contained no service unit or template
upstream_artifact,fedora:https://unix4lyfe.org/darkstat::darkstat,upstream_recovery,U4_NO_UPSTREAM_UNIT,complete pristine orig-tar inventory contained no service unit or template
upstream_artifact,fedora:https://upower.freedesktop.org::upowerd,upstream_recovery,U5_AMBIGUOUS_OR_UNRESOLVED,pristine source unavailable
upstream_artifact,fedora:https://valkey.io::valkey-sentinel,upstream_recovery,U5_AMBIGUOUS_OR_UNRESOLVED,"no unique upstream artifact; candidates=2, executable_candidates=0"
upstream_artifact,fedora:https://valkey.io::valkey-server,upstream_recovery,U5_AMBIGUOUS_OR_UNRESOLVED,"no unique upstream artifact; candidates=2, executable_candidates=2"
upstream_artifact,fedora:https://w1.fi/hostapd::hostapd,upstream_recovery,U4_NO_UPSTREAM_UNIT,complete pristine orig-tar inventory contained no service unit or template
upstream_artifact,fedora:https://wiki.nikhef.nl/grid/FetchCRL3::fetch-crl,upstream_recovery,U4_NO_UPSTREAM_UNIT,complete pristine orig-tar inventory contained no service unit or template
upstream_artifact,fedora:https://www.anope.org::anope,upstream_recovery,U4_NO_UPSTREAM_UNIT,complete pristine orig-tar inventory contained no service unit or template
upstream_artifact,fedora:https://www.asterisk.org::asterisk,upstream_recovery,U5_AMBIGUOUS_OR_UNRESOLVED,pristine source unavailable
upstream_artifact,fedora:https://www.bacula.org::bacula-dir,upstream_recovery,U5_AMBIGUOUS_OR_UNRESOLVED,pristine source unavailable
upstream_artifact,fedora:https://www.bacula.org::bacula-fd,upstream_recovery,U5_AMBIGUOUS_OR_UNRESOLVED,pristine source unavailable
upstream_artifact,fedora:https://www.bacula.org::bacula-sd,upstream_recovery,U5_AMBIGUOUS_OR_UNRESOLVED,pristine source unavailable
upstream_artifact,fedora:https://www.cipherdyne.org/fwknop::fwknopd,upstream_recovery,U5_AMBIGUOUS_OR_UNRESOLVED,pristine source unavailable
upstream_artifact,fedora:https://www.cipherdyne.org/psad::psad,upstream_recovery,U5_AMBIGUOUS_OR_UNRESOLVED,pristine source unavailable
upstream_artifact,fedora:https://www.conserver.com::conserver,upstream_recovery,U4_NO_UPSTREAM_UNIT,complete pristine orig-tar inventory contained no service unit or template
upstream_artifact,fedora:https://www.cstr.ed.ac.uk/projects/festival::festival,upstream_recovery,U4_NO_UPSTREAM_UNIT,complete pristine orig-tar inventory contained no service unit or template
upstream_artifact,fedora:https://www.cyrusimap.org/sasl::saslauthd,upstream_recovery,U4_NO_UPSTREAM_UNIT,complete pristine orig-tar inventory contained no service unit or template
upstream_artifact,fedora:https://www.erlang.org::epmd,upstream_recovery,U4_NO_UPSTREAM_UNIT,complete pristine orig-tar inventory contained no service unit or template
upstream_artifact,fedora:https://www.exim.org::exim,upstream_recovery,U4_NO_UPSTREAM_UNIT,complete pristine orig-tar inventory contained no service unit or template
upstream_artifact,fedora:https://www.eyrie.org/~eagle/software/inn::rc.news,upstream_recovery,U4_NO_UPSTREAM_UNIT,complete pristine orig-tar inventory contained no service unit or template
upstream_artifact,fedora:https://www.firewalld.org::firewalld,upstream_recovery,U5_AMBIGUOUS_OR_UNRESOLVED,pristine source unavailable
upstream_artifact,fedora:https://www.freedesktop.org/wiki/Software/Plymouth::systemd-tty-ask-password-agent,upstream_recovery,U5_AMBIGUOUS_OR_UNRESOLVED,pristine source unavailable
upstream_artifact,fedora:https://www.freedesktop.org/wiki/Software/dbus::dbus-daemon,upstream_recovery,U5_AMBIGUOUS_OR_UNRESOLVED,"no unique upstream artifact; candidates=28, executable_candidates=2"
upstream_artifact,fedora:https://www.gnu.org/software/acct::accton,upstream_recovery,U4_NO_UPSTREAM_UNIT,complete pristine orig-tar inventory contained no service unit or template
upstream_artifact,fedora:https://www.gnu.org/software/freeipmi::bmc-watchdog,upstream_recovery,U5_AMBIGUOUS_OR_UNRESOLVED,ambiguous exact artifacts=2
upstream_artifact,fedora:https://www.gnu.org/software/freeipmi::ipmidetectd,upstream_recovery,U5_AMBIGUOUS_OR_UNRESOLVED,ambiguous exact artifacts=2
upstream_artifact,fedora:https://www.gnu.org/software/freeipmi::ipmiseld,upstream_recovery,U5_AMBIGUOUS_OR_UNRESOLVED,ambiguous exact artifacts=2
upstream_artifact,fedora:https://www.infradead.org/~dhowells/kafs::kafs-preload,upstream_recovery,U5_AMBIGUOUS_OR_UNRESOLVED,pristine source unavailable
upstream_artifact,fedora:https://www.kernel.org::hv_kvp_daemon,upstream_recovery,U4_NO_UPSTREAM_UNIT,complete pristine orig-tar inventory contained no service unit or template
upstream_artifact,fedora:https://www.kernel.org::hv_vss_daemon,upstream_recovery,U4_NO_UPSTREAM_UNIT,complete pristine orig-tar inventory contained no service unit or template
upstream_artifact,fedora:https://www.kernel.org::usbipd,upstream_recovery,U4_NO_UPSTREAM_UNIT,complete pristine orig-tar inventory contained no service unit or template
upstream_artifact,fedora:https://www.knot-dns.cz::knotd,upstream_recovery,U5_AMBIGUOUS_OR_UNRESOLVED,ambiguous exact artifacts=3
upstream_artifact,fedora:https://www.lighttpd.net::upstream-unit::doc/systemd/lighttpd.service,upstream_recovery,U5_AMBIGUOUS_OR_UNRESOLVED,ambiguous exact artifacts=2
upstream_artifact,fedora:https://www.linuxptp.org::timemaster,upstream_recovery,U4_NO_UPSTREAM_UNIT,complete pristine orig-tar inventory contained no service unit or template
upstream_artifact,fedora:https://www.musicpd.org/clients/mpdscribble::mpdscribble,upstream_recovery,U5_AMBIGUOUS_OR_UNRESOLVED,ambiguous exact artifacts=2
upstream_artifact,fedora:https://www.musicpd.org::mpd,upstream_recovery,U5_AMBIGUOUS_OR_UNRESOLVED,ambiguous exact artifacts=2
upstream_artifact,fedora:https://www.nico.schottelius.org/software/gpm::gpm,upstream_recovery,U4_NO_UPSTREAM_UNIT,complete pristine orig-tar inventory contained no service unit or template
upstream_artifact,fedora:https://www.openbgpd.org::bgpd,upstream_recovery,U4_NO_UPSTREAM_UNIT,complete pristine orig-tar inventory contained no service unit or template
upstream_artifact,fedora:https://www.opendnssec.org::ods-enforcerd,upstream_recovery,U4_NO_UPSTREAM_UNIT,complete pristine orig-tar inventory contained no service unit or template
upstream_artifact,fedora:https://www.opendnssec.org::ods-signerd,upstream_recovery,U4_NO_UPSTREAM_UNIT,complete pristine orig-tar inventory contained no service unit or template
upstream_artifact,fedora:https://www.opensmtpd.org::smtpd,upstream_recovery,U4_NO_UPSTREAM_UNIT,complete pristine orig-tar inventory contained no service unit or template
upstream_artifact,fedora:https://www.openssh.com/portable.html::sshd,upstream_recovery,U4_NO_UPSTREAM_UNIT,complete pristine orig-tar inventory contained no service unit or template
upstream_artifact,fedora:https://www.postfix.org::postfix,upstream_recovery,U4_NO_UPSTREAM_UNIT,complete pristine orig-tar inventory contained no service unit or template
upstream_artifact,fedora:https://www.pps.univ-paris-diderot.fr/~jch/software/babel::babeld,upstream_recovery,U4_NO_UPSTREAM_UNIT,complete pristine orig-tar inventory contained no service unit or template
upstream_artifact,fedora:https://www.rabbitmq.com::rabbitmq-server,upstream_recovery,U4_NO_UPSTREAM_UNIT,complete pristine orig-tar inventory contained no service unit or template
upstream_artifact,fedora:https://www.rsyslog.com::rsyslogd,upstream_recovery,U4_NO_UPSTREAM_UNIT,complete pristine orig-tar inventory contained no service unit or template
upstream_artifact,fedora:https://www.strongswan.org::charon-systemd,upstream_recovery,U5_AMBIGUOUS_OR_UNRESOLVED,pristine source unavailable
upstream_artifact,fedora:https://www.svxlink.org::remotetrx,upstream_recovery,U5_AMBIGUOUS_OR_UNRESOLVED,pristine source unavailable
upstream_artifact,fedora:https://www.svxlink.org::svxlink,upstream_recovery,U5_AMBIGUOUS_OR_UNRESOLVED,pristine source unavailable
upstream_artifact,fedora:https://www.svxlink.org::svxlink_gpio_up,upstream_recovery,U5_AMBIGUOUS_OR_UNRESOLVED,pristine source unavailable
upstream_artifact,fedora:https://www.svxlink.org::svxreflector,upstream_recovery,U5_AMBIGUOUS_OR_UNRESOLVED,pristine source unavailable
upstream_artifact,fedora:https://www.tntnet.org::tntnet,upstream_recovery,U4_NO_UPSTREAM_UNIT,complete pristine orig-tar inventory contained no service unit or template
upstream_artifact,fedora:https://www.torproject.org::tor,upstream_recovery,U4_NO_UPSTREAM_UNIT,complete pristine orig-tar inventory contained no service unit or template
upstream_artifact,fedora:https://www.torproject.org::true,upstream_recovery,U4_NO_UPSTREAM_UNIT,complete pristine orig-tar inventory contained no service unit or template
upstream_artifact,fedora:https://www.unix-ag.uni-kl.de/~bloch/acng::apt-cacher-ng,upstream_recovery,U5_AMBIGUOUS_OR_UNRESOLVED,ambiguous exact artifacts=2
upstream_artifact,fedora:https://www.unrealircd.org::unrealircd,upstream_recovery,U4_NO_UPSTREAM_UNIT,complete pristine orig-tar inventory contained no service unit or template
upstream_artifact,fedora:https://www.varnish-cache.org::varnishd,upstream_recovery,U5_AMBIGUOUS_OR_UNRESOLVED,ambiguous exact artifacts=4
upstream_artifact,fedora:https://www.varnish-cache.org::varnishd,upstream_recovery,U5_AMBIGUOUS_OR_UNRESOLVED,pristine source unavailable
upstream_artifact,fedora:https://www.varnish-cache.org::varnishncsa,upstream_recovery,U5_AMBIGUOUS_OR_UNRESOLVED,ambiguous exact artifacts=3
upstream_artifact,fedora:https://www.varnish-cache.org::varnishncsa,upstream_recovery,U5_AMBIGUOUS_OR_UNRESOLVED,pristine source unavailable
upstream_artifact,fedora:https://www.wesnoth.org::wesnothd,upstream_recovery,U5_AMBIGUOUS_OR_UNRESOLVED,pristine source unavailable
upstream_artifact,fedora:https://www.xrdp.org::xrdp,upstream_recovery,U5_AMBIGUOUS_OR_UNRESOLVED,pristine source unavailable
upstream_artifact,fedora:https://www.xrdp.org::xrdp-sesman,upstream_recovery,U5_AMBIGUOUS_OR_UNRESOLVED,pristine source unavailable
upstream_artifact,fedora:https://www.yadifa.eu::yadifad,upstream_recovery,U4_NO_UPSTREAM_UNIT,complete pristine orig-tar inventory contained no service unit or template
upstream_artifact,fedora:https://www.yo2loj.ro/hamprojects::ampr-ripd,upstream_recovery,U4_NO_UPSTREAM_UNIT,complete pristine orig-tar inventory contained no service unit or template
upstream_artifact,fedora:https://www.zabbix.com::zabbix_agentd,upstream_recovery,U4_NO_UPSTREAM_UNIT,complete pristine orig-tar inventory contained no service unit or template
upstream_artifact,fedora:https://www.zeroflux.org/projects/knock::knockd,upstream_recovery,U4_NO_UPSTREAM_UNIT,complete pristine orig-tar inventory contained no service unit or template
upstream_artifact,ubuntu:https://arthurdejong.org/nss-pam-ldapd::nslcd,upstream_recovery,U4_NO_UPSTREAM_UNIT,complete pristine orig-tar inventory contained no service unit or template
upstream_artifact,ubuntu:https://c-icap.sourceforge.net::c-icap,upstream_recovery,U4_NO_UPSTREAM_UNIT,complete pristine orig-tar inventory contained no service unit or template
upstream_artifact,ubuntu:https://ceph.com::ceph-mon,upstream_recovery,U5_AMBIGUOUS_OR_UNRESOLVED,"no unique upstream artifact; candidates=15, executable_candidates=2"
upstream_artifact,ubuntu:https://certbot.eff.org::certbot,upstream_recovery,U4_NO_UPSTREAM_UNIT,complete pristine orig-tar inventory contained no service unit or template
upstream_artifact,ubuntu:https://cloud-init.io::cloud-init,upstream_recovery,U5_AMBIGUOUS_OR_UNRESOLVED,"no unique upstream artifact; candidates=4, executable_candidates=4"
upstream_artifact,ubuntu:https://conntrack-tools.netfilter.org::conntrackd,upstream_recovery,U4_NO_UPSTREAM_UNIT,complete pristine orig-tar inventory contained no service unit or template
upstream_artifact,ubuntu:https://crossfire.real-time.com::crossfire-server,upstream_recovery,U4_NO_UPSTREAM_UNIT,complete pristine orig-tar inventory contained no service unit or template
upstream_artifact,ubuntu:https://deluge-torrent.org::deluge-web,upstream_recovery,U5_AMBIGUOUS_OR_UNRESOLVED,ambiguous exact artifacts=2
upstream_artifact,ubuntu:https://deluge-torrent.org::deluged,upstream_recovery,U5_AMBIGUOUS_OR_UNRESOLVED,ambiguous exact artifacts=2
upstream_artifact,ubuntu:https://ee.lbl.gov::true,upstream_recovery,U4_NO_UPSTREAM_UNIT,complete pristine orig-tar inventory contained no service unit or template
upstream_artifact,ubuntu:https://fastnetmon.com::fastnetmon,upstream_recovery,U5_AMBIGUOUS_OR_UNRESOLVED,ambiguous exact artifacts=2
upstream_artifact,ubuntu:https://fastnetmon.com::upstream-unit::src/packaging/fedora/fastnetmon.service,upstream_recovery,U5_AMBIGUOUS_OR_UNRESOLVED,ambiguous exact artifacts=2
upstream_artifact,ubuntu:https://gdnsd.org::gdnsd,upstream_recovery,U4_NO_UPSTREAM_UNIT,complete pristine orig-tar inventory contained no service unit or template
upstream_artifact,ubuntu:https://gerbera.io::gerbera,upstream_recovery,U4_NO_UPSTREAM_UNIT,complete pristine orig-tar inventory contained no service unit or template
upstream_artifact,ubuntu:https://github.com/COVESA/dlt-daemon::dlt-daemon,upstream_recovery,U4_NO_UPSTREAM_UNIT,complete pristine orig-tar inventory contained no service unit or template
upstream_artifact,ubuntu:https://github.com/COVESA/dlt-daemon::dlt-dbus,upstream_recovery,U4_NO_UPSTREAM_UNIT,complete pristine orig-tar inventory contained no service unit or template
upstream_artifact,ubuntu:https://github.com/COVESA/dlt-daemon::dlt-system,upstream_recovery,U4_NO_UPSTREAM_UNIT,complete pristine orig-tar inventory contained no service unit or template
upstream_artifact,ubuntu:https://github.com/ClusterLabs/booth::true,upstream_recovery,U5_AMBIGUOUS_OR_UNRESOLVED,"no unique upstream artifact; candidates=2, executable_candidates=0"
upstream_artifact,ubuntu:https://github.com/DNSCrypt/dnscrypt-proxy::dnscrypt-proxy,upstream_recovery,U4_NO_UPSTREAM_UNIT,complete pristine orig-tar inventory contained no service unit or template
upstream_artifact,ubuntu:https://github.com/DNSCrypt/dnscrypt-proxy::sh,upstream_recovery,U4_NO_UPSTREAM_UNIT,complete pristine orig-tar inventory contained no service unit or template
upstream_artifact,ubuntu:https://github.com/HewlettPackard/netperf::netserver,upstream_recovery,U4_NO_UPSTREAM_UNIT,complete pristine orig-tar inventory contained no service unit or template
upstream_artifact,ubuntu:https://github.com/OpenMandrivaSoftware/ossp::osspd,upstream_recovery,U4_NO_UPSTREAM_UNIT,complete pristine orig-tar inventory contained no service unit or template
upstream_artifact,ubuntu:https://github.com/Snawoot/postfix-mta-sts-resolver::mta-sts-daemon,upstream_recovery,U5_AMBIGUOUS_OR_UNRESOLVED,"no unique upstream artifact; candidates=2, executable_candidates=2"
upstream_artifact,ubuntu:https://github.com/SuperQ/smokeping_prober::prometheus-smokeping-prober,upstream_recovery,U4_NO_UPSTREAM_UNIT,complete pristine orig-tar inventory contained no service unit or template
upstream_artifact,ubuntu:https://github.com/adnanh/webhook::webhook,upstream_recovery,U4_NO_UPSTREAM_UNIT,complete pristine orig-tar inventory contained no service unit or template
upstream_artifact,ubuntu:https://github.com/analogdevicesinc/libiio::iiod,upstream_recovery,U4_NO_UPSTREAM_UNIT,complete pristine orig-tar inventory contained no service unit or template
upstream_artifact,ubuntu:https://github.com/ar-/incron::incrond,upstream_recovery,U4_NO_UPSTREAM_UNIT,complete pristine orig-tar inventory contained no service unit or template
upstream_artifact,ubuntu:https://github.com/bus1/dbus-broker::dbus-broker-launch,upstream_recovery,U5_AMBIGUOUS_OR_UNRESOLVED,ambiguous exact artifacts=2
upstream_artifact,ubuntu:https://github.com/cronie-crond/cronie::crond,upstream_recovery,U4_NO_UPSTREAM_UNIT,complete pristine orig-tar inventory contained no service unit or template
upstream_artifact,ubuntu:https://github.com/czerwonk/bird_exporter::prometheus-bird-exporter,upstream_recovery,U4_NO_UPSTREAM_UNIT,complete pristine orig-tar inventory contained no service unit or template
upstream_artifact,ubuntu:https://github.com/dlundquist/sniproxy::sniproxy,upstream_recovery,U4_NO_UPSTREAM_UNIT,complete pristine orig-tar inventory contained no service unit or template
upstream_artifact,ubuntu:https://github.com/ggml-org/llama.cpp::llama-server,upstream_recovery,U4_NO_UPSTREAM_UNIT,complete pristine orig-tar inventory contained no service unit or template
upstream_artifact,ubuntu:https://github.com/graphite-project/carbon::carbon-cache,upstream_recovery,U4_NO_UPSTREAM_UNIT,complete pristine orig-tar inventory contained no service unit or template
upstream_artifact,ubuntu:https://github.com/gridcf/gct::globus-gridftp-server,upstream_recovery,U4_NO_UPSTREAM_UNIT,complete pristine orig-tar inventory contained no service unit or template
upstream_artifact,ubuntu:https://github.com/grondo/edac-utils::edac-ctl,upstream_recovery,U4_NO_UPSTREAM_UNIT,complete pristine orig-tar inventory contained no service unit or template
upstream_artifact,ubuntu:https://github.com/jonnenauha/prometheus_varnish_exporter::prometheus-varnish-exporter,upstream_recovery,U4_NO_UPSTREAM_UNIT,complete pristine orig-tar inventory contained no service unit or template
upstream_artifact,ubuntu:https://github.com/linux-msm/qbootctl::qbootctl,upstream_recovery,U4_NO_UPSTREAM_UNIT,complete pristine orig-tar inventory contained no service unit or template
upstream_artifact,ubuntu:https://github.com/linux-rdma/opensm::sh,upstream_recovery,U4_NO_UPSTREAM_UNIT,complete pristine orig-tar inventory contained no service unit or template
upstream_artifact,ubuntu:https://github.com/nfs-ganesha/nfs-ganesha::bash,upstream_recovery,U4_NO_UPSTREAM_UNIT,complete pristine orig-tar inventory contained no service unit or template
upstream_artifact,ubuntu:https://github.com/nfs-ganesha/nfs-ganesha::nfs-ganesha-config.sh,upstream_recovery,U4_NO_UPSTREAM_UNIT,complete pristine orig-tar inventory contained no service unit or template
upstream_artifact,ubuntu:https://github.com/oliver006/redis_exporter::prometheus-redis-exporter,upstream_recovery,U4_NO_UPSTREAM_UNIT,complete pristine orig-tar inventory contained no service unit or template
upstream_artifact,ubuntu:https://github.com/open-iscsi/open-isns::isnsdd,upstream_recovery,U5_AMBIGUOUS_OR_UNRESOLVED,"no unique upstream artifact; candidates=1, executable_candidates=0"
upstream_artifact,ubuntu:https://github.com/prehor/amavisd-milter::amavisd-milter,upstream_recovery,U4_NO_UPSTREAM_UNIT,complete pristine orig-tar inventory contained no service unit or template
upstream_artifact,ubuntu:https://github.com/prometheus-community/elasticsearch_exporter::prometheus-elasticsearch-exporter,upstream_recovery,U4_NO_UPSTREAM_UNIT,complete pristine orig-tar inventory contained no service unit or template
upstream_artifact,ubuntu:https://github.com/prometheus-community/postgres_exporter::prometheus-postgres-exporter,upstream_recovery,U4_NO_UPSTREAM_UNIT,complete pristine orig-tar inventory contained no service unit or template
upstream_artifact,ubuntu:https://github.com/prometheus/blackbox_exporter::prometheus-blackbox-exporter,upstream_recovery,U4_NO_UPSTREAM_UNIT,complete pristine orig-tar inventory contained no service unit or template
upstream_artifact,ubuntu:https://github.com/prometheus/mysqld_exporter::prometheus-mysqld-exporter,upstream_recovery,U4_NO_UPSTREAM_UNIT,complete pristine orig-tar inventory contained no service unit or template
upstream_artifact,ubuntu:https://github.com/prometheus/node_exporter::prometheus-node-exporter,upstream_recovery,U5_AMBIGUOUS_OR_UNRESOLVED,"no unique upstream artifact; candidates=1, executable_candidates=0"
upstream_artifact,ubuntu:https://github.com/prometheus/snmp_exporter::prometheus-snmp-exporter,upstream_recovery,U5_AMBIGUOUS_OR_UNRESOLVED,"no unique upstream artifact; candidates=1, executable_candidates=0"
upstream_artifact,ubuntu:https://github.com/shellinabox/shellinabox::shellinaboxd,upstream_recovery,U4_NO_UPSTREAM_UNIT,complete pristine orig-tar inventory contained no service unit or template
upstream_artifact,ubuntu:https://github.com/snapcore/snapd::snap-bootstrap,upstream_recovery,U5_AMBIGUOUS_OR_UNRESOLVED,pristine source unavailable
upstream_artifact,ubuntu:https://github.com/snapcore/snapd::snapd,upstream_recovery,U5_AMBIGUOUS_OR_UNRESOLVED,pristine source unavailable
upstream_artifact,ubuntu:https://github.com/snapcore/snapd::snapd-apparmor,upstream_recovery,U5_AMBIGUOUS_OR_UNRESOLVED,pristine source unavailable
upstream_artifact,ubuntu:https://github.com/sysrepo/sysrepo::sysrepo-plugind,upstream_recovery,U5_AMBIGUOUS_OR_UNRESOLVED,ambiguous exact artifacts=2
upstream_artifact,ubuntu:https://github.com/toreanderson/clatd::clatd,upstream_recovery,U4_NO_UPSTREAM_UNIT,complete pristine orig-tar inventory contained no service unit or template
upstream_artifact,ubuntu:https://github.com/trojan-gfw/trojan::trojan,upstream_recovery,U4_NO_UPSTREAM_UNIT,complete pristine orig-tar inventory contained no service unit or template
upstream_artifact,ubuntu:https://github.com/v2fly/v2ray-core::v2ray,upstream_recovery,U5_AMBIGUOUS_OR_UNRESOLVED,ambiguous exact artifacts=2
upstream_artifact,ubuntu:https://github.com/vmatare/thinkfan::thinkfan,upstream_recovery,U5_AMBIGUOUS_OR_UNRESOLVED,"no unique upstream artifact; candidates=2, executable_candidates=2"
upstream_artifact,ubuntu:https://github.com/vmware/open-vm-tools::VGAuthService,upstream_recovery,U4_NO_UPSTREAM_UNIT,complete pristine orig-tar inventory contained no service unit or template
upstream_artifact,ubuntu:https://github.com/vmware/open-vm-tools::vmtoolsd,upstream_recovery,U4_NO_UPSTREAM_UNIT,complete pristine orig-tar inventory contained no service unit or template
upstream_artifact,ubuntu:https://gitlab.freedesktop.org/hadess/iio-sensor-proxy::iio-sensor-proxy,upstream_recovery,U5_AMBIGUOUS_OR_UNRESOLVED,pristine source unavailable
upstream_artifact,ubuntu:https://gitlab.freedesktop.org/upower/power-profiles-daemon::power-profiles-daemon,upstream_recovery,U5_AMBIGUOUS_OR_UNRESOLVED,pristine source unavailable
upstream_artifact,ubuntu:https://hcpnet.free.fr/milter-greylist::milter-greylist,upstream_recovery,U4_NO_UPSTREAM_UNIT,complete pristine orig-tar inventory contained no service unit or template
upstream_artifact,ubuntu:https://hitch-tls.org::hitch,upstream_recovery,U4_NO_UPSTREAM_UNIT,complete pristine orig-tar inventory contained no service unit or template
upstream_artifact,ubuntu:https://httpd.apache.org::apachectl,upstream_recovery,U4_NO_UPSTREAM_UNIT,complete pristine orig-tar inventory contained no service unit or template
upstream_artifact,ubuntu:https://httpd.apache.org::htcacheclean,upstream_recovery,U4_NO_UPSTREAM_UNIT,complete pristine orig-tar inventory contained no service unit or template
upstream_artifact,ubuntu:https://humdi.net/vnstat::vnstatd,upstream_recovery,U5_AMBIGUOUS_OR_UNRESOLVED,ambiguous exact artifacts=2
upstream_artifact,ubuntu:https://i2pd.website::i2pd,upstream_recovery,U5_AMBIGUOUS_OR_UNRESOLVED,ambiguous exact artifacts=3
upstream_artifact,ubuntu:https://janus.conf.meetecho.com::janus,upstream_recovery,U4_NO_UPSTREAM_UNIT,complete pristine orig-tar inventory contained no service unit or template
upstream_artifact,ubuntu:https://kea.isc.org::kea-ctrl-agent,upstream_recovery,U4_NO_UPSTREAM_UNIT,complete pristine orig-tar inventory contained no service unit or template
upstream_artifact,ubuntu:https://kea.isc.org::kea-dhcp-ddns,upstream_recovery,U4_NO_UPSTREAM_UNIT,complete pristine orig-tar inventory contained no service unit or template
upstream_artifact,ubuntu:https://kea.isc.org::kea-dhcp4,upstream_recovery,U4_NO_UPSTREAM_UNIT,complete pristine orig-tar inventory contained no service unit or template
upstream_artifact,ubuntu:https://kea.isc.org::kea-dhcp6,upstream_recovery,U4_NO_UPSTREAM_UNIT,complete pristine orig-tar inventory contained no service unit or template
upstream_artifact,ubuntu:https://launchpad.net/ufw::ufw-init,upstream_recovery,U4_NO_UPSTREAM_UNIT,complete pristine orig-tar inventory contained no service unit or template
upstream_artifact,ubuntu:https://linuxcontainers.org/incus::incus-user,upstream_recovery,U5_AMBIGUOUS_OR_UNRESOLVED,"no unique upstream artifact; candidates=1, executable_candidates=0"
upstream_artifact,ubuntu:https://linuxcontainers.org/incus::startup,upstream_recovery,U5_AMBIGUOUS_OR_UNRESOLVED,"no unique upstream artifact; candidates=1, executable_candidates=0"
upstream_artifact,ubuntu:https://lttng.org::lttng-sessiond,upstream_recovery,U4_NO_UPSTREAM_UNIT,complete pristine orig-tar inventory contained no service unit or template
upstream_artifact,ubuntu:https://lttng.org::lttng-sessiond,upstream_recovery,U5_AMBIGUOUS_OR_UNRESOLVED,pristine source unavailable
upstream_artifact,ubuntu:https://matt.ucc.asn.au/dropbear/dropbear.html::dropbear,upstream_recovery,U4_NO_UPSTREAM_UNIT,complete pristine orig-tar inventory contained no service unit or template
upstream_artifact,ubuntu:https://matt.ucc.asn.au/dropbear/dropbear.html::dropbear,upstream_recovery,U5_AMBIGUOUS_OR_UNRESOLVED,pristine source unavailable
upstream_artifact,ubuntu:https://metalog.sourceforge.net::metalog,upstream_recovery,U4_NO_UPSTREAM_UNIT,complete pristine orig-tar inventory contained no service unit or template
upstream_artifact,ubuntu:https://miniupnp.tuxfamily.org::miniupnpd,upstream_recovery,U5_AMBIGUOUS_OR_UNRESOLVED,"no unique upstream artifact; candidates=2, executable_candidates=2"
upstream_artifact,ubuntu:https://mmonit.com/monit::monit,upstream_recovery,U5_AMBIGUOUS_OR_UNRESOLVED,ambiguous exact artifacts=2
upstream_artifact,ubuntu:https://mosquitto.org::mosquitto,upstream_recovery,U4_NO_UPSTREAM_UNIT,complete pristine orig-tar inventory contained no service unit or template
upstream_artifact,ubuntu:https://munin-monitoring.org::munin-asyncd,upstream_recovery,U4_NO_UPSTREAM_UNIT,complete pristine orig-tar inventory contained no service unit or template
upstream_artifact,ubuntu:https://munin-monitoring.org::munin-node,upstream_recovery,U4_NO_UPSTREAM_UNIT,complete pristine orig-tar inventory contained no service unit or template
upstream_artifact,ubuntu:https://networkmanager.dev::nm-dispatcher,upstream_recovery,U5_AMBIGUOUS_OR_UNRESOLVED,pristine source unavailable
upstream_artifact,ubuntu:https://networkmanager.dev::nm-priv-helper,upstream_recovery,U5_AMBIGUOUS_OR_UNRESOLVED,pristine source unavailable
upstream_artifact,ubuntu:https://omniorb.sourceforge.net::omniNames,upstream_recovery,U4_NO_UPSTREAM_UNIT,complete pristine orig-tar inventory contained no service unit or template
upstream_artifact,ubuntu:https://opendev.org/openstack/virtualbmc::vbmcd,upstream_recovery,U4_NO_UPSTREAM_UNIT,complete pristine orig-tar inventory contained no service unit or template
upstream_artifact,ubuntu:https://perfetto.dev::traced,upstream_recovery,U4_NO_UPSTREAM_UNIT,complete pristine orig-tar inventory contained no service unit or template
upstream_artifact,ubuntu:https://perfetto.dev::traced_probes,upstream_recovery,U4_NO_UPSTREAM_UNIT,complete pristine orig-tar inventory contained no service unit or template
upstream_artifact,ubuntu:https://postgrey.schweikert.ch::postgrey,upstream_recovery,U4_NO_UPSTREAM_UNIT,complete pristine orig-tar inventory contained no service unit or template
upstream_artifact,ubuntu:https://prometheus.io::prometheus,upstream_recovery,U4_NO_UPSTREAM_UNIT,complete pristine orig-tar inventory contained no service unit or template
upstream_artifact,ubuntu:https://qosient.com/argus::radium,upstream_recovery,U5_AMBIGUOUS_OR_UNRESOLVED,ambiguous exact artifacts=2
upstream_artifact,ubuntu:https://radicale.org::radicale,upstream_recovery,U4_NO_UPSTREAM_UNIT,complete pristine orig-tar inventory contained no service unit or template
upstream_artifact,ubuntu:https://radscan.com/nas.html::nasd,upstream_recovery,U4_NO_UPSTREAM_UNIT,complete pristine orig-tar inventory contained no service unit or template
upstream_artifact,ubuntu:https://radsecproxy.github.io::radsecproxy,upstream_recovery,U4_NO_UPSTREAM_UNIT,complete pristine orig-tar inventory contained no service unit or template
upstream_artifact,ubuntu:https://redict.io::redict-sentinel,upstream_recovery,U5_AMBIGUOUS_OR_UNRESOLVED,"no unique upstream artifact; candidates=2, executable_candidates=0"
upstream_artifact,ubuntu:https://redict.io::redict-server,upstream_recovery,U5_AMBIGUOUS_OR_UNRESOLVED,"no unique upstream artifact; candidates=2, executable_candidates=2"
upstream_artifact,ubuntu:https://snapper.io::snapper,upstream_recovery,U5_AMBIGUOUS_OR_UNRESOLVED,"no unique upstream artifact; candidates=5, executable_candidates=5"
upstream_artifact,ubuntu:https://snapper.io::upstream-unit::data/cleanup.service,upstream_recovery,U5_AMBIGUOUS_OR_UNRESOLVED,"no unique upstream artifact; candidates=5, executable_candidates=2"
upstream_artifact,ubuntu:https://snapper.io::upstream-unit::data/timeline.service,upstream_recovery,U5_AMBIGUOUS_OR_UNRESOLVED,"no unique upstream artifact; candidates=5, executable_candidates=2"
upstream_artifact,ubuntu:https://sourceforge.net/projects/acpid2::acpid,upstream_recovery,U4_NO_UPSTREAM_UNIT,complete pristine orig-tar inventory contained no service unit or template
upstream_artifact,ubuntu:https://sourceforge.net/projects/atftp::in.tftpd,upstream_recovery,U4_NO_UPSTREAM_UNIT,complete pristine orig-tar inventory contained no service unit or template
upstream_artifact,ubuntu:https://sourceforge.net/projects/dict::dictd,upstream_recovery,U4_NO_UPSTREAM_UNIT,complete pristine orig-tar inventory contained no service unit or template
upstream_artifact,ubuntu:https://sourceforge.net/projects/linuxquota::quota-initial-check.sh,upstream_recovery,U4_NO_UPSTREAM_UNIT,complete pristine orig-tar inventory contained no service unit or template
upstream_artifact,ubuntu:https://sourceforge.net/projects/linuxquota::quotarpc.sh,upstream_recovery,U4_NO_UPSTREAM_UNIT,complete pristine orig-tar inventory contained no service unit or template
upstream_artifact,ubuntu:https://sourceforge.net/projects/minidlna::minidlnad,upstream_recovery,U4_NO_UPSTREAM_UNIT,complete pristine orig-tar inventory contained no service unit or template
upstream_artifact,ubuntu:https://sourceforge.net/projects/rpcbind::rpcbind,upstream_recovery,U5_AMBIGUOUS_OR_UNRESOLVED,pristine source unavailable
upstream_artifact,ubuntu:https://sourceware.org/lvm2::dmeventd,upstream_recovery,U5_AMBIGUOUS_OR_UNRESOLVED,"no unique upstream artifact; candidates=11, executable_candidates=2"
upstream_artifact,ubuntu:https://sourceware.org/lvm2::lvmdbusd,upstream_recovery,U5_AMBIGUOUS_OR_UNRESOLVED,"no unique upstream artifact; candidates=11, executable_candidates=2"
upstream_artifact,ubuntu:https://sourceware.org/lvm2::true,upstream_recovery,U5_AMBIGUOUS_OR_UNRESOLVED,"no unique upstream artifact; candidates=11, executable_candidates=2"
upstream_artifact,ubuntu:https://sqlgrey.sourceforge.net::sqlgrey,upstream_recovery,U4_NO_UPSTREAM_UNIT,complete pristine orig-tar inventory contained no service unit or template
upstream_artifact,ubuntu:https://supervisord.org::supervisord,upstream_recovery,U4_NO_UPSTREAM_UNIT,complete pristine orig-tar inventory contained no service unit or template
upstream_artifact,ubuntu:https://systemd.io::systemd-fsck,upstream_recovery,U5_AMBIGUOUS_OR_UNRESOLVED,ambiguous exact artifacts=8
upstream_artifact,ubuntu:https://systemd.io::systemd-importd,upstream_recovery,U5_AMBIGUOUS_OR_UNRESOLVED,ambiguous exact artifacts=2
upstream_artifact,ubuntu:https://systemd.io::systemd-machined,upstream_recovery,U5_AMBIGUOUS_OR_UNRESOLVED,ambiguous exact artifacts=3
upstream_artifact,ubuntu:https://systemd.io::systemd-remount-fs,upstream_recovery,U5_AMBIGUOUS_OR_UNRESOLVED,ambiguous exact artifacts=3
upstream_artifact,ubuntu:https://systemd.io::systemd-resolved,upstream_recovery,U5_AMBIGUOUS_OR_UNRESOLVED,ambiguous exact artifacts=2
upstream_artifact,ubuntu:https://systemd.io::upstream-unit::units/systemd-exit.service,upstream_recovery,U5_AMBIGUOUS_OR_UNRESOLVED,ambiguous exact artifacts=2
upstream_artifact,ubuntu:https://systemd.io::upstream-unit::units/systemd-tmpfiles-clean.service,upstream_recovery,U5_AMBIGUOUS_OR_UNRESOLVED,ambiguous exact artifacts=2
upstream_artifact,ubuntu:https://systemd.io::upstream-unit::units/systemd-tmpfiles-setup.service,upstream_recovery,U5_AMBIGUOUS_OR_UNRESOLVED,ambiguous exact artifacts=2
upstream_artifact,ubuntu:https://tetrinetx.sourceforge.net::tetrinetx,upstream_recovery,U4_NO_UPSTREAM_UNIT,complete pristine orig-tar inventory contained no service unit or template
upstream_artifact,ubuntu:https://tinyproxy.github.io::tinyproxy,upstream_recovery,U4_NO_UPSTREAM_UNIT,complete pristine orig-tar inventory contained no service unit or template
upstream_artifact,ubuntu:https://trousers.sourceforge.net::tcsd,upstream_recovery,U4_NO_UPSTREAM_UNIT,complete pristine orig-tar inventory contained no service unit or template
upstream_artifact,ubuntu:https://unix4lyfe.org/darkstat::darkstat,upstream_recovery,U4_NO_UPSTREAM_UNIT,complete pristine orig-tar inventory contained no service unit or template
upstream_artifact,ubuntu:https://upower.freedesktop.org::upowerd,upstream_recovery,U5_AMBIGUOUS_OR_UNRESOLVED,pristine source unavailable
upstream_artifact,ubuntu:https://valkey.io::valkey-sentinel,upstream_recovery,U5_AMBIGUOUS_OR_UNRESOLVED,"no unique upstream artifact; candidates=2, executable_candidates=0"
upstream_artifact,ubuntu:https://valkey.io::valkey-server,upstream_recovery,U5_AMBIGUOUS_OR_UNRESOLVED,"no unique upstream artifact; candidates=2, executable_candidates=2"
upstream_artifact,ubuntu:https://w1.fi/wpa_supplicant::hostapd,upstream_recovery,U5_AMBIGUOUS_OR_UNRESOLVED,"no unique upstream artifact; candidates=2, executable_candidates=0"
upstream_artifact,ubuntu:https://web.mit.edu/kerberos::kadmind,upstream_recovery,U4_NO_UPSTREAM_UNIT,complete pristine orig-tar inventory contained no service unit or template
upstream_artifact,ubuntu:https://web.mit.edu/kerberos::kpropd,upstream_recovery,U4_NO_UPSTREAM_UNIT,complete pristine orig-tar inventory contained no service unit or template
upstream_artifact,ubuntu:https://web.mit.edu/kerberos::krb5kdc,upstream_recovery,U4_NO_UPSTREAM_UNIT,complete pristine orig-tar inventory contained no service unit or template
upstream_artifact,ubuntu:https://wiki.nikhef.nl/grid/FetchCRL3::fetch-crl,upstream_recovery,U4_NO_UPSTREAM_UNIT,complete pristine orig-tar inventory contained no service unit or template
upstream_artifact,ubuntu:https://www.anope.org::anope,upstream_recovery,U4_NO_UPSTREAM_UNIT,complete pristine orig-tar inventory contained no service unit or template
upstream_artifact,ubuntu:https://www.apcupsd.org::apcupsd,upstream_recovery,U4_NO_UPSTREAM_UNIT,complete pristine orig-tar inventory contained no service unit or template
upstream_artifact,ubuntu:https://www.conserver.com::conserver,upstream_recovery,U4_NO_UPSTREAM_UNIT,complete pristine orig-tar inventory contained no service unit or template
upstream_artifact,ubuntu:https://www.cstr.ed.ac.uk/projects/festival::festival,upstream_recovery,U4_NO_UPSTREAM_UNIT,complete pristine orig-tar inventory contained no service unit or template
upstream_artifact,ubuntu:https://www.cyrusimap.org/sasl::saslauthd,upstream_recovery,U4_NO_UPSTREAM_UNIT,complete pristine orig-tar inventory contained no service unit or template
upstream_artifact,ubuntu:https://www.cyrusimap.org::cyrmaster,upstream_recovery,U4_NO_UPSTREAM_UNIT,complete pristine orig-tar inventory contained no service unit or template
upstream_artifact,ubuntu:https://www.ejabberd.im::sh,upstream_recovery,U4_NO_UPSTREAM_UNIT,complete pristine orig-tar inventory contained no service unit or template
upstream_artifact,ubuntu:https://www.erlang.org::epmd,upstream_recovery,U4_NO_UPSTREAM_UNIT,complete pristine orig-tar inventory contained no service unit or template
upstream_artifact,ubuntu:https://www.exim.org::exim4-base,upstream_recovery,U4_NO_UPSTREAM_UNIT,complete pristine orig-tar inventory contained no service unit or template
upstream_artifact,ubuntu:https://www.eyrie.org/~eagle/software/inn::rc.news,upstream_recovery,U4_NO_UPSTREAM_UNIT,complete pristine orig-tar inventory contained no service unit or template
upstream_artifact,ubuntu:https://www.firewalld.org::firewalld,upstream_recovery,U5_AMBIGUOUS_OR_UNRESOLVED,pristine source unavailable
upstream_artifact,ubuntu:https://www.freedesktop.org/wiki/Software/fprint/fprintd::fprintd,upstream_recovery,U5_AMBIGUOUS_OR_UNRESOLVED,pristine source unavailable
upstream_artifact,ubuntu:https://www.freedesktop.org/wiki/Software/udisks::udisksd,upstream_recovery,U5_AMBIGUOUS_OR_UNRESOLVED,pristine source unavailable
upstream_artifact,ubuntu:https://www.gnu.org/software/acct::accton,upstream_recovery,U4_NO_UPSTREAM_UNIT,complete pristine orig-tar inventory contained no service unit or template
upstream_artifact,ubuntu:https://www.gnu.org/software/freeipmi::bmc-watchdog,upstream_recovery,U5_AMBIGUOUS_OR_UNRESOLVED,ambiguous exact artifacts=2
upstream_artifact,ubuntu:https://www.gnu.org/software/freeipmi::ipmidetectd,upstream_recovery,U5_AMBIGUOUS_OR_UNRESOLVED,ambiguous exact artifacts=2
upstream_artifact,ubuntu:https://www.gnu.org/software/freeipmi::ipmiseld,upstream_recovery,U5_AMBIGUOUS_OR_UNRESOLVED,ambiguous exact artifacts=2
upstream_artifact,ubuntu:https://www.gnu.org/software/inetutils::inetutils-inetd,upstream_recovery,U4_NO_UPSTREAM_UNIT,complete pristine orig-tar inventory contained no service unit or template
upstream_artifact,ubuntu:https://www.gnu.org/software/inetutils::syslogd,upstream_recovery,U4_NO_UPSTREAM_UNIT,complete pristine orig-tar inventory contained no service unit or template
upstream_artifact,ubuntu:https://www.imapproxy.org::imapproxyd,upstream_recovery,U5_AMBIGUOUS_OR_UNRESOLVED,pristine source unavailable
upstream_artifact,ubuntu:https://www.isc.org/downloads/bind::sh,upstream_recovery,U4_NO_UPSTREAM_UNIT,complete pristine orig-tar inventory contained no service unit or template
upstream_artifact,ubuntu:https://www.knot-dns.cz::knotd,upstream_recovery,U5_AMBIGUOUS_OR_UNRESOLVED,ambiguous exact artifacts=3
upstream_artifact,ubuntu:https://www.linuxptp.org::timemaster,upstream_recovery,U4_NO_UPSTREAM_UNIT,complete pristine orig-tar inventory contained no service unit or template
upstream_artifact,ubuntu:https://www.litech.org/radvd::radvd,upstream_recovery,U5_AMBIGUOUS_OR_UNRESOLVED,ambiguous exact artifacts=2
upstream_artifact,ubuntu:https://www.luanti.org::luantiserver,upstream_recovery,U4_NO_UPSTREAM_UNIT,complete pristine orig-tar inventory contained no service unit or template
upstream_artifact,ubuntu:https://www.musicpd.org/clients/mpdscribble::mpdscribble,upstream_recovery,U5_AMBIGUOUS_OR_UNRESOLVED,ambiguous exact artifacts=2
upstream_artifact,ubuntu:https://www.musicpd.org::mpd,upstream_recovery,U5_AMBIGUOUS_OR_UNRESOLVED,ambiguous exact artifacts=2
upstream_artifact,ubuntu:https://www.netfilter.org/projects/ulogd::ulogd,upstream_recovery,U4_NO_UPSTREAM_UNIT,complete pristine orig-tar inventory contained no service unit or template
upstream_artifact,ubuntu:https://www.ntpsec.org::ntp-systemd-wrapper,upstream_recovery,U5_AMBIGUOUS_OR_UNRESOLVED,"no unique upstream artifact; candidates=6, executable_candidates=0"
upstream_artifact,ubuntu:https://www.ntpsec.org::rotate-stats,upstream_recovery,U5_AMBIGUOUS_OR_UNRESOLVED,"no unique upstream artifact; candidates=6, executable_candidates=0"
upstream_artifact,ubuntu:https://www.ntpsec.org::sh,upstream_recovery,U5_AMBIGUOUS_OR_UNRESOLVED,"no unique upstream artifact; candidates=6, executable_candidates=2"
upstream_artifact,ubuntu:https://www.open-iscsi.com::activate-storage.sh,upstream_recovery,U4_NO_UPSTREAM_UNIT,complete pristine orig-tar inventory contained no service unit or template
upstream_artifact,ubuntu:https://www.open-iscsi.com::iscsid,upstream_recovery,U4_NO_UPSTREAM_UNIT,complete pristine orig-tar inventory contained no service unit or template
upstream_artifact,ubuntu:https://www.open-iscsi.com::iscsiuio,upstream_recovery,U4_NO_UPSTREAM_UNIT,complete pristine orig-tar inventory contained no service unit or template
upstream_artifact,ubuntu:https://www.openbgpd.org::bgpd,upstream_recovery,U4_NO_UPSTREAM_UNIT,complete pristine orig-tar inventory contained no service unit or template
upstream_artifact,ubuntu:https://www.openbgpd.org::bgplgd,upstream_recovery,U4_NO_UPSTREAM_UNIT,complete pristine orig-tar inventory contained no service unit or template
upstream_artifact,ubuntu:https://www.opendnssec.org::ods-enforcerd,upstream_recovery,U4_NO_UPSTREAM_UNIT,complete pristine orig-tar inventory contained no service unit or template
upstream_artifact,ubuntu:https://www.opendnssec.org::ods-signerd,upstream_recovery,U4_NO_UPSTREAM_UNIT,complete pristine orig-tar inventory contained no service unit or template
upstream_artifact,ubuntu:https://www.openntpd.org::ntpd,upstream_recovery,U4_NO_UPSTREAM_UNIT,complete pristine orig-tar inventory contained no service unit or template
upstream_artifact,ubuntu:https://www.opensmtpd.org::smtpd,upstream_recovery,U4_NO_UPSTREAM_UNIT,complete pristine orig-tar inventory contained no service unit or template
upstream_artifact,ubuntu:https://www.partimage.org::partimaged,upstream_recovery,U4_NO_UPSTREAM_UNIT,complete pristine orig-tar inventory contained no service unit or template
upstream_artifact,ubuntu:https://www.partimage.org::partimaged,upstream_recovery,U5_AMBIGUOUS_OR_UNRESOLVED,pristine source unavailable
upstream_artifact,ubuntu:https://www.postfix.org::cp,upstream_recovery,U4_NO_UPSTREAM_UNIT,complete pristine orig-tar inventory contained no service unit or template
upstream_artifact,ubuntu:https://www.postfix.org::postfix,upstream_recovery,U4_NO_UPSTREAM_UNIT,complete pristine orig-tar inventory contained no service unit or template
upstream_artifact,ubuntu:https://www.powerdns.com::ixfrdist,upstream_recovery,U5_AMBIGUOUS_OR_UNRESOLVED,ambiguous exact artifacts=2
upstream_artifact,ubuntu:https://www.powerdns.com::ixfrdist,upstream_recovery,U5_AMBIGUOUS_OR_UNRESOLVED,pristine source unavailable
upstream_artifact,ubuntu:https://www.powerdns.com::pdns_server,upstream_recovery,U5_AMBIGUOUS_OR_UNRESOLVED,ambiguous exact artifacts=2
upstream_artifact,ubuntu:https://www.powerdns.com::pdns_server,upstream_recovery,U5_AMBIGUOUS_OR_UNRESOLVED,pristine source unavailable
upstream_artifact,ubuntu:https://www.pps.univ-paris-diderot.fr/~jch/software/babel::babeld,upstream_recovery,U4_NO_UPSTREAM_UNIT,complete pristine orig-tar inventory contained no service unit or template
upstream_artifact,ubuntu:https://www.rabbitmq.com::rabbitmq-server,upstream_recovery,U4_NO_UPSTREAM_UNIT,complete pristine orig-tar inventory contained no service unit or template
upstream_artifact,ubuntu:https://www.remlab.net/ndisc6::rdnssd,upstream_recovery,U4_NO_UPSTREAM_UNIT,complete pristine orig-tar inventory contained no service unit or template
upstream_artifact,ubuntu:https://www.remlab.net/ndisc6::rdnssd,upstream_recovery,U5_AMBIGUOUS_OR_UNRESOLVED,pristine source unavailable
upstream_artifact,ubuntu:https://www.rsyslog.com::rsyslogd,upstream_recovery,U4_NO_UPSTREAM_UNIT,complete pristine orig-tar inventory contained no service unit or template
upstream_artifact,ubuntu:https://www.rutschle.net/tech/sslh/README.html::sslh,upstream_recovery,U5_AMBIGUOUS_OR_UNRESOLVED,"no unique upstream artifact; candidates=2, executable_candidates=2"
upstream_artifact,ubuntu:https://www.samba.org::samba,upstream_recovery,U5_AMBIGUOUS_OR_UNRESOLVED,"no unique upstream artifact; candidates=6, executable_candidates=5"
upstream_artifact,ubuntu:https://www.spice-space.org::spice-vdagentd,upstream_recovery,U5_AMBIGUOUS_OR_UNRESOLVED,pristine source unavailable
upstream_artifact,ubuntu:https://www.strongswan.org::charon-systemd,upstream_recovery,U5_AMBIGUOUS_OR_UNRESOLVED,pristine source unavailable
upstream_artifact,ubuntu:https://www.strongswan.org::ipsec,upstream_recovery,U5_AMBIGUOUS_OR_UNRESOLVED,pristine source unavailable
upstream_artifact,ubuntu:https://www.teeworlds.com::sh,upstream_recovery,U4_NO_UPSTREAM_UNIT,complete pristine orig-tar inventory contained no service unit or template
upstream_artifact,ubuntu:https://www.tntnet.org::tntnet,upstream_recovery,U4_NO_UPSTREAM_UNIT,complete pristine orig-tar inventory contained no service unit or template
upstream_artifact,ubuntu:https://www.torproject.org::tor,upstream_recovery,U4_NO_UPSTREAM_UNIT,complete pristine orig-tar inventory contained no service unit or template
upstream_artifact,ubuntu:https://www.torproject.org::true,upstream_recovery,U4_NO_UPSTREAM_UNIT,complete pristine orig-tar inventory contained no service unit or template
upstream_artifact,ubuntu:https://www.tvdr.de::vdr,upstream_recovery,U4_NO_UPSTREAM_UNIT,complete pristine orig-tar inventory contained no service unit or template
upstream_artifact,ubuntu:https://www.tvdr.de::vdr,upstream_recovery,U5_AMBIGUOUS_OR_UNRESOLVED,pristine source unavailable
upstream_artifact,ubuntu:https://www.unix-ag.uni-kl.de/~bloch/acng::apt-cacher-ng,upstream_recovery,U5_AMBIGUOUS_OR_UNRESOLVED,ambiguous exact artifacts=2
upstream_artifact,ubuntu:https://www.varnish-cache.org::varnishd,upstream_recovery,U4_NO_UPSTREAM_UNIT,complete pristine orig-tar inventory contained no service unit or template
upstream_artifact,ubuntu:https://www.varnish-cache.org::varnishncsa,upstream_recovery,U4_NO_UPSTREAM_UNIT,complete pristine orig-tar inventory contained no service unit or template
upstream_artifact,ubuntu:https://www.wesnoth.org::wesnothd-1.18,upstream_recovery,U5_AMBIGUOUS_OR_UNRESOLVED,"no unique upstream artifact; candidates=1, executable_candidates=0"
upstream_artifact,ubuntu:https://www.wesnoth.org::wesnothd-1.18,upstream_recovery,U5_AMBIGUOUS_OR_UNRESOLVED,pristine source unavailable
upstream_artifact,ubuntu:https://www.yadifa.eu::yadifad,upstream_recovery,U4_NO_UPSTREAM_UNIT,complete pristine orig-tar inventory contained no service unit or template
upstream_artifact,ubuntu:https://www.yo2loj.ro/hamprojects::ampr-ripd,upstream_recovery,U4_NO_UPSTREAM_UNIT,complete pristine orig-tar inventory contained no service unit or template
upstream_artifact,ubuntu:https://www.zeroflux.org/projects/knock::knockd,upstream_recovery,U4_NO_UPSTREAM_UNIT,complete pristine orig-tar inventory contained no service unit or template
upstream_artifact,ubuntu:https://zeroc.com::glacier2router,upstream_recovery,U5_AMBIGUOUS_OR_UNRESOLVED,"no unique upstream artifact; candidates=4, executable_candidates=0"
upstream_artifact,ubuntu:https://zeroc.com::icegridnode,upstream_recovery,U5_AMBIGUOUS_OR_UNRESOLVED,"no unique upstream artifact; candidates=4, executable_candidates=0"
upstream_artifact,ubuntu:https://zeroc.com::icegridregistry,upstream_recovery,U5_AMBIGUOUS_OR_UNRESOLVED,"no unique upstream artifact; candidates=4, executable_candidates=0"
