distribution,name,version,architecture,source_name,source_version,homepage,canonical_upstream_id,filename,artifact_url,artifact_sha256,component
debian,accountsservice,23.13.9-7,amd64,accountsservice,23.13.9-7,https://www.freedesktop.org/wiki/Software/AccountsService/,https://www.freedesktop.org/wiki/Software/AccountsService,pool/main/a/accountsservice/accountsservice_23.13.9-7_amd64.deb,https://deb.debian.org/debian/pool/main/a/accountsservice/accountsservice_23.13.9-7_amd64.deb,f63a8ee4a1c2b759637d0d0826da5feffd561a38627ef066b330db533761a221,main
debian,acct,6.6.4-8,amd64,acct,6.6.4-8,https://www.gnu.org/software/acct/,https://www.gnu.org/software/acct,pool/main/a/acct/acct_6.6.4-8_amd64.deb,https://deb.debian.org/debian/pool/main/a/acct/acct_6.6.4-8_amd64.deb,ba85c12dacb2338444a4e7179f4866ecab412ad57063ccc9cf38ed69eaff48de,main
debian,acpid,1:2.0.34-1+b1,amd64,acpid,1:2.0.34-1,http://sourceforge.net/projects/acpid2/,https://sourceforge.net/projects/acpid2,pool/main/a/acpid/acpid_2.0.34-1+b1_amd64.deb,https://deb.debian.org/debian/pool/main/a/acpid/acpid_2.0.34-1+b1_amd64.deb,a90780c40e2c82c8df1a821ff46600fc253de1da09762edc1361fb0eb2d91896,main
debian,alsa-utils,1.2.14-1,amd64,alsa-utils,1.2.14-1,https://www.alsa-project.org/,https://www.alsa-project.org,pool/main/a/alsa-utils/alsa-utils_1.2.14-1_amd64.deb,https://deb.debian.org/debian/pool/main/a/alsa-utils/alsa-utils_1.2.14-1_amd64.deb,1e2b5f31fc826e1af25e2a12e37cd8d361ff25feaf224c6bbef3cc5d6cd2596b,main
debian,ampr-ripd,2.4.1-1+b3,amd64,ampr-ripd,2.4.1-1,http://www.yo2loj.ro/hamprojects/,https://www.yo2loj.ro/hamprojects,pool/main/a/ampr-ripd/ampr-ripd_2.4.1-1+b3_amd64.deb,https://deb.debian.org/debian/pool/main/a/ampr-ripd/ampr-ripd_2.4.1-1+b3_amd64.deb,bf40062b325fd32e8031629a8858a03f404c6f71dcdfd9b98a5a749ce3e4b5e4,main
debian,anope,2.0.17-1,amd64,anope,2.0.17-1,http://www.anope.org/,https://www.anope.org,pool/main/a/anope/anope_2.0.17-1_amd64.deb,https://deb.debian.org/debian/pool/main/a/anope/anope_2.0.17-1_amd64.deb,70a8750a22e56c850d6859b3910e481e182fff01ee985689a37dbd45659b07b1,main
debian,apache2,2.4.68-1~deb13u1,amd64,apache2,2.4.68-1~deb13u1,https://httpd.apache.org/,https://httpd.apache.org,pool/main/a/apache2/apache2_2.4.68-1~deb13u1_amd64.deb,https://deb.debian.org/debian/pool/main/a/apache2/apache2_2.4.68-1~deb13u1_amd64.deb,99947e7bcdc150d1cc4c078051e17a7af53b716a9453d02d43c6e38f40306e16,main
debian,apcupsd,3.14.14-5,amd64,apcupsd,3.14.14-5,http://www.apcupsd.org/,https://www.apcupsd.org,pool/main/a/apcupsd/apcupsd_3.14.14-5_amd64.deb,https://deb.debian.org/debian/pool/main/a/apcupsd/apcupsd_3.14.14-5_amd64.deb,a29bf0ef0ee81f638652fb8722cb34ab434b64216e8af29e16f60c5225fd94da,main
debian,apt-cacher-ng,3.7.5-1,amd64,apt-cacher-ng,3.7.5-1,http://www.unix-ag.uni-kl.de/~bloch/acng/,https://www.unix-ag.uni-kl.de/~bloch/acng,pool/main/a/apt-cacher-ng/apt-cacher-ng_3.7.5-1_amd64.deb,https://deb.debian.org/debian/pool/main/a/apt-cacher-ng/apt-cacher-ng_3.7.5-1_amd64.deb,ebfcf72d976ed2ccb6ffed8328c130cd8b7c836306687b197275320e7fde66de,main
debian,argus-client,1:5.0.2+git20250321.41f65e2-2,amd64,argus-clients,1:5.0.2+git20250321.41f65e2-2,http://qosient.com/argus,https://qosient.com/argus,pool/main/a/argus-clients/argus-client_5.0.2+git20250321.41f65e2-2_amd64.deb,https://deb.debian.org/debian/pool/main/a/argus-clients/argus-client_5.0.2+git20250321.41f65e2-2_amd64.deb,53b3218aa09b0e658b9d507eb0aca5415a18b7e1c18dbfc5d9b6324720cf1547,main
debian,arpwatch,2.1a15-9,amd64,arpwatch,2.1a15-9,https://ee.lbl.gov/,https://ee.lbl.gov,pool/main/a/arpwatch/arpwatch_2.1a15-9_amd64.deb,https://deb.debian.org/debian/pool/main/a/arpwatch/arpwatch_2.1a15-9_amd64.deb,2df562c3c61f854608288795f39db8738b1d380f14540f028d39393cc5291cbe,main
debian,atftpd,0.8.0-8,amd64,atftp,0.8.0-8,https://sourceforge.net/projects/atftp,https://sourceforge.net/projects/atftp,pool/main/a/atftp/atftpd_0.8.0-8_amd64.deb,https://deb.debian.org/debian/pool/main/a/atftp/atftpd_0.8.0-8_amd64.deb,6efeecc4b71d4e4042f9133b40bd27cf4846a26b51af01cf44b7e0e39f1851b8,main
debian,avahi-daemon,0.8-16,amd64,avahi,0.8-16,https://avahi.org/,https://avahi.org,pool/main/a/avahi/avahi-daemon_0.8-16_amd64.deb,https://deb.debian.org/debian/pool/main/a/avahi/avahi-daemon_0.8-16_amd64.deb,18baeb6f29d6c11686ae62d559d8454b06012dc8c4bf0b4f4037312439ef22a3,main
debian,avahi-dnsconfd,0.8-16,amd64,avahi,0.8-16,https://avahi.org/,https://avahi.org,pool/main/a/avahi/avahi-dnsconfd_0.8-16_amd64.deb,https://deb.debian.org/debian/pool/main/a/avahi/avahi-dnsconfd_0.8-16_amd64.deb,b254486ca2d150eb7f1b795eea3f2da41c61c00f265c19900932d4eb3bcf9b5c,main
debian,babeld,1.13.1+ds-1,amd64,babeld,1.13.1+ds-1,http://www.pps.univ-paris-diderot.fr/~jch/software/babel/,https://www.pps.univ-paris-diderot.fr/~jch/software/babel,pool/main/b/babeld/babeld_1.13.1+ds-1_amd64.deb,https://deb.debian.org/debian/pool/main/b/babeld/babeld_1.13.1+ds-1_amd64.deb,0e09cbe4056757f2f0991c32353aefe55588ec72fb1a5882890bcb387348dff5,main
debian,bacula-director,15.0.3-3,amd64,bacula,15.0.3-3,https://www.bacula.org/,https://www.bacula.org,pool/main/b/bacula/bacula-director_15.0.3-3_amd64.deb,https://deb.debian.org/debian/pool/main/b/bacula/bacula-director_15.0.3-3_amd64.deb,ec1f685f75404382a553885ea7beb619c9e4fd0b87feba1d3acea0e3de143a39,main
debian,bacula-fd,15.0.3-3,amd64,bacula,15.0.3-3,https://www.bacula.org/,https://www.bacula.org,pool/main/b/bacula/bacula-fd_15.0.3-3_amd64.deb,https://deb.debian.org/debian/pool/main/b/bacula/bacula-fd_15.0.3-3_amd64.deb,f0a815115305dc8414b34cfc473af5ecb9308cf7bcc4f6d8c2f400cca6930e49,main
debian,bacula-sd,15.0.3-3,amd64,bacula,15.0.3-3,https://www.bacula.org/,https://www.bacula.org,pool/main/b/bacula/bacula-sd_15.0.3-3_amd64.deb,https://deb.debian.org/debian/pool/main/b/bacula/bacula-sd_15.0.3-3_amd64.deb,53f9468815326bed1b016b468df6fd7fadb3d16ca9a8c83eaf0760b699b397f2,main
debian,bind9,1:9.20.23-1~deb13u1,amd64,bind9,1:9.20.23-1~deb13u1,https://www.isc.org/downloads/bind/,https://www.isc.org/downloads/bind,pool/main/b/bind9/bind9_9.20.23-1~deb13u1_amd64.deb,https://deb.debian.org/debian/pool/main/b/bind9/bind9_9.20.23-1~deb13u1_amd64.deb,cef77df0a8bc5a82b35b3fb369232b1f2a703c9b9ce82e57fbd6d2d14e773d20,main
debian,bird2,2.17.5-0+deb13u1,amd64,bird2,2.17.5-0+deb13u1,https://bird.network.cz/,https://bird.network.cz,pool/main/b/bird2/bird2_2.17.5-0+deb13u1_amd64.deb,https://deb.debian.org/debian/pool/main/b/bird2/bird2_2.17.5-0+deb13u1_amd64.deb,b804d643a3ca2a81e6e6560df7cb35d6057d3fcbc03761bd80a108a6be2f3cf3,main
debian,bird3,3.1.7-0+deb13u1,amd64,bird3,3.1.7-0+deb13u1,https://bird.network.cz/,https://bird.network.cz,pool/main/b/bird3/bird3_3.1.7-0+deb13u1_amd64.deb,https://deb.debian.org/debian/pool/main/b/bird3/bird3_3.1.7-0+deb13u1_amd64.deb,ff9c5d9a69364b405a7dd26568ddca02a77b9d43a951039b392bdbdae040a710,main
debian,blueman,2.4.4-1,amd64,blueman,2.4.4-1,https://github.com/blueman-project/blueman,https://github.com/blueman-project/blueman,pool/main/b/blueman/blueman_2.4.4-1_amd64.deb,https://deb.debian.org/debian/pool/main/b/blueman/blueman_2.4.4-1_amd64.deb,b6dcfb5b81d40a72fb9ecbc1af71d5537dc846970b7a5193245f645565f24bf2,main
debian,bluez,5.82-1.1,amd64,bluez,5.82-1.1,http://www.bluez.org,https://www.bluez.org,pool/main/b/bluez/bluez_5.82-1.1_amd64.deb,https://deb.debian.org/debian/pool/main/b/bluez/bluez_5.82-1.1_amd64.deb,64a680d95abb11cf02f8170b2d57115dbdee4738a6163c2cf25021f546bce8ac,main
debian,bluez-meshd,5.82-1.1,amd64,bluez,5.82-1.1,http://www.bluez.org,https://www.bluez.org,pool/main/b/bluez/bluez-meshd_5.82-1.1_amd64.deb,https://deb.debian.org/debian/pool/main/b/bluez/bluez-meshd_5.82-1.1_amd64.deb,66f4e8e2a5d71f930b98333960c0ad95c1bcb0b08f7048f6ab26d5a139ab8e9f,main
debian,boinc-client,8.0.4+dfsg-1,amd64,boinc,8.0.4+dfsg-1,https://boinc.berkeley.edu/,https://boinc.berkeley.edu,pool/main/b/boinc/boinc-client_8.0.4+dfsg-1_amd64.deb,https://deb.debian.org/debian/pool/main/b/boinc/boinc-client_8.0.4+dfsg-1_amd64.deb,c2dcccf414bbefc6bf11fcc6ae58e8ae12790079351201da1b10d2c9c62d53f3,main
debian,bolt,0.9.8-1,amd64,bolt,0.9.8-1,https://gitlab.freedesktop.org/bolt/bolt,https://gitlab.freedesktop.org/bolt/bolt,pool/main/b/bolt/bolt_0.9.8-1_amd64.deb,https://deb.debian.org/debian/pool/main/b/bolt/bolt_0.9.8-1_amd64.deb,23439bb487b2c241ed8df7877e2a0321c3ace29562ed3b55cc8ca8abe1dd7615,main
debian,booth,1.2-3,amd64,booth,1.2-3,https://github.com/ClusterLabs/booth,https://github.com/ClusterLabs/booth,pool/main/b/booth/booth_1.2-3_amd64.deb,https://deb.debian.org/debian/pool/main/b/booth/booth_1.2-3_amd64.deb,e62b689f3cf1dae8827feab4f74597f1e6a747db7b261a30d79ecf2626ec895e,main
debian,btrfsd,0.2.2-1,amd64,btrfsd,0.2.2-1,https://github.com/ximion/btrfsd,https://github.com/ximion/btrfsd,pool/main/b/btrfsd/btrfsd_0.2.2-1_amd64.deb,https://deb.debian.org/debian/pool/main/b/btrfsd/btrfsd_0.2.2-1_amd64.deb,3f3e0d5097b32699b3c65d245d1158d655ad8ba7af1e70b22c373ab439f13811,main
debian,c-icap,1:0.5.10-6.1+b2,amd64,c-icap,1:0.5.10-6.1,http://c-icap.sourceforge.net/,https://c-icap.sourceforge.net,pool/main/c/c-icap/c-icap_0.5.10-6.1+b2_amd64.deb,https://deb.debian.org/debian/pool/main/c/c-icap/c-icap_0.5.10-6.1+b2_amd64.deb,b6169c088749d89304f91d7a5be303ba45e97b6da2bb278d4ec537b63b4aec5c,main
debian,caddy,2.6.2-12+b3,amd64,caddy,2.6.2-12,https://github.com/caddyserver/caddy,https://github.com/caddyserver/caddy,pool/main/c/caddy/caddy_2.6.2-12+b3_amd64.deb,https://deb.debian.org/debian/pool/main/c/caddy/caddy_2.6.2-12+b3_amd64.deb,5c6c461e13c02916681f20faedf0132762afd59dd3637a2077ab534ec1a6e4be,main
debian,ceph-base,18.2.7+ds-1+deb13u1,amd64,ceph,18.2.7+ds-1+deb13u1,http://ceph.com/,https://ceph.com,pool/main/c/ceph/ceph-base_18.2.7+ds-1+deb13u1_amd64.deb,https://deb.debian.org/debian/pool/main/c/ceph/ceph-base_18.2.7+ds-1+deb13u1_amd64.deb,ea8401386a4410310414b8b9ac2d1bd6b053b712afc83ff38d842af9b2058233,main
debian,ceph-common,18.2.7+ds-1+deb13u1,amd64,ceph,18.2.7+ds-1+deb13u1,http://ceph.com/,https://ceph.com,pool/main/c/ceph/ceph-common_18.2.7+ds-1+deb13u1_amd64.deb,https://deb.debian.org/debian/pool/main/c/ceph/ceph-common_18.2.7+ds-1+deb13u1_amd64.deb,12f7d110f504fe464f14483758f568cccb1e87cccd6e07c9a33775da56299333,main
debian,ceph-fuse,18.2.7+ds-1+deb13u1,amd64,ceph,18.2.7+ds-1+deb13u1,http://ceph.com/,https://ceph.com,pool/main/c/ceph/ceph-fuse_18.2.7+ds-1+deb13u1_amd64.deb,https://deb.debian.org/debian/pool/main/c/ceph/ceph-fuse_18.2.7+ds-1+deb13u1_amd64.deb,0343fabff704f205b68129856cbfdeec831410477d408bdacec73f423eaf07b7,main
debian,ceph-immutable-object-cache,18.2.7+ds-1+deb13u1,amd64,ceph,18.2.7+ds-1+deb13u1,http://ceph.com/,https://ceph.com,pool/main/c/ceph/ceph-immutable-object-cache_18.2.7+ds-1+deb13u1_amd64.deb,https://deb.debian.org/debian/pool/main/c/ceph/ceph-immutable-object-cache_18.2.7+ds-1+deb13u1_amd64.deb,a856ba72c2026de51dfa2e606b311f88233c562a0149a1221218329b84291fd4,main
debian,ceph-mds,18.2.7+ds-1+deb13u1,amd64,ceph,18.2.7+ds-1+deb13u1,http://ceph.com/,https://ceph.com,pool/main/c/ceph/ceph-mds_18.2.7+ds-1+deb13u1_amd64.deb,https://deb.debian.org/debian/pool/main/c/ceph/ceph-mds_18.2.7+ds-1+deb13u1_amd64.deb,faae6888c3731a5acd9d1e59a77a1160ac3933710a428fce01f61ca7a7bd964d,main
debian,ceph-mgr,18.2.7+ds-1+deb13u1,amd64,ceph,18.2.7+ds-1+deb13u1,http://ceph.com/,https://ceph.com,pool/main/c/ceph/ceph-mgr_18.2.7+ds-1+deb13u1_amd64.deb,https://deb.debian.org/debian/pool/main/c/ceph/ceph-mgr_18.2.7+ds-1+deb13u1_amd64.deb,444508743f513565ea0583dcc36cdce8d18ed15dd352082c0f0e4e2542002e9f,main
debian,ceph-mon,18.2.7+ds-1+deb13u1,amd64,ceph,18.2.7+ds-1+deb13u1,http://ceph.com/,https://ceph.com,pool/main/c/ceph/ceph-mon_18.2.7+ds-1+deb13u1_amd64.deb,https://deb.debian.org/debian/pool/main/c/ceph/ceph-mon_18.2.7+ds-1+deb13u1_amd64.deb,b1d4e48d67bf0ebec27a9798546ebfedabc0d63ab6a6fc6170dc6bf7decc0068,main
debian,ceph-osd,18.2.7+ds-1+deb13u1,amd64,ceph,18.2.7+ds-1+deb13u1,http://ceph.com/,https://ceph.com,pool/main/c/ceph/ceph-osd_18.2.7+ds-1+deb13u1_amd64.deb,https://deb.debian.org/debian/pool/main/c/ceph/ceph-osd_18.2.7+ds-1+deb13u1_amd64.deb,58d3a3a48eb4a49b3ff98ccc75efca260eedf9f67045fdd7a4cf7377014a9e75,main
debian,cephfs-mirror,18.2.7+ds-1+deb13u1,amd64,ceph,18.2.7+ds-1+deb13u1,http://ceph.com/,https://ceph.com,pool/main/c/ceph/cephfs-mirror_18.2.7+ds-1+deb13u1_amd64.deb,https://deb.debian.org/debian/pool/main/c/ceph/cephfs-mirror_18.2.7+ds-1+deb13u1_amd64.deb,dbf7bceb1d9b315091815a1d9880a0299b3847ef69aa4227f9b96ad35c8c2ebd,main
debian,certmonger,0.79.20-2,amd64,certmonger,0.79.20-2,https://pagure.io/certmonger/,https://pagure.io/certmonger,pool/main/c/certmonger/certmonger_0.79.20-2_amd64.deb,https://deb.debian.org/debian/pool/main/c/certmonger/certmonger_0.79.20-2_amd64.deb,73ff5228a97e5f67a8656c4a1406a9926c9c74b4106c477f555cdd7d7fb1165a,main
debian,charon-systemd,6.0.1-6+deb13u6,amd64,strongswan,6.0.1-6+deb13u6,http://www.strongswan.org,https://www.strongswan.org,pool/main/s/strongswan/charon-systemd_6.0.1-6+deb13u6_amd64.deb,https://deb.debian.org/debian/pool/main/s/strongswan/charon-systemd_6.0.1-6+deb13u6_amd64.deb,70536b0205992600cd86e71c968d9b5f03831222124fae604ffbc8fadb31bf9c,main
debian,chrony,4.6.1-3+deb13u2,amd64,chrony,4.6.1-3+deb13u2,https://chrony-project.org,https://chrony-project.org,pool/main/c/chrony/chrony_4.6.1-3+deb13u2_amd64.deb,https://deb.debian.org/debian/pool/main/c/chrony/chrony_4.6.1-3+deb13u2_amd64.deb,3b3fb6b13818c288ea0121038dc3220da869c6dc5d1e5c4d5f7b13647f3ff7e7,main
debian,ckb-next,0.6.2+dfsg-0.1+deb13u1,amd64,ckb-next,0.6.2+dfsg-0.1+deb13u1,https://github.com/ckb-next/ckb-next,https://github.com/ckb-next/ckb-next,pool/main/c/ckb-next/ckb-next_0.6.2+dfsg-0.1+deb13u1_amd64.deb,https://deb.debian.org/debian/pool/main/c/ckb-next/ckb-next_0.6.2+dfsg-0.1+deb13u1_amd64.deb,08db47e1017da4fd62a957c5702d3b8af23e71f6ef1717126b85542b0bf63fc2,main
debian,clamav-daemon,1.4.3+dfsg-1,amd64,clamav,1.4.3+dfsg-1,https://www.clamav.net/,https://www.clamav.net,pool/main/c/clamav/clamav-daemon_1.4.3+dfsg-1_amd64.deb,https://deb.debian.org/debian/pool/main/c/clamav/clamav-daemon_1.4.3+dfsg-1_amd64.deb,45ad13a9e57cf7c927272713bd510dee5aedb43cb0168f995978842a5a6f723c,main
debian,clamav-freshclam,1.4.3+dfsg-1,amd64,clamav,1.4.3+dfsg-1,https://www.clamav.net/,https://www.clamav.net,pool/main/c/clamav/clamav-freshclam_1.4.3+dfsg-1_amd64.deb,https://deb.debian.org/debian/pool/main/c/clamav/clamav-freshclam_1.4.3+dfsg-1_amd64.deb,1693185fcfc3d87ccd72ee542b83c12162759cdd8b83492a0ea6946427205863,main
debian,clevis-systemd,20-1,amd64,clevis,20-1,https://github.com/latchset/clevis,https://github.com/latchset/clevis,pool/main/c/clevis/clevis-systemd_20-1_amd64.deb,https://deb.debian.org/debian/pool/main/c/clevis/clevis-systemd_20-1_amd64.deb,63d4fba2e4f3c9173d05b304b3f897348dcf76aa2501fb73e2c3c59a87dfb5a6,main
debian,cockpit-ws,337-1+deb13u1,amd64,cockpit,337-1+deb13u1,https://cockpit-project.org/,https://cockpit-project.org,pool/main/c/cockpit/cockpit-ws_337-1+deb13u1_amd64.deb,https://deb.debian.org/debian/pool/main/c/cockpit/cockpit-ws_337-1+deb13u1_amd64.deb,bede41f660cb61fa2de8ad80c45d79053a65e3a1839918ca6735122440468432,main
debian,collectd-core,5.12.0-26,amd64,collectd,5.12.0-26,https://collectd.org/,https://collectd.org,pool/main/c/collectd/collectd-core_5.12.0-26_amd64.deb,https://deb.debian.org/debian/pool/main/c/collectd/collectd-core_5.12.0-26_amd64.deb,efa0df549271afc7de3bd539809e0c4b6cbfe1638828ce2698755b739c6676a8,main
debian,colord,1.4.7-3,amd64,colord,1.4.7-3,https://www.freedesktop.org/software/colord/,https://www.freedesktop.org/software/colord,pool/main/c/colord/colord_1.4.7-3_amd64.deb,https://deb.debian.org/debian/pool/main/c/colord/colord_1.4.7-3_amd64.deb,9d3239019249662d4c3543b5cfe31c5bc240b11ff75d7fd581e92682530f5e9a,main
debian,condor,23.9.6+dfsg-2.1+b9,amd64,condor,23.9.6+dfsg-2.1,https://htcondor.org/,https://htcondor.org,pool/main/c/condor/condor_23.9.6+dfsg-2.1+b9_amd64.deb,https://deb.debian.org/debian/pool/main/c/condor/condor_23.9.6+dfsg-2.1+b9_amd64.deb,b90249b1b6bdb61230f6f5de140e4ecb837cd17286d17a34ba72c2e3f6405eb7,main
debian,condor-annex-ec2,23.9.6+dfsg-2.1+b9,amd64,condor,23.9.6+dfsg-2.1,https://htcondor.org/,https://htcondor.org,pool/main/c/condor/condor-annex-ec2_23.9.6+dfsg-2.1+b9_amd64.deb,https://deb.debian.org/debian/pool/main/c/condor/condor-annex-ec2_23.9.6+dfsg-2.1+b9_amd64.deb,48462a6c3c28533b99f3bf621dd5a05c199f3a2db67efa8a87dca631706db6b7,main
debian,connman,1.44-3,amd64,connman,1.44-3,https://git.kernel.org/pub/scm/network/connman/connman.git,https://git.kernel.org/pub/scm/network/connman/connman,pool/main/c/connman/connman_1.44-3_amd64.deb,https://deb.debian.org/debian/pool/main/c/connman/connman_1.44-3_amd64.deb,160aa629085c330cd6d49d05c8a1da22b100804069e878fbb21ef03b916d03db,main
debian,connman-vpn,1.44-3,amd64,connman,1.44-3,https://git.kernel.org/pub/scm/network/connman/connman.git,https://git.kernel.org/pub/scm/network/connman/connman,pool/main/c/connman/connman-vpn_1.44-3_amd64.deb,https://deb.debian.org/debian/pool/main/c/connman/connman-vpn_1.44-3_amd64.deb,2161b2f5ce39aee449bb21fd27aecee9a7634e170986dbdf1332972fa8835e6f,main
debian,conntrackd,1:1.4.8-2,amd64,conntrack-tools,1:1.4.8-2,https://conntrack-tools.netfilter.org/,https://conntrack-tools.netfilter.org,pool/main/c/conntrack-tools/conntrackd_1.4.8-2_amd64.deb,https://deb.debian.org/debian/pool/main/c/conntrack-tools/conntrackd_1.4.8-2_amd64.deb,c3ff157744bdbcc093cae0e5b19b3c25c9cec81f40d431a9803a5e04f5e049e9,main
debian,conserver-server,8.2.7-3,amd64,conserver,8.2.7-3,https://www.conserver.com/,https://www.conserver.com,pool/main/c/conserver/conserver-server_8.2.7-3_amd64.deb,https://deb.debian.org/debian/pool/main/c/conserver/conserver-server_8.2.7-3_amd64.deb,e7e99816336c554296d214af998238089313cb44ea973ddd10fd195c04a50a90,main
debian,consolation,0.0.10-1+b1,amd64,consolation,0.0.10-1,https://salsa.debian.org/consolation-team/consolation/,https://salsa.debian.org/consolation-team/consolation,pool/main/c/consolation/consolation_0.0.10-1+b1_amd64.deb,https://deb.debian.org/debian/pool/main/c/consolation/consolation_0.0.10-1+b1_amd64.deb,8d42d07f832c9fa2b3c74a2c6cc0a49b3c6574932f523cba1567e410ba082ec8,main
debian,containerd,1.7.24~ds1-6+deb13u1,amd64,containerd,1.7.24~ds1-6+deb13u1,https://containerd.io/,https://containerd.io,pool/main/c/containerd/containerd_1.7.24~ds1-6+deb13u1_amd64.deb,https://deb.debian.org/debian/pool/main/c/containerd/containerd_1.7.24~ds1-6+deb13u1_amd64.deb,ed708deb96fe476a3bce4efa5c0538dfbcf717ab9a7c7944ba7260342c25899c,main
debian,containernetworking-plugins,1.1.1+ds1-3+b17,amd64,golang-github-containernetworking-plugins,1.1.1+ds1-3,https://github.com/containernetworking/plugins,https://github.com/containernetworking/plugins,pool/main/g/golang-github-containernetworking-plugins/containernetworking-plugins_1.1.1+ds1-3+b17_amd64.deb,https://deb.debian.org/debian/pool/main/g/golang-github-containernetworking-plugins/containernetworking-plugins_1.1.1+ds1-3+b17_amd64.deb,296dd0e2b087a135bedb07599061d27b20f4c38fc8a9b4662e2866c2eb829123,main
debian,corosync,3.1.9-2+deb13u1,amd64,corosync,3.1.9-2+deb13u1,https://corosync.github.io/corosync/,https://corosync.github.io/corosync,pool/main/c/corosync/corosync_3.1.9-2+deb13u1_amd64.deb,https://deb.debian.org/debian/pool/main/c/corosync/corosync_3.1.9-2+deb13u1_amd64.deb,2fdd7a2ae46bac0c96b9798be47c6d0e8c474a955c1455f00318793c223fa356,main
debian,corosync-notifyd,3.1.9-2+deb13u1,amd64,corosync,3.1.9-2+deb13u1,https://corosync.github.io/corosync/,https://corosync.github.io/corosync,pool/main/c/corosync/corosync-notifyd_3.1.9-2+deb13u1_amd64.deb,https://deb.debian.org/debian/pool/main/c/corosync/corosync-notifyd_3.1.9-2+deb13u1_amd64.deb,538ea1230205c1c1515d636536192d0098d41f9bd89de9503ec752b9182aa32c,main
debian,corosync-qdevice,3.0.3-2,amd64,corosync-qdevice,3.0.3-2,https://github.com/corosync/corosync-qdevice,https://github.com/corosync/corosync-qdevice,pool/main/c/corosync-qdevice/corosync-qdevice_3.0.3-2_amd64.deb,https://deb.debian.org/debian/pool/main/c/corosync-qdevice/corosync-qdevice_3.0.3-2_amd64.deb,78782f9504a00959b7869c9540e902bdc7e3e77b48110ad281709c59674409d2,main
debian,corosync-qnetd,3.0.3-2,amd64,corosync-qdevice,3.0.3-2,https://github.com/corosync/corosync-qdevice,https://github.com/corosync/corosync-qdevice,pool/main/c/corosync-qdevice/corosync-qnetd_3.0.3-2_amd64.deb,https://deb.debian.org/debian/pool/main/c/corosync-qdevice/corosync-qnetd_3.0.3-2_amd64.deb,9507cf206cf97c41d73c53e920977d530b9afdb95134fe73ce16c49b85ef574f,main
debian,coturn,4.6.1-2,amd64,coturn,4.6.1-2,https://github.com/coturn/coturn/,https://github.com/coturn/coturn,pool/main/c/coturn/coturn_4.6.1-2_amd64.deb,https://deb.debian.org/debian/pool/main/c/coturn/coturn_4.6.1-2_amd64.deb,cb55194d0118d26035aa39aa7306fd810a47069643266724357e8da2a22612e0,main
debian,cronie,1.7.2-4,amd64,cronie,1.7.2-4,https://github.com/cronie-crond/cronie,https://github.com/cronie-crond/cronie,pool/main/c/cronie/cronie_1.7.2-4_amd64.deb,https://deb.debian.org/debian/pool/main/c/cronie/cronie_1.7.2-4_amd64.deb,bbb0ae079e6e6885a7dddbf6634101a5df0fd61b4648cd1aa767cd6379450160,main
debian,crossfire-server,1.75.0-8.1,amd64,crossfire,1.75.0-8.1,http://crossfire.real-time.com/,https://crossfire.real-time.com,pool/main/c/crossfire/crossfire-server_1.75.0-8.1_amd64.deb,https://deb.debian.org/debian/pool/main/c/crossfire/crossfire-server_1.75.0-8.1_amd64.deb,3ae6dd13980c8eded754629c3110359e04b2491869bb14b3d0e3cc44a0b879f8,main
debian,ctdb,2:4.22.10+dfsg-0+deb13u1,amd64,samba,2:4.22.10+dfsg-0+deb13u1,https://www.samba.org,https://www.samba.org,pool/main/s/samba/ctdb_4.22.10+dfsg-0+deb13u1_amd64.deb,https://deb.debian.org/debian/pool/main/s/samba/ctdb_4.22.10+dfsg-0+deb13u1_amd64.deb,ccc73ba479ce92601773c709207896b71f483ae656964a8e8552bc69c52a0dec,main
debian,cxl,81-1,amd64,ndctl,81-1,https://github.com/pmem/ndctl,https://github.com/pmem/ndctl,pool/main/n/ndctl/cxl_81-1_amd64.deb,https://deb.debian.org/debian/pool/main/n/ndctl/cxl_81-1_amd64.deb,a420d4bbf36f01b3e19d5596b2ff41d33d97517adbb1aaf69be8b7f2622fbd03,main
debian,cyrus-common,3.10.2-1,amd64,cyrus-imapd,3.10.2-1,https://www.cyrusimap.org/,https://www.cyrusimap.org,pool/main/c/cyrus-imapd/cyrus-common_3.10.2-1_amd64.deb,https://deb.debian.org/debian/pool/main/c/cyrus-imapd/cyrus-common_3.10.2-1_amd64.deb,d8fa0e70c205f61422fe32e4aabe5569f223b006b996417ddb3f82e262a9d3f9,main
debian,darkstat,3.0.721-2,amd64,darkstat,3.0.721-2,https://unix4lyfe.org/darkstat/,https://unix4lyfe.org/darkstat,pool/main/d/darkstat/darkstat_3.0.721-2_amd64.deb,https://deb.debian.org/debian/pool/main/d/darkstat/darkstat_3.0.721-2_amd64.deb,aac177e5ec1cee3c4622bbc000806c48fced23dbbf1d0e1c61e9e0f376564df0,main
debian,dbus-broker,37-2,amd64,dbus-broker,37-2,https://github.com/bus1/dbus-broker/,https://github.com/bus1/dbus-broker,pool/main/d/dbus-broker/dbus-broker_37-2_amd64.deb,https://deb.debian.org/debian/pool/main/d/dbus-broker/dbus-broker_37-2_amd64.deb,cc2bbe7e562c8e53b35e670a98193e2722fde57b5e87570a0ae24f17a678256f,main
debian,ddccontrol,1.0.3-1+b1,amd64,ddccontrol,1.0.3-1,https://github.com/ddccontrol/ddccontrol,https://github.com/ddccontrol/ddccontrol,pool/main/d/ddccontrol/ddccontrol_1.0.3-1+b1_amd64.deb,https://deb.debian.org/debian/pool/main/d/ddccontrol/ddccontrol_1.0.3-1+b1_amd64.deb,ea2764ba075d2f96678c23f0b5bb137fabf647f6153c6de693fbd9104b7c0577,main
debian,deepin-boot-maker,5.10.0+dfsg2-2,amd64,deepin-boot-maker,5.10.0+dfsg2-2,https://github.com/linuxdeepin/deepin-boot-maker,https://github.com/linuxdeepin/deepin-boot-maker,pool/main/d/deepin-boot-maker/deepin-boot-maker_5.10.0+dfsg2-2_amd64.deb,https://deb.debian.org/debian/pool/main/d/deepin-boot-maker/deepin-boot-maker_5.10.0+dfsg2-2_amd64.deb,a3b817a062cdc32af5753415918844580ece6a8853b3063d2a0f3e6564b67577,main
debian,direwolf,1.7+dfsg-2+deb13u1,amd64,direwolf,1.7+dfsg-2+deb13u1,https://github.com/wb2osz/direwolf,https://github.com/wb2osz/direwolf,pool/main/d/direwolf/direwolf_1.7+dfsg-2+deb13u1_amd64.deb,https://deb.debian.org/debian/pool/main/d/direwolf/direwolf_1.7+dfsg-2+deb13u1_amd64.deb,b5d13bcd2a0b0c892dc3d6b00ec98a94157601678c531747d3163ddf17597759,main
debian,dlm-controld,4.3.0-3,amd64,dlm,4.3.0-3,https://pagure.io/dlm,https://pagure.io/dlm,pool/main/d/dlm/dlm-controld_4.3.0-3_amd64.deb,https://deb.debian.org/debian/pool/main/d/dlm/dlm-controld_4.3.0-3_amd64.deb,2f62f8225da7db0d4f1224cf6d07c3ed4686afcafe53f686e7761041dfbed12c,main
debian,dlt-daemon,2.18.10-10+b1,amd64,dlt-daemon,2.18.10-10,https://github.com/COVESA/dlt-daemon,https://github.com/COVESA/dlt-daemon,pool/main/d/dlt-daemon/dlt-daemon_2.18.10-10+b1_amd64.deb,https://deb.debian.org/debian/pool/main/d/dlt-daemon/dlt-daemon_2.18.10-10+b1_amd64.deb,f3bafc832a16367ce7cfd56a422fb1168b2aad84f57b1e17e911efaf1808edce,main
debian,dlt-tools,2.18.10-10+b1,amd64,dlt-daemon,2.18.10-10,https://github.com/COVESA/dlt-daemon,https://github.com/COVESA/dlt-daemon,pool/main/d/dlt-daemon/dlt-tools_2.18.10-10+b1_amd64.deb,https://deb.debian.org/debian/pool/main/d/dlt-daemon/dlt-tools_2.18.10-10+b1_amd64.deb,f5216385b64c8ac91483019b081b23a665960c139a6d7df7691e3c07563032de,main
debian,dmeventd,2:1.02.205-2,amd64,lvm2,2.03.31-2,https://sourceware.org/lvm2/,https://sourceware.org/lvm2,pool/main/l/lvm2/dmeventd_1.02.205-2_amd64.deb,https://deb.debian.org/debian/pool/main/l/lvm2/dmeventd_1.02.205-2_amd64.deb,51420462b13fb95b88f084580c8f7f4482b4f59fcc60bd7ad883c6789d61fbcf,main
debian,dnscrypt-proxy,2.1.8+ds1-1+b4,amd64,dnscrypt-proxy,2.1.8+ds1-1,https://github.com/DNSCrypt/dnscrypt-proxy,https://github.com/DNSCrypt/dnscrypt-proxy,pool/main/d/dnscrypt-proxy/dnscrypt-proxy_2.1.8+ds1-1+b4_amd64.deb,https://deb.debian.org/debian/pool/main/d/dnscrypt-proxy/dnscrypt-proxy_2.1.8+ds1-1+b4_amd64.deb,322f39059f8b1aff72a8032e54496b2b5f7a420bb6550ee4e28b8bacd85056a5,main
debian,dnsdist,1.9.15-0+deb13u1,amd64,dnsdist,1.9.15-0+deb13u1,https://dnsdist.org,https://dnsdist.org,pool/main/d/dnsdist/dnsdist_1.9.15-0+deb13u1_amd64.deb,https://deb.debian.org/debian/pool/main/d/dnsdist/dnsdist_1.9.15-0+deb13u1_amd64.deb,b392a274cf190082b20e4a11318755cb9b9cc28bce1077d97d0537b4e4105b23,main
debian,dnssec-trigger,0.17+repack-5.3,amd64,dnssec-trigger,0.17+repack-5.3,https://www.nlnetlabs.nl/projects/dnssec-trigger/,https://www.nlnetlabs.nl/projects/dnssec-trigger,pool/main/d/dnssec-trigger/dnssec-trigger_0.17+repack-5.3_amd64.deb,https://deb.debian.org/debian/pool/main/d/dnssec-trigger/dnssec-trigger_0.17+repack-5.3_amd64.deb,5b8eca3ab37513e1331b292e31313d01490a0650ed0a8a0115343decd8bc70e7,main
debian,dovecot-core,1:2.4.1+dfsg1-6+deb13u6,amd64,dovecot,1:2.4.1+dfsg1-6+deb13u6,https://dovecot.org/,https://dovecot.org,pool/main/d/dovecot/dovecot-core_2.4.1+dfsg1-6+deb13u6_amd64.deb,https://deb.debian.org/debian/pool/main/d/dovecot/dovecot-core_2.4.1+dfsg1-6+deb13u6_amd64.deb,7ff34fbd2268d06614f8d92fd745cb7cf158e3c89b255ca26adb09ac393813ba,main
debian,dracut-core,106-6,amd64,dracut,106-6,https://github.com/dracut-ng/dracut-ng/wiki,https://github.com/dracut-ng/dracut-ng,pool/main/d/dracut/dracut-core_106-6_amd64.deb,https://deb.debian.org/debian/pool/main/d/dracut/dracut-core_106-6_amd64.deb,3d42a242f2a1d6a8dcef15a66ddbb1263050695b2cff544b57a7a12d88338686,main
debian,drbd-utils,9.22.0-1.1,amd64,drbd-utils,9.22.0-1.1,https://www.drbd.org/,https://www.drbd.org,pool/main/d/drbd-utils/drbd-utils_9.22.0-1.1_amd64.deb,https://deb.debian.org/debian/pool/main/d/drbd-utils/drbd-utils_9.22.0-1.1_amd64.deb,84c6f4b78b43c6668e794a5752072f12addf978d40884d7bfba02c236630a333,main
debian,drkonqi,6.3.4-1,amd64,drkonqi,6.3.4-1,https://invent.kde.org/plasma/drkonqi,https://invent.kde.org/plasma/drkonqi,pool/main/d/drkonqi/drkonqi_6.3.4-1_amd64.deb,https://deb.debian.org/debian/pool/main/d/drkonqi/drkonqi_6.3.4-1_amd64.deb,7702e6fa740352c03c11705327bb0761648efbb35dcb72171917b1ccb4b52183,main
debian,e2fsprogs,1.47.2-3+b11,amd64,e2fsprogs,1.47.2-3,http://e2fsprogs.sourceforge.net,https://e2fsprogs.sourceforge.net,pool/main/e/e2fsprogs/e2fsprogs_1.47.2-3+b11_amd64.deb,https://deb.debian.org/debian/pool/main/e/e2fsprogs/e2fsprogs_1.47.2-3+b11_amd64.deb,ed9400fa9364b6e771ce13c4f7eb71cdc2432c2e2dbde8ca57c9e6bece93112b,main
debian,earlyoom,1.8.2-1,amd64,earlyoom,1.8.2-1,https://github.com/rfjakob/earlyoom,https://github.com/rfjakob/earlyoom,pool/main/e/earlyoom/earlyoom_1.8.2-1_amd64.deb,https://deb.debian.org/debian/pool/main/e/earlyoom/earlyoom_1.8.2-1_amd64.deb,b32804ad531e3fed75ac076add9249f302612375f75fe3a01ded59d998ed0387,main
debian,ejabberd,24.12-3+deb13u2,amd64,ejabberd,24.12-3+deb13u2,https://www.ejabberd.im,https://www.ejabberd.im,pool/main/e/ejabberd/ejabberd_24.12-3+deb13u2_amd64.deb,https://deb.debian.org/debian/pool/main/e/ejabberd/ejabberd_24.12-3+deb13u2_amd64.deb,883b51b7835c76185fda251a320adaae06d7f6d282883abb1d1b2f369abe0312,main
debian,emptty,0.13.0-1+b6,amd64,emptty,0.13.0-1,https://github.com/tvrzna/emptty,https://github.com/tvrzna/emptty,pool/main/e/emptty/emptty_0.13.0-1+b6_amd64.deb,https://deb.debian.org/debian/pool/main/e/emptty/emptty_0.13.0-1+b6_amd64.deb,2f4c3a5c661034de6f3ab275d3a8a86c95cafd8b400197b103de6fdbe6639c20,main
debian,endlessh,1.1-5.1,amd64,endlessh,1.1-5.1,https://github.com/skeeto/endlessh,https://github.com/skeeto/endlessh,pool/main/e/endlessh/endlessh_1.1-5.1_amd64.deb,https://deb.debian.org/debian/pool/main/e/endlessh/endlessh_1.1-5.1_amd64.deb,5bff8e4764e7f789761c1fdfcb40e5c5be011b15f726aeca192a568f9cd546dc,main
debian,erlang-base,1:27.3.4.1+dfsg-1+deb13u2,amd64,erlang,1:27.3.4.1+dfsg-1+deb13u2,http://www.erlang.org/,https://www.erlang.org,pool/main/e/erlang/erlang-base_27.3.4.1+dfsg-1+deb13u2_amd64.deb,https://deb.debian.org/debian/pool/main/e/erlang/erlang-base_27.3.4.1+dfsg-1+deb13u2_amd64.deb,32a36dca0649617baeebc21b7f1f4d7e1cea52f5d43eaf72e6dc449bb273d1cd,main
debian,exim4-base,4.98.2-1+deb13u3,amd64,exim4,4.98.2-1+deb13u3,https://www.exim.org/,https://www.exim.org,pool/main/e/exim4/exim4-base_4.98.2-1+deb13u3_amd64.deb,https://deb.debian.org/debian/pool/main/e/exim4/exim4-base_4.98.2-1+deb13u3_amd64.deb,c4f09994e5e0b2d42a8928d2d2ed66f4603d2bad6e1b61e15c98f116f22b11b5,main
debian,exim4-daemon-heavy,4.98.2-1+deb13u3,amd64,exim4,4.98.2-1+deb13u3,https://www.exim.org/,https://www.exim.org,pool/main/e/exim4/exim4-daemon-heavy_4.98.2-1+deb13u3_amd64.deb,https://deb.debian.org/debian/pool/main/e/exim4/exim4-daemon-heavy_4.98.2-1+deb13u3_amd64.deb,89dd6cfc5cd25d904bb049d45d5fd9eb03c344ff87a09e022588206fde4e6de2,main
debian,exim4-daemon-light,4.98.2-1+deb13u3,amd64,exim4,4.98.2-1+deb13u3,https://www.exim.org/,https://www.exim.org,pool/main/e/exim4/exim4-daemon-light_4.98.2-1+deb13u3_amd64.deb,https://deb.debian.org/debian/pool/main/e/exim4/exim4-daemon-light_4.98.2-1+deb13u3_amd64.deb,9e89c05bf4c668ad8d56f8bbe11b795bf5ebd03b8b8bc22a57aa5253020cd065,main
debian,fapolicyd,1.3.4-1,amd64,fapolicyd,1.3.4-1,https://github.com/linux-application-whitelisting/fapolicyd,https://github.com/linux-application-whitelisting/fapolicyd,pool/main/f/fapolicyd/fapolicyd_1.3.4-1_amd64.deb,https://deb.debian.org/debian/pool/main/f/fapolicyd/fapolicyd_1.3.4-1_amd64.deb,f12b095f4610c0bafe8ba0207581d1e3c2efe27ade3f974eb046c5bb02fb7179,main
debian,fastnetmon,1.2.9-0+deb13u1,amd64,fastnetmon,1.2.9-0+deb13u1,https://fastnetmon.com/,https://fastnetmon.com,pool/main/f/fastnetmon/fastnetmon_1.2.9-0+deb13u1_amd64.deb,https://deb.debian.org/debian/pool/main/f/fastnetmon/fastnetmon_1.2.9-0+deb13u1_amd64.deb,a537fbcc9ff1027f58e78f4e712121330e986f39a0ac7631cbd7b1df7225cc86,main
debian,fcgiwrap,1.1.0-16,amd64,fcgiwrap,1.1.0-16,https://github.com/gnosek/fcgiwrap,https://github.com/gnosek/fcgiwrap,pool/main/f/fcgiwrap/fcgiwrap_1.1.0-16_amd64.deb,https://deb.debian.org/debian/pool/main/f/fcgiwrap/fcgiwrap_1.1.0-16_amd64.deb,e2a2ad27d20880f7af9fd8ba95a423736ed20d04cffe00a9f4cc0acd28ae8aee,main
debian,fence-virtd,4.16.0-3,amd64,fence-agents,4.16.0-3,https://github.com/ClusterLabs/fence-agents,https://github.com/ClusterLabs/fence-agents,pool/main/f/fence-agents/fence-virtd_4.16.0-3_amd64.deb,https://deb.debian.org/debian/pool/main/f/fence-agents/fence-virtd_4.16.0-3_amd64.deb,5de7f680b370ea41d425333c2ed48d0a12744e3cacd7fcec39fc5c1294dd225b,main
debian,flatpak,1.16.6-1~deb13u1,amd64,flatpak,1.16.6-1~deb13u1,https://flatpak.org/,https://flatpak.org,pool/main/f/flatpak/flatpak_1.16.6-1~deb13u1_amd64.deb,https://deb.debian.org/debian/pool/main/f/flatpak/flatpak_1.16.6-1~deb13u1_amd64.deb,b5db09caf661ebb3c273690431abfdb19c0f0075a8bdb89ba027bb951d900b55,main
debian,fprintd,1.94.5-2,amd64,fprintd,1.94.5-2,https://www.freedesktop.org/wiki/Software/fprint/fprintd,https://www.freedesktop.org/wiki/Software/fprint/fprintd,pool/main/f/fprintd/fprintd_1.94.5-2_amd64.deb,https://deb.debian.org/debian/pool/main/f/fprintd/fprintd_1.94.5-2_amd64.deb,3fca3f487fda17aaa61b938927a1a02f4c4de822636ae61dd3dee2443e3b15ec,main
debian,freeipa-client-epn,4.12.4-1,amd64,freeipa,4.12.4-1,http://www.freeipa.org,https://www.freeipa.org,pool/main/f/freeipa/freeipa-client-epn_4.12.4-1_amd64.deb,https://deb.debian.org/debian/pool/main/f/freeipa/freeipa-client-epn_4.12.4-1_amd64.deb,8e5a85a32c31d99dd4c322df160efe0052e22376d9c878c2a98c1ef50f4ddf38,main
debian,freeipmi-bmc-watchdog,1.6.15-1,amd64,freeipmi,1.6.15-1,https://www.gnu.org/software/freeipmi/,https://www.gnu.org/software/freeipmi,pool/main/f/freeipmi/freeipmi-bmc-watchdog_1.6.15-1_amd64.deb,https://deb.debian.org/debian/pool/main/f/freeipmi/freeipmi-bmc-watchdog_1.6.15-1_amd64.deb,e80c172eda77cf76d5e385e5b9710151a7d6f7d7da734e544414f83150472880,main
debian,freeipmi-ipmidetect,1.6.15-1,amd64,freeipmi,1.6.15-1,https://www.gnu.org/software/freeipmi/,https://www.gnu.org/software/freeipmi,pool/main/f/freeipmi/freeipmi-ipmidetect_1.6.15-1_amd64.deb,https://deb.debian.org/debian/pool/main/f/freeipmi/freeipmi-ipmidetect_1.6.15-1_amd64.deb,e93d3cfaa6b878f64174e04700c5355c4e4460ab1077cf26d3594d911ac2b23d,main
debian,freeipmi-ipmiseld,1.6.15-1,amd64,freeipmi,1.6.15-1,https://www.gnu.org/software/freeipmi/,https://www.gnu.org/software/freeipmi,pool/main/f/freeipmi/freeipmi-ipmiseld_1.6.15-1_amd64.deb,https://deb.debian.org/debian/pool/main/f/freeipmi/freeipmi-ipmiseld_1.6.15-1_amd64.deb,30ce1be771ca94d401db5017dc070bb3a43701df1f6b925f5e8b538dc0e791e7,main
debian,freeradius,3.2.7+dfsg-1+deb13u2,amd64,freeradius,3.2.7+dfsg-1+deb13u2,http://www.freeradius.org/,https://www.freeradius.org,pool/main/f/freeradius/freeradius_3.2.7+dfsg-1+deb13u2_amd64.deb,https://deb.debian.org/debian/pool/main/f/freeradius/freeradius_3.2.7+dfsg-1+deb13u2_amd64.deb,6fc7985ab67b27b06a0ee644ecbc8b6984769cb6a84c92eb4045b6b4f039ec88,main
debian,frr,10.3-3+deb13u1,amd64,frr,10.3-3+deb13u1,https://www.frrouting.org,https://www.frrouting.org,pool/main/f/frr/frr_10.3-3+deb13u1_amd64.deb,https://deb.debian.org/debian/pool/main/f/frr/frr_10.3-3+deb13u1_amd64.deb,20718ad95f91d9bcda87769421bb33acc7a94d9f0bf0d994d31f0c6d9122ab0a,main
debian,fwupd,2.0.20-1~deb13u1,amd64,fwupd,2.0.20-1~deb13u1,https://github.com/fwupd/fwupd,https://github.com/fwupd/fwupd,pool/main/f/fwupd/fwupd_2.0.20-1~deb13u1_amd64.deb,https://deb.debian.org/debian/pool/main/f/fwupd/fwupd_2.0.20-1~deb13u1_amd64.deb,dfbc5092bef2de146496a9e3859b5502b01c10a3c34f4b1fe4555098be5210f8,main
debian,gammu-smsd,1.42.0-10,amd64,gammu,1.42.0-10,https://wammu.eu/gammu/,https://wammu.eu/gammu,pool/main/g/gammu/gammu-smsd_1.42.0-10_amd64.deb,https://deb.debian.org/debian/pool/main/g/gammu/gammu-smsd_1.42.0-10_amd64.deb,fb5633bd87c939ee134a47355e9bbe79bdbf62fc2a7bf9eb70643dc8b3100e73,main
debian,gdm3,48.0-2,amd64,gdm3,48.0-2,https://wiki.gnome.org/Projects/GDM/,https://wiki.gnome.org/Projects/GDM,pool/main/g/gdm3/gdm3_48.0-2_amd64.deb,https://deb.debian.org/debian/pool/main/g/gdm3/gdm3_48.0-2_amd64.deb,246b1c9f66c2a7f0d27366716b247436436ea84a3ccef823212fbe3f9aabd1b1,main
debian,gdnsd,3.8.3-2,amd64,gdnsd,3.8.3-2,https://gdnsd.org/,https://gdnsd.org,pool/main/g/gdnsd/gdnsd_3.8.3-2_amd64.deb,https://deb.debian.org/debian/pool/main/g/gdnsd/gdnsd_3.8.3-2_amd64.deb,4d672fa407d34725ed12d85e64c299d9cba5e7af73a8d992a412b89f1935579d,main
debian,gerbera,2.4.1+dfsg-1,amd64,gerbera,2.4.1+dfsg-1,https://gerbera.io/,https://gerbera.io,pool/main/g/gerbera/gerbera_2.4.1+dfsg-1_amd64.deb,https://deb.debian.org/debian/pool/main/g/gerbera/gerbera_2.4.1+dfsg-1_amd64.deb,beac659df3d9f05cf06d670aa871ba1d4c2cac2327a630c55d4a8ce3234dafb3,main
debian,globus-gatekeeper,11.4-3,amd64,globus-gatekeeper,11.4-3,https://github.com/gridcf/gct/,https://github.com/gridcf/gct,pool/main/g/globus-gatekeeper/globus-gatekeeper_11.4-3_amd64.deb,https://deb.debian.org/debian/pool/main/g/globus-gatekeeper/globus-gatekeeper_11.4-3_amd64.deb,57fcaf10540fe6b4159661aa402d61219e63d6bd27789bc4d40cf42b741cce76,main
debian,globus-gridftp-server-progs,13.25-6,amd64,globus-gridftp-server,13.25-6,https://github.com/gridcf/gct/,https://github.com/gridcf/gct,pool/main/g/globus-gridftp-server/globus-gridftp-server-progs_13.25-6_amd64.deb,https://deb.debian.org/debian/pool/main/g/globus-gridftp-server/globus-gridftp-server-progs_13.25-6_amd64.deb,f5330b75a6bd1bc07b9a867962af28da80b0303f0b7f876e7b7a77b7685ccf7e,main
debian,globus-scheduler-event-generator-progs,6.5-3+b1,amd64,globus-scheduler-event-generator,6.5-3,https://github.com/gridcf/gct/,https://github.com/gridcf/gct,pool/main/g/globus-scheduler-event-generator/globus-scheduler-event-generator-progs_6.5-3+b1_amd64.deb,https://deb.debian.org/debian/pool/main/g/globus-scheduler-event-generator/globus-scheduler-event-generator-progs_6.5-3+b1_amd64.deb,2b9fd59227d62e8da849dbd344982e31a393c662fcd6ed456dfba1b277ffb09d,main
debian,glusterfs-server,11.1-6,amd64,glusterfs,11.1-6,https://www.gluster.org/,https://www.gluster.org,pool/main/g/glusterfs/glusterfs-server_11.1-6_amd64.deb,https://deb.debian.org/debian/pool/main/g/glusterfs/glusterfs-server_11.1-6_amd64.deb,74291eff4ae4379c65558dff94e383f5527c7987e1619cf531bee5973515288d,main
debian,google-guest-agent,20211116.00-7+b3,amd64,google-guest-agent,20211116.00-7,https://github.com/GoogleCloudPlatform/guest-agent,https://github.com/GoogleCloudPlatform/guest-agent,pool/main/g/google-guest-agent/google-guest-agent_20211116.00-7+b3_amd64.deb,https://deb.debian.org/debian/pool/main/g/google-guest-agent/google-guest-agent_20211116.00-7+b3_amd64.deb,eca5b22badc28c51824b58fb412ac4d2c0fc0f131c9318c76a781cd5cd281b3d,main
debian,group-service,1.4.0-3+b1,amd64,group-service,1.4.0-3,https://github.com/zhuyaliang/group-service,https://github.com/zhuyaliang/group-service,pool/main/g/group-service/group-service_1.4.0-3+b1_amd64.deb,https://deb.debian.org/debian/pool/main/g/group-service/group-service_1.4.0-3+b1_amd64.deb,8506ba9d34c79d82e8f3481f2a6a2e0a6c6e9f281c9c0a631fea61c3a5dd973d,main
debian,grub-common,2.12-9+deb13u2,amd64,grub2,2.12-9+deb13u2,https://www.gnu.org/software/grub/,https://www.gnu.org/software/grub,pool/main/g/grub2/grub-common_2.12-9+deb13u2_amd64.deb,https://deb.debian.org/debian/pool/main/g/grub2/grub-common_2.12-9+deb13u2_amd64.deb,a59d34a52e98450165ffc05b75886e139ad77b9d851d25b11eaa973cbdcb3bdd,main
debian,gssproxy,0.9.2-3,amd64,gssproxy,0.9.2-3,https://github.com/gssapi/gssproxy/,https://github.com/gssapi/gssproxy,pool/main/g/gssproxy/gssproxy_0.9.2-3_amd64.deb,https://deb.debian.org/debian/pool/main/g/gssproxy/gssproxy_0.9.2-3_amd64.deb,ba7f9102574bf50849949117f5144d4b66a00cf43b71dbe41dfe53e9046818f6,main
debian,haproxy,3.0.11-1+deb13u3,amd64,haproxy,3.0.11-1+deb13u3,http://www.haproxy.org/,https://www.haproxy.org,pool/main/h/haproxy/haproxy_3.0.11-1+deb13u3_amd64.deb,https://deb.debian.org/debian/pool/main/h/haproxy/haproxy_3.0.11-1+deb13u3_amd64.deb,9a0b662b6cb63167af33864f90f29c3ef66b0aeee8d213e5b635a7bab25d51d8,main
debian,hardinfo2,2.2.10-1,amd64,hardinfo,2.2.10-1,https://github.com/hardinfo2/hardinfo2,https://github.com/hardinfo2/hardinfo2,pool/main/h/hardinfo/hardinfo2_2.2.10-1_amd64.deb,https://deb.debian.org/debian/pool/main/h/hardinfo/hardinfo2_2.2.10-1_amd64.deb,a82c847c375f02f69d10662bac296bdf5f14f0022064467935d9b7da8b614c33,main
debian,hdapsd,1:20141203-3+b1,amd64,hdapsd,1:20141203-3,https://github.com/evgeni/hdapsd,https://github.com/evgeni/hdapsd,pool/main/h/hdapsd/hdapsd_20141203-3+b1_amd64.deb,https://deb.debian.org/debian/pool/main/h/hdapsd/hdapsd_20141203-3+b1_amd64.deb,a186d4165c9d7e0dccb09a334158f7cb969b798f7a9a53ede35c34ce43e98e67,main
debian,hitch,1.8.0-1,amd64,hitch,1.8.0-1,https://hitch-tls.org/,https://hitch-tls.org,pool/main/h/hitch/hitch_1.8.0-1_amd64.deb,https://deb.debian.org/debian/pool/main/h/hitch/hitch_1.8.0-1_amd64.deb,c7122627fdc7942984aff5b21b9dacd942ec27efab2f16626167dc52df189ff6,main
debian,hostapd,2:2.10-24,amd64,wpa,2:2.10-24,https://w1.fi/wpa_supplicant/,https://w1.fi/wpa_supplicant,pool/main/w/wpa/hostapd_2.10-24_amd64.deb,https://deb.debian.org/debian/pool/main/w/wpa/hostapd_2.10-24_amd64.deb,d9c659fa9818a36bb378f5593e1f181084efe02e9d54ce77d879fcd86743a69a,main
debian,hyperv-daemons,6.12.94-1,amd64,linux,6.12.94-1,https://www.kernel.org/,https://www.kernel.org,pool/main/l/linux/hyperv-daemons_6.12.94-1_amd64.deb,https://deb.debian.org/debian/pool/main/l/linux/hyperv-daemons_6.12.94-1_amd64.deb,ea221e32d34462fb4518e7fffad13ea05b7fa531cb99dd82d2620a5c3d7b101c,main
debian,i2pd,2.56.0-1,amd64,i2pd,2.56.0-1,https://i2pd.website,https://i2pd.website,pool/main/i/i2pd/i2pd_2.56.0-1_amd64.deb,https://deb.debian.org/debian/pool/main/i/i2pd/i2pd_2.56.0-1_amd64.deb,b80c54e1a11abeac62638f4a3e042654e34bf9b1e2ea83fe62cbb2906135a50f,main
debian,ibacm,56.1-1,amd64,rdma-core,56.1-1,https://github.com/linux-rdma/rdma-core,https://github.com/linux-rdma/rdma-core,pool/main/r/rdma-core/ibacm_56.1-1_amd64.deb,https://deb.debian.org/debian/pool/main/r/rdma-core/ibacm_56.1-1_amd64.deb,06edda904319d258d4a8a88a6c66fa97358505991f4ddcecf715049b4da06776,main
debian,iio-sensor-proxy,3.7-3,amd64,iio-sensor-proxy,3.7-3,https://gitlab.freedesktop.org/hadess/iio-sensor-proxy,https://gitlab.freedesktop.org/hadess/iio-sensor-proxy,pool/main/i/iio-sensor-proxy/iio-sensor-proxy_3.7-3_amd64.deb,https://deb.debian.org/debian/pool/main/i/iio-sensor-proxy/iio-sensor-proxy_3.7-3_amd64.deb,911bf536a4ea0b832c267a56064d374df3f838e9458e4fb1fd506432731cc666,main
debian,iiod,0.26-2,amd64,libiio,0.26-2,https://github.com/analogdevicesinc/libiio,https://github.com/analogdevicesinc/libiio,pool/main/libi/libiio/iiod_0.26-2_amd64.deb,https://deb.debian.org/debian/pool/main/libi/libiio/iiod_0.26-2_amd64.deb,f2b40e7742b64c38b28a4885aa6aac387e422900333f5481f37d829566d45bf0,main
debian,imapproxy,1.2.8~svn20171105-2+b5,amd64,up-imapproxy,1.2.8~svn20171105-2,http://www.imapproxy.org,https://www.imapproxy.org,pool/main/u/up-imapproxy/imapproxy_1.2.8~svn20171105-2+b5_amd64.deb,https://deb.debian.org/debian/pool/main/u/up-imapproxy/imapproxy_1.2.8~svn20171105-2+b5_amd64.deb,86f2e2f0e468d541fe93647ea9f8282cfa89138796c7b8f4cfd8d6295f20513a,main
debian,incron,0.5.12-4+b1,amd64,incron,0.5.12-4,https://github.com/ar-/incron,https://github.com/ar-/incron,pool/main/i/incron/incron_0.5.12-4+b1_amd64.deb,https://deb.debian.org/debian/pool/main/i/incron/incron_0.5.12-4+b1_amd64.deb,a8605f763490e379af2825cfb21889277d177f5a0ebb865b7af22c01d97d844d,main
debian,incus-agent,6.0.4-2+deb13u8,amd64,incus,6.0.4-2+deb13u8,https://linuxcontainers.org/incus/,https://linuxcontainers.org/incus,pool/main/i/incus/incus-agent_6.0.4-2+deb13u8_amd64.deb,https://deb.debian.org/debian/pool/main/i/incus/incus-agent_6.0.4-2+deb13u8_amd64.deb,dcdf67f330e2faaa97fbac1c8e56d14bf4980d50f5894cff923e9dd2490db503,main
debian,incus-base,6.0.4-2+deb13u8,amd64,incus,6.0.4-2+deb13u8,https://linuxcontainers.org/incus/,https://linuxcontainers.org/incus,pool/main/i/incus/incus-base_6.0.4-2+deb13u8_amd64.deb,https://deb.debian.org/debian/pool/main/i/incus/incus-base_6.0.4-2+deb13u8_amd64.deb,e68cc5a7898cb55d13bb35857a4d06021825d3000242f50e3ebb239d58ddb48f,main
debian,inetutils-inetd,2:2.6-3+deb13u3,amd64,inetutils,2:2.6-3+deb13u3,https://www.gnu.org/software/inetutils/,https://www.gnu.org/software/inetutils,pool/main/i/inetutils/inetutils-inetd_2.6-3+deb13u3_amd64.deb,https://deb.debian.org/debian/pool/main/i/inetutils/inetutils-inetd_2.6-3+deb13u3_amd64.deb,fb92e9ed80fc3a33920b8336385fc8f41acb3b30f34998363e26e0a6165e1b29,main
debian,inetutils-syslogd,2:2.6-3+deb13u3,amd64,inetutils,2:2.6-3+deb13u3,https://www.gnu.org/software/inetutils/,https://www.gnu.org/software/inetutils,pool/main/i/inetutils/inetutils-syslogd_2.6-3+deb13u3_amd64.deb,https://deb.debian.org/debian/pool/main/i/inetutils/inetutils-syslogd_2.6-3+deb13u3_amd64.deb,821c53998d0a9c1c1bf246759c56168608cf1f4ffba4de5b33fa21dbeb708fa2,main
debian,inn2,2.7.3-1,amd64,inn2,2.7.3-1,https://www.eyrie.org/~eagle/software/inn/,https://www.eyrie.org/~eagle/software/inn,pool/main/i/inn2/inn2_2.7.3-1_amd64.deb,https://deb.debian.org/debian/pool/main/i/inn2/inn2_2.7.3-1_amd64.deb,67b6c02eec2345c9d75911c5df9cbed72d01a9a8df3e0ffd87fa2bc7970a5137,main
debian,interception-tools,0.6.8-3+b3,amd64,interception-tools,0.6.8-3,https://gitlab.com/interception/linux/tools,https://gitlab.com/interception/linux/tools,pool/main/i/interception-tools/interception-tools_0.6.8-3+b3_amd64.deb,https://deb.debian.org/debian/pool/main/i/interception-tools/interception-tools_0.6.8-3+b3_amd64.deb,150020d713ec280bdbcae3a8d0826731c5a587d9c668fa76beda6e46f8e130e1,main
debian,iodine,0.7.0-11,amd64,iodine,0.7.0-11,https://code.kryo.se/iodine,https://code.kryo.se/iodine,pool/main/i/iodine/iodine_0.7.0-11_amd64.deb,https://deb.debian.org/debian/pool/main/i/iodine/iodine_0.7.0-11_amd64.deb,f94337fe0edf8216f482aef1ed78ea75021807dbf186a58ca938b3073df8fdd8,main
debian,ipp-usb,0.9.23-2+b7,amd64,ipp-usb,0.9.23-2,https://github.com/OpenPrinting/ipp-usb,https://github.com/OpenPrinting/ipp-usb,pool/main/i/ipp-usb/ipp-usb_0.9.23-2+b7_amd64.deb,https://deb.debian.org/debian/pool/main/i/ipp-usb/ipp-usb_0.9.23-2+b7_amd64.deb,0e093f491e2c975104b8f503f899f4ce840f71ae3daf31e2bc021fdc5f80a90a,main
debian,irqbalance,1.9.4-1+deb13u1,amd64,irqbalance,1.9.4-1+deb13u1,https://github.com/Irqbalance/irqbalance,https://github.com/Irqbalance/irqbalance,pool/main/i/irqbalance/irqbalance_1.9.4-1+deb13u1_amd64.deb,https://deb.debian.org/debian/pool/main/i/irqbalance/irqbalance_1.9.4-1+deb13u1_amd64.deb,a54fa1b3ce9d4b587f1f4b5ad4cc3cf8f9547e15ee56ee4ad49869d5994317cf,main
debian,iscsiuio,2.1.11-1+deb13u2,amd64,open-iscsi,2.1.11-1+deb13u2,https://www.open-iscsi.com/,https://www.open-iscsi.com,pool/main/o/open-iscsi/iscsiuio_2.1.11-1+deb13u2_amd64.deb,https://deb.debian.org/debian/pool/main/o/open-iscsi/iscsiuio_2.1.11-1+deb13u2_amd64.deb,173d1131dd1bade7b63995f10dc8acc78456aa2be2899510ad65dfed9915bc78,main
debian,iwd,3.8-2,amd64,iwd,3.8-2,https://iwd.wiki.kernel.org/,https://iwd.wiki.kernel.org,pool/main/i/iwd/iwd_3.8-2_amd64.deb,https://deb.debian.org/debian/pool/main/i/iwd/iwd_3.8-2_amd64.deb,3eb7927d5a0ec4ada17fb90fe06a46d512a53bd0269b2120d961fa57c3bc9053,main
debian,jabberd2,2.7.0-8,amd64,jabberd2,2.7.0-8,https://jabberd2.org/,https://jabberd2.org,pool/main/j/jabberd2/jabberd2_2.7.0-8_amd64.deb,https://deb.debian.org/debian/pool/main/j/jabberd2/jabberd2_2.7.0-8_amd64.deb,5058932ab9f5c0b67366f8e89d41255cdc4e1d718c50acee978c4b77bfdc0a06,main
debian,kafs-client,0.5-5,amd64,kafs-client,0.5-5,https://www.infradead.org/~dhowells/kafs/,https://www.infradead.org/~dhowells/kafs,pool/main/k/kafs-client/kafs-client_0.5-5_amd64.deb,https://deb.debian.org/debian/pool/main/k/kafs-client/kafs-client_0.5-5_amd64.deb,b539f9476a316034bde43a687ce49af9b51e3de412e61063c32fed02e39fba30,main
debian,kea-ctrl-agent,2.6.3-1+deb13u1,amd64,isc-kea,2.6.3-1+deb13u1,http://kea.isc.org/,https://kea.isc.org,pool/main/i/isc-kea/kea-ctrl-agent_2.6.3-1+deb13u1_amd64.deb,https://deb.debian.org/debian/pool/main/i/isc-kea/kea-ctrl-agent_2.6.3-1+deb13u1_amd64.deb,1a86cb57b009212fe2d35f9499f1fe9a1ef37714a395207fe8f14a7e386360d6,main
debian,kea-dhcp-ddns-server,2.6.3-1+deb13u1,amd64,isc-kea,2.6.3-1+deb13u1,http://kea.isc.org/,https://kea.isc.org,pool/main/i/isc-kea/kea-dhcp-ddns-server_2.6.3-1+deb13u1_amd64.deb,https://deb.debian.org/debian/pool/main/i/isc-kea/kea-dhcp-ddns-server_2.6.3-1+deb13u1_amd64.deb,c211f038ad8231cda02fc7e66a9228833ef591eb652daa98ad09f0489092334a,main
debian,kea-dhcp4-server,2.6.3-1+deb13u1,amd64,isc-kea,2.6.3-1+deb13u1,http://kea.isc.org/,https://kea.isc.org,pool/main/i/isc-kea/kea-dhcp4-server_2.6.3-1+deb13u1_amd64.deb,https://deb.debian.org/debian/pool/main/i/isc-kea/kea-dhcp4-server_2.6.3-1+deb13u1_amd64.deb,4d1a5317f0061833bc51a2648ee4413a77f710bbceea5e0e472ca4b6c84aaf6a,main
debian,kea-dhcp6-server,2.6.3-1+deb13u1,amd64,isc-kea,2.6.3-1+deb13u1,http://kea.isc.org/,https://kea.isc.org,pool/main/i/isc-kea/kea-dhcp6-server_2.6.3-1+deb13u1_amd64.deb,https://deb.debian.org/debian/pool/main/i/isc-kea/kea-dhcp6-server_2.6.3-1+deb13u1_amd64.deb,474f75e14368ecacfc7d14af782a0976efe3be432339200a9650881fdfed2448,main
debian,keyd,2.5.0-4,amd64,keyd,2.5.0-4,https://github.com/rvaiya/keyd,https://github.com/rvaiya/keyd,pool/main/k/keyd/keyd_2.5.0-4_amd64.deb,https://deb.debian.org/debian/pool/main/k/keyd/keyd_2.5.0-4_amd64.deb,1026a168630c8e00ef0356b7e15bc298de2ba535228c1b05772f7c55828b61a1,main
debian,knockd,0.8-2+b6,amd64,knockd,0.8-2,http://www.zeroflux.org/projects/knock,https://www.zeroflux.org/projects/knock,pool/main/k/knockd/knockd_0.8-2+b6_amd64.deb,https://deb.debian.org/debian/pool/main/k/knockd/knockd_0.8-2+b6_amd64.deb,06ee1d1edf945f5aedd18734769ed2c7dd5e0149494c5ef41d20e05859681ecd,main
debian,knot,3.4.6-2,amd64,knot,3.4.6-2,https://www.knot-dns.cz/,https://www.knot-dns.cz,pool/main/k/knot/knot_3.4.6-2_amd64.deb,https://deb.debian.org/debian/pool/main/k/knot/knot_3.4.6-2_amd64.deb,1614f9e2f899caf501d192fc51c20f7ccb35cd2d30182db47cbfcd742539fb34,main
debian,knot-resolver,5.7.5-1,amd64,knot-resolver,5.7.5-1,https://www.knot-resolver.cz/,https://www.knot-resolver.cz,pool/main/k/knot-resolver/knot-resolver_5.7.5-1_amd64.deb,https://deb.debian.org/debian/pool/main/k/knot-resolver/knot-resolver_5.7.5-1_amd64.deb,0954c87e35889da4ea2d5fde54c4197f76e92f86f49984dd4193e6f9eb9a181e,main
debian,krb5-admin-server,1.21.3-5+deb13u1,amd64,krb5,1.21.3-5+deb13u1,https://web.mit.edu/kerberos/,https://web.mit.edu/kerberos,pool/main/k/krb5/krb5-admin-server_1.21.3-5+deb13u1_amd64.deb,https://deb.debian.org/debian/pool/main/k/krb5/krb5-admin-server_1.21.3-5+deb13u1_amd64.deb,40a6668be1d7de8b45305ac0f3568ae9f1ed9520ce457ff00b0a5fac77ffd1d6,main
debian,krb5-kdc,1.21.3-5+deb13u1,amd64,krb5,1.21.3-5+deb13u1,https://web.mit.edu/kerberos/,https://web.mit.edu/kerberos,pool/main/k/krb5/krb5-kdc_1.21.3-5+deb13u1_amd64.deb,https://deb.debian.org/debian/pool/main/k/krb5/krb5-kdc_1.21.3-5+deb13u1_amd64.deb,5533f05f8d20cee3e5441b5934f131a3b5b0487c7c1818680f175cbe8c7ea7c1,main
debian,krb5-kdc-ldap,1.21.3-5+deb13u1,amd64,krb5,1.21.3-5+deb13u1,https://web.mit.edu/kerberos/,https://web.mit.edu/kerberos,pool/main/k/krb5/krb5-kdc-ldap_1.21.3-5+deb13u1_amd64.deb,https://deb.debian.org/debian/pool/main/k/krb5/krb5-kdc-ldap_1.21.3-5+deb13u1_amd64.deb,fa93fb36aced9ff9f8882ea5d3534efd2b0372b72d7c7f157482cc925adbbb40,main
debian,krb5-kpropd,1.21.3-5+deb13u1,amd64,krb5,1.21.3-5+deb13u1,https://web.mit.edu/kerberos/,https://web.mit.edu/kerberos,pool/main/k/krb5/krb5-kpropd_1.21.3-5+deb13u1_amd64.deb,https://deb.debian.org/debian/pool/main/k/krb5/krb5-kpropd_1.21.3-5+deb13u1_amd64.deb,944cbcb699d7c47e9954fe03b74bb3b62f78f9e5f4c135cdcd166d79090639bf,main
debian,ksmtuned,4.20150326+nmu1,amd64,ksmtuned,4.20150326+nmu1,https://github.com/ksmtuned/ksmtuned,https://github.com/ksmtuned/ksmtuned,pool/main/k/ksmtuned/ksmtuned_4.20150326+nmu1_amd64.deb,https://deb.debian.org/debian/pool/main/k/ksmtuned/ksmtuned_4.20150326+nmu1_amd64.deb,e66609e41ea53088414f45154b9191a787e0837b1e3143526274defd4de464ca,main
debian,ktls-utils,1.0.0-1,amd64,ktls-utils,1.0.0-1,https://github.com/oracle/ktls-utils,https://github.com/oracle/ktls-utils,pool/main/k/ktls-utils/ktls-utils_1.0.0-1_amd64.deb,https://deb.debian.org/debian/pool/main/k/ktls-utils/ktls-utils_1.0.0-1_amd64.deb,a7095cdbf262ba4fcefbb924162ae34aa973a2963c1f4660ef75b553649b2998,main
debian,lastlog2,2.41-5,amd64,util-linux,2.41-5,https://github.com/util-linux/util-linux,https://github.com/util-linux/util-linux,pool/main/u/util-linux/lastlog2_2.41-5_amd64.deb,https://deb.debian.org/debian/pool/main/u/util-linux/lastlog2_2.41-5_amd64.deb,2566601f47a824523d57c2cc8a69f0d5ba09ded052b71ef3dc4153e613749ab7,main
debian,ledmon,0.97-1.2+b1,amd64,ledmon,0.97-1.2,https://github.com/intel/ledmon,https://github.com/intel/ledmon,pool/main/l/ledmon/ledmon_0.97-1.2+b1_amd64.deb,https://deb.debian.org/debian/pool/main/l/ledmon/ledmon_0.97-1.2+b1_amd64.deb,fb537f7bc1e987fbfecd69a4e85c2f1ad472d49fcc4495234d654a73eec74f47,main
debian,libpam-modules-bin,1.7.0-5,amd64,pam,1.7.0-5,http://www.linux-pam.org/,https://www.linux-pam.org,pool/main/p/pam/libpam-modules-bin_1.7.0-5_amd64.deb,https://deb.debian.org/debian/pool/main/p/pam/libpam-modules-bin_1.7.0-5_amd64.deb,cc72066d008444317738e8e931d6131b301466b4e2dd5ef5baa75fb1a45d61a7,main
debian,libreswan,5.2-2.2,amd64,libreswan,5.2-2.2,https://libreswan.org/,https://libreswan.org,pool/main/libr/libreswan/libreswan_5.2-2.2_amd64.deb,https://deb.debian.org/debian/pool/main/libr/libreswan/libreswan_5.2-2.2_amd64.deb,dffbb61c5d234eb4ea7a7f648b09d2ab4a617fe8c2885d71a416edf1f9c188a8,main
debian,libvirt-daemon-common,11.3.0-3+deb13u2,amd64,libvirt,11.3.0-3+deb13u2,https://libvirt.org/,https://libvirt.org,pool/main/libv/libvirt/libvirt-daemon-common_11.3.0-3+deb13u2_amd64.deb,https://deb.debian.org/debian/pool/main/libv/libvirt/libvirt-daemon-common_11.3.0-3+deb13u2_amd64.deb,5a5ad4159a378f8b086cd6fc7f82ff85eb61e392b85c6a929334df1a8dbc4176,main
debian,lighttpd,1.4.79-2,amd64,lighttpd,1.4.79-2,https://www.lighttpd.net/,https://www.lighttpd.net,pool/main/l/lighttpd/lighttpd_1.4.79-2_amd64.deb,https://deb.debian.org/debian/pool/main/l/lighttpd/lighttpd_1.4.79-2_amd64.deb,18bd2c0da4b0f31d961c4952cbca7396650a151f8b743efbb60dcf2e34ad3328,main
debian,logiops,0.3.5-1+b1,amd64,logiops,0.3.5-1,https://github.com/PixlOne/logiops,https://github.com/PixlOne/logiops,pool/main/l/logiops/logiops_0.3.5-1+b1_amd64.deb,https://deb.debian.org/debian/pool/main/l/logiops/logiops_0.3.5-1+b1_amd64.deb,255bbd7b8bc5939a8f395d9d6de022a109670d7bfce064567840e371af7fa12d,main
debian,logrotate,3.22.0-1,amd64,logrotate,3.22.0-1,https://github.com/logrotate/logrotate,https://github.com/logrotate/logrotate,pool/main/l/logrotate/logrotate_3.22.0-1_amd64.deb,https://deb.debian.org/debian/pool/main/l/logrotate/logrotate_3.22.0-1_amd64.deb,6acd9410fb2f2c9b439e7ee83c7095140e56e343ce7bc90d31fd95bf23f296b7,main
debian,low-memory-monitor,2.1-2+b1,amd64,low-memory-monitor,2.1-2,https://gitlab.freedesktop.org/hadess/low-memory-monitor,https://gitlab.freedesktop.org/hadess/low-memory-monitor,pool/main/l/low-memory-monitor/low-memory-monitor_2.1-2+b1_amd64.deb,https://deb.debian.org/debian/pool/main/l/low-memory-monitor/low-memory-monitor_2.1-2+b1_amd64.deb,3b6471b35608b3d7def29186c08785e4cbcb9cff54459aeb3b6a10f2a4e2486a,main
debian,lprint,1.3.1-1,amd64,lprint,1.3.1-1,https://www.msweet.org/lprint/,https://www.msweet.org/lprint,pool/main/l/lprint/lprint_1.3.1-1_amd64.deb,https://deb.debian.org/debian/pool/main/l/lprint/lprint_1.3.1-1_amd64.deb,112331d703fe46e05f955389926f06599286017b743e0af0acb0967aac0424b9,main
debian,lttng-tools,2.13.15-2,amd64,ltt-control,2.13.15-2,https://lttng.org/,https://lttng.org,pool/main/l/ltt-control/lttng-tools_2.13.15-2_amd64.deb,https://deb.debian.org/debian/pool/main/l/ltt-control/lttng-tools_2.13.15-2_amd64.deb,6adfbbf065be97d1b26b546abc4abb95a89aeb9ded1b03ce0450a2e027959aeb,main
debian,luanti-server,5.10.0+dfsg-5+deb13u1,amd64,luanti,5.10.0+dfsg-5+deb13u1,https://www.luanti.org,https://www.luanti.org,pool/main/l/luanti/luanti-server_5.10.0+dfsg-5+deb13u1_amd64.deb,https://deb.debian.org/debian/pool/main/l/luanti/luanti-server_5.10.0+dfsg-5+deb13u1_amd64.deb,0ced2e42b2fd1ac24f3761023e4669284a74354c23f27b9b73b7a620d191ca39,main
debian,lvm2,2.03.31-2,amd64,lvm2,2.03.31-2,https://sourceware.org/lvm2/,https://sourceware.org/lvm2,pool/main/l/lvm2/lvm2_2.03.31-2_amd64.deb,https://deb.debian.org/debian/pool/main/l/lvm2/lvm2_2.03.31-2_amd64.deb,a6a130eae69ec2ede92b2bf4bfab35208a5340c2c3e2dcb4453bf8fbf742d0a6,main
debian,lvm2-lockd,2.03.31-2,amd64,lvm2,2.03.31-2,https://sourceware.org/lvm2/,https://sourceware.org/lvm2,pool/main/l/lvm2/lvm2-lockd_2.03.31-2_amd64.deb,https://deb.debian.org/debian/pool/main/l/lvm2/lvm2-lockd_2.03.31-2_amd64.deb,ec73b3ee563a57c5bf20c2d651d2256be343e44f9faab86f767eb60113166a14,main
debian,lxc,1:6.0.4-4+deb13u3+b1,amd64,lxc,1:6.0.4-4+deb13u3,https://linuxcontainers.org/,https://linuxcontainers.org,pool/main/l/lxc/lxc_6.0.4-4+deb13u3+b1_amd64.deb,https://deb.debian.org/debian/pool/main/l/lxc/lxc_6.0.4-4+deb13u3+b1_amd64.deb,bbb03e48a924cee78b8034522b01c84beaba2021e9c8c4ef1d3bb6519cf1249d,main
debian,lxcfs,6.0.4-1+deb13u1,amd64,lxcfs,6.0.4-1+deb13u1,https://linuxcontainers.org,https://linuxcontainers.org,pool/main/l/lxcfs/lxcfs_6.0.4-1+deb13u1_amd64.deb,https://deb.debian.org/debian/pool/main/l/lxcfs/lxcfs_6.0.4-1+deb13u1_amd64.deb,504cabc77e496b57729f23c5b27c78e16903f5bab037ca2db8b8c57be9faaf41,main
debian,mariadb-server,1:11.8.6-0+deb13u1,amd64,mariadb,1:11.8.6-0+deb13u1,https://mariadb.org/,https://mariadb.org,pool/main/m/mariadb/mariadb-server_11.8.6-0+deb13u1_amd64.deb,https://deb.debian.org/debian/pool/main/m/mariadb/mariadb-server_11.8.6-0+deb13u1_amd64.deb,b62235159df3ad6dd4e82b1ff586e76a395063def855ea341252584ab61fb1b0,main
debian,memcached,1.6.38-1,amd64,memcached,1.6.38-1,https://memcached.org/,https://memcached.org,pool/main/m/memcached/memcached_1.6.38-1_amd64.deb,https://deb.debian.org/debian/pool/main/m/memcached/memcached_1.6.38-1_amd64.deb,bbf47b5f9cf76f14b3ced095fb37f5efff7df9d68caf1c68cbe1e0524cbd1606,main
debian,mgetty-fax,1.2.1-2,amd64,mgetty,1.2.1-2,http://mgetty.greenie.net/,https://mgetty.greenie.net,pool/main/m/mgetty/mgetty-fax_1.2.1-2_amd64.deb,https://deb.debian.org/debian/pool/main/m/mgetty/mgetty-fax_1.2.1-2_amd64.deb,e104c1ab5173179d2649a55cbcc77b6b2e918948d280f57c7dfec92fc11d1de9,main
debian,milter-greylist,4.6.4-4,amd64,milter-greylist,4.6.4-4,http://hcpnet.free.fr/milter-greylist/,https://hcpnet.free.fr/milter-greylist,pool/main/m/milter-greylist/milter-greylist_4.6.4-4_amd64.deb,https://deb.debian.org/debian/pool/main/m/milter-greylist/milter-greylist_4.6.4-4_amd64.deb,63e9cafdacd3fd66c7719cedff205a7866924a4cf70390f35caf698a1ddd877a,main
debian,minidlna,1.3.3+dfsg-1.1+b1,amd64,minidlna,1.3.3+dfsg-1.1,https://sourceforge.net/projects/minidlna/,https://sourceforge.net/projects/minidlna,pool/main/m/minidlna/minidlna_1.3.3+dfsg-1.1+b1_amd64.deb,https://deb.debian.org/debian/pool/main/m/minidlna/minidlna_1.3.3+dfsg-1.1+b1_amd64.deb,73e7b6f0f295b990802d8bdb6d5fd8dd6e130b81e3bdc4b40dd991d22a03df8c,main
debian,miniflux,2.2.6-1+b4,amd64,miniflux,2.2.6-1,https://miniflux.app,https://miniflux.app,pool/main/m/miniflux/miniflux_2.2.6-1+b4_amd64.deb,https://deb.debian.org/debian/pool/main/m/miniflux/miniflux_2.2.6-1+b4_amd64.deb,fc361245db3e48df0e0f157da05c62527ba4c5aed24ea4c66e2e33b898b8b514,main
debian,modemmanager,1.24.0-1+deb13u1,amd64,modemmanager,1.24.0-1+deb13u1,https://www.freedesktop.org/wiki/Software/ModemManager/,https://www.freedesktop.org/wiki/Software/ModemManager,pool/main/m/modemmanager/modemmanager_1.24.0-1+deb13u1_amd64.deb,https://deb.debian.org/debian/pool/main/m/modemmanager/modemmanager_1.24.0-1+deb13u1_amd64.deb,8f4c12ba14f4debde8b8b72a6a84720a030e6e643982dc12e01ee9bb7531709b,main
debian,monit,1:5.34.3-1,amd64,monit,1:5.34.3-1,https://mmonit.com/monit/,https://mmonit.com/monit,pool/main/m/monit/monit_5.34.3-1_amd64.deb,https://deb.debian.org/debian/pool/main/m/monit/monit_5.34.3-1_amd64.deb,a0d3e348e760bf455341214067dc2920c72a5621f07051a0ee0c6475566c6b83,main
debian,mosquitto,2.0.21-1,amd64,mosquitto,2.0.21-1,https://mosquitto.org/,https://mosquitto.org,pool/main/m/mosquitto/mosquitto_2.0.21-1_amd64.deb,https://deb.debian.org/debian/pool/main/m/mosquitto/mosquitto_2.0.21-1_amd64.deb,7687db9cd62d8f59da33a511d8ca202a653edf9c164afc56e9a1efc7a2d5abe7,main
debian,motion,4.7.0-3,amd64,motion,4.7.0-3,https://motion-project.github.io/,https://motion-project.github.io,pool/main/m/motion/motion_4.7.0-3_amd64.deb,https://deb.debian.org/debian/pool/main/m/motion/motion_4.7.0-3_amd64.deb,a514ee8011ee37a28c2a8b01d3a0ff8c3e3a82419f03a20bc51b6f1e5e9c9ef7,main
debian,mpd,0.24.4-1,amd64,mpd,0.24.4-1,https://www.musicpd.org/,https://www.musicpd.org,pool/main/m/mpd/mpd_0.24.4-1_amd64.deb,https://deb.debian.org/debian/pool/main/m/mpd/mpd_0.24.4-1_amd64.deb,fa9b62991aef919c27b53bbf7868fc8885cc19473e7eef09590d369e820f4f89,main
debian,mpdscribble,0.25-2,amd64,mpdscribble,0.25-2,https://www.musicpd.org/clients/mpdscribble/,https://www.musicpd.org/clients/mpdscribble,pool/main/m/mpdscribble/mpdscribble_0.25-2_amd64.deb,https://deb.debian.org/debian/pool/main/m/mpdscribble/mpdscribble_0.25-2_amd64.deb,885ead428d75f337e6fc5a1af5d346e5f3c7b72f3d0a89517961a1275e26db16,main
debian,mrtg,2.17.10-13+deb13u1,amd64,mrtg,2.17.10-13+deb13u1,https://oss.oetiker.ch/mrtg,https://oss.oetiker.ch/mrtg,pool/main/m/mrtg/mrtg_2.17.10-13+deb13u1_amd64.deb,https://deb.debian.org/debian/pool/main/m/mrtg/mrtg_2.17.10-13+deb13u1_amd64.deb,49b765e81121628bb12c4ca8815e46e2f0aa864b7ad065831f1cf9c1abaedfcc,main
debian,multipath-tools,0.11.1-2,amd64,multipath-tools,0.11.1-2,http://christophe.varoqui.free.fr/,https://christophe.varoqui.free.fr,pool/main/m/multipath-tools/multipath-tools_0.11.1-2_amd64.deb,https://deb.debian.org/debian/pool/main/m/multipath-tools/multipath-tools_0.11.1-2_amd64.deb,afb2615aa3e00eee234ac406f9465eef71d250b589ebea23d48ce7547c1df368,main
debian,mumble-server,1.5.735-5+deb13u1,amd64,mumble,1.5.735-5+deb13u1,https://www.mumble.info,https://www.mumble.info,pool/main/m/mumble/mumble-server_1.5.735-5+deb13u1_amd64.deb,https://deb.debian.org/debian/pool/main/m/mumble/mumble-server_1.5.735-5+deb13u1_amd64.deb,fafe6cb1ac604eae419731a8fc85d3794d281d0283238d0092d3677ae32bff92,main
debian,munge,0.5.16-1.1~deb13u1,amd64,munge,0.5.16-1.1~deb13u1,https://dun.github.io/munge,https://dun.github.io/munge,pool/main/m/munge/munge_0.5.16-1.1~deb13u1_amd64.deb,https://deb.debian.org/debian/pool/main/m/munge/munge_0.5.16-1.1~deb13u1_amd64.deb,2e26ea38f9128984d258b0f4b8e0603db7848be92629c36409563b7fae8a0e73,main
debian,myproxy-server,6.2.16-4,amd64,myproxy,6.2.16-4,http://grid.ncsa.illinois.edu/myproxy/,https://grid.ncsa.illinois.edu/myproxy,pool/main/m/myproxy/myproxy-server_6.2.16-4_amd64.deb,https://deb.debian.org/debian/pool/main/m/myproxy/myproxy-server_6.2.16-4_amd64.deb,549f95302ba809ef178a8e0da812c628fac1c883f9461bec68287241de8d94fe,main
debian,ndctl,81-1,amd64,ndctl,81-1,https://github.com/pmem/ndctl,https://github.com/pmem/ndctl,pool/main/n/ndctl/ndctl_81-1_amd64.deb,https://deb.debian.org/debian/pool/main/n/ndctl/ndctl_81-1_amd64.deb,8474954e9e3a06a3428e86b1e6458f9587acaf0568297da8ddb71ada6cc1a10d,main
debian,nebula,1.9.3+dfsg-6+b2,amd64,nebula,1.9.3+dfsg-6,https://github.com/slackhq/nebula,https://github.com/slackhq/nebula,pool/main/n/nebula/nebula_1.9.3+dfsg-6+b2_amd64.deb,https://deb.debian.org/debian/pool/main/n/nebula/nebula_1.9.3+dfsg-6+b2_amd64.deb,c8e510399c894098133758ea5613e1bbfd1fd2f5fcad8f1d63c19066e5007142,main
debian,netavark,1.14.0-2,amd64,netavark,1.14.0-2,https://github.com/containers/netavark,https://github.com/containers/netavark,pool/main/n/netavark/netavark_1.14.0-2_amd64.deb,https://deb.debian.org/debian/pool/main/n/netavark/netavark_1.14.0-2_amd64.deb,34820688e7c671e746d88d109d4f7a34ffbb4a013b7dd2035d2762baf8e50a79,main
debian,netperf,2.7.0+git20210121.3bc455b+ds-3,amd64,netperf,2.7.0+git20210121.3bc455b+ds-3,https://github.com/HewlettPackard/netperf,https://github.com/HewlettPackard/netperf,pool/main/n/netperf/netperf_2.7.0+git20210121.3bc455b+ds-3_amd64.deb,https://deb.debian.org/debian/pool/main/n/netperf/netperf_2.7.0+git20210121.3bc455b+ds-3_amd64.deb,8c5f6938479c4d43c538c2ebe2c86c615c9029d348fd2b3bc17b3698637ebfe3,main
debian,network-manager,1.52.1-1,amd64,network-manager,1.52.1-1,https://networkmanager.dev/,https://networkmanager.dev,pool/main/n/network-manager/network-manager_1.52.1-1_amd64.deb,https://deb.debian.org/debian/pool/main/n/network-manager/network-manager_1.52.1-1_amd64.deb,1e1f7aab8916b1346d39c844688409184a589a9e7f8377f9932ad95ebb7aafea,main
debian,nfs-common,1:2.8.3-1,amd64,nfs-utils,1:2.8.3-1,https://linux-nfs.org/,https://linux-nfs.org,pool/main/n/nfs-utils/nfs-common_2.8.3-1_amd64.deb,https://deb.debian.org/debian/pool/main/n/nfs-utils/nfs-common_2.8.3-1_amd64.deb,3bf0edc765f16d07a579712e8f40307ad61457eb82fbe928f7a107e7101e3ec1,main
debian,nfs-ganesha,6.5-5,amd64,nfs-ganesha,6.5-5,https://github.com/nfs-ganesha/nfs-ganesha,https://github.com/nfs-ganesha/nfs-ganesha,pool/main/n/nfs-ganesha/nfs-ganesha_6.5-5_amd64.deb,https://deb.debian.org/debian/pool/main/n/nfs-ganesha/nfs-ganesha_6.5-5_amd64.deb,a5a67275806a5a6efe0754daa6ea203fef27212b3bf523753443d7c25d033e01,main
debian,nfs-kernel-server,1:2.8.3-1,amd64,nfs-utils,1:2.8.3-1,https://linux-nfs.org/,https://linux-nfs.org,pool/main/n/nfs-utils/nfs-kernel-server_2.8.3-1_amd64.deb,https://deb.debian.org/debian/pool/main/n/nfs-utils/nfs-kernel-server_2.8.3-1_amd64.deb,c18689be68888fbdd0b00bda5f46f64c5c7a945e7bdd394413f1f2107d0810ca,main
debian,nghttp2-proxy,1.64.0-1.1+deb13u1,amd64,nghttp2,1.64.0-1.1+deb13u1,https://nghttp2.org/,https://nghttp2.org,pool/main/n/nghttp2/nghttp2-proxy_1.64.0-1.1+deb13u1_amd64.deb,https://deb.debian.org/debian/pool/main/n/nghttp2/nghttp2-proxy_1.64.0-1.1+deb13u1_amd64.deb,a0608c185fa851e6cbb8a47f90ab260f1626b47848d2f7f7cc4a1387d71500b2,main
debian,ngircd,27-2,amd64,ngircd,27-2,https://ngircd.barton.de/,https://ngircd.barton.de,pool/main/n/ngircd/ngircd_27-2_amd64.deb,https://deb.debian.org/debian/pool/main/n/ngircd/ngircd_27-2_amd64.deb,558c6e779ea10134bce41c8b3e3ca688a2ce5547b735a66ad4fcb9dfa966640a,main
debian,nodm,0.13-6.2,amd64,nodm,0.13-6.2,https://github.com/spanezz/nodm/,https://github.com/spanezz/nodm,pool/main/n/nodm/nodm_0.13-6.2_amd64.deb,https://deb.debian.org/debian/pool/main/n/nodm/nodm_0.13-6.2_amd64.deb,2e5ff32b1e6b6aa6a40c569f6b518a02c89637804440221f87f25bac438a711c,main
debian,nordugrid-arc-arex,7.0.0-3,amd64,nordugrid-arc,7.0.0-3,http://www.nordugrid.org,https://www.nordugrid.org,pool/main/n/nordugrid-arc/nordugrid-arc-arex_7.0.0-3_amd64.deb,https://deb.debian.org/debian/pool/main/n/nordugrid-arc/nordugrid-arc-arex_7.0.0-3_amd64.deb,b9b31b369663b39f82f127d3e666f1f1fbe9aa0aaf96849106db3832a66122bc,main
debian,nordugrid-arc-datadelivery-service,7.0.0-3,amd64,nordugrid-arc,7.0.0-3,http://www.nordugrid.org,https://www.nordugrid.org,pool/main/n/nordugrid-arc/nordugrid-arc-datadelivery-service_7.0.0-3_amd64.deb,https://deb.debian.org/debian/pool/main/n/nordugrid-arc/nordugrid-arc-datadelivery-service_7.0.0-3_amd64.deb,303611a221a0e8a3660b064bc05b66635a83fdaad76be0434ae3f5a6e9986ce9,main
debian,nordugrid-arc-hed,7.0.0-3,amd64,nordugrid-arc,7.0.0-3,http://www.nordugrid.org,https://www.nordugrid.org,pool/main/n/nordugrid-arc/nordugrid-arc-hed_7.0.0-3_amd64.deb,https://deb.debian.org/debian/pool/main/n/nordugrid-arc/nordugrid-arc-hed_7.0.0-3_amd64.deb,d95e1287062bd13dd7a49915bd7ffc49b6d1207035303261f5b4c1cb1f6fe36b,main
debian,nslcd,0.9.13-1,amd64,nss-pam-ldapd,0.9.13-1,https://arthurdejong.org/nss-pam-ldapd/,https://arthurdejong.org/nss-pam-ldapd,pool/main/n/nss-pam-ldapd/nslcd_0.9.13-1_amd64.deb,https://deb.debian.org/debian/pool/main/n/nss-pam-ldapd/nslcd_0.9.13-1_amd64.deb,0d22d08bd4166afa6f59b9b3d52922671ce2b852a3834573f6853db077cfea17,main
debian,ntpd-rs,1.4.0-6+b3,amd64,rust-ntpd,1.4.0-6,https://github.com/pendulum-project/ntpd-rs,https://github.com/pendulum-project/ntpd-rs,pool/main/r/rust-ntpd/ntpd-rs_1.4.0-6+b3_amd64.deb,https://deb.debian.org/debian/pool/main/r/rust-ntpd/ntpd-rs_1.4.0-6+b3_amd64.deb,60c2505328f6719ebe9b07e497f8d7429abf75c06dd25cb8c6a8cf1f88cdb0c6,main
debian,ntpd-rs-metrics,1.4.0-6+b3,amd64,rust-ntpd,1.4.0-6,https://github.com/pendulum-project/ntpd-rs,https://github.com/pendulum-project/ntpd-rs,pool/main/r/rust-ntpd/ntpd-rs-metrics_1.4.0-6+b3_amd64.deb,https://deb.debian.org/debian/pool/main/r/rust-ntpd/ntpd-rs-metrics_1.4.0-6+b3_amd64.deb,da619cc44c5b38dec9b43abc7547f6b74850cbb768c8261832f323170127cc93,main
debian,ntpsec,1.2.3+dfsg1-8,amd64,ntpsec,1.2.3+dfsg1-8,https://www.ntpsec.org,https://www.ntpsec.org,pool/main/n/ntpsec/ntpsec_1.2.3+dfsg1-8_amd64.deb,https://deb.debian.org/debian/pool/main/n/ntpsec/ntpsec_1.2.3+dfsg1-8_amd64.deb,0322be1ea7bf2733f6ff79065e62cb1605a5ac051a804405beb205c8b9fd287f,main
debian,ntpsec-ntpviz,1.2.3+dfsg1-8,amd64,ntpsec,1.2.3+dfsg1-8,https://www.ntpsec.org,https://www.ntpsec.org,pool/main/n/ntpsec/ntpsec-ntpviz_1.2.3+dfsg1-8_amd64.deb,https://deb.debian.org/debian/pool/main/n/ntpsec/ntpsec-ntpviz_1.2.3+dfsg1-8_amd64.deb,612d41b99c125c80db687fe68400b50f23d18a48e9305b7485a7f602d7778bc1,main
debian,numad,0.5+20150602-8+b2,amd64,numad,0.5+20150602-8,https://pagure.io/numad,https://pagure.io/numad,pool/main/n/numad/numad_0.5+20150602-8+b2_amd64.deb,https://deb.debian.org/debian/pool/main/n/numad/numad_0.5+20150602-8+b2_amd64.deb,d9179dd9105ce174ea516ae1f6a2f81356ec76e1d6a740180faaf7a86baa80df,main
debian,nut-client,2.8.1-5,amd64,nut,2.8.1-5,https://networkupstools.org/,https://networkupstools.org,pool/main/n/nut/nut-client_2.8.1-5_amd64.deb,https://deb.debian.org/debian/pool/main/n/nut/nut-client_2.8.1-5_amd64.deb,42c8577aa93ad86dfae34851889ecc6e15a7407b247f79f40a28d22d159dfd5e,main
debian,nut-server,2.8.1-5,amd64,nut,2.8.1-5,https://networkupstools.org/,https://networkupstools.org,pool/main/n/nut/nut-server_2.8.1-5_amd64.deb,https://deb.debian.org/debian/pool/main/n/nut/nut-server_2.8.1-5_amd64.deb,a39657bfcdf940feaf1180c1e1011d3b949413443a0b761320deb46c1a3d23fc,main
debian,nvme-cli,2.13-2,amd64,nvme-cli,2.13-2,https://github.com/linux-nvme/nvme-cli,https://github.com/linux-nvme/nvme-cli,pool/main/n/nvme-cli/nvme-cli_2.13-2_amd64.deb,https://deb.debian.org/debian/pool/main/n/nvme-cli/nvme-cli_2.13-2_amd64.deb,cd78752dd935ba71c676fc6cb1fd0b3d671c447bff33677caf4a20b2f32921d4,main
debian,ocsinventory-agent,2:2.10.0-5,amd64,ocsinventory-agent,2:2.10.0-5,https://www.ocsinventory-ng.org/,https://www.ocsinventory-ng.org,pool/main/o/ocsinventory-agent/ocsinventory-agent_2.10.0-5_amd64.deb,https://deb.debian.org/debian/pool/main/o/ocsinventory-agent/ocsinventory-agent_2.10.0-5_amd64.deb,4aa3c69a576e1965229aa1d748e16a60d217c206540d22500ce8322acb3b1278,main
debian,oddjob,0.34.7-2.1,amd64,oddjob,0.34.7-2.1,https://pagure.io/oddjob/,https://pagure.io/oddjob,pool/main/o/oddjob/oddjob_0.34.7-2.1_amd64.deb,https://deb.debian.org/debian/pool/main/o/oddjob/oddjob_0.34.7-2.1_amd64.deb,76d0b2e18cd5ea3ade7e1eb505844cc492730e9defea51371bc43d4e689e3d59,main
debian,oidentd,3.1.0-1,amd64,oidentd,3.1.0-1,https://oidentd.janikrabe.com/,https://oidentd.janikrabe.com,pool/main/o/oidentd/oidentd_3.1.0-1_amd64.deb,https://deb.debian.org/debian/pool/main/o/oidentd/oidentd_3.1.0-1_amd64.deb,4bbc3cabd21e7db35962de6161bc7bb407de3954967f64e1b9a60ef8c8a1b328,main
debian,omniorb-nameserver,4.3.3+ds1-1,amd64,omniorb-dfsg,4.3.3+ds1-1,http://omniorb.sourceforge.net,https://omniorb.sourceforge.net,pool/main/o/omniorb-dfsg/omniorb-nameserver_4.3.3+ds1-1_amd64.deb,https://deb.debian.org/debian/pool/main/o/omniorb-dfsg/omniorb-nameserver_4.3.3+ds1-1_amd64.deb,b481754e03b68521da7be0577f5b536b92f0f39902c6a5ae9a8895e0c8e03587,main
debian,onedrive,2.5.4-1,amd64,onedrive,2.5.4-1,https://github.com/abraunegg/onedrive,https://github.com/abraunegg/onedrive,pool/main/o/onedrive/onedrive_2.5.4-1_amd64.deb,https://deb.debian.org/debian/pool/main/o/onedrive/onedrive_2.5.4-1_amd64.deb,5afbc608013469089e1ed2762334b85e0e4d45d47d3609b55e28ee20c72250ce,main
debian,oomd,0.5.0-1.2+b3,amd64,oomd,0.5.0-1.2,https://github.com/facebookincubator/oomd,https://github.com/facebookincubator/oomd,pool/main/o/oomd/oomd_0.5.0-1.2+b3_amd64.deb,https://deb.debian.org/debian/pool/main/o/oomd/oomd_0.5.0-1.2+b3_amd64.deb,302c5e2de454cb839369fd03ce9019283dbe24aeb36bc712d3fdb2b2e7bb0e56,main
debian,open-iscsi,2.1.11-1+deb13u2,amd64,open-iscsi,2.1.11-1+deb13u2,https://www.open-iscsi.com/,https://www.open-iscsi.com,pool/main/o/open-iscsi/open-iscsi_2.1.11-1+deb13u2_amd64.deb,https://deb.debian.org/debian/pool/main/o/open-iscsi/open-iscsi_2.1.11-1+deb13u2_amd64.deb,cbe0add75552f277d0eef21826e1b8610828cbd04ae1c26878bfa455fbbf31d5,main
debian,open-isns-discoveryd,0.101-1+b1,amd64,open-isns,0.101-1,https://github.com/open-iscsi/open-isns,https://github.com/open-iscsi/open-isns,pool/main/o/open-isns/open-isns-discoveryd_0.101-1+b1_amd64.deb,https://deb.debian.org/debian/pool/main/o/open-isns/open-isns-discoveryd_0.101-1+b1_amd64.deb,2dd2561bac2c9aa92e2830b3a9574c961e4fe92b79518c977b7548954a9012e9,main
debian,open-isns-server,0.101-1+b1,amd64,open-isns,0.101-1,https://github.com/open-iscsi/open-isns,https://github.com/open-iscsi/open-isns,pool/main/o/open-isns/open-isns-server_0.101-1+b1_amd64.deb,https://deb.debian.org/debian/pool/main/o/open-isns/open-isns-server_0.101-1+b1_amd64.deb,7851f1b884970e77dc01e76329a676997f3aeabe2783d63e0eade3424d8f5ea3,main
debian,open-vm-tools,2:12.5.0-2+deb13u1,amd64,open-vm-tools,2:12.5.0-2+deb13u1,https://github.com/vmware/open-vm-tools,https://github.com/vmware/open-vm-tools,pool/main/o/open-vm-tools/open-vm-tools_12.5.0-2+deb13u1_amd64.deb,https://deb.debian.org/debian/pool/main/o/open-vm-tools/open-vm-tools_12.5.0-2+deb13u1_amd64.deb,889c9cd5b43af994067d761d4f00861ab58cf13661abdca1df0efe86c07b1837,main
debian,open-vm-tools-desktop,2:12.5.0-2+deb13u1,amd64,open-vm-tools,2:12.5.0-2+deb13u1,https://github.com/vmware/open-vm-tools,https://github.com/vmware/open-vm-tools,pool/main/o/open-vm-tools/open-vm-tools-desktop_12.5.0-2+deb13u1_amd64.deb,https://deb.debian.org/debian/pool/main/o/open-vm-tools/open-vm-tools-desktop_12.5.0-2+deb13u1_amd64.deb,a2ef58d7d4dd261e54db07a235337ac949005cd64e3dc9ee57daf7d2873dca75,main
debian,openbgpd,8.8-1,amd64,openbgpd,8.8-1,https://www.openbgpd.org/,https://www.openbgpd.org,pool/main/o/openbgpd/openbgpd_8.8-1_amd64.deb,https://deb.debian.org/debian/pool/main/o/openbgpd/openbgpd_8.8-1_amd64.deb,6b5dce68cc83f0e57009d6099e5cebc922f669f94c73533aec6d0a74d3be4641,main
debian,opencryptoki,3.23.0+dfsg-0.3+b2,amd64,opencryptoki,3.23.0+dfsg-0.3,https://github.com/opencryptoki/opencryptoki,https://github.com/opencryptoki/opencryptoki,pool/main/o/opencryptoki/opencryptoki_3.23.0+dfsg-0.3+b2_amd64.deb,https://deb.debian.org/debian/pool/main/o/opencryptoki/opencryptoki_3.23.0+dfsg-0.3+b2_amd64.deb,a88dbc61dea654df06d6ab3444883f6b1374f4129563bcd1658fa8562ddce173,main
debian,opendkim,2.11.0~beta2-9.1+b1,amd64,opendkim,2.11.0~beta2-9.1,http://www.opendkim.org/,https://www.opendkim.org,pool/main/o/opendkim/opendkim_2.11.0~beta2-9.1+b1_amd64.deb,https://deb.debian.org/debian/pool/main/o/opendkim/opendkim_2.11.0~beta2-9.1+b1_amd64.deb,97caff5d7af4571d69125ae2b1c3149b2bf6d24a552a6049172bda74ae510457,main
debian,openntpd,1:6.2p3-4.2+b2,amd64,openntpd,1:6.2p3-4.2,http://www.openntpd.org,https://www.openntpd.org,pool/main/o/openntpd/openntpd_6.2p3-4.2+b2_amd64.deb,https://deb.debian.org/debian/pool/main/o/openntpd/openntpd_6.2p3-4.2+b2_amd64.deb,a67689c0d1dff497fc17e899bfcc802d0c6b9ab97d571d6808bca507b3f2084c,main
debian,opensm,3.3.23-3.1,amd64,opensm,3.3.23-3.1,https://github.com/linux-rdma/opensm,https://github.com/linux-rdma/opensm,pool/main/o/opensm/opensm_3.3.23-3.1_amd64.deb,https://deb.debian.org/debian/pool/main/o/opensm/opensm_3.3.23-3.1_amd64.deb,1eb3b25ab2d2707acf23e0c6e0205173e52594ca63e9cb3fb127a1fac21f266e,main
debian,opensmtpd,7.6.0p1-1,amd64,opensmtpd,7.6.0p1-1,https://www.opensmtpd.org/,https://www.opensmtpd.org,pool/main/o/opensmtpd/opensmtpd_7.6.0p1-1_amd64.deb,https://deb.debian.org/debian/pool/main/o/opensmtpd/opensmtpd_7.6.0p1-1_amd64.deb,b3c40a40b6d943c1302628c08f0ce71762e30677fc84a22b9247b7c2fa2d40fd,main
debian,opensnitch,1.6.9-3,amd64,opensnitch,1.6.9-3,https://github.com/evilsocket/opensnitch,https://github.com/evilsocket/opensnitch,pool/main/o/opensnitch/opensnitch_1.6.9-3_amd64.deb,https://deb.debian.org/debian/pool/main/o/opensnitch/opensnitch_1.6.9-3_amd64.deb,59761c328533a59ef8440db3b06ae090beba544e0b33af769494700993b37339,main
debian,openvswitch-ipsec,3.5.0-1+b1,amd64,openvswitch,3.5.0-1,http://openvswitch.org/,https://openvswitch.org,pool/main/o/openvswitch/openvswitch-ipsec_3.5.0-1+b1_amd64.deb,https://deb.debian.org/debian/pool/main/o/openvswitch/openvswitch-ipsec_3.5.0-1+b1_amd64.deb,91a380c9e0a52369331bf36b6de45f18de2b3debf77ef4bb14608acd554f7f61,main
debian,openvswitch-switch,3.5.0-1+b1,amd64,openvswitch,3.5.0-1,http://openvswitch.org/,https://openvswitch.org,pool/main/o/openvswitch/openvswitch-switch_3.5.0-1+b1_amd64.deb,https://deb.debian.org/debian/pool/main/o/openvswitch/openvswitch-switch_3.5.0-1+b1_amd64.deb,1b31d4a65f468a35893778b108ff04ab322a6c2c94e39eef4e38ee590ccf4569,main
debian,osspd,1.3.3-5,amd64,osspd,1.3.3-5,https://github.com/OpenMandrivaSoftware/ossp,https://github.com/OpenMandrivaSoftware/ossp,pool/main/o/osspd/osspd_1.3.3-5_amd64.deb,https://deb.debian.org/debian/pool/main/o/osspd/osspd_1.3.3-5_amd64.deb,bd3acc302c588470a57782c0fc4b68c8f8a2bb8663a19d30af8926319a28f135,main
debian,ovn-central,25.03.0-1,amd64,ovn,25.03.0-1,http://openvswitch.org/,https://openvswitch.org,pool/main/o/ovn/ovn-central_25.03.0-1_amd64.deb,https://deb.debian.org/debian/pool/main/o/ovn/ovn-central_25.03.0-1_amd64.deb,c5ac1d09e8469bd5dde69f1ad23c692ae46ff319a0fadcf5a1f8c637fef42f64,main
debian,ovn-controller-vtep,25.03.0-1,amd64,ovn,25.03.0-1,http://openvswitch.org/,https://openvswitch.org,pool/main/o/ovn/ovn-controller-vtep_25.03.0-1_amd64.deb,https://deb.debian.org/debian/pool/main/o/ovn/ovn-controller-vtep_25.03.0-1_amd64.deb,c31587c88129230fd1c1c9c684b48d8e5c5e14495282a4b41795ab10c16396b6,main
debian,ovn-host,25.03.0-1,amd64,ovn,25.03.0-1,http://openvswitch.org/,https://openvswitch.org,pool/main/o/ovn/ovn-host_25.03.0-1_amd64.deb,https://deb.debian.org/debian/pool/main/o/ovn/ovn-host_25.03.0-1_amd64.deb,af31cf622450e2234f2368c306297ca9613f2c3912c70584b021f90b243677d6,main
debian,ovn-ic,25.03.0-1,amd64,ovn,25.03.0-1,http://openvswitch.org/,https://openvswitch.org,pool/main/o/ovn/ovn-ic_25.03.0-1_amd64.deb,https://deb.debian.org/debian/pool/main/o/ovn/ovn-ic_25.03.0-1_amd64.deb,124fe62bcb8ce0cf3805d94882b3bacafc2b818acfe0a5aec53cccd3b632b5bb,main
debian,ovn-ic-db,25.03.0-1,amd64,ovn,25.03.0-1,http://openvswitch.org/,https://openvswitch.org,pool/main/o/ovn/ovn-ic-db_25.03.0-1_amd64.deb,https://deb.debian.org/debian/pool/main/o/ovn/ovn-ic-db_25.03.0-1_amd64.deb,7f209ce225279a79537ccdd582c0dcb12d5ed03eeaa4f7d095dbd5927769cc08,main
debian,pacemaker,3.0.0-2,amd64,pacemaker,3.0.0-2,https://www.clusterlabs.org/,https://www.clusterlabs.org,pool/main/p/pacemaker/pacemaker_3.0.0-2_amd64.deb,https://deb.debian.org/debian/pool/main/p/pacemaker/pacemaker_3.0.0-2_amd64.deb,866ffb1445ad4086ec321cbc28a7f08175467fe98beec858a9654383b8d9d93e,main
debian,pacemaker-remote,3.0.0-2,amd64,pacemaker,3.0.0-2,https://www.clusterlabs.org/,https://www.clusterlabs.org,pool/main/p/pacemaker/pacemaker-remote_3.0.0-2_amd64.deb,https://deb.debian.org/debian/pool/main/p/pacemaker/pacemaker-remote_3.0.0-2_amd64.deb,ee9d0a7e2489d2b4da3b5579565332826647ba735d9c820015b2641674451c2d,main
debian,packagekit,1.3.1-1+deb13u1,amd64,packagekit,1.3.1-1+deb13u1,https://www.freedesktop.org/software/PackageKit/,https://www.freedesktop.org/software/PackageKit,pool/main/p/packagekit/packagekit_1.3.1-1+deb13u1_amd64.deb,https://deb.debian.org/debian/pool/main/p/packagekit/packagekit_1.3.1-1+deb13u1_amd64.deb,15c450dfb327ec86615894eb678c61fec0507949b02631422b35e8280bee9163,main
debian,partimage-server,0.6.9-11+b1,amd64,partimage,0.6.9-11,https://www.partimage.org,https://www.partimage.org,pool/main/p/partimage/partimage-server_0.6.9-11+b1_amd64.deb,https://deb.debian.org/debian/pool/main/p/partimage/partimage-server_0.6.9-11+b1_amd64.deb,0610ee21e154f1ac6d534aa16048e969f59fc743b6f50f06e4694f2fae746b5d,main
debian,pcp,6.3.8-1,amd64,pcp,6.3.8-1,https://pcp.io,https://pcp.io,pool/main/p/pcp/pcp_6.3.8-1_amd64.deb,https://deb.debian.org/debian/pool/main/p/pcp/pcp_6.3.8-1_amd64.deb,eaedf38656eccf56cf19062ae82ba02de731d6d22baf9a02a4053b68baa9a8f8,main
debian,pcscd,2.3.3-1,amd64,pcsc-lite,2.3.3-1,https://pcsclite.apdu.fr/,https://pcsclite.apdu.fr,pool/main/p/pcsc-lite/pcscd_2.3.3-1_amd64.deb,https://deb.debian.org/debian/pool/main/p/pcsc-lite/pcscd_2.3.3-1_amd64.deb,55e0aeebcf8fe484da2860a372a7ba6932369269d70f2e2031d8a95bc5266486,main
debian,pdns-ixfrdist,4.9.16-0+deb13u1,amd64,pdns,4.9.16-0+deb13u1,https://www.powerdns.com/,https://www.powerdns.com,pool/main/p/pdns/pdns-ixfrdist_4.9.16-0+deb13u1_amd64.deb,https://deb.debian.org/debian/pool/main/p/pdns/pdns-ixfrdist_4.9.16-0+deb13u1_amd64.deb,d8f6f76a1944ea781f37f805ae96dc21f2308e605b628c4c365fe60df5fe518c,main
debian,pdns-recursor,5.2.11-0+deb13u1,amd64,pdns-recursor,5.2.11-0+deb13u1,https://www.powerdns.com/,https://www.powerdns.com,pool/main/p/pdns-recursor/pdns-recursor_5.2.11-0+deb13u1_amd64.deb,https://deb.debian.org/debian/pool/main/p/pdns-recursor/pdns-recursor_5.2.11-0+deb13u1_amd64.deb,26d892a1fcd6d982721a2d4dd4063a00c57a8a9a2038693915643f3ec6580652,main
debian,pdns-server,4.9.16-0+deb13u1,amd64,pdns,4.9.16-0+deb13u1,https://www.powerdns.com/,https://www.powerdns.com,pool/main/p/pdns/pdns-server_4.9.16-0+deb13u1_amd64.deb,https://deb.debian.org/debian/pool/main/p/pdns/pdns-server_4.9.16-0+deb13u1_amd64.deb,b05efdba565d64e5319b20c0634578927767cdaa81e026e71ea97e2dfca0a5d8,main
debian,pgbouncer,1.24.1-1+deb13u2,amd64,pgbouncer,1.24.1-1+deb13u2,https://www.pgbouncer.org/,https://www.pgbouncer.org,pool/main/p/pgbouncer/pgbouncer_1.24.1-1+deb13u2_amd64.deb,https://deb.debian.org/debian/pool/main/p/pgbouncer/pgbouncer_1.24.1-1+deb13u2_amd64.deb,19a7df742f9c664ac88d04c5327ed97266844fd900ea7ccf0d8f6ddf27eca0db,main
debian,php8.4-fpm,8.4.23-1~deb13u1,amd64,php8.4,8.4.23-1~deb13u1,http://www.php.net/,https://www.php.net,pool/main/p/php8.4/php8.4-fpm_8.4.23-1~deb13u1_amd64.deb,https://deb.debian.org/debian/pool/main/p/php8.4/php8.4-fpm_8.4.23-1~deb13u1_amd64.deb,ffbe7f7f51e5d3eea5063a6350715e4713a3ab667561dc278dd8218e5721599b,main
debian,phrog,0.46.0-2,amd64,phrog,0.46.0-2,https://github.com/samcday/phrog/,https://github.com/samcday/phrog,pool/main/p/phrog/phrog_0.46.0-2_amd64.deb,https://deb.debian.org/debian/pool/main/p/phrog/phrog_0.46.0-2_amd64.deb,710b12e3b050418a1e7cebb9708fb00ca9795a4e43849f518862e4acd7bde35d,main
debian,plocate,1.1.23-1,amd64,plocate,1.1.23-1,https://plocate.sesse.net/,https://plocate.sesse.net,pool/main/p/plocate/plocate_1.1.23-1_amd64.deb,https://deb.debian.org/debian/pool/main/p/plocate/plocate_1.1.23-1_amd64.deb,6b59a6d0c52ad70e0e75aeb07ed2e4f29ea1a2f255b05923bea72aeaff704e8f,main
debian,plymouth,24.004.60-5,amd64,plymouth,24.004.60-5,https://www.freedesktop.org/wiki/Software/Plymouth,https://www.freedesktop.org/wiki/Software/Plymouth,pool/main/p/plymouth/plymouth_24.004.60-5_amd64.deb,https://deb.debian.org/debian/pool/main/p/plymouth/plymouth_24.004.60-5_amd64.deb,8b452ef36409edf221dcdcc6397f830c5ab73532b3d0f4385321f80674153fd7,main
debian,polkitd,126-2,amd64,policykit-1,126-2,https://github.com/polkit-org/polkit/,https://github.com/polkit-org/polkit,pool/main/p/policykit-1/polkitd_126-2_amd64.deb,https://deb.debian.org/debian/pool/main/p/policykit-1/polkitd_126-2_amd64.deb,d5a9482759b4f7379eb0d83f7afb49b315165adcfd38ebb00512bb27b7cc5d74,main
debian,postfix,3.10.11-0+deb13u1,amd64,postfix,3.10.11-0+deb13u1,https://www.postfix.org,https://www.postfix.org,pool/main/p/postfix/postfix_3.10.11-0+deb13u1_amd64.deb,https://deb.debian.org/debian/pool/main/p/postfix/postfix_3.10.11-0+deb13u1_amd64.deb,3575fffeab798b2d116c6542fe9e8fe7e98d4b419f4cd0fed9898afb76376df0,main
debian,power-profiles-daemon,0.30-1.1,amd64,power-profiles-daemon,0.30-1.1,https://gitlab.freedesktop.org/upower/power-profiles-daemon,https://gitlab.freedesktop.org/upower/power-profiles-daemon,pool/main/p/power-profiles-daemon/power-profiles-daemon_0.30-1.1_amd64.deb,https://deb.debian.org/debian/pool/main/p/power-profiles-daemon/power-profiles-daemon_0.30-1.1_amd64.deb,12c94dcb80a772226fe96ac7d88ddfd20bb7c066366427325aa01641e8518851,main
debian,privoxy,4.0.0-2,amd64,privoxy,4.0.0-2,https://www.privoxy.org/,https://www.privoxy.org,pool/main/p/privoxy/privoxy_4.0.0-2_amd64.deb,https://deb.debian.org/debian/pool/main/p/privoxy/privoxy_4.0.0-2_amd64.deb,5bd45d0c5404ebff1bb66a1a475c5a1f2098a6b3ffaf9c0602a717cb276c957d,main
debian,proftpd-core,1.3.8.c+dfsg-4+deb13u2,amd64,proftpd-dfsg,1.3.8.c+dfsg-4+deb13u2,http://www.proftpd.org/,https://www.proftpd.org,pool/main/p/proftpd-dfsg/proftpd-core_1.3.8.c+dfsg-4+deb13u2_amd64.deb,https://deb.debian.org/debian/pool/main/p/proftpd-dfsg/proftpd-core_1.3.8.c+dfsg-4+deb13u2_amd64.deb,adb77462dd529a4dd77adb27004d4fce24b72ef560145cce6a347e763fea5be1,main
debian,prometheus,2.53.3+ds1-2,amd64,prometheus,2.53.3+ds1-2,https://prometheus.io/,https://prometheus.io,pool/main/p/prometheus/prometheus_2.53.3+ds1-2_amd64.deb,https://deb.debian.org/debian/pool/main/p/prometheus/prometheus_2.53.3+ds1-2_amd64.deb,58c3e6a86c56cb3bfd71032fa48d65945d526441a212f5815dfe5ed9cb787ecc,main
debian,prometheus-alertmanager,0.28.1+ds-1,amd64,prometheus-alertmanager,0.28.1+ds-1,https://github.com/prometheus/alertmanager,https://github.com/prometheus/alertmanager,pool/main/p/prometheus-alertmanager/prometheus-alertmanager_0.28.1+ds-1_amd64.deb,https://deb.debian.org/debian/pool/main/p/prometheus-alertmanager/prometheus-alertmanager_0.28.1+ds-1_amd64.deb,76ee08c2bf686fa32ca243d099b6bfc6cb00074e9337c18ef73154b60c5830a9,main
debian,prometheus-bird-exporter,1.4.2+ds-2,amd64,prometheus-bird-exporter,1.4.2+ds-2,https://github.com/czerwonk/bird_exporter,https://github.com/czerwonk/bird_exporter,pool/main/p/prometheus-bird-exporter/prometheus-bird-exporter_1.4.2+ds-2_amd64.deb,https://deb.debian.org/debian/pool/main/p/prometheus-bird-exporter/prometheus-bird-exporter_1.4.2+ds-2_amd64.deb,1606348a635fc675c4236c4162af85483907580eab5b52864ea9eca71a990211,main
debian,prometheus-blackbox-exporter,0.26.0-1,amd64,prometheus-blackbox-exporter,0.26.0-1,https://github.com/prometheus/blackbox_exporter,https://github.com/prometheus/blackbox_exporter,pool/main/p/prometheus-blackbox-exporter/prometheus-blackbox-exporter_0.26.0-1_amd64.deb,https://deb.debian.org/debian/pool/main/p/prometheus-blackbox-exporter/prometheus-blackbox-exporter_0.26.0-1_amd64.deb,548213651cead2504142c2954d066c138bb1da180262a39f0ed1b40e0adac9d1,main
debian,prometheus-elasticsearch-exporter,1.9.0-1,amd64,prometheus-elasticsearch-exporter,1.9.0-1,https://github.com/prometheus-community/elasticsearch_exporter,https://github.com/prometheus-community/elasticsearch_exporter,pool/main/p/prometheus-elasticsearch-exporter/prometheus-elasticsearch-exporter_1.9.0-1_amd64.deb,https://deb.debian.org/debian/pool/main/p/prometheus-elasticsearch-exporter/prometheus-elasticsearch-exporter_1.9.0-1_amd64.deb,e1eaea60845113416cfc31b733fdeaab3f44f80e2b438320ab906d67a2bee4a7,main
debian,prometheus-ipmi-exporter,1.10.0-2+b4,amd64,prometheus-ipmi-exporter,1.10.0-2,https://github.com/prometheus-community/ipmi_exporter,https://github.com/prometheus-community/ipmi_exporter,pool/main/p/prometheus-ipmi-exporter/prometheus-ipmi-exporter_1.10.0-2+b4_amd64.deb,https://deb.debian.org/debian/pool/main/p/prometheus-ipmi-exporter/prometheus-ipmi-exporter_1.10.0-2+b4_amd64.deb,0b06b30f99593cddd18b7d0183d7c4f57dea3d310f6db22901a73ba62caaa1e2,main
debian,prometheus-mysqld-exporter,0.17.2-1+b4,amd64,prometheus-mysqld-exporter,0.17.2-1,https://github.com/prometheus/mysqld_exporter,https://github.com/prometheus/mysqld_exporter,pool/main/p/prometheus-mysqld-exporter/prometheus-mysqld-exporter_0.17.2-1+b4_amd64.deb,https://deb.debian.org/debian/pool/main/p/prometheus-mysqld-exporter/prometheus-mysqld-exporter_0.17.2-1+b4_amd64.deb,a3b57e0e287538ef3a8135c8233a8c46f3042f4f8b9066ec677583c0679b6d3b,main
debian,prometheus-node-exporter,1.9.0-1+b4,amd64,prometheus-node-exporter,1.9.0-1,https://github.com/prometheus/node_exporter,https://github.com/prometheus/node_exporter,pool/main/p/prometheus-node-exporter/prometheus-node-exporter_1.9.0-1+b4_amd64.deb,https://deb.debian.org/debian/pool/main/p/prometheus-node-exporter/prometheus-node-exporter_1.9.0-1+b4_amd64.deb,9db00cad0c9e160a4e9c13cbdb2833d58becb1f4cd60eeb0b5e12477ba6a42bd,main
debian,prometheus-postgres-exporter,0.17.1-1+b4,amd64,prometheus-postgres-exporter,0.17.1-1,https://github.com/prometheus-community/postgres_exporter,https://github.com/prometheus-community/postgres_exporter,pool/main/p/prometheus-postgres-exporter/prometheus-postgres-exporter_0.17.1-1+b4_amd64.deb,https://deb.debian.org/debian/pool/main/p/prometheus-postgres-exporter/prometheus-postgres-exporter_0.17.1-1+b4_amd64.deb,37895f59de5a35c54e38499e37f342bf168c67634b65a0a29ebcd5add6aa7636,main
debian,prometheus-redis-exporter,1.69.0-1,amd64,prometheus-redis-exporter,1.69.0-1,https://github.com/oliver006/redis_exporter,https://github.com/oliver006/redis_exporter,pool/main/p/prometheus-redis-exporter/prometheus-redis-exporter_1.69.0-1_amd64.deb,https://deb.debian.org/debian/pool/main/p/prometheus-redis-exporter/prometheus-redis-exporter_1.69.0-1_amd64.deb,4b4b9975f84539178aef05a31136a6532a1515588ab81f1f3cbbac976e1bea28,main
debian,prometheus-smokeping-prober,0.9.0-1+b5,amd64,prometheus-smokeping-prober,0.9.0-1,https://github.com/SuperQ/smokeping_prober,https://github.com/SuperQ/smokeping_prober,pool/main/p/prometheus-smokeping-prober/prometheus-smokeping-prober_0.9.0-1+b5_amd64.deb,https://deb.debian.org/debian/pool/main/p/prometheus-smokeping-prober/prometheus-smokeping-prober_0.9.0-1+b5_amd64.deb,f9ee7162f2198875ae6eb68ef59a4db4a32cc055ca06f6cee513b1437e296759,main
debian,prometheus-snmp-exporter,0.28.0-1+b5,amd64,prometheus-snmp-exporter,0.28.0-1,https://github.com/prometheus/snmp_exporter,https://github.com/prometheus/snmp_exporter,pool/main/p/prometheus-snmp-exporter/prometheus-snmp-exporter_0.28.0-1+b5_amd64.deb,https://deb.debian.org/debian/pool/main/p/prometheus-snmp-exporter/prometheus-snmp-exporter_0.28.0-1+b5_amd64.deb,48891c186319a522403658e7004de1dabba6a0d62a09b0c91b061ae034279033,main
debian,prometheus-varnish-exporter,1.6.1-3,amd64,prometheus-varnish-exporter,1.6.1-3,https://github.com/jonnenauha/prometheus_varnish_exporter,https://github.com/jonnenauha/prometheus_varnish_exporter,pool/main/p/prometheus-varnish-exporter/prometheus-varnish-exporter_1.6.1-3_amd64.deb,https://deb.debian.org/debian/pool/main/p/prometheus-varnish-exporter/prometheus-varnish-exporter_1.6.1-3_amd64.deb,f88989edca2fa09ad32d5d9e3d26506ece87156ae17ebf250586dd61da4583eb,main
debian,psad,2.4.6-3+b1,amd64,psad,2.4.6-3,https://www.cipherdyne.org/psad/,https://www.cipherdyne.org/psad,pool/main/p/psad/psad_2.4.6-3+b1_amd64.deb,https://deb.debian.org/debian/pool/main/p/psad/psad_2.4.6-3+b1_amd64.deb,2a50d4ecb5befa3d1b37da930a09515bdd3996c41fd9d46b1c5166201376eff4,main
debian,qatlib-service,24.02.0-1+b1,amd64,qatlib,24.02.0-1,https://github.com/intel/qatlib,https://github.com/intel/qatlib,pool/main/q/qatlib/qatlib-service_24.02.0-1+b1_amd64.deb,https://deb.debian.org/debian/pool/main/q/qatlib/qatlib-service_24.02.0-1+b1_amd64.deb,f9c26fd6a4acffb755e2c4c2c6f9718f3f7aa965ad753ad7d7769f727b4a8877,main
debian,qbittorrent-nox,5.1.0-2,amd64,qbittorrent,5.1.0-2,https://www.qbittorrent.org/,https://www.qbittorrent.org,pool/main/q/qbittorrent/qbittorrent-nox_5.1.0-2_amd64.deb,https://deb.debian.org/debian/pool/main/q/qbittorrent/qbittorrent-nox_5.1.0-2_amd64.deb,a1e9436eb88ce0d5840adcdd8040c55e214fe54b8599c3c716b5a55bc10af02a,main
debian,qbootctl,0.2.2-1,amd64,qbootctl,0.2.2-1,https://github.com/linux-msm/qbootctl,https://github.com/linux-msm/qbootctl,pool/main/q/qbootctl/qbootctl_0.2.2-1_amd64.deb,https://deb.debian.org/debian/pool/main/q/qbootctl/qbootctl_0.2.2-1_amd64.deb,c25cb4c7b7fea4fb35e43ed15ae6fdf624b22405a4570ca0e9f9ffc8d6d3b1b7,main
debian,qemu-guest-agent,1:10.0.11+ds-0+deb13u1,amd64,qemu,1:10.0.11+ds-0+deb13u1,http://www.qemu.org/,https://www.qemu.org,pool/main/q/qemu/qemu-guest-agent_10.0.11+ds-0+deb13u1_amd64.deb,https://deb.debian.org/debian/pool/main/q/qemu/qemu-guest-agent_10.0.11+ds-0+deb13u1_amd64.deb,9a744d34605df8d612bd33153c9be60c9a619e9286e947ac694d0842850981ec,main
debian,qemu-system-common,1:10.0.11+ds-0+deb13u1,amd64,qemu,1:10.0.11+ds-0+deb13u1,http://www.qemu.org/,https://www.qemu.org,pool/main/q/qemu/qemu-system-common_10.0.11+ds-0+deb13u1_amd64.deb,https://deb.debian.org/debian/pool/main/q/qemu/qemu-system-common_10.0.11+ds-0+deb13u1_amd64.deb,35bbfdca8de3967a3412d1beff4309127de0c330e1430ddc1a458f4f1cc37c78,main
debian,quota,4.09-1+b1,amd64,quota,4.09-1,http://sourceforge.net/projects/linuxquota,https://sourceforge.net/projects/linuxquota,pool/main/q/quota/quota_4.09-1+b1_amd64.deb,https://deb.debian.org/debian/pool/main/q/quota/quota_4.09-1+b1_amd64.deb,22d04b3f581cc47c342d376214e5138e87e49b979e7bf48613f2b072bfeb9fc7,main
debian,radosgw,18.2.7+ds-1+deb13u1,amd64,ceph,18.2.7+ds-1+deb13u1,http://ceph.com/,https://ceph.com,pool/main/c/ceph/radosgw_18.2.7+ds-1+deb13u1_amd64.deb,https://deb.debian.org/debian/pool/main/c/ceph/radosgw_18.2.7+ds-1+deb13u1_amd64.deb,8d17b68bec981bab55244dedf43d85e5bd05ffea582605d9774cb8dcbddc7031,main
debian,radsecproxy,1.11.2-1,amd64,radsecproxy,1.11.2-1,https://radsecproxy.github.io/,https://radsecproxy.github.io,pool/main/r/radsecproxy/radsecproxy_1.11.2-1_amd64.deb,https://deb.debian.org/debian/pool/main/r/radsecproxy/radsecproxy_1.11.2-1_amd64.deb,d54af77058ebed7ca7e5ae26820b9a995cd497210c150a1014df631f1380d168,main
debian,radvd,1:2.20-1+b1,amd64,radvd,1:2.20-1,http://www.litech.org/radvd/,https://www.litech.org/radvd,pool/main/r/radvd/radvd_2.20-1+b1_amd64.deb,https://deb.debian.org/debian/pool/main/r/radvd/radvd_2.20-1+b1_amd64.deb,d9a78b9552f0689fe86123b75b6f64f37b804d2c1f197c9a925e0e188931fce6,main
debian,ratbagd,0.18-1,amd64,libratbag,0.18-1,https://github.com/libratbag/libratbag/,https://github.com/libratbag/libratbag,pool/main/libr/libratbag/ratbagd_0.18-1_amd64.deb,https://deb.debian.org/debian/pool/main/libr/libratbag/ratbagd_0.18-1_amd64.deb,ac1f63bf1d30f6782e28fbcc1bbec80f909180df86b640c4616f1dcb3f2435ad,main
debian,rbd-mirror,18.2.7+ds-1+deb13u1,amd64,ceph,18.2.7+ds-1+deb13u1,http://ceph.com/,https://ceph.com,pool/main/c/ceph/rbd-mirror_18.2.7+ds-1+deb13u1_amd64.deb,https://deb.debian.org/debian/pool/main/c/ceph/rbd-mirror_18.2.7+ds-1+deb13u1_amd64.deb,639a6b8511d2ff86238c04e593c12f7c8c9916438968cdc21482961601eceafa,main
debian,rdma-core,56.1-1,amd64,rdma-core,56.1-1,https://github.com/linux-rdma/rdma-core,https://github.com/linux-rdma/rdma-core,pool/main/r/rdma-core/rdma-core_56.1-1_amd64.deb,https://deb.debian.org/debian/pool/main/r/rdma-core/rdma-core_56.1-1_amd64.deb,d78dc6ac84f11cf1d9196e10f42f0d589a09e24617e7975744d797bfdc5106da,main
debian,rdnssd,1.0.7-1,amd64,ndisc6,1.0.7-1,https://www.remlab.net/ndisc6/,https://www.remlab.net/ndisc6,pool/main/n/ndisc6/rdnssd_1.0.7-1_amd64.deb,https://deb.debian.org/debian/pool/main/n/ndisc6/rdnssd_1.0.7-1_amd64.deb,003d2c3a27466dbc1114142f302348169775c33a9c20a95996a6a2954cdb6825,main
debian,rebuilderd-worker,0.23.1-1,amd64,rust-rebuilderd-worker,0.23.1-1,https://github.com/kpcyrd/rebuilderd,https://github.com/kpcyrd/rebuilderd,pool/main/r/rust-rebuilderd-worker/rebuilderd-worker_0.23.1-1_amd64.deb,https://deb.debian.org/debian/pool/main/r/rust-rebuilderd-worker/rebuilderd-worker_0.23.1-1_amd64.deb,75bbd5d3d422ffc282cab34d888a60e5d2e7a71f3b958c47beb788332f263144,main
debian,remotetrx,24.02-5,amd64,svxlink,24.02-5,https://www.svxlink.org,https://www.svxlink.org,pool/main/s/svxlink/remotetrx_24.02-5_amd64.deb,https://deb.debian.org/debian/pool/main/s/svxlink/remotetrx_24.02-5_amd64.deb,a34436d17a96dff1b1f43787e19edfca790421faa4ac38045c29fbedc05c9f17,main
debian,rmtfs,1.1-4,amd64,rmtfs,1.1-4,https://github.com/linux-msm/rmtfs,https://github.com/linux-msm/rmtfs,pool/main/r/rmtfs/rmtfs_1.1-4_amd64.deb,https://deb.debian.org/debian/pool/main/r/rmtfs/rmtfs_1.1-4_amd64.deb,dcb510dced0847ce81a3c72877bf63e727595a53e51071a9c75050d6dcc1439b,main
debian,rpcbind,1.2.7-1,amd64,rpcbind,1.2.7-1,http://sourceforge.net/projects/rpcbind/,https://sourceforge.net/projects/rpcbind,pool/main/r/rpcbind/rpcbind_1.2.7-1_amd64.deb,https://deb.debian.org/debian/pool/main/r/rpcbind/rpcbind_1.2.7-1_amd64.deb,29e6ee5f7737f8678e4ef8c992437ae23e1c7cd67d517bc70e29234dccf13786,main
debian,rspamd,3.12.1-1,amd64,rspamd,3.12.1-1,https://rspamd.com,https://rspamd.com,pool/main/r/rspamd/rspamd_3.12.1-1_amd64.deb,https://deb.debian.org/debian/pool/main/r/rspamd/rspamd_3.12.1-1_amd64.deb,dc5de6967cf39bceea9d744afb7c895c2d0fd7c9b80477b77ff43ce9d5573146,main
debian,rsync,3.4.1+ds1-5+deb13u4,amd64,rsync,3.4.1+ds1-5+deb13u4,https://rsync.samba.org/,https://rsync.samba.org,pool/main/r/rsync/rsync_3.4.1+ds1-5+deb13u4_amd64.deb,https://deb.debian.org/debian/pool/main/r/rsync/rsync_3.4.1+ds1-5+deb13u4_amd64.deb,8aa122f6ba8d2ff112c72bb9814ee096ee516f0213b36b98bbe79c83c92fb226,main
debian,rsyslog,8.2504.0-1,amd64,rsyslog,8.2504.0-1,https://www.rsyslog.com/,https://www.rsyslog.com,pool/main/r/rsyslog/rsyslog_8.2504.0-1_amd64.deb,https://deb.debian.org/debian/pool/main/r/rsyslog/rsyslog_8.2504.0-1_amd64.deb,815203243b9eb17c72c0229fe26afb525542b867719ab36413ab8e514159a26b,main
debian,sackd,24.11.5-4,amd64,slurm-wlm,24.11.5-4,http://slurm.schedmd.com,https://slurm.schedmd.com,pool/main/s/slurm-wlm/sackd_24.11.5-4_amd64.deb,https://deb.debian.org/debian/pool/main/s/slurm-wlm/sackd_24.11.5-4_amd64.deb,4f977104c85916c92b7b8de06678463a90db5b44cdf36d3eaeca7673a9ea0320,main
debian,samba,2:4.22.10+dfsg-0+deb13u1,amd64,samba,2:4.22.10+dfsg-0+deb13u1,https://www.samba.org,https://www.samba.org,pool/main/s/samba/samba_4.22.10+dfsg-0+deb13u1_amd64.deb,https://deb.debian.org/debian/pool/main/s/samba/samba_4.22.10+dfsg-0+deb13u1_amd64.deb,3c63466a1fc24606cd179e691d3437029bfa1ea36747c3f364bfaf0a01aad5ba,main
debian,samba-ad-dc,2:4.22.10+dfsg-0+deb13u1,amd64,samba,2:4.22.10+dfsg-0+deb13u1,https://www.samba.org,https://www.samba.org,pool/main/s/samba/samba-ad-dc_4.22.10+dfsg-0+deb13u1_amd64.deb,https://deb.debian.org/debian/pool/main/s/samba/samba-ad-dc_4.22.10+dfsg-0+deb13u1_amd64.deb,98a204cfcfce902292767f1d105a2e38589533854c26821390cccaadb33a5d38,main
debian,sane-utils,1.3.1-3+b1,amd64,sane-backends,1.3.1-3,http://www.sane-project.org,https://www.sane-project.org,pool/main/s/sane-backends/sane-utils_1.3.1-3+b1_amd64.deb,https://deb.debian.org/debian/pool/main/s/sane-backends/sane-utils_1.3.1-3+b1_amd64.deb,a79c91cbe843b44c685730a02eb696cab9e137cc0c1336a04885fecbf999a5cc,main
debian,sasl2-bin,2.1.28+dfsg1-9,amd64,cyrus-sasl2,2.1.28+dfsg1-9,https://www.cyrusimap.org/sasl/,https://www.cyrusimap.org/sasl,pool/main/c/cyrus-sasl2/sasl2-bin_2.1.28+dfsg1-9_amd64.deb,https://deb.debian.org/debian/pool/main/c/cyrus-sasl2/sasl2-bin_2.1.28+dfsg1-9_amd64.deb,352b66c593ad27a393d3339c9d2913b73352052ba318e78e52fe328662fad2f7,main
debian,sddm,0.21.0+git20250502.4fe234b-2,amd64,sddm,0.21.0+git20250502.4fe234b-2,https://github.com/sddm/sddm,https://github.com/sddm/sddm,pool/main/s/sddm/sddm_0.21.0+git20250502.4fe234b-2_amd64.deb,https://deb.debian.org/debian/pool/main/s/sddm/sddm_0.21.0+git20250502.4fe234b-2_amd64.deb,73313ee5e20e1eff4fe02109080cc4b6d92ab32c863906d66799ed505dc8d8a8,main
debian,seatd,0.9.1-1,amd64,seatd,0.9.1-1,https://sr.ht/~kennylevinsen/seatd/,https://sr.ht/~kennylevinsen/seatd,pool/main/s/seatd/seatd_0.9.1-1_amd64.deb,https://deb.debian.org/debian/pool/main/s/seatd/seatd_0.9.1-1_amd64.deb,f2f36d7660ca281c1e2603c21f6f87acc0990149017a49777d222cdca9a4a3c6,main
debian,sendmail-bin,8.18.1-6+b1,amd64,sendmail,8.18.1-6,http://www.sendmail.org,https://www.sendmail.org,pool/main/s/sendmail/sendmail-bin_8.18.1-6+b1_amd64.deb,https://deb.debian.org/debian/pool/main/s/sendmail/sendmail-bin_8.18.1-6+b1_amd64.deb,1694b3671bdf0b62d9274e210031457f8610ff0db6707f624f4f702d56598092,main
debian,ser2net,4.6.4-1,amd64,ser2net,4.6.4-1,https://github.com/cminyard/ser2net,https://github.com/cminyard/ser2net,pool/main/s/ser2net/ser2net_4.6.4-1_amd64.deb,https://deb.debian.org/debian/pool/main/s/ser2net/ser2net_4.6.4-1_amd64.deb,7ac40ded870cba12dc54cb4aa569b5896dcb9b766ad6f8eeefc03a34676f2782,main
debian,shairport-sync,4.3.7-1,amd64,shairport-sync,4.3.7-1,https://github.com/mikebrady/shairport-sync,https://github.com/mikebrady/shairport-sync,pool/main/s/shairport-sync/shairport-sync_4.3.7-1_amd64.deb,https://deb.debian.org/debian/pool/main/s/shairport-sync/shairport-sync_4.3.7-1_amd64.deb,fd7bfea952cb6f0673454ff025bdbcb9f5131ff49c29450d3866187a80cef55b,main
debian,slapd,2.6.10+dfsg-1,amd64,openldap,2.6.10+dfsg-1,https://www.openldap.org/,https://www.openldap.org,pool/main/o/openldap/slapd_2.6.10+dfsg-1_amd64.deb,https://deb.debian.org/debian/pool/main/o/openldap/slapd_2.6.10+dfsg-1_amd64.deb,abcc0cfa47d8569c7ead866d257e5398f2168bd7d08de9727823021492a579e9,main
debian,slim,1.4.1-2,amd64,slim,1.4.1-2,http://sourceforge.net/projects/slim-fork/,https://sourceforge.net/projects/slim-fork,pool/main/s/slim/slim_1.4.1-2_amd64.deb,https://deb.debian.org/debian/pool/main/s/slim/slim_1.4.1-2_amd64.deb,6a35428559748952ce7554efb90f561be8105dd198c2ee0f5c47bb2ab93e8444,main
debian,slurmctld,24.11.5-4,amd64,slurm-wlm,24.11.5-4,http://slurm.schedmd.com,https://slurm.schedmd.com,pool/main/s/slurm-wlm/slurmctld_24.11.5-4_amd64.deb,https://deb.debian.org/debian/pool/main/s/slurm-wlm/slurmctld_24.11.5-4_amd64.deb,477ca68c0cdda9e728ea2c91fb53e59ed4410914b64001add7aa98664479acec,main
debian,slurmd,24.11.5-4,amd64,slurm-wlm,24.11.5-4,http://slurm.schedmd.com,https://slurm.schedmd.com,pool/main/s/slurm-wlm/slurmd_24.11.5-4_amd64.deb,https://deb.debian.org/debian/pool/main/s/slurm-wlm/slurmd_24.11.5-4_amd64.deb,08dadcd84880a7db37f2941336aed1f552a5bcaf6efcbdac4e047d3ac870c47b,main
debian,slurmdbd,24.11.5-4,amd64,slurm-wlm,24.11.5-4,http://slurm.schedmd.com,https://slurm.schedmd.com,pool/main/s/slurm-wlm/slurmdbd_24.11.5-4_amd64.deb,https://deb.debian.org/debian/pool/main/s/slurm-wlm/slurmdbd_24.11.5-4_amd64.deb,e6b3137c7be1b006630f7d40d87f0c678c9aa12cee483192695411ab282e0d91,main
debian,slurmrestd,24.11.5-4,amd64,slurm-wlm,24.11.5-4,http://slurm.schedmd.com,https://slurm.schedmd.com,pool/main/s/slurm-wlm/slurmrestd_24.11.5-4_amd64.deb,https://deb.debian.org/debian/pool/main/s/slurm-wlm/slurmrestd_24.11.5-4_amd64.deb,022a0e7dab08bc2b0d916cf008c3eb5357726ba3fa05c4ab7af30606a77e9e66,main
debian,smartdns,46.1+dfsg-1.1~deb13u1,amd64,smartdns,46.1+dfsg-1.1~deb13u1,https://github.com/pymumu/smartdns,https://github.com/pymumu/smartdns,pool/main/s/smartdns/smartdns_46.1+dfsg-1.1~deb13u1_amd64.deb,https://deb.debian.org/debian/pool/main/s/smartdns/smartdns_46.1+dfsg-1.1~deb13u1_amd64.deb,d2dfe591dbdabf3655c2ead30975ee20f6720346552bda989b212ccffde5ba4e,main
debian,smartmontools,7.4-3,amd64,smartmontools,7.4-3,https://www.smartmontools.org/,https://www.smartmontools.org,pool/main/s/smartmontools/smartmontools_7.4-3_amd64.deb,https://deb.debian.org/debian/pool/main/s/smartmontools/smartmontools_7.4-3_amd64.deb,99996d0c8d821409b490c7bb896584336d733abe232160cc81ac89d9f7ed39d1,main
debian,snapd,2.68.3-3+deb13u1+b6,amd64,snapd,2.68.3-3+deb13u1,https://github.com/snapcore/snapd,https://github.com/snapcore/snapd,pool/main/s/snapd/snapd_2.68.3-3+deb13u1+b6_amd64.deb,https://deb.debian.org/debian/pool/main/s/snapd/snapd_2.68.3-3+deb13u1+b6_amd64.deb,fef527a8d676686be575b226992d465ddc30fb5d24a66bcf657d70d351863715,main
debian,snapper,0.10.6-1.2,amd64,snapper,0.10.6-1.2,http://snapper.io/,https://snapper.io,pool/main/s/snapper/snapper_0.10.6-1.2_amd64.deb,https://deb.debian.org/debian/pool/main/s/snapper/snapper_0.10.6-1.2_amd64.deb,42c3fe2eead64c153657a5b6100012e4db7cd729c51c5df52c705ee5e844bd3a,main
debian,sniproxy,0.6.1+git20240321-0.2,amd64,sniproxy,0.6.1+git20240321-0.2,https://github.com/dlundquist/sniproxy,https://github.com/dlundquist/sniproxy,pool/main/s/sniproxy/sniproxy_0.6.1+git20240321-0.2_amd64.deb,https://deb.debian.org/debian/pool/main/s/sniproxy/sniproxy_0.6.1+git20240321-0.2_amd64.deb,e11871f4fb2cd589b331b2ee1a08f43f1359c6a35ac3212c1e4f280adc7d9c38,main
debian,snmpd,5.9.4+dfsg-2+deb13u1,amd64,net-snmp,5.9.4+dfsg-2+deb13u1,https://net-snmp.sourceforge.net/,https://net-snmp.sourceforge.net,pool/main/n/net-snmp/snmpd_5.9.4+dfsg-2+deb13u1_amd64.deb,https://deb.debian.org/debian/pool/main/n/net-snmp/snmpd_5.9.4+dfsg-2+deb13u1_amd64.deb,0b4a6088524946e91425912235e7b02c8043d0eaa0e2939d64011e3e705d2d66,main
debian,snmptrapd,5.9.4+dfsg-2+deb13u1,amd64,net-snmp,5.9.4+dfsg-2+deb13u1,https://net-snmp.sourceforge.net/,https://net-snmp.sourceforge.net,pool/main/n/net-snmp/snmptrapd_5.9.4+dfsg-2+deb13u1_amd64.deb,https://deb.debian.org/debian/pool/main/n/net-snmp/snmptrapd_5.9.4+dfsg-2+deb13u1_amd64.deb,bb8e65af2d9a42b48d81907cf81ae485e9ee94d35f79f0fe4788a00bb6bba1f0,main
debian,soapyremote-server,0.5.2-4+b2,amd64,soapyremote,0.5.2-4,https://github.com/pothosware/SoapyRemote/wiki,https://github.com/pothosware/SoapyRemote,pool/main/s/soapyremote/soapyremote-server_0.5.2-4+b2_amd64.deb,https://deb.debian.org/debian/pool/main/s/soapyremote/soapyremote-server_0.5.2-4+b2_amd64.deb,4ae9d0a5da9a51f8ce7ded841276da68b19f72112ca48cdf3f647399b784e79c,main
debian,soju,0.9.0-1+b2,amd64,soju,0.9.0-1,https://soju.im,https://soju.im,pool/main/s/soju/soju_0.9.0-1+b2_amd64.deb,https://deb.debian.org/debian/pool/main/s/soju/soju_0.9.0-1+b2_amd64.deb,9e1be22611d66d80ddd8275c16d1b20fc8b88bb6cfab7af03fd6affc9b149dfc,main
debian,spacenavd,1.3.1-1,amd64,spacenavd,1.3.1-1,http://spacenav.sourceforge.net,https://spacenav.sourceforge.net,pool/main/s/spacenavd/spacenavd_1.3.1-1_amd64.deb,https://deb.debian.org/debian/pool/main/s/spacenavd/spacenavd_1.3.1-1_amd64.deb,fde3c7db6c2b4acc104a887ff80c4dee686c8972f633d07d2b6a06ae537bde26,main
debian,speech-dispatcher,0.12.0-5,amd64,speech-dispatcher,0.12.0-5,http://devel.freebsoft.org/speechd,https://devel.freebsoft.org/speechd,pool/main/s/speech-dispatcher/speech-dispatcher_0.12.0-5_amd64.deb,https://deb.debian.org/debian/pool/main/s/speech-dispatcher/speech-dispatcher_0.12.0-5_amd64.deb,fd90ec8dd5416a92ea29479435e00276343bf48600229c7af85e9dd85a9d1a7f,main
debian,spice-vdagent,0.22.1-4.1,amd64,spice-vdagent,0.22.1-4.1,https://www.spice-space.org/,https://www.spice-space.org,pool/main/s/spice-vdagent/spice-vdagent_0.22.1-4.1_amd64.deb,https://deb.debian.org/debian/pool/main/s/spice-vdagent/spice-vdagent_0.22.1-4.1_amd64.deb,852ed16a47391bd667bbfd882bb4ea8042a4c52e82671f2c763e401e7fb6aa22,main
debian,spice-webdavd,3.0-9+b2,amd64,phodav,3.0-9,https://wiki.gnome.org/phodav,https://wiki.gnome.org/phodav,pool/main/p/phodav/spice-webdavd_3.0-9+b2_amd64.deb,https://deb.debian.org/debian/pool/main/p/phodav/spice-webdavd_3.0-9+b2_amd64.deb,8bdf6c53f3cce22e636b30ec7b6affc1f35a3787ea747dbda5adb9c5f6e6c47f,main
debian,squid,6.13-2+deb13u2,amd64,squid,6.13-2+deb13u2,http://www.squid-cache.org,https://www.squid-cache.org,pool/main/s/squid/squid_6.13-2+deb13u2_amd64.deb,https://deb.debian.org/debian/pool/main/s/squid/squid_6.13-2+deb13u2_amd64.deb,caca84083745ec42058fca7985340c1bfd4a1c102caab5ccb6545f853bb852b9,main
debian,srptools,56.1-1,amd64,rdma-core,56.1-1,https://github.com/linux-rdma/rdma-core,https://github.com/linux-rdma/rdma-core,pool/main/r/rdma-core/srptools_56.1-1_amd64.deb,https://deb.debian.org/debian/pool/main/r/rdma-core/srptools_56.1-1_amd64.deb,106b1df458d74ed21316b5bfdbad9f53fb9137111432f7751215ef7785ed605f,main
debian,sslh,2.1.4-1+b1,amd64,sslh,2.1.4-1,http://www.rutschle.net/tech/sslh/README.html,https://www.rutschle.net/tech/sslh/README.html,pool/main/s/sslh/sslh_2.1.4-1+b1_amd64.deb,https://deb.debian.org/debian/pool/main/s/sslh/sslh_2.1.4-1+b1_amd64.deb,f948a7f160fbbaf1397360b6bc92ce7d970622b08b6a527c721c01ef6c1b6806,main
debian,sssd-ad-common,2.10.1-2+b1,amd64,sssd,2.10.1-2,https://github.com/SSSD/sssd,https://github.com/SSSD/sssd,pool/main/s/sssd/sssd-ad-common_2.10.1-2+b1_amd64.deb,https://deb.debian.org/debian/pool/main/s/sssd/sssd-ad-common_2.10.1-2+b1_amd64.deb,45dcf1b3a40e0dcfe92f424929b7d0b372d651acc37c4a09b160eef397d04b21,main
debian,sssd-common,2.10.1-2+b1,amd64,sssd,2.10.1-2,https://github.com/SSSD/sssd,https://github.com/SSSD/sssd,pool/main/s/sssd/sssd-common_2.10.1-2+b1_amd64.deb,https://deb.debian.org/debian/pool/main/s/sssd/sssd-common_2.10.1-2+b1_amd64.deb,3bcb1f6eafd0581f10c7d096e334f03ee752e83d939aa9517facbecb87f6e604,main
debian,sssd-dbus,2.10.1-2+b1,amd64,sssd,2.10.1-2,https://github.com/SSSD/sssd,https://github.com/SSSD/sssd,pool/main/s/sssd/sssd-dbus_2.10.1-2+b1_amd64.deb,https://deb.debian.org/debian/pool/main/s/sssd/sssd-dbus_2.10.1-2+b1_amd64.deb,cb24ea21f30a00adc1daa57186cbb0aa00035436d89ce71be1b74e716693c50b,main
debian,sssd-kcm,2.10.1-2+b1,amd64,sssd,2.10.1-2,https://github.com/SSSD/sssd,https://github.com/SSSD/sssd,pool/main/s/sssd/sssd-kcm_2.10.1-2+b1_amd64.deb,https://deb.debian.org/debian/pool/main/s/sssd/sssd-kcm_2.10.1-2+b1_amd64.deb,dab66f93de7ade647874f3cf7fb85e9ce7eef04d05d6d1bbe0d4457ea2e1a62a,main
debian,strongswan-starter,6.0.1-6+deb13u6,amd64,strongswan,6.0.1-6+deb13u6,http://www.strongswan.org,https://www.strongswan.org,pool/main/s/strongswan/strongswan-starter_6.0.1-6+deb13u6_amd64.deb,https://deb.debian.org/debian/pool/main/s/strongswan/strongswan-starter_6.0.1-6+deb13u6_amd64.deb,f879b6109eb9a6a48e44864735e21056d4650c253decbef69a2a72aaa3faf1f7,main
debian,stunnel4,3:5.74-2,amd64,stunnel4,3:5.74-2,https://www.stunnel.org/,https://www.stunnel.org,pool/main/s/stunnel4/stunnel4_5.74-2_amd64.deb,https://deb.debian.org/debian/pool/main/s/stunnel4/stunnel4_5.74-2_amd64.deb,3028b9885c706711423840fbd59a5cc01cba985ae3c5456df081731bf4fa624e,main
debian,suricata,1:7.0.10-1+deb13u4,amd64,suricata,1:7.0.10-1+deb13u4,https://suricata.io,https://suricata.io,pool/main/s/suricata/suricata_7.0.10-1+deb13u4_amd64.deb,https://deb.debian.org/debian/pool/main/s/suricata/suricata_7.0.10-1+deb13u4_amd64.deb,25917d6784aa5c4150361c96b108b2b71ecf714bd14a908d98df45554e8acad6,main
debian,svxlink-server,24.02-5,amd64,svxlink,24.02-5,https://www.svxlink.org,https://www.svxlink.org,pool/main/s/svxlink/svxlink-server_24.02-5_amd64.deb,https://deb.debian.org/debian/pool/main/s/svxlink/svxlink-server_24.02-5_amd64.deb,c6f0de2af0be033f2af91547f9f8c024e09716871220d30359823373ae54b01b,main
debian,svxreflector,24.02-5,amd64,svxlink,24.02-5,https://www.svxlink.org,https://www.svxlink.org,pool/main/s/svxlink/svxreflector_24.02-5_amd64.deb,https://deb.debian.org/debian/pool/main/s/svxlink/svxreflector_24.02-5_amd64.deb,0291a450478864345f7cac8a153b46dbd09d25fc6a1f6358d1e3142edda2e3c3,main
debian,swayosd,0.1.0-5,amd64,swayosd,0.1.0-5,https://github.com/ErikReider/SwayOSD,https://github.com/ErikReider/SwayOSD,pool/main/s/swayosd/swayosd_0.1.0-5_amd64.deb,https://deb.debian.org/debian/pool/main/s/swayosd/swayosd_0.1.0-5_amd64.deb,b502ca94d5b1cd6f3bac5973b8a51618ae1de4f65c7440e583675c58a8e38547,main
debian,switcheroo-control,2.6-3,amd64,switcheroo-control,2.6-3,https://gitlab.freedesktop.org/hadess/switcheroo-control,https://gitlab.freedesktop.org/hadess/switcheroo-control,pool/main/s/switcheroo-control/switcheroo-control_2.6-3_amd64.deb,https://deb.debian.org/debian/pool/main/s/switcheroo-control/switcheroo-control_2.6-3_amd64.deb,d546bc602394a3b470b62744b4d2c1f4674cdb1d78c8b3540119555e83925c91,main
debian,sysprof,48.0-2,amd64,sysprof,48.0-2,https://apps.gnome.org/Sysprof/,https://apps.gnome.org/Sysprof,pool/main/s/sysprof/sysprof_48.0-2_amd64.deb,https://deb.debian.org/debian/pool/main/s/sysprof/sysprof_48.0-2_amd64.deb,5a685e17c9534536225d8b536b3d22f2ac0a4855b5e752a8e6cf6431dfaaf56c,main
debian,sysstat,12.7.5-2,amd64,sysstat,12.7.5-2,https://sysstat.github.io/,https://sysstat.github.io,pool/main/s/sysstat/sysstat_12.7.5-2_amd64.deb,https://deb.debian.org/debian/pool/main/s/sysstat/sysstat_12.7.5-2_amd64.deb,c98cffd845aa5e53ef853c9f4e5f1b82774b830f9caa14f00de06ff04b7e7752,main
debian,system-config-printer-udev,1.5.18-4,amd64,system-config-printer,1.5.18-4,https://github.com/OpenPrinting/system-config-printer,https://github.com/OpenPrinting/system-config-printer,pool/main/s/system-config-printer/system-config-printer-udev_1.5.18-4_amd64.deb,https://deb.debian.org/debian/pool/main/s/system-config-printer/system-config-printer-udev_1.5.18-4_amd64.deb,a58f7ce8ba2d995634dcd651dce485fcf058abfd5b925eb328836319d497053a,main
debian,systemd,257.13-1~deb13u1,amd64,systemd,257.13-1~deb13u1,https://systemd.io,https://systemd.io,pool/main/s/systemd/systemd_257.13-1~deb13u1_amd64.deb,https://deb.debian.org/debian/pool/main/s/systemd/systemd_257.13-1~deb13u1_amd64.deb,ee81302a1d5b7434762b6e784a572854d4b6cf6235e33e2d104ad4e1cae71ab4,main
debian,systemd-boot,257.13-1~deb13u1,amd64,systemd,257.13-1~deb13u1,https://systemd.io,https://systemd.io,pool/main/s/systemd/systemd-boot_257.13-1~deb13u1_amd64.deb,https://deb.debian.org/debian/pool/main/s/systemd/systemd-boot_257.13-1~deb13u1_amd64.deb,e8ebf9c51e141b89deda2aacc08332b35f9ef00722a5e187191e08b881ed04ed,main
debian,systemd-bootchart,235-2,amd64,systemd-bootchart,235-2,https://github.com/systemd/systemd-bootchart/,https://github.com/systemd/systemd-bootchart,pool/main/s/systemd-bootchart/systemd-bootchart_235-2_amd64.deb,https://deb.debian.org/debian/pool/main/s/systemd-bootchart/systemd-bootchart_235-2_amd64.deb,4e040a81ea536902c803b5e8c8bb1ea41b8630f4d04e54cd8310840c3adaff1e,main
debian,systemd-container,257.13-1~deb13u1,amd64,systemd,257.13-1~deb13u1,https://systemd.io,https://systemd.io,pool/main/s/systemd/systemd-container_257.13-1~deb13u1_amd64.deb,https://deb.debian.org/debian/pool/main/s/systemd/systemd-container_257.13-1~deb13u1_amd64.deb,b4872b189204a8a3fcd2203d7b225cf623c3fe4c5e23abfe33296c0bf5000ee2,main
debian,systemd-coredump,257.13-1~deb13u1,amd64,systemd,257.13-1~deb13u1,https://systemd.io,https://systemd.io,pool/main/s/systemd/systemd-coredump_257.13-1~deb13u1_amd64.deb,https://deb.debian.org/debian/pool/main/s/systemd/systemd-coredump_257.13-1~deb13u1_amd64.deb,37cbea4723c82a9a23f9984ed09319d0ace48eee8e8bde4b9c556d91c1cfaed6,main
debian,systemd-homed,257.13-1~deb13u1,amd64,systemd,257.13-1~deb13u1,https://systemd.io,https://systemd.io,pool/main/s/systemd/systemd-homed_257.13-1~deb13u1_amd64.deb,https://deb.debian.org/debian/pool/main/s/systemd/systemd-homed_257.13-1~deb13u1_amd64.deb,8057d41992ef5da6344e19ec73411e451533b258102621556655780c1975a461,main
debian,systemd-journal-remote,257.13-1~deb13u1,amd64,systemd,257.13-1~deb13u1,https://systemd.io,https://systemd.io,pool/main/s/systemd/systemd-journal-remote_257.13-1~deb13u1_amd64.deb,https://deb.debian.org/debian/pool/main/s/systemd/systemd-journal-remote_257.13-1~deb13u1_amd64.deb,b50f6c070723a4a9ba3a43163d08d3a63ce9ddd6465a5409bfba24ca80444bd8,main
debian,systemd-oomd,257.13-1~deb13u1,amd64,systemd,257.13-1~deb13u1,https://systemd.io,https://systemd.io,pool/main/s/systemd/systemd-oomd_257.13-1~deb13u1_amd64.deb,https://deb.debian.org/debian/pool/main/s/systemd/systemd-oomd_257.13-1~deb13u1_amd64.deb,0eab7de42b52df14b9056649c31f33c7aec089780c47230e03183d8ea04ba3c2,main
debian,systemd-repart,257.13-1~deb13u1,amd64,systemd,257.13-1~deb13u1,https://systemd.io,https://systemd.io,pool/main/s/systemd/systemd-repart_257.13-1~deb13u1_amd64.deb,https://deb.debian.org/debian/pool/main/s/systemd/systemd-repart_257.13-1~deb13u1_amd64.deb,06c6f2c285eb81c8ab1dbcc8f5f8721dd96a2228bc9e6a85beaa22460e0599e1,main
debian,systemd-resolved,257.13-1~deb13u1,amd64,systemd,257.13-1~deb13u1,https://systemd.io,https://systemd.io,pool/main/s/systemd/systemd-resolved_257.13-1~deb13u1_amd64.deb,https://deb.debian.org/debian/pool/main/s/systemd/systemd-resolved_257.13-1~deb13u1_amd64.deb,cd8c1bf424def250b2c289859ee4513ddbe8b103b4fa0211dec21fe0d97e5f69,main
debian,systemd-timesyncd,257.13-1~deb13u1,amd64,systemd,257.13-1~deb13u1,https://systemd.io,https://systemd.io,pool/main/s/systemd/systemd-timesyncd_257.13-1~deb13u1_amd64.deb,https://deb.debian.org/debian/pool/main/s/systemd/systemd-timesyncd_257.13-1~deb13u1_amd64.deb,3ac410275cc5cd29aa0e14588b2ebbaa10ae02ecb438ce2282fead1d170efe63,main
debian,systemd-userdbd,257.13-1~deb13u1,amd64,systemd,257.13-1~deb13u1,https://systemd.io,https://systemd.io,pool/main/s/systemd/systemd-userdbd_257.13-1~deb13u1_amd64.deb,https://deb.debian.org/debian/pool/main/s/systemd/systemd-userdbd_257.13-1~deb13u1_amd64.deb,53ebcb979b377982b25d54cf926321602374f5bfe66e79c4174992e8a937d493,main
debian,systemd-zram-generator,1.2.1-2,amd64,rust-zram-generator,1.2.1-2,https://github.com/systemd/zram-generator,https://github.com/systemd/zram-generator,pool/main/r/rust-zram-generator/systemd-zram-generator_1.2.1-2_amd64.deb,https://deb.debian.org/debian/pool/main/r/rust-zram-generator/systemd-zram-generator_1.2.1-2_amd64.deb,4df54f087272f90099f104b4c9eb9dba3508f5fa5bc879e095a872f2cca88239,main
debian,tcmu-runner,1.5.4-9,amd64,tcmu,1.5.4-9,https://github.com/open-iscsi/tcmu-runner,https://github.com/open-iscsi/tcmu-runner,pool/main/t/tcmu/tcmu-runner_1.5.4-9_amd64.deb,https://deb.debian.org/debian/pool/main/t/tcmu/tcmu-runner_1.5.4-9_amd64.deb,3d025d6c66baae801f52f98d4312c69e5f790bf7e398106d487f7421ad6d0014,main
debian,teeworlds-server,0.7.5-2+b1,amd64,teeworlds,0.7.5-2,https://www.teeworlds.com/,https://www.teeworlds.com,pool/main/t/teeworlds/teeworlds-server_0.7.5-2+b1_amd64.deb,https://deb.debian.org/debian/pool/main/t/teeworlds/teeworlds-server_0.7.5-2+b1_amd64.deb,cd89baf5c9848d1eac611314c295c25309b9c12d7dfa55cae251aa9f4ecd0a98,main
debian,tetrinetx,1.13.16-18,amd64,tetrinetx,1.13.16-18,http://tetrinetx.sourceforge.net/,https://tetrinetx.sourceforge.net,pool/main/t/tetrinetx/tetrinetx_1.13.16-18_amd64.deb,https://deb.debian.org/debian/pool/main/t/tetrinetx/tetrinetx_1.13.16-18_amd64.deb,51c6c9d24a04519e6855d859ddca29dbd8f65e5ba1b73c2fca486135a3a23439,main
debian,tgt,1:1.0.85-1.3,amd64,tgt,1:1.0.85-1.3,https://github.com/fujita/tgt,https://github.com/fujita/tgt,pool/main/t/tgt/tgt_1.0.85-1.3_amd64.deb,https://deb.debian.org/debian/pool/main/t/tgt/tgt_1.0.85-1.3_amd64.deb,99f9afe3f1ab64579eb44e390318221faa1cda03526613e8bd5b316e12ce78bf,main
debian,thermald,2.5.9-1,amd64,thermald,2.5.9-1,https://github.com/intel/thermal_daemon,https://github.com/intel/thermal_daemon,pool/main/t/thermald/thermald_2.5.9-1_amd64.deb,https://deb.debian.org/debian/pool/main/t/thermald/thermald_2.5.9-1_amd64.deb,fad8866132d811430653b695db8b78bd6b8e9dbcb74c0e63196e958de6ff405e,main
debian,thinkfan,1.3.1-6,amd64,thinkfan,1.3.1-6,https://github.com/vmatare/thinkfan,https://github.com/vmatare/thinkfan,pool/main/t/thinkfan/thinkfan_1.3.1-6_amd64.deb,https://deb.debian.org/debian/pool/main/t/thinkfan/thinkfan_1.3.1-6_amd64.deb,367b6764a29326c52b29b09b4a37c7bc4f001899d80e50b718d6092bce6b6332,main
debian,tigervnc-standalone-server,1.15.0+dfsg-2.1~deb13u1,amd64,tigervnc,1.15.0+dfsg-2.1~deb13u1,http://www.tigervnc.org,https://www.tigervnc.org,pool/main/t/tigervnc/tigervnc-standalone-server_1.15.0+dfsg-2.1~deb13u1_amd64.deb,https://deb.debian.org/debian/pool/main/t/tigervnc/tigervnc-standalone-server_1.15.0+dfsg-2.1~deb13u1_amd64.deb,a1e6b0b1294b9aeb7e978cbb2bf34739424a999c39aa95c61e124804c46bcb0c,main
debian,tinc,1.0.36-2.1,amd64,tinc,1.0.36-2.1,http://www.tinc-vpn.org/,https://www.tinc-vpn.org,pool/main/t/tinc/tinc_1.0.36-2.1_amd64.deb,https://deb.debian.org/debian/pool/main/t/tinc/tinc_1.0.36-2.1_amd64.deb,e8c4379c2970055c18c05682c71b2b90dd474e335d3b4af76d84d685bcf528e4,main
debian,tntnet,3.0-4,amd64,tntnet,3.0-4,http://www.tntnet.org/,https://www.tntnet.org,pool/main/t/tntnet/tntnet_3.0-4_amd64.deb,https://deb.debian.org/debian/pool/main/t/tntnet/tntnet_3.0-4_amd64.deb,45b25d86260aaac0425cba3ad0dfc193c9c7b7c9eb6c26014795301352b0c734,main
debian,tor,0.4.9.11-0+deb13u1,amd64,tor,0.4.9.11-0+deb13u1,https://www.torproject.org/,https://www.torproject.org,pool/main/t/tor/tor_0.4.9.11-0+deb13u1_amd64.deb,https://deb.debian.org/debian/pool/main/t/tor/tor_0.4.9.11-0+deb13u1_amd64.deb,2381888dc083316fa59a675434decdf94e3869c34eb1e17a6b54fc9d5a041b98,main
debian,tqftpserv,1.1-4,amd64,tqftpserv,1.1-4,https://github.com/linux-msm/tqftpserv,https://github.com/linux-msm/tqftpserv,pool/main/t/tqftpserv/tqftpserv_1.1-4_amd64.deb,https://deb.debian.org/debian/pool/main/t/tqftpserv/tqftpserv_1.1-4_amd64.deb,cf5ce3a03409373ab11a8d87c8bd6c93bbcd98694aa991d8f077024ae533d6e2,main
debian,trojan,1.16.0-1.1,amd64,trojan,1.16.0-1.1,https://github.com/trojan-gfw/trojan,https://github.com/trojan-gfw/trojan,pool/main/t/trojan/trojan_1.16.0-1.1_amd64.deb,https://deb.debian.org/debian/pool/main/t/trojan/trojan_1.16.0-1.1_amd64.deb,015c4232ee206948a36afc5e6a0f744ad789f25e07f2105e900d4118cc8ba333,main
debian,trousers,0.3.15-0.4,amd64,trousers,0.3.15-0.4,http://trousers.sourceforge.net/,https://trousers.sourceforge.net,pool/main/t/trousers/trousers_0.3.15-0.4_amd64.deb,https://deb.debian.org/debian/pool/main/t/trousers/trousers_0.3.15-0.4_amd64.deb,e0d56d91d5b5da7293d59e652a5cd9a214cd01d91a177b968df67c80e4cebdb4,main
debian,udev,257.13-1~deb13u1,amd64,systemd,257.13-1~deb13u1,https://systemd.io,https://systemd.io,pool/main/s/systemd/udev_257.13-1~deb13u1_amd64.deb,https://deb.debian.org/debian/pool/main/s/systemd/udev_257.13-1~deb13u1_amd64.deb,a9d751b4d73a489120ef68a21caedf0b58fba80598fb22a17f85060f308bfe7e,main
debian,udisks2,2.10.1-12.1+deb13u1,amd64,udisks2,2.10.1-12.1+deb13u1,https://www.freedesktop.org/wiki/Software/udisks,https://www.freedesktop.org/wiki/Software/udisks,pool/main/u/udisks2/udisks2_2.10.1-12.1+deb13u1_amd64.deb,https://deb.debian.org/debian/pool/main/u/udisks2/udisks2_2.10.1-12.1+deb13u1_amd64.deb,f1c401930f8b2a8282ec9635cf1bfc19b7f892ce5b64b894beb56e96ecbcc155,main
debian,ulogd2,2.0.8-3,amd64,ulogd2,2.0.8-3,https://www.netfilter.org/projects/ulogd/,https://www.netfilter.org/projects/ulogd,pool/main/u/ulogd2/ulogd2_2.0.8-3_amd64.deb,https://deb.debian.org/debian/pool/main/u/ulogd2/ulogd2_2.0.8-3_amd64.deb,6018e0c4b1ddcdd96b9b6c28e7fb1698c9fdb63503a064f79cd08a51b2ce9f93,main
debian,upower,1.90.9-1,amd64,upower,1.90.9-1,https://upower.freedesktop.org/,https://upower.freedesktop.org,pool/main/u/upower/upower_1.90.9-1_amd64.deb,https://deb.debian.org/debian/pool/main/u/upower/upower_1.90.9-1_amd64.deb,0417b54999efcac640a797c1c78576253a0c847ba82df4cedca2add607c998ff,main
debian,uptimed,1:0.4.6-3.1,amd64,uptimed,1:0.4.6-3.1,https://github.com/rpodgorny/uptimed,https://github.com/rpodgorny/uptimed,pool/main/u/uptimed/uptimed_0.4.6-3.1_amd64.deb,https://deb.debian.org/debian/pool/main/u/uptimed/uptimed_0.4.6-3.1_amd64.deb,d0b5a0f3d2eed74997d97d65c8f87048332ef542fd8c586634ccde3e035cfd16,main
debian,usb-modeswitch,2.6.1-4+b2,amd64,usb-modeswitch,2.6.1-4,https://www.draisberghof.de/usb_modeswitch/,https://www.draisberghof.de/usb_modeswitch,pool/main/u/usb-modeswitch/usb-modeswitch_2.6.1-4+b2_amd64.deb,https://deb.debian.org/debian/pool/main/u/usb-modeswitch/usb-modeswitch_2.6.1-4+b2_amd64.deb,ca6dba376b2a9f08655f9bb572dcfdcc8eb909c82c5fce12c866d932c451b454,main
debian,usbguard,1.1.3+ds-3,amd64,usbguard,1.1.3+ds-3,https://usbguard.github.io/,https://usbguard.github.io,pool/main/u/usbguard/usbguard_1.1.3+ds-3_amd64.deb,https://deb.debian.org/debian/pool/main/u/usbguard/usbguard_1.1.3+ds-3_amd64.deb,eee065923db55111ca541a5506bfdec01e3ba86d7070309dcc52b99478d34fd7,main
debian,util-linux,2.41-5,amd64,util-linux,2.41-5,https://github.com/util-linux/util-linux,https://github.com/util-linux/util-linux,pool/main/u/util-linux/util-linux_2.41-5_amd64.deb,https://deb.debian.org/debian/pool/main/u/util-linux/util-linux_2.41-5_amd64.deb,47fc393fed410642889c86164928219c039e5b43d823aa32e1dbb341eef1d9c5,main
debian,uuid-runtime,2.41-5,amd64,util-linux,2.41-5,https://github.com/util-linux/util-linux,https://github.com/util-linux/util-linux,pool/main/u/util-linux/uuid-runtime_2.41-5_amd64.deb,https://deb.debian.org/debian/pool/main/u/util-linux/uuid-runtime_2.41-5_amd64.deb,73e47c23eeb311b8350f73353243252c6766ef9bd8d6a5a20232b38a769dda49,main
debian,v2ray,4.34.0+ds-4+b12,amd64,golang-v2ray-core,4.34.0+ds-4,https://github.com/v2fly/v2ray-core,https://github.com/v2fly/v2ray-core,pool/main/g/golang-v2ray-core/v2ray_4.34.0+ds-4+b12_amd64.deb,https://deb.debian.org/debian/pool/main/g/golang-v2ray-core/v2ray_4.34.0+ds-4+b12_amd64.deb,0e10aa12e7033cfe0fca2971737e3c5eb4b35b2f1b3c7e1fca63eaf13c629729,main
debian,valkey-sentinel,8.1.1+dfsg1-3+deb13u2,amd64,valkey,8.1.1+dfsg1-3+deb13u2,https://valkey.io,https://valkey.io,pool/main/v/valkey/valkey-sentinel_8.1.1+dfsg1-3+deb13u2_amd64.deb,https://deb.debian.org/debian/pool/main/v/valkey/valkey-sentinel_8.1.1+dfsg1-3+deb13u2_amd64.deb,547d2ce3a26219124185eb27dcfe793809b1c87842bc070ee721f7ccd72e3a57,main
debian,valkey-server,8.1.1+dfsg1-3+deb13u2,amd64,valkey,8.1.1+dfsg1-3+deb13u2,https://valkey.io,https://valkey.io,pool/main/v/valkey/valkey-server_8.1.1+dfsg1-3+deb13u2_amd64.deb,https://deb.debian.org/debian/pool/main/v/valkey/valkey-server_8.1.1+dfsg1-3+deb13u2_amd64.deb,a67e7e75dd55e9856bd280b4d948b66b37bf9e4ae26717899a0fef147db07a20,main
debian,vdr,2.6.9-3,amd64,vdr,2.6.9-3,http://www.tvdr.de/,https://www.tvdr.de,pool/main/v/vdr/vdr_2.6.9-3_amd64.deb,https://deb.debian.org/debian/pool/main/v/vdr/vdr_2.6.9-3_amd64.deb,89b78c8adf7c2925bbc1f2add8c33c142e9d50662e850479ca32740e9d03174e,main
debian,vnstat,2.13-1,amd64,vnstat,2.13-1,https://humdi.net/vnstat/,https://humdi.net/vnstat,pool/main/v/vnstat/vnstat_2.13-1_amd64.deb,https://deb.debian.org/debian/pool/main/v/vnstat/vnstat_2.13-1_amd64.deb,3b0f1812102508ce5e503a3f5d2ea9548b5d543e26ef2e3cc6474cc4ea6d2e52,main
debian,voms-server,2.1.2-1,amd64,voms,2.1.2-1,https://italiangrid.github.io/voms/,https://italiangrid.github.io/voms,pool/main/v/voms/voms-server_2.1.2-1_amd64.deb,https://deb.debian.org/debian/pool/main/v/voms/voms-server_2.1.2-1_amd64.deb,db3f9d7b3b58bf965a54749fe248de167edfcff0c6fa31698646cdbf8ed375bb,main
debian,vpnc,0.5.3+git20241220-2,amd64,vpnc,0.5.3+git20241220-2,https://github.com/streambinder/vpnc,https://github.com/streambinder/vpnc,pool/main/v/vpnc/vpnc_0.5.3+git20241220-2_amd64.deb,https://deb.debian.org/debian/pool/main/v/vpnc/vpnc_0.5.3+git20241220-2_amd64.deb,592b356899f4a7390a4057af74177f4cc7195d3dc4a48e7d7ca1b18273b51031,main
debian,webhook,2.8.0-4+b19,amd64,webhook,2.8.0-4,https://github.com/adnanh/webhook,https://github.com/adnanh/webhook,pool/main/w/webhook/webhook_2.8.0-4+b19_amd64.deb,https://deb.debian.org/debian/pool/main/w/webhook/webhook_2.8.0-4+b19_amd64.deb,889a516bcdaf12c098e041f8015e0d8f29d835b744a3670b4825918a8bb65592,main
debian,wesnoth-1.18-server,1:1.18.5-1,amd64,wesnoth-1.18,1:1.18.5-1,https://www.wesnoth.org/,https://www.wesnoth.org,pool/main/w/wesnoth-1.18/wesnoth-1.18-server_1.18.5-1_amd64.deb,https://deb.debian.org/debian/pool/main/w/wesnoth-1.18/wesnoth-1.18-server_1.18.5-1_amd64.deb,151d8d96505dee303f6039df89bbcf8fb95ef807e627627935347776a1294e0b,main
debian,winbind,2:4.22.10+dfsg-0+deb13u1,amd64,samba,2:4.22.10+dfsg-0+deb13u1,https://www.samba.org,https://www.samba.org,pool/main/s/samba/winbind_4.22.10+dfsg-0+deb13u1_amd64.deb,https://deb.debian.org/debian/pool/main/s/samba/winbind_4.22.10+dfsg-0+deb13u1_amd64.deb,0fa6df72f74ed92fd1575808494bd6941d087cb8c92ade3051d89507364a0ea6,main
debian,wireguard-tools,1.0.20210914-3,amd64,wireguard,1.0.20210914-3,https://www.wireguard.com,https://www.wireguard.com,pool/main/w/wireguard/wireguard-tools_1.0.20210914-3_amd64.deb,https://deb.debian.org/debian/pool/main/w/wireguard/wireguard-tools_1.0.20210914-3_amd64.deb,4fc58e193786a86465596c83ebfc10bfcb5241b918e9a4b60113f62e98046fe1,main
debian,wpasupplicant,2:2.10-24,amd64,wpa,2:2.10-24,https://w1.fi/wpa_supplicant/,https://w1.fi/wpa_supplicant,pool/main/w/wpa/wpasupplicant_2.10-24_amd64.deb,https://deb.debian.org/debian/pool/main/w/wpa/wpasupplicant_2.10-24_amd64.deb,99f50410baddebd421497703ad9b6d0e05deb3dfda99a96b2814f630d9b84498,main
debian,xfsprogs,6.13.0-2+b1,amd64,xfsprogs,6.13.0-2,https://xfs.wiki.kernel.org/,https://xfs.wiki.kernel.org,pool/main/x/xfsprogs/xfsprogs_6.13.0-2+b1_amd64.deb,https://deb.debian.org/debian/pool/main/x/xfsprogs/xfsprogs_6.13.0-2+b1_amd64.deb,570e900e2e0fa1e3d56ca654d4739e43e16ee5f2d6050fb5955c141cf2cbacf1,main
debian,xrdp,0.10.1-3.1+deb13u1,amd64,xrdp,0.10.1-3.1+deb13u1,https://www.xrdp.org/,https://www.xrdp.org,pool/main/x/xrdp/xrdp_0.10.1-3.1+deb13u1_amd64.deb,https://deb.debian.org/debian/pool/main/x/xrdp/xrdp_0.10.1-3.1+deb13u1_amd64.deb,f46b98afb531bed36b6e30b8c52ed0f60cb44859e7c0de2769dfc3f827b38c96,main
debian,xrootd-server,5.8.1-1,amd64,xrootd,5.8.1-1,https://xrootd.web.cern.ch/,https://xrootd.web.cern.ch,pool/main/x/xrootd/xrootd-server_5.8.1-1_amd64.deb,https://deb.debian.org/debian/pool/main/x/xrootd/xrootd-server_5.8.1-1_amd64.deb,fa6f4f26072906130b5b3dd9bf7aece5c7dbc7ecb81f4bf77d095b3be0fabd08,main
debian,yadifa,3.0.2-3,amd64,yadifa,3.0.2-3,https://www.yadifa.eu,https://www.yadifa.eu,pool/main/y/yadifa/yadifa_3.0.2-3_amd64.deb,https://deb.debian.org/debian/pool/main/y/yadifa/yadifa_3.0.2-3_amd64.deb,303a57e496ec4a51844a7231e0f12ea7ed7ca09b0231938bde3b716b737cf703,main
debian,yggdrasil,0.5.12-2+b4,amd64,yggdrasil,0.5.12-2,https://github.com/yggdrasil-network/yggdrasil-go,https://github.com/yggdrasil-network/yggdrasil-go,pool/main/y/yggdrasil/yggdrasil_0.5.12-2+b4_amd64.deb,https://deb.debian.org/debian/pool/main/y/yggdrasil/yggdrasil_0.5.12-2+b4_amd64.deb,634b8223e7b92b99335cd5052348ab684ccb5b976f35e85b8b8b8bf2c808a898,main
debian,zcfan,1.4.0-2,amd64,zcfan,1.4.0-2,https://github.com/cdown/zcfan,https://github.com/cdown/zcfan,pool/main/z/zcfan/zcfan_1.4.0-2_amd64.deb,https://deb.debian.org/debian/pool/main/z/zcfan/zcfan_1.4.0-2_amd64.deb,10e69fea11c8e1f23c244fdcc783276ca14d86f8ffdefa4c3264ed2c8bf0bb40,main
debian,zeroc-glacier2,3.7.10-3.1,amd64,zeroc-ice,3.7.10-3.1,https://zeroc.com,https://zeroc.com,pool/main/z/zeroc-ice/zeroc-glacier2_3.7.10-3.1_amd64.deb,https://deb.debian.org/debian/pool/main/z/zeroc-ice/zeroc-glacier2_3.7.10-3.1_amd64.deb,73abd2c1b4da49091a8b72be86d5692e07d5ce70dfc7c49a78cf8fe8246f612b,main
debian,zeroc-icegrid,3.7.10-3.1,amd64,zeroc-ice,3.7.10-3.1,https://zeroc.com,https://zeroc.com,pool/main/z/zeroc-ice/zeroc-icegrid_3.7.10-3.1_amd64.deb,https://deb.debian.org/debian/pool/main/z/zeroc-ice/zeroc-icegrid_3.7.10-3.1_amd64.deb,fd34d4f7f772d957f3c898e3d7bb7d13c22ebb6e3c6cd74d46506c2d529d0a22,main
debian,zvbi,0.2.44-1,amd64,zvbi,0.2.44-1,https://github.com/zapping-vbi/zvbi,https://github.com/zapping-vbi/zvbi,pool/main/z/zvbi/zvbi_0.2.44-1_amd64.deb,https://deb.debian.org/debian/pool/main/z/zvbi/zvbi_0.2.44-1_amd64.deb,7eb4c26ca133d9f798bb66bef119d6a212a843bf69178f9a1e794930f8ac9f1a,main
ubuntu,2ping,4.5-2,all,2ping,4.5-2,https://www.finnie.org/software/2ping/,https://www.finnie.org/software/2ping,pool/universe/2/2ping/2ping_4.5-2_all.deb,https://archive.ubuntu.com/ubuntu/pool/universe/2/2ping/2ping_4.5-2_all.deb,10779e1b0f2c59636e249cfade944b0f886c059e54f720dba4b26237b2f52b70,universe
ubuntu,accountsservice,23.13.9-8ubuntu5,amd64,accountsservice,23.13.9-8ubuntu5,https://www.freedesktop.org/wiki/Software/AccountsService/,https://www.freedesktop.org/wiki/Software/AccountsService,pool/main/a/accountsservice/accountsservice_23.13.9-8ubuntu5_amd64.deb,https://archive.ubuntu.com/ubuntu/pool/main/a/accountsservice/accountsservice_23.13.9-8ubuntu5_amd64.deb,601d5a41cc832c0255c7ffeb6325fc84dcf8aa267d1610e3d8c211ead23b62df,main
ubuntu,acct,6.6.4-10build1,amd64,acct,6.6.4-10build1,https://www.gnu.org/software/acct/,https://www.gnu.org/software/acct,pool/main/a/acct/acct_6.6.4-10build1_amd64.deb,https://archive.ubuntu.com/ubuntu/pool/main/a/acct/acct_6.6.4-10build1_amd64.deb,fbdf3cde8d34d3063242b91c329d8ce4742eb7b2828ccab1e4ef710ce9f4329e,main
ubuntu,acpid,1:2.0.34-1ubuntu3,amd64,acpid,1:2.0.34-1ubuntu3,http://sourceforge.net/projects/acpid2/,https://sourceforge.net/projects/acpid2,pool/main/a/acpid/acpid_2.0.34-1ubuntu3_amd64.deb,https://archive.ubuntu.com/ubuntu/pool/main/a/acpid/acpid_2.0.34-1ubuntu3_amd64.deb,4bb3b52bb92e2599a48227961373ddbaabb79d8ea1beaaefef141872f8184fba,main
ubuntu,alsa-utils,1.2.15.2-1ubuntu1,amd64,alsa-utils,1.2.15.2-1ubuntu1,https://www.alsa-project.org/,https://www.alsa-project.org,pool/main/a/alsa-utils/alsa-utils_1.2.15.2-1ubuntu1_amd64.deb,https://archive.ubuntu.com/ubuntu/pool/main/a/alsa-utils/alsa-utils_1.2.15.2-1ubuntu1_amd64.deb,d24c8b4b7155fe184873a808482f317c23fa8858e36cf9712235c9accdd43884,main
ubuntu,amavisd-milter,1.7.2-3,amd64,amavisd-milter,1.7.2-3,https://github.com/prehor/amavisd-milter,https://github.com/prehor/amavisd-milter,pool/universe/a/amavisd-milter/amavisd-milter_1.7.2-3_amd64.deb,https://archive.ubuntu.com/ubuntu/pool/universe/a/amavisd-milter/amavisd-milter_1.7.2-3_amd64.deb,863d655a08ad76e6bcd658834da05601ab978da82055e150b2eb3e7b0bc90752,universe
ubuntu,ampr-ripd,2.4.1-1build1,amd64,ampr-ripd,2.4.1-1build1,http://www.yo2loj.ro/hamprojects/,https://www.yo2loj.ro/hamprojects,pool/universe/a/ampr-ripd/ampr-ripd_2.4.1-1build1_amd64.deb,https://archive.ubuntu.com/ubuntu/pool/universe/a/ampr-ripd/ampr-ripd_2.4.1-1build1_amd64.deb,5637e1a4fba023f49fce3b1f155df5450cb26d1bfc0d8c7f9f613fd6ce87a96d,universe
ubuntu,anope,2.0.17-1.1,amd64,anope,2.0.17-1.1,http://www.anope.org/,https://www.anope.org,pool/main/a/anope/anope_2.0.17-1.1_amd64.deb,https://archive.ubuntu.com/ubuntu/pool/main/a/anope/anope_2.0.17-1.1_amd64.deb,ecbdc596bb4a48b250d839e8c830ef67b457e018405baba4d7dfe78ae175f564,main
ubuntu,apache2,2.4.66-2ubuntu2,amd64,apache2,2.4.66-2ubuntu2,https://httpd.apache.org/,https://httpd.apache.org,pool/main/a/apache2/apache2_2.4.66-2ubuntu2_amd64.deb,https://archive.ubuntu.com/ubuntu/pool/main/a/apache2/apache2_2.4.66-2ubuntu2_amd64.deb,e9fb99ef07682477d20c5120edbd22621ca4b63e90212c5d0c8d03b26f7b350b,main
ubuntu,apcupsd,3.14.14-7,amd64,apcupsd,3.14.14-7,http://www.apcupsd.org/,https://www.apcupsd.org,pool/universe/a/apcupsd/apcupsd_3.14.14-7_amd64.deb,https://archive.ubuntu.com/ubuntu/pool/universe/a/apcupsd/apcupsd_3.14.14-7_amd64.deb,6748661d951d778657b0477c950847b28a9e81ff561cd8600cf381ed799505ae,universe
ubuntu,apt-cacher-ng,3.7.5-1.1,amd64,apt-cacher-ng,3.7.5-1.1,http://www.unix-ag.uni-kl.de/~bloch/acng/,https://www.unix-ag.uni-kl.de/~bloch/acng,pool/universe/a/apt-cacher-ng/apt-cacher-ng_3.7.5-1.1_amd64.deb,https://archive.ubuntu.com/ubuntu/pool/universe/a/apt-cacher-ng/apt-cacher-ng_3.7.5-1.1_amd64.deb,0d4c0525651ecf8786138592eda8a523c98ef783be151ac63cac56f2773e87a3,universe
ubuntu,argus-client,1:5.0.2+git20250321.41f65e2-2ubuntu2,amd64,argus-clients,1:5.0.2+git20250321.41f65e2-2ubuntu2,http://qosient.com/argus,https://qosient.com/argus,pool/universe/a/argus-clients/argus-client_5.0.2+git20250321.41f65e2-2ubuntu2_amd64.deb,https://archive.ubuntu.com/ubuntu/pool/universe/a/argus-clients/argus-client_5.0.2+git20250321.41f65e2-2ubuntu2_amd64.deb,18ac391bb3787d56adab36fdba6d0e7e7e557c0a8098b8906836283327f062f4,universe
ubuntu,arpwatch,2.1a15-9build1,amd64,arpwatch,2.1a15-9build1,https://ee.lbl.gov/,https://ee.lbl.gov,pool/universe/a/arpwatch/arpwatch_2.1a15-9build1_amd64.deb,https://archive.ubuntu.com/ubuntu/pool/universe/a/arpwatch/arpwatch_2.1a15-9build1_amd64.deb,3330fb68b8a716e8a9297f76fdc0f910ae03cf2c40cddaa5b4990d2451117a15,universe
ubuntu,asahi-scripts,20250713-1ubuntu1,all,asahi-scripts,20250713-1ubuntu1,https://github.com/AsahiLinux/asahi-scripts,https://github.com/AsahiLinux/asahi-scripts,pool/universe/a/asahi-scripts/asahi-scripts_20250713-1ubuntu1_all.deb,https://archive.ubuntu.com/ubuntu/pool/universe/a/asahi-scripts/asahi-scripts_20250713-1ubuntu1_all.deb,374780681de7d2b555cbbd0c8a7e7a07e235defdfa84778c26ece398587efcf9,universe
ubuntu,asterisk,1:22.5.2~dfsg+~cs6.15.60671435-1,amd64,asterisk,1:22.5.2~dfsg+~cs6.15.60671435-1,https://www.asterisk.org/,https://www.asterisk.org,pool/universe/a/asterisk/asterisk_22.5.2~dfsg+~cs6.15.60671435-1_amd64.deb,https://archive.ubuntu.com/ubuntu/pool/universe/a/asterisk/asterisk_22.5.2~dfsg+~cs6.15.60671435-1_amd64.deb,5f3f1ba3c3f8557eb40cb136bfac735c33c3f6c8310b9008d9481f8b81561ce9,universe
ubuntu,atftpd,0.8.0-8build1,amd64,atftp,0.8.0-8build1,https://sourceforge.net/projects/atftp,https://sourceforge.net/projects/atftp,pool/universe/a/atftp/atftpd_0.8.0-8build1_amd64.deb,https://archive.ubuntu.com/ubuntu/pool/universe/a/atftp/atftpd_0.8.0-8build1_amd64.deb,9589bd56bfe4bf0d49e83469828be9033ad33f009fcb073b7013673dc65635ea,universe
ubuntu,authselect,1.7.1-1,amd64,authselect,1.7.1-1,https://github.com/authselect/authselect,https://github.com/authselect/authselect,pool/universe/a/authselect/authselect_1.7.1-1_amd64.deb,https://archive.ubuntu.com/ubuntu/pool/universe/a/authselect/authselect_1.7.1-1_amd64.deb,1ae1cba74c95c511ab62c12c77f2878b607bce02c16f5c574f1bcef1c1297669,universe
ubuntu,autorandr,1.15-1build1,all,autorandr,1.15-1build1,https://github.com/phillipberndt/autorandr,https://github.com/phillipberndt/autorandr,pool/universe/a/autorandr/autorandr_1.15-1build1_all.deb,https://archive.ubuntu.com/ubuntu/pool/universe/a/autorandr/autorandr_1.15-1build1_all.deb,0a631044a9938382000ba9879eb518feab05f74a805c81970f331212ac72df2a,universe
ubuntu,avahi-daemon,0.8-18ubuntu1,amd64,avahi,0.8-18ubuntu1,https://avahi.org/,https://avahi.org,pool/main/a/avahi/avahi-daemon_0.8-18ubuntu1_amd64.deb,https://archive.ubuntu.com/ubuntu/pool/main/a/avahi/avahi-daemon_0.8-18ubuntu1_amd64.deb,8443525800f9df7f942636876e6da6f706d57564dad3175fac114f0daa49cc14,main
ubuntu,avahi-dnsconfd,0.8-18ubuntu1,amd64,avahi,0.8-18ubuntu1,https://avahi.org/,https://avahi.org,pool/universe/a/avahi/avahi-dnsconfd_0.8-18ubuntu1_amd64.deb,https://archive.ubuntu.com/ubuntu/pool/universe/a/avahi/avahi-dnsconfd_0.8-18ubuntu1_amd64.deb,8ab3430d028445f9e3f087896dd541eadc0f4d4c51f843eecb1b88041ee259c1,universe
ubuntu,babeld,1.13.1+ds-1build1,amd64,babeld,1.13.1+ds-1build1,http://www.pps.univ-paris-diderot.fr/~jch/software/babel/,https://www.pps.univ-paris-diderot.fr/~jch/software/babel,pool/universe/b/babeld/babeld_1.13.1+ds-1build1_amd64.deb,https://archive.ubuntu.com/ubuntu/pool/universe/b/babeld/babeld_1.13.1+ds-1build1_amd64.deb,798f370f876a8ddf68f8dc1a54b616510b6f43285f20c5e3103a0a9181fe06a8,universe
ubuntu,bacula-director,15.0.3-5,amd64,bacula,15.0.3-5,https://www.bacula.org/,https://www.bacula.org,pool/universe/b/bacula/bacula-director_15.0.3-5_amd64.deb,https://archive.ubuntu.com/ubuntu/pool/universe/b/bacula/bacula-director_15.0.3-5_amd64.deb,ac182f7eecee4bf54bad85d71b65cb470a8a6eb6fa29f264fdec54b5bcb9b1bf,universe
ubuntu,bacula-fd,15.0.3-5,amd64,bacula,15.0.3-5,https://www.bacula.org/,https://www.bacula.org,pool/universe/b/bacula/bacula-fd_15.0.3-5_amd64.deb,https://archive.ubuntu.com/ubuntu/pool/universe/b/bacula/bacula-fd_15.0.3-5_amd64.deb,227ea5f5b5441da22e48cab92b5c5ee3b48a1fd11071aab28e8c7b4dfc05b286,universe
ubuntu,bacula-sd,15.0.3-5,amd64,bacula,15.0.3-5,https://www.bacula.org/,https://www.bacula.org,pool/universe/b/bacula/bacula-sd_15.0.3-5_amd64.deb,https://archive.ubuntu.com/ubuntu/pool/universe/b/bacula/bacula-sd_15.0.3-5_amd64.deb,19ff617174c3a84dbcdae480e2a4819097a07d89eed8757fe12fab67546bc2b5,universe
ubuntu,bdii,6.0.3-1build1,all,bdii,6.0.3-1build1,https://github.com/EGI-Federation/bdii,https://github.com/EGI-Federation/bdii,pool/universe/b/bdii/bdii_6.0.3-1build1_all.deb,https://archive.ubuntu.com/ubuntu/pool/universe/b/bdii/bdii_6.0.3-1build1_all.deb,cb89828413935b79c6370ddb1f9ae3650b1feb3f9ed0f774e71cab4cbc90c2aa,universe
ubuntu,bind9,1:9.20.18-1ubuntu2,amd64,bind9,1:9.20.18-1ubuntu2,https://www.isc.org/downloads/bind/,https://www.isc.org/downloads/bind,pool/main/b/bind9/bind9_9.20.18-1ubuntu2_amd64.deb,https://archive.ubuntu.com/ubuntu/pool/main/b/bind9/bind9_9.20.18-1ubuntu2_amd64.deb,96fe061dd6f31f601a6acda55800d9286c9b7a54f41e969ecabdd04dcad72fa9,main
ubuntu,bird2,2.18-1,amd64,bird2,2.18-1,https://bird.network.cz/,https://bird.network.cz,pool/universe/b/bird2/bird2_2.18-1_amd64.deb,https://archive.ubuntu.com/ubuntu/pool/universe/b/bird2/bird2_2.18-1_amd64.deb,35e99d4e0e72e8a0e76ef72a7f40000274f6aeaaa7a7da0b42405618833fce0e,universe
ubuntu,bird3,3.2.0-1,amd64,bird3,3.2.0-1,https://bird.network.cz/,https://bird.network.cz,pool/universe/b/bird3/bird3_3.2.0-1_amd64.deb,https://archive.ubuntu.com/ubuntu/pool/universe/b/bird3/bird3_3.2.0-1_amd64.deb,5664bb1d13b564e5e3ad7307ce9b0221fa388dcfb9314155624389884fca8aa2,universe
ubuntu,bitlbee-common,3.6-2,amd64,bitlbee,3.6-2,https://www.bitlbee.org/,https://www.bitlbee.org,pool/universe/b/bitlbee/bitlbee-common_3.6-2_amd64.deb,https://archive.ubuntu.com/ubuntu/pool/universe/b/bitlbee/bitlbee-common_3.6-2_amd64.deb,a027c82c67ef838ac523eff0ff2bd421c2bc7e33bfa063b728a2da7bc08d12c5,universe
ubuntu,blueman,2.4.4-1build1,amd64,blueman,2.4.4-1build1,https://github.com/blueman-project/blueman,https://github.com/blueman-project/blueman,pool/universe/b/blueman/blueman_2.4.4-1build1_amd64.deb,https://archive.ubuntu.com/ubuntu/pool/universe/b/blueman/blueman_2.4.4-1build1_amd64.deb,fec92e53031325b2406b8ce67b7070a9f4c483962b3ae50de9559ee03eed513c,universe
ubuntu,bluez,5.85-4,amd64,bluez,5.85-4,http://www.bluez.org,https://www.bluez.org,pool/main/b/bluez/bluez_5.85-4_amd64.deb,https://archive.ubuntu.com/ubuntu/pool/main/b/bluez/bluez_5.85-4_amd64.deb,7b6017c1c44d17512f383b1b3e36a0cb5fdafff02f8943e9cc92e8addfb768eb,main
ubuntu,bluez-meshd,5.85-4,amd64,bluez,5.85-4,http://www.bluez.org,https://www.bluez.org,pool/universe/b/bluez/bluez-meshd_5.85-4_amd64.deb,https://archive.ubuntu.com/ubuntu/pool/universe/b/bluez/bluez-meshd_5.85-4_amd64.deb,7fdff288686745385cb3e0034d88f5db2eb080d709982d6a66d52a5e2fb227e2,universe
ubuntu,boinc-client,8.2.9+dfsg-1build1,amd64,boinc,8.2.9+dfsg-1build1,https://boinc.berkeley.edu/,https://boinc.berkeley.edu,pool/universe/b/boinc/boinc-client_8.2.9+dfsg-1build1_amd64.deb,https://archive.ubuntu.com/ubuntu/pool/universe/b/boinc/boinc-client_8.2.9+dfsg-1build1_amd64.deb,01c20a6f4da4f4a59374b7456c4fa317e44d394913366a1f6fa15f7ab65ab363,universe
ubuntu,bolt,0.9.10-1,amd64,bolt,0.9.10-1,https://gitlab.freedesktop.org/bolt/bolt,https://gitlab.freedesktop.org/bolt/bolt,pool/main/b/bolt/bolt_0.9.10-1_amd64.deb,https://archive.ubuntu.com/ubuntu/pool/main/b/bolt/bolt_0.9.10-1_amd64.deb,2a91d14abab644e9bb7f0250459e6f5b5c75b109b9244cd12282c753a5d42c1f,main
ubuntu,booth,1.2-3ubuntu2,amd64,booth,1.2-3ubuntu2,https://github.com/ClusterLabs/booth,https://github.com/ClusterLabs/booth,pool/universe/b/booth/booth_1.2-3ubuntu2_amd64.deb,https://archive.ubuntu.com/ubuntu/pool/universe/b/booth/booth_1.2-3ubuntu2_amd64.deb,b0ef8857e1ef72b1aa5e2cfa876928ba98e2b718e857b4d6bfffb8c0e8061c9a,universe
ubuntu,borgmatic,2.0.11-2,all,borgmatic,2.0.11-2,https://torsion.org/borgmatic,https://torsion.org/borgmatic,pool/universe/b/borgmatic/borgmatic_2.0.11-2_all.deb,https://archive.ubuntu.com/ubuntu/pool/universe/b/borgmatic/borgmatic_2.0.11-2_all.deb,bdb6a3f7c9b0af429586fbec4c0ebd62a858b589cc69f91285d1535be20745ed,universe
ubuntu,bpfilter,0.5.2-1,amd64,bpfilter,0.5.2-1,https://bpfilter.io/,https://bpfilter.io,pool/universe/b/bpfilter/bpfilter_0.5.2-1_amd64.deb,https://archive.ubuntu.com/ubuntu/pool/universe/b/bpfilter/bpfilter_0.5.2-1_amd64.deb,5dc15b7794abbad767fe51a5a7849f594074f8c374aaf9274ad581e05db56077,universe
ubuntu,btrbk,0.32.6-2,all,btrbk,0.32.6-2,https://digint.ch/btrbk/,https://digint.ch/btrbk,pool/universe/b/btrbk/btrbk_0.32.6-2_all.deb,https://archive.ubuntu.com/ubuntu/pool/universe/b/btrbk/btrbk_0.32.6-2_all.deb,df7aaab48853a7361db9c977dfe4109c768f34f61657d7f2fed10c1ca6981806,universe
ubuntu,btrfsd,0.2.2-1build1,amd64,btrfsd,0.2.2-1build1,https://github.com/ximion/btrfsd,https://github.com/ximion/btrfsd,pool/universe/b/btrfsd/btrfsd_0.2.2-1build1_amd64.deb,https://archive.ubuntu.com/ubuntu/pool/universe/b/btrfsd/btrfsd_0.2.2-1build1_amd64.deb,5ee96da96430348fcbc64a4cbbad34695118722e74cb3a3abfa4293c1dc60ee2,universe
ubuntu,btrfsmaintenance,0.5.2-1build1,all,btrfsmaintenance,0.5.2-1build1,https://github.com/kdave/btrfsmaintenance,https://github.com/kdave/btrfsmaintenance,pool/universe/b/btrfsmaintenance/btrfsmaintenance_0.5.2-1build1_all.deb,https://archive.ubuntu.com/ubuntu/pool/universe/b/btrfsmaintenance/btrfsmaintenance_0.5.2-1build1_all.deb,1a02e03b7ccfcc047830e26c0ff3c8949b72db9205b048f80cdfe25571064321,universe
ubuntu,buildbot,4.3.0-1,all,buildbot,4.3.0-1,https://buildbot.net,https://buildbot.net,pool/universe/b/buildbot/buildbot_4.3.0-1_all.deb,https://archive.ubuntu.com/ubuntu/pool/universe/b/buildbot/buildbot_4.3.0-1_all.deb,b1da4b35400e4d23d2bfc1edbeabbe192838c4f3e11ee775f727040ed0928755,universe
ubuntu,buildbot-worker,4.3.0-1,all,buildbot,4.3.0-1,https://buildbot.net,https://buildbot.net,pool/universe/b/buildbot/buildbot-worker_4.3.0-1_all.deb,https://archive.ubuntu.com/ubuntu/pool/universe/b/buildbot/buildbot-worker_4.3.0-1_all.deb,1c2f317b148ebcc07a7a1d2a4103f9f221f78e1bd21e690fc90ad4d4150dee0c,universe
ubuntu,c-icap,1:0.5.10-7build1,amd64,c-icap,1:0.5.10-7build1,http://c-icap.sourceforge.net/,https://c-icap.sourceforge.net,pool/universe/c/c-icap/c-icap_0.5.10-7build1_amd64.deb,https://archive.ubuntu.com/ubuntu/pool/universe/c/c-icap/c-icap_0.5.10-7build1_amd64.deb,29f7b18fc3b6bf7e4163ebed91b15f15024c0aaedb06b37ca71c5552ff49e48c,universe
ubuntu,caddy,2.6.2-14,amd64,caddy,2.6.2-14,https://github.com/caddyserver/caddy,https://github.com/caddyserver/caddy,pool/universe/c/caddy/caddy_2.6.2-14_amd64.deb,https://archive.ubuntu.com/ubuntu/pool/universe/c/caddy/caddy_2.6.2-14_amd64.deb,bbde32d3732a999a447b9479c8b4732225c5627f859fd7d68a3230fafc1281bd,universe
ubuntu,ceph-base,20.2.0-0ubuntu2,amd64,ceph,20.2.0-0ubuntu2,http://ceph.com/,https://ceph.com,pool/main/c/ceph/ceph-base_20.2.0-0ubuntu2_amd64.deb,https://archive.ubuntu.com/ubuntu/pool/main/c/ceph/ceph-base_20.2.0-0ubuntu2_amd64.deb,eb862bebf3d7033128e6213077966a43f8f18e2c33ec1034279097023fbc0da8,main
ubuntu,ceph-common,20.2.0-0ubuntu2,amd64,ceph,20.2.0-0ubuntu2,http://ceph.com/,https://ceph.com,pool/main/c/ceph/ceph-common_20.2.0-0ubuntu2_amd64.deb,https://archive.ubuntu.com/ubuntu/pool/main/c/ceph/ceph-common_20.2.0-0ubuntu2_amd64.deb,b63f04e3068bca02c08a0b0add3b481e529afab72c634bfa96ff01b5df0e8a4c,main
ubuntu,ceph-exporter,20.2.0-0ubuntu2,amd64,ceph,20.2.0-0ubuntu2,http://ceph.com/,https://ceph.com,pool/universe/c/ceph/ceph-exporter_20.2.0-0ubuntu2_amd64.deb,https://archive.ubuntu.com/ubuntu/pool/universe/c/ceph/ceph-exporter_20.2.0-0ubuntu2_amd64.deb,be864da0ae1eb7dc9b5053ebf556bb338432b67f6f4341ea474c7e5d9c788b4f,universe
ubuntu,ceph-fuse,20.2.0-0ubuntu2,amd64,ceph,20.2.0-0ubuntu2,http://ceph.com/,https://ceph.com,pool/universe/c/ceph/ceph-fuse_20.2.0-0ubuntu2_amd64.deb,https://archive.ubuntu.com/ubuntu/pool/universe/c/ceph/ceph-fuse_20.2.0-0ubuntu2_amd64.deb,28a54c4f21abe8a717df59977d80015e3236ee44a2b1b0c596d972967e5d041d,universe
ubuntu,ceph-immutable-object-cache,20.2.0-0ubuntu2,amd64,ceph,20.2.0-0ubuntu2,http://ceph.com/,https://ceph.com,pool/universe/c/ceph/ceph-immutable-object-cache_20.2.0-0ubuntu2_amd64.deb,https://archive.ubuntu.com/ubuntu/pool/universe/c/ceph/ceph-immutable-object-cache_20.2.0-0ubuntu2_amd64.deb,edbe5631f31ee9061d126d5a5541572fef99dc2d5a011926ab961c5df7e18ce0,universe
ubuntu,ceph-mds,20.2.0-0ubuntu2,amd64,ceph,20.2.0-0ubuntu2,http://ceph.com/,https://ceph.com,pool/main/c/ceph/ceph-mds_20.2.0-0ubuntu2_amd64.deb,https://archive.ubuntu.com/ubuntu/pool/main/c/ceph/ceph-mds_20.2.0-0ubuntu2_amd64.deb,bec8911f27e133cc4dcc77939beaa097c63ad4aa8d396bd3059199f98254f08e,main
ubuntu,ceph-mgr,20.2.0-0ubuntu2,amd64,ceph,20.2.0-0ubuntu2,http://ceph.com/,https://ceph.com,pool/main/c/ceph/ceph-mgr_20.2.0-0ubuntu2_amd64.deb,https://archive.ubuntu.com/ubuntu/pool/main/c/ceph/ceph-mgr_20.2.0-0ubuntu2_amd64.deb,86a1b60ad466635b17f280a34f58a500c006e07fe50e68e88442c9a114cd9362,main
ubuntu,ceph-mon,20.2.0-0ubuntu2,amd64,ceph,20.2.0-0ubuntu2,http://ceph.com/,https://ceph.com,pool/main/c/ceph/ceph-mon_20.2.0-0ubuntu2_amd64.deb,https://archive.ubuntu.com/ubuntu/pool/main/c/ceph/ceph-mon_20.2.0-0ubuntu2_amd64.deb,bfb9a1977f3c54a2aae908de90b42ddb8a07417bf14ed3e8b8af9c891dde248d,main
ubuntu,ceph-osd,20.2.0-0ubuntu2,amd64,ceph,20.2.0-0ubuntu2,http://ceph.com/,https://ceph.com,pool/main/c/ceph/ceph-osd_20.2.0-0ubuntu2_amd64.deb,https://archive.ubuntu.com/ubuntu/pool/main/c/ceph/ceph-osd_20.2.0-0ubuntu2_amd64.deb,9494e8c5ff52592af4d2abcc657cee615b47b6311b03ad138d90fef772310e7d,main
ubuntu,ceph-volume,20.2.0-0ubuntu2,all,ceph,20.2.0-0ubuntu2,http://ceph.com/,https://ceph.com,pool/main/c/ceph/ceph-volume_20.2.0-0ubuntu2_all.deb,https://archive.ubuntu.com/ubuntu/pool/main/c/ceph/ceph-volume_20.2.0-0ubuntu2_all.deb,7ff5ea2a0addfd0bcf3292043fb5d007a06d03c76842effb56cb28071f15a31c,main
ubuntu,certbot,4.0.0-4,all,python-certbot,4.0.0-4,https://certbot.eff.org/,https://certbot.eff.org,pool/universe/p/python-certbot/certbot_4.0.0-4_all.deb,https://archive.ubuntu.com/ubuntu/pool/universe/p/python-certbot/certbot_4.0.0-4_all.deb,b201ab3ea38c18e7da0f498dc59332a4d8aa03381edea47082bfe07019565826,universe
ubuntu,certmonger,0.79.21-1,amd64,certmonger,0.79.21-1,https://pagure.io/certmonger/,https://pagure.io/certmonger,pool/universe/c/certmonger/certmonger_0.79.21-1_amd64.deb,https://archive.ubuntu.com/ubuntu/pool/universe/c/certmonger/certmonger_0.79.21-1_amd64.deb,75180fdc2eef1d94f1dfe63703671ed599fe58b654257fb8a792153481ec842e,universe
ubuntu,charon-systemd,6.0.4-1ubuntu2,amd64,strongswan,6.0.4-1ubuntu2,http://www.strongswan.org,https://www.strongswan.org,pool/main/s/strongswan/charon-systemd_6.0.4-1ubuntu2_amd64.deb,https://archive.ubuntu.com/ubuntu/pool/main/s/strongswan/charon-systemd_6.0.4-1ubuntu2_amd64.deb,9c6c1b15e1b8aae7ca96da9481b198f61e245e9dc0ab9f86140dc7da87b70a44,main
ubuntu,chrony,4.8-2ubuntu1,amd64,chrony,4.8-2ubuntu1,https://chrony-project.org,https://chrony-project.org,pool/main/c/chrony/chrony_4.8-2ubuntu1_amd64.deb,https://archive.ubuntu.com/ubuntu/pool/main/c/chrony/chrony_4.8-2ubuntu1_amd64.deb,8f9b022da6acd99a833c75e17a4f22eb0750de88a5e3d9f974855633a5bb62bd,main
ubuntu,ckb-next,0.6.2+dfsg-0.3,amd64,ckb-next,0.6.2+dfsg-0.3,https://github.com/ckb-next/ckb-next,https://github.com/ckb-next/ckb-next,pool/universe/c/ckb-next/ckb-next_0.6.2+dfsg-0.3_amd64.deb,https://archive.ubuntu.com/ubuntu/pool/universe/c/ckb-next/ckb-next_0.6.2+dfsg-0.3_amd64.deb,3dee1615fa9707759f454394d8a3856491f49d80ead223282735c62f5453d9c3,universe
ubuntu,clamav-daemon,1.4.3+dfsg-2ubuntu3,amd64,clamav,1.4.3+dfsg-2ubuntu3,https://www.clamav.net/,https://www.clamav.net,pool/main/c/clamav/clamav-daemon_1.4.3+dfsg-2ubuntu3_amd64.deb,https://archive.ubuntu.com/ubuntu/pool/main/c/clamav/clamav-daemon_1.4.3+dfsg-2ubuntu3_amd64.deb,3c5b118f894d1025201925766ffe238f2342312c1a24f8363ddef8680a5b728f,main
ubuntu,clamav-freshclam,1.4.3+dfsg-2ubuntu3,amd64,clamav,1.4.3+dfsg-2ubuntu3,https://www.clamav.net/,https://www.clamav.net,pool/main/c/clamav/clamav-freshclam_1.4.3+dfsg-2ubuntu3_amd64.deb,https://archive.ubuntu.com/ubuntu/pool/main/c/clamav/clamav-freshclam_1.4.3+dfsg-2ubuntu3_amd64.deb,814e1ebaca2dca66bfe1183b1fed10e526cb15f5473eec9278991b0c01e78eab,main
ubuntu,clatd,2.1.0-3,all,clatd,2.1.0-3,https://github.com/toreanderson/clatd,https://github.com/toreanderson/clatd,pool/universe/c/clatd/clatd_2.1.0-3_all.deb,https://archive.ubuntu.com/ubuntu/pool/universe/c/clatd/clatd_2.1.0-3_all.deb,301ae9eb60fb39eaeb32de3ddfb77271306c7255b1ede1eb18c440f9f900d1bd,universe
ubuntu,clevis-systemd,20-1ubuntu2,amd64,clevis,20-1ubuntu2,https://github.com/latchset/clevis,https://github.com/latchset/clevis,pool/universe/c/clevis/clevis-systemd_20-1ubuntu2_amd64.deb,https://archive.ubuntu.com/ubuntu/pool/universe/c/clevis/clevis-systemd_20-1ubuntu2_amd64.deb,c64b6f1227dbfd9c586fea393dd80a17baa18cfe23a08f053d1bda9b022844e0,universe
ubuntu,cloud-init-base,26.1-0ubuntu2,all,cloud-init,26.1-0ubuntu2,https://cloud-init.io/,https://cloud-init.io,pool/main/c/cloud-init/cloud-init-base_26.1-0ubuntu2_all.deb,https://archive.ubuntu.com/ubuntu/pool/main/c/cloud-init/cloud-init-base_26.1-0ubuntu2_all.deb,a5eb531526ec8c759b45f1fe2cb82bd4bfe50dfbb38b83e3a55921d68737e8b8,main
ubuntu,cockpit-ws,360-1,amd64,cockpit,360-1,https://cockpit-project.org/,https://cockpit-project.org,pool/universe/c/cockpit/cockpit-ws_360-1_amd64.deb,https://archive.ubuntu.com/ubuntu/pool/universe/c/cockpit/cockpit-ws_360-1_amd64.deb,6e628f9c3717cfc6d5f547398fa1a3bbfcc60a5033b672fe05a99da8245136c6,universe
ubuntu,collectd-core,5.12.0-27ubuntu1,amd64,collectd,5.12.0-27ubuntu1,https://collectd.org/,https://collectd.org,pool/universe/c/collectd/collectd-core_5.12.0-27ubuntu1_amd64.deb,https://archive.ubuntu.com/ubuntu/pool/universe/c/collectd/collectd-core_5.12.0-27ubuntu1_amd64.deb,13021cecee6be513633a31f3b5e6866987d5b6a0496cd2500458102e5824d54f,universe
ubuntu,collectl,4.3.20.1-2,all,collectl,4.3.20.1-2,https://github.com/sharkcz/collectl,https://github.com/sharkcz/collectl,pool/universe/c/collectl/collectl_4.3.20.1-2_all.deb,https://archive.ubuntu.com/ubuntu/pool/universe/c/collectl/collectl_4.3.20.1-2_all.deb,d04ea11501d1c5e913744d19a6edf5165745fc5a97746142547a398c23d1c39e,universe
ubuntu,colord,1.4.8-3,amd64,colord,1.4.8-3,https://www.freedesktop.org/software/colord/,https://www.freedesktop.org/software/colord,pool/main/c/colord/colord_1.4.8-3_amd64.deb,https://archive.ubuntu.com/ubuntu/pool/main/c/colord/colord_1.4.8-3_amd64.deb,0bd99a498f6030db7fb85a1cd7e0bf100615dcab2ba6c0c1c4f231279fc68756,main
ubuntu,condor,25.6.1+dfsg-1,amd64,condor,25.6.1+dfsg-1,https://htcondor.org/,https://htcondor.org,pool/universe/c/condor/condor_25.6.1+dfsg-1_amd64.deb,https://archive.ubuntu.com/ubuntu/pool/universe/c/condor/condor_25.6.1+dfsg-1_amd64.deb,ae333fecb5dcc3bde41e9523ffaec68955f7c58e4f8779e0cec991ed27803a89,universe
ubuntu,condor-annex-ec2,25.6.1+dfsg-1,amd64,condor,25.6.1+dfsg-1,https://htcondor.org/,https://htcondor.org,pool/universe/c/condor/condor-annex-ec2_25.6.1+dfsg-1_amd64.deb,https://archive.ubuntu.com/ubuntu/pool/universe/c/condor/condor-annex-ec2_25.6.1+dfsg-1_amd64.deb,f5abd7f47d2a283bb5fd8f8e9f720fa1e3227838454f16c7bbd4b9ea4f27372c,universe
ubuntu,connman,1.45-3,amd64,connman,1.45-3,https://git.kernel.org/pub/scm/network/connman/connman.git,https://git.kernel.org/pub/scm/network/connman/connman,pool/universe/c/connman/connman_1.45-3_amd64.deb,https://archive.ubuntu.com/ubuntu/pool/universe/c/connman/connman_1.45-3_amd64.deb,84bd52b978743446726c0bed7e352fb7f289d66332f8dd989dd107dfed644a2f,universe
ubuntu,connman-vpn,1.45-3,amd64,connman,1.45-3,https://git.kernel.org/pub/scm/network/connman/connman.git,https://git.kernel.org/pub/scm/network/connman/connman,pool/universe/c/connman/connman-vpn_1.45-3_amd64.deb,https://archive.ubuntu.com/ubuntu/pool/universe/c/connman/connman-vpn_1.45-3_amd64.deb,d58e309863164ee4e7509449e6e2119deb35ecf3fed13d8492d0340186e0d0df,universe
ubuntu,conntrackd,1:1.4.9-1,amd64,conntrack-tools,1:1.4.9-1,https://conntrack-tools.netfilter.org/,https://conntrack-tools.netfilter.org,pool/universe/c/conntrack-tools/conntrackd_1.4.9-1_amd64.deb,https://archive.ubuntu.com/ubuntu/pool/universe/c/conntrack-tools/conntrackd_1.4.9-1_amd64.deb,6df134d609071b660b7007b9fd944fe1a092ad918c2cf9c4eaa58d635a73b64e,universe
ubuntu,conserver-server,8.2.7-3.1build1,amd64,conserver,8.2.7-3.1build1,https://www.conserver.com/,https://www.conserver.com,pool/universe/c/conserver/conserver-server_8.2.7-3.1build1_amd64.deb,https://archive.ubuntu.com/ubuntu/pool/universe/c/conserver/conserver-server_8.2.7-3.1build1_amd64.deb,f30c0eb46d8794088eb9c79bb3dde82bb12f4b3c8676b661fbfbe8016e8c9f88,universe
ubuntu,consolation,0.0.10-1build1,amd64,consolation,0.0.10-1build1,https://salsa.debian.org/consolation-team/consolation/,https://salsa.debian.org/consolation-team/consolation,pool/universe/c/consolation/consolation_0.0.10-1build1_amd64.deb,https://archive.ubuntu.com/ubuntu/pool/universe/c/consolation/consolation_0.0.10-1build1_amd64.deb,61064ac303aa4dcfa39870196d35333a290108cb1e34d39852e824dd69c4d287,universe
ubuntu,containerd,2.2.2-0ubuntu1,amd64,containerd-app,2.2.2-0ubuntu1,https://containerd.io,https://containerd.io,pool/main/c/containerd-app/containerd_2.2.2-0ubuntu1_amd64.deb,https://archive.ubuntu.com/ubuntu/pool/main/c/containerd-app/containerd_2.2.2-0ubuntu1_amd64.deb,6323d3854a7d590080e51f2a3efb855d32be49b86f1fd261687acd98f49100ab,main
ubuntu,containerd-stable,2.2.2-0ubuntu1,amd64,containerd-stable,2.2.2-0ubuntu1,https://containerd.io,https://containerd.io,pool/main/c/containerd-stable/containerd-stable_2.2.2-0ubuntu1_amd64.deb,https://archive.ubuntu.com/ubuntu/pool/main/c/containerd-stable/containerd-stable_2.2.2-0ubuntu1_amd64.deb,aeebef1033eec288bab3bedc4e33d515ff00ee86436f438eec45e025b095e828,main
ubuntu,containernetworking-plugins,1.1.1+ds1-3build2,amd64,golang-github-containernetworking-plugins,1.1.1+ds1-3build2,https://github.com/containernetworking/plugins,https://github.com/containernetworking/plugins,pool/universe/g/golang-github-containernetworking-plugins/containernetworking-plugins_1.1.1+ds1-3build2_amd64.deb,https://archive.ubuntu.com/ubuntu/pool/universe/g/golang-github-containernetworking-plugins/containernetworking-plugins_1.1.1+ds1-3build2_amd64.deb,38b2fa4462e05d5abc3c08a54e7399b011a154c64b3d5fc39b571e62a0612631,universe
ubuntu,corosync,3.1.9-2ubuntu3,amd64,corosync,3.1.9-2ubuntu3,https://corosync.github.io/corosync/,https://corosync.github.io/corosync,pool/main/c/corosync/corosync_3.1.9-2ubuntu3_amd64.deb,https://archive.ubuntu.com/ubuntu/pool/main/c/corosync/corosync_3.1.9-2ubuntu3_amd64.deb,8d986d885f39dcbf44f4413e5b2e340546a728371c9fa9f48d1fb09725b311cd,main
ubuntu,corosync-notifyd,3.1.9-2ubuntu3,amd64,corosync,3.1.9-2ubuntu3,https://corosync.github.io/corosync/,https://corosync.github.io/corosync,pool/universe/c/corosync/corosync-notifyd_3.1.9-2ubuntu3_amd64.deb,https://archive.ubuntu.com/ubuntu/pool/universe/c/corosync/corosync-notifyd_3.1.9-2ubuntu3_amd64.deb,c7137126d15b5dfc481e05773c427c363f390a09a813b3288ab92e27590be2e9,universe
ubuntu,corosync-qdevice,3.0.4-1,amd64,corosync-qdevice,3.0.4-1,https://github.com/corosync/corosync-qdevice,https://github.com/corosync/corosync-qdevice,pool/universe/c/corosync-qdevice/corosync-qdevice_3.0.4-1_amd64.deb,https://archive.ubuntu.com/ubuntu/pool/universe/c/corosync-qdevice/corosync-qdevice_3.0.4-1_amd64.deb,d73df875835627e3a5608ae0e0507573967a426ef930fa2d6c21ded6d300ecb1,universe
ubuntu,corosync-qnetd,3.0.4-1,amd64,corosync-qdevice,3.0.4-1,https://github.com/corosync/corosync-qdevice,https://github.com/corosync/corosync-qdevice,pool/universe/c/corosync-qdevice/corosync-qnetd_3.0.4-1_amd64.deb,https://archive.ubuntu.com/ubuntu/pool/universe/c/corosync-qdevice/corosync-qnetd_3.0.4-1_amd64.deb,d8b7d7b5b29790f6e22a9bb0265cf980b00ab77196e2fe56a276f144182ce79e,universe
ubuntu,coturn,4.6.1-2build2,amd64,coturn,4.6.1-2build2,https://github.com/coturn/coturn/,https://github.com/coturn/coturn,pool/universe/c/coturn/coturn_4.6.1-2build2_amd64.deb,https://archive.ubuntu.com/ubuntu/pool/universe/c/coturn/coturn_4.6.1-2build2_amd64.deb,eef2144efb4dc872816506d798f97e69bd3dcaba1a3c64d84ee14f40e6cd7e4a,universe
ubuntu,cronie,1.7.2-4build1,amd64,cronie,1.7.2-4build1,https://github.com/cronie-crond/cronie,https://github.com/cronie-crond/cronie,pool/universe/c/cronie/cronie_1.7.2-4build1_amd64.deb,https://archive.ubuntu.com/ubuntu/pool/universe/c/cronie/cronie_1.7.2-4build1_amd64.deb,b52d8f46299fa6d517141ea8f7ad84081b8c1d969f4678c1c6c05c9c5d4cf635,universe
ubuntu,crossfire-server,1.75.0-9build1,amd64,crossfire,1.75.0-9build1,http://crossfire.real-time.com/,https://crossfire.real-time.com,pool/universe/c/crossfire/crossfire-server_1.75.0-9build1_amd64.deb,https://archive.ubuntu.com/ubuntu/pool/universe/c/crossfire/crossfire-server_1.75.0-9build1_amd64.deb,7fcdf47bfeba0bd07fa8ad4b2d6a5755d68fd7be055a2313d3c821ea212fa413,universe
ubuntu,ctdb,2:4.23.6+dfsg-1ubuntu2,amd64,samba,2:4.23.6+dfsg-1ubuntu2,https://www.samba.org,https://www.samba.org,pool/universe/s/samba/ctdb_4.23.6+dfsg-1ubuntu2_amd64.deb,https://archive.ubuntu.com/ubuntu/pool/universe/s/samba/ctdb_4.23.6+dfsg-1ubuntu2_amd64.deb,9b652181018e44da112117fb34d51f17d1096104f96c0755d621401e41a06e08,universe
ubuntu,cxl,81-1ubuntu1,amd64,ndctl,81-1ubuntu1,https://github.com/pmem/ndctl,https://github.com/pmem/ndctl,pool/main/n/ndctl/cxl_81-1ubuntu1_amd64.deb,https://archive.ubuntu.com/ubuntu/pool/main/n/ndctl/cxl_81-1ubuntu1_amd64.deb,1f09e15c9dbbb063333c37becf5382ce6ddda500e7c3ef856a75c569a63965c4,main
ubuntu,cyrus-common,3.12.1-3,amd64,cyrus-imapd,3.12.1-3,https://www.cyrusimap.org/,https://www.cyrusimap.org,pool/universe/c/cyrus-imapd/cyrus-common_3.12.1-3_amd64.deb,https://archive.ubuntu.com/ubuntu/pool/universe/c/cyrus-imapd/cyrus-common_3.12.1-3_amd64.deb,9a9386bb88436614d847b3d7f686fd104dd1c3be2db0a8731c0022391242f56c,universe
ubuntu,dante-server,1.4.4+dfsg-1build1,amd64,dante,1.4.4+dfsg-1build1,https://www.inet.no/dante/,https://www.inet.no/dante,pool/universe/d/dante/dante-server_1.4.4+dfsg-1build1_amd64.deb,https://archive.ubuntu.com/ubuntu/pool/universe/d/dante/dante-server_1.4.4+dfsg-1build1_amd64.deb,3c279075a53b44867a873ff8b7079052e76c70bd88c46dd6f48322f7831d5ace,universe
ubuntu,darkstat,3.0.722-1,amd64,darkstat,3.0.722-1,https://unix4lyfe.org/darkstat/,https://unix4lyfe.org/darkstat,pool/universe/d/darkstat/darkstat_3.0.722-1_amd64.deb,https://archive.ubuntu.com/ubuntu/pool/universe/d/darkstat/darkstat_3.0.722-1_amd64.deb,b73015a3d7d9b067e96904df7f7181ee84811829370e5fa4bf7715bbd754a960,universe
ubuntu,dbus-broker,37-5,amd64,dbus-broker,37-5,https://github.com/bus1/dbus-broker/,https://github.com/bus1/dbus-broker,pool/universe/d/dbus-broker/dbus-broker_37-5_amd64.deb,https://archive.ubuntu.com/ubuntu/pool/universe/d/dbus-broker/dbus-broker_37-5_amd64.deb,606997a72222b454e0cae1cd44cea7bb6fc11d8979b36461dda2873141773b95,universe
ubuntu,ddccontrol,1.0.3-1build4,amd64,ddccontrol,1.0.3-1build4,https://github.com/ddccontrol/ddccontrol,https://github.com/ddccontrol/ddccontrol,pool/universe/d/ddccontrol/ddccontrol_1.0.3-1build4_amd64.deb,https://archive.ubuntu.com/ubuntu/pool/universe/d/ddccontrol/ddccontrol_1.0.3-1build4_amd64.deb,e88e593653e4f4e639c641a7b435a13526c7cd7f968d3f50be2672420cc26d20,universe
ubuntu,ddclient,3.11.2-2build1,all,ddclient,3.11.2-2build1,https://ddclient.net,https://ddclient.net,pool/universe/d/ddclient/ddclient_3.11.2-2build1_all.deb,https://archive.ubuntu.com/ubuntu/pool/universe/d/ddclient/ddclient_3.11.2-2build1_all.deb,9cf49eb6d3a6eeea7da888712d622733ced81fed6a1f111c66ac592bfb9bacc3,universe
ubuntu,deepin-boot-maker,5.10.0+dfsg2-2build1,amd64,deepin-boot-maker,5.10.0+dfsg2-2build1,https://github.com/linuxdeepin/deepin-boot-maker,https://github.com/linuxdeepin/deepin-boot-maker,pool/universe/d/deepin-boot-maker/deepin-boot-maker_5.10.0+dfsg2-2build1_amd64.deb,https://archive.ubuntu.com/ubuntu/pool/universe/d/deepin-boot-maker/deepin-boot-maker_5.10.0+dfsg2-2build1_amd64.deb,1a7bc28f3a227884fa267f1a26ff1a582009dbc743c1e44b3096784fbb73e90b,universe
ubuntu,deluge-web,2.2.1~dev0+20250824-3,all,deluge,2.2.1~dev0+20250824-3,https://deluge-torrent.org,https://deluge-torrent.org,pool/universe/d/deluge/deluge-web_2.2.1~dev0+20250824-3_all.deb,https://archive.ubuntu.com/ubuntu/pool/universe/d/deluge/deluge-web_2.2.1~dev0+20250824-3_all.deb,bdc410493908b4e8149eba11cda16a229bdeab74484e782494a291eb9f2eeebd,universe
ubuntu,deluged,2.2.1~dev0+20250824-3,all,deluge,2.2.1~dev0+20250824-3,https://deluge-torrent.org,https://deluge-torrent.org,pool/universe/d/deluge/deluged_2.2.1~dev0+20250824-3_all.deb,https://archive.ubuntu.com/ubuntu/pool/universe/d/deluge/deluged_2.2.1~dev0+20250824-3_all.deb,a34ac275cffbfb222eee492199083181f50600461cbcd7db148b6be92366f5ac,universe
ubuntu,dictd,1.13.1+dfsg-1.3,amd64,dictd,1.13.1+dfsg-1.3,https://sourceforge.net/projects/dict/,https://sourceforge.net/projects/dict,pool/main/d/dictd/dictd_1.13.1+dfsg-1.3_amd64.deb,https://archive.ubuntu.com/ubuntu/pool/main/d/dictd/dictd_1.13.1+dfsg-1.3_amd64.deb,a5e259191ce995bf35af59b2d6756a95feea3ad3f8cbed733f93586aa512f6df,main
ubuntu,direwolf,1.8.1+dfsg-2,amd64,direwolf,1.8.1+dfsg-2,https://github.com/wb2osz/direwolf,https://github.com/wb2osz/direwolf,pool/universe/d/direwolf/direwolf_1.8.1+dfsg-2_amd64.deb,https://archive.ubuntu.com/ubuntu/pool/universe/d/direwolf/direwolf_1.8.1+dfsg-2_amd64.deb,88aa7f3382a54322076d7625a784de4db287f29ae0a0aeccf09776aba719e37b,universe
ubuntu,dlm-controld,4.3.0-3build2,amd64,dlm,4.3.0-3build2,https://pagure.io/dlm,https://pagure.io/dlm,pool/universe/d/dlm/dlm-controld_4.3.0-3build2_amd64.deb,https://archive.ubuntu.com/ubuntu/pool/universe/d/dlm/dlm-controld_4.3.0-3build2_amd64.deb,db575ed20619c26d8979f7e18f82de3d029486f8ae2e8614afd8f9dc01cdeee5,universe
ubuntu,dlt-daemon,3.0.0-4,amd64,dlt-daemon,3.0.0-4,https://github.com/COVESA/dlt-daemon,https://github.com/COVESA/dlt-daemon,pool/universe/d/dlt-daemon/dlt-daemon_3.0.0-4_amd64.deb,https://archive.ubuntu.com/ubuntu/pool/universe/d/dlt-daemon/dlt-daemon_3.0.0-4_amd64.deb,1f5c4ae1ff6d4e8ddf4587c3cba3f9a08cd498725bee5241f0e2410a0789801c,universe
ubuntu,dlt-tools,3.0.0-4,amd64,dlt-daemon,3.0.0-4,https://github.com/COVESA/dlt-daemon,https://github.com/COVESA/dlt-daemon,pool/universe/d/dlt-daemon/dlt-tools_3.0.0-4_amd64.deb,https://archive.ubuntu.com/ubuntu/pool/universe/d/dlt-daemon/dlt-tools_3.0.0-4_amd64.deb,fc27a26abd0292746cb3f7691a8a8623b0eb29daa030eb65aa51fcf20e18af62,universe
ubuntu,dmeventd,2:1.02.205-2ubuntu3,amd64,lvm2,2.03.31-2ubuntu3,https://sourceware.org/lvm2/,https://sourceware.org/lvm2,pool/main/l/lvm2/dmeventd_1.02.205-2ubuntu3_amd64.deb,https://archive.ubuntu.com/ubuntu/pool/main/l/lvm2/dmeventd_1.02.205-2ubuntu3_amd64.deb,457caaf1d5b047a56f7a8322028a84acee98aea570dfd2c91a1f2ebaab126bed,main
ubuntu,dnf-plugins-core,4.10.1-5,all,dnf-plugins-core,4.10.1-5,https://github.com/rpm-software-management/dnf-plugins-core,https://github.com/rpm-software-management/dnf-plugins-core,pool/universe/d/dnf-plugins-core/dnf-plugins-core_4.10.1-5_all.deb,https://archive.ubuntu.com/ubuntu/pool/universe/d/dnf-plugins-core/dnf-plugins-core_4.10.1-5_all.deb,6b97bf59feccdf68018e42ba2dadcc96eba1876ad03ae6e7fc3cf4bc676921a4,universe
ubuntu,dnf5-server,5.4.0.0-1,amd64,dnf5,5.4.0.0-1,https://github.com/rpm-software-management/dnf5,https://github.com/rpm-software-management/dnf5,pool/universe/d/dnf5/dnf5-server_5.4.0.0-1_amd64.deb,https://archive.ubuntu.com/ubuntu/pool/universe/d/dnf5/dnf5-server_5.4.0.0-1_amd64.deb,3d35bcdc48ccabea86bf6425af62e46ea4c405526afbde38905076c2a2cce3d3,universe
ubuntu,dnscrypt-proxy,2.1.14+ds1-1,amd64,dnscrypt-proxy,2.1.14+ds1-1,https://github.com/DNSCrypt/dnscrypt-proxy,https://github.com/DNSCrypt/dnscrypt-proxy,pool/universe/d/dnscrypt-proxy/dnscrypt-proxy_2.1.14+ds1-1_amd64.deb,https://archive.ubuntu.com/ubuntu/pool/universe/d/dnscrypt-proxy/dnscrypt-proxy_2.1.14+ds1-1_amd64.deb,6a8fbade644a760ff46e6f01af2c656b2c719641f1186b5177e5a7421d46678b,universe
ubuntu,dnsdist,2.0.2-1build1,amd64,dnsdist,2.0.2-1build1,https://dnsdist.org,https://dnsdist.org,pool/universe/d/dnsdist/dnsdist_2.0.2-1build1_amd64.deb,https://archive.ubuntu.com/ubuntu/pool/universe/d/dnsdist/dnsdist_2.0.2-1build1_amd64.deb,9da4e76af3f6a7750b4208c312fc23342f08ac11b3482a553f54f0b7e1a4c563,universe
ubuntu,dnsmasq,2.92-1,all,dnsmasq,2.92-1,https://www.thekelleys.org.uk/dnsmasq/doc.html,https://www.thekelleys.org.uk/dnsmasq/doc.html,pool/universe/d/dnsmasq/dnsmasq_2.92-1_all.deb,https://archive.ubuntu.com/ubuntu/pool/universe/d/dnsmasq/dnsmasq_2.92-1_all.deb,89e8f72712c464ff496cab3ed761172e3206ab2585c39b49ee2278a608b0b529,universe
ubuntu,dnssec-trigger,0.17+repack-5.3build1,amd64,dnssec-trigger,0.17+repack-5.3build1,https://www.nlnetlabs.nl/projects/dnssec-trigger/,https://www.nlnetlabs.nl/projects/dnssec-trigger,pool/universe/d/dnssec-trigger/dnssec-trigger_0.17+repack-5.3build1_amd64.deb,https://archive.ubuntu.com/ubuntu/pool/universe/d/dnssec-trigger/dnssec-trigger_0.17+repack-5.3build1_amd64.deb,00086d754aaf300808f96037f203e2d927ca8c97318c267434156494c514b6bc,universe
ubuntu,dovecot-core,1:2.4.2+dfsg1-3ubuntu2,amd64,dovecot,1:2.4.2+dfsg1-3ubuntu2,https://dovecot.org/,https://dovecot.org,pool/main/d/dovecot/dovecot-core_2.4.2+dfsg1-3ubuntu2_amd64.deb,https://archive.ubuntu.com/ubuntu/pool/main/d/dovecot/dovecot-core_2.4.2+dfsg1-3ubuntu2_amd64.deb,24a9aef2e23a7d9de097b124218699ca736e62516e49e5f9749089cd51e1a415,main
ubuntu,dracut-core,110-11,amd64,dracut,110-11,https://github.com/dracut-ng/dracut-ng/wiki,https://github.com/dracut-ng/dracut-ng,pool/main/d/dracut/dracut-core_110-11_amd64.deb,https://archive.ubuntu.com/ubuntu/pool/main/d/dracut/dracut-core_110-11_amd64.deb,bf611c595e63cb760086be6b2b6168598e0532475d2d57c8db39952914a6bbc9,main
ubuntu,drbd-utils,9.22.0-1.2build1,amd64,drbd-utils,9.22.0-1.2build1,https://www.drbd.org/,https://www.drbd.org,pool/main/d/drbd-utils/drbd-utils_9.22.0-1.2build1_amd64.deb,https://archive.ubuntu.com/ubuntu/pool/main/d/drbd-utils/drbd-utils_9.22.0-1.2build1_amd64.deb,4eb8fc6fcdab8e615538b93b6e5804e097f3328c8bd3e5e15e6c4ad0b358676e,main
ubuntu,drkonqi,6.6.4-0ubuntu1,amd64,drkonqi,6.6.4-0ubuntu1,https://invent.kde.org/plasma/drkonqi,https://invent.kde.org/plasma/drkonqi,pool/universe/d/drkonqi/drkonqi_6.6.4-0ubuntu1_amd64.deb,https://archive.ubuntu.com/ubuntu/pool/universe/d/drkonqi/drkonqi_6.6.4-0ubuntu1_amd64.deb,e587c64d595224ada73099731a78277a4b905c801d6b1b1233c35ed05a21671c,universe
ubuntu,dropbear,2025.89-1,all,dropbear,2025.89-1,https://matt.ucc.asn.au/dropbear/dropbear.html,https://matt.ucc.asn.au/dropbear/dropbear.html,pool/universe/d/dropbear/dropbear_2025.89-1_all.deb,https://archive.ubuntu.com/ubuntu/pool/universe/d/dropbear/dropbear_2025.89-1_all.deb,720c5284f685b4aef56fa7ab85903b64e5251cfe365fa29d685f5805b0b87b2d,universe
ubuntu,e2fsprogs,1.47.2-3ubuntu4,amd64,e2fsprogs,1.47.2-3ubuntu4,http://e2fsprogs.sourceforge.net,https://e2fsprogs.sourceforge.net,pool/main/e/e2fsprogs/e2fsprogs_1.47.2-3ubuntu4_amd64.deb,https://archive.ubuntu.com/ubuntu/pool/main/e/e2fsprogs/e2fsprogs_1.47.2-3ubuntu4_amd64.deb,a4343a8c026e1ca8e2e76a5d01abb8c2d6381961a1766b2d2363e3e23cc362ca,main
ubuntu,ead,3.10-1ubuntu1,amd64,iwd,3.10-1ubuntu1,https://iwd.wiki.kernel.org/,https://iwd.wiki.kernel.org,pool/universe/i/iwd/ead_3.10-1ubuntu1_amd64.deb,https://archive.ubuntu.com/ubuntu/pool/universe/i/iwd/ead_3.10-1ubuntu1_amd64.deb,be95daf28c9fe1036fa51a120b5bea1d232783dc8662771a38f61dce9137b8c4,universe
ubuntu,earlyoom,1.9.0-1,amd64,earlyoom,1.9.0-1,https://github.com/rfjakob/earlyoom,https://github.com/rfjakob/earlyoom,pool/universe/e/earlyoom/earlyoom_1.9.0-1_amd64.deb,https://archive.ubuntu.com/ubuntu/pool/universe/e/earlyoom/earlyoom_1.9.0-1_amd64.deb,ff31e16592cadf22ebcec2770ee216fd7252c932990cac6b3fec5c6d354458bf,universe
ubuntu,edac-utils,0.18+git16-g8fdc1d4-3,amd64,edac-utils,0.18+git16-g8fdc1d4-3,https://github.com/grondo/edac-utils,https://github.com/grondo/edac-utils,pool/universe/e/edac-utils/edac-utils_0.18+git16-g8fdc1d4-3_amd64.deb,https://archive.ubuntu.com/ubuntu/pool/universe/e/edac-utils/edac-utils_0.18+git16-g8fdc1d4-3_amd64.deb,cee08679af3dfa2935349fc1f0b6189707dcacfb63d6707a7073f4b892d69e47,universe
ubuntu,ejabberd,24.12-4,amd64,ejabberd,24.12-4,https://www.ejabberd.im,https://www.ejabberd.im,pool/universe/e/ejabberd/ejabberd_24.12-4_amd64.deb,https://archive.ubuntu.com/ubuntu/pool/universe/e/ejabberd/ejabberd_24.12-4_amd64.deb,a2d2c0e7aa30bcf8465eb65991277da1e9ed14155d5801eb2d531efb89f4f446,universe
ubuntu,emptty,0.13.0-1build1,amd64,emptty,0.13.0-1build1,https://github.com/tvrzna/emptty,https://github.com/tvrzna/emptty,pool/universe/e/emptty/emptty_0.13.0-1build1_amd64.deb,https://archive.ubuntu.com/ubuntu/pool/universe/e/emptty/emptty_0.13.0-1build1_amd64.deb,53a64e56e3977412610edf1e2c4403b501d94474dc3e0f54b3b103426299e898,universe
ubuntu,endlessh,1.1-5.1build1,amd64,endlessh,1.1-5.1build1,https://github.com/skeeto/endlessh,https://github.com/skeeto/endlessh,pool/universe/e/endlessh/endlessh_1.1-5.1build1_amd64.deb,https://archive.ubuntu.com/ubuntu/pool/universe/e/endlessh/endlessh_1.1-5.1build1_amd64.deb,2f765ca38aea195207f74986b7185fefc2324ca627289c1e277d50bba4ff2a76,universe
ubuntu,erlang-base,1:27.3.4.6+dfsg-1,amd64,erlang,1:27.3.4.6+dfsg-1,http://www.erlang.org/,https://www.erlang.org,pool/main/e/erlang/erlang-base_27.3.4.6+dfsg-1_amd64.deb,https://archive.ubuntu.com/ubuntu/pool/main/e/erlang/erlang-base_27.3.4.6+dfsg-1_amd64.deb,8e7ababa5b1ddbe72e135faa78d15755268dfbb7cdfc25a5a8144f3e2d5754df,main
ubuntu,etckeeper,1.18.23-2build1,all,etckeeper,1.18.23-2build1,https://etckeeper.branchable.com/,https://etckeeper.branchable.com,pool/main/e/etckeeper/etckeeper_1.18.23-2build1_all.deb,https://archive.ubuntu.com/ubuntu/pool/main/e/etckeeper/etckeeper_1.18.23-2build1_all.deb,a2345af61de280a05f8d2bea24901af8f75da783cfc753130a0c2cdc29ea5c81,main
ubuntu,exabgp,5.0.8-1,all,exabgp,5.0.8-1,https://github.com/Exa-Networks/exabgp,https://github.com/Exa-Networks/exabgp,pool/universe/e/exabgp/exabgp_5.0.8-1_all.deb,https://archive.ubuntu.com/ubuntu/pool/universe/e/exabgp/exabgp_5.0.8-1_all.deb,07a89a2b381ca8cb715e863d17af3cc9427cb008121a87f73ed4bf205925e399,universe
ubuntu,exim4-base,4.99.1-1ubuntu1,amd64,exim4,4.99.1-1ubuntu1,https://www.exim.org/,https://www.exim.org,pool/main/e/exim4/exim4-base_4.99.1-1ubuntu1_amd64.deb,https://archive.ubuntu.com/ubuntu/pool/main/e/exim4/exim4-base_4.99.1-1ubuntu1_amd64.deb,1e4e5a2008c43376a7d2bc5a7d628fa1de9c1192fede3a0abfa352720204d601,main
ubuntu,exim4-daemon-heavy,4.99.1-1ubuntu1,amd64,exim4,4.99.1-1ubuntu1,https://www.exim.org/,https://www.exim.org,pool/main/e/exim4/exim4-daemon-heavy_4.99.1-1ubuntu1_amd64.deb,https://archive.ubuntu.com/ubuntu/pool/main/e/exim4/exim4-daemon-heavy_4.99.1-1ubuntu1_amd64.deb,b3c69484e8529e121bfc4b6b8d8b5599551045b259028dde688e869568998ce9,main
ubuntu,exim4-daemon-light,4.99.1-1ubuntu1,amd64,exim4,4.99.1-1ubuntu1,https://www.exim.org/,https://www.exim.org,pool/main/e/exim4/exim4-daemon-light_4.99.1-1ubuntu1_amd64.deb,https://archive.ubuntu.com/ubuntu/pool/main/e/exim4/exim4-daemon-light_4.99.1-1ubuntu1_amd64.deb,865dc82dfe8f89fb0b873b21f65e15ca645c58b778356f81edc00065f6e655b0,main
ubuntu,fail2ban,1.1.0-9,all,fail2ban,1.1.0-9,https://www.fail2ban.org,https://www.fail2ban.org,pool/universe/f/fail2ban/fail2ban_1.1.0-9_all.deb,https://archive.ubuntu.com/ubuntu/pool/universe/f/fail2ban/fail2ban_1.1.0-9_all.deb,d3b55ebf95513cf04692d48e8bafe6e51dea415b30c0543c64ec5ff69030a8b1,universe
ubuntu,fapolicyd,1.3.6-1,amd64,fapolicyd,1.3.6-1,https://github.com/linux-application-whitelisting/fapolicyd,https://github.com/linux-application-whitelisting/fapolicyd,pool/universe/f/fapolicyd/fapolicyd_1.3.6-1_amd64.deb,https://archive.ubuntu.com/ubuntu/pool/universe/f/fapolicyd/fapolicyd_1.3.6-1_amd64.deb,ce405c88c1a03bffb29d8d43906001ddca2d33728b03ba675a015fd61dc2b484,universe
ubuntu,fastnetmon,1.2.8+git20250911-2,amd64,fastnetmon,1.2.8+git20250911-2,https://fastnetmon.com/,https://fastnetmon.com,pool/universe/f/fastnetmon/fastnetmon_1.2.8+git20250911-2_amd64.deb,https://archive.ubuntu.com/ubuntu/pool/universe/f/fastnetmon/fastnetmon_1.2.8+git20250911-2_amd64.deb,d2144d16c1764fe41f2427586d6c6d9e15e2aa76f98fd468660299543a1ccc6f,universe
ubuntu,fcgiwrap,1.1.0-16build3,amd64,fcgiwrap,1.1.0-16build3,https://github.com/gnosek/fcgiwrap,https://github.com/gnosek/fcgiwrap,pool/universe/f/fcgiwrap/fcgiwrap_1.1.0-16build3_amd64.deb,https://archive.ubuntu.com/ubuntu/pool/universe/f/fcgiwrap/fcgiwrap_1.1.0-16build3_amd64.deb,e5802e38f884bc89438332ccd68849a9cd86e55ac466b9c4c2c4733657507c2a,universe
ubuntu,fence-virtd,4.17.0-1ubuntu1,amd64,fence-agents,4.17.0-1ubuntu1,https://github.com/ClusterLabs/fence-agents,https://github.com/ClusterLabs/fence-agents,pool/universe/f/fence-agents/fence-virtd_4.17.0-1ubuntu1_amd64.deb,https://archive.ubuntu.com/ubuntu/pool/universe/f/fence-agents/fence-virtd_4.17.0-1ubuntu1_amd64.deb,66d24f5225009ac23fd57d4bee6b04ce444aafc57adf18570b588bf32813e49d,universe
ubuntu,festival,1:2.5.0-13,amd64,festival,1:2.5.0-13,https://www.cstr.ed.ac.uk/projects/festival/,https://www.cstr.ed.ac.uk/projects/festival,pool/universe/f/festival/festival_2.5.0-13_amd64.deb,https://archive.ubuntu.com/ubuntu/pool/universe/f/festival/festival_2.5.0-13_amd64.deb,a51c9b5ea60cd8c2f09e866204e208be5a0bf76d6979e986aa0086476e7da372,universe
ubuntu,fetch-crl,3.0.23-1build1,all,fetch-crl,3.0.23-1build1,https://wiki.nikhef.nl/grid/FetchCRL3,https://wiki.nikhef.nl/grid/FetchCRL3,pool/universe/f/fetch-crl/fetch-crl_3.0.23-1build1_all.deb,https://archive.ubuntu.com/ubuntu/pool/universe/f/fetch-crl/fetch-crl_3.0.23-1build1_all.deb,39441725903a256c957d2fb4d44becd632463c62d2648ecd8933b2a2929b82ed,universe
ubuntu,firewalld,2.3.1-3,all,firewalld,2.3.1-3,https://www.firewalld.org/,https://www.firewalld.org,pool/universe/f/firewalld/firewalld_2.3.1-3_all.deb,https://archive.ubuntu.com/ubuntu/pool/universe/f/firewalld/firewalld_2.3.1-3_all.deb,bbc01cb1366f586b9b9fe3ee20fad564cb166d9cfafb2f9ebefa020554cf8789,universe
ubuntu,flatpak,1.16.6-1,amd64,flatpak,1.16.6-1,https://flatpak.org/,https://flatpak.org,pool/universe/f/flatpak/flatpak_1.16.6-1_amd64.deb,https://archive.ubuntu.com/ubuntu/pool/universe/f/flatpak/flatpak_1.16.6-1_amd64.deb,277af98ade8a54d05a0eadd8be543a2912d7da53a94623dd88f5593696bb7ecd,universe
ubuntu,foomuuri,0.31-1,all,foomuuri,0.31-1,https://github.com/FoobarOy/foomuuri,https://github.com/FoobarOy/foomuuri,pool/universe/f/foomuuri/foomuuri_0.31-1_all.deb,https://archive.ubuntu.com/ubuntu/pool/universe/f/foomuuri/foomuuri_0.31-1_all.deb,b541a5f7f41908a697528cfa122068fd8f838482c617e78481271ffd4a7fe62e,universe
ubuntu,fprintd,1.94.5-4,amd64,fprintd,1.94.5-4,https://www.freedesktop.org/wiki/Software/fprint/fprintd,https://www.freedesktop.org/wiki/Software/fprint/fprintd,pool/main/f/fprintd/fprintd_1.94.5-4_amd64.deb,https://archive.ubuntu.com/ubuntu/pool/main/f/fprintd/fprintd_1.94.5-4_amd64.deb,52728aed9fa0d1620b24044545482113e75fee59c22acf7fad2fce4f6b631661,main
ubuntu,freeipa-client-epn,4.13.1-1,amd64,freeipa,4.13.1-1,http://www.freeipa.org,https://www.freeipa.org,pool/universe/f/freeipa/freeipa-client-epn_4.13.1-1_amd64.deb,https://archive.ubuntu.com/ubuntu/pool/universe/f/freeipa/freeipa-client-epn_4.13.1-1_amd64.deb,131769316b5afe898fe29cc85712fea951dfb811dadcbfd2fa33d3e741bf3cbc,universe
ubuntu,freeipa-healthcheck,0.16-2build1,all,freeipa-healthcheck,0.16-2build1,https://github.com/freeipa/freeipa-healthcheck,https://github.com/freeipa/freeipa-healthcheck,pool/universe/f/freeipa-healthcheck/freeipa-healthcheck_0.16-2build1_all.deb,https://archive.ubuntu.com/ubuntu/pool/universe/f/freeipa-healthcheck/freeipa-healthcheck_0.16-2build1_all.deb,aa6669eaf3b7bbcbd49d9feeb9cb5ddfb3dc6d54ac4cc860e63c2efb1abea619,universe
ubuntu,freeipmi-bmc-watchdog,1.6.16-1,amd64,freeipmi,1.6.16-1,https://www.gnu.org/software/freeipmi/,https://www.gnu.org/software/freeipmi,pool/universe/f/freeipmi/freeipmi-bmc-watchdog_1.6.16-1_amd64.deb,https://archive.ubuntu.com/ubuntu/pool/universe/f/freeipmi/freeipmi-bmc-watchdog_1.6.16-1_amd64.deb,b3da1fd7bd36fdecc1ef122b87081d56a31469a421ba888f3b77d8ea0520e2b5,universe
ubuntu,freeipmi-ipmidetect,1.6.16-1,amd64,freeipmi,1.6.16-1,https://www.gnu.org/software/freeipmi/,https://www.gnu.org/software/freeipmi,pool/universe/f/freeipmi/freeipmi-ipmidetect_1.6.16-1_amd64.deb,https://archive.ubuntu.com/ubuntu/pool/universe/f/freeipmi/freeipmi-ipmidetect_1.6.16-1_amd64.deb,fa6dd43f23e3b41e4a53e52fd495ce4787faef31038efafd15656c5d095222f8,universe
ubuntu,freeipmi-ipmiseld,1.6.16-1,amd64,freeipmi,1.6.16-1,https://www.gnu.org/software/freeipmi/,https://www.gnu.org/software/freeipmi,pool/universe/f/freeipmi/freeipmi-ipmiseld_1.6.16-1_amd64.deb,https://archive.ubuntu.com/ubuntu/pool/universe/f/freeipmi/freeipmi-ipmiseld_1.6.16-1_amd64.deb,e43d80c7c2661df51f4c8d115a7532fbff67c574ecf6fc93f24793029bd86c35,universe
ubuntu,freeradius,3.2.8+dfsg-1ubuntu2,amd64,freeradius,3.2.8+dfsg-1ubuntu2,http://www.freeradius.org/,https://www.freeradius.org,pool/main/f/freeradius/freeradius_3.2.8+dfsg-1ubuntu2_amd64.deb,https://archive.ubuntu.com/ubuntu/pool/main/f/freeradius/freeradius_3.2.8+dfsg-1ubuntu2_amd64.deb,5b6c6dca2dbc09f98ea54aae7d3b2d9363100c310a8c11230ea7ca717ac4d77a,main
ubuntu,fusioninventory-agent,1:2.6-4,all,fusioninventory-agent,1:2.6-4,https://fusioninventory.org/,https://fusioninventory.org,pool/universe/f/fusioninventory-agent/fusioninventory-agent_2.6-4_all.deb,https://archive.ubuntu.com/ubuntu/pool/universe/f/fusioninventory-agent/fusioninventory-agent_2.6-4_all.deb,36816925d96f8945a53eaf1effc9f36b62d0a46afdebe7e0869356ff157a0650,universe
ubuntu,fwupd,2.1.1-1ubuntu3,amd64,fwupd,2.1.1-1ubuntu3,https://github.com/fwupd/fwupd,https://github.com/fwupd/fwupd,pool/main/f/fwupd/fwupd_2.1.1-1ubuntu3_amd64.deb,https://archive.ubuntu.com/ubuntu/pool/main/f/fwupd/fwupd_2.1.1-1ubuntu3_amd64.deb,020a33f53a56086febae4bac86cccfbd4c6dcfc943c18630e084a06e5239d0e2,main
ubuntu,gammu-smsd,1.42.0-11,amd64,gammu,1.42.0-11,https://wammu.eu/gammu/,https://wammu.eu/gammu,pool/universe/g/gammu/gammu-smsd_1.42.0-11_amd64.deb,https://archive.ubuntu.com/ubuntu/pool/universe/g/gammu/gammu-smsd_1.42.0-11_amd64.deb,d6dbeea03b112083c0b9f067b18e6023d4eac51987c7b32aa25a5db6b9c88b58,universe
ubuntu,gdm3,50.0-0ubuntu1,amd64,gdm3,50.0-0ubuntu1,https://wiki.gnome.org/Projects/GDM/,https://wiki.gnome.org/Projects/GDM,pool/main/g/gdm3/gdm3_50.0-0ubuntu1_amd64.deb,https://archive.ubuntu.com/ubuntu/pool/main/g/gdm3/gdm3_50.0-0ubuntu1_amd64.deb,15b09567f52e63fd2baf752a441c241c2c1d1d4ec1fb74391851b09deb584a5e,main
ubuntu,gdnsd,3.8.3-2.1,amd64,gdnsd,3.8.3-2.1,https://gdnsd.org/,https://gdnsd.org,pool/universe/g/gdnsd/gdnsd_3.8.3-2.1_amd64.deb,https://archive.ubuntu.com/ubuntu/pool/universe/g/gdnsd/gdnsd_3.8.3-2.1_amd64.deb,ad13dafa239a517a0a5d0c66f4a8880979d97d9a4dab2ab523bee61c791a95e4,universe
ubuntu,gerbera,2.4.1+dfsg-1build1,amd64,gerbera,2.4.1+dfsg-1build1,https://gerbera.io/,https://gerbera.io,pool/universe/g/gerbera/gerbera_2.4.1+dfsg-1build1_amd64.deb,https://archive.ubuntu.com/ubuntu/pool/universe/g/gerbera/gerbera_2.4.1+dfsg-1build1_amd64.deb,0171194c496faef0980ba382309af9d7eae2af101434cbf0359ae1725b4d4a9a,universe
ubuntu,gkrellmd,2.5.1-1,amd64,gkrellm,2.5.1-1,https://gkrellm.srcbox.net/,https://gkrellm.srcbox.net,pool/universe/g/gkrellm/gkrellmd_2.5.1-1_amd64.deb,https://archive.ubuntu.com/ubuntu/pool/universe/g/gkrellm/gkrellmd_2.5.1-1_amd64.deb,8f57da2149a14daf614221e0956ed4ed7bca3fa3471af049c3e44575a91ea605,universe
ubuntu,globus-gatekeeper,11.4-3build1,amd64,globus-gatekeeper,11.4-3build1,https://github.com/gridcf/gct/,https://github.com/gridcf/gct,pool/universe/g/globus-gatekeeper/globus-gatekeeper_11.4-3build1_amd64.deb,https://archive.ubuntu.com/ubuntu/pool/universe/g/globus-gatekeeper/globus-gatekeeper_11.4-3build1_amd64.deb,249bce0fb2e78dac2a9c13d0d0c9ec37024ccc3ae2768dc72074549068c469f9,universe
ubuntu,globus-gridftp-server-progs,13.28-1,amd64,globus-gridftp-server,13.28-1,https://github.com/gridcf/gct/,https://github.com/gridcf/gct,pool/universe/g/globus-gridftp-server/globus-gridftp-server-progs_13.28-1_amd64.deb,https://archive.ubuntu.com/ubuntu/pool/universe/g/globus-gridftp-server/globus-gridftp-server-progs_13.28-1_amd64.deb,8cbdbd95580e9f00512097969589f1dfa7c0b9a35f1ed7fa5f54d52df8a419d8,universe
ubuntu,globus-scheduler-event-generator-progs,6.6-1,amd64,globus-scheduler-event-generator,6.6-1,https://github.com/gridcf/gct/,https://github.com/gridcf/gct,pool/universe/g/globus-scheduler-event-generator/globus-scheduler-event-generator-progs_6.6-1_amd64.deb,https://archive.ubuntu.com/ubuntu/pool/universe/g/globus-scheduler-event-generator/globus-scheduler-event-generator-progs_6.6-1_amd64.deb,14699284b82288ba2e346c4e20898dcd02ad65aca673048e8d3f9911955dc805,universe
ubuntu,glusterfs-server,11.2-2,amd64,glusterfs,11.2-2,https://www.gluster.org/,https://www.gluster.org,pool/universe/g/glusterfs/glusterfs-server_11.2-2_amd64.deb,https://archive.ubuntu.com/ubuntu/pool/universe/g/glusterfs/glusterfs-server_11.2-2_amd64.deb,671224a2cef9507b642aa7bc37b55242a57f915d983237e3d5fff3e7dd19e65b,universe
ubuntu,google-guest-agent,20250506.01-0ubuntu2,amd64,google-guest-agent,20250506.01-0ubuntu2,https://github.com/GoogleCloudPlatform/guest-agent,https://github.com/GoogleCloudPlatform/guest-agent,pool/main/g/google-guest-agent/google-guest-agent_20250506.01-0ubuntu2_amd64.deb,https://archive.ubuntu.com/ubuntu/pool/main/g/google-guest-agent/google-guest-agent_20250506.01-0ubuntu2_amd64.deb,9e796b83cdf84cf0f12f8165178b14bf211bcccd690c4761dc69112937f46c09,main
ubuntu,google-osconfig-agent,20251028.00-0ubuntu2,amd64,google-osconfig-agent,20251028.00-0ubuntu2,https://github.com/GoogleCloudPlatform/osconfig,https://github.com/GoogleCloudPlatform/osconfig,pool/main/g/google-osconfig-agent/google-osconfig-agent_20251028.00-0ubuntu2_amd64.deb,https://archive.ubuntu.com/ubuntu/pool/main/g/google-osconfig-agent/google-osconfig-agent_20251028.00-0ubuntu2_amd64.deb,c8049f6db57c627481a5e47f11a37b108bc8127aac17ce9ceba2f27439ef912c,main
ubuntu,graphite-carbon,1.1.10-2build1,all,graphite-carbon,1.1.10-2build1,https://github.com/graphite-project/carbon,https://github.com/graphite-project/carbon,pool/universe/g/graphite-carbon/graphite-carbon_1.1.10-2build1_all.deb,https://archive.ubuntu.com/ubuntu/pool/universe/g/graphite-carbon/graphite-carbon_1.1.10-2build1_all.deb,e9a7bbe196d19503a6a9f3888e46c428d3e84df317f61833a80614263dbe99b8,universe
ubuntu,group-service,1.4.0-4,amd64,group-service,1.4.0-4,https://github.com/zhuyaliang/group-service,https://github.com/zhuyaliang/group-service,pool/universe/g/group-service/group-service_1.4.0-4_amd64.deb,https://archive.ubuntu.com/ubuntu/pool/universe/g/group-service/group-service_1.4.0-4_amd64.deb,757c46e49d1e30949cb45fb861e0969633c84bb7918c5f120eea06fca63fa118,universe
ubuntu,grub2-common,2.14-2ubuntu2,amd64,grub2,2.14-2ubuntu2,https://www.gnu.org/software/grub/,https://www.gnu.org/software/grub,pool/main/g/grub2/grub2-common_2.14-2ubuntu2_amd64.deb,https://archive.ubuntu.com/ubuntu/pool/main/g/grub2/grub2-common_2.14-2ubuntu2_amd64.deb,0c6a19f9374df2655aa1cf3dd75bea47dc9503965056adffac507c36110faf71,main
ubuntu,gssproxy,0.9.2-4,amd64,gssproxy,0.9.2-4,https://github.com/gssapi/gssproxy/,https://github.com/gssapi/gssproxy,pool/universe/g/gssproxy/gssproxy_0.9.2-4_amd64.deb,https://archive.ubuntu.com/ubuntu/pool/universe/g/gssproxy/gssproxy_0.9.2-4_amd64.deb,2421b48859ac10bc0dfe158c91358115e63b4bb8d83319b7731a96d992242d01,universe
ubuntu,haproxy,3.2.9-1ubuntu2,amd64,haproxy,3.2.9-1ubuntu2,http://www.haproxy.org/,https://www.haproxy.org,pool/main/h/haproxy/haproxy_3.2.9-1ubuntu2_amd64.deb,https://archive.ubuntu.com/ubuntu/pool/main/h/haproxy/haproxy_3.2.9-1ubuntu2_amd64.deb,d4bf3f7f1337901d792945a6c5cd518cc42f468eb30029b35fedb4fa89eb4ae8,main
ubuntu,hardinfo2,2.2.16-1,amd64,hardinfo,2.2.16-1,https://github.com/hardinfo2/hardinfo2,https://github.com/hardinfo2/hardinfo2,pool/universe/h/hardinfo/hardinfo2_2.2.16-1_amd64.deb,https://archive.ubuntu.com/ubuntu/pool/universe/h/hardinfo/hardinfo2_2.2.16-1_amd64.deb,6b992585a2f2fc390c71058a7d3743553f3184549cea5c64c2d016b1ea541ddc,universe
ubuntu,hdapsd,1:20250908-1build1,amd64,hdapsd,1:20250908-1build1,https://github.com/evgeni/hdapsd,https://github.com/evgeni/hdapsd,pool/universe/h/hdapsd/hdapsd_20250908-1build1_amd64.deb,https://archive.ubuntu.com/ubuntu/pool/universe/h/hdapsd/hdapsd_20250908-1build1_amd64.deb,b05761a78b69c43880cb48bcabeaac8ee71b27b15a74a5dd4be01ea06d6570a9,universe
ubuntu,hitch,1.8.0-1build1,amd64,hitch,1.8.0-1build1,https://hitch-tls.org/,https://hitch-tls.org,pool/universe/h/hitch/hitch_1.8.0-1build1_amd64.deb,https://archive.ubuntu.com/ubuntu/pool/universe/h/hitch/hitch_1.8.0-1build1_amd64.deb,b9caabad6334133d8d11dcf2d46468a87b7ec1d1edd50f7b5bdb2752c006ec26,universe
ubuntu,hostapd,2:2.11-0ubuntu5,amd64,wpa,2:2.11-0ubuntu5,https://w1.fi/wpa_supplicant/,https://w1.fi/wpa_supplicant,pool/universe/w/wpa/hostapd_2.11-0ubuntu5_amd64.deb,https://archive.ubuntu.com/ubuntu/pool/universe/w/wpa/hostapd_2.11-0ubuntu5_amd64.deb,2278893d661a58313e6fbff0e9578e91db001ea4e0df1022b3ec3b9afeeba579,universe
ubuntu,i2pd,2.59.0-1,amd64,i2pd,2.59.0-1,https://i2pd.website,https://i2pd.website,pool/universe/i/i2pd/i2pd_2.59.0-1_amd64.deb,https://archive.ubuntu.com/ubuntu/pool/universe/i/i2pd/i2pd_2.59.0-1_amd64.deb,dba7a03234a14bf844e453d7c4d83b8bbf3d615d27012c818b216871a9451a53,universe
ubuntu,ibacm,61.0-2ubuntu3,amd64,rdma-core,61.0-2ubuntu3,https://github.com/linux-rdma/rdma-core,https://github.com/linux-rdma/rdma-core,pool/universe/r/rdma-core/ibacm_61.0-2ubuntu3_amd64.deb,https://archive.ubuntu.com/ubuntu/pool/universe/r/rdma-core/ibacm_61.0-2ubuntu3_amd64.deb,699ea3ca3b5be77214d3c138d039405968d70b5342435e280000e92e9ec7e9f3,universe
ubuntu,iio-sensor-proxy,3.8-1,amd64,iio-sensor-proxy,3.8-1,https://gitlab.freedesktop.org/hadess/iio-sensor-proxy,https://gitlab.freedesktop.org/hadess/iio-sensor-proxy,pool/main/i/iio-sensor-proxy/iio-sensor-proxy_3.8-1_amd64.deb,https://archive.ubuntu.com/ubuntu/pool/main/i/iio-sensor-proxy/iio-sensor-proxy_3.8-1_amd64.deb,73b84bd1bb96ab4874d86e2818c3e0a992e8071a959c86650255c2160ea7e074,main
ubuntu,iiod,0.26-2build2,amd64,libiio,0.26-2build2,https://github.com/analogdevicesinc/libiio,https://github.com/analogdevicesinc/libiio,pool/universe/libi/libiio/iiod_0.26-2build2_amd64.deb,https://archive.ubuntu.com/ubuntu/pool/universe/libi/libiio/iiod_0.26-2build2_amd64.deb,23c1a1c26ae73ff19bd001a922295bf9787fe0dd9057519b7ea55a9af01e526e,universe
ubuntu,imapproxy,1.2.8~svn20171105-2.1,amd64,up-imapproxy,1.2.8~svn20171105-2.1,http://www.imapproxy.org,https://www.imapproxy.org,pool/universe/u/up-imapproxy/imapproxy_1.2.8~svn20171105-2.1_amd64.deb,https://archive.ubuntu.com/ubuntu/pool/universe/u/up-imapproxy/imapproxy_1.2.8~svn20171105-2.1_amd64.deb,bce4d550e568c7603e2f0eed1e6d7d559805e3d9627da4d9fa27ca43a94c0a06,universe
ubuntu,incron,0.5.12-4build1,amd64,incron,0.5.12-4build1,https://github.com/ar-/incron,https://github.com/ar-/incron,pool/universe/i/incron/incron_0.5.12-4build1_amd64.deb,https://archive.ubuntu.com/ubuntu/pool/universe/i/incron/incron_0.5.12-4build1_amd64.deb,a12bf879ac48b1442c2d900bcf5934ee50939187dcc797eddb20c73e350909d2,universe
ubuntu,incus-agent,6.0.5-8,amd64,incus,6.0.5-8,https://linuxcontainers.org/incus/,https://linuxcontainers.org/incus,pool/universe/i/incus/incus-agent_6.0.5-8_amd64.deb,https://archive.ubuntu.com/ubuntu/pool/universe/i/incus/incus-agent_6.0.5-8_amd64.deb,fd1b47f6ca921bf7b0bc1c961155748ff6f986de28139fcf2160c86a8b1d9ddd,universe
ubuntu,incus-base,6.0.5-8,amd64,incus,6.0.5-8,https://linuxcontainers.org/incus/,https://linuxcontainers.org/incus,pool/universe/i/incus/incus-base_6.0.5-8_amd64.deb,https://archive.ubuntu.com/ubuntu/pool/universe/i/incus/incus-base_6.0.5-8_amd64.deb,a670c9fb3ce5381455080dec5f916d3b20c6d2746721b9bd006346496530485a,universe
ubuntu,inetutils-inetd,2:2.7-2ubuntu1,amd64,inetutils,2:2.7-2ubuntu1,https://www.gnu.org/software/inetutils/,https://www.gnu.org/software/inetutils,pool/universe/i/inetutils/inetutils-inetd_2.7-2ubuntu1_amd64.deb,https://archive.ubuntu.com/ubuntu/pool/universe/i/inetutils/inetutils-inetd_2.7-2ubuntu1_amd64.deb,a698f8794bf5a8fcc650ca9bdf6a61a4ff7cc6c37ea4d33151d9fe99368773ff,universe
ubuntu,inetutils-syslogd,2:2.7-2ubuntu1,amd64,inetutils,2:2.7-2ubuntu1,https://www.gnu.org/software/inetutils/,https://www.gnu.org/software/inetutils,pool/universe/i/inetutils/inetutils-syslogd_2.7-2ubuntu1_amd64.deb,https://archive.ubuntu.com/ubuntu/pool/universe/i/inetutils/inetutils-syslogd_2.7-2ubuntu1_amd64.deb,cc808e4f1b6f33d33c475181e109438d6ae7c5b148a1a49e29416a30299ff0a4,universe
ubuntu,inn2,2.7.4~20250809-1build1,amd64,inn2,2.7.4~20250809-1build1,https://www.eyrie.org/~eagle/software/inn/,https://www.eyrie.org/~eagle/software/inn,pool/universe/i/inn2/inn2_2.7.4~20250809-1build1_amd64.deb,https://archive.ubuntu.com/ubuntu/pool/universe/i/inn2/inn2_2.7.4~20250809-1build1_amd64.deb,2d4329a27da8acc4d929daa8f45473a328f15e3b9377a1880cf0eda2a8ae8f0f,universe
ubuntu,input-remapper-daemon,2.2.0-1,all,input-remapper,2.2.0-1,https://github.com/sezanzeb/input-remapper,https://github.com/sezanzeb/input-remapper,pool/universe/i/input-remapper/input-remapper-daemon_2.2.0-1_all.deb,https://archive.ubuntu.com/ubuntu/pool/universe/i/input-remapper/input-remapper-daemon_2.2.0-1_all.deb,66f4c6ab29a2e6fdf1f31e24f29544b135a52f07ee93ec5f59c4499190b7e414,universe
ubuntu,intel-lpmd,0.1.0-1,amd64,intel-lpmd,0.1.0-1,https://github.com/intel/intel-lpmd,https://github.com/intel/intel-lpmd,pool/universe/i/intel-lpmd/intel-lpmd_0.1.0-1_amd64.deb,https://archive.ubuntu.com/ubuntu/pool/universe/i/intel-lpmd/intel-lpmd_0.1.0-1_amd64.deb,f73157f56b558c09bd4b1f0cc7bc990ca61b6e737fed6dfbc17ed343ce40414f,universe
ubuntu,interception-tools,0.6.8-3.1,amd64,interception-tools,0.6.8-3.1,https://gitlab.com/interception/linux/tools,https://gitlab.com/interception/linux/tools,pool/universe/i/interception-tools/interception-tools_0.6.8-3.1_amd64.deb,https://archive.ubuntu.com/ubuntu/pool/universe/i/interception-tools/interception-tools_0.6.8-3.1_amd64.deb,577bc66039f72641ec5855f3a7242a8439a94cec83c2ea8ea60c01eecebc6ec1,universe
ubuntu,iodine,0.7.0-12,amd64,iodine,0.7.0-12,https://code.kryo.se/iodine,https://code.kryo.se/iodine,pool/universe/i/iodine/iodine_0.7.0-12_amd64.deb,https://archive.ubuntu.com/ubuntu/pool/universe/i/iodine/iodine_0.7.0-12_amd64.deb,283ed3156e062e943474467a62cdde26184e41a0ae53bd2361ceccfe86e71249,universe
ubuntu,ipp-usb,0.9.31-1,amd64,ipp-usb,0.9.31-1,https://github.com/OpenPrinting/ipp-usb,https://github.com/OpenPrinting/ipp-usb,pool/main/i/ipp-usb/ipp-usb_0.9.31-1_amd64.deb,https://archive.ubuntu.com/ubuntu/pool/main/i/ipp-usb/ipp-usb_0.9.31-1_amd64.deb,e2619fada03a5061350c82db7a45be95ee5837029f8a1b7272adf4fa5398850a,main
ubuntu,irqbalance,1.9.4-3,amd64,irqbalance,1.9.4-3,https://github.com/Irqbalance/irqbalance,https://github.com/Irqbalance/irqbalance,pool/main/i/irqbalance/irqbalance_1.9.4-3_amd64.deb,https://archive.ubuntu.com/ubuntu/pool/main/i/irqbalance/irqbalance_1.9.4-3_amd64.deb,63a7e55a0ae01e437780ea77f16441c699a4e8596d46a9e0682ea4feb5dbf358,main
ubuntu,iscsiuio,2.1.11-3ubuntu3,amd64,open-iscsi,2.1.11-3ubuntu3,https://www.open-iscsi.com/,https://www.open-iscsi.com,pool/universe/o/open-iscsi/iscsiuio_2.1.11-3ubuntu3_amd64.deb,https://archive.ubuntu.com/ubuntu/pool/universe/o/open-iscsi/iscsiuio_2.1.11-3ubuntu3_amd64.deb,134c01d03374a3e6be323e5abe100173f1881fcde25d32acea239b6c1e64ad22,universe
ubuntu,iwd,3.10-1ubuntu1,amd64,iwd,3.10-1ubuntu1,https://iwd.wiki.kernel.org/,https://iwd.wiki.kernel.org,pool/universe/i/iwd/iwd_3.10-1ubuntu1_amd64.deb,https://archive.ubuntu.com/ubuntu/pool/universe/i/iwd/iwd_3.10-1ubuntu1_amd64.deb,9df6ecde1775637c336b23a05d0fdbe073435a50f388974e6f8535265e123bc4,universe
ubuntu,jabberd2,2.7.0-8ubuntu3,amd64,jabberd2,2.7.0-8ubuntu3,https://jabberd2.org/,https://jabberd2.org,pool/universe/j/jabberd2/jabberd2_2.7.0-8ubuntu3_amd64.deb,https://archive.ubuntu.com/ubuntu/pool/universe/j/jabberd2/jabberd2_2.7.0-8ubuntu3_amd64.deb,ad1edd0e887f5151b2e6826058ad0f795301113f5be3b977c2a8feedbedf2200,universe
ubuntu,janus,1.1.2-4,amd64,janus,1.1.2-4,https://janus.conf.meetecho.com,https://janus.conf.meetecho.com,pool/universe/j/janus/janus_1.1.2-4_amd64.deb,https://archive.ubuntu.com/ubuntu/pool/universe/j/janus/janus_1.1.2-4_amd64.deb,3917864cf7d8aaca9ece9509b4753e49f70785c6400662eaa28661e8111b617b,universe
ubuntu,kafs-client,0.5-5build1,amd64,kafs-client,0.5-5build1,https://www.infradead.org/~dhowells/kafs/,https://www.infradead.org/~dhowells/kafs,pool/universe/k/kafs-client/kafs-client_0.5-5build1_amd64.deb,https://archive.ubuntu.com/ubuntu/pool/universe/k/kafs-client/kafs-client_0.5-5build1_amd64.deb,6115b362613a9d037b82a27a9da564c12ccc883204199e579427fa679325b31a,universe
ubuntu,kea-ctrl-agent,3.0.3-1,amd64,isc-kea,3.0.3-1,http://kea.isc.org/,https://kea.isc.org,pool/main/i/isc-kea/kea-ctrl-agent_3.0.3-1_amd64.deb,https://archive.ubuntu.com/ubuntu/pool/main/i/isc-kea/kea-ctrl-agent_3.0.3-1_amd64.deb,8df7224a21ba3427705f2c7c132e11d66db2a8e9d30915b24b4dffe0f615e729,main
ubuntu,kea-dhcp-ddns-server,3.0.3-1,amd64,isc-kea,3.0.3-1,http://kea.isc.org/,https://kea.isc.org,pool/main/i/isc-kea/kea-dhcp-ddns-server_3.0.3-1_amd64.deb,https://archive.ubuntu.com/ubuntu/pool/main/i/isc-kea/kea-dhcp-ddns-server_3.0.3-1_amd64.deb,37d5bbf7819e0411f0100f8ef9f4e733f2b730c6dd53e8070654d415582222c3,main
ubuntu,kea-dhcp4-server,3.0.3-1,amd64,isc-kea,3.0.3-1,http://kea.isc.org/,https://kea.isc.org,pool/main/i/isc-kea/kea-dhcp4-server_3.0.3-1_amd64.deb,https://archive.ubuntu.com/ubuntu/pool/main/i/isc-kea/kea-dhcp4-server_3.0.3-1_amd64.deb,2f4ee4e8c8ce80a450ad4e5987fa81dc5612fe5f39c03164a9a1701837ca0fd3,main
ubuntu,kea-dhcp6-server,3.0.3-1,amd64,isc-kea,3.0.3-1,http://kea.isc.org/,https://kea.isc.org,pool/main/i/isc-kea/kea-dhcp6-server_3.0.3-1_amd64.deb,https://archive.ubuntu.com/ubuntu/pool/main/i/isc-kea/kea-dhcp6-server_3.0.3-1_amd64.deb,b25715c286c33329a78470d73ad46b5536ef1454aca6bc3226781c338d71873b,main
ubuntu,keyd,2.5.0-5,amd64,keyd,2.5.0-5,https://github.com/rvaiya/keyd,https://github.com/rvaiya/keyd,pool/universe/k/keyd/keyd_2.5.0-5_amd64.deb,https://archive.ubuntu.com/ubuntu/pool/universe/k/keyd/keyd_2.5.0-5_amd64.deb,f9d60438bf543c9edfc6b630771644fc339b938b1f4eb8e652f203b659fa0ee7,universe
ubuntu,kmscon,9.3.2-1,amd64,kmscon,9.3.2-1,https://github.com/kmscon/kmscon,https://github.com/kmscon/kmscon,pool/universe/k/kmscon/kmscon_9.3.2-1_amd64.deb,https://archive.ubuntu.com/ubuntu/pool/universe/k/kmscon/kmscon_9.3.2-1_amd64.deb,20b44a364923cafbb3b893a8e1e05841f1ce9addb20fd8b32b1c0682b4afd4ee,universe
ubuntu,knockd,0.8-2build3,amd64,knockd,0.8-2build3,http://www.zeroflux.org/projects/knock,https://www.zeroflux.org/projects/knock,pool/universe/k/knockd/knockd_0.8-2build3_amd64.deb,https://archive.ubuntu.com/ubuntu/pool/universe/k/knockd/knockd_0.8-2build3_amd64.deb,16bfc3a07f916166eeb9ff987ce7a1a6d19cbf02848e7260d872016bb352a083,universe
ubuntu,knot,3.5.3-2,amd64,knot,3.5.3-2,https://www.knot-dns.cz/,https://www.knot-dns.cz,pool/universe/k/knot/knot_3.5.3-2_amd64.deb,https://archive.ubuntu.com/ubuntu/pool/universe/k/knot/knot_3.5.3-2_amd64.deb,c2d366443a150fede95bcd1f9ff863897c5ab35651af13080263038ee4afcad0,universe
ubuntu,knot-resolver6,6.2.0-2,amd64,knot-resolver,6.2.0-2,https://www.knot-resolver.cz/,https://www.knot-resolver.cz,pool/universe/k/knot-resolver/knot-resolver6_6.2.0-2_amd64.deb,https://archive.ubuntu.com/ubuntu/pool/universe/k/knot-resolver/knot-resolver6_6.2.0-2_amd64.deb,285a14bddfacceffb4d530ec878692cfb9774f9004bc267ae92c9fd8f8fc6c0a,universe
ubuntu,krb5-admin-server,1.22.1-2ubuntu4,amd64,krb5,1.22.1-2ubuntu4,https://web.mit.edu/kerberos/,https://web.mit.edu/kerberos,pool/universe/k/krb5/krb5-admin-server_1.22.1-2ubuntu4_amd64.deb,https://archive.ubuntu.com/ubuntu/pool/universe/k/krb5/krb5-admin-server_1.22.1-2ubuntu4_amd64.deb,019288a757fbe69a67cb5a6275a2e169c241a044c40f56708cd541287e59e59d,universe
ubuntu,krb5-kdc,1.22.1-2ubuntu4,amd64,krb5,1.22.1-2ubuntu4,https://web.mit.edu/kerberos/,https://web.mit.edu/kerberos,pool/universe/k/krb5/krb5-kdc_1.22.1-2ubuntu4_amd64.deb,https://archive.ubuntu.com/ubuntu/pool/universe/k/krb5/krb5-kdc_1.22.1-2ubuntu4_amd64.deb,79e3b31d8ebfc718711733ba3f94bca99a685602473c4a51d44fee7a8140e2ad,universe
ubuntu,krb5-kdc-ldap,1.22.1-2ubuntu4,amd64,krb5,1.22.1-2ubuntu4,https://web.mit.edu/kerberos/,https://web.mit.edu/kerberos,pool/universe/k/krb5/krb5-kdc-ldap_1.22.1-2ubuntu4_amd64.deb,https://archive.ubuntu.com/ubuntu/pool/universe/k/krb5/krb5-kdc-ldap_1.22.1-2ubuntu4_amd64.deb,9703a12aeb0e291014f297fd5a570da50afdff3605cfb0669e803b232cb7e553,universe
ubuntu,krb5-kpropd,1.22.1-2ubuntu4,amd64,krb5,1.22.1-2ubuntu4,https://web.mit.edu/kerberos/,https://web.mit.edu/kerberos,pool/universe/k/krb5/krb5-kpropd_1.22.1-2ubuntu4_amd64.deb,https://archive.ubuntu.com/ubuntu/pool/universe/k/krb5/krb5-kpropd_1.22.1-2ubuntu4_amd64.deb,1f052fd52fa367abc1126944e798a77acce878462aaa7dbad0e78d95246d9c94,universe
ubuntu,ksmtuned,4.20150326+nn-1,amd64,ksmtuned,4.20150326+nn-1,https://github.com/ksmtuned/ksmtuned,https://github.com/ksmtuned/ksmtuned,pool/universe/k/ksmtuned/ksmtuned_4.20150326+nn-1_amd64.deb,https://archive.ubuntu.com/ubuntu/pool/universe/k/ksmtuned/ksmtuned_4.20150326+nn-1_amd64.deb,551ddce54f6d2a745783b0eb93330fba1450dd0db21b854084c29ce7ad0abbe5,universe
ubuntu,ktls-utils,1.3.0-2,amd64,ktls-utils,1.3.0-2,https://github.com/oracle/ktls-utils,https://github.com/oracle/ktls-utils,pool/universe/k/ktls-utils/ktls-utils_1.3.0-2_amd64.deb,https://archive.ubuntu.com/ubuntu/pool/universe/k/ktls-utils/ktls-utils_1.3.0-2_amd64.deb,b7a8ddd88c2ff9477a65d8e47dce7dc5cd5ced9e9b7c2823744f00291ee1a854,universe
ubuntu,ld10k1,1.2.15-1,amd64,alsa-tools,1.2.15-1,https://www.alsa-project.org/,https://www.alsa-project.org,pool/universe/a/alsa-tools/ld10k1_1.2.15-1_amd64.deb,https://archive.ubuntu.com/ubuntu/pool/universe/a/alsa-tools/ld10k1_1.2.15-1_amd64.deb,52a0cff32a36b271cb75c9d9683fa2b597a325f12585f7464ca662d47110ca97,universe
ubuntu,ldirectord,1:4.17.0-1ubuntu2,all,resource-agents,1:4.17.0-1ubuntu2,https://github.com/ClusterLabs/resource-agents,https://github.com/ClusterLabs/resource-agents,pool/universe/r/resource-agents/ldirectord_4.17.0-1ubuntu2_all.deb,https://archive.ubuntu.com/ubuntu/pool/universe/r/resource-agents/ldirectord_4.17.0-1ubuntu2_all.deb,01085f0e476d556bfd02cbc65fd4d8faf477a09ccdda8c1e3a47e0ffb429d27a,universe
ubuntu,ledmon,0.97-1.2build1,amd64,ledmon,0.97-1.2build1,https://github.com/intel/ledmon,https://github.com/intel/ledmon,pool/universe/l/ledmon/ledmon_0.97-1.2build1_amd64.deb,https://archive.ubuntu.com/ubuntu/pool/universe/l/ledmon/ledmon_0.97-1.2build1_amd64.deb,f083548f85a878cee4b85fc8d078c7893e72c4cf0affff35df79888ab21c51b6,universe
ubuntu,legacy-printer-app,1.0~b2-0ubuntu8,amd64,pappl-retrofit,1.0~b2-0ubuntu8,https://github.com/OpenPrinting/pappl-retrofit/,https://github.com/OpenPrinting/pappl-retrofit,pool/universe/p/pappl-retrofit/legacy-printer-app_1.0~b2-0ubuntu8_amd64.deb,https://archive.ubuntu.com/ubuntu/pool/universe/p/pappl-retrofit/legacy-printer-app_1.0~b2-0ubuntu8_amd64.deb,10d2bf82f3ef08ef19f48a9e4dc11bf107bed1d706d68ebe268542f919dfd79d,universe
ubuntu,lemonldap-ng-fastcgi-server,2.22.2+ds-1,all,lemonldap-ng,2.22.2+ds-1,https://lemonldap-ng.org/,https://lemonldap-ng.org,pool/universe/l/lemonldap-ng/lemonldap-ng-fastcgi-server_2.22.2+ds-1_all.deb,https://archive.ubuntu.com/ubuntu/pool/universe/l/lemonldap-ng/lemonldap-ng-fastcgi-server_2.22.2+ds-1_all.deb,4f3069435b213a7b9fe2755793e673d3eeef92b3d919919bce2c0481ec5a5c18,universe
ubuntu,liblemonldap-ng-handler-perl,2.22.2+ds-1,all,lemonldap-ng,2.22.2+ds-1,https://lemonldap-ng.org/,https://lemonldap-ng.org,pool/universe/l/lemonldap-ng/liblemonldap-ng-handler-perl_2.22.2+ds-1_all.deb,https://archive.ubuntu.com/ubuntu/pool/universe/l/lemonldap-ng/liblemonldap-ng-handler-perl_2.22.2+ds-1_all.deb,23fb59424231d6a13e0e7351456e3d7397b5cfe653ea6d05ae2787d602db0e4f,universe
ubuntu,liblemonldap-ng-portal-perl,2.22.2+ds-1,all,lemonldap-ng,2.22.2+ds-1,https://lemonldap-ng.org/,https://lemonldap-ng.org,pool/universe/l/lemonldap-ng/liblemonldap-ng-portal-perl_2.22.2+ds-1_all.deb,https://archive.ubuntu.com/ubuntu/pool/universe/l/lemonldap-ng/liblemonldap-ng-portal-perl_2.22.2+ds-1_all.deb,35608dba8f76651cd76aaf531c5a0c1beae8735acb9e4871a9b08fa405691262,universe
ubuntu,libpam-modules-bin,1.7.0-5ubuntu3,amd64,pam,1.7.0-5ubuntu3,http://www.linux-pam.org/,https://www.linux-pam.org,pool/main/p/pam/libpam-modules-bin_1.7.0-5ubuntu3_amd64.deb,https://archive.ubuntu.com/ubuntu/pool/main/p/pam/libpam-modules-bin_1.7.0-5ubuntu3_amd64.deb,18cfdce1831fb38878a9987cacd02b1a69ea7bda545f6e8eb737742defcd24b5,main
ubuntu,libreswan,5.2-2.2ubuntu2,amd64,libreswan,5.2-2.2ubuntu2,https://libreswan.org/,https://libreswan.org,pool/universe/libr/libreswan/libreswan_5.2-2.2ubuntu2_amd64.deb,https://archive.ubuntu.com/ubuntu/pool/universe/libr/libreswan/libreswan_5.2-2.2ubuntu2_amd64.deb,3f421c1dac605ce56c6d555a9f6cd5f61f011410456c38d27262823a96df531b,universe
ubuntu,libvirt-daemon-common,12.0.0-1ubuntu5,amd64,libvirt,12.0.0-1ubuntu5,https://libvirt.org/,https://libvirt.org,pool/main/libv/libvirt/libvirt-daemon-common_12.0.0-1ubuntu5_amd64.deb,https://archive.ubuntu.com/ubuntu/pool/main/libv/libvirt/libvirt-daemon-common_12.0.0-1ubuntu5_amd64.deb,871e782c08fd20c84f4824e9b10611f68a0b4da865774bc00e5887bf6436f452,main
ubuntu,libvirt-daemon-common-hwe,12.0.0-1ubuntu5,amd64,libvirt-hwe,12.0.0-1ubuntu5,https://libvirt.org/,https://libvirt.org,pool/main/libv/libvirt-hwe/libvirt-daemon-common-hwe_12.0.0-1ubuntu5_amd64.deb,https://archive.ubuntu.com/ubuntu/pool/main/libv/libvirt-hwe/libvirt-daemon-common-hwe_12.0.0-1ubuntu5_amd64.deb,0fd65a3a9933d132928362731a30e9b012d18ac22a5c1ca5066d3b716cf958f0,main
ubuntu,lighttpd,1.4.82-2ubuntu2,amd64,lighttpd,1.4.82-2ubuntu2,https://www.lighttpd.net/,https://www.lighttpd.net,pool/universe/l/lighttpd/lighttpd_1.4.82-2ubuntu2_amd64.deb,https://archive.ubuntu.com/ubuntu/pool/universe/l/lighttpd/lighttpd_1.4.82-2ubuntu2_amd64.deb,0d3bf642bf94757cd2d07f936bb10b0c92a19c04010c2a3bc475e71fa85a5259,universe
ubuntu,linuxptp,4.4-0ubuntu1,amd64,linuxptp,4.4-0ubuntu1,https://www.linuxptp.org/,https://www.linuxptp.org,pool/universe/l/linuxptp/linuxptp_4.4-0ubuntu1_amd64.deb,https://archive.ubuntu.com/ubuntu/pool/universe/l/linuxptp/linuxptp_4.4-0ubuntu1_amd64.deb,30408644153d1b43cf04f124c998c34b9dee92ca1c930e293181e0dc2afd18e4,universe
ubuntu,llama.cpp-tools,8681+dfsg-1,amd64,llama.cpp,8681+dfsg-1,https://github.com/ggml-org/llama.cpp/,https://github.com/ggml-org/llama.cpp,pool/universe/l/llama.cpp/llama.cpp-tools_8681+dfsg-1_amd64.deb,https://archive.ubuntu.com/ubuntu/pool/universe/l/llama.cpp/llama.cpp-tools_8681+dfsg-1_amd64.deb,5caf150840927389d9977b1a062965d97edff1ac96f550a857f772791b36500c,universe
ubuntu,location,0.9.18-3build3,all,libloc,0.9.18-3build3,https://location.ipfire.org/,https://location.ipfire.org,pool/universe/libl/libloc/location_0.9.18-3build3_all.deb,https://archive.ubuntu.com/ubuntu/pool/universe/libl/libloc/location_0.9.18-3build3_all.deb,ef2ff063ee176adfb5fdfc1a4129f290634b7c62ee2c4aa3a228d44dd4dbf442,universe
ubuntu,logiops,0.3.5-1build2,amd64,logiops,0.3.5-1build2,https://github.com/PixlOne/logiops,https://github.com/PixlOne/logiops,pool/universe/l/logiops/logiops_0.3.5-1build2_amd64.deb,https://archive.ubuntu.com/ubuntu/pool/universe/l/logiops/logiops_0.3.5-1build2_amd64.deb,aa705141dc929ed3586e7b1a2214c9734fb40a9e029b203752222a3dfa76de26,universe
ubuntu,logrotate,3.22.0-1build1,amd64,logrotate,3.22.0-1build1,https://github.com/logrotate/logrotate,https://github.com/logrotate/logrotate,pool/main/l/logrotate/logrotate_3.22.0-1build1_amd64.deb,https://archive.ubuntu.com/ubuntu/pool/main/l/logrotate/logrotate_3.22.0-1build1_amd64.deb,869bbc9d0321945d2c0d80820e84b57dd1487dee3c1cdfc4a50b8fb16975bed0,main
ubuntu,low-memory-monitor,2.1-3,amd64,low-memory-monitor,2.1-3,https://gitlab.freedesktop.org/hadess/low-memory-monitor,https://gitlab.freedesktop.org/hadess/low-memory-monitor,pool/universe/l/low-memory-monitor/low-memory-monitor_2.1-3_amd64.deb,https://archive.ubuntu.com/ubuntu/pool/universe/l/low-memory-monitor/low-memory-monitor_2.1-3_amd64.deb,a265b446dee9fb0c39ae2d9bc32f5dd9257437370b152f57a7adb3b78658f405,universe
ubuntu,lprint,1.3.1-1build1,amd64,lprint,1.3.1-1build1,https://www.msweet.org/lprint/,https://www.msweet.org/lprint,pool/universe/l/lprint/lprint_1.3.1-1build1_amd64.deb,https://archive.ubuntu.com/ubuntu/pool/universe/l/lprint/lprint_1.3.1-1build1_amd64.deb,df47d192e63dbbad3a768921da14344d369d99bb6d77a75874fef8278647e8d8,universe
ubuntu,lttng-tools,2.14.1-1build1,amd64,ltt-control,2.14.1-1build1,https://lttng.org/,https://lttng.org,pool/universe/l/ltt-control/lttng-tools_2.14.1-1build1_amd64.deb,https://archive.ubuntu.com/ubuntu/pool/universe/l/ltt-control/lttng-tools_2.14.1-1build1_amd64.deb,cb4afe148fe042963ff5b25cfd13cece9f8cccab66c6fe9f3ba5880b9cada178,universe
ubuntu,luanti-server,5.10.0+dfsg-5,amd64,luanti,5.10.0+dfsg-5,https://www.luanti.org,https://www.luanti.org,pool/universe/l/luanti/luanti-server_5.10.0+dfsg-5_amd64.deb,https://archive.ubuntu.com/ubuntu/pool/universe/l/luanti/luanti-server_5.10.0+dfsg-5_amd64.deb,bdf9c2da9b77d3d49f0d3e194db4f2d71cf2ec194c408708d86d75ed5f2dc9f0,universe
ubuntu,lvm2,2.03.31-2ubuntu3,amd64,lvm2,2.03.31-2ubuntu3,https://sourceware.org/lvm2/,https://sourceware.org/lvm2,pool/main/l/lvm2/lvm2_2.03.31-2ubuntu3_amd64.deb,https://archive.ubuntu.com/ubuntu/pool/main/l/lvm2/lvm2_2.03.31-2ubuntu3_amd64.deb,d45e54e0a8dd46ec2a695f0cb75e81b07335c180e958e8a5bb37f060b3428b99,main
ubuntu,lvm2-dbusd,2.03.31-2ubuntu3,all,lvm2,2.03.31-2ubuntu3,https://sourceware.org/lvm2/,https://sourceware.org/lvm2,pool/main/l/lvm2/lvm2-dbusd_2.03.31-2ubuntu3_all.deb,https://archive.ubuntu.com/ubuntu/pool/main/l/lvm2/lvm2-dbusd_2.03.31-2ubuntu3_all.deb,997003b50670db67acf995cc2dbb5ae72793da8e3ec83f210d5a7e6ec06cbb5f,main
ubuntu,lvm2-lockd,2.03.31-2ubuntu3,amd64,lvm2,2.03.31-2ubuntu3,https://sourceware.org/lvm2/,https://sourceware.org/lvm2,pool/universe/l/lvm2/lvm2-lockd_2.03.31-2ubuntu3_amd64.deb,https://archive.ubuntu.com/ubuntu/pool/universe/l/lvm2/lvm2-lockd_2.03.31-2ubuntu3_amd64.deb,1800c3234a31b43490366f888d5254218c823d23f1bb8593cf200b2da40b00ab,universe
ubuntu,lxc,1:6.0.6-1,amd64,lxc,1:6.0.6-1,https://linuxcontainers.org/,https://linuxcontainers.org,pool/universe/l/lxc/lxc_6.0.6-1_amd64.deb,https://archive.ubuntu.com/ubuntu/pool/universe/l/lxc/lxc_6.0.6-1_amd64.deb,b8ec0290542ac1b8199ab2dc8e8cce2202ad97d30acbcb6d70a43a868a194caa,universe
ubuntu,lxcfs,6.0.5-2,amd64,lxcfs,6.0.5-2,https://linuxcontainers.org,https://linuxcontainers.org,pool/universe/l/lxcfs/lxcfs_6.0.5-2_amd64.deb,https://archive.ubuntu.com/ubuntu/pool/universe/l/lxcfs/lxcfs_6.0.5-2_amd64.deb,42305fee4f625300634ee286d04b95d28cd9a140459008d80dc20e04fba91285,universe
ubuntu,lynis,3.1.6-1,all,lynis,3.1.6-1,https://cisofy.com/lynis/,https://cisofy.com/lynis,pool/universe/l/lynis/lynis_3.1.6-1_all.deb,https://archive.ubuntu.com/ubuntu/pool/universe/l/lynis/lynis_3.1.6-1_all.deb,0592189373c0f330cc7c478386b064aeb3f3e7dccd8910d1a1b2cb90b50784d4,universe
ubuntu,mailman3,3.3.10-0ubuntu3,all,mailman3,3.3.10-0ubuntu3,http://www.list.org/,https://www.list.org,pool/universe/m/mailman3/mailman3_3.3.10-0ubuntu3_all.deb,https://archive.ubuntu.com/ubuntu/pool/universe/m/mailman3/mailman3_3.3.10-0ubuntu3_all.deb,3a5fcf7b5a1f98309dda3c016eab68b8c4bf4d474755bfee27174713d36f90cb,universe
ubuntu,malcontent,0.14.0-0ubuntu1,amd64,malcontent,0.14.0-0ubuntu1,https://gitlab.freedesktop.org/pwithnall/malcontent/,https://gitlab.freedesktop.org/pwithnall/malcontent,pool/main/m/malcontent/malcontent_0.14.0-0ubuntu1_amd64.deb,https://archive.ubuntu.com/ubuntu/pool/main/m/malcontent/malcontent_0.14.0-0ubuntu1_amd64.deb,ad3b853958d0752fa40b0968561be454154d39543b11542648298a30104d8b59,main
ubuntu,mariadb-server,1:11.8.6-5,amd64,mariadb,1:11.8.6-5,https://mariadb.org/,https://mariadb.org,pool/main/m/mariadb/mariadb-server_11.8.6-5_amd64.deb,https://archive.ubuntu.com/ubuntu/pool/main/m/mariadb/mariadb-server_11.8.6-5_amd64.deb,2a07f75e89dd1bc4a7d1aaf602d8c75ed9f81eacdcf636fb84b92d9bc9db1384,main
ubuntu,memcached,1.6.40-1,amd64,memcached,1.6.40-1,https://memcached.org/,https://memcached.org,pool/main/m/memcached/memcached_1.6.40-1_amd64.deb,https://archive.ubuntu.com/ubuntu/pool/main/m/memcached/memcached_1.6.40-1_amd64.deb,037cf4bb9c6f3ececa1e84fa78f078b387e90395e13418983c87d71975f63925,main
ubuntu,metalog,20260105-1,amd64,metalog,20260105-1,https://metalog.sourceforge.net/,https://metalog.sourceforge.net,pool/universe/m/metalog/metalog_20260105-1_amd64.deb,https://archive.ubuntu.com/ubuntu/pool/universe/m/metalog/metalog_20260105-1_amd64.deb,47b893f1066e3278c34c5377dafca75d9906d62ffb12fb1fc4045400ffbee6a8,universe
ubuntu,mgetty-fax,1.2.1-5,amd64,mgetty,1.2.1-5,http://mgetty.greenie.net/,https://mgetty.greenie.net,pool/universe/m/mgetty/mgetty-fax_1.2.1-5_amd64.deb,https://archive.ubuntu.com/ubuntu/pool/universe/m/mgetty/mgetty-fax_1.2.1-5_amd64.deb,a323c94fe6932753c4810caf1be5d338a004cc70474f23caed78c8d63320ee64,universe
ubuntu,milter-greylist,4.6.4-5build1,amd64,milter-greylist,4.6.4-5build1,http://hcpnet.free.fr/milter-greylist/,https://hcpnet.free.fr/milter-greylist,pool/universe/m/milter-greylist/milter-greylist_4.6.4-5build1_amd64.deb,https://archive.ubuntu.com/ubuntu/pool/universe/m/milter-greylist/milter-greylist_4.6.4-5build1_amd64.deb,c5b00fc3a9836d0a67cab29fb70623ed05c2efa5213fb661c7d1c691f2c652ba,universe
ubuntu,minidlna,1.3.3+dfsg-1.1build2,amd64,minidlna,1.3.3+dfsg-1.1build2,https://sourceforge.net/projects/minidlna/,https://sourceforge.net/projects/minidlna,pool/universe/m/minidlna/minidlna_1.3.3+dfsg-1.1build2_amd64.deb,https://archive.ubuntu.com/ubuntu/pool/universe/m/minidlna/minidlna_1.3.3+dfsg-1.1build2_amd64.deb,314ae21562a163264ea2c86e41f2da4cdae18050bfcc64cdbeff5e38776e4635,universe
ubuntu,miniflux,2.2.16-2,amd64,miniflux,2.2.16-2,https://miniflux.app,https://miniflux.app,pool/universe/m/miniflux/miniflux_2.2.16-2_amd64.deb,https://archive.ubuntu.com/ubuntu/pool/universe/m/miniflux/miniflux_2.2.16-2_amd64.deb,ca19fbfe455449fbc7ddfce30158b554bb7fcabd99a8a07988f7e61d59508bc4,universe
ubuntu,miniupnpd,2.3.9-2build1,all,miniupnpd,2.3.9-2build1,https://miniupnp.tuxfamily.org/,https://miniupnp.tuxfamily.org,pool/universe/m/miniupnpd/miniupnpd_2.3.9-2build1_all.deb,https://archive.ubuntu.com/ubuntu/pool/universe/m/miniupnpd/miniupnpd_2.3.9-2build1_all.deb,38bfe76c7ac43dc738a5ffe64387e005a31a2749e81927182f572d4128f81bbe,universe
ubuntu,modemmanager,1.25.95-1ubuntu1,amd64,modemmanager,1.25.95-1ubuntu1,https://www.freedesktop.org/wiki/Software/ModemManager/,https://www.freedesktop.org/wiki/Software/ModemManager,pool/main/m/modemmanager/modemmanager_1.25.95-1ubuntu1_amd64.deb,https://archive.ubuntu.com/ubuntu/pool/main/m/modemmanager/modemmanager_1.25.95-1ubuntu1_amd64.deb,230439882a79b3f1fd11ed715b658f86213e6355a4b5ed38ee91cbd1f71aface,main
ubuntu,monit,1:5.35.2-3,amd64,monit,1:5.35.2-3,https://mmonit.com/monit/,https://mmonit.com/monit,pool/universe/m/monit/monit_5.35.2-3_amd64.deb,https://archive.ubuntu.com/ubuntu/pool/universe/m/monit/monit_5.35.2-3_amd64.deb,ad505f96cfb6d197b7171b54f1ca7997e25e6cec51ce599df6c15d3ddc6402ad,universe
ubuntu,monitorix,3.16.0-1build1,all,monitorix,3.16.0-1build1,https://www.monitorix.org,https://www.monitorix.org,pool/universe/m/monitorix/monitorix_3.16.0-1build1_all.deb,https://archive.ubuntu.com/ubuntu/pool/universe/m/monitorix/monitorix_3.16.0-1build1_all.deb,272f02f2b1f7d1373ed3b6800aa84f5fe8d718d74230416830709e73ae424fdc,universe
ubuntu,mopidy,3.4.2-6,all,mopidy,3.4.2-6,https://mopidy.com/,https://mopidy.com,pool/universe/m/mopidy/mopidy_3.4.2-6_all.deb,https://archive.ubuntu.com/ubuntu/pool/universe/m/mopidy/mopidy_3.4.2-6_all.deb,90556386ec5efb7e8e4c9d61d2ea3db849c6d26b5daeb6a472c15dd4d036ced6,universe
ubuntu,mosquitto,2.0.22-5build1,amd64,mosquitto,2.0.22-5build1,https://mosquitto.org/,https://mosquitto.org,pool/universe/m/mosquitto/mosquitto_2.0.22-5build1_amd64.deb,https://archive.ubuntu.com/ubuntu/pool/universe/m/mosquitto/mosquitto_2.0.22-5build1_amd64.deb,a91e89b34f70e53103bbb1fbff2a6a6aa417db3925af98748f3d1c98efff9d5d,universe
ubuntu,motion,4.7.1-1build1,amd64,motion,4.7.1-1build1,https://motion-project.github.io/,https://motion-project.github.io,pool/universe/m/motion/motion_4.7.1-1build1_amd64.deb,https://archive.ubuntu.com/ubuntu/pool/universe/m/motion/motion_4.7.1-1build1_amd64.deb,c268b38dd78be79ac563491064a2a0477faafd6889d4b8a4a85a8f3f065900e2,universe
ubuntu,mpd,0.24.6-1build3,amd64,mpd,0.24.6-1build3,https://www.musicpd.org/,https://www.musicpd.org,pool/universe/m/mpd/mpd_0.24.6-1build3_amd64.deb,https://archive.ubuntu.com/ubuntu/pool/universe/m/mpd/mpd_0.24.6-1build3_amd64.deb,3c959798ac0931c1079e8db6864208f3d8c17ba6a739ba7bf82ceea8382f3567,universe
ubuntu,mpdscribble,0.25-2build3,amd64,mpdscribble,0.25-2build3,https://www.musicpd.org/clients/mpdscribble/,https://www.musicpd.org/clients/mpdscribble,pool/universe/m/mpdscribble/mpdscribble_0.25-2build3_amd64.deb,https://archive.ubuntu.com/ubuntu/pool/universe/m/mpdscribble/mpdscribble_0.25-2build3_amd64.deb,d9961001c37a763f3687c025c20002e13f69075980a0ffcbbc9e54bc1679d18f,universe
ubuntu,mrtg,2.17.10-14,amd64,mrtg,2.17.10-14,https://oss.oetiker.ch/mrtg,https://oss.oetiker.ch/mrtg,pool/universe/m/mrtg/mrtg_2.17.10-14_amd64.deb,https://archive.ubuntu.com/ubuntu/pool/universe/m/mrtg/mrtg_2.17.10-14_amd64.deb,4983ddfa2e2e1cf7abbacaea1f1fe0c73ad5174bb3b79317665d664d3fd009b6,universe
ubuntu,multipath-tools,0.14.3-2ubuntu1,amd64,multipath-tools,0.14.3-2ubuntu1,http://christophe.varoqui.free.fr/,https://christophe.varoqui.free.fr,pool/main/m/multipath-tools/multipath-tools_0.14.3-2ubuntu1_amd64.deb,https://archive.ubuntu.com/ubuntu/pool/main/m/multipath-tools/multipath-tools_0.14.3-2ubuntu1_amd64.deb,c6f74fdd153bf30a6c207424ffc5b7ae7386e4025d9e6acdf7a37ceb8b8712a4,main
ubuntu,mumble-server,1.5.735-8,amd64,mumble,1.5.735-8,https://www.mumble.info,https://www.mumble.info,pool/universe/m/mumble/mumble-server_1.5.735-8_amd64.deb,https://archive.ubuntu.com/ubuntu/pool/universe/m/mumble/mumble-server_1.5.735-8_amd64.deb,ab71c2a563058a885780ff3e1df5419b9a11e9f3e2cb1a20c2abf6cd2089d528,universe
ubuntu,munge,0.5.16-1.1,amd64,munge,0.5.16-1.1,https://dun.github.io/munge,https://dun.github.io/munge,pool/universe/m/munge/munge_0.5.16-1.1_amd64.deb,https://archive.ubuntu.com/ubuntu/pool/universe/m/munge/munge_0.5.16-1.1_amd64.deb,8f2b67fafa14d10762ceaaff37fe7f9ff2f1b150e30403d4cdd744299869831b,universe
ubuntu,munin-async,2.0.76-5ubuntu1,all,munin,2.0.76-5ubuntu1,https://munin-monitoring.org,https://munin-monitoring.org,pool/universe/m/munin/munin-async_2.0.76-5ubuntu1_all.deb,https://archive.ubuntu.com/ubuntu/pool/universe/m/munin/munin-async_2.0.76-5ubuntu1_all.deb,b19159d64e758ff0feeed9be0985f57d269957cc3709960b9e6dabf18b87aadf,universe
ubuntu,munin-node,2.0.76-5ubuntu1,all,munin,2.0.76-5ubuntu1,https://munin-monitoring.org,https://munin-monitoring.org,pool/universe/m/munin/munin-node_2.0.76-5ubuntu1_all.deb,https://archive.ubuntu.com/ubuntu/pool/universe/m/munin/munin-node_2.0.76-5ubuntu1_all.deb,3fb095a1249f82fde49285bb8c60806a7537c1b3a070ec00957bd86e7f7d548c,universe
ubuntu,myproxy-server,6.2.20-1,amd64,myproxy,6.2.20-1,http://grid.ncsa.illinois.edu/myproxy/,https://grid.ncsa.illinois.edu/myproxy,pool/universe/m/myproxy/myproxy-server_6.2.20-1_amd64.deb,https://archive.ubuntu.com/ubuntu/pool/universe/m/myproxy/myproxy-server_6.2.20-1_amd64.deb,c8a7634d090ef68c39b0c9a6b707ea9bdad14a14ad0655bc43c1ce763352d840,universe
ubuntu,nagios4-common,4.4.6-4.1ubuntu2,all,nagios4,4.4.6-4.1ubuntu2,http://www.nagios.org/,https://www.nagios.org,pool/universe/n/nagios4/nagios4-common_4.4.6-4.1ubuntu2_all.deb,https://archive.ubuntu.com/ubuntu/pool/universe/n/nagios4/nagios4-common_4.4.6-4.1ubuntu2_all.deb,72d1f48d3e1b4d0275c2b12e64130a05a30314ebece83990364f20a0a7c5e686,universe
ubuntu,nas,1.9.4-9.2,amd64,nas,1.9.4-9.2,https://radscan.com/nas.html,https://radscan.com/nas.html,pool/universe/n/nas/nas_1.9.4-9.2_amd64.deb,https://archive.ubuntu.com/ubuntu/pool/universe/n/nas/nas_1.9.4-9.2_amd64.deb,60865264f13311a54b6b1400d2e8d153dca7ba0f37f4e051864018fc8cc875b8,universe
ubuntu,ndctl,81-1ubuntu1,amd64,ndctl,81-1ubuntu1,https://github.com/pmem/ndctl,https://github.com/pmem/ndctl,pool/main/n/ndctl/ndctl_81-1ubuntu1_amd64.deb,https://archive.ubuntu.com/ubuntu/pool/main/n/ndctl/ndctl_81-1ubuntu1_amd64.deb,8a7fe40f75b01cb46877905e61295cd8eccb2b22e908858672739f276cf4c2ea,main
ubuntu,nebula,1.10.3+dfsg-1,amd64,nebula,1.10.3+dfsg-1,https://github.com/slackhq/nebula,https://github.com/slackhq/nebula,pool/universe/n/nebula/nebula_1.10.3+dfsg-1_amd64.deb,https://archive.ubuntu.com/ubuntu/pool/universe/n/nebula/nebula_1.10.3+dfsg-1_amd64.deb,283dc188c51f59a6039433364dc00c2276b121b0c395be6e0cb3e494aab25069,universe
ubuntu,netavark,1.16.1-3.1,amd64,netavark,1.16.1-3.1,https://github.com/containers/netavark,https://github.com/containers/netavark,pool/universe/n/netavark/netavark_1.16.1-3.1_amd64.deb,https://archive.ubuntu.com/ubuntu/pool/universe/n/netavark/netavark_1.16.1-3.1_amd64.deb,d346ba50f073d7f4dc8b9188351c9bbe03dc260193fd9cc31ae26d845cdf75f7,universe
ubuntu,netctl,1.29-1build1,all,netctl,1.29-1build1,https://gitlab.archlinux.org/archlinux/netctl,https://gitlab.archlinux.org/archlinux/netctl,pool/universe/n/netctl/netctl_1.29-1build1_all.deb,https://archive.ubuntu.com/ubuntu/pool/universe/n/netctl/netctl_1.29-1build1_all.deb,c24501060a38b0003a8d498eedace47bb3758bbf7b020e71b9bbc0f2f47e58c4,universe
ubuntu,netperf,2.7.0+git20210121.3bc455b+ds-5,amd64,netperf,2.7.0+git20210121.3bc455b+ds-5,https://github.com/HewlettPackard/netperf,https://github.com/HewlettPackard/netperf,pool/universe/n/netperf/netperf_2.7.0+git20210121.3bc455b+ds-5_amd64.deb,https://archive.ubuntu.com/ubuntu/pool/universe/n/netperf/netperf_2.7.0+git20210121.3bc455b+ds-5_amd64.deb,d930cf74ce8397726562233a3cc783ed205d93ed7a55161287fb3516ac10fe71,universe
ubuntu,netplan-generator,1.2-1ubuntu5,amd64,netplan.io,1.2-1ubuntu5,https://netplan.io/,https://netplan.io,pool/main/n/netplan.io/netplan-generator_1.2-1ubuntu5_amd64.deb,https://archive.ubuntu.com/ubuntu/pool/main/n/netplan.io/netplan-generator_1.2-1ubuntu5_amd64.deb,16dd8afaa598bd0634a3571fe40bf2a36ff20b65142bc6351efa4dfcac3f08ea,main
ubuntu,network-manager,1.54.3-2ubuntu3,amd64,network-manager,1.54.3-2ubuntu3,https://networkmanager.dev/,https://networkmanager.dev,pool/main/n/network-manager/network-manager_1.54.3-2ubuntu3_amd64.deb,https://archive.ubuntu.com/ubuntu/pool/main/n/network-manager/network-manager_1.54.3-2ubuntu3_amd64.deb,3c085ad0c5ccca5558bfca5197b322f4e2c8f278edaf5f7d8962d4e20488c2fb,main
ubuntu,nfs-common,1:2.8.5-1ubuntu1,amd64,nfs-utils,1:2.8.5-1ubuntu1,https://linux-nfs.org/,https://linux-nfs.org,pool/main/n/nfs-utils/nfs-common_2.8.5-1ubuntu1_amd64.deb,https://archive.ubuntu.com/ubuntu/pool/main/n/nfs-utils/nfs-common_2.8.5-1ubuntu1_amd64.deb,cfc4c568047f3d49cb61f084f0659fce2312ad8c680b6a0836b399d5efcc7e39,main
ubuntu,nfs-ganesha,6.5-8,amd64,nfs-ganesha,6.5-8,https://github.com/nfs-ganesha/nfs-ganesha,https://github.com/nfs-ganesha/nfs-ganesha,pool/main/n/nfs-ganesha/nfs-ganesha_6.5-8_amd64.deb,https://archive.ubuntu.com/ubuntu/pool/main/n/nfs-ganesha/nfs-ganesha_6.5-8_amd64.deb,65245e60f6b0b6fa1c765ba0d8d712b64f0a8a19654e18036a5b5d1ae9207bff,main
ubuntu,nfs-kernel-server,1:2.8.5-1ubuntu1,amd64,nfs-utils,1:2.8.5-1ubuntu1,https://linux-nfs.org/,https://linux-nfs.org,pool/main/n/nfs-utils/nfs-kernel-server_2.8.5-1ubuntu1_amd64.deb,https://archive.ubuntu.com/ubuntu/pool/main/n/nfs-utils/nfs-kernel-server_2.8.5-1ubuntu1_amd64.deb,8a0c35c9afae663ec9e7963edd946204129c74404502c65bd45835344d9e590f,main
ubuntu,nghttp2-proxy,1.68.0-2,amd64,nghttp2,1.68.0-2,https://nghttp2.org/,https://nghttp2.org,pool/universe/n/nghttp2/nghttp2-proxy_1.68.0-2_amd64.deb,https://archive.ubuntu.com/ubuntu/pool/universe/n/nghttp2/nghttp2-proxy_1.68.0-2_amd64.deb,bfddf3096c6e293e486d00b4e15d01648f614fe7827b7a4134632174b6b1c3d6,universe
ubuntu,nginx-common,1.28.3-2ubuntu1,all,nginx,1.28.3-2ubuntu1,https://nginx.org,https://nginx.org,pool/main/n/nginx/nginx-common_1.28.3-2ubuntu1_all.deb,https://archive.ubuntu.com/ubuntu/pool/main/n/nginx/nginx-common_1.28.3-2ubuntu1_all.deb,4bd1d152df9a67367609b1d538cefb826cdc03bd1f8de99e11dde7afbfa9afab,main
ubuntu,ngircd,27-2build1,amd64,ngircd,27-2build1,https://ngircd.barton.de/,https://ngircd.barton.de,pool/universe/n/ngircd/ngircd_27-2build1_amd64.deb,https://archive.ubuntu.com/ubuntu/pool/universe/n/ngircd/ngircd_27-2build1_amd64.deb,4ebdb7262901b4f8993670ad0d474bee107bc9a305a552a5e5e95bb4bfb95088,universe
ubuntu,nix-setup-systemd,2.34.3+dfsg-1,all,nix,2.34.3+dfsg-1,https://nixos.org/nix,https://nixos.org/nix,pool/universe/n/nix/nix-setup-systemd_2.34.3+dfsg-1_all.deb,https://archive.ubuntu.com/ubuntu/pool/universe/n/nix/nix-setup-systemd_2.34.3+dfsg-1_all.deb,46bf71dffaa64d3df2900314771659036fcc2a662c3dde223bf2a073c5f401a0,universe
ubuntu,nodm,0.13-6.2build1,amd64,nodm,0.13-6.2build1,https://github.com/spanezz/nodm/,https://github.com/spanezz/nodm,pool/universe/n/nodm/nodm_0.13-6.2build1_amd64.deb,https://archive.ubuntu.com/ubuntu/pool/universe/n/nodm/nodm_0.13-6.2build1_amd64.deb,a6fdd4f18d5f460dec465d0383da48d1f89289a0cd136e05a57095081b7102d4,universe
ubuntu,nordugrid-arc-arex,7.1.1-2build1,amd64,nordugrid-arc,7.1.1-2build1,https://www.nordugrid.org,https://www.nordugrid.org,pool/universe/n/nordugrid-arc/nordugrid-arc-arex_7.1.1-2build1_amd64.deb,https://archive.ubuntu.com/ubuntu/pool/universe/n/nordugrid-arc/nordugrid-arc-arex_7.1.1-2build1_amd64.deb,b72343cfe6446f51e92078ae83f9f3e245d6ee9b5fc41418db1ad426ebef9bb6,universe
ubuntu,nordugrid-arc-datadelivery-service,7.1.1-2build1,amd64,nordugrid-arc,7.1.1-2build1,https://www.nordugrid.org,https://www.nordugrid.org,pool/universe/n/nordugrid-arc/nordugrid-arc-datadelivery-service_7.1.1-2build1_amd64.deb,https://archive.ubuntu.com/ubuntu/pool/universe/n/nordugrid-arc/nordugrid-arc-datadelivery-service_7.1.1-2build1_amd64.deb,4ed99d8e1dd9f6bd61dddf8eb9f5aa7d2cb2de2e99ae91f20d4cf29d3b372375,universe
ubuntu,nordugrid-arc-hed,7.1.1-2build1,amd64,nordugrid-arc,7.1.1-2build1,https://www.nordugrid.org,https://www.nordugrid.org,pool/universe/n/nordugrid-arc/nordugrid-arc-hed_7.1.1-2build1_amd64.deb,https://archive.ubuntu.com/ubuntu/pool/universe/n/nordugrid-arc/nordugrid-arc-hed_7.1.1-2build1_amd64.deb,02130be8b2e44b3a44ccc56b8ed04c19c24458809508d48330ddd7e7b95819e8,universe
ubuntu,nordugrid-arc-infosys-ldap,7.1.1-2build1,all,nordugrid-arc,7.1.1-2build1,https://www.nordugrid.org,https://www.nordugrid.org,pool/universe/n/nordugrid-arc/nordugrid-arc-infosys-ldap_7.1.1-2build1_all.deb,https://archive.ubuntu.com/ubuntu/pool/universe/n/nordugrid-arc/nordugrid-arc-infosys-ldap_7.1.1-2build1_all.deb,7129856bab61c5c11e66504390864a6fffd1ca44d32b6a9228c8254745895aed,universe
ubuntu,nslcd,0.9.13-2ubuntu2,amd64,nss-pam-ldapd,0.9.13-2ubuntu2,https://arthurdejong.org/nss-pam-ldapd/,https://arthurdejong.org/nss-pam-ldapd,pool/universe/n/nss-pam-ldapd/nslcd_0.9.13-2ubuntu2_amd64.deb,https://archive.ubuntu.com/ubuntu/pool/universe/n/nss-pam-ldapd/nslcd_0.9.13-2ubuntu2_amd64.deb,a153aec8a350ee67365828c39fc880ee555cd8b0b8a8e7a4e723c67dc3f46496,universe
ubuntu,ntpd-rs,1.7.1-1,amd64,rust-ntpd,1.7.1-1,https://github.com/pendulum-project/ntpd-rs,https://github.com/pendulum-project/ntpd-rs,pool/universe/r/rust-ntpd/ntpd-rs_1.7.1-1_amd64.deb,https://archive.ubuntu.com/ubuntu/pool/universe/r/rust-ntpd/ntpd-rs_1.7.1-1_amd64.deb,309db28e754e558961d5c18f6624b31cef87729f654e640020b4ac2a0ae1c2ee,universe
ubuntu,ntpd-rs-metrics,1.7.1-1,amd64,rust-ntpd,1.7.1-1,https://github.com/pendulum-project/ntpd-rs,https://github.com/pendulum-project/ntpd-rs,pool/universe/r/rust-ntpd/ntpd-rs-metrics_1.7.1-1_amd64.deb,https://archive.ubuntu.com/ubuntu/pool/universe/r/rust-ntpd/ntpd-rs-metrics_1.7.1-1_amd64.deb,90581a7288494607a54ed44872504f7153239c5169b1ce9a057b53a4b6a1da90,universe
ubuntu,ntpsec,1.2.3+dfsg1-8ubuntu2,amd64,ntpsec,1.2.3+dfsg1-8ubuntu2,https://www.ntpsec.org,https://www.ntpsec.org,pool/universe/n/ntpsec/ntpsec_1.2.3+dfsg1-8ubuntu2_amd64.deb,https://archive.ubuntu.com/ubuntu/pool/universe/n/ntpsec/ntpsec_1.2.3+dfsg1-8ubuntu2_amd64.deb,b6a4553bb2470b715b95ef0ab4f60aec87d1d96b57098e872daa091180c1a726,universe
ubuntu,ntpsec-ntpviz,1.2.3+dfsg1-8ubuntu2,amd64,ntpsec,1.2.3+dfsg1-8ubuntu2,https://www.ntpsec.org,https://www.ntpsec.org,pool/universe/n/ntpsec/ntpsec-ntpviz_1.2.3+dfsg1-8ubuntu2_amd64.deb,https://archive.ubuntu.com/ubuntu/pool/universe/n/ntpsec/ntpsec-ntpviz_1.2.3+dfsg1-8ubuntu2_amd64.deb,2b67da7d495940d8c2fa7459c41da9fb8048dff38cc19a458a5ee5b7e8b126bb,universe
ubuntu,numad,0.5+20251104-1,amd64,numad,0.5+20251104-1,https://pagure.io/numad,https://pagure.io/numad,pool/universe/n/numad/numad_0.5+20251104-1_amd64.deb,https://archive.ubuntu.com/ubuntu/pool/universe/n/numad/numad_0.5+20251104-1_amd64.deb,66c9cd60b4877e26a3836130c634f17f5c264d8e9ac4e55e90acb2c8c0c72ee2,universe
ubuntu,nut-client,2.8.4+really-2,amd64,nut,2.8.4+really-2,https://networkupstools.org/,https://networkupstools.org,pool/main/n/nut/nut-client_2.8.4+really-2_amd64.deb,https://archive.ubuntu.com/ubuntu/pool/main/n/nut/nut-client_2.8.4+really-2_amd64.deb,db9369d5840ddad05186d47fb337b27670d21a6343e75f9f6bcb8f86b2aae3f2,main
ubuntu,nut-server,2.8.4+really-2,amd64,nut,2.8.4+really-2,https://networkupstools.org/,https://networkupstools.org,pool/main/n/nut/nut-server_2.8.4+really-2_amd64.deb,https://archive.ubuntu.com/ubuntu/pool/main/n/nut/nut-server_2.8.4+really-2_amd64.deb,1c121710271334cdd839b38633590411187244ad3a73e99d7bb2555e53823422,main
ubuntu,nvidia-compute-utils-580,580.142-0ubuntu3,amd64,nvidia-graphics-drivers-580,580.142-0ubuntu3,http://www.nvidia.com,https://www.nvidia.com,pool/restricted/n/nvidia-graphics-drivers-580/nvidia-compute-utils-580_580.142-0ubuntu3_amd64.deb,https://archive.ubuntu.com/ubuntu/pool/restricted/n/nvidia-graphics-drivers-580/nvidia-compute-utils-580_580.142-0ubuntu3_amd64.deb,421bd00215be8ebe14dd6e08454413936161100c1d3c67d3685af91b6e6a6479,restricted
ubuntu,nvidia-compute-utils-580-server,580.126.20-0ubuntu3,amd64,nvidia-graphics-drivers-580-server,580.126.20-0ubuntu3,http://www.nvidia.com,https://www.nvidia.com,pool/restricted/n/nvidia-graphics-drivers-580-server/nvidia-compute-utils-580-server_580.126.20-0ubuntu3_amd64.deb,https://archive.ubuntu.com/ubuntu/pool/restricted/n/nvidia-graphics-drivers-580-server/nvidia-compute-utils-580-server_580.126.20-0ubuntu3_amd64.deb,4c43647565b6a250b2d253abcf0e59a650d2861199332172e1a70c45edd5a392,restricted
ubuntu,nvidia-compute-utils-595,595.58.03-0ubuntu2,amd64,nvidia-graphics-drivers-595,595.58.03-0ubuntu2,http://www.nvidia.com,https://www.nvidia.com,pool/restricted/n/nvidia-graphics-drivers-595/nvidia-compute-utils-595_595.58.03-0ubuntu2_amd64.deb,https://archive.ubuntu.com/ubuntu/pool/restricted/n/nvidia-graphics-drivers-595/nvidia-compute-utils-595_595.58.03-0ubuntu2_amd64.deb,e87918f5af3dc7c7faa105732abc49cc643b39f932d527cfd965c8f20f6488e8,restricted
ubuntu,nvidia-compute-utils-595-server,595.58.03-0ubuntu2,amd64,nvidia-graphics-drivers-595-server,595.58.03-0ubuntu2,http://www.nvidia.com,https://www.nvidia.com,pool/restricted/n/nvidia-graphics-drivers-595-server/nvidia-compute-utils-595-server_595.58.03-0ubuntu2_amd64.deb,https://archive.ubuntu.com/ubuntu/pool/restricted/n/nvidia-graphics-drivers-595-server/nvidia-compute-utils-595-server_595.58.03-0ubuntu2_amd64.deb,f74260d7581845d81bf8b2bfde76d81d928def98251c6b00ee266166df06e1a7,restricted
ubuntu,nvidia-kernel-common-580,580.142-0ubuntu3,amd64,nvidia-graphics-drivers-580,580.142-0ubuntu3,http://www.nvidia.com,https://www.nvidia.com,pool/restricted/n/nvidia-graphics-drivers-580/nvidia-kernel-common-580_580.142-0ubuntu3_amd64.deb,https://archive.ubuntu.com/ubuntu/pool/restricted/n/nvidia-graphics-drivers-580/nvidia-kernel-common-580_580.142-0ubuntu3_amd64.deb,a4a6dd89f9c98ccace404efaf327a458ac39babc40056a4767da280d05576455,restricted
ubuntu,nvidia-kernel-common-580-server,580.126.20-0ubuntu3,amd64,nvidia-graphics-drivers-580-server,580.126.20-0ubuntu3,http://www.nvidia.com,https://www.nvidia.com,pool/restricted/n/nvidia-graphics-drivers-580-server/nvidia-kernel-common-580-server_580.126.20-0ubuntu3_amd64.deb,https://archive.ubuntu.com/ubuntu/pool/restricted/n/nvidia-graphics-drivers-580-server/nvidia-kernel-common-580-server_580.126.20-0ubuntu3_amd64.deb,bb6231d5c6ae5db9d818788d7c727f204f8818e08e53ff55c8f9756587b00e4e,restricted
ubuntu,nvidia-kernel-common-595,595.58.03-0ubuntu2,amd64,nvidia-graphics-drivers-595,595.58.03-0ubuntu2,http://www.nvidia.com,https://www.nvidia.com,pool/restricted/n/nvidia-graphics-drivers-595/nvidia-kernel-common-595_595.58.03-0ubuntu2_amd64.deb,https://archive.ubuntu.com/ubuntu/pool/restricted/n/nvidia-graphics-drivers-595/nvidia-kernel-common-595_595.58.03-0ubuntu2_amd64.deb,a20a4220ef5ea63a5346f9e2792dc449fcb6558b60d97e877440f73dca4fbb92,restricted
ubuntu,nvidia-kernel-common-595-server,595.58.03-0ubuntu2,amd64,nvidia-graphics-drivers-595-server,595.58.03-0ubuntu2,http://www.nvidia.com,https://www.nvidia.com,pool/restricted/n/nvidia-graphics-drivers-595-server/nvidia-kernel-common-595-server_595.58.03-0ubuntu2_amd64.deb,https://archive.ubuntu.com/ubuntu/pool/restricted/n/nvidia-graphics-drivers-595-server/nvidia-kernel-common-595-server_595.58.03-0ubuntu2_amd64.deb,7f39c5cb3f555e317815bb3c5a0a2deb18ce258ea90a7efe438c5af4933180fe,restricted
ubuntu,nvme-cli,2.16-1,amd64,nvme-cli,2.16-1,https://github.com/linux-nvme/nvme-cli,https://github.com/linux-nvme/nvme-cli,pool/main/n/nvme-cli/nvme-cli_2.16-1_amd64.deb,https://archive.ubuntu.com/ubuntu/pool/main/n/nvme-cli/nvme-cli_2.16-1_amd64.deb,2dee6fe3ef62fbd30065759efbc7593a289e8dc0e7b82ecb57d67f518e2dc57e,main
ubuntu,nvme-stas,2.4.1-3build1,all,nvme-stas,2.4.1-3build1,https://github.com/linux-nvme/nvme-stas,https://github.com/linux-nvme/nvme-stas,pool/main/n/nvme-stas/nvme-stas_2.4.1-3build1_all.deb,https://archive.ubuntu.com/ubuntu/pool/main/n/nvme-stas/nvme-stas_2.4.1-3build1_all.deb,f092b27beab8764267ec3b1bcb44fd16d33e5e420ff1c275ae9f934ceaf72d20,main
ubuntu,ocsinventory-agent,2:2.10.0-5build1,amd64,ocsinventory-agent,2:2.10.0-5build1,https://www.ocsinventory-ng.org/,https://www.ocsinventory-ng.org,pool/universe/o/ocsinventory-agent/ocsinventory-agent_2.10.0-5build1_amd64.deb,https://archive.ubuntu.com/ubuntu/pool/universe/o/ocsinventory-agent/ocsinventory-agent_2.10.0-5build1_amd64.deb,4aba30b7c33177ba369fbfd3e431c56361040654bdee76c9be26aaac820d9c3f,universe
ubuntu,oddjob,0.34.7-2.1build2,amd64,oddjob,0.34.7-2.1build2,https://pagure.io/oddjob/,https://pagure.io/oddjob,pool/universe/o/oddjob/oddjob_0.34.7-2.1build2_amd64.deb,https://archive.ubuntu.com/ubuntu/pool/universe/o/oddjob/oddjob_0.34.7-2.1build2_amd64.deb,4d37dca55e29e6489469676b2c25fb1bd8893d9242ceed727291dd6f7cb72aa0,universe
ubuntu,oidentd,3.1.0-1build1,amd64,oidentd,3.1.0-1build1,https://oidentd.janikrabe.com/,https://oidentd.janikrabe.com,pool/universe/o/oidentd/oidentd_3.1.0-1build1_amd64.deb,https://archive.ubuntu.com/ubuntu/pool/universe/o/oidentd/oidentd_3.1.0-1build1_amd64.deb,b717674d0698b87068c3b6c58b989ae2237419f23efeaa3b145fdb7a3e31e569,universe
ubuntu,omniorb-nameserver,4.3.3+ds1-1build1,amd64,omniorb-dfsg,4.3.3+ds1-1build1,http://omniorb.sourceforge.net,https://omniorb.sourceforge.net,pool/universe/o/omniorb-dfsg/omniorb-nameserver_4.3.3+ds1-1build1_amd64.deb,https://archive.ubuntu.com/ubuntu/pool/universe/o/omniorb-dfsg/omniorb-nameserver_4.3.3+ds1-1build1_amd64.deb,a1c786bcda2a1a82ad136c0f60d0162be6265489d5335af9edff8f07fc1a66f1,universe
ubuntu,onedrive,2.5.10-1,amd64,onedrive,2.5.10-1,https://github.com/abraunegg/onedrive,https://github.com/abraunegg/onedrive,pool/universe/o/onedrive/onedrive_2.5.10-1_amd64.deb,https://archive.ubuntu.com/ubuntu/pool/universe/o/onedrive/onedrive_2.5.10-1_amd64.deb,7b0aa5453521142c9f08159133aee8e4a4be850146093e784fa1fa447faf35cd,universe
ubuntu,oomd,0.5.0-1.2build2,amd64,oomd,0.5.0-1.2build2,https://github.com/facebookincubator/oomd,https://github.com/facebookincubator/oomd,pool/universe/o/oomd/oomd_0.5.0-1.2build2_amd64.deb,https://archive.ubuntu.com/ubuntu/pool/universe/o/oomd/oomd_0.5.0-1.2build2_amd64.deb,d66e92aba7c08cf409e337649246ade20b87c4684ba91f394940bb9fb9f8a31f,universe
ubuntu,open-iscsi,2.1.11-3ubuntu3,amd64,open-iscsi,2.1.11-3ubuntu3,https://www.open-iscsi.com/,https://www.open-iscsi.com,pool/main/o/open-iscsi/open-iscsi_2.1.11-3ubuntu3_amd64.deb,https://archive.ubuntu.com/ubuntu/pool/main/o/open-iscsi/open-iscsi_2.1.11-3ubuntu3_amd64.deb,a680a7edde3c299ba4a83ede366fd62fd2b6aeee99aaecfaef896f2a03004ac1,main
ubuntu,open-isns-discoveryd,0.101-2.1,amd64,open-isns,0.101-2.1,https://github.com/open-iscsi/open-isns,https://github.com/open-iscsi/open-isns,pool/universe/o/open-isns/open-isns-discoveryd_0.101-2.1_amd64.deb,https://archive.ubuntu.com/ubuntu/pool/universe/o/open-isns/open-isns-discoveryd_0.101-2.1_amd64.deb,fea8eb561d7993922dc0d2676fbe5a3f31be50267da57407919968b9b7b0215c,universe
ubuntu,open-isns-server,0.101-2.1,amd64,open-isns,0.101-2.1,https://github.com/open-iscsi/open-isns,https://github.com/open-iscsi/open-isns,pool/universe/o/open-isns/open-isns-server_0.101-2.1_amd64.deb,https://archive.ubuntu.com/ubuntu/pool/universe/o/open-isns/open-isns-server_0.101-2.1_amd64.deb,78efa0915ab7fc72c04b620b1155543259440f4166c7b736275e20658eada8e2,universe
ubuntu,open-vm-tools,2:13.0.10-1ubuntu1,amd64,open-vm-tools,2:13.0.10-1ubuntu1,https://github.com/vmware/open-vm-tools,https://github.com/vmware/open-vm-tools,pool/main/o/open-vm-tools/open-vm-tools_13.0.10-1ubuntu1_amd64.deb,https://archive.ubuntu.com/ubuntu/pool/main/o/open-vm-tools/open-vm-tools_13.0.10-1ubuntu1_amd64.deb,7bb50384a6e1fd40993bad3aae3aafc3bac2f8f464ef3fe5488f1a40169005f7,main
ubuntu,open-vm-tools-desktop,2:13.0.10-1ubuntu1,amd64,open-vm-tools,2:13.0.10-1ubuntu1,https://github.com/vmware/open-vm-tools,https://github.com/vmware/open-vm-tools,pool/main/o/open-vm-tools/open-vm-tools-desktop_13.0.10-1ubuntu1_amd64.deb,https://archive.ubuntu.com/ubuntu/pool/main/o/open-vm-tools/open-vm-tools-desktop_13.0.10-1ubuntu1_amd64.deb,65e201db43397575611bfe0a9c1906f4bdd0c0ad887fa1ac8f444e6320470350,main
ubuntu,openbgpd,9.0-1,amd64,openbgpd,9.0-1,https://www.openbgpd.org/,https://www.openbgpd.org,pool/universe/o/openbgpd/openbgpd_9.0-1_amd64.deb,https://archive.ubuntu.com/ubuntu/pool/universe/o/openbgpd/openbgpd_9.0-1_amd64.deb,9443f5fef0a3f3eb4d255c118f8cd4aad874f4adffaf8cb3df15840c2075ee24,universe
ubuntu,opencryptoki,3.26.0+dfsg-0ubuntu1,amd64,opencryptoki,3.26.0+dfsg-0ubuntu1,https://github.com/opencryptoki/opencryptoki,https://github.com/opencryptoki/opencryptoki,pool/universe/o/opencryptoki/opencryptoki_3.26.0+dfsg-0ubuntu1_amd64.deb,https://archive.ubuntu.com/ubuntu/pool/universe/o/opencryptoki/opencryptoki_3.26.0+dfsg-0ubuntu1_amd64.deb,f03c504193aa8ead56bac7a0265c5e123c92fac3bd8ff7cfcaff47f1b2676917,universe
ubuntu,opendkim,2.11.0~beta2-9.2build1,amd64,opendkim,2.11.0~beta2-9.2build1,http://www.opendkim.org/,https://www.opendkim.org,pool/universe/o/opendkim/opendkim_2.11.0~beta2-9.2build1_amd64.deb,https://archive.ubuntu.com/ubuntu/pool/universe/o/opendkim/opendkim_2.11.0~beta2-9.2build1_amd64.deb,4e4ed97ac44d85cb319d9a64b4179e317d6749172e009c40119c116a373c27aa,universe
ubuntu,opendnssec-enforcer,1:2.1.13-1.2ubuntu5,all,opendnssec,1:2.1.13-1.2ubuntu5,https://www.opendnssec.org/,https://www.opendnssec.org,pool/universe/o/opendnssec/opendnssec-enforcer_2.1.13-1.2ubuntu5_all.deb,https://archive.ubuntu.com/ubuntu/pool/universe/o/opendnssec/opendnssec-enforcer_2.1.13-1.2ubuntu5_all.deb,6063a1959844eaae0fa6821112893fee8aa58eeeedb5e518123369acf8bbf29a,universe
ubuntu,opendnssec-signer,1:2.1.13-1.2ubuntu5,amd64,opendnssec,1:2.1.13-1.2ubuntu5,https://www.opendnssec.org/,https://www.opendnssec.org,pool/universe/o/opendnssec/opendnssec-signer_2.1.13-1.2ubuntu5_amd64.deb,https://archive.ubuntu.com/ubuntu/pool/universe/o/opendnssec/opendnssec-signer_2.1.13-1.2ubuntu5_amd64.deb,032f89ff392fd9f4f3a639e3a01baf48fdb41a8512700bed232666167390fcc1,universe
ubuntu,openntpd,1:6.2p3-4.2build1,amd64,openntpd,1:6.2p3-4.2build1,http://www.openntpd.org,https://www.openntpd.org,pool/universe/o/openntpd/openntpd_6.2p3-4.2build1_amd64.deb,https://archive.ubuntu.com/ubuntu/pool/universe/o/openntpd/openntpd_6.2p3-4.2build1_amd64.deb,434873e01bbf8cb167afaed71e9746043fb7720473c34bfa2ecb3a5b974ca7c7,universe
ubuntu,opensm,3.3.23-3.1build1,amd64,opensm,3.3.23-3.1build1,https://github.com/linux-rdma/opensm,https://github.com/linux-rdma/opensm,pool/universe/o/opensm/opensm_3.3.23-3.1build1_amd64.deb,https://archive.ubuntu.com/ubuntu/pool/universe/o/opensm/opensm_3.3.23-3.1build1_amd64.deb,d6bf60ea0b233a5eb8da80868af1040ea40778842992ec00f9645e0e9fffeb76,universe
ubuntu,opensmtpd,7.8.0p0-2,amd64,opensmtpd,7.8.0p0-2,https://www.opensmtpd.org/,https://www.opensmtpd.org,pool/universe/o/opensmtpd/opensmtpd_7.8.0p0-2_amd64.deb,https://archive.ubuntu.com/ubuntu/pool/universe/o/opensmtpd/opensmtpd_7.8.0p0-2_amd64.deb,6ac1fb56c3840213dbda947750e2d06f234e0c671322702374bb8ab06e2d98a9,universe
ubuntu,opensnitch,1.6.9-3ubuntu1,amd64,opensnitch,1.6.9-3ubuntu1,https://github.com/evilsocket/opensnitch,https://github.com/evilsocket/opensnitch,pool/universe/o/opensnitch/opensnitch_1.6.9-3ubuntu1_amd64.deb,https://archive.ubuntu.com/ubuntu/pool/universe/o/opensnitch/opensnitch_1.6.9-3ubuntu1_amd64.deb,8020bb1c53adc320349a5f2dc1be66c18e9491a8ffd7d44f2520ebbc82690d67,universe
ubuntu,openvswitch-ipsec,3.7.1-2,amd64,openvswitch,3.7.1-2,http://openvswitch.org/,https://openvswitch.org,pool/universe/o/openvswitch/openvswitch-ipsec_3.7.1-2_amd64.deb,https://archive.ubuntu.com/ubuntu/pool/universe/o/openvswitch/openvswitch-ipsec_3.7.1-2_amd64.deb,81f393b1bcd15eac73601e5a7504a2f3327e613919493f6ab97c0fa9b039d251,universe
ubuntu,openvswitch-switch,3.7.1-2,amd64,openvswitch,3.7.1-2,http://openvswitch.org/,https://openvswitch.org,pool/main/o/openvswitch/openvswitch-switch_3.7.1-2_amd64.deb,https://archive.ubuntu.com/ubuntu/pool/main/o/openvswitch/openvswitch-switch_3.7.1-2_amd64.deb,499b9487e74ad0e78a1570906efb7ac7ea9a3629ea8753dc3766a4caed84a191,main
ubuntu,osspd,1.3.3-6,amd64,osspd,1.3.3-6,https://github.com/OpenMandrivaSoftware/ossp,https://github.com/OpenMandrivaSoftware/ossp,pool/universe/o/osspd/osspd_1.3.3-6_amd64.deb,https://archive.ubuntu.com/ubuntu/pool/universe/o/osspd/osspd_1.3.3-6_amd64.deb,a0fdcc8797da6d3210d15963e280489744b5b1272e69030fe63e7e3be04fe318,universe
ubuntu,ovn-central,26.03.0-2,amd64,ovn,26.03.0-2,http://openvswitch.org/,https://openvswitch.org,pool/main/o/ovn/ovn-central_26.03.0-2_amd64.deb,https://archive.ubuntu.com/ubuntu/pool/main/o/ovn/ovn-central_26.03.0-2_amd64.deb,2448d5122708997a7d80c766d4629b7a4f659456d8ca98079089bf85774fed5d,main
ubuntu,ovn-controller-vtep,26.03.0-2,amd64,ovn,26.03.0-2,http://openvswitch.org/,https://openvswitch.org,pool/universe/o/ovn/ovn-controller-vtep_26.03.0-2_amd64.deb,https://archive.ubuntu.com/ubuntu/pool/universe/o/ovn/ovn-controller-vtep_26.03.0-2_amd64.deb,14e50ef4b994e38c5962fdd7dfb4f561dde9ef2165fa08efc77998bb98cda826,universe
ubuntu,ovn-host,26.03.0-2,amd64,ovn,26.03.0-2,http://openvswitch.org/,https://openvswitch.org,pool/main/o/ovn/ovn-host_26.03.0-2_amd64.deb,https://archive.ubuntu.com/ubuntu/pool/main/o/ovn/ovn-host_26.03.0-2_amd64.deb,d52f2caa5c46e83a3375244a996b58328ad52217eb46998f82adef95fd806e07,main
ubuntu,ovn-ic,26.03.0-2,amd64,ovn,26.03.0-2,http://openvswitch.org/,https://openvswitch.org,pool/universe/o/ovn/ovn-ic_26.03.0-2_amd64.deb,https://archive.ubuntu.com/ubuntu/pool/universe/o/ovn/ovn-ic_26.03.0-2_amd64.deb,a06f2b03e3ce7981258d334c366c895d2bf3309df37eca5819a05da3432bb048,universe
ubuntu,ovn-ic-db,26.03.0-2,amd64,ovn,26.03.0-2,http://openvswitch.org/,https://openvswitch.org,pool/universe/o/ovn/ovn-ic-db_26.03.0-2_amd64.deb,https://archive.ubuntu.com/ubuntu/pool/universe/o/ovn/ovn-ic-db_26.03.0-2_amd64.deb,85799d9878978c41f2b120455ab315dde0a8d24ab9eba8982babf47758164d8d,universe
ubuntu,pacemaker,3.0.1-1ubuntu2,amd64,pacemaker,3.0.1-1ubuntu2,https://www.clusterlabs.org/,https://www.clusterlabs.org,pool/main/p/pacemaker/pacemaker_3.0.1-1ubuntu2_amd64.deb,https://archive.ubuntu.com/ubuntu/pool/main/p/pacemaker/pacemaker_3.0.1-1ubuntu2_amd64.deb,c690b5189d0f4b01550ec06caf4e14633c5169d50e3e67d1273779eeb2cecae0,main
ubuntu,pacemaker-remote,3.0.1-1ubuntu2,amd64,pacemaker,3.0.1-1ubuntu2,https://www.clusterlabs.org/,https://www.clusterlabs.org,pool/universe/p/pacemaker/pacemaker-remote_3.0.1-1ubuntu2_amd64.deb,https://archive.ubuntu.com/ubuntu/pool/universe/p/pacemaker/pacemaker-remote_3.0.1-1ubuntu2_amd64.deb,60bef11fa5fe177d7d863b94ab1069d6653190798ae20b84b49b5f161e13a41c,universe
ubuntu,packagekit,1.3.4-3,amd64,packagekit,1.3.4-3,https://www.freedesktop.org/software/PackageKit/,https://www.freedesktop.org/software/PackageKit,pool/main/p/packagekit/packagekit_1.3.4-3_amd64.deb,https://archive.ubuntu.com/ubuntu/pool/main/p/packagekit/packagekit_1.3.4-3_amd64.deb,5a0f68e4734cbd1e550e36e25d714822ec35a386c6fbae1fec0bada32ced220a,main
ubuntu,partimage-server,0.6.9-12,amd64,partimage,0.6.9-12,https://www.partimage.org,https://www.partimage.org,pool/universe/p/partimage/partimage-server_0.6.9-12_amd64.deb,https://archive.ubuntu.com/ubuntu/pool/universe/p/partimage/partimage-server_0.6.9-12_amd64.deb,2189a3861cf7c2cf6ed37187fdc944ab141322912bf618fafa98b2540ed25dd2,universe
ubuntu,passim,0.1.10-3,amd64,passim,0.1.10-3,https://github.com/hughsie/passim/,https://github.com/hughsie/passim,pool/universe/p/passim/passim_0.1.10-3_amd64.deb,https://archive.ubuntu.com/ubuntu/pool/universe/p/passim/passim_0.1.10-3_amd64.deb,1782b5bd541b964819b13d0d7bcac90b25562424d02b72a155d00b7d1377cd51,universe
ubuntu,pcp,7.1.1-1,amd64,pcp,7.1.1-1,https://pcp.io,https://pcp.io,pool/universe/p/pcp/pcp_7.1.1-1_amd64.deb,https://archive.ubuntu.com/ubuntu/pool/universe/p/pcp/pcp_7.1.1-1_amd64.deb,a7f08385e1ef268c4f1a81c8fcbd23f35ccaefbc4f4c2e78a79daa2b22bb50c1,universe
ubuntu,pcs,0.12.1-2ubuntu3,all,pcs,0.12.1-2ubuntu3,https://github.com/ClusterLabs/pcs,https://github.com/ClusterLabs/pcs,pool/main/p/pcs/pcs_0.12.1-2ubuntu3_all.deb,https://archive.ubuntu.com/ubuntu/pool/main/p/pcs/pcs_0.12.1-2ubuntu3_all.deb,7a51983a0376417542ac34c333c7946093280fa2f6638893b0d43bd0662f9146,main
ubuntu,pcs-snmp,0.12.1-2ubuntu3,all,pcs,0.12.1-2ubuntu3,https://github.com/ClusterLabs/pcs,https://github.com/ClusterLabs/pcs,pool/universe/p/pcs/pcs-snmp_0.12.1-2ubuntu3_all.deb,https://archive.ubuntu.com/ubuntu/pool/universe/p/pcs/pcs-snmp_0.12.1-2ubuntu3_all.deb,90b220fc3b090a71d853e699b6451a1151be372a287c6fc91ba6abbd0371a1b0,universe
ubuntu,pcscd,2.4.1-1,amd64,pcsc-lite,2.4.1-1,https://pcsclite.apdu.fr/,https://pcsclite.apdu.fr,pool/universe/p/pcsc-lite/pcscd_2.4.1-1_amd64.deb,https://archive.ubuntu.com/ubuntu/pool/universe/p/pcsc-lite/pcscd_2.4.1-1_amd64.deb,646ec5e5ab611b4e0787e9358a9d66e1b1001ce32f734bffbaf34cc8a8618832,universe
ubuntu,pdns-ixfrdist,5.0.2-1build1,amd64,pdns,5.0.2-1build1,https://www.powerdns.com/,https://www.powerdns.com,pool/universe/p/pdns/pdns-ixfrdist_5.0.2-1build1_amd64.deb,https://archive.ubuntu.com/ubuntu/pool/universe/p/pdns/pdns-ixfrdist_5.0.2-1build1_amd64.deb,3341086956006738bb97d01d41d6f6e9dfa95e0b392de6fd8b62757cfacb1186,universe
ubuntu,pdns-recursor,5.3.5-1,amd64,pdns-recursor,5.3.5-1,https://www.powerdns.com/,https://www.powerdns.com,pool/universe/p/pdns-recursor/pdns-recursor_5.3.5-1_amd64.deb,https://archive.ubuntu.com/ubuntu/pool/universe/p/pdns-recursor/pdns-recursor_5.3.5-1_amd64.deb,8c1b333c7ef2c1dfa183fcc3bb45873146b9bde8cc77a4026f179dfab45c5be7,universe
ubuntu,pdns-server,5.0.2-1build1,amd64,pdns,5.0.2-1build1,https://www.powerdns.com/,https://www.powerdns.com,pool/universe/p/pdns/pdns-server_5.0.2-1build1_amd64.deb,https://archive.ubuntu.com/ubuntu/pool/universe/p/pdns/pdns-server_5.0.2-1build1_amd64.deb,595a4e29e9f8e67bd0a45b050b006ecfa1ee74266392c8a377aa3e3e5bacdc56,universe
ubuntu,perfetto,53.0-3,amd64,perfetto,53.0-3,https://perfetto.dev,https://perfetto.dev,pool/universe/p/perfetto/perfetto_53.0-3_amd64.deb,https://archive.ubuntu.com/ubuntu/pool/universe/p/perfetto/perfetto_53.0-3_amd64.deb,f9e232658c8d75996cc7b94b1f3e09adb9c397df1e9cc64d9b9d4ff05141dcad,universe
ubuntu,pgbouncer,1.25.1-1,amd64,pgbouncer,1.25.1-1,https://www.pgbouncer.org/,https://www.pgbouncer.org,pool/universe/p/pgbouncer/pgbouncer_1.25.1-1_amd64.deb,https://archive.ubuntu.com/ubuntu/pool/universe/p/pgbouncer/pgbouncer_1.25.1-1_amd64.deb,cdcc93195baff06f6426aa0b2b42d705b73c3fbf2931e8433b13ca87ff764dbd,universe
ubuntu,php8.5-fpm,8.5.4-0ubuntu1,amd64,php8.5,8.5.4-0ubuntu1,http://www.php.net/,https://www.php.net,pool/universe/p/php8.5/php8.5-fpm_8.5.4-0ubuntu1_amd64.deb,https://archive.ubuntu.com/ubuntu/pool/universe/p/php8.5/php8.5-fpm_8.5.4-0ubuntu1_amd64.deb,bbb18bbadcf04630c055b85192531a9471db735740a2a5fe823e898188046010,universe
ubuntu,php8.5-litespeed,8.5.4-0ubuntu1,amd64,php8.5,8.5.4-0ubuntu1,http://www.php.net/,https://www.php.net,pool/universe/p/php8.5/php8.5-litespeed_8.5.4-0ubuntu1_amd64.deb,https://archive.ubuntu.com/ubuntu/pool/universe/p/php8.5/php8.5-litespeed_8.5.4-0ubuntu1_amd64.deb,6058788c93949b6944d071262beb6676c57f15656f56c66d15587a23f974368a,universe
ubuntu,phrog,0.50.0-1,amd64,phrog,0.50.0-1,https://github.com/samcday/phrog/,https://github.com/samcday/phrog,pool/universe/p/phrog/phrog_0.50.0-1_amd64.deb,https://archive.ubuntu.com/ubuntu/pool/universe/p/phrog/phrog_0.50.0-1_amd64.deb,5fbd9bb50bd935e9e188550e624c4cf1b58dd9914f509aab940d432a7cc1bc9e,universe
ubuntu,plocate,1.1.23-1ubuntu3,amd64,plocate,1.1.23-1ubuntu3,https://plocate.sesse.net/,https://plocate.sesse.net,pool/universe/p/plocate/plocate_1.1.23-1ubuntu3_amd64.deb,https://archive.ubuntu.com/ubuntu/pool/universe/p/plocate/plocate_1.1.23-1ubuntu3_amd64.deb,474c2cd99b3fe93eecd68e45974bcf39677bf8ac752344173a096974981e5051,universe
ubuntu,plymouth,24.004.60+git20250831.4a3c171d-0ubuntu8,amd64,plymouth,24.004.60+git20250831.4a3c171d-0ubuntu8,https://www.freedesktop.org/wiki/Software/Plymouth,https://www.freedesktop.org/wiki/Software/Plymouth,pool/main/p/plymouth/plymouth_24.004.60+git20250831.4a3c171d-0ubuntu8_amd64.deb,https://archive.ubuntu.com/ubuntu/pool/main/p/plymouth/plymouth_24.004.60+git20250831.4a3c171d-0ubuntu8_amd64.deb,70abc40f1d4a8caeae443310e397cd8b17f2a5e9769c797d79ce479de13870b0,main
ubuntu,polkitd,127-2ubuntu1,amd64,policykit-1,127-2ubuntu1,https://github.com/polkit-org/polkit/,https://github.com/polkit-org/polkit,pool/main/p/policykit-1/polkitd_127-2ubuntu1_amd64.deb,https://archive.ubuntu.com/ubuntu/pool/main/p/policykit-1/polkitd_127-2ubuntu1_amd64.deb,eb02acd6a7d5ba35af672e18cf1756e9f45d1284b1f4e97478e1223c1692bd72,main
ubuntu,portsentry,2.0.6-1,amd64,portsentry,2.0.6-1,https://portsentry.xyz,https://portsentry.xyz,pool/universe/p/portsentry/portsentry_2.0.6-1_amd64.deb,https://archive.ubuntu.com/ubuntu/pool/universe/p/portsentry/portsentry_2.0.6-1_amd64.deb,9f4974fd87a831c1a83a62aa1744225e8646ef922c86394e69dba74792a0d7a1,universe
ubuntu,postfix,3.10.6-4ubuntu2,amd64,postfix,3.10.6-4ubuntu2,https://www.postfix.org,https://www.postfix.org,pool/main/p/postfix/postfix_3.10.6-4ubuntu2_amd64.deb,https://archive.ubuntu.com/ubuntu/pool/main/p/postfix/postfix_3.10.6-4ubuntu2_amd64.deb,6494dd468a77934ac5d062cc2499ebbff8e332429d092588dcbdb3a1d3b35262,main
ubuntu,postfix-mta-sts-resolver,1.5.0-1build1,all,postfix-mta-sts-resolver,1.5.0-1build1,https://github.com/Snawoot/postfix-mta-sts-resolver,https://github.com/Snawoot/postfix-mta-sts-resolver,pool/universe/p/postfix-mta-sts-resolver/postfix-mta-sts-resolver_1.5.0-1build1_all.deb,https://archive.ubuntu.com/ubuntu/pool/universe/p/postfix-mta-sts-resolver/postfix-mta-sts-resolver_1.5.0-1build1_all.deb,1456446b141cfb36f4ddaa40f274b5abcfe478141cc621b946b7c1e0fef4f14e,universe
ubuntu,postgrey,1.37-2.2,all,postgrey,1.37-2.2,http://postgrey.schweikert.ch/,https://postgrey.schweikert.ch,pool/universe/p/postgrey/postgrey_1.37-2.2_all.deb,https://archive.ubuntu.com/ubuntu/pool/universe/p/postgrey/postgrey_1.37-2.2_all.deb,420689356ffb63797619eeea6ef5ac63a6a87c4ecff33229e3bc48682f2eca6d,universe
ubuntu,power-profiles-daemon,0.30-2,amd64,power-profiles-daemon,0.30-2,https://gitlab.freedesktop.org/upower/power-profiles-daemon,https://gitlab.freedesktop.org/upower/power-profiles-daemon,pool/main/p/power-profiles-daemon/power-profiles-daemon_0.30-2_amd64.deb,https://archive.ubuntu.com/ubuntu/pool/main/p/power-profiles-daemon/power-profiles-daemon_0.30-2_amd64.deb,476b74a46ec1ae19d1c43bfa00957d53dd9a51ea8229da06d8aee87e4ea7653e,main
ubuntu,privoxy,4.1.0-1,amd64,privoxy,4.1.0-1,https://www.privoxy.org/,https://www.privoxy.org,pool/universe/p/privoxy/privoxy_4.1.0-1_amd64.deb,https://archive.ubuntu.com/ubuntu/pool/universe/p/privoxy/privoxy_4.1.0-1_amd64.deb,ac79bb6fa1c56425eca9c9c61b65a0cf2e6032349987c0cfcdfe17bb85a5adcd,universe
ubuntu,proftpd-core,1.3.9~dfsg-4,amd64,proftpd-dfsg,1.3.9~dfsg-4,http://www.proftpd.org/,https://www.proftpd.org,pool/universe/p/proftpd-dfsg/proftpd-core_1.3.9~dfsg-4_amd64.deb,https://archive.ubuntu.com/ubuntu/pool/universe/p/proftpd-dfsg/proftpd-core_1.3.9~dfsg-4_amd64.deb,81dc9db8b2830dde6c55e8f4cac3ffd58bf52dbc9f8ce678246600795a7af36d,universe
ubuntu,prometheus,2.53.5+ds1-3,amd64,prometheus,2.53.5+ds1-3,https://prometheus.io/,https://prometheus.io,pool/universe/p/prometheus/prometheus_2.53.5+ds1-3_amd64.deb,https://archive.ubuntu.com/ubuntu/pool/universe/p/prometheus/prometheus_2.53.5+ds1-3_amd64.deb,8a87e7dbab91c6f9b62d385bc86e342f0114538aa251d87352cfcc2cc457d338,universe
ubuntu,prometheus-alertmanager,0.28.1+ds-3,amd64,prometheus-alertmanager,0.28.1+ds-3,https://github.com/prometheus/alertmanager,https://github.com/prometheus/alertmanager,pool/universe/p/prometheus-alertmanager/prometheus-alertmanager_0.28.1+ds-3_amd64.deb,https://archive.ubuntu.com/ubuntu/pool/universe/p/prometheus-alertmanager/prometheus-alertmanager_0.28.1+ds-3_amd64.deb,364081925d547c4a02dc8df8e05e5bf09791f8821ff1a1f5db346ae3f892da3a,universe
ubuntu,prometheus-bird-exporter,1.4.4-1,amd64,prometheus-bird-exporter,1.4.4-1,https://github.com/czerwonk/bird_exporter,https://github.com/czerwonk/bird_exporter,pool/universe/p/prometheus-bird-exporter/prometheus-bird-exporter_1.4.4-1_amd64.deb,https://archive.ubuntu.com/ubuntu/pool/universe/p/prometheus-bird-exporter/prometheus-bird-exporter_1.4.4-1_amd64.deb,5323889f3b78487c6f13596d23022a24108b986a1ca3e65279cc5ee1d2f4aa61,universe
ubuntu,prometheus-blackbox-exporter,0.26.0-2,amd64,prometheus-blackbox-exporter,0.26.0-2,https://github.com/prometheus/blackbox_exporter,https://github.com/prometheus/blackbox_exporter,pool/universe/p/prometheus-blackbox-exporter/prometheus-blackbox-exporter_0.26.0-2_amd64.deb,https://archive.ubuntu.com/ubuntu/pool/universe/p/prometheus-blackbox-exporter/prometheus-blackbox-exporter_0.26.0-2_amd64.deb,2ab7839b55be23215cb0c893d4142a8c39a603fe6720ad86afb62caf8c456cfd,universe
ubuntu,prometheus-elasticsearch-exporter,1.9.0-1build1,amd64,prometheus-elasticsearch-exporter,1.9.0-1build1,https://github.com/prometheus-community/elasticsearch_exporter,https://github.com/prometheus-community/elasticsearch_exporter,pool/universe/p/prometheus-elasticsearch-exporter/prometheus-elasticsearch-exporter_1.9.0-1build1_amd64.deb,https://archive.ubuntu.com/ubuntu/pool/universe/p/prometheus-elasticsearch-exporter/prometheus-elasticsearch-exporter_1.9.0-1build1_amd64.deb,8fb0ed6de9d132f7c5eceebf9a5fc86361b0722f7a6b16ef0288688e1ab07884,universe
ubuntu,prometheus-ipmi-exporter,1.10.1-1,amd64,prometheus-ipmi-exporter,1.10.1-1,https://github.com/prometheus-community/ipmi_exporter,https://github.com/prometheus-community/ipmi_exporter,pool/universe/p/prometheus-ipmi-exporter/prometheus-ipmi-exporter_1.10.1-1_amd64.deb,https://archive.ubuntu.com/ubuntu/pool/universe/p/prometheus-ipmi-exporter/prometheus-ipmi-exporter_1.10.1-1_amd64.deb,553c6dbc5f2d3434b17bff7b7e530a813ebec5a25091d1a3d2c08ffce10820da,universe
ubuntu,prometheus-mysqld-exporter,0.18.0-1,amd64,prometheus-mysqld-exporter,0.18.0-1,https://github.com/prometheus/mysqld_exporter,https://github.com/prometheus/mysqld_exporter,pool/universe/p/prometheus-mysqld-exporter/prometheus-mysqld-exporter_0.18.0-1_amd64.deb,https://archive.ubuntu.com/ubuntu/pool/universe/p/prometheus-mysqld-exporter/prometheus-mysqld-exporter_0.18.0-1_amd64.deb,3288ca5c1c210360bdde1f080d7b19ff84213f8344122aa79447ed00dd9f1ca8,universe
ubuntu,prometheus-node-exporter,1.10.2-1,amd64,prometheus-node-exporter,1.10.2-1,https://github.com/prometheus/node_exporter,https://github.com/prometheus/node_exporter,pool/universe/p/prometheus-node-exporter/prometheus-node-exporter_1.10.2-1_amd64.deb,https://archive.ubuntu.com/ubuntu/pool/universe/p/prometheus-node-exporter/prometheus-node-exporter_1.10.2-1_amd64.deb,64dc6b1fd378013829cb75a46e2f93603da361aeeb616f2ebaac9a7162ce266b,universe
ubuntu,prometheus-postgres-exporter,0.19.0-1,amd64,prometheus-postgres-exporter,0.19.0-1,https://github.com/prometheus-community/postgres_exporter,https://github.com/prometheus-community/postgres_exporter,pool/universe/p/prometheus-postgres-exporter/prometheus-postgres-exporter_0.19.0-1_amd64.deb,https://archive.ubuntu.com/ubuntu/pool/universe/p/prometheus-postgres-exporter/prometheus-postgres-exporter_0.19.0-1_amd64.deb,ebc6281c2faf36beac9432a9a60864f6228d5c3c437cea6171a0ca0122e35ce8,universe
ubuntu,prometheus-redis-exporter,1.81.0-0ubuntu1,amd64,prometheus-redis-exporter,1.81.0-0ubuntu1,https://github.com/oliver006/redis_exporter,https://github.com/oliver006/redis_exporter,pool/universe/p/prometheus-redis-exporter/prometheus-redis-exporter_1.81.0-0ubuntu1_amd64.deb,https://archive.ubuntu.com/ubuntu/pool/universe/p/prometheus-redis-exporter/prometheus-redis-exporter_1.81.0-0ubuntu1_amd64.deb,03a26174fb3c13c6761120d064a6fe11579ea21e3d3e3c6034389662c1ae818b,universe
ubuntu,prometheus-smartctl-exporter,0.14.0-2,amd64,smartctl-exporter,0.14.0-2,https://github.com/prometheus-community/smartctl_exporter,https://github.com/prometheus-community/smartctl_exporter,pool/universe/s/smartctl-exporter/prometheus-smartctl-exporter_0.14.0-2_amd64.deb,https://archive.ubuntu.com/ubuntu/pool/universe/s/smartctl-exporter/prometheus-smartctl-exporter_0.14.0-2_amd64.deb,498d4244c53bebf08652ee9bcbc600bb2723c27fd2669b7ce6390090ff3da4cc,universe
ubuntu,prometheus-smokeping-prober,0.10.0-1,amd64,prometheus-smokeping-prober,0.10.0-1,https://github.com/SuperQ/smokeping_prober,https://github.com/SuperQ/smokeping_prober,pool/universe/p/prometheus-smokeping-prober/prometheus-smokeping-prober_0.10.0-1_amd64.deb,https://archive.ubuntu.com/ubuntu/pool/universe/p/prometheus-smokeping-prober/prometheus-smokeping-prober_0.10.0-1_amd64.deb,aae3a42c3a54db67ac44fcb02ed69e89365ef38e4bc237c9b63a1975aa8f1d99,universe
ubuntu,prometheus-snmp-exporter,0.30.1-1,amd64,prometheus-snmp-exporter,0.30.1-1,https://github.com/prometheus/snmp_exporter,https://github.com/prometheus/snmp_exporter,pool/universe/p/prometheus-snmp-exporter/prometheus-snmp-exporter_0.30.1-1_amd64.deb,https://archive.ubuntu.com/ubuntu/pool/universe/p/prometheus-snmp-exporter/prometheus-snmp-exporter_0.30.1-1_amd64.deb,de83f5928f171fb04658cfc27630e5d3956d0ea0f09b89bccc4b6f707ba4add6,universe
ubuntu,prometheus-varnish-exporter,1.6.1-3,amd64,prometheus-varnish-exporter,1.6.1-3,https://github.com/jonnenauha/prometheus_varnish_exporter,https://github.com/jonnenauha/prometheus_varnish_exporter,pool/universe/p/prometheus-varnish-exporter/prometheus-varnish-exporter_1.6.1-3_amd64.deb,https://archive.ubuntu.com/ubuntu/pool/universe/p/prometheus-varnish-exporter/prometheus-varnish-exporter_1.6.1-3_amd64.deb,95ba967d62416f21e5c004cca6e030d8f4e3a13b2a9e1476e93f540499ba034a,universe
ubuntu,psad,2.4.6-3build1,amd64,psad,2.4.6-3build1,https://www.cipherdyne.org/psad/,https://www.cipherdyne.org/psad,pool/universe/p/psad/psad_2.4.6-3build1_amd64.deb,https://archive.ubuntu.com/ubuntu/pool/universe/p/psad/psad_2.4.6-3build1_amd64.deb,95febca637c8e62e8858c2597f1e8089641702ed7bf24b6f541cbf55ca58d55c,universe
ubuntu,pynslcd,0.9.13-2ubuntu2,all,nss-pam-ldapd,0.9.13-2ubuntu2,https://arthurdejong.org/nss-pam-ldapd/,https://arthurdejong.org/nss-pam-ldapd,pool/universe/n/nss-pam-ldapd/pynslcd_0.9.13-2ubuntu2_all.deb,https://archive.ubuntu.com/ubuntu/pool/universe/n/nss-pam-ldapd/pynslcd_0.9.13-2ubuntu2_all.deb,c06fcea79e8bf660df1259eb02a809565be0fb4d3de39461c2e939f2dee93df9,universe
ubuntu,pyspf-milter,3.1.0-2build1,all,spf-engine,3.1.0-2build1,https://launchpad.net/spf-engine,https://launchpad.net/spf-engine,pool/universe/s/spf-engine/pyspf-milter_3.1.0-2build1_all.deb,https://archive.ubuntu.com/ubuntu/pool/universe/s/spf-engine/pyspf-milter_3.1.0-2build1_all.deb,7e0a4484578fd259941c77f67a49596d9d618ec97dbca237f992ceed6402a226,universe
ubuntu,python3-rtslib-fb,2.1.74-0ubuntu6,all,python-rtslib-fb,2.1.74-0ubuntu6,https://github.com/open-iscsi/rtslib-fb,https://github.com/open-iscsi/rtslib-fb,pool/main/p/python-rtslib-fb/python3-rtslib-fb_2.1.74-0ubuntu6_all.deb,https://archive.ubuntu.com/ubuntu/pool/main/p/python-rtslib-fb/python3-rtslib-fb_2.1.74-0ubuntu6_all.deb,5c8c1f4c780b6c600238d8eaebaa98c7acb132c8bf8eb2c518aaddadf43b2162,main
ubuntu,qatlib-service,26.02.0-1,amd64,qatlib,26.02.0-1,https://github.com/intel/qatlib,https://github.com/intel/qatlib,pool/universe/q/qatlib/qatlib-service_26.02.0-1_amd64.deb,https://archive.ubuntu.com/ubuntu/pool/universe/q/qatlib/qatlib-service_26.02.0-1_amd64.deb,fc6e8e2c2ccec95d9b560648539600447ac18bfd6f57542721606706ec2208f7,universe
ubuntu,qbittorrent-nox,5.1.4-dmo1,amd64,qbittorrent,5.1.4-dmo1,https://www.qbittorrent.org/,https://www.qbittorrent.org,pool/universe/q/qbittorrent/qbittorrent-nox_5.1.4-dmo1_amd64.deb,https://archive.ubuntu.com/ubuntu/pool/universe/q/qbittorrent/qbittorrent-nox_5.1.4-dmo1_amd64.deb,2fabda27ab42ad61c8064c923c59d702a4178165973e384a789ffe59ea0a8541,universe
ubuntu,qbootctl,0.2.2-1build1,amd64,qbootctl,0.2.2-1build1,https://github.com/linux-msm/qbootctl,https://github.com/linux-msm/qbootctl,pool/universe/q/qbootctl/qbootctl_0.2.2-1build1_amd64.deb,https://archive.ubuntu.com/ubuntu/pool/universe/q/qbootctl/qbootctl_0.2.2-1build1_amd64.deb,e4dd18035f79d471cf47300dd43dfa7ad2141b7fa267fda0cea10e51474372b2,universe
ubuntu,qemu-guest-agent,1:10.2.1+ds-1ubuntu3,amd64,qemu,1:10.2.1+ds-1ubuntu3,http://www.qemu.org/,https://www.qemu.org,pool/universe/q/qemu/qemu-guest-agent_10.2.1+ds-1ubuntu3_amd64.deb,https://archive.ubuntu.com/ubuntu/pool/universe/q/qemu/qemu-guest-agent_10.2.1+ds-1ubuntu3_amd64.deb,613cc6c34395be6cb893530ab18255f2e2a8115b8bb894c70574ce478e1dda67,universe
ubuntu,qemu-guest-agent-hwe,1:10.2.1+ds-1ubuntu4,amd64,qemu-hwe,1:10.2.1+ds-1ubuntu4,http://www.qemu.org/,https://www.qemu.org,pool/universe/q/qemu-hwe/qemu-guest-agent-hwe_10.2.1+ds-1ubuntu4_amd64.deb,https://archive.ubuntu.com/ubuntu/pool/universe/q/qemu-hwe/qemu-guest-agent-hwe_10.2.1+ds-1ubuntu4_amd64.deb,4c46334e6e9ada01194de92932b11c90acf4d8965bc821a086666a6d6e5cb55a,universe
ubuntu,qemu-system-common,1:10.2.1+ds-1ubuntu3,amd64,qemu,1:10.2.1+ds-1ubuntu3,http://www.qemu.org/,https://www.qemu.org,pool/main/q/qemu/qemu-system-common_10.2.1+ds-1ubuntu3_amd64.deb,https://archive.ubuntu.com/ubuntu/pool/main/q/qemu/qemu-system-common_10.2.1+ds-1ubuntu3_amd64.deb,4af56406c0d00611c9d85a0dcff2eb1c838bfd7fdbdc43420ce513d426655bfb,main
ubuntu,qemu-system-common-hwe,1:10.2.1+ds-1ubuntu4,amd64,qemu-hwe,1:10.2.1+ds-1ubuntu4,http://www.qemu.org/,https://www.qemu.org,pool/main/q/qemu-hwe/qemu-system-common-hwe_10.2.1+ds-1ubuntu4_amd64.deb,https://archive.ubuntu.com/ubuntu/pool/main/q/qemu-hwe/qemu-system-common-hwe_10.2.1+ds-1ubuntu4_amd64.deb,3dd28dee2af2857c34beab4a50c0789a4936e954fc057422a50fd950585faced,main
ubuntu,quota,4.09-1build1,amd64,quota,4.09-1build1,http://sourceforge.net/projects/linuxquota,https://sourceforge.net/projects/linuxquota,pool/main/q/quota/quota_4.09-1build1_amd64.deb,https://archive.ubuntu.com/ubuntu/pool/main/q/quota/quota_4.09-1build1_amd64.deb,88b702cba6c03b6c5b54934181d5d2f1daaeffdf338ce105a1299ba65ae3cd2c,main
ubuntu,rabbitmq-server,4.0.5-10ubuntu5,all,rabbitmq-server,4.0.5-10ubuntu5,https://www.rabbitmq.com/,https://www.rabbitmq.com,pool/main/r/rabbitmq-server/rabbitmq-server_4.0.5-10ubuntu5_all.deb,https://archive.ubuntu.com/ubuntu/pool/main/r/rabbitmq-server/rabbitmq-server_4.0.5-10ubuntu5_all.deb,facf754e045a705aca30b82b7728ac7b3f123d2b7f7838575b246fe0bd2ad05e,main
ubuntu,radicale,3.6.0-1ubuntu1,all,radicale,3.6.0-1ubuntu1,https://radicale.org/,https://radicale.org,pool/universe/r/radicale/radicale_3.6.0-1ubuntu1_all.deb,https://archive.ubuntu.com/ubuntu/pool/universe/r/radicale/radicale_3.6.0-1ubuntu1_all.deb,ba4a38b223fd05f8fe02a6d27fe3a426b6e89c221fe86fcf92e95635afa0ae4a,universe
ubuntu,radosgw,20.2.0-0ubuntu2,amd64,ceph,20.2.0-0ubuntu2,http://ceph.com/,https://ceph.com,pool/main/c/ceph/radosgw_20.2.0-0ubuntu2_amd64.deb,https://archive.ubuntu.com/ubuntu/pool/main/c/ceph/radosgw_20.2.0-0ubuntu2_amd64.deb,9398f10dfa66e630a2eac1d0c01101560568c0132ff69ddbf09cb6bbbfcdd70d,main
ubuntu,radsecproxy,1.11.2-1build1,amd64,radsecproxy,1.11.2-1build1,https://radsecproxy.github.io/,https://radsecproxy.github.io,pool/universe/r/radsecproxy/radsecproxy_1.11.2-1build1_amd64.deb,https://archive.ubuntu.com/ubuntu/pool/universe/r/radsecproxy/radsecproxy_1.11.2-1build1_amd64.deb,e728b00db35baa4062538b1fb9205b6b82840816397ecdfb511573bad9bbb47b,universe
ubuntu,radvd,1:2.20-1build1,amd64,radvd,1:2.20-1build1,http://www.litech.org/radvd/,https://www.litech.org/radvd,pool/main/r/radvd/radvd_2.20-1build1_amd64.deb,https://archive.ubuntu.com/ubuntu/pool/main/r/radvd/radvd_2.20-1build1_amd64.deb,3e97a7ab810d7353d23136235cad5f66df69a23ac2e6caa39f4d8c4d2d8b7ddb,main
ubuntu,ratbagd,0.18-1build1,amd64,libratbag,0.18-1build1,https://github.com/libratbag/libratbag/,https://github.com/libratbag/libratbag,pool/universe/libr/libratbag/ratbagd_0.18-1build1_amd64.deb,https://archive.ubuntu.com/ubuntu/pool/universe/libr/libratbag/ratbagd_0.18-1build1_amd64.deb,99372e581fafb46f3554fbc3c7465be5cc4432be9a323d0e7358f7b7bba59571,universe
ubuntu,rbd-mirror,20.2.0-0ubuntu2,amd64,ceph,20.2.0-0ubuntu2,http://ceph.com/,https://ceph.com,pool/universe/c/ceph/rbd-mirror_20.2.0-0ubuntu2_amd64.deb,https://archive.ubuntu.com/ubuntu/pool/universe/c/ceph/rbd-mirror_20.2.0-0ubuntu2_amd64.deb,1c68bb6792b827bbf099b78e58f9639f1ab094b10323f90914f2a88806716f5b,universe
ubuntu,rdma-core,61.0-2ubuntu3,amd64,rdma-core,61.0-2ubuntu3,https://github.com/linux-rdma/rdma-core,https://github.com/linux-rdma/rdma-core,pool/main/r/rdma-core/rdma-core_61.0-2ubuntu3_amd64.deb,https://archive.ubuntu.com/ubuntu/pool/main/r/rdma-core/rdma-core_61.0-2ubuntu3_amd64.deb,897c94f689429496fa425d09e4bbc324e28e6d2cb59d739e3de90c5d6fcccca8,main
ubuntu,rdnssd,1.0.8-1,amd64,ndisc6,1.0.8-1,https://www.remlab.net/ndisc6/,https://www.remlab.net/ndisc6,pool/universe/n/ndisc6/rdnssd_1.0.8-1_amd64.deb,https://archive.ubuntu.com/ubuntu/pool/universe/n/ndisc6/rdnssd_1.0.8-1_amd64.deb,c0cd7c8cbdcfe8fe6404d10644da444fa31c1bd23f05fc74c473b5cc28f189a4,universe
ubuntu,rebuilderd-worker,0.25.0-2,amd64,rust-rebuilderd-worker,0.25.0-2,https://github.com/kpcyrd/rebuilderd,https://github.com/kpcyrd/rebuilderd,pool/universe/r/rust-rebuilderd-worker/rebuilderd-worker_0.25.0-2_amd64.deb,https://archive.ubuntu.com/ubuntu/pool/universe/r/rust-rebuilderd-worker/rebuilderd-worker_0.25.0-2_amd64.deb,0c7387ece98b6266358a2b8cac3a3cbe3966fd5180a2259551e498d9759b4263,universe
ubuntu,redict-sentinel,7.3.6+ds-1,amd64,redict,7.3.6+ds-1,https://redict.io/,https://redict.io,pool/universe/r/redict/redict-sentinel_7.3.6+ds-1_amd64.deb,https://archive.ubuntu.com/ubuntu/pool/universe/r/redict/redict-sentinel_7.3.6+ds-1_amd64.deb,a2afe7ebe33c8185632712c7fdeee4f2e62cf41b3858b84158b66f2f239a2d7b,universe
ubuntu,redict-server,7.3.6+ds-1,amd64,redict,7.3.6+ds-1,https://redict.io/,https://redict.io,pool/universe/r/redict/redict-server_7.3.6+ds-1_amd64.deb,https://archive.ubuntu.com/ubuntu/pool/universe/r/redict/redict-server_7.3.6+ds-1_amd64.deb,121062d7acc7b835898f1d924ad1db6b91b93fdef5821dcdd486a3e07de3a77f,universe
ubuntu,remotetrx,25.05.1-4,amd64,svxlink,25.05.1-4,https://www.svxlink.org,https://www.svxlink.org,pool/universe/s/svxlink/remotetrx_25.05.1-4_amd64.deb,https://archive.ubuntu.com/ubuntu/pool/universe/s/svxlink/remotetrx_25.05.1-4_amd64.deb,8b5be37f859f7a4e6cfd3db8f8b54b0bc833bc131ee913765f68e30c359225b2,universe
ubuntu,rmtfs,1.1.1-2,amd64,rmtfs,1.1.1-2,https://github.com/linux-msm/rmtfs,https://github.com/linux-msm/rmtfs,pool/universe/r/rmtfs/rmtfs_1.1.1-2_amd64.deb,https://archive.ubuntu.com/ubuntu/pool/universe/r/rmtfs/rmtfs_1.1.1-2_amd64.deb,5217765b6fe3b2a0a33f3396c0fba362dd2dd4f23c98907ca97d6dab17cdbe32,universe
ubuntu,rpcbind,1.2.7-1build2,amd64,rpcbind,1.2.7-1build2,http://sourceforge.net/projects/rpcbind/,https://sourceforge.net/projects/rpcbind,pool/main/r/rpcbind/rpcbind_1.2.7-1build2_amd64.deb,https://archive.ubuntu.com/ubuntu/pool/main/r/rpcbind/rpcbind_1.2.7-1build2_amd64.deb,cdf3b1779d51f85c7e3694ffca07338e840cb2605482ad04d822b3ee5bf684dc,main
ubuntu,rrdcached,1.9.0-2build1,amd64,rrdtool,1.9.0-2build1,https://oss.oetiker.ch/rrdtool/,https://oss.oetiker.ch/rrdtool,pool/universe/r/rrdtool/rrdcached_1.9.0-2build1_amd64.deb,https://archive.ubuntu.com/ubuntu/pool/universe/r/rrdtool/rrdcached_1.9.0-2build1_amd64.deb,d281a92acfd360138f34ad7cbb57d836ca52d64a3384414dae2c25b0353b9908,universe
ubuntu,rspamd,3.8.1-1.2ubuntu3,amd64,rspamd,3.8.1-1.2ubuntu3,https://rspamd.com,https://rspamd.com,pool/universe/r/rspamd/rspamd_3.8.1-1.2ubuntu3_amd64.deb,https://archive.ubuntu.com/ubuntu/pool/universe/r/rspamd/rspamd_3.8.1-1.2ubuntu3_amd64.deb,afb56c47e71658d0ea5f25f34728d3497e5e0bda40d3d2cab695257bf6c250d5,universe
ubuntu,rsync,3.4.1+ds1-7,amd64,rsync,3.4.1+ds1-7,https://rsync.samba.org/,https://rsync.samba.org,pool/main/r/rsync/rsync_3.4.1+ds1-7_amd64.deb,https://archive.ubuntu.com/ubuntu/pool/main/r/rsync/rsync_3.4.1+ds1-7_amd64.deb,cbd6c48c8aff266268cb09489bcb94e1585315b0e2ce64dc4f89766346a0e8b4,main
ubuntu,rsyslog,8.2512.0-1ubuntu4,amd64,rsyslog,8.2512.0-1ubuntu4,https://www.rsyslog.com/,https://www.rsyslog.com,pool/main/r/rsyslog/rsyslog_8.2512.0-1ubuntu4_amd64.deb,https://archive.ubuntu.com/ubuntu/pool/main/r/rsyslog/rsyslog_8.2512.0-1ubuntu4_amd64.deb,572e8bbde69b58fb02a5802d3d6a3b146852b515410a90a4ae3164e8ec41d80c,main
ubuntu,rtkit,0.14-1,amd64,rtkit,0.14-1,https://gitlab.freedesktop.org/pipewire/rtkit,https://gitlab.freedesktop.org/pipewire/rtkit,pool/main/r/rtkit/rtkit_0.14-1_amd64.deb,https://archive.ubuntu.com/ubuntu/pool/main/r/rtkit/rtkit_0.14-1_amd64.deb,87025d92fff2cda675b6b97a3003f7a1405a1226c0ef066a5edb7579660238d0,main
ubuntu,sackd,25.11.2-1ubuntu2,amd64,slurm-wlm,25.11.2-1ubuntu2,http://slurm.schedmd.com,https://slurm.schedmd.com,pool/universe/s/slurm-wlm/sackd_25.11.2-1ubuntu2_amd64.deb,https://archive.ubuntu.com/ubuntu/pool/universe/s/slurm-wlm/sackd_25.11.2-1ubuntu2_amd64.deb,5714028e3427ebd04459d6f406463c624a3148082fe419481880a095e1c8c251,universe
ubuntu,samba,2:4.23.6+dfsg-1ubuntu2,amd64,samba,2:4.23.6+dfsg-1ubuntu2,https://www.samba.org,https://www.samba.org,pool/main/s/samba/samba_4.23.6+dfsg-1ubuntu2_amd64.deb,https://archive.ubuntu.com/ubuntu/pool/main/s/samba/samba_4.23.6+dfsg-1ubuntu2_amd64.deb,ffb923a4aa1d98b5cfdba3c796107f5f1bf869d8615bcc98f0f55c658e426fbe,main
ubuntu,samba-ad-dc,2:4.23.6+dfsg-1ubuntu2,amd64,samba,2:4.23.6+dfsg-1ubuntu2,https://www.samba.org,https://www.samba.org,pool/universe/s/samba/samba-ad-dc_4.23.6+dfsg-1ubuntu2_amd64.deb,https://archive.ubuntu.com/ubuntu/pool/universe/s/samba/samba-ad-dc_4.23.6+dfsg-1ubuntu2_amd64.deb,ae3f7aff71a0ef87b9daa7899df476275e7c5517e78606ad67caf76d7d5ea124,universe
ubuntu,sane-utils,1.4.0-1ubuntu1,amd64,sane-backends,1.4.0-1ubuntu1,http://www.sane-project.org,https://www.sane-project.org,pool/main/s/sane-backends/sane-utils_1.4.0-1ubuntu1_amd64.deb,https://archive.ubuntu.com/ubuntu/pool/main/s/sane-backends/sane-utils_1.4.0-1ubuntu1_amd64.deb,463d4c1cf4b3d40711b42b7c0151da612bf1d1629eb04f4fefad0d824f9e65a8,main
ubuntu,sasl2-bin,2.1.28+dfsg1-9ubuntu3,amd64,cyrus-sasl2,2.1.28+dfsg1-9ubuntu3,https://www.cyrusimap.org/sasl/,https://www.cyrusimap.org/sasl,pool/main/c/cyrus-sasl2/sasl2-bin_2.1.28+dfsg1-9ubuntu3_amd64.deb,https://archive.ubuntu.com/ubuntu/pool/main/c/cyrus-sasl2/sasl2-bin_2.1.28+dfsg1-9ubuntu3_amd64.deb,a7c0c0b96957eccc7c8b46f5e10eacada1b9cd8874d422c8dafa766d2bf99199,main
ubuntu,sddm,0.21.0+git20250502.4fe234b-2ubuntu3,amd64,sddm,0.21.0+git20250502.4fe234b-2ubuntu3,https://github.com/sddm/sddm,https://github.com/sddm/sddm,pool/universe/s/sddm/sddm_0.21.0+git20250502.4fe234b-2ubuntu3_amd64.deb,https://archive.ubuntu.com/ubuntu/pool/universe/s/sddm/sddm_0.21.0+git20250502.4fe234b-2ubuntu3_amd64.deb,7c0c8a0db3b9789a50dff116e5b675eaddce472ac2bb0db74edbd16e2ffb2c3d,universe
ubuntu,seatd,0.9.2-2,amd64,seatd,0.9.2-2,https://sr.ht/~kennylevinsen/seatd/,https://sr.ht/~kennylevinsen/seatd,pool/universe/s/seatd/seatd_0.9.2-2_amd64.deb,https://archive.ubuntu.com/ubuntu/pool/universe/s/seatd/seatd_0.9.2-2_amd64.deb,733f1f8bc7d514b730bf9e886a2a4132d048d692a26733af9b47d340d07b5835,universe
ubuntu,sendmail-bin,8.18.2-1,amd64,sendmail,8.18.2-1,http://www.sendmail.org,https://www.sendmail.org,pool/universe/s/sendmail/sendmail-bin_8.18.2-1_amd64.deb,https://archive.ubuntu.com/ubuntu/pool/universe/s/sendmail/sendmail-bin_8.18.2-1_amd64.deb,65761b3ebac9a06de83a5945cd396ebe82436b3676b23b1aee21078471c06b9d,universe
ubuntu,ser2net,4.6.5-1,amd64,ser2net,4.6.5-1,https://github.com/cminyard/ser2net,https://github.com/cminyard/ser2net,pool/universe/s/ser2net/ser2net_4.6.5-1_amd64.deb,https://archive.ubuntu.com/ubuntu/pool/universe/s/ser2net/ser2net_4.6.5-1_amd64.deb,b49238c09011843b92d49d57df8d6f024b82eac6dfa66044aabeb233b400e739,universe
ubuntu,shairport-sync,4.3.7-1build1,amd64,shairport-sync,4.3.7-1build1,https://github.com/mikebrady/shairport-sync,https://github.com/mikebrady/shairport-sync,pool/universe/s/shairport-sync/shairport-sync_4.3.7-1build1_amd64.deb,https://archive.ubuntu.com/ubuntu/pool/universe/s/shairport-sync/shairport-sync_4.3.7-1build1_amd64.deb,1b3bb27ceaec78d4230c54125658926b29cbc076f826b6e346e00ecb2f30b913,universe
ubuntu,shellinabox,2.21+really2.21-1,amd64,shellinabox,2.21+really2.21-1,https://github.com/shellinabox/shellinabox,https://github.com/shellinabox/shellinabox,pool/universe/s/shellinabox/shellinabox_2.21+really2.21-1_amd64.deb,https://archive.ubuntu.com/ubuntu/pool/universe/s/shellinabox/shellinabox_2.21+really2.21-1_amd64.deb,a5978cf5d667052b812b2217719a102ccb5a439628c214f0462d65af926b545d,universe
ubuntu,slapd,2.6.10+dfsg-1ubuntu5,amd64,openldap,2.6.10+dfsg-1ubuntu5,https://www.openldap.org/,https://www.openldap.org,pool/main/o/openldap/slapd_2.6.10+dfsg-1ubuntu5_amd64.deb,https://archive.ubuntu.com/ubuntu/pool/main/o/openldap/slapd_2.6.10+dfsg-1ubuntu5_amd64.deb,609e338d736bceefa3590c6ca3e5339f07d4a5f9c17d552227552c133462494f,main
ubuntu,slim,1.4.1-3,amd64,slim,1.4.1-3,http://sourceforge.net/projects/slim-fork/,https://sourceforge.net/projects/slim-fork,pool/universe/s/slim/slim_1.4.1-3_amd64.deb,https://archive.ubuntu.com/ubuntu/pool/universe/s/slim/slim_1.4.1-3_amd64.deb,ff302a8660065fcfc0ab3ab3a2d16dc784f9b0c6939e0c8090b2079f23de4e01,universe
ubuntu,slurmctld,25.11.2-1ubuntu2,amd64,slurm-wlm,25.11.2-1ubuntu2,http://slurm.schedmd.com,https://slurm.schedmd.com,pool/universe/s/slurm-wlm/slurmctld_25.11.2-1ubuntu2_amd64.deb,https://archive.ubuntu.com/ubuntu/pool/universe/s/slurm-wlm/slurmctld_25.11.2-1ubuntu2_amd64.deb,9cf8f1a0e54fee63f3cb4055c99233407831d9af9e5b42dc8ef448c2de2acf29,universe
ubuntu,slurmd,25.11.2-1ubuntu2,amd64,slurm-wlm,25.11.2-1ubuntu2,http://slurm.schedmd.com,https://slurm.schedmd.com,pool/universe/s/slurm-wlm/slurmd_25.11.2-1ubuntu2_amd64.deb,https://archive.ubuntu.com/ubuntu/pool/universe/s/slurm-wlm/slurmd_25.11.2-1ubuntu2_amd64.deb,bf7167f42eeb320140306f422a28cdb82ecfa789ba754e305582ed53f756fbf8,universe
ubuntu,slurmdbd,25.11.2-1ubuntu2,amd64,slurm-wlm,25.11.2-1ubuntu2,http://slurm.schedmd.com,https://slurm.schedmd.com,pool/universe/s/slurm-wlm/slurmdbd_25.11.2-1ubuntu2_amd64.deb,https://archive.ubuntu.com/ubuntu/pool/universe/s/slurm-wlm/slurmdbd_25.11.2-1ubuntu2_amd64.deb,274b70f597aed26034a20f6c34f8678f6fdb2fce5df0b27895743dd1f3c47f07,universe
ubuntu,slurmrestd,25.11.2-1ubuntu2,amd64,slurm-wlm,25.11.2-1ubuntu2,http://slurm.schedmd.com,https://slurm.schedmd.com,pool/universe/s/slurm-wlm/slurmrestd_25.11.2-1ubuntu2_amd64.deb,https://archive.ubuntu.com/ubuntu/pool/universe/s/slurm-wlm/slurmrestd_25.11.2-1ubuntu2_amd64.deb,106518e49eb10caed508442ba322022ecda591a3c9f4117b11ed6f6b102fd96d,universe
ubuntu,smartdns,46.1+dfsg-1build1,amd64,smartdns,46.1+dfsg-1build1,https://github.com/pymumu/smartdns,https://github.com/pymumu/smartdns,pool/universe/s/smartdns/smartdns_46.1+dfsg-1build1_amd64.deb,https://archive.ubuntu.com/ubuntu/pool/universe/s/smartdns/smartdns_46.1+dfsg-1build1_amd64.deb,7b9b7fdcac27588cb3f0938d700113e43004656b1530d72ea2d80284b775790b,universe
ubuntu,smartmontools,7.5-2,amd64,smartmontools,7.5-2,https://www.smartmontools.org/,https://www.smartmontools.org,pool/main/s/smartmontools/smartmontools_7.5-2_amd64.deb,https://archive.ubuntu.com/ubuntu/pool/main/s/smartmontools/smartmontools_7.5-2_amd64.deb,ab211f171a9595f6b9686caaec44ca07a623c4605923caae756e2446e055e0ff,main
ubuntu,snapd,2.74.1+ubuntu26.04.4,amd64,snapd,2.74.1+ubuntu26.04.4,https://github.com/snapcore/snapd,https://github.com/snapcore/snapd,pool/main/s/snapd/snapd_2.74.1+ubuntu26.04.4_amd64.deb,https://archive.ubuntu.com/ubuntu/pool/main/s/snapd/snapd_2.74.1+ubuntu26.04.4_amd64.deb,fe1b38a1298e24f986b28f73eb5eaffc0f239f93165648446c141b4ec10e06b0,main
ubuntu,snapper,0.10.6-1.3,amd64,snapper,0.10.6-1.3,http://snapper.io/,https://snapper.io,pool/universe/s/snapper/snapper_0.10.6-1.3_amd64.deb,https://archive.ubuntu.com/ubuntu/pool/universe/s/snapper/snapper_0.10.6-1.3_amd64.deb,d3f5a8cd924bb2173b858a49e474b7886de7f1bbef1b6e3adfdaebcd00a77cca,universe
ubuntu,sniproxy,0.6.1+git20240321-0.2build1,amd64,sniproxy,0.6.1+git20240321-0.2build1,https://github.com/dlundquist/sniproxy,https://github.com/dlundquist/sniproxy,pool/universe/s/sniproxy/sniproxy_0.6.1+git20240321-0.2build1_amd64.deb,https://archive.ubuntu.com/ubuntu/pool/universe/s/sniproxy/sniproxy_0.6.1+git20240321-0.2build1_amd64.deb,28de24c1c10c32a4e0e52818ced6ce0ab468dbba40c4db040f678c38d5aca489,universe
ubuntu,snmpd,5.9.4+dfsg-2ubuntu3,amd64,net-snmp,5.9.4+dfsg-2ubuntu3,https://net-snmp.sourceforge.net/,https://net-snmp.sourceforge.net,pool/main/n/net-snmp/snmpd_5.9.4+dfsg-2ubuntu3_amd64.deb,https://archive.ubuntu.com/ubuntu/pool/main/n/net-snmp/snmpd_5.9.4+dfsg-2ubuntu3_amd64.deb,eba7b9f9b7bac9ea65e8a172c775292b8136925a53036f081565ae88d972c34a,main
ubuntu,snmptrapd,5.9.4+dfsg-2ubuntu3,amd64,net-snmp,5.9.4+dfsg-2ubuntu3,https://net-snmp.sourceforge.net/,https://net-snmp.sourceforge.net,pool/universe/n/net-snmp/snmptrapd_5.9.4+dfsg-2ubuntu3_amd64.deb,https://archive.ubuntu.com/ubuntu/pool/universe/n/net-snmp/snmptrapd_5.9.4+dfsg-2ubuntu3_amd64.deb,dd70de542200f5181cef5ad36db348ff7e69376c14d95e35c9b2c29af3e378d3,universe
ubuntu,soapyremote-server,0.5.2-4.1,amd64,soapyremote,0.5.2-4.1,https://github.com/pothosware/SoapyRemote/wiki,https://github.com/pothosware/SoapyRemote,pool/universe/s/soapyremote/soapyremote-server_0.5.2-4.1_amd64.deb,https://archive.ubuntu.com/ubuntu/pool/universe/s/soapyremote/soapyremote-server_0.5.2-4.1_amd64.deb,45a5dca90149af688dc2f7d5bdf7e42aa7cc7d3663b6e32560e41778ee044185,universe
ubuntu,soju,0.10.1-1,amd64,soju,0.10.1-1,https://soju.im,https://soju.im,pool/universe/s/soju/soju_0.10.1-1_amd64.deb,https://archive.ubuntu.com/ubuntu/pool/universe/s/soju/soju_0.10.1-1_amd64.deb,ab98f1450a1b266a10aa29c89773204d11856531e8e6dfc2c16d72ae841ab9f0,universe
ubuntu,spacenavd,1.3.1-1build1,amd64,spacenavd,1.3.1-1build1,http://spacenav.sourceforge.net,https://spacenav.sourceforge.net,pool/universe/s/spacenavd/spacenavd_1.3.1-1build1_amd64.deb,https://archive.ubuntu.com/ubuntu/pool/universe/s/spacenavd/spacenavd_1.3.1-1build1_amd64.deb,d9b08ed05aa65f0ca507f944befe1574073a8cd076da520a9a5e1a2143994de4,universe
ubuntu,spamass-milter,0.4.0-5,amd64,spamass-milter,0.4.0-5,https://savannah.nongnu.org/projects/spamass-milt/,https://savannah.nongnu.org/projects/spamass-milt,pool/universe/s/spamass-milter/spamass-milter_0.4.0-5_amd64.deb,https://archive.ubuntu.com/ubuntu/pool/universe/s/spamass-milter/spamass-milter_0.4.0-5_amd64.deb,ef2aa74c021c82ed9c7835556a06c8a72eac518849f32925a9186d8aa9bff60f,universe
ubuntu,speech-dispatcher,0.12.1-2ubuntu1,amd64,speech-dispatcher,0.12.1-2ubuntu1,http://devel.freebsoft.org/speechd,https://devel.freebsoft.org/speechd,pool/main/s/speech-dispatcher/speech-dispatcher_0.12.1-2ubuntu1_amd64.deb,https://archive.ubuntu.com/ubuntu/pool/main/s/speech-dispatcher/speech-dispatcher_0.12.1-2ubuntu1_amd64.deb,f8300fd793a251968e7e7d98b5adc7e8365ca320cb8bd39a465142ffa6b78785,main
ubuntu,spice-vdagent,0.23.0-1,amd64,spice-vdagent,0.23.0-1,https://www.spice-space.org/,https://www.spice-space.org,pool/main/s/spice-vdagent/spice-vdagent_0.23.0-1_amd64.deb,https://archive.ubuntu.com/ubuntu/pool/main/s/spice-vdagent/spice-vdagent_0.23.0-1_amd64.deb,487f06fc94f634fe8f3c68428fb424e8948fbd283d1261aa7073ad6d2f840e21,main
ubuntu,sqlgrey,1:1.8.0-5.2build1,all,sqlgrey,1:1.8.0-5.2build1,http://sqlgrey.sourceforge.net/,https://sqlgrey.sourceforge.net,pool/universe/s/sqlgrey/sqlgrey_1.8.0-5.2build1_all.deb,https://archive.ubuntu.com/ubuntu/pool/universe/s/sqlgrey/sqlgrey_1.8.0-5.2build1_all.deb,745dcb99527de3735e90ad9288d56c0383a0829d0464df650cf7b923dc1da00a,universe
ubuntu,squid,7.2-2ubuntu2,amd64,squid,7.2-2ubuntu2,http://www.squid-cache.org,https://www.squid-cache.org,pool/main/s/squid/squid_7.2-2ubuntu2_amd64.deb,https://archive.ubuntu.com/ubuntu/pool/main/s/squid/squid_7.2-2ubuntu2_amd64.deb,580cfab339440c6fd0e3f23b438642d7a288c8902a9bf9013841806d43a2676a,main
ubuntu,srptools,61.0-2ubuntu3,amd64,rdma-core,61.0-2ubuntu3,https://github.com/linux-rdma/rdma-core,https://github.com/linux-rdma/rdma-core,pool/universe/r/rdma-core/srptools_61.0-2ubuntu3_amd64.deb,https://archive.ubuntu.com/ubuntu/pool/universe/r/rdma-core/srptools_61.0-2ubuntu3_amd64.deb,a2e88305d81700de50b30c19d4ab668487ab09ca1fac8755625597d05ff3e5e1,universe
ubuntu,sslh,2.1.4-1build2,amd64,sslh,2.1.4-1build2,http://www.rutschle.net/tech/sslh/README.html,https://www.rutschle.net/tech/sslh/README.html,pool/universe/s/sslh/sslh_2.1.4-1build2_amd64.deb,https://archive.ubuntu.com/ubuntu/pool/universe/s/sslh/sslh_2.1.4-1build2_amd64.deb,f77d994f709df38414b7546b73b2923b0b1090e2a407d04ff8796332ee79e719,universe
ubuntu,sssd-ad-common,2.12.0-1ubuntu5,amd64,sssd,2.12.0-1ubuntu5,https://github.com/SSSD/sssd,https://github.com/SSSD/sssd,pool/main/s/sssd/sssd-ad-common_2.12.0-1ubuntu5_amd64.deb,https://archive.ubuntu.com/ubuntu/pool/main/s/sssd/sssd-ad-common_2.12.0-1ubuntu5_amd64.deb,ca5401e2fa8d7fffcd510eadee631fa189be41b575eddf1fcec1f93f7e31d477,main
ubuntu,sssd-common,2.12.0-1ubuntu5,amd64,sssd,2.12.0-1ubuntu5,https://github.com/SSSD/sssd,https://github.com/SSSD/sssd,pool/main/s/sssd/sssd-common_2.12.0-1ubuntu5_amd64.deb,https://archive.ubuntu.com/ubuntu/pool/main/s/sssd/sssd-common_2.12.0-1ubuntu5_amd64.deb,a1a17acfa2407824de0400ab458c26374936c6970d0daffdd03d81b2ae1b8c7b,main
ubuntu,sssd-dbus,2.12.0-1ubuntu5,amd64,sssd,2.12.0-1ubuntu5,https://github.com/SSSD/sssd,https://github.com/SSSD/sssd,pool/main/s/sssd/sssd-dbus_2.12.0-1ubuntu5_amd64.deb,https://archive.ubuntu.com/ubuntu/pool/main/s/sssd/sssd-dbus_2.12.0-1ubuntu5_amd64.deb,b042c5e2dce8451d546ff3498a2ba4ae160ee1dd4075ff265c596e940448ea72,main
ubuntu,sssd-kcm,2.12.0-1ubuntu5,amd64,sssd,2.12.0-1ubuntu5,https://github.com/SSSD/sssd,https://github.com/SSSD/sssd,pool/universe/s/sssd/sssd-kcm_2.12.0-1ubuntu5_amd64.deb,https://archive.ubuntu.com/ubuntu/pool/universe/s/sssd/sssd-kcm_2.12.0-1ubuntu5_amd64.deb,c261eeaea1ff4e4c3813b85070e02394342cdd999a401bb3397ac60a08a1274f,universe
ubuntu,strongswan-starter,6.0.4-1ubuntu2,amd64,strongswan,6.0.4-1ubuntu2,http://www.strongswan.org,https://www.strongswan.org,pool/universe/s/strongswan/strongswan-starter_6.0.4-1ubuntu2_amd64.deb,https://archive.ubuntu.com/ubuntu/pool/universe/s/strongswan/strongswan-starter_6.0.4-1ubuntu2_amd64.deb,21e399846f50ca69dce04e7ee9817a149f38764642ed86557de1bfe9874a969a,universe
ubuntu,stunnel4,3:5.77-1,amd64,stunnel4,3:5.77-1,https://www.stunnel.org/,https://www.stunnel.org,pool/universe/s/stunnel4/stunnel4_5.77-1_amd64.deb,https://archive.ubuntu.com/ubuntu/pool/universe/s/stunnel4/stunnel4_5.77-1_amd64.deb,9cb43a40a326223f83a2e8ea2cf5ffbe6175e3bcfb3d0333475be0bf040d951b,universe
ubuntu,supervisor,4.3.0-1,all,supervisor,4.3.0-1,http://supervisord.org/,https://supervisord.org,pool/universe/s/supervisor/supervisor_4.3.0-1_all.deb,https://archive.ubuntu.com/ubuntu/pool/universe/s/supervisor/supervisor_4.3.0-1_all.deb,d1355ccb8b95c54a4804f6f89a3f78567f2c6a4cfaa23cceb2e21c5e1ce14eac,universe
ubuntu,suricata,1:8.0.3-1,amd64,suricata,1:8.0.3-1,https://suricata.io,https://suricata.io,pool/universe/s/suricata/suricata_8.0.3-1_amd64.deb,https://archive.ubuntu.com/ubuntu/pool/universe/s/suricata/suricata_8.0.3-1_amd64.deb,29c14fa89bb874b1319bbd918cbbfe88bf315689ef869b671257a9d6b68c2f6b,universe
ubuntu,svxlink-gpio,25.05.1-4,all,svxlink,25.05.1-4,https://www.svxlink.org,https://www.svxlink.org,pool/universe/s/svxlink/svxlink-gpio_25.05.1-4_all.deb,https://archive.ubuntu.com/ubuntu/pool/universe/s/svxlink/svxlink-gpio_25.05.1-4_all.deb,27a6295440f1e51e4e58d8a118c400bc178a34cf3bd2c232f1ecc58340eadae0,universe
ubuntu,svxlink-server,25.05.1-4,amd64,svxlink,25.05.1-4,https://www.svxlink.org,https://www.svxlink.org,pool/universe/s/svxlink/svxlink-server_25.05.1-4_amd64.deb,https://archive.ubuntu.com/ubuntu/pool/universe/s/svxlink/svxlink-server_25.05.1-4_amd64.deb,8429196abbe9b40b110905b0917367f42d866d007655743675f1b2bf0b88fc38,universe
ubuntu,svxreflector,25.05.1-4,amd64,svxlink,25.05.1-4,https://www.svxlink.org,https://www.svxlink.org,pool/universe/s/svxlink/svxreflector_25.05.1-4_amd64.deb,https://archive.ubuntu.com/ubuntu/pool/universe/s/svxlink/svxreflector_25.05.1-4_amd64.deb,f21b7d70b0044d40860e2ca530a0009089ffbf47c60e6f331b115735da1e6f0f,universe
ubuntu,swayosd,0.3.0-2,amd64,swayosd,0.3.0-2,https://github.com/ErikReider/SwayOSD,https://github.com/ErikReider/SwayOSD,pool/universe/s/swayosd/swayosd_0.3.0-2_amd64.deb,https://archive.ubuntu.com/ubuntu/pool/universe/s/swayosd/swayosd_0.3.0-2_amd64.deb,07eca135bfe1bb4dad926448650d71deb05cfdbf45eb85163a2b7a530b202f7e,universe
ubuntu,switcheroo-control,3.0-2,amd64,switcheroo-control,3.0-2,https://gitlab.freedesktop.org/hadess/switcheroo-control,https://gitlab.freedesktop.org/hadess/switcheroo-control,pool/main/s/switcheroo-control/switcheroo-control_3.0-2_amd64.deb,https://archive.ubuntu.com/ubuntu/pool/main/s/switcheroo-control/switcheroo-control_3.0-2_amd64.deb,7ec5e18c8b933a32db8a8f74749f42b9afec36bbbfaa8f00512dc15c09284647,main
ubuntu,syncplay-server,1.7.5+repack1-2,all,syncplay,1.7.5+repack1-2,https://syncplay.pl/,https://syncplay.pl,pool/universe/s/syncplay/syncplay-server_1.7.5+repack1-2_all.deb,https://archive.ubuntu.com/ubuntu/pool/universe/s/syncplay/syncplay-server_1.7.5+repack1-2_all.deb,2e88d3281011e27d76e262a87afcfbe3090bdde5cf2a403ba98e60b6d97baad5,universe
ubuntu,sysprof,50.0-1,amd64,sysprof,50.0-1,https://apps.gnome.org/Sysprof/,https://apps.gnome.org/Sysprof,pool/main/s/sysprof/sysprof_50.0-1_amd64.deb,https://archive.ubuntu.com/ubuntu/pool/main/s/sysprof/sysprof_50.0-1_amd64.deb,cf540d381dd24719c1107640dfce53c10cb9292607634028734a2d924f69ac56,main
ubuntu,sysrepo-plugind,3.7.11-1,amd64,sysrepo,3.7.11-1,https://github.com/sysrepo/sysrepo,https://github.com/sysrepo/sysrepo,pool/universe/s/sysrepo/sysrepo-plugind_3.7.11-1_amd64.deb,https://archive.ubuntu.com/ubuntu/pool/universe/s/sysrepo/sysrepo-plugind_3.7.11-1_amd64.deb,da851108adce2bbefa4565a1f18fde8fb0dd003cc3ea841bd1e7da7400989f64,universe
ubuntu,sysstat,12.7.7-0ubuntu2,amd64,sysstat,12.7.7-0ubuntu2,https://sysstat.github.io/,https://sysstat.github.io,pool/main/s/sysstat/sysstat_12.7.7-0ubuntu2_amd64.deb,https://archive.ubuntu.com/ubuntu/pool/main/s/sysstat/sysstat_12.7.7-0ubuntu2_amd64.deb,e88ddc1914cc64b50195cdd42341c5e10ca5546f86ef3318ac85a346fae87a06,main
ubuntu,system-config-printer-udev,1.5.18-4ubuntu2,amd64,system-config-printer,1.5.18-4ubuntu2,https://github.com/OpenPrinting/system-config-printer,https://github.com/OpenPrinting/system-config-printer,pool/main/s/system-config-printer/system-config-printer-udev_1.5.18-4ubuntu2_amd64.deb,https://archive.ubuntu.com/ubuntu/pool/main/s/system-config-printer/system-config-printer-udev_1.5.18-4ubuntu2_amd64.deb,6214416b12a740564317736bb2e011cc10555a019b11821afcf1d5b1dffefd17,main
ubuntu,systemd,259.5-0ubuntu3,amd64,systemd,259.5-0ubuntu3,https://systemd.io,https://systemd.io,pool/main/s/systemd/systemd_259.5-0ubuntu3_amd64.deb,https://archive.ubuntu.com/ubuntu/pool/main/s/systemd/systemd_259.5-0ubuntu3_amd64.deb,433cf4c5e2d51fc02fb3e7b0a606ca6fda0ea699de193963ff36bc1aa6e80f17,main
ubuntu,systemd-boot,259.5-0ubuntu3,amd64,systemd,259.5-0ubuntu3,https://systemd.io,https://systemd.io,pool/universe/s/systemd/systemd-boot_259.5-0ubuntu3_amd64.deb,https://archive.ubuntu.com/ubuntu/pool/universe/s/systemd/systemd-boot_259.5-0ubuntu3_amd64.deb,e456cc598e0a075027a13177152e699b7904ce514c11336aa5ad783917d49f7e,universe
ubuntu,systemd-bootchart,235-2build1,amd64,systemd-bootchart,235-2build1,https://github.com/systemd/systemd-bootchart/,https://github.com/systemd/systemd-bootchart,pool/universe/s/systemd-bootchart/systemd-bootchart_235-2build1_amd64.deb,https://archive.ubuntu.com/ubuntu/pool/universe/s/systemd-bootchart/systemd-bootchart_235-2build1_amd64.deb,166b304dce2076d9ee4fbc370dbec2edf9eeff81f1d2778cb826b3d3081529fc,universe
ubuntu,systemd-container,259.5-0ubuntu3,amd64,systemd,259.5-0ubuntu3,https://systemd.io,https://systemd.io,pool/main/s/systemd/systemd-container_259.5-0ubuntu3_amd64.deb,https://archive.ubuntu.com/ubuntu/pool/main/s/systemd/systemd-container_259.5-0ubuntu3_amd64.deb,af961e226b445c4dbd90ce27104117368d214b7e8cf62e1822379b3b6fe3bdaa,main
ubuntu,systemd-coredump,259.5-0ubuntu3,amd64,systemd,259.5-0ubuntu3,https://systemd.io,https://systemd.io,pool/universe/s/systemd/systemd-coredump_259.5-0ubuntu3_amd64.deb,https://archive.ubuntu.com/ubuntu/pool/universe/s/systemd/systemd-coredump_259.5-0ubuntu3_amd64.deb,e4eea49167443720c1f360d7b6a6275a89ed8c85239ede17c5a710887e9b9d6f,universe
ubuntu,systemd-homed,259.5-0ubuntu3,amd64,systemd,259.5-0ubuntu3,https://systemd.io,https://systemd.io,pool/universe/s/systemd/systemd-homed_259.5-0ubuntu3_amd64.deb,https://archive.ubuntu.com/ubuntu/pool/universe/s/systemd/systemd-homed_259.5-0ubuntu3_amd64.deb,14d2236df0e618f18b3776d5039b84ef46e7e5b748be961b5ef7961f68f93f55,universe
ubuntu,systemd-journal-remote,259.5-0ubuntu3,amd64,systemd,259.5-0ubuntu3,https://systemd.io,https://systemd.io,pool/universe/s/systemd/systemd-journal-remote_259.5-0ubuntu3_amd64.deb,https://archive.ubuntu.com/ubuntu/pool/universe/s/systemd/systemd-journal-remote_259.5-0ubuntu3_amd64.deb,a918efc6128374ecb5e2daa4120b7563a2e41a8cc9485beda669c61d422d31ff,universe
ubuntu,systemd-oomd,259.5-0ubuntu3,amd64,systemd,259.5-0ubuntu3,https://systemd.io,https://systemd.io,pool/main/s/systemd/systemd-oomd_259.5-0ubuntu3_amd64.deb,https://archive.ubuntu.com/ubuntu/pool/main/s/systemd/systemd-oomd_259.5-0ubuntu3_amd64.deb,8543f35d375011a3620626d1bab13d498e903e875ba95be7d5002982b5afcaa9,main
ubuntu,systemd-repart,259.5-0ubuntu3,amd64,systemd,259.5-0ubuntu3,https://systemd.io,https://systemd.io,pool/universe/s/systemd/systemd-repart_259.5-0ubuntu3_amd64.deb,https://archive.ubuntu.com/ubuntu/pool/universe/s/systemd/systemd-repart_259.5-0ubuntu3_amd64.deb,032e63996b2183e63b6a465774ab8cda5c04a162ddb5bc12bea50f294567f572,universe
ubuntu,systemd-resolved,259.5-0ubuntu3,amd64,systemd,259.5-0ubuntu3,https://systemd.io,https://systemd.io,pool/main/s/systemd/systemd-resolved_259.5-0ubuntu3_amd64.deb,https://archive.ubuntu.com/ubuntu/pool/main/s/systemd/systemd-resolved_259.5-0ubuntu3_amd64.deb,2c3223eea9d8b15a4a291118044d868fb16215724e1a160aa8911ce99d23b606,main
ubuntu,systemd-timesyncd,259.5-0ubuntu3,amd64,systemd,259.5-0ubuntu3,https://systemd.io,https://systemd.io,pool/main/s/systemd/systemd-timesyncd_259.5-0ubuntu3_amd64.deb,https://archive.ubuntu.com/ubuntu/pool/main/s/systemd/systemd-timesyncd_259.5-0ubuntu3_amd64.deb,bb16b49ab10c79cc080591aaafc070ab6c0bfafda5172e41c5b6dbb49e8d5989,main
ubuntu,systemd-userdbd,259.5-0ubuntu3,amd64,systemd,259.5-0ubuntu3,https://systemd.io,https://systemd.io,pool/universe/s/systemd/systemd-userdbd_259.5-0ubuntu3_amd64.deb,https://archive.ubuntu.com/ubuntu/pool/universe/s/systemd/systemd-userdbd_259.5-0ubuntu3_amd64.deb,741b39ca5b79732acc07ba92a290c00195bc92078d464f93c661ac74a033853f,universe
ubuntu,systemd-zram-generator,1.2.1-2,amd64,rust-zram-generator,1.2.1-2,https://github.com/systemd/zram-generator,https://github.com/systemd/zram-generator,pool/universe/r/rust-zram-generator/systemd-zram-generator_1.2.1-2_amd64.deb,https://archive.ubuntu.com/ubuntu/pool/universe/r/rust-zram-generator/systemd-zram-generator_1.2.1-2_amd64.deb,4f7ffd4dbee547d5e74c81ac7b037042dbae0528196523f45c8e8639f626bdc0,universe
ubuntu,tang,15-3ubuntu1,all,tang,15-3ubuntu1,https://github.com/latchset/tang,https://github.com/latchset/tang,pool/universe/t/tang/tang_15-3ubuntu1_all.deb,https://archive.ubuntu.com/ubuntu/pool/universe/t/tang/tang_15-3ubuntu1_all.deb,4d67e47d2ffe7464ad9a15783c9936591dee0520c9d2d657a034922910eafe3a,universe
ubuntu,targetcli-fb,1:3.0.1-0.1build1,all,targetcli-fb,1:3.0.1-0.1build1,https://github.com/open-iscsi/targetcli-fb,https://github.com/open-iscsi/targetcli-fb,pool/main/t/targetcli-fb/targetcli-fb_3.0.1-0.1build1_all.deb,https://archive.ubuntu.com/ubuntu/pool/main/t/targetcli-fb/targetcli-fb_3.0.1-0.1build1_all.deb,795246b123667ac2607d50ebc380d1536474c810ee4a9adf64f05dbda502e04b,main
ubuntu,tcmu-runner,1.5.4-10,amd64,tcmu,1.5.4-10,https://github.com/open-iscsi/tcmu-runner,https://github.com/open-iscsi/tcmu-runner,pool/universe/t/tcmu/tcmu-runner_1.5.4-10_amd64.deb,https://archive.ubuntu.com/ubuntu/pool/universe/t/tcmu/tcmu-runner_1.5.4-10_amd64.deb,bfa65cf75fbc684c14feb4dcfbb1bc2b3831eabf86d067eed1ad9b7099abcf50,universe
ubuntu,teeworlds-server,0.7.5-3,amd64,teeworlds,0.7.5-3,https://www.teeworlds.com/,https://www.teeworlds.com,pool/universe/t/teeworlds/teeworlds-server_0.7.5-3_amd64.deb,https://archive.ubuntu.com/ubuntu/pool/universe/t/teeworlds/teeworlds-server_0.7.5-3_amd64.deb,78344730bf473acd01e2f46c884a98f7c8dc275cae84c564299014107b278a87,universe
ubuntu,tetrinetx,1.13.16-19,amd64,tetrinetx,1.13.16-19,http://tetrinetx.sourceforge.net/,https://tetrinetx.sourceforge.net,pool/universe/t/tetrinetx/tetrinetx_1.13.16-19_amd64.deb,https://archive.ubuntu.com/ubuntu/pool/universe/t/tetrinetx/tetrinetx_1.13.16-19_amd64.deb,b7cae1bbef05a15d67135cecb31c958ff5d9e3a095415c4e5b36692da8a9b2aa,universe
ubuntu,tgt,1:1.0.85-1.3ubuntu2,amd64,tgt,1:1.0.85-1.3ubuntu2,https://github.com/fujita/tgt,https://github.com/fujita/tgt,pool/universe/t/tgt/tgt_1.0.85-1.3ubuntu2_amd64.deb,https://archive.ubuntu.com/ubuntu/pool/universe/t/tgt/tgt_1.0.85-1.3ubuntu2_amd64.deb,9087ebaae9fd3511b235e64c63e9c502d262e1a20b5aa51db3829d177ea52fec,universe
ubuntu,thermald,2.5.11-0ubuntu1,amd64,thermald,2.5.11-0ubuntu1,https://github.com/intel/thermal_daemon,https://github.com/intel/thermal_daemon,pool/main/t/thermald/thermald_2.5.11-0ubuntu1_amd64.deb,https://archive.ubuntu.com/ubuntu/pool/main/t/thermald/thermald_2.5.11-0ubuntu1_amd64.deb,18a6f2782d3a8354ec109ed6a1894af69bf06d57f939c5619b687ccf98e87185,main
ubuntu,thinkfan,2.0.0-1,amd64,thinkfan,2.0.0-1,https://github.com/vmatare/thinkfan,https://github.com/vmatare/thinkfan,pool/universe/t/thinkfan/thinkfan_2.0.0-1_amd64.deb,https://archive.ubuntu.com/ubuntu/pool/universe/t/thinkfan/thinkfan_2.0.0-1_amd64.deb,69dac969d559ba81abd2da4c6de03f282e6cfb4f7d9c09b795c42cda351c3bd8,universe
ubuntu,tigervnc-standalone-server,1.15.0+dfsg-2build1,amd64,tigervnc,1.15.0+dfsg-2build1,http://www.tigervnc.org,https://www.tigervnc.org,pool/universe/t/tigervnc/tigervnc-standalone-server_1.15.0+dfsg-2build1_amd64.deb,https://archive.ubuntu.com/ubuntu/pool/universe/t/tigervnc/tigervnc-standalone-server_1.15.0+dfsg-2build1_amd64.deb,912df371f896aa26b5ec9bd4c2e0b239253ff64e21a1638206fa4d979b6337b4,universe
ubuntu,tinc,1.0.36-2.1build1,amd64,tinc,1.0.36-2.1build1,http://www.tinc-vpn.org/,https://www.tinc-vpn.org,pool/universe/t/tinc/tinc_1.0.36-2.1build1_amd64.deb,https://archive.ubuntu.com/ubuntu/pool/universe/t/tinc/tinc_1.0.36-2.1build1_amd64.deb,70eec368b2c1cda8d29d3c6be816576c9fe3bdc0e11d3583fcc7dd359f311c96,universe
ubuntu,tinyproxy,1.11.3-1,all,tinyproxy,1.11.3-1,https://tinyproxy.github.io/,https://tinyproxy.github.io,pool/universe/t/tinyproxy/tinyproxy_1.11.3-1_all.deb,https://archive.ubuntu.com/ubuntu/pool/universe/t/tinyproxy/tinyproxy_1.11.3-1_all.deb,a1a054c7bbaeb5b1de5de74d52819a2fe4a901029f51a005a28afc1fa9d652eb,universe
ubuntu,tlp,1.8.0-1ubuntu2,all,tlp,1.8.0-1ubuntu2,https://linrunner.de/tlp,https://linrunner.de/tlp,pool/main/t/tlp/tlp_1.8.0-1ubuntu2_all.deb,https://archive.ubuntu.com/ubuntu/pool/main/t/tlp/tlp_1.8.0-1ubuntu2_all.deb,d8db5abfb54c343a6856ee83b66eca6622dece09ab622f4629b2ed4ff8e1cfc2,main
ubuntu,tntnet,3.0-4build1,amd64,tntnet,3.0-4build1,http://www.tntnet.org/,https://www.tntnet.org,pool/universe/t/tntnet/tntnet_3.0-4build1_amd64.deb,https://archive.ubuntu.com/ubuntu/pool/universe/t/tntnet/tntnet_3.0-4build1_amd64.deb,1e782c47b9a0afd891885dacfb6154b42a9eb6d47744c904f3a2b3d8e054373a,universe
ubuntu,tomcat10,10.1.40-1ubuntu1,all,tomcat10,10.1.40-1ubuntu1,http://tomcat.apache.org,https://tomcat.apache.org,pool/universe/t/tomcat10/tomcat10_10.1.40-1ubuntu1_all.deb,https://archive.ubuntu.com/ubuntu/pool/universe/t/tomcat10/tomcat10_10.1.40-1ubuntu1_all.deb,ec66e9d4a2d5eb8a0229dde37cba3fb129ac80c0e6fda53029e6caae0613633c,universe
ubuntu,tomcat11,11.0.18-1,all,tomcat11,11.0.18-1,http://tomcat.apache.org,https://tomcat.apache.org,pool/universe/t/tomcat11/tomcat11_11.0.18-1_all.deb,https://archive.ubuntu.com/ubuntu/pool/universe/t/tomcat11/tomcat11_11.0.18-1_all.deb,9353eb469c48efd479378afdf799169c2e30eb90abda2a52c5a1d69821480237,universe
ubuntu,tor,0.4.9.6-1,amd64,tor,0.4.9.6-1,https://www.torproject.org/,https://www.torproject.org,pool/universe/t/tor/tor_0.4.9.6-1_amd64.deb,https://archive.ubuntu.com/ubuntu/pool/universe/t/tor/tor_0.4.9.6-1_amd64.deb,bc2b55fc250ad7115c70adb8768cb0b657995dbdb6a5b208eedf4654ec792be2,universe
ubuntu,tqftpserv,1.1.1-1,amd64,tqftpserv,1.1.1-1,https://github.com/linux-msm/tqftpserv,https://github.com/linux-msm/tqftpserv,pool/universe/t/tqftpserv/tqftpserv_1.1.1-1_amd64.deb,https://archive.ubuntu.com/ubuntu/pool/universe/t/tqftpserv/tqftpserv_1.1.1-1_amd64.deb,1a1e823fbd7b54a140d6c23121c206fbcce85ee892851dbadbcc533d52c92938,universe
ubuntu,trojan,1.16.0-1.2,amd64,trojan,1.16.0-1.2,https://github.com/trojan-gfw/trojan,https://github.com/trojan-gfw/trojan,pool/universe/t/trojan/trojan_1.16.0-1.2_amd64.deb,https://archive.ubuntu.com/ubuntu/pool/universe/t/trojan/trojan_1.16.0-1.2_amd64.deb,3d0e5e07f4790ae29b37bc6a4f8d70c0066023032919b20a4a4eab521394ad0f,universe
ubuntu,trousers,0.3.15-1,amd64,trousers,0.3.15-1,https://trousers.sourceforge.net/,https://trousers.sourceforge.net,pool/universe/t/trousers/trousers_0.3.15-1_amd64.deb,https://archive.ubuntu.com/ubuntu/pool/universe/t/trousers/trousers_0.3.15-1_amd64.deb,42f19c2dd0aedfde9284830e4f05f9c350a40c33805951ae66d7f3ff98ad6f88,universe
ubuntu,tuptime,5.2.5,all,tuptime,5.2.5,https://github.com/rfmoz/tuptime,https://github.com/rfmoz/tuptime,pool/universe/t/tuptime/tuptime_5.2.5_all.deb,https://archive.ubuntu.com/ubuntu/pool/universe/t/tuptime/tuptime_5.2.5_all.deb,0c33155fbd5d1ca6ec265713fc40f3996f3fc06a885b0c5ad06836cee1dc1166,universe
ubuntu,udev,259.5-0ubuntu3,amd64,systemd,259.5-0ubuntu3,https://systemd.io,https://systemd.io,pool/main/s/systemd/udev_259.5-0ubuntu3_amd64.deb,https://archive.ubuntu.com/ubuntu/pool/main/s/systemd/udev_259.5-0ubuntu3_amd64.deb,f034a970a7f872026622baba2bdf70e601730120a8cc1d467729c82879ca88c0,main
ubuntu,udisks2,2.10.91-1ubuntu2,amd64,udisks2,2.10.91-1ubuntu2,https://www.freedesktop.org/wiki/Software/udisks,https://www.freedesktop.org/wiki/Software/udisks,pool/main/u/udisks2/udisks2_2.10.91-1ubuntu2_amd64.deb,https://archive.ubuntu.com/ubuntu/pool/main/u/udisks2/udisks2_2.10.91-1ubuntu2_amd64.deb,937ee0b0069f79d660c8eb0daa39b05e707e5e318538c5e85d3ff7f90d16a5ab,main
ubuntu,ufw,0.36.2-9build1,all,ufw,0.36.2-9build1,https://launchpad.net/ufw,https://launchpad.net/ufw,pool/main/u/ufw/ufw_0.36.2-9build1_all.deb,https://archive.ubuntu.com/ubuntu/pool/main/u/ufw/ufw_0.36.2-9build1_all.deb,3ece5b2e7a678f5be9678643dc5f8f8457becceec32e863ad1ada1a33e2160b4,main
ubuntu,ulogd2,2.0.9-1,amd64,ulogd2,2.0.9-1,https://www.netfilter.org/projects/ulogd/,https://www.netfilter.org/projects/ulogd,pool/universe/u/ulogd2/ulogd2_2.0.9-1_amd64.deb,https://archive.ubuntu.com/ubuntu/pool/universe/u/ulogd2/ulogd2_2.0.9-1_amd64.deb,66a2f56021c0f73660cdc0b662488946c2259d59ebe537b5e09f909c1004e5ad,universe
ubuntu,upower,1.91.1-1,amd64,upower,1.91.1-1,https://upower.freedesktop.org/,https://upower.freedesktop.org,pool/main/u/upower/upower_1.91.1-1_amd64.deb,https://archive.ubuntu.com/ubuntu/pool/main/u/upower/upower_1.91.1-1_amd64.deb,53e1a42d63b592355ebaf1566de37d1c7358e1065aaef8030015cb28ebbe9b81,main
ubuntu,uptimed,1:0.4.6-3.1build1,amd64,uptimed,1:0.4.6-3.1build1,https://github.com/rpodgorny/uptimed,https://github.com/rpodgorny/uptimed,pool/universe/u/uptimed/uptimed_0.4.6-3.1build1_amd64.deb,https://archive.ubuntu.com/ubuntu/pool/universe/u/uptimed/uptimed_0.4.6-3.1build1_amd64.deb,37baf2a2f284c121aacd938a1f96482871f728058388f04100892ebaed56ce23,universe
ubuntu,usb-modeswitch,2.6.2-1ubuntu1,amd64,usb-modeswitch,2.6.2-1ubuntu1,https://www.draisberghof.de/usb_modeswitch/,https://www.draisberghof.de/usb_modeswitch,pool/main/u/usb-modeswitch/usb-modeswitch_2.6.2-1ubuntu1_amd64.deb,https://archive.ubuntu.com/ubuntu/pool/main/u/usb-modeswitch/usb-modeswitch_2.6.2-1ubuntu1_amd64.deb,a6a8aead77c0524f1921220bc6b31a435ab80d554978209423383a770f315a3c,main
ubuntu,usbguard,1.1.4+ds-2,amd64,usbguard,1.1.4+ds-2,https://usbguard.github.io/,https://usbguard.github.io,pool/universe/u/usbguard/usbguard_1.1.4+ds-2_amd64.deb,https://archive.ubuntu.com/ubuntu/pool/universe/u/usbguard/usbguard_1.1.4+ds-2_amd64.deb,5178b9e15b2ada69e78bf72b4b1077d20aacd8ceacf33abae609980c57c0cd2a,universe
ubuntu,usbrelayd,1.0-2.2build4,all,usbrelay,1.0-2.2build4,https://github.com/darrylb123/usbrelay,https://github.com/darrylb123/usbrelay,pool/universe/u/usbrelay/usbrelayd_1.0-2.2build4_all.deb,https://archive.ubuntu.com/ubuntu/pool/universe/u/usbrelay/usbrelayd_1.0-2.2build4_all.deb,2c099f40c03562f7823308b7c910b3023b0a0e268223ab709c5a566944cd9232,universe
ubuntu,util-linux,2.41.3-3ubuntu2,amd64,util-linux,2.41.3-3ubuntu2,https://github.com/util-linux/util-linux,https://github.com/util-linux/util-linux,pool/main/u/util-linux/util-linux_2.41.3-3ubuntu2_amd64.deb,https://archive.ubuntu.com/ubuntu/pool/main/u/util-linux/util-linux_2.41.3-3ubuntu2_amd64.deb,41f3cecf36e5e82fc7d86f93611306b49c5ff4ab947cd574b0a8787faedf4fed,main
ubuntu,uuid-runtime,2.41.3-3ubuntu2,amd64,util-linux,2.41.3-3ubuntu2,https://github.com/util-linux/util-linux,https://github.com/util-linux/util-linux,pool/main/u/util-linux/uuid-runtime_2.41.3-3ubuntu2_amd64.deb,https://archive.ubuntu.com/ubuntu/pool/main/u/util-linux/uuid-runtime_2.41.3-3ubuntu2_amd64.deb,755c98eface4ca79df0baf67c6ac1425acfae17b023c5b2a6db64b4bde0781d1,main
ubuntu,v2ray,4.34.0+ds-6,amd64,golang-v2ray-core,4.34.0+ds-6,https://github.com/v2fly/v2ray-core,https://github.com/v2fly/v2ray-core,pool/universe/g/golang-v2ray-core/v2ray_4.34.0+ds-6_amd64.deb,https://archive.ubuntu.com/ubuntu/pool/universe/g/golang-v2ray-core/v2ray_4.34.0+ds-6_amd64.deb,ed46b34a25381b7c30eaf9697c5008acaf0ff655447be381e24a7c6e6af69f73,universe
ubuntu,valkey-sentinel,9.0.3-0ubuntu2,amd64,valkey,9.0.3-0ubuntu2,https://valkey.io,https://valkey.io,pool/main/v/valkey/valkey-sentinel_9.0.3-0ubuntu2_amd64.deb,https://archive.ubuntu.com/ubuntu/pool/main/v/valkey/valkey-sentinel_9.0.3-0ubuntu2_amd64.deb,a0f6e6fdf240c83ef17cbeb539493de71e247f2c04df1080463d0c14a7cbc14c,main
ubuntu,valkey-server,9.0.3-0ubuntu2,amd64,valkey,9.0.3-0ubuntu2,https://valkey.io,https://valkey.io,pool/main/v/valkey/valkey-server_9.0.3-0ubuntu2_amd64.deb,https://archive.ubuntu.com/ubuntu/pool/main/v/valkey/valkey-server_9.0.3-0ubuntu2_amd64.deb,d28b5f82827181f96cc2891ea15e0e716996e313bee93b923a71ddf0781340fe,main
ubuntu,varnish,7.7.3-1build1,amd64,varnish,7.7.3-1build1,https://www.varnish-cache.org/,https://www.varnish-cache.org,pool/universe/v/varnish/varnish_7.7.3-1build1_amd64.deb,https://archive.ubuntu.com/ubuntu/pool/universe/v/varnish/varnish_7.7.3-1build1_amd64.deb,c520b26f83895911d2ebc516219f3cc43eb4fb5d51d0cac98549f926b9d188dd,universe
ubuntu,vdr,2.6.9-3build1,amd64,vdr,2.6.9-3build1,http://www.tvdr.de/,https://www.tvdr.de,pool/universe/v/vdr/vdr_2.6.9-3build1_amd64.deb,https://archive.ubuntu.com/ubuntu/pool/universe/v/vdr/vdr_2.6.9-3build1_amd64.deb,f76f5ecf9dca18ea60a92b6838f5f987a591949b7b3193dc8aa11dd879490718,universe
ubuntu,virtualbmc,3.1.0-0ubuntu2,all,virtualbmc,3.1.0-0ubuntu2,https://opendev.org/openstack/virtualbmc,https://opendev.org/openstack/virtualbmc,pool/universe/v/virtualbmc/virtualbmc_3.1.0-0ubuntu2_all.deb,https://archive.ubuntu.com/ubuntu/pool/universe/v/virtualbmc/virtualbmc_3.1.0-0ubuntu2_all.deb,446f3ce3c18a2e567c36e9427debac4d9fe164296a6344e012c767e87928eb06,universe
ubuntu,vnstat,2.13-1build1,amd64,vnstat,2.13-1build1,https://humdi.net/vnstat/,https://humdi.net/vnstat,pool/universe/v/vnstat/vnstat_2.13-1build1_amd64.deb,https://archive.ubuntu.com/ubuntu/pool/universe/v/vnstat/vnstat_2.13-1build1_amd64.deb,52b1f52c0320f8e3cb50bad1a340d0f360e95537276d3db79257acc0b4db483a,universe
ubuntu,voms-server,2.1.3-1build1,amd64,voms,2.1.3-1build1,https://italiangrid.github.io/voms/,https://italiangrid.github.io/voms,pool/universe/v/voms/voms-server_2.1.3-1build1_amd64.deb,https://archive.ubuntu.com/ubuntu/pool/universe/v/voms/voms-server_2.1.3-1build1_amd64.deb,9f8d1106537b7bc91dca2f28c23a4ac7ceb53a7e8fb4c58dcc57008379105835,universe
ubuntu,vpnc,0.5.3+git20241220-2build1,amd64,vpnc,0.5.3+git20241220-2build1,https://github.com/streambinder/vpnc,https://github.com/streambinder/vpnc,pool/universe/v/vpnc/vpnc_0.5.3+git20241220-2build1_amd64.deb,https://archive.ubuntu.com/ubuntu/pool/universe/v/vpnc/vpnc_0.5.3+git20241220-2build1_amd64.deb,02e7d0d9bf23a2201bb488bee68572f7f1ad8c5eb131dc7f10d13ffc7dbbfdac,universe
ubuntu,webhook,2.8.0-4build1,amd64,webhook,2.8.0-4build1,https://github.com/adnanh/webhook,https://github.com/adnanh/webhook,pool/universe/w/webhook/webhook_2.8.0-4build1_amd64.deb,https://archive.ubuntu.com/ubuntu/pool/universe/w/webhook/webhook_2.8.0-4build1_amd64.deb,36556725aaa7a980b6027bbc281948fd7f9f630f68887ce88e5705747c43b908,universe
ubuntu,wesnoth-1.18-server,1:1.18.7-1,amd64,wesnoth-1.18,1:1.18.7-1,https://www.wesnoth.org/,https://www.wesnoth.org,pool/universe/w/wesnoth-1.18/wesnoth-1.18-server_1.18.7-1_amd64.deb,https://archive.ubuntu.com/ubuntu/pool/universe/w/wesnoth-1.18/wesnoth-1.18-server_1.18.7-1_amd64.deb,d08b5e7048a3bb85dde6ccd05e068870fdd1005023d3b60f4a530e38b064823c,universe
ubuntu,winbind,2:4.23.6+dfsg-1ubuntu2,amd64,samba,2:4.23.6+dfsg-1ubuntu2,https://www.samba.org,https://www.samba.org,pool/main/s/samba/winbind_4.23.6+dfsg-1ubuntu2_amd64.deb,https://archive.ubuntu.com/ubuntu/pool/main/s/samba/winbind_4.23.6+dfsg-1ubuntu2_amd64.deb,21308d225b849f2e9755c717a0948b2880e1081c05b85375fa5bce2393f7a3ec,main
ubuntu,wireguard-tools,1.0.20250521-1ubuntu1,amd64,wireguard,1.0.20250521-1ubuntu1,https://www.wireguard.com,https://www.wireguard.com,pool/main/w/wireguard/wireguard-tools_1.0.20250521-1ubuntu1_amd64.deb,https://archive.ubuntu.com/ubuntu/pool/main/w/wireguard/wireguard-tools_1.0.20250521-1ubuntu1_amd64.deb,e948f176ea0324252b7f07327becd1d5df14290ef4fafa392a9d41e96b0459c8,main
ubuntu,wpasupplicant,2:2.11-0ubuntu5,amd64,wpa,2:2.11-0ubuntu5,https://w1.fi/wpa_supplicant/,https://w1.fi/wpa_supplicant,pool/main/w/wpa/wpasupplicant_2.11-0ubuntu5_amd64.deb,https://archive.ubuntu.com/ubuntu/pool/main/w/wpa/wpasupplicant_2.11-0ubuntu5_amd64.deb,c64c5f1c9cb333cd766abdc4e8732404c65787f34228e841b6447376a3887a90,main
ubuntu,wsdd-server,2:0.8-5ubuntu1,all,wsdd,2:0.8-5ubuntu1,https://github.com/christgau/wsdd,https://github.com/christgau/wsdd,pool/universe/w/wsdd/wsdd-server_0.8-5ubuntu1_all.deb,https://archive.ubuntu.com/ubuntu/pool/universe/w/wsdd/wsdd-server_0.8-5ubuntu1_all.deb,fec6b892f06e0b77788f1bb8ec5bda238a1b4d05323ace7cf0f802bdc70bda27,universe
ubuntu,xfsprogs,6.18.0-3,amd64,xfsprogs,6.18.0-3,https://xfs.wiki.kernel.org/,https://xfs.wiki.kernel.org,pool/main/x/xfsprogs/xfsprogs_6.18.0-3_amd64.deb,https://archive.ubuntu.com/ubuntu/pool/main/x/xfsprogs/xfsprogs_6.18.0-3_amd64.deb,110f9eaa1476e38ced178ea5e392efa8c7f22edcd8a6b4f3f9fbd22c6b0739da,main
ubuntu,xrdp,0.10.1-4.1,amd64,xrdp,0.10.1-4.1,https://www.xrdp.org/,https://www.xrdp.org,pool/universe/x/xrdp/xrdp_0.10.1-4.1_amd64.deb,https://archive.ubuntu.com/ubuntu/pool/universe/x/xrdp/xrdp_0.10.1-4.1_amd64.deb,c4b3688b0d839369f0b3c8faa4940597c5aa51d1573ab1d4ce63ccb53add82be,universe
ubuntu,xrootd-server,5.9.1-3build1,amd64,xrootd,5.9.1-3build1,https://xrootd.web.cern.ch/,https://xrootd.web.cern.ch,pool/universe/x/xrootd/xrootd-server_5.9.1-3build1_amd64.deb,https://archive.ubuntu.com/ubuntu/pool/universe/x/xrootd/xrootd-server_5.9.1-3build1_amd64.deb,eed3a2f60f39a10db46896dd6f45c3256b6e9d8598ce10f397d2ee4a858399e3,universe
ubuntu,yadifa,3.0.6-1,amd64,yadifa,3.0.6-1,https://www.yadifa.eu,https://www.yadifa.eu,pool/universe/y/yadifa/yadifa_3.0.6-1_amd64.deb,https://archive.ubuntu.com/ubuntu/pool/universe/y/yadifa/yadifa_3.0.6-1_amd64.deb,28d5574fd5ca752c3474506b29d579a1eed4d01e355465ed03d866346944d294,universe
ubuntu,yggdrasil,0.5.12-5,amd64,yggdrasil,0.5.12-5,https://github.com/yggdrasil-network/yggdrasil-go,https://github.com/yggdrasil-network/yggdrasil-go,pool/universe/y/yggdrasil/yggdrasil_0.5.12-5_amd64.deb,https://archive.ubuntu.com/ubuntu/pool/universe/y/yggdrasil/yggdrasil_0.5.12-5_amd64.deb,184be91b0c10442395570b19699bf04c11d8fec289201eefac037a64bf58cbaa,universe
ubuntu,zcfan,1.4.0-2build1,amd64,zcfan,1.4.0-2build1,https://github.com/cdown/zcfan,https://github.com/cdown/zcfan,pool/universe/z/zcfan/zcfan_1.4.0-2build1_amd64.deb,https://archive.ubuntu.com/ubuntu/pool/universe/z/zcfan/zcfan_1.4.0-2build1_amd64.deb,65d545e210b99991cb435b53a0638cf487ac4e1dd612ac03791dc1914c4e17b5,universe
ubuntu,zeroc-glacier2,3.7.10-4build2,amd64,zeroc-ice,3.7.10-4build2,https://zeroc.com,https://zeroc.com,pool/universe/z/zeroc-ice/zeroc-glacier2_3.7.10-4build2_amd64.deb,https://archive.ubuntu.com/ubuntu/pool/universe/z/zeroc-ice/zeroc-glacier2_3.7.10-4build2_amd64.deb,f0bb23a775d80935e9366dc1e06c331b574db919e0c178c77660380419f6c540,universe
ubuntu,zeroc-icegrid,3.7.10-4build2,amd64,zeroc-ice,3.7.10-4build2,https://zeroc.com,https://zeroc.com,pool/universe/z/zeroc-ice/zeroc-icegrid_3.7.10-4build2_amd64.deb,https://archive.ubuntu.com/ubuntu/pool/universe/z/zeroc-ice/zeroc-icegrid_3.7.10-4build2_amd64.deb,af2fb80bf3798507864d1d0fbcc92f254a70553dfab5ee5101039d00debe7cf7,universe
ubuntu,zvbi,0.2.44-1ubuntu2,amd64,zvbi,0.2.44-1ubuntu2,https://github.com/zapping-vbi/zvbi,https://github.com/zapping-vbi/zvbi,pool/universe/z/zvbi/zvbi_0.2.44-1ubuntu2_amd64.deb,https://archive.ubuntu.com/ubuntu/pool/universe/z/zvbi/zvbi_0.2.44-1ubuntu2_amd64.deb,2ead8ca9d30cf431d1f0a1f92e87130a26ff9a4b91d58647ef27b8c8798b8ce9,universe
fedora,2ping,4.5.1-24.fc44,noarch,2ping,2ping-4.5.1-24.fc44.src.rpm,https://www.finnie.org/software/2ping,https://www.finnie.org/software/2ping,Packages/2/2ping-4.5.1-24.fc44.noarch.rpm,https://download.fedoraproject.org/pub/fedora/linux/releases/44/Everything/x86_64/os/Packages/2/2ping-4.5.1-24.fc44.noarch.rpm,cf48a9380416daf02e934cbddd15d5356b3b6ea6b5f0824187074b66dd0fe14a,release
fedora,NetworkManager,1:1.56.1-2.fc44,x86_64,NetworkManager,NetworkManager-1.56.1-2.fc44.src.rpm,https://networkmanager.dev/,https://networkmanager.dev,Packages/n/NetworkManager-1.56.1-2.fc44.x86_64.rpm,https://download.fedoraproject.org/pub/fedora/linux/updates/44/Everything/x86_64/Packages/n/NetworkManager-1.56.1-2.fc44.x86_64.rpm,8ccdaa8da6ab019fe629bd492ad12c88bb0157608908c3e98f1008f2186a5b62,updates
fedora,NetworkManager-cloud-setup,1:1.56.1-2.fc44,x86_64,NetworkManager,NetworkManager-1.56.1-2.fc44.src.rpm,https://networkmanager.dev/,https://networkmanager.dev,Packages/n/NetworkManager-cloud-setup-1.56.1-2.fc44.x86_64.rpm,https://download.fedoraproject.org/pub/fedora/linux/updates/44/Everything/x86_64/Packages/n/NetworkManager-cloud-setup-1.56.1-2.fc44.x86_64.rpm,2c9eab0f297b002dfae643d0a496f5d094f3cdfa6779be7b914212eb38de6f18,updates
fedora,NetworkManager-ovs,1:1.56.1-2.fc44,x86_64,NetworkManager,NetworkManager-1.56.1-2.fc44.src.rpm,https://networkmanager.dev/,https://networkmanager.dev,Packages/n/NetworkManager-ovs-1.56.1-2.fc44.x86_64.rpm,https://download.fedoraproject.org/pub/fedora/linux/updates/44/Everything/x86_64/Packages/n/NetworkManager-ovs-1.56.1-2.fc44.x86_64.rpm,f97859066ffd0b92242ac54a5009efe614ce1ebd72c55616cfd4578cdb3e8d4e,updates
fedora,PackageKit,1.3.6-1.fc44,x86_64,PackageKit,PackageKit-1.3.6-1.fc44.src.rpm,http://www.freedesktop.org/software/PackageKit/,https://www.freedesktop.org/software/PackageKit,Packages/p/PackageKit-1.3.6-1.fc44.x86_64.rpm,https://download.fedoraproject.org/pub/fedora/linux/updates/44/Everything/x86_64/Packages/p/PackageKit-1.3.6-1.fc44.x86_64.rpm,d2a1d20b0c3af2ec7c72971d27bcd1f16017c458dc8eec5f416d7d7bf0a7ae02,updates
fedora,accountsservice,23.13.9-16.fc44,x86_64,accountsservice,accountsservice-23.13.9-16.fc44.src.rpm,https://www.freedesktop.org/wiki/Software/AccountsService/,https://www.freedesktop.org/wiki/Software/AccountsService,Packages/a/accountsservice-23.13.9-16.fc44.x86_64.rpm,https://download.fedoraproject.org/pub/fedora/linux/releases/44/Everything/x86_64/os/Packages/a/accountsservice-23.13.9-16.fc44.x86_64.rpm,817ce63a94108a8d9488c39f7dd6a3190ff2e7f0c9d26f623d2b674a2a6b87dd,release
fedora,acpid,2.0.34-16.fc44,x86_64,acpid,acpid-2.0.34-16.fc44.src.rpm,http://sourceforge.net/projects/acpid2/,https://sourceforge.net/projects/acpid2,Packages/a/acpid-2.0.34-16.fc44.x86_64.rpm,https://download.fedoraproject.org/pub/fedora/linux/releases/44/Everything/x86_64/os/Packages/a/acpid-2.0.34-16.fc44.x86_64.rpm,0a5502e3d9e2b5214c409839cc74e81c439346aba3c446ee0337afb6b15b8469,release
fedora,alertmanager,0.33.0-1.fc44,x86_64,alertmanager,alertmanager-0.33.0-1.fc44.src.rpm,https://github.com/prometheus/alertmanager,https://github.com/prometheus/alertmanager,Packages/a/alertmanager-0.33.0-1.fc44.x86_64.rpm,https://download.fedoraproject.org/pub/fedora/linux/updates/44/Everything/x86_64/Packages/a/alertmanager-0.33.0-1.fc44.x86_64.rpm,56daab111a569112aa9f7c0d8b2ccd4cb8a867c5bd96a0cb8a6f1416c10fedd9,updates
fedora,alsa-utils,1.2.16-1.fc44,x86_64,alsa-utils,alsa-utils-1.2.16-1.fc44.src.rpm,http://www.alsa-project.org/,https://www.alsa-project.org,Packages/a/alsa-utils-1.2.16-1.fc44.x86_64.rpm,https://download.fedoraproject.org/pub/fedora/linux/updates/44/Everything/x86_64/Packages/a/alsa-utils-1.2.16-1.fc44.x86_64.rpm,b1dae22c5a9d256b2acb700e8ff090e9dc11f0111415c9dd0126ae704d4bdd8e,updates
fedora,amavis,2.14.0-4.fc44,noarch,amavis,amavis-2.14.0-4.fc44.src.rpm,https://gitlab.com/amavis/amavis,https://gitlab.com/amavis/amavis,Packages/a/amavis-2.14.0-4.fc44.noarch.rpm,https://download.fedoraproject.org/pub/fedora/linux/releases/44/Everything/x86_64/os/Packages/a/amavis-2.14.0-4.fc44.noarch.rpm,ee86ef799d0271e96c0cc8ed8ac594311f561db829b8117ce6f10e487c48e23c,release
fedora,amavis-snmp,2.14.0-4.fc44,noarch,amavis,amavis-2.14.0-4.fc44.src.rpm,https://gitlab.com/amavis/amavis,https://gitlab.com/amavis/amavis,Packages/a/amavis-snmp-2.14.0-4.fc44.noarch.rpm,https://download.fedoraproject.org/pub/fedora/linux/releases/44/Everything/x86_64/os/Packages/a/amavis-snmp-2.14.0-4.fc44.noarch.rpm,ca9792c92fff5c2c9e29ce555c268e194ecf18ec9d25e36c191dad40fac6becc,release
fedora,amavisd-milter,1.7.2-12.fc44,x86_64,amavisd-milter,amavisd-milter-1.7.2-12.fc44.src.rpm,https://github.com/prehor/amavisd-milter,https://github.com/prehor/amavisd-milter,Packages/a/amavisd-milter-1.7.2-12.fc44.x86_64.rpm,https://download.fedoraproject.org/pub/fedora/linux/releases/44/Everything/x86_64/os/Packages/a/amavisd-milter-1.7.2-12.fc44.x86_64.rpm,cf186ccd4fc94c67f2d29cb77f21ec21b8084aad4210c71de089f49c8a1c7a80,release
fedora,ampr-ripd,2.4.2-4.fc44,x86_64,ampr-ripd,ampr-ripd-2.4.2-4.fc44.src.rpm,http://www.yo2loj.ro/hamprojects/,https://www.yo2loj.ro/hamprojects,Packages/a/ampr-ripd-2.4.2-4.fc44.x86_64.rpm,https://download.fedoraproject.org/pub/fedora/linux/releases/44/Everything/x86_64/os/Packages/a/ampr-ripd-2.4.2-4.fc44.x86_64.rpm,7d534857bdf02d490f33f7ed4021a024bd7957a1268d495ba58d3c6f5eb9feef,release
fedora,amprd,3.0.1-12.fc44,x86_64,amprd,amprd-3.0.1-12.fc44.src.rpm,http://www.yo2loj.ro/hamprojects/,https://www.yo2loj.ro/hamprojects,Packages/a/amprd-3.0.1-12.fc44.x86_64.rpm,https://download.fedoraproject.org/pub/fedora/linux/releases/44/Everything/x86_64/os/Packages/a/amprd-3.0.1-12.fc44.x86_64.rpm,f224c58aa27898b5f7233665049e8857b637d7a4d2086e992ea3b29016dbef49,release
fedora,anope,2.1.4-6.fc44,x86_64,anope,anope-2.1.4-6.fc44.src.rpm,https://www.anope.org/,https://www.anope.org,Packages/a/anope-2.1.4-6.fc44.x86_64.rpm,https://download.fedoraproject.org/pub/fedora/linux/releases/44/Everything/x86_64/os/Packages/a/anope-2.1.4-6.fc44.x86_64.rpm,37381b9db86f84d2eec03e0ec22df8d297472338fcbc95291ffa8ac00e5d2402,release
fedora,apt-cacher-ng,3.7.5-2.fc43,x86_64,apt-cacher-ng,apt-cacher-ng-3.7.5-2.fc43.src.rpm,http://www.unix-ag.uni-kl.de/~bloch/acng/,https://www.unix-ag.uni-kl.de/~bloch/acng,Packages/a/apt-cacher-ng-3.7.5-2.fc43.x86_64.rpm,https://download.fedoraproject.org/pub/fedora/linux/releases/44/Everything/x86_64/os/Packages/a/apt-cacher-ng-3.7.5-2.fc43.x86_64.rpm,a0a959dc5ca592b3b47de9ccc7fea8bbc36aa5517be04a0b5c9f7542aed3d59e,release
fedora,argus,3.0.8.2-30.fc44,x86_64,argus,argus-3.0.8.2-30.fc44.src.rpm,http://qosient.com/argus,https://qosient.com/argus,Packages/a/argus-3.0.8.2-30.fc44.x86_64.rpm,https://download.fedoraproject.org/pub/fedora/linux/releases/44/Everything/x86_64/os/Packages/a/argus-3.0.8.2-30.fc44.x86_64.rpm,822c09bf894f0f81013facb1a65b4a8caa521e5d87ebef537c65766e22c3f3ef,release
fedora,arpwatch,14:3.9-12.fc44,x86_64,arpwatch,arpwatch-3.9-12.fc44.src.rpm,https://ee.lbl.gov/,https://ee.lbl.gov,Packages/a/arpwatch-3.9-12.fc44.x86_64.rpm,https://download.fedoraproject.org/pub/fedora/linux/updates/44/Everything/x86_64/Packages/a/arpwatch-3.9-12.fc44.x86_64.rpm,e16800ff83eaefbf66957b71b5658c836b31491c9c441afce3f5c8184d408710,updates
fedora,asahi-battery,20250713-7.fc44,noarch,asahi-scripts,asahi-scripts-20250713-7.fc44.src.rpm,https://github.com/AsahiLinux/asahi-scripts,https://github.com/AsahiLinux/asahi-scripts,Packages/a/asahi-battery-20250713-7.fc44.noarch.rpm,https://download.fedoraproject.org/pub/fedora/linux/releases/44/Everything/x86_64/os/Packages/a/asahi-battery-20250713-7.fc44.noarch.rpm,f3e4b679d912e719a22d2b236299cfb6447f420d9e97b5f3b261b93948f7d2ee,release
fedora,asterisk,18.26.4-1.fc44,x86_64,asterisk,asterisk-18.26.4-1.fc44.src.rpm,http://www.asterisk.org/,https://www.asterisk.org,Packages/a/asterisk-18.26.4-1.fc44.x86_64.rpm,https://download.fedoraproject.org/pub/fedora/linux/updates/44/Everything/x86_64/Packages/a/asterisk-18.26.4-1.fc44.x86_64.rpm,608da010222e18da1ec08c0eaf936581aa2909bba4ab0fa7102983d336be892f,updates
fedora,atop,2.13.0-1.fc44,x86_64,atop,atop-2.13.0-1.fc44.src.rpm,https://www.atoptool.nl,https://www.atoptool.nl,Packages/a/atop-2.13.0-1.fc44.x86_64.rpm,https://download.fedoraproject.org/pub/fedora/linux/updates/44/Everything/x86_64/Packages/a/atop-2.13.0-1.fc44.x86_64.rpm,3189eb1dada12aa0e9395312cdcbefa02b31bab72cddf6b1f1da6a18c32f2972,updates
fedora,audit,4.2.1-1.fc44,x86_64,audit,audit-4.2.1-1.fc44.src.rpm,https://github.com/linux-audit/audit-userspace/,https://github.com/linux-audit/audit-userspace,Packages/a/audit-4.2.1-1.fc44.x86_64.rpm,https://download.fedoraproject.org/pub/fedora/linux/updates/44/Everything/x86_64/Packages/a/audit-4.2.1-1.fc44.x86_64.rpm,5a4b06716759dc1ea5d3930ef16b102e0a9c540ae5eed7c8e89fc2ec35b28111,updates
fedora,audit-rules,4.2.1-1.fc44,x86_64,audit,audit-4.2.1-1.fc44.src.rpm,https://github.com/linux-audit/audit-userspace/,https://github.com/linux-audit/audit-userspace,Packages/a/audit-rules-4.2.1-1.fc44.x86_64.rpm,https://download.fedoraproject.org/pub/fedora/linux/updates/44/Everything/x86_64/Packages/a/audit-rules-4.2.1-1.fc44.x86_64.rpm,c0f01bb923b98ccea6a159d65f718ad5e4b757760690041e8eba891eda87e2a1,updates
fedora,authselect-libs,1.7.1-1.fc44,x86_64,authselect,authselect-1.7.1-1.fc44.src.rpm,https://github.com/authselect/authselect,https://github.com/authselect/authselect,Packages/a/authselect-libs-1.7.1-1.fc44.x86_64.rpm,https://download.fedoraproject.org/pub/fedora/linux/releases/44/Everything/x86_64/os/Packages/a/authselect-libs-1.7.1-1.fc44.x86_64.rpm,ecdc8487654c247e74b72e101a7071a1d93572b7488c588dd6d05929bcf9c019,release
fedora,autorandr,1.15-5.fc44,noarch,autorandr,autorandr-1.15-5.fc44.src.rpm,https://github.com/phillipberndt/autorandr,https://github.com/phillipberndt/autorandr,Packages/a/autorandr-1.15-5.fc44.noarch.rpm,https://download.fedoraproject.org/pub/fedora/linux/releases/44/Everything/x86_64/os/Packages/a/autorandr-1.15-5.fc44.noarch.rpm,8696dce406fb486edb35f2a012fbc645d5c9c182af56773f134bd44d362cfcd8,release
fedora,avahi,0.9~rc2-8.fc44,x86_64,avahi,avahi-0.9~rc2-8.fc44.src.rpm,http://avahi.org,https://avahi.org,Packages/a/avahi-0.9~rc2-8.fc44.x86_64.rpm,https://download.fedoraproject.org/pub/fedora/linux/releases/44/Everything/x86_64/os/Packages/a/avahi-0.9~rc2-8.fc44.x86_64.rpm,60aa60da3821a88c5f3bc86c6cd56f10de4d5378fe7129c4548f69f0c81fd3b7,release
fedora,avahi-dnsconfd,0.9~rc2-8.fc44,x86_64,avahi,avahi-0.9~rc2-8.fc44.src.rpm,http://avahi.org,https://avahi.org,Packages/a/avahi-dnsconfd-0.9~rc2-8.fc44.x86_64.rpm,https://download.fedoraproject.org/pub/fedora/linux/releases/44/Everything/x86_64/os/Packages/a/avahi-dnsconfd-0.9~rc2-8.fc44.x86_64.rpm,f1bd2eef94d65b526fdc82a54264e39890c420f61983bf876e0a01548852fc50,release
fedora,babeld,1.14-1.fc44,x86_64,babeld,babeld-1.14-1.fc44.src.rpm,http://www.pps.univ-paris-diderot.fr/~jch/software/babel/,https://www.pps.univ-paris-diderot.fr/~jch/software/babel,Packages/b/babeld-1.14-1.fc44.x86_64.rpm,https://download.fedoraproject.org/pub/fedora/linux/updates/44/Everything/x86_64/Packages/b/babeld-1.14-1.fc44.x86_64.rpm,2b706ef5136dda5e5b1d5a7406cc08159d0b817c0189fcc61808f5a7c7cbf361,updates
fedora,bacula-client,15.0.3-5.fc44,x86_64,bacula,bacula-15.0.3-5.fc44.src.rpm,http://www.bacula.org,https://www.bacula.org,Packages/b/bacula-client-15.0.3-5.fc44.x86_64.rpm,https://download.fedoraproject.org/pub/fedora/linux/releases/44/Everything/x86_64/os/Packages/b/bacula-client-15.0.3-5.fc44.x86_64.rpm,0bd192f2099e3d5ae31470e7b98f0a7e8eb31557b0c41770a1966eca72de2770,release
fedora,bacula-director,15.0.3-5.fc44,x86_64,bacula,bacula-15.0.3-5.fc44.src.rpm,http://www.bacula.org,https://www.bacula.org,Packages/b/bacula-director-15.0.3-5.fc44.x86_64.rpm,https://download.fedoraproject.org/pub/fedora/linux/releases/44/Everything/x86_64/os/Packages/b/bacula-director-15.0.3-5.fc44.x86_64.rpm,64b5ac58f61f1d557d7b8cbab51467389319a6bfae5393a6d83e342c528b93a3,release
fedora,bacula-storage,15.0.3-5.fc44,x86_64,bacula,bacula-15.0.3-5.fc44.src.rpm,http://www.bacula.org,https://www.bacula.org,Packages/b/bacula-storage-15.0.3-5.fc44.x86_64.rpm,https://download.fedoraproject.org/pub/fedora/linux/releases/44/Everything/x86_64/os/Packages/b/bacula-storage-15.0.3-5.fc44.x86_64.rpm,605fb4d020554b1ac4b957d1201c816f42817a6b1db6c43dbf2e66148be4af9c,release
fedora,bcachefs-tools,1.38.6-1.fc44,x86_64,bcachefs-tools,bcachefs-tools-1.38.6-1.fc44.src.rpm,https://bcachefs.org/,https://bcachefs.org,Packages/b/bcachefs-tools-1.38.6-1.fc44.x86_64.rpm,https://download.fedoraproject.org/pub/fedora/linux/updates/44/Everything/x86_64/Packages/b/bcachefs-tools-1.38.6-1.fc44.x86_64.rpm,c62fb069546c5f63209db8239581de85dbd737242f10751751840d8feabaebf7,updates
fedora,bdii,6.0.3-7.fc44,noarch,bdii,bdii-6.0.3-7.fc44.src.rpm,https://github.com/EGI-Federation/bdii,https://github.com/EGI-Federation/bdii,Packages/b/bdii-6.0.3-7.fc44.noarch.rpm,https://download.fedoraproject.org/pub/fedora/linux/releases/44/Everything/x86_64/os/Packages/b/bdii-6.0.3-7.fc44.noarch.rpm,8f8d1ba6a61753cf02a6afce955af68f88111fcacd2e5768d5372e6cffc65f56,release
fedora,bees,0.10-6.fc44,x86_64,bees,bees-0.10-6.fc44.src.rpm,https://github.com/Zygo/bees,https://github.com/Zygo/bees,Packages/b/bees-0.10-6.fc44.x86_64.rpm,https://download.fedoraproject.org/pub/fedora/linux/releases/44/Everything/x86_64/os/Packages/b/bees-0.10-6.fc44.x86_64.rpm,665613b6ae4de820579c098305d3f48291c964a28fd51d64251f439b7dd46a8c,release
fedora,bind,32:9.18.50-1.fc44,x86_64,bind,bind-9.18.50-1.fc44.src.rpm,https://www.isc.org/downloads/bind/,https://www.isc.org/downloads/bind,Packages/b/bind-9.18.50-1.fc44.x86_64.rpm,https://download.fedoraproject.org/pub/fedora/linux/updates/44/Everything/x86_64/Packages/b/bind-9.18.50-1.fc44.x86_64.rpm,5c155ce18b576f8b5ba6f7bbef60e0aaaa005bbf38a2046a0e0d3b0d08febb54,updates
fedora,bind-chroot,32:9.18.50-1.fc44,x86_64,bind,bind-9.18.50-1.fc44.src.rpm,https://www.isc.org/downloads/bind/,https://www.isc.org/downloads/bind,Packages/b/bind-chroot-9.18.50-1.fc44.x86_64.rpm,https://download.fedoraproject.org/pub/fedora/linux/updates/44/Everything/x86_64/Packages/b/bind-chroot-9.18.50-1.fc44.x86_64.rpm,572f41fb4e78b9160fde4962034938db5a7508378691b68dee1c74e000e170ee,updates
fedora,bind9-next,32:9.21.22-2.fc44,x86_64,bind9-next,bind9-next-9.21.22-2.fc44.src.rpm,https://www.isc.org/downloads/bind/,https://www.isc.org/downloads/bind,Packages/b/bind9-next-9.21.22-2.fc44.x86_64.rpm,https://download.fedoraproject.org/pub/fedora/linux/updates/44/Everything/x86_64/Packages/b/bind9-next-9.21.22-2.fc44.x86_64.rpm,286d85655d14e02102434ec032ca176b4abd65e380929c6f817bdd6009fcd547,updates
fedora,bind9-next-chroot,32:9.21.22-2.fc44,x86_64,bind9-next,bind9-next-9.21.22-2.fc44.src.rpm,https://www.isc.org/downloads/bind/,https://www.isc.org/downloads/bind,Packages/b/bind9-next-chroot-9.21.22-2.fc44.x86_64.rpm,https://download.fedoraproject.org/pub/fedora/linux/updates/44/Everything/x86_64/Packages/b/bind9-next-chroot-9.21.22-2.fc44.x86_64.rpm,3e46304928e8bb4198176c6fbac672e748bc50c49a702b5345f8bbe55dc993a7,updates
fedora,bitlbee,3.6-20.fc44,x86_64,bitlbee,bitlbee-3.6-20.fc44.src.rpm,https://www.bitlbee.org/,https://www.bitlbee.org,Packages/b/bitlbee-3.6-20.fc44.x86_64.rpm,https://download.fedoraproject.org/pub/fedora/linux/releases/44/Everything/x86_64/os/Packages/b/bitlbee-3.6-20.fc44.x86_64.rpm,5e5e4f0d2e6b0ff11586c044feb4189d793c93ef2fb4c76b636bc0070d2908fd,release
fedora,blueman,1:2.4.6-6.fc44,x86_64,blueman,blueman-2.4.6-6.fc44.src.rpm,https://github.com/blueman-project/blueman,https://github.com/blueman-project/blueman,Packages/b/blueman-2.4.6-6.fc44.x86_64.rpm,https://download.fedoraproject.org/pub/fedora/linux/releases/44/Everything/x86_64/os/Packages/b/blueman-2.4.6-6.fc44.x86_64.rpm,b03a4991166f1267f15ef295056d7d7885e271ca55ab763a49fc2711d7997726,release
fedora,bluez,5.87-3.fc44,x86_64,bluez,bluez-5.87-3.fc44.src.rpm,http://www.bluez.org/,https://www.bluez.org,Packages/b/bluez-5.87-3.fc44.x86_64.rpm,https://download.fedoraproject.org/pub/fedora/linux/updates/44/Everything/x86_64/Packages/b/bluez-5.87-3.fc44.x86_64.rpm,3e72f0f90eded75a6bc971612951073e4952d1b1c61b6118f73ddf2c7af4c0d3,updates
fedora,bluez-mesh,5.87-3.fc44,x86_64,bluez,bluez-5.87-3.fc44.src.rpm,http://www.bluez.org/,https://www.bluez.org,Packages/b/bluez-mesh-5.87-3.fc44.x86_64.rpm,https://download.fedoraproject.org/pub/fedora/linux/updates/44/Everything/x86_64/Packages/b/bluez-mesh-5.87-3.fc44.x86_64.rpm,91b87a96e0f0e43f7ab676f0c6cffbfc94b777aac6f59e1edc244655cf0f6837,updates
fedora,boinc-client,8.2.4-3.fc44,x86_64,boinc-client,boinc-client-8.2.4-3.fc44.src.rpm,http://boinc.berkeley.edu/,https://boinc.berkeley.edu,Packages/b/boinc-client-8.2.4-3.fc44.x86_64.rpm,https://download.fedoraproject.org/pub/fedora/linux/releases/44/Everything/x86_64/os/Packages/b/boinc-client-8.2.4-3.fc44.x86_64.rpm,5dd0ac24f71e2f644aa138081d5c13f268bbfa0dd63103ce6e23b28fcebf7b1f,release
fedora,bolt,0.9.11-1.fc44,x86_64,bolt,bolt-0.9.11-1.fc44.src.rpm,https://gitlab.freedesktop.org/bolt/bolt,https://gitlab.freedesktop.org/bolt/bolt,Packages/b/bolt-0.9.11-1.fc44.x86_64.rpm,https://download.fedoraproject.org/pub/fedora/linux/updates/44/Everything/x86_64/Packages/b/bolt-0.9.11-1.fc44.x86_64.rpm,d6173cee5de83872de6bf79b38d94e773eb3eaac80a9d9bf5ea9f8c29fa74749,updates
fedora,booth-arbitrator,1.2-8.fc44,noarch,booth,booth-1.2-8.fc44.src.rpm,https://github.com/ClusterLabs/booth,https://github.com/ClusterLabs/booth,Packages/b/booth-arbitrator-1.2-8.fc44.noarch.rpm,https://download.fedoraproject.org/pub/fedora/linux/releases/44/Everything/x86_64/os/Packages/b/booth-arbitrator-1.2-8.fc44.noarch.rpm,cd962eac5c26bf532ca5a1793e1968bbaca27375919edc66dca6768a3c628cb6,release
fedora,borgmatic,2.1.6-1.fc44,noarch,borgmatic,borgmatic-2.1.6-1.fc44.src.rpm,https://torsion.org/borgmatic,https://torsion.org/borgmatic,Packages/b/borgmatic-2.1.6-1.fc44.noarch.rpm,https://download.fedoraproject.org/pub/fedora/linux/updates/44/Everything/x86_64/Packages/b/borgmatic-2.1.6-1.fc44.noarch.rpm,75b8342f791468a7801b955dc13465136a3f34eca9009c6baaefc929ee7a27c8,updates
fedora,bpfilter,0.6.0-5.fc44,x86_64,bpfilter,bpfilter-0.6.0-5.fc44.src.rpm,https://bpfilter.io,https://bpfilter.io,Packages/b/bpfilter-0.6.0-5.fc44.x86_64.rpm,https://download.fedoraproject.org/pub/fedora/linux/releases/44/Everything/x86_64/os/Packages/b/bpfilter-0.6.0-5.fc44.x86_64.rpm,8625e8e2e3ec89ff831fa0a6803c839dc708c905025d496e981c4b7a9bc4574e,release
fedora,brltty,6.8-8.fc44,x86_64,brltty,brltty-6.8-8.fc44.src.rpm,http://brltty.app/,https://brltty.app,Packages/b/brltty-6.8-8.fc44.x86_64.rpm,https://download.fedoraproject.org/pub/fedora/linux/releases/44/Everything/x86_64/os/Packages/b/brltty-6.8-8.fc44.x86_64.rpm,3903ae5c73bb1a280069f2638f35fcaeadcd54b6b7229c9b9038b6022d4023b6,release
fedora,btrbk,0.32.7-1.fc44,noarch,btrbk,btrbk-0.32.7-1.fc44.src.rpm,https://digint.ch/btrbk/,https://digint.ch/btrbk,Packages/b/btrbk-0.32.7-1.fc44.noarch.rpm,https://download.fedoraproject.org/pub/fedora/linux/updates/44/Everything/x86_64/Packages/b/btrbk-0.32.7-1.fc44.noarch.rpm,d4b9415f7fb63d037def38831fc237cb0bcbe4df36b7bdd3dd6732cdbe647647,updates
fedora,btrfsd,0.2.2-6.fc44,x86_64,btrfsd,btrfsd-0.2.2-6.fc44.src.rpm,https://github.com/ximion/btrfsd,https://github.com/ximion/btrfsd,Packages/b/btrfsd-0.2.2-6.fc44.x86_64.rpm,https://download.fedoraproject.org/pub/fedora/linux/releases/44/Everything/x86_64/os/Packages/b/btrfsd-0.2.2-6.fc44.x86_64.rpm,592232cdb60c121f5f1953c679cbeeae48062e818c67aac09a93ed03a9ea8bab,release
fedora,btrfsmaintenance,0.5.2-6.fc44,noarch,btrfsmaintenance,btrfsmaintenance-0.5.2-6.fc44.src.rpm,https://github.com/kdave/btrfsmaintenance,https://github.com/kdave/btrfsmaintenance,Packages/b/btrfsmaintenance-0.5.2-6.fc44.noarch.rpm,https://download.fedoraproject.org/pub/fedora/linux/releases/44/Everything/x86_64/os/Packages/b/btrfsmaintenance-0.5.2-6.fc44.noarch.rpm,fdc541454c2f5f6f29315ac0f6a6e0a383eca028048594d32452ecebf9ffbdae,release
fedora,buildbot-master,4.3.0-7.fc44,noarch,buildbot,buildbot-4.3.0-7.fc44.src.rpm,https://buildbot.net,https://buildbot.net,Packages/b/buildbot-master-4.3.0-7.fc44.noarch.rpm,https://download.fedoraproject.org/pub/fedora/linux/releases/44/Everything/x86_64/os/Packages/b/buildbot-master-4.3.0-7.fc44.noarch.rpm,288bf68ef5560e92efbf942281c81d71571ed2825ca327e8a91e1070d764ae37,release
fedora,buildbot-worker,4.3.0-7.fc44,noarch,buildbot,buildbot-4.3.0-7.fc44.src.rpm,https://buildbot.net,https://buildbot.net,Packages/b/buildbot-worker-4.3.0-7.fc44.noarch.rpm,https://download.fedoraproject.org/pub/fedora/linux/releases/44/Everything/x86_64/os/Packages/b/buildbot-worker-4.3.0-7.fc44.noarch.rpm,e6476cf111bcf73e274e144c223004722feab6ee60f7011536dd7cc8fcccf357,release
fedora,c-icap,0.6.3-5.fc44,x86_64,c-icap,c-icap-0.6.3-5.fc44.src.rpm,http://c-icap.sourceforge.net/,https://c-icap.sourceforge.net,Packages/c/c-icap-0.6.3-5.fc44.x86_64.rpm,https://download.fedoraproject.org/pub/fedora/linux/releases/44/Everything/x86_64/os/Packages/c/c-icap-0.6.3-5.fc44.x86_64.rpm,b5684ebb0bfdc1a5a8eed9c586e49773ea8059e8c962b38ea39902fe3619a7c8,release
fedora,ceph-base,2:20.2.3-1.fc44,x86_64,ceph,ceph-20.2.3-1.fc44.src.rpm,http://ceph.com/,https://ceph.com,Packages/c/ceph-base-20.2.3-1.fc44.x86_64.rpm,https://download.fedoraproject.org/pub/fedora/linux/updates/44/Everything/x86_64/Packages/c/ceph-base-20.2.3-1.fc44.x86_64.rpm,e9ae1cfc4cc8b9ef16497a3a5911f26742c86a6523b0d985e253936a809a5c04,updates
fedora,ceph-common,2:20.2.3-1.fc44,x86_64,ceph,ceph-20.2.3-1.fc44.src.rpm,http://ceph.com/,https://ceph.com,Packages/c/ceph-common-20.2.3-1.fc44.x86_64.rpm,https://download.fedoraproject.org/pub/fedora/linux/updates/44/Everything/x86_64/Packages/c/ceph-common-20.2.3-1.fc44.x86_64.rpm,ef1c95f02b0ae77af84f31edc4f54cd160f8d8647c4de6096521ccaea6ceb0d2,updates
fedora,ceph-exporter,2:20.2.3-1.fc44,x86_64,ceph,ceph-20.2.3-1.fc44.src.rpm,http://ceph.com/,https://ceph.com,Packages/c/ceph-exporter-20.2.3-1.fc44.x86_64.rpm,https://download.fedoraproject.org/pub/fedora/linux/updates/44/Everything/x86_64/Packages/c/ceph-exporter-20.2.3-1.fc44.x86_64.rpm,2ca302055b5c62ad4a8ec452f33b60a31de9cad8122027909bc51e9c07620511,updates
fedora,ceph-fuse,2:20.2.3-1.fc44,x86_64,ceph,ceph-20.2.3-1.fc44.src.rpm,http://ceph.com/,https://ceph.com,Packages/c/ceph-fuse-20.2.3-1.fc44.x86_64.rpm,https://download.fedoraproject.org/pub/fedora/linux/updates/44/Everything/x86_64/Packages/c/ceph-fuse-20.2.3-1.fc44.x86_64.rpm,b9e0e4dfbaa3ff65d20e8db4973c5de45fd13835e35e1a147bdd1865b5e1f93e,updates
fedora,ceph-immutable-object-cache,2:20.2.3-1.fc44,x86_64,ceph,ceph-20.2.3-1.fc44.src.rpm,http://ceph.com/,https://ceph.com,Packages/c/ceph-immutable-object-cache-20.2.3-1.fc44.x86_64.rpm,https://download.fedoraproject.org/pub/fedora/linux/updates/44/Everything/x86_64/Packages/c/ceph-immutable-object-cache-20.2.3-1.fc44.x86_64.rpm,775fe905213e882e9f07c184b92e548b13c4a53afb40c8f3ee0ed34df838813a,updates
fedora,ceph-mds,2:20.2.3-1.fc44,x86_64,ceph,ceph-20.2.3-1.fc44.src.rpm,http://ceph.com/,https://ceph.com,Packages/c/ceph-mds-20.2.3-1.fc44.x86_64.rpm,https://download.fedoraproject.org/pub/fedora/linux/updates/44/Everything/x86_64/Packages/c/ceph-mds-20.2.3-1.fc44.x86_64.rpm,8983ec9d3cb7b32f60a7e8e37c54870291f468add9210ac2f2a73108ca2b5bbc,updates
fedora,ceph-mgr,2:20.2.3-1.fc44,x86_64,ceph,ceph-20.2.3-1.fc44.src.rpm,http://ceph.com/,https://ceph.com,Packages/c/ceph-mgr-20.2.3-1.fc44.x86_64.rpm,https://download.fedoraproject.org/pub/fedora/linux/updates/44/Everything/x86_64/Packages/c/ceph-mgr-20.2.3-1.fc44.x86_64.rpm,110e8dda7385e3c41ace7a2bfbcb75513acff95eaa8086e870e0d949b7956bd6,updates
fedora,ceph-mon,2:20.2.3-1.fc44,x86_64,ceph,ceph-20.2.3-1.fc44.src.rpm,http://ceph.com/,https://ceph.com,Packages/c/ceph-mon-20.2.3-1.fc44.x86_64.rpm,https://download.fedoraproject.org/pub/fedora/linux/updates/44/Everything/x86_64/Packages/c/ceph-mon-20.2.3-1.fc44.x86_64.rpm,1f4da4bf2de551ae58e3166fd07a7a56bf75159488c780ba41b3677aa7437d66,updates
fedora,ceph-osd,2:20.2.3-1.fc44,x86_64,ceph,ceph-20.2.3-1.fc44.src.rpm,http://ceph.com/,https://ceph.com,Packages/c/ceph-osd-20.2.3-1.fc44.x86_64.rpm,https://download.fedoraproject.org/pub/fedora/linux/updates/44/Everything/x86_64/Packages/c/ceph-osd-20.2.3-1.fc44.x86_64.rpm,3eea01b0878b0d9a7aea7f209134703325aed9e5c6fcb12994dfa1597e9e6427,updates
fedora,ceph-radosgw,2:20.2.3-1.fc44,x86_64,ceph,ceph-20.2.3-1.fc44.src.rpm,http://ceph.com/,https://ceph.com,Packages/c/ceph-radosgw-20.2.3-1.fc44.x86_64.rpm,https://download.fedoraproject.org/pub/fedora/linux/updates/44/Everything/x86_64/Packages/c/ceph-radosgw-20.2.3-1.fc44.x86_64.rpm,5d8ae2c76d78c7e4e3f6de2098908a82feac22bbaf740290dec02b88dc5ed74e,updates
fedora,ceph-volume,2:20.2.3-1.fc44,noarch,ceph,ceph-20.2.3-1.fc44.src.rpm,http://ceph.com/,https://ceph.com,Packages/c/ceph-volume-20.2.3-1.fc44.noarch.rpm,https://download.fedoraproject.org/pub/fedora/linux/updates/44/Everything/x86_64/Packages/c/ceph-volume-20.2.3-1.fc44.noarch.rpm,8563e7022658880be50ed90d32210d8039f734d19350bd0441614b5ff12625d7,updates
fedora,cephfs-mirror,2:20.2.3-1.fc44,x86_64,ceph,ceph-20.2.3-1.fc44.src.rpm,http://ceph.com/,https://ceph.com,Packages/c/cephfs-mirror-20.2.3-1.fc44.x86_64.rpm,https://download.fedoraproject.org/pub/fedora/linux/updates/44/Everything/x86_64/Packages/c/cephfs-mirror-20.2.3-1.fc44.x86_64.rpm,861cbe7710e768bba8fb64a700615d17e964c64bd16a33fe7b74b17b5bbed823,updates
fedora,certmonger,0.79.21-4.fc44,x86_64,certmonger,certmonger-0.79.21-4.fc44.src.rpm,http://pagure.io/certmonger/,https://pagure.io/certmonger,Packages/c/certmonger-0.79.21-4.fc44.x86_64.rpm,https://download.fedoraproject.org/pub/fedora/linux/releases/44/Everything/x86_64/os/Packages/c/certmonger-0.79.21-4.fc44.x86_64.rpm,2c198134d5ed1a42a71e8c5a4ef15da9d83490db90c92acc0cda24e27fce8407,release
fedora,chrony,4.8-5.fc44,x86_64,chrony,chrony-4.8-5.fc44.src.rpm,https://chrony-project.org,https://chrony-project.org,Packages/c/chrony-4.8-5.fc44.x86_64.rpm,https://download.fedoraproject.org/pub/fedora/linux/releases/44/Everything/x86_64/os/Packages/c/chrony-4.8-5.fc44.x86_64.rpm,88c88e07b8b0d687bb952eb43424cb1e99b7150ba092e2f046c3c88aedf60aa9,release
fedora,ckb-next,0.6.2-5.fc44,x86_64,ckb-next,ckb-next-0.6.2-5.fc44.src.rpm,https://github.com/ckb-next/ckb-next,https://github.com/ckb-next/ckb-next,Packages/c/ckb-next-0.6.2-5.fc44.x86_64.rpm,https://download.fedoraproject.org/pub/fedora/linux/releases/44/Everything/x86_64/os/Packages/c/ckb-next-0.6.2-5.fc44.x86_64.rpm,ea7a542ff8746cd317fd29a28eddbc4ca69eecc5e55ad1b174da0374021e1e5f,release
fedora,clamav,1.4.5-1.fc44,x86_64,clamav,clamav-1.4.5-1.fc44.src.rpm,https://www.clamav.net/,https://www.clamav.net,Packages/c/clamav-1.4.5-1.fc44.x86_64.rpm,https://download.fedoraproject.org/pub/fedora/linux/updates/44/Everything/x86_64/Packages/c/clamav-1.4.5-1.fc44.x86_64.rpm,649b6f258878a27c079a9a650ec69076241995a0a112390d613fec5d4dc19dd3,updates
fedora,clamav-freshclam,1.4.5-1.fc44,x86_64,clamav,clamav-1.4.5-1.fc44.src.rpm,https://www.clamav.net/,https://www.clamav.net,Packages/c/clamav-freshclam-1.4.5-1.fc44.x86_64.rpm,https://download.fedoraproject.org/pub/fedora/linux/updates/44/Everything/x86_64/Packages/c/clamav-freshclam-1.4.5-1.fc44.x86_64.rpm,7c487b3a5d9ff9bcaba1181079fd3b27287461cbba051523ccef7b9fa5341dba,updates
fedora,clamav-milter,1.4.5-1.fc44,x86_64,clamav,clamav-1.4.5-1.fc44.src.rpm,https://www.clamav.net/,https://www.clamav.net,Packages/c/clamav-milter-1.4.5-1.fc44.x86_64.rpm,https://download.fedoraproject.org/pub/fedora/linux/updates/44/Everything/x86_64/Packages/c/clamav-milter-1.4.5-1.fc44.x86_64.rpm,e82b66380cc8b14c5a8d5e39ae5ae3c7896c0e457d1fb2d4a6826acb101dec7b,updates
fedora,clamd,1.4.5-1.fc44,x86_64,clamav,clamav-1.4.5-1.fc44.src.rpm,https://www.clamav.net/,https://www.clamav.net,Packages/c/clamd-1.4.5-1.fc44.x86_64.rpm,https://download.fedoraproject.org/pub/fedora/linux/updates/44/Everything/x86_64/Packages/c/clamd-1.4.5-1.fc44.x86_64.rpm,0b03ffee36ebcac35cead88e75110622acb5a3de4a60e329811a5a4a87c7ebb6,updates
fedora,clatd,2.1.0-5.fc44,noarch,clatd,clatd-2.1.0-5.fc44.src.rpm,https://github.com/toreanderson/clatd,https://github.com/toreanderson/clatd,Packages/c/clatd-2.1.0-5.fc44.noarch.rpm,https://download.fedoraproject.org/pub/fedora/linux/releases/44/Everything/x86_64/os/Packages/c/clatd-2.1.0-5.fc44.noarch.rpm,72f24ef0234a9152aad906775cfaee5d6b6ca5b8c4225ddfcff8158ec0f4ee25,release
fedora,clevis-pin-pkcs11,21-14.fc44,x86_64,clevis,clevis-21-14.fc44.src.rpm,https://github.com/latchset/clevis,https://github.com/latchset/clevis,Packages/c/clevis-pin-pkcs11-21-14.fc44.x86_64.rpm,https://download.fedoraproject.org/pub/fedora/linux/releases/44/Everything/x86_64/os/Packages/c/clevis-pin-pkcs11-21-14.fc44.x86_64.rpm,a1b7c55051b49b95069fba680f072d812f4bd64383d7528419fb69a23a747d23,release
fedora,clevis-systemd,21-14.fc44,x86_64,clevis,clevis-21-14.fc44.src.rpm,https://github.com/latchset/clevis,https://github.com/latchset/clevis,Packages/c/clevis-systemd-21-14.fc44.x86_64.rpm,https://download.fedoraproject.org/pub/fedora/linux/releases/44/Everything/x86_64/os/Packages/c/clevis-systemd-21-14.fc44.x86_64.rpm,599850496decdbb82baf829df364d601bfccf9af4311d275c7c718ceb9585bbc,release
fedora,cockpit-ws,365-1.fc44,x86_64,cockpit,cockpit-365-1.fc44.src.rpm,https://cockpit-project.org/,https://cockpit-project.org,Packages/c/cockpit-ws-365-1.fc44.x86_64.rpm,https://download.fedoraproject.org/pub/fedora/linux/updates/44/Everything/x86_64/Packages/c/cockpit-ws-365-1.fc44.x86_64.rpm,e7198e2bf758a8b5c732501350ee61ed4141f9d64a6556672b669fab8047fa6e,updates
fedora,collectd,5.12.0-64.fc44,x86_64,collectd,collectd-5.12.0-64.fc44.src.rpm,https://collectd.org/,https://collectd.org,Packages/c/collectd-5.12.0-64.fc44.x86_64.rpm,https://download.fedoraproject.org/pub/fedora/linux/updates/44/Everything/x86_64/Packages/c/collectd-5.12.0-64.fc44.x86_64.rpm,0bff4615dd22e76ef41d5ef23db65de79aec28943bb6ae12699db49090233ad0,updates
fedora,collectl,4.3.20.3-1.fc44,noarch,collectl,collectl-4.3.20.3-1.fc44.src.rpm,https://github.com/sharkcz/collectl,https://github.com/sharkcz/collectl,Packages/c/collectl-4.3.20.3-1.fc44.noarch.rpm,https://download.fedoraproject.org/pub/fedora/linux/updates/44/Everything/x86_64/Packages/c/collectl-4.3.20.3-1.fc44.noarch.rpm,37df8b2650f5ae76b564b3f4a618d1df884fa56e801497a0191e200a950287fb,updates
fedora,colord,1.4.8-4.fc44,x86_64,colord,colord-1.4.8-4.fc44.src.rpm,https://www.freedesktop.org/software/colord/,https://www.freedesktop.org/software/colord,Packages/c/colord-1.4.8-4.fc44.x86_64.rpm,https://download.fedoraproject.org/pub/fedora/linux/releases/44/Everything/x86_64/os/Packages/c/colord-1.4.8-4.fc44.x86_64.rpm,4ae9ea756564ac987f2e676dc2d2f67cdeebec73490e24a7206ab0cbb099a7fa,release
fedora,condor,23.9.6-15.fc44,x86_64,condor,condor-23.9.6-15.fc44.src.rpm,http://htcondor.org,https://htcondor.org,Packages/c/condor-23.9.6-15.fc44.x86_64.rpm,https://download.fedoraproject.org/pub/fedora/linux/releases/44/Everything/x86_64/os/Packages/c/condor-23.9.6-15.fc44.x86_64.rpm,a3e46aa25c1f087a1311ce9a1762f5f9ed429f7e75631b4b3c8616dbe109d78b,release
fedora,condor-annex-ec2,23.9.6-15.fc44,x86_64,condor,condor-23.9.6-15.fc44.src.rpm,http://htcondor.org,https://htcondor.org,Packages/c/condor-annex-ec2-23.9.6-15.fc44.x86_64.rpm,https://download.fedoraproject.org/pub/fedora/linux/releases/44/Everything/x86_64/os/Packages/c/condor-annex-ec2-23.9.6-15.fc44.x86_64.rpm,1f32bdcf582b48d90d0ef3df4dce576c8fe3e47916ca31ecc4f42e719173903e,release
fedora,conntrack-tools,1.4.8-12.fc44,x86_64,conntrack-tools,conntrack-tools-1.4.8-12.fc44.src.rpm,http://conntrack-tools.netfilter.org/,https://conntrack-tools.netfilter.org,Packages/c/conntrack-tools-1.4.8-12.fc44.x86_64.rpm,https://download.fedoraproject.org/pub/fedora/linux/releases/44/Everything/x86_64/os/Packages/c/conntrack-tools-1.4.8-12.fc44.x86_64.rpm,12a23c424e96739eec695c8154cc3a1d1f7d1031c751426d20e43f3825621912,release
fedora,conserver,8.3.0-1.fc44,x86_64,conserver,conserver-8.3.0-1.fc44.src.rpm,https://www.conserver.com,https://www.conserver.com,Packages/c/conserver-8.3.0-1.fc44.x86_64.rpm,https://download.fedoraproject.org/pub/fedora/linux/releases/44/Everything/x86_64/os/Packages/c/conserver-8.3.0-1.fc44.x86_64.rpm,512ccfcde60a6239df7105d4f7dedc9660a87bf7d89f7591cdf99717cbc62e6b,release
fedora,consolation,0.0.7-17.fc44,x86_64,consolation,consolation-0.0.7-17.fc44.src.rpm,https://salsa.debian.org/consolation-team/consolation/,https://salsa.debian.org/consolation-team/consolation,Packages/c/consolation-0.0.7-17.fc44.x86_64.rpm,https://download.fedoraproject.org/pub/fedora/linux/releases/44/Everything/x86_64/os/Packages/c/consolation-0.0.7-17.fc44.x86_64.rpm,9bb0a50017c55d32fbe9ad19861aa24587ca56068b82b7fcadc9078b7e4f3b74,release
fedora,containernetworking-plugins,1.9.1-1.fc44,x86_64,containernetworking-plugins,containernetworking-plugins-1.9.1-1.fc44.src.rpm,https://github.com/containernetworking/plugins,https://github.com/containernetworking/plugins,Packages/c/containernetworking-plugins-1.9.1-1.fc44.x86_64.rpm,https://download.fedoraproject.org/pub/fedora/linux/releases/44/Everything/x86_64/os/Packages/c/containernetworking-plugins-1.9.1-1.fc44.x86_64.rpm,5ddd8d476eb5ef976a25d05c3df4f49eea2dea21707c830a01a1fef1abe75e9c,release
fedora,corosync,3.1.10-5.fc44,x86_64,corosync,corosync-3.1.10-5.fc44.src.rpm,http://corosync.github.io/corosync/,https://corosync.github.io/corosync,Packages/c/corosync-3.1.10-5.fc44.x86_64.rpm,https://download.fedoraproject.org/pub/fedora/linux/updates/44/Everything/x86_64/Packages/c/corosync-3.1.10-5.fc44.x86_64.rpm,5d2618c95d6592012673e8b330ea48d479a905ed573be6dfc0e717e66e2c3601,updates
fedora,corosync-qdevice,3.0.4-3.fc44,x86_64,corosync-qdevice,corosync-qdevice-3.0.4-3.fc44.src.rpm,https://github.com/corosync/corosync-qdevice,https://github.com/corosync/corosync-qdevice,Packages/c/corosync-qdevice-3.0.4-3.fc44.x86_64.rpm,https://download.fedoraproject.org/pub/fedora/linux/releases/44/Everything/x86_64/os/Packages/c/corosync-qdevice-3.0.4-3.fc44.x86_64.rpm,99e6427202f420611d7cbfbeedff536be8844a84eea7759a26a9bdaaec2b3a2d,release
fedora,corosync-qnetd,3.0.4-3.fc44,x86_64,corosync-qdevice,corosync-qdevice-3.0.4-3.fc44.src.rpm,https://github.com/corosync/corosync-qdevice,https://github.com/corosync/corosync-qdevice,Packages/c/corosync-qnetd-3.0.4-3.fc44.x86_64.rpm,https://download.fedoraproject.org/pub/fedora/linux/releases/44/Everything/x86_64/os/Packages/c/corosync-qnetd-3.0.4-3.fc44.x86_64.rpm,77307add0d9ffb59cbd6e2e87512861f7c2c1003ad261cc1082b70eae8a9122f,release
fedora,cosmic-greeter,1.5.0-1.fc44,x86_64,cosmic-greeter,cosmic-greeter-1.5.0-1.fc44.src.rpm,https://github.com/pop-os/cosmic-greeter,https://github.com/pop-os/cosmic-greeter,Packages/c/cosmic-greeter-1.5.0-1.fc44.x86_64.rpm,https://download.fedoraproject.org/pub/fedora/linux/updates/44/Everything/x86_64/Packages/c/cosmic-greeter-1.5.0-1.fc44.x86_64.rpm,f0b559e737a0439a8a01938f18301b96cd20430d38b7cfde562b21b8c170cf70,updates
fedora,coturn,4.15.0-1.fc44,x86_64,coturn,coturn-4.15.0-1.fc44.src.rpm,https://github.com/coturn/coturn/,https://github.com/coturn/coturn,Packages/c/coturn-4.15.0-1.fc44.x86_64.rpm,https://download.fedoraproject.org/pub/fedora/linux/updates/44/Everything/x86_64/Packages/c/coturn-4.15.0-1.fc44.x86_64.rpm,d67e48f1ac33275edad8c5141ea59169f90465ce3e564ad31f903287f07d8484,updates
fedora,cri-o,1.32.0-8.fc44,x86_64,cri-o,cri-o-1.32.0-8.fc44.src.rpm,https://github.com/cri-o/cri-o,https://github.com/cri-o/cri-o,Packages/c/cri-o-1.32.0-8.fc44.x86_64.rpm,https://download.fedoraproject.org/pub/fedora/linux/releases/44/Everything/x86_64/os/Packages/c/cri-o-1.32.0-8.fc44.x86_64.rpm,a41329af5a5b82f88a95b2e32b496f905687e44442ed145391647d2d2f1b1dda,release
fedora,cri-o1.33,1.33.12-1.fc44,x86_64,cri-o1.33,cri-o1.33-1.33.12-1.fc44.src.rpm,https://github.com/cri-o/cri-o,https://github.com/cri-o/cri-o,Packages/c/cri-o1.33-1.33.12-1.fc44.x86_64.rpm,https://download.fedoraproject.org/pub/fedora/linux/updates/44/Everything/x86_64/Packages/c/cri-o1.33-1.33.12-1.fc44.x86_64.rpm,7346c18636fa02fc9b6bb3a79df317caf1e5ad6c18915efa4aca8a1edd70c5f5,updates
fedora,cri-o1.34,1.34.10-1.fc44,x86_64,cri-o1.34,cri-o1.34-1.34.10-1.fc44.src.rpm,https://github.com/cri-o/cri-o,https://github.com/cri-o/cri-o,Packages/c/cri-o1.34-1.34.10-1.fc44.x86_64.rpm,https://download.fedoraproject.org/pub/fedora/linux/updates/44/Everything/x86_64/Packages/c/cri-o1.34-1.34.10-1.fc44.x86_64.rpm,99730debc11c0d216d176fa44589f3b50b9eff39abe6b9e70766a97df128be07,updates
fedora,cri-o1.35,1.35.5-1.fc44,x86_64,cri-o1.35,cri-o1.35-1.35.5-1.fc44.src.rpm,https://github.com/cri-o/cri-o,https://github.com/cri-o/cri-o,Packages/c/cri-o1.35-1.35.5-1.fc44.x86_64.rpm,https://download.fedoraproject.org/pub/fedora/linux/updates/44/Everything/x86_64/Packages/c/cri-o1.35-1.35.5-1.fc44.x86_64.rpm,f71a4d98c71a218eb90bf7aa1725649fe225955c27dcb43d8a2e0e3524c02e40,updates
fedora,cri-o1.36,1.36.2-1.fc44,x86_64,cri-o1.36,cri-o1.36-1.36.2-1.fc44.src.rpm,https://github.com/cri-o/cri-o,https://github.com/cri-o/cri-o,Packages/c/cri-o1.36-1.36.2-1.fc44.x86_64.rpm,https://download.fedoraproject.org/pub/fedora/linux/updates/44/Everything/x86_64/Packages/c/cri-o1.36-1.36.2-1.fc44.x86_64.rpm,77e0f8dd332f38009c4157097b49fc39dc95e324716504664a023f6ea85d54a9,updates
fedora,croc,9.6.4-7.fc41,x86_64,golang-github-schollz-croc,golang-github-schollz-croc-9.6.4-7.fc41.src.rpm,https://github.com/schollz/croc,https://github.com/schollz/croc,Packages/c/croc-9.6.4-7.fc41.x86_64.rpm,https://download.fedoraproject.org/pub/fedora/linux/releases/44/Everything/x86_64/os/Packages/c/croc-9.6.4-7.fc41.x86_64.rpm,da280d5154f5c67fb500ce8054df51445f47b95ab205275bfe4c2eea327e88b2,release
fedora,cronie,1.7.2-16.fc44,x86_64,cronie,cronie-1.7.2-16.fc44.src.rpm,https://github.com/cronie-crond/cronie,https://github.com/cronie-crond/cronie,Packages/c/cronie-1.7.2-16.fc44.x86_64.rpm,https://download.fedoraproject.org/pub/fedora/linux/releases/44/Everything/x86_64/os/Packages/c/cronie-1.7.2-16.fc44.x86_64.rpm,83d4a61afaae76c0c4e11af1db426d7f0ab8916b14e3563b4903dc34c3b734cc,release
fedora,crossfire,1.71.0-35.fc44,x86_64,crossfire,crossfire-1.71.0-35.fc44.src.rpm,http://crossfire.real-time.com,https://crossfire.real-time.com,Packages/c/crossfire-1.71.0-35.fc44.x86_64.rpm,https://download.fedoraproject.org/pub/fedora/linux/releases/44/Everything/x86_64/os/Packages/c/crossfire-1.71.0-35.fc44.x86_64.rpm,4fdcbfe9eee370d768362612397fbe2ee72644a81a28372012e7fd1fbc49b996,release
fedora,ctdb,2:4.24.5-1.fc44,x86_64,samba,samba-4.24.5-1.fc44.src.rpm,https://www.samba.org,https://www.samba.org,Packages/c/ctdb-4.24.5-1.fc44.x86_64.rpm,https://download.fedoraproject.org/pub/fedora/linux/updates/44/Everything/x86_64/Packages/c/ctdb-4.24.5-1.fc44.x86_64.rpm,052a7daf9ca84405920f99368d9f149b960f11cf5dbca279072813ab3652dade,updates
fedora,cups,1:2.4.19-3.fc44,x86_64,cups,cups-2.4.19-3.fc44.src.rpm,https://openprinting.github.io/cups/,https://openprinting.github.io/cups,Packages/c/cups-2.4.19-3.fc44.x86_64.rpm,https://download.fedoraproject.org/pub/fedora/linux/updates/44/Everything/x86_64/Packages/c/cups-2.4.19-3.fc44.x86_64.rpm,b3bc3ebfa84881b69eb6c9b86565766c1087535939ae48a95969683199535e89,updates
fedora,cups-lpd,1:2.4.19-3.fc44,x86_64,cups,cups-2.4.19-3.fc44.src.rpm,https://openprinting.github.io/cups/,https://openprinting.github.io/cups,Packages/c/cups-lpd-2.4.19-3.fc44.x86_64.rpm,https://download.fedoraproject.org/pub/fedora/linux/updates/44/Everything/x86_64/Packages/c/cups-lpd-2.4.19-3.fc44.x86_64.rpm,14fcd8eb3271e00d9c0ed3738e0ce07539f4973108c5d2cccf4fe206d59798cf,updates
fedora,cxl-cli,85-1.fc44,x86_64,ndctl,ndctl-85-1.fc44.src.rpm,https://github.com/pmem/ndctl,https://github.com/pmem/ndctl,Packages/c/cxl-cli-85-1.fc44.x86_64.rpm,https://download.fedoraproject.org/pub/fedora/linux/updates/44/Everything/x86_64/Packages/c/cxl-cli-85-1.fc44.x86_64.rpm,dc2799d8611930d198bbde4da76a9ef11d7491056491e6527971296b52c52b85,updates
fedora,cyrus-imapd,3.12.2-1.fc44,x86_64,cyrus-imapd,cyrus-imapd-3.12.2-1.fc44.src.rpm,http://www.cyrusimap.org/,https://www.cyrusimap.org,Packages/c/cyrus-imapd-3.12.2-1.fc44.x86_64.rpm,https://download.fedoraproject.org/pub/fedora/linux/updates/44/Everything/x86_64/Packages/c/cyrus-imapd-3.12.2-1.fc44.x86_64.rpm,1aa8c0c6f67314b325dc489d2955013509e7d41f15773a2e7f8b4e179430c869,updates
fedora,cyrus-sasl,2.1.28-35.fc44,x86_64,cyrus-sasl,cyrus-sasl-2.1.28-35.fc44.src.rpm,https://www.cyrusimap.org/sasl/,https://www.cyrusimap.org/sasl,Packages/c/cyrus-sasl-2.1.28-35.fc44.x86_64.rpm,https://download.fedoraproject.org/pub/fedora/linux/releases/44/Everything/x86_64/os/Packages/c/cyrus-sasl-2.1.28-35.fc44.x86_64.rpm,0a44b2f19a08239c581380d6554d6834d7b2faf0dd7e632d0c58036eb7343228,release
fedora,dahdi-tools,2.11.1-39.fc44,x86_64,dahdi-tools,dahdi-tools-2.11.1-39.fc44.src.rpm,http://www.asterisk.org/,https://www.asterisk.org,Packages/d/dahdi-tools-2.11.1-39.fc44.x86_64.rpm,https://download.fedoraproject.org/pub/fedora/linux/releases/44/Everything/x86_64/os/Packages/d/dahdi-tools-2.11.1-39.fc44.x86_64.rpm,77cb299f3024f6214363fba762e090e98cfbb8011c5f3632ca37858409fbdc26,release
fedora,dante-server,1.4.4-10.fc44,x86_64,dante,dante-1.4.4-10.fc44.src.rpm,https://www.inet.no/dante,https://www.inet.no/dante,Packages/d/dante-server-1.4.4-10.fc44.x86_64.rpm,https://download.fedoraproject.org/pub/fedora/linux/releases/44/Everything/x86_64/os/Packages/d/dante-server-1.4.4-10.fc44.x86_64.rpm,641ed7e27ea767931939b3529782cf4c0ae89fbb11d88f06aa21e803bed38601,release
fedora,darkstat,3.0.721-13.fc44,x86_64,darkstat,darkstat-3.0.721-13.fc44.src.rpm,https://unix4lyfe.org/darkstat,https://unix4lyfe.org/darkstat,Packages/d/darkstat-3.0.721-13.fc44.x86_64.rpm,https://download.fedoraproject.org/pub/fedora/linux/releases/44/Everything/x86_64/os/Packages/d/darkstat-3.0.721-13.fc44.x86_64.rpm,f3b21c16884bdee695095463fb7b7459d9a73f023598a30d9f4c38106c7a47dc,release
fedora,daxctl,85-1.fc44,x86_64,ndctl,ndctl-85-1.fc44.src.rpm,https://github.com/pmem/ndctl,https://github.com/pmem/ndctl,Packages/d/daxctl-85-1.fc44.x86_64.rpm,https://download.fedoraproject.org/pub/fedora/linux/updates/44/Everything/x86_64/Packages/d/daxctl-85-1.fc44.x86_64.rpm,11935454f984b57805ed41e1fc9796f95c1f9e1c1f4c896850eb35e30232f404,updates
fedora,dbus-broker,37-8.fc44,x86_64,dbus-broker,dbus-broker-37-8.fc44.src.rpm,https://github.com/bus1/dbus-broker,https://github.com/bus1/dbus-broker,Packages/d/dbus-broker-37-8.fc44.x86_64.rpm,https://download.fedoraproject.org/pub/fedora/linux/releases/44/Everything/x86_64/os/Packages/d/dbus-broker-37-8.fc44.x86_64.rpm,9cdd6cc622610ca0c3b9c72242e1787811524f506b77fb00e0367baec660e179,release
fedora,dbus-daemon,1:1.16.2-1.fc44,x86_64,dbus,dbus-1.16.2-1.fc44.src.rpm,https://www.freedesktop.org/wiki/Software/dbus/,https://www.freedesktop.org/wiki/Software/dbus,Packages/d/dbus-daemon-1.16.2-1.fc44.x86_64.rpm,https://download.fedoraproject.org/pub/fedora/linux/releases/44/Everything/x86_64/os/Packages/d/dbus-daemon-1.16.2-1.fc44.x86_64.rpm,1b5671b58f987ff8dde9b88840ef9163905abf91135f10689099bb6df3148289,release
fedora,ddccontrol,1.0.3-7.fc44,x86_64,ddccontrol,ddccontrol-1.0.3-7.fc44.src.rpm,https://github.com/ddccontrol/ddccontrol,https://github.com/ddccontrol/ddccontrol,Packages/d/ddccontrol-1.0.3-7.fc44.x86_64.rpm,https://download.fedoraproject.org/pub/fedora/linux/releases/44/Everything/x86_64/os/Packages/d/ddccontrol-1.0.3-7.fc44.x86_64.rpm,97552e05b390d0094a5b5622aca07ecc5e6fc1d6b041cfdbc690a8ffe33ee273,release
fedora,ddclient,4.0.0-5.fc43,noarch,ddclient,ddclient-4.0.0-5.fc43.src.rpm,https://ddclient.net/,https://ddclient.net,Packages/d/ddclient-4.0.0-5.fc43.noarch.rpm,https://download.fedoraproject.org/pub/fedora/linux/releases/44/Everything/x86_64/os/Packages/d/ddclient-4.0.0-5.fc43.noarch.rpm,d78f3a681177e88f457cc2cd99da6b3f479b74cfa2c24624b469de894e89e741,release
fedora,deepin-api,6.0.34-2.fc44,x86_64,deepin-api,deepin-api-6.0.34-2.fc44.src.rpm,https://github.com/linuxdeepin/dde-api,https://github.com/linuxdeepin/dde-api,Packages/d/deepin-api-6.0.34-2.fc44.x86_64.rpm,https://download.fedoraproject.org/pub/fedora/linux/releases/44/Everything/x86_64/os/Packages/d/deepin-api-6.0.34-2.fc44.x86_64.rpm,2b649dc7c3a189d5b691e8446f3a04103cfb1f40f2265ca61c540b12d2d410ac,release
fedora,deepin-pw-check,6.0.6-5.fc44,x86_64,deepin-pw-check,deepin-pw-check-6.0.6-5.fc44.src.rpm,https://github.com/linuxdeepin/deepin-pw-check,https://github.com/linuxdeepin/deepin-pw-check,Packages/d/deepin-pw-check-6.0.6-5.fc44.x86_64.rpm,https://download.fedoraproject.org/pub/fedora/linux/releases/44/Everything/x86_64/os/Packages/d/deepin-pw-check-6.0.6-5.fc44.x86_64.rpm,3c01f1d19a513a7cd5e92cbefc4e7f4ee146aeb56c3558f9bde3aa30bfeecca9,release
fedora,deepin-system-monitor,6.5.37-3.fc44,x86_64,deepin-system-monitor,deepin-system-monitor-6.5.37-3.fc44.src.rpm,https://github.com/linuxdeepin/deepin-system-monitor,https://github.com/linuxdeepin/deepin-system-monitor,Packages/d/deepin-system-monitor-6.5.37-3.fc44.x86_64.rpm,https://download.fedoraproject.org/pub/fedora/linux/releases/44/Everything/x86_64/os/Packages/d/deepin-system-monitor-6.5.37-3.fc44.x86_64.rpm,b7596605ec6bc981350631ed26bf398afbd20dc421a21c153777ad6a64b26b74,release
fedora,deluge-daemon,2.2.0-7.fc44,noarch,deluge,deluge-2.2.0-7.fc44.src.rpm,http://deluge-torrent.org/,https://deluge-torrent.org,Packages/d/deluge-daemon-2.2.0-7.fc44.noarch.rpm,https://download.fedoraproject.org/pub/fedora/linux/releases/44/Everything/x86_64/os/Packages/d/deluge-daemon-2.2.0-7.fc44.noarch.rpm,750f00f5ad1c77250454a1afe671df87e641368b2591f576002a63ba2db2b01e,release
fedora,deluge-web,2.2.0-7.fc44,noarch,deluge,deluge-2.2.0-7.fc44.src.rpm,http://deluge-torrent.org/,https://deluge-torrent.org,Packages/d/deluge-web-2.2.0-7.fc44.noarch.rpm,https://download.fedoraproject.org/pub/fedora/linux/releases/44/Everything/x86_64/os/Packages/d/deluge-web-2.2.0-7.fc44.noarch.rpm,6e2ded356a9aee1102106ca5edffaa1aae3eed992bc4ce3d9b18bd77c0edcc60,release
fedora,device-mapper-event,1.02.212-2.fc44,x86_64,lvm2,lvm2-2.03.38-2.fc44.src.rpm,https://sourceware.org/lvm2,https://sourceware.org/lvm2,Packages/d/device-mapper-event-1.02.212-2.fc44.x86_64.rpm,https://download.fedoraproject.org/pub/fedora/linux/releases/44/Everything/x86_64/os/Packages/d/device-mapper-event-1.02.212-2.fc44.x86_64.rpm,f8aaba6fa6cda9b48c2760e4e4d812d4d8ee347c37a4258a3884b4892a249b30,release
fedora,device-mapper-multipath,0.13.1-1.fc44,x86_64,device-mapper-multipath,device-mapper-multipath-0.13.1-1.fc44.src.rpm,http://christophe.varoqui.free.fr/,https://christophe.varoqui.free.fr,Packages/d/device-mapper-multipath-0.13.1-1.fc44.x86_64.rpm,https://download.fedoraproject.org/pub/fedora/linux/releases/44/Everything/x86_64/os/Packages/d/device-mapper-multipath-0.13.1-1.fc44.x86_64.rpm,ab19105ca538915018037a23cf62230ba94ba16798057176f3e0f5e4f22286bc,release
fedora,dhcp-relay,12:4.4.3-26.fc44,x86_64,dhcp,dhcp-4.4.3-26.fc44.src.rpm,https://www.isc.org/dhcp/,https://www.isc.org/dhcp,Packages/d/dhcp-relay-4.4.3-26.fc44.x86_64.rpm,https://download.fedoraproject.org/pub/fedora/linux/releases/44/Everything/x86_64/os/Packages/d/dhcp-relay-4.4.3-26.fc44.x86_64.rpm,9bf05124be5ac921b1e9869695fb055dc800babb2ea3b7668799f2649ff2cd4f,release
fedora,dhcp-server,12:4.4.3-26.fc44,x86_64,dhcp,dhcp-4.4.3-26.fc44.src.rpm,https://www.isc.org/dhcp/,https://www.isc.org/dhcp,Packages/d/dhcp-server-4.4.3-26.fc44.x86_64.rpm,https://download.fedoraproject.org/pub/fedora/linux/releases/44/Everything/x86_64/os/Packages/d/dhcp-server-4.4.3-26.fc44.x86_64.rpm,32b6a6dd57448118a130ccbafa61d4cca90045bdb1ff0b7c835674d30df71615,release
fedora,dhcpcd,10.3.2-1.fc44,x86_64,dhcpcd,dhcpcd-10.3.2-1.fc44.src.rpm,http://roy.marples.name/projects/dhcpcd/,https://roy.marples.name/projects/dhcpcd,Packages/d/dhcpcd-10.3.2-1.fc44.x86_64.rpm,https://download.fedoraproject.org/pub/fedora/linux/updates/44/Everything/x86_64/Packages/d/dhcpcd-10.3.2-1.fc44.x86_64.rpm,12b6a01108807f748eb2d20fb5ed877ce56724b077b0f5ab83137c3220c283f5,updates
fedora,direwolf,1.8.1-4.fc44,x86_64,direwolf,direwolf-1.8.1-4.fc44.src.rpm,https://github.com/wb2osz/direwolf/,https://github.com/wb2osz/direwolf,Packages/d/direwolf-1.8.1-4.fc44.x86_64.rpm,https://download.fedoraproject.org/pub/fedora/linux/releases/44/Everything/x86_64/os/Packages/d/direwolf-1.8.1-4.fc44.x86_64.rpm,b07ece601a752530bae5674d805b425043c277c695f1eaaf5362e78c35159d62,release
fedora,distcc-server,3.4-14.fc44,x86_64,distcc,distcc-3.4-14.fc44.src.rpm,https://github.com/distcc/distcc,https://github.com/distcc/distcc,Packages/d/distcc-server-3.4-14.fc44.x86_64.rpm,https://download.fedoraproject.org/pub/fedora/linux/releases/44/Everything/x86_64/os/Packages/d/distcc-server-3.4-14.fc44.x86_64.rpm,edfcf270d1d1d768cf7f7f66f1c7c2e49660a55e27d097352d71ac9071ae02b0,release
fedora,dlm,4.3.0-8.fc44,x86_64,dlm,dlm-4.3.0-8.fc44.src.rpm,https://pagure.io/dlm,https://pagure.io/dlm,Packages/d/dlm-4.3.0-8.fc44.x86_64.rpm,https://download.fedoraproject.org/pub/fedora/linux/releases/44/Everything/x86_64/os/Packages/d/dlm-4.3.0-8.fc44.x86_64.rpm,029635b3b1bcacebf5fbb41c532c002c338d1de6b8c98021ff1a8cf1456c9c0e,release
fedora,dlt-daemon,2.18.10-8.fc44,x86_64,dlt-daemon,dlt-daemon-2.18.10-8.fc44.src.rpm,https://github.com/COVESA/dlt-daemon,https://github.com/COVESA/dlt-daemon,Packages/d/dlt-daemon-2.18.10-8.fc44.x86_64.rpm,https://download.fedoraproject.org/pub/fedora/linux/releases/44/Everything/x86_64/os/Packages/d/dlt-daemon-2.18.10-8.fc44.x86_64.rpm,201a2d65f2b130b803639f2098dc779677484ee501c4702280248b4d43d23b0c,release
fedora,dlt-examples,2.18.10-8.fc44,x86_64,dlt-daemon,dlt-daemon-2.18.10-8.fc44.src.rpm,https://github.com/COVESA/dlt-daemon,https://github.com/COVESA/dlt-daemon,Packages/d/dlt-examples-2.18.10-8.fc44.x86_64.rpm,https://download.fedoraproject.org/pub/fedora/linux/releases/44/Everything/x86_64/os/Packages/d/dlt-examples-2.18.10-8.fc44.x86_64.rpm,134e6d1ba35056ace3cdf43847dc7ea9886e22509c65daeae1e7e513f0f28ec7,release
fedora,dlt-tools,2.18.10-8.fc44,x86_64,dlt-daemon,dlt-daemon-2.18.10-8.fc44.src.rpm,https://github.com/COVESA/dlt-daemon,https://github.com/COVESA/dlt-daemon,Packages/d/dlt-tools-2.18.10-8.fc44.x86_64.rpm,https://download.fedoraproject.org/pub/fedora/linux/releases/44/Everything/x86_64/os/Packages/d/dlt-tools-2.18.10-8.fc44.x86_64.rpm,045f952d6e358355b92041ca740fc07bef13f24bf7d24c8af1bee0a6c4ce3690,release
fedora,dnf5,5.4.2.1-1.fc44,x86_64,dnf5,dnf5-5.4.2.1-1.fc44.src.rpm,https://github.com/rpm-software-management/dnf5,https://github.com/rpm-software-management/dnf5,Packages/d/dnf5-5.4.2.1-1.fc44.x86_64.rpm,https://download.fedoraproject.org/pub/fedora/linux/updates/44/Everything/x86_64/Packages/d/dnf5-5.4.2.1-1.fc44.x86_64.rpm,c631833eede4b5e52676438e635bfea9ba99c755c3ecdb5d5f86fcd6a05218d8,updates
fedora,dnf5-plugin-automatic,5.4.2.1-1.fc44,x86_64,dnf5,dnf5-5.4.2.1-1.fc44.src.rpm,https://github.com/rpm-software-management/dnf5,https://github.com/rpm-software-management/dnf5,Packages/d/dnf5-plugin-automatic-5.4.2.1-1.fc44.x86_64.rpm,https://download.fedoraproject.org/pub/fedora/linux/updates/44/Everything/x86_64/Packages/d/dnf5-plugin-automatic-5.4.2.1-1.fc44.x86_64.rpm,933dc3f1e822f5accbcd919f9291e01b9b2cbc6b53d952881e7c88fc3bb566bc,updates
fedora,dnf5daemon-server,5.4.2.1-1.fc44,x86_64,dnf5,dnf5-5.4.2.1-1.fc44.src.rpm,https://github.com/rpm-software-management/dnf5,https://github.com/rpm-software-management/dnf5,Packages/d/dnf5daemon-server-5.4.2.1-1.fc44.x86_64.rpm,https://download.fedoraproject.org/pub/fedora/linux/updates/44/Everything/x86_64/Packages/d/dnf5daemon-server-5.4.2.1-1.fc44.x86_64.rpm,c8a5bef1c172ca5550f0f5a9a9d894347a73dc5bb3dcfb0498dd4c7bacee5b87,updates
fedora,dnsdist,2.0.7-1.fc44,x86_64,dnsdist,dnsdist-2.0.7-1.fc44.src.rpm,https://dnsdist.org,https://dnsdist.org,Packages/d/dnsdist-2.0.7-1.fc44.x86_64.rpm,https://download.fedoraproject.org/pub/fedora/linux/updates/44/Everything/x86_64/Packages/d/dnsdist-2.0.7-1.fc44.x86_64.rpm,85497efa3b5b967bbd1fda4ba11211631cdbee1caaa48f4b632a48d19b78af63,updates
fedora,dnssec-trigger,0.17-41.fc44,x86_64,dnssec-trigger,dnssec-trigger-0.17-41.fc44.src.rpm,https://www.nlnetlabs.nl/projects/dnssec-trigger/,https://www.nlnetlabs.nl/projects/dnssec-trigger,Packages/d/dnssec-trigger-0.17-41.fc44.x86_64.rpm,https://download.fedoraproject.org/pub/fedora/linux/releases/44/Everything/x86_64/os/Packages/d/dnssec-trigger-0.17-41.fc44.x86_64.rpm,3668a717e8a0d6bb1541d12e666aab242745efe6f8e959bce218c9b2e827334d,release
fedora,dracut,108-7.fc44,x86_64,dracut,dracut-108-7.fc44.src.rpm,https://github.com/dracut-ng/dracut-ng/wiki/,https://github.com/dracut-ng/dracut-ng,Packages/d/dracut-108-7.fc44.x86_64.rpm,https://download.fedoraproject.org/pub/fedora/linux/updates/44/Everything/x86_64/Packages/d/dracut-108-7.fc44.x86_64.rpm,7d477954062ea19255cfc16f2d5a6224b44d9fed25933458a943aa99020d0e3e,updates
fedora,drbd-utils,9.34.0-1.fc44,x86_64,drbd,drbd-9.34.0-1.fc44.src.rpm,http://www.drbd.org/,https://www.drbd.org,Packages/d/drbd-utils-9.34.0-1.fc44.x86_64.rpm,https://download.fedoraproject.org/pub/fedora/linux/releases/44/Everything/x86_64/os/Packages/d/drbd-utils-9.34.0-1.fc44.x86_64.rpm,8f05633b4aab66a5871d4c52d727693f5e9adbd5d95d1a12e7bcda655c54957f,release
fedora,dropbear,2025.89-3.fc44,x86_64,dropbear,dropbear-2025.89-3.fc44.src.rpm,https://matt.ucc.asn.au/dropbear/dropbear.html,https://matt.ucc.asn.au/dropbear/dropbear.html,Packages/d/dropbear-2025.89-3.fc44.x86_64.rpm,https://download.fedoraproject.org/pub/fedora/linux/releases/44/Everything/x86_64/os/Packages/d/dropbear-2025.89-3.fc44.x86_64.rpm,1f2e41590f976e649203e7c157b274972b0ef2a304fb90bf8a4dd351c1c417ad,release
fedora,e2scrub,1.47.3-4.fc44,x86_64,e2fsprogs,e2fsprogs-1.47.3-4.fc44.src.rpm,http://e2fsprogs.sourceforge.net/,https://e2fsprogs.sourceforge.net,Packages/e/e2scrub-1.47.3-4.fc44.x86_64.rpm,https://download.fedoraproject.org/pub/fedora/linux/releases/44/Everything/x86_64/os/Packages/e/e2scrub-1.47.3-4.fc44.x86_64.rpm,db295f8ebf1c8d28f27f2d358a04b81b9563ba47eed7b39199c8084c55f4a445,release
fedora,earlyoom,1.9.0-2.fc44,x86_64,earlyoom,earlyoom-1.9.0-2.fc44.src.rpm,https://github.com/rfjakob/earlyoom,https://github.com/rfjakob/earlyoom,Packages/e/earlyoom-1.9.0-2.fc44.x86_64.rpm,https://download.fedoraproject.org/pub/fedora/linux/releases/44/Everything/x86_64/os/Packages/e/earlyoom-1.9.0-2.fc44.x86_64.rpm,a4f0cf7d63019c28682b51027e20675d127562d0a7abcb5cd0f6b6521155ca34,release
fedora,edac-ctl,0.18-46.fc44,x86_64,edac-utils,edac-utils-0.18-46.fc44.src.rpm,https://github.com/grondo/edac-utils,https://github.com/grondo/edac-utils,Packages/e/edac-ctl-0.18-46.fc44.x86_64.rpm,https://download.fedoraproject.org/pub/fedora/linux/releases/44/Everything/x86_64/os/Packages/e/edac-ctl-0.18-46.fc44.x86_64.rpm,4256b15acbc6dd90ccdd40ae69322711d14a41747b1e9ac3fd5e642fe4dc22c1,release
fedora,elementary-settings-daemon,8.3.1-2.fc44,x86_64,elementary-settings-daemon,elementary-settings-daemon-8.3.1-2.fc44.src.rpm,https://github.com/elementary/settings-daemon,https://github.com/elementary/settings-daemon,Packages/e/elementary-settings-daemon-8.3.1-2.fc44.x86_64.rpm,https://download.fedoraproject.org/pub/fedora/linux/releases/44/Everything/x86_64/os/Packages/e/elementary-settings-daemon-8.3.1-2.fc44.x86_64.rpm,ceb8e949dba8df0bce325585a9f6428f584be9a7e69ee70069188fc891d6e280,release
fedora,endlessh,1.1-16.fc44,x86_64,endlessh,endlessh-1.1-16.fc44.src.rpm,https://github.com/skeeto/endlessh,https://github.com/skeeto/endlessh,Packages/e/endlessh-1.1-16.fc44.x86_64.rpm,https://download.fedoraproject.org/pub/fedora/linux/releases/44/Everything/x86_64/os/Packages/e/endlessh-1.1-16.fc44.x86_64.rpm,c7de07ea2d4be3a3231189a3150fa1c4841ae26e58cab64a845dc8d938a26a5b,release
fedora,erlang-erts,26.2.5.21-5.fc44,x86_64,erlang,erlang-26.2.5.21-5.fc44.src.rpm,https://www.erlang.org,https://www.erlang.org,Packages/e/erlang-erts-26.2.5.21-5.fc44.x86_64.rpm,https://download.fedoraproject.org/pub/fedora/linux/updates/44/Everything/x86_64/Packages/e/erlang-erts-26.2.5.21-5.fc44.x86_64.rpm,01b5b02e9f0eba29c3ab3c27474760833dac66887c48200be6e8cb34de6c94dd,updates
fedora,etcd,3.5.13-1.fc41,x86_64,etcd,etcd-3.5.13-1.fc41.src.rpm,https://github.com/etcd-io/etcd,https://github.com/etcd-io/etcd,Packages/e/etcd-3.5.13-1.fc41.x86_64.rpm,https://download.fedoraproject.org/pub/fedora/linux/releases/44/Everything/x86_64/os/Packages/e/etcd-3.5.13-1.fc41.x86_64.rpm,22716bfb85d70b72afffdc33f04186344de04e571d5c5cd8d137f4af2533f051,release
fedora,etckeeper,1.18.22-7.fc44,noarch,etckeeper,etckeeper-1.18.22-7.fc44.src.rpm,https://etckeeper.branchable.com/,https://etckeeper.branchable.com,Packages/e/etckeeper-1.18.22-7.fc44.noarch.rpm,https://download.fedoraproject.org/pub/fedora/linux/releases/44/Everything/x86_64/os/Packages/e/etckeeper-1.18.22-7.fc44.noarch.rpm,f7194af4d53c894d1bd2a64d3e0c173144476c0fcf0af96d31487be2f312ca06,release
fedora,exabgp,5.0.9-1.fc44,noarch,python-exabgp,python-exabgp-5.0.9-1.fc44.src.rpm,https://github.com/Exa-Networks/exabgp,https://github.com/Exa-Networks/exabgp,Packages/e/exabgp-5.0.9-1.fc44.noarch.rpm,https://download.fedoraproject.org/pub/fedora/linux/updates/44/Everything/x86_64/Packages/e/exabgp-5.0.9-1.fc44.noarch.rpm,c7f302494aab9c922b5054e2b37e0c3da8a00f69ea0018a80df8c046d1b8f3ba,updates
fedora,exim,4.99.5-1.fc44,x86_64,exim,exim-4.99.5-1.fc44.src.rpm,https://www.exim.org/,https://www.exim.org,Packages/e/exim-4.99.5-1.fc44.x86_64.rpm,https://download.fedoraproject.org/pub/fedora/linux/updates/44/Everything/x86_64/Packages/e/exim-4.99.5-1.fc44.x86_64.rpm,bef8b42bba08b56eb5af6f5e37478a1825a955cb936a0893e395fe1b86671cd5,updates
fedora,exim-clamav,4.99.5-1.fc44,x86_64,exim,exim-4.99.5-1.fc44.src.rpm,https://www.exim.org/,https://www.exim.org,Packages/e/exim-clamav-4.99.5-1.fc44.x86_64.rpm,https://download.fedoraproject.org/pub/fedora/linux/updates/44/Everything/x86_64/Packages/e/exim-clamav-4.99.5-1.fc44.x86_64.rpm,ae0a0ae2da669f422e820301f128b89cfbe7d519cf932f3f187b88ce18aee624,updates
fedora,fail2ban-server,1.1.0-16.fc44,noarch,fail2ban,fail2ban-1.1.0-16.fc44.src.rpm,https://www.fail2ban.org,https://www.fail2ban.org,Packages/f/fail2ban-server-1.1.0-16.fc44.noarch.rpm,https://download.fedoraproject.org/pub/fedora/linux/releases/44/Everything/x86_64/os/Packages/f/fail2ban-server-1.1.0-16.fc44.noarch.rpm,c5a6c89614a1c00c80393ec65ace3e41b34183296d811c0393028ade17d841b7,release
fedora,fapolicyd,2.0-1.fc44,x86_64,fapolicyd,fapolicyd-2.0-1.fc44.src.rpm,https://github.com/linux-application-whitelisting/fapolicyd,https://github.com/linux-application-whitelisting/fapolicyd,Packages/f/fapolicyd-2.0-1.fc44.x86_64.rpm,https://download.fedoraproject.org/pub/fedora/linux/updates/44/Everything/x86_64/Packages/f/fapolicyd-2.0-1.fc44.x86_64.rpm,113661541da1bec87e0f1bb5186b482f029e0849f1e64fbbb497b7591914de0a,updates
fedora,fastd,23-3.fc44,x86_64,fastd,fastd-23-3.fc44.src.rpm,https://github.com/neocturne/fastd,https://github.com/neocturne/fastd,Packages/f/fastd-23-3.fc44.x86_64.rpm,https://download.fedoraproject.org/pub/fedora/linux/releases/44/Everything/x86_64/os/Packages/f/fastd-23-3.fc44.x86_64.rpm,151aefa77ed38f0efaf1e746ce698beb166662e4b93882c7c475fcf8fcdf4789,release
fedora,fastnetmon,1.2.9-1.fc44,x86_64,fastnetmon,fastnetmon-1.2.9-1.fc44.src.rpm,https://fastnetmon.com,https://fastnetmon.com,Packages/f/fastnetmon-1.2.9-1.fc44.x86_64.rpm,https://download.fedoraproject.org/pub/fedora/linux/updates/44/Everything/x86_64/Packages/f/fastnetmon-1.2.9-1.fc44.x86_64.rpm,564c2905a8f5c300fe8739753bfd3add98a3fcf975c528ad10807ba13d0ba08c,updates
fedora,fcgiwrap,1.1.0-27.20181108git99c942c.fc44,x86_64,fcgiwrap,fcgiwrap-1.1.0-27.20181108git99c942c.fc44.src.rpm,https://github.com/gnosek/fcgiwrap,https://github.com/gnosek/fcgiwrap,Packages/f/fcgiwrap-1.1.0-27.20181108git99c942c.fc44.x86_64.rpm,https://download.fedoraproject.org/pub/fedora/linux/releases/44/Everything/x86_64/os/Packages/f/fcgiwrap-1.1.0-27.20181108git99c942c.fc44.x86_64.rpm,a977ed78eb76cf2ba954999c642387042112d47fb064739c296b6ad646a8108b,release
fedora,fence-virtd,4.17.0-2.fc44,x86_64,fence-agents,fence-agents-4.17.0-2.fc44.src.rpm,https://github.com/ClusterLabs/fence-agents,https://github.com/ClusterLabs/fence-agents,Packages/f/fence-virtd-4.17.0-2.fc44.x86_64.rpm,https://download.fedoraproject.org/pub/fedora/linux/releases/44/Everything/x86_64/os/Packages/f/fence-virtd-4.17.0-2.fc44.x86_64.rpm,d00dc9a53a271e9f80db1d69215123bd918f2a5c329abe747393f09776c14e4a,release
fedora,festival,2.5.0-29.fc44,x86_64,festival,festival-2.5.0-29.fc44.src.rpm,http://www.cstr.ed.ac.uk/projects/festival/,https://www.cstr.ed.ac.uk/projects/festival,Packages/f/festival-2.5.0-29.fc44.x86_64.rpm,https://download.fedoraproject.org/pub/fedora/linux/releases/44/Everything/x86_64/os/Packages/f/festival-2.5.0-29.fc44.x86_64.rpm,ff7b72a3bc8bdc2d2f36f6d11010177f7107f2b5b58972afe5ba284c2ad55eae,release
fedora,fetch-crl,3.0.23-7.fc44,noarch,fetch-crl,fetch-crl-3.0.23-7.fc44.src.rpm,https://wiki.nikhef.nl/grid/FetchCRL3,https://wiki.nikhef.nl/grid/FetchCRL3,Packages/f/fetch-crl-3.0.23-7.fc44.noarch.rpm,https://download.fedoraproject.org/pub/fedora/linux/releases/44/Everything/x86_64/os/Packages/f/fetch-crl-3.0.23-7.fc44.noarch.rpm,047c3f51879122d2f40f33972e54a84d91a062e8cf8cedb5b179add05f2c1049,release
fedora,firewalld,2.4.4-1.fc44,noarch,firewalld,firewalld-2.4.4-1.fc44.src.rpm,http://www.firewalld.org,https://www.firewalld.org,Packages/f/firewalld-2.4.4-1.fc44.noarch.rpm,https://download.fedoraproject.org/pub/fedora/linux/updates/44/Everything/x86_64/Packages/f/firewalld-2.4.4-1.fc44.noarch.rpm,6e317405736500e1fdebbfa406d5d7f1424ab5f86c716971737787a48ffbc818,updates
fedora,flatpak,1.18.0-1.fc44,x86_64,flatpak,flatpak-1.18.0-1.fc44.src.rpm,https://flatpak.org/,https://flatpak.org,Packages/f/flatpak-1.18.0-1.fc44.x86_64.rpm,https://download.fedoraproject.org/pub/fedora/linux/updates/44/Everything/x86_64/Packages/f/flatpak-1.18.0-1.fc44.x86_64.rpm,5e638040c970a20a3aef42f01489c1471e60d2a8bfe56af2082ef27055283a48,updates
fedora,foomuuri,0.33-2.fc44,noarch,foomuuri,foomuuri-0.33-2.fc44.src.rpm,https://github.com/FoobarOy/foomuuri,https://github.com/FoobarOy/foomuuri,Packages/f/foomuuri-0.33-2.fc44.noarch.rpm,https://download.fedoraproject.org/pub/fedora/linux/updates/44/Everything/x86_64/Packages/f/foomuuri-0.33-2.fc44.noarch.rpm,9b81c637cc9cbf63c47156a4e3600173ca373cb32696a0caee086cce13de94b3,updates
fedora,forgejo,14.0.4-1.fc44,x86_64,forgejo,forgejo-14.0.4-1.fc44.src.rpm,https://forgejo.org,https://forgejo.org,Packages/f/forgejo-14.0.4-1.fc44.x86_64.rpm,https://download.fedoraproject.org/pub/fedora/linux/updates/44/Everything/x86_64/Packages/f/forgejo-14.0.4-1.fc44.x86_64.rpm,c0cb4d1092ab90463cb862524f66df041224c7e65430166393affd0d29e2599c,updates
fedora,forgejo-runner,12.13.2-1.fc44,x86_64,forgejo-runner,forgejo-runner-12.13.2-1.fc44.src.rpm,https://code.forgejo.org/forgejo/runner,https://code.forgejo.org/forgejo/runner,Packages/f/forgejo-runner-12.13.2-1.fc44.x86_64.rpm,https://download.fedoraproject.org/pub/fedora/linux/updates/44/Everything/x86_64/Packages/f/forgejo-runner-12.13.2-1.fc44.x86_64.rpm,db2666c2a898ae26962160b56cb4010be1156184da61e0e33469efbf5419d842,updates
fedora,fprintd,1.94.5-5.fc44,x86_64,fprintd,fprintd-1.94.5-5.fc44.src.rpm,http://www.freedesktop.org/wiki/Software/fprint/fprintd,https://www.freedesktop.org/wiki/Software/fprint/fprintd,Packages/f/fprintd-1.94.5-5.fc44.x86_64.rpm,https://download.fedoraproject.org/pub/fedora/linux/releases/44/Everything/x86_64/os/Packages/f/fprintd-1.94.5-5.fc44.x86_64.rpm,0aaddc065e31b8ab251bbef3739078729f14d8224408fb1374c67f2a039b7a82,release
fedora,freeipa-client-epn,4.13.2-1.fc44,x86_64,freeipa,freeipa-4.13.2-1.fc44.src.rpm,http://www.freeipa.org/,https://www.freeipa.org,Packages/f/freeipa-client-epn-4.13.2-1.fc44.x86_64.rpm,https://download.fedoraproject.org/pub/fedora/linux/updates/44/Everything/x86_64/Packages/f/freeipa-client-epn-4.13.2-1.fc44.x86_64.rpm,6bd5b57903c0ad47fce662d253a1d3e6268b40841482f5dbbe0e88dac2548555,updates
fedora,freeipa-healthcheck,0.19-4.fc44,noarch,freeipa-healthcheck,freeipa-healthcheck-0.19-4.fc44.src.rpm,https://github.com/freeipa/freeipa-healthcheck,https://github.com/freeipa/freeipa-healthcheck,Packages/f/freeipa-healthcheck-0.19-4.fc44.noarch.rpm,https://download.fedoraproject.org/pub/fedora/linux/releases/44/Everything/x86_64/os/Packages/f/freeipa-healthcheck-0.19-4.fc44.noarch.rpm,967c49f6adbb951cfee0c4c92c0b7ca0d25f758c427f4ca2cca936a3eec81c84,release
fedora,freeipa-server,4.13.2-1.fc44,x86_64,freeipa,freeipa-4.13.2-1.fc44.src.rpm,http://www.freeipa.org/,https://www.freeipa.org,Packages/f/freeipa-server-4.13.2-1.fc44.x86_64.rpm,https://download.fedoraproject.org/pub/fedora/linux/updates/44/Everything/x86_64/Packages/f/freeipa-server-4.13.2-1.fc44.x86_64.rpm,4db69121e09802a33e2eb0567ff903deb19d7d26df7d29104ecba6fb361de232,updates
fedora,freeipa-server-common,4.13.2-1.fc44,noarch,freeipa,freeipa-4.13.2-1.fc44.src.rpm,http://www.freeipa.org/,https://www.freeipa.org,Packages/f/freeipa-server-common-4.13.2-1.fc44.noarch.rpm,https://download.fedoraproject.org/pub/fedora/linux/updates/44/Everything/x86_64/Packages/f/freeipa-server-common-4.13.2-1.fc44.noarch.rpm,0c176361617a63606c8c2912c33f55786220828b29afa96690544659fc623679,updates
fedora,freeipa-server-dns,4.13.2-1.fc44,noarch,freeipa,freeipa-4.13.2-1.fc44.src.rpm,http://www.freeipa.org/,https://www.freeipa.org,Packages/f/freeipa-server-dns-4.13.2-1.fc44.noarch.rpm,https://download.fedoraproject.org/pub/fedora/linux/updates/44/Everything/x86_64/Packages/f/freeipa-server-dns-4.13.2-1.fc44.noarch.rpm,42a9cb0aa81305f5387666a193c81df14a67c2845766daf0bbc7221e35557197,updates
fedora,freeipmi-bmc-watchdog,1.6.15-5.fc44,x86_64,freeipmi,freeipmi-1.6.15-5.fc44.src.rpm,https://www.gnu.org/software/freeipmi/,https://www.gnu.org/software/freeipmi,Packages/f/freeipmi-bmc-watchdog-1.6.15-5.fc44.x86_64.rpm,https://download.fedoraproject.org/pub/fedora/linux/releases/44/Everything/x86_64/os/Packages/f/freeipmi-bmc-watchdog-1.6.15-5.fc44.x86_64.rpm,8f44deec30464e97814293f5b6d4b1f29ddee449efb63ace46a75450e6df7917,release
fedora,freeipmi-ipmidetectd,1.6.15-5.fc44,x86_64,freeipmi,freeipmi-1.6.15-5.fc44.src.rpm,https://www.gnu.org/software/freeipmi/,https://www.gnu.org/software/freeipmi,Packages/f/freeipmi-ipmidetectd-1.6.15-5.fc44.x86_64.rpm,https://download.fedoraproject.org/pub/fedora/linux/releases/44/Everything/x86_64/os/Packages/f/freeipmi-ipmidetectd-1.6.15-5.fc44.x86_64.rpm,8c4442bfbf2fed7d069bfbc184ced3832ebf8f1a8d6b1b1bd15b2245570dc708,release
fedora,freeipmi-ipmiseld,1.6.15-5.fc44,x86_64,freeipmi,freeipmi-1.6.15-5.fc44.src.rpm,https://www.gnu.org/software/freeipmi/,https://www.gnu.org/software/freeipmi,Packages/f/freeipmi-ipmiseld-1.6.15-5.fc44.x86_64.rpm,https://download.fedoraproject.org/pub/fedora/linux/releases/44/Everything/x86_64/os/Packages/f/freeipmi-ipmiseld-1.6.15-5.fc44.x86_64.rpm,9acdd702e7ec99e22a6140ebfb1a63423e5805bedf39e87fa9a0f3992b79fc72,release
fedora,freeradius,3.2.8-3.fc44,x86_64,freeradius,freeradius-3.2.8-3.fc44.src.rpm,http://www.freeradius.org/,https://www.freeradius.org,Packages/f/freeradius-3.2.8-3.fc44.x86_64.rpm,https://download.fedoraproject.org/pub/fedora/linux/releases/44/Everything/x86_64/os/Packages/f/freeradius-3.2.8-3.fc44.x86_64.rpm,197b90b9df642bf1fab8dffae463b2d6dfcc4b65b70a92e85bbfce325d855f3b,release
fedora,frr,10.6.1-1.fc44,x86_64,frr,frr-10.6.1-1.fc44.src.rpm,http://www.frrouting.org,https://www.frrouting.org,Packages/f/frr-10.6.1-1.fc44.x86_64.rpm,https://download.fedoraproject.org/pub/fedora/linux/updates/44/Everything/x86_64/Packages/f/frr-10.6.1-1.fc44.x86_64.rpm,22234dfafc88378d3a616686c8fa05f54cb1523a7a11e3627fe640289fd4df3b,updates
fedora,fusioninventory-agent,2.6-16.fc44,x86_64,fusioninventory-agent,fusioninventory-agent-2.6-16.fc44.src.rpm,http://fusioninventory.org/,https://fusioninventory.org,Packages/f/fusioninventory-agent-2.6-16.fc44.x86_64.rpm,https://download.fedoraproject.org/pub/fedora/linux/releases/44/Everything/x86_64/os/Packages/f/fusioninventory-agent-2.6-16.fc44.x86_64.rpm,b014aef93539277aa000316a850b6b3be965e4810fcd84c15fec2b26e90bec27,release
fedora,fwknop,2.6.11-6.fc44,x86_64,fwknop,fwknop-2.6.11-6.fc44.src.rpm,http://www.cipherdyne.org/fwknop/,https://www.cipherdyne.org/fwknop,Packages/f/fwknop-2.6.11-6.fc44.x86_64.rpm,https://download.fedoraproject.org/pub/fedora/linux/releases/44/Everything/x86_64/os/Packages/f/fwknop-2.6.11-6.fc44.x86_64.rpm,20b2da497cfd5537ef9cba851636ad8ea9ff9fcb677d44670e805727a99cba23,release
fedora,fwupd,2.1.7-1.fc44,x86_64,fwupd,fwupd-2.1.7-1.fc44.src.rpm,https://github.com/fwupd/fwupd,https://github.com/fwupd/fwupd,Packages/f/fwupd-2.1.7-1.fc44.x86_64.rpm,https://download.fedoraproject.org/pub/fedora/linux/updates/44/Everything/x86_64/Packages/f/fwupd-2.1.7-1.fc44.x86_64.rpm,9b5e23de070cd8a82721b1fb99a8ab61e91c7fccab28fe0ebc8c38fa718f7be8,updates
fedora,gammu,1.42.0-21.fc44,x86_64,gammu,gammu-1.42.0-21.fc44.src.rpm,http://wammu.eu/gammu/,https://wammu.eu/gammu,Packages/g/gammu-1.42.0-21.fc44.x86_64.rpm,https://download.fedoraproject.org/pub/fedora/linux/releases/44/Everything/x86_64/os/Packages/g/gammu-1.42.0-21.fc44.x86_64.rpm,ba50dd7b3d1105b1357a2d886c7f957c3af9c67cb17eb44dc41284532bf32c42,release
fedora,gdm,1:50.2-1.fc44,x86_64,gdm,gdm-50.2-1.fc44.src.rpm,https://wiki.gnome.org/Projects/GDM,https://wiki.gnome.org/Projects/GDM,Packages/g/gdm-50.2-1.fc44.x86_64.rpm,https://download.fedoraproject.org/pub/fedora/linux/updates/44/Everything/x86_64/Packages/g/gdm-50.2-1.fc44.x86_64.rpm,56a21c5d1283e8cdd0223761ca4a8d5908511dc05a1cc52ddc3f70be05d0e509,updates
fedora,gerbera,3.2.1-1.fc44,x86_64,gerbera,gerbera-3.2.1-1.fc44.src.rpm,https://gerbera.io,https://gerbera.io,Packages/g/gerbera-3.2.1-1.fc44.x86_64.rpm,https://download.fedoraproject.org/pub/fedora/linux/updates/44/Everything/x86_64/Packages/g/gerbera-3.2.1-1.fc44.x86_64.rpm,95b625a0eb6a019445b1e0be458bc8a34fe7dde488fa271d9f15d22f168d4d22,updates
fedora,git-daemon,2.55.0-1.fc44,x86_64,git,git-2.55.0-1.fc44.src.rpm,https://git-scm.com/,https://git-scm.com,Packages/g/git-daemon-2.55.0-1.fc44.x86_64.rpm,https://download.fedoraproject.org/pub/fedora/linux/updates/44/Everything/x86_64/Packages/g/git-daemon-2.55.0-1.fc44.x86_64.rpm,e9aeb9cea34a74ed8d011647b5d3639b02f56809eeb5d7bad7357bb11de98b04,updates
fedora,gkrellm-daemon,2.4.0-6.fc44,x86_64,gkrellm,gkrellm-2.4.0-6.fc44.src.rpm,https://gkrellm.srcbox.net/,https://gkrellm.srcbox.net,Packages/g/gkrellm-daemon-2.4.0-6.fc44.x86_64.rpm,https://download.fedoraproject.org/pub/fedora/linux/releases/44/Everything/x86_64/os/Packages/g/gkrellm-daemon-2.4.0-6.fc44.x86_64.rpm,0c974ed22c26d77aaf6832331254d74babf752854c7cb76f33c03724b7b007a5,release
fedora,glances,4.5.5-1.fc44,noarch,glances,glances-4.5.5-1.fc44.src.rpm,https://nicolargo.github.io/glances/,https://nicolargo.github.io/glances,Packages/g/glances-4.5.5-1.fc44.noarch.rpm,https://download.fedoraproject.org/pub/fedora/linux/updates/44/Everything/x86_64/Packages/g/glances-4.5.5-1.fc44.noarch.rpm,6dac84c0ffe3437d8f0ea3529e1f139dc79e98c63d25eec26b690caba5dbf269,updates
fedora,globus-gatekeeper,11.4-11.fc44,x86_64,globus-gatekeeper,globus-gatekeeper-11.4-11.fc44.src.rpm,https://github.com/gridcf/gct/,https://github.com/gridcf/gct,Packages/g/globus-gatekeeper-11.4-11.fc44.x86_64.rpm,https://download.fedoraproject.org/pub/fedora/linux/releases/44/Everything/x86_64/os/Packages/g/globus-gatekeeper-11.4-11.fc44.x86_64.rpm,f201343f615c3d918b1bc8e2550d4a976efeba9eb17886a1b9831afdcb44f0ce,release
fedora,globus-gridftp-server-progs,13.28-2.fc44,x86_64,globus-gridftp-server,globus-gridftp-server-13.28-2.fc44.src.rpm,https://github.com/gridcf/gct/,https://github.com/gridcf/gct,Packages/g/globus-gridftp-server-progs-13.28-2.fc44.x86_64.rpm,https://download.fedoraproject.org/pub/fedora/linux/releases/44/Everything/x86_64/os/Packages/g/globus-gridftp-server-progs-13.28-2.fc44.x86_64.rpm,f5195113f9d240bfbf4b1cc11b869e43d2588ce9245db42a7d995ab191af280c,release
fedora,globus-scheduler-event-generator-progs,6.6-2.fc44,x86_64,globus-scheduler-event-generator,globus-scheduler-event-generator-6.6-2.fc44.src.rpm,https://github.com/gridcf/gct/,https://github.com/gridcf/gct,Packages/g/globus-scheduler-event-generator-progs-6.6-2.fc44.x86_64.rpm,https://download.fedoraproject.org/pub/fedora/linux/releases/44/Everything/x86_64/os/Packages/g/globus-scheduler-event-generator-progs-6.6-2.fc44.x86_64.rpm,a1375c340e1f2f7072764c3b37f0cf03d4e5bc3d9211ab2a2924abb4788147c7,release
fedora,gnome-remote-desktop,50.2-1.fc44,x86_64,gnome-remote-desktop,gnome-remote-desktop-50.2-1.fc44.src.rpm,https://gitlab.gnome.org/GNOME/gnome-remote-desktop,https://gitlab.gnome.org/GNOME/gnome-remote-desktop,Packages/g/gnome-remote-desktop-50.2-1.fc44.x86_64.rpm,https://download.fedoraproject.org/pub/fedora/linux/updates/44/Everything/x86_64/Packages/g/gnome-remote-desktop-50.2-1.fc44.x86_64.rpm,6d652b579734c06f8b8564032acfdf8d00f2856645f6e154d6eaf310dd56bd16,updates
fedora,golang-github-prometheus-alertmanager,0.28.1-4.fc44,x86_64,golang-github-prometheus-alertmanager,golang-github-prometheus-alertmanager-0.28.1-4.fc44.src.rpm,https://github.com/prometheus/alertmanager,https://github.com/prometheus/alertmanager,Packages/g/golang-github-prometheus-alertmanager-0.28.1-4.fc44.x86_64.rpm,https://download.fedoraproject.org/pub/fedora/linux/releases/44/Everything/x86_64/os/Packages/g/golang-github-prometheus-alertmanager-0.28.1-4.fc44.x86_64.rpm,4b0b82ba721cbd1fb42176f0f94fb910d105a41cd546081f49fe1b17c1eeccb1,release
fedora,google-guest-agent,20250821.00-6.fc44,x86_64,google-guest-agent,google-guest-agent-20250821.00-6.fc44.src.rpm,https://github.com/GoogleCloudPlatform/guest-agent,https://github.com/GoogleCloudPlatform/guest-agent,Packages/g/google-guest-agent-20250821.00-6.fc44.x86_64.rpm,https://download.fedoraproject.org/pub/fedora/linux/releases/44/Everything/x86_64/os/Packages/g/google-guest-agent-20250821.00-6.fc44.x86_64.rpm,e4ea79ee1b951f41c494baed9895740d702c86d62018081face4b962dde4a37f,release
fedora,google-osconfig-agent,20260717.00-1.fc44,x86_64,google-osconfig-agent,google-osconfig-agent-20260717.00-1.fc44.src.rpm,https://github.com/GoogleCloudPlatform/osconfig,https://github.com/GoogleCloudPlatform/osconfig,Packages/g/google-osconfig-agent-20260717.00-1.fc44.x86_64.rpm,https://download.fedoraproject.org/pub/fedora/linux/updates/44/Everything/x86_64/Packages/g/google-osconfig-agent-20260717.00-1.fc44.x86_64.rpm,9e2cd60421ff3ff3631a9e22a6beb987bad60c0768333b596d35047f93dcae2f,updates
fedora,gpm,1.20.7-53.fc44,x86_64,gpm,gpm-1.20.7-53.fc44.src.rpm,http://www.nico.schottelius.org/software/gpm/,https://www.nico.schottelius.org/software/gpm,Packages/g/gpm-1.20.7-53.fc44.x86_64.rpm,https://download.fedoraproject.org/pub/fedora/linux/releases/44/Everything/x86_64/os/Packages/g/gpm-1.20.7-53.fc44.x86_64.rpm,8ba9987e93685134616faab91691ca38963314778a928e739263119e5fbe1a10,release
fedora,group-service,1.4.0-11.fc44,x86_64,group-service,group-service-1.4.0-11.fc44.src.rpm,https://github.com/zhuyaliang/group-service,https://github.com/zhuyaliang/group-service,Packages/g/group-service-1.4.0-11.fc44.x86_64.rpm,https://download.fedoraproject.org/pub/fedora/linux/releases/44/Everything/x86_64/os/Packages/g/group-service-1.4.0-11.fc44.x86_64.rpm,940ede5f81179828684a656b5cf12f62275e6458569b653d019bf48de829b849,release
fedora,grub2-tools,1:2.12-60.fc44,x86_64,grub2,grub2-2.12-60.fc44.src.rpm,http://www.gnu.org/software/grub/,https://www.gnu.org/software/grub,Packages/g/grub2-tools-2.12-60.fc44.x86_64.rpm,https://download.fedoraproject.org/pub/fedora/linux/updates/44/Everything/x86_64/Packages/g/grub2-tools-2.12-60.fc44.x86_64.rpm,2d90b6d3b740b295c12ff99095270f190f2a8a42597adff83934ab3c19ad75e5,updates
fedora,gsi-openssh-server,10.2p1-3.fc44,x86_64,gsi-openssh,gsi-openssh-10.2p1-3.fc44.src.rpm,http://www.openssh.com/portable.html,https://www.openssh.com/portable.html,Packages/g/gsi-openssh-server-10.2p1-3.fc44.x86_64.rpm,https://download.fedoraproject.org/pub/fedora/linux/updates/44/Everything/x86_64/Packages/g/gsi-openssh-server-10.2p1-3.fc44.x86_64.rpm,d0be4cd02a50a2e84c29d6f81f9db847ac067c15b4a3bb6781579c37475cdd67,updates
fedora,gssproxy,0.9.2-10.fc44,x86_64,gssproxy,gssproxy-0.9.2-10.fc44.src.rpm,https://github.com/gssapi/gssproxy,https://github.com/gssapi/gssproxy,Packages/g/gssproxy-0.9.2-10.fc44.x86_64.rpm,https://download.fedoraproject.org/pub/fedora/linux/releases/44/Everything/x86_64/os/Packages/g/gssproxy-0.9.2-10.fc44.x86_64.rpm,92b698e4d4c8c13e21b5b395f07b22c1281abd3892f62e1297b3ff166c1161a3,release
fedora,haproxy,3.0.23-1.fc44,x86_64,haproxy,haproxy-3.0.23-1.fc44.src.rpm,https://www.haproxy.org/,https://www.haproxy.org,Packages/h/haproxy-3.0.23-1.fc44.x86_64.rpm,https://download.fedoraproject.org/pub/fedora/linux/updates/44/Everything/x86_64/Packages/h/haproxy-3.0.23-1.fc44.x86_64.rpm,22d7f7ce3fbab46803a2e18d1ce3f5ccfcd45902a914ce27f2169ce2c93d650c,updates
fedora,hardinfo2,2.2.16-2.fc44,x86_64,hardinfo2,hardinfo2-2.2.16-2.fc44.src.rpm,https://github.com/hardinfo2/hardinfo2,https://github.com/hardinfo2/hardinfo2,Packages/h/hardinfo2-2.2.16-2.fc44.x86_64.rpm,https://download.fedoraproject.org/pub/fedora/linux/releases/44/Everything/x86_64/os/Packages/h/hardinfo2-2.2.16-2.fc44.x86_64.rpm,1fc9c4b216045e990d9caa1b8c86520d9e10a6bd886c7ff9d92192ca6b810766,release
fedora,haveged,1.9.22-1.fc44,x86_64,haveged,haveged-1.9.22-1.fc44.src.rpm,https://github.com/jirka-h/haveged,https://github.com/jirka-h/haveged,Packages/h/haveged-1.9.22-1.fc44.x86_64.rpm,https://download.fedoraproject.org/pub/fedora/linux/updates/44/Everything/x86_64/Packages/h/haveged-1.9.22-1.fc44.x86_64.rpm,b868b53f38dd7ff359e351029e5493c07cc5778b5022bb794b8115297289c2cf,updates
fedora,hddtemp,0.3-0.60.beta15.fc44,x86_64,hddtemp,hddtemp-0.3-0.60.beta15.fc44.src.rpm,http://savannah.nongnu.org/projects/hddtemp/,https://savannah.nongnu.org/projects/hddtemp,Packages/h/hddtemp-0.3-0.60.beta15.fc44.x86_64.rpm,https://download.fedoraproject.org/pub/fedora/linux/releases/44/Everything/x86_64/os/Packages/h/hddtemp-0.3-0.60.beta15.fc44.x86_64.rpm,29e46eebfec017eacff28d4bf0a1787c244e667fc8f0bc74b45ce07ebebaf42a,release
fedora,headscale,0.29.2-2.fc44,x86_64,headscale,headscale-0.29.2-2.fc44.src.rpm,https://github.com/juanfont/headscale,https://github.com/juanfont/headscale,Packages/h/headscale-0.29.2-2.fc44.x86_64.rpm,https://download.fedoraproject.org/pub/fedora/linux/updates/44/Everything/x86_64/Packages/h/headscale-0.29.2-2.fc44.x86_64.rpm,d1512a2f307c4a6799a110c2ce4e4d33a34082654af97a3aaec36599b7aef60b,updates
fedora,hitch,1.8.0-11.fc44,x86_64,hitch,hitch-1.8.0-11.fc44.src.rpm,https://hitch-tls.org/,https://hitch-tls.org,Packages/h/hitch-1.8.0-11.fc44.x86_64.rpm,https://download.fedoraproject.org/pub/fedora/linux/releases/44/Everything/x86_64/os/Packages/h/hitch-1.8.0-11.fc44.x86_64.rpm,e1a224f98391a5fbf1d694196f75432b574c47e22c507a37d268324c13a6394e,release
fedora,hostapd,2.11-4.fc44,x86_64,hostapd,hostapd-2.11-4.fc44.src.rpm,http://w1.fi/hostapd,https://w1.fi/hostapd,Packages/h/hostapd-2.11-4.fc44.x86_64.rpm,https://download.fedoraproject.org/pub/fedora/linux/releases/44/Everything/x86_64/os/Packages/h/hostapd-2.11-4.fc44.x86_64.rpm,a8548e03a2445c72cf623f34dd583d0ce071489b4300341e9ab5e9adbbeb609c,release
fedora,httpd,2.4.68-1.fc44,x86_64,httpd,httpd-2.4.68-1.fc44.src.rpm,https://httpd.apache.org/,https://httpd.apache.org,Packages/h/httpd-2.4.68-1.fc44.x86_64.rpm,https://download.fedoraproject.org/pub/fedora/linux/updates/44/Everything/x86_64/Packages/h/httpd-2.4.68-1.fc44.x86_64.rpm,bb9326cfacd353117b11dd03ab97c598e3d487754740a6ffca40fc856e592f2d,updates
fedora,hypervfcopyd,6.10-3.fc44,x86_64,hyperv-daemons,hyperv-daemons-6.10-3.fc44.src.rpm,http://www.kernel.org,https://www.kernel.org,Packages/h/hypervfcopyd-6.10-3.fc44.x86_64.rpm,https://download.fedoraproject.org/pub/fedora/linux/releases/44/Everything/x86_64/os/Packages/h/hypervfcopyd-6.10-3.fc44.x86_64.rpm,684cbf4365d8439301cb922d96bb1b1650a5684915b6eefe57c4875985444ac3,release
fedora,hypervkvpd,6.10-3.fc44,x86_64,hyperv-daemons,hyperv-daemons-6.10-3.fc44.src.rpm,http://www.kernel.org,https://www.kernel.org,Packages/h/hypervkvpd-6.10-3.fc44.x86_64.rpm,https://download.fedoraproject.org/pub/fedora/linux/releases/44/Everything/x86_64/os/Packages/h/hypervkvpd-6.10-3.fc44.x86_64.rpm,95e5e0ad280312f7d25a1c66d2ebea66b6653bbfc4cff835d11ce067d5c9f676,release
fedora,hypervvssd,6.10-3.fc44,x86_64,hyperv-daemons,hyperv-daemons-6.10-3.fc44.src.rpm,http://www.kernel.org,https://www.kernel.org,Packages/h/hypervvssd-6.10-3.fc44.x86_64.rpm,https://download.fedoraproject.org/pub/fedora/linux/releases/44/Everything/x86_64/os/Packages/h/hypervvssd-6.10-3.fc44.x86_64.rpm,7fe5b9cbb29ead3f6fc206b834673e86eb55a31ed75f4c4dde0c2196c20052a0,release
fedora,ibacm,61.0-2.fc44,x86_64,rdma-core,rdma-core-61.0-2.fc44.src.rpm,https://github.com/linux-rdma/rdma-core,https://github.com/linux-rdma/rdma-core,Packages/i/ibacm-61.0-2.fc44.x86_64.rpm,https://download.fedoraproject.org/pub/fedora/linux/releases/44/Everything/x86_64/os/Packages/i/ibacm-61.0-2.fc44.x86_64.rpm,d44fa8d2a587ecda0738a5c1577caa126a0856f21f72398e5926766c49faef23,release
fedora,iio-sensor-proxy,3.8-2.fc44,x86_64,iio-sensor-proxy,iio-sensor-proxy-3.8-2.fc44.src.rpm,https://gitlab.freedesktop.org/hadess/iio-sensor-proxy,https://gitlab.freedesktop.org/hadess/iio-sensor-proxy,Packages/i/iio-sensor-proxy-3.8-2.fc44.x86_64.rpm,https://download.fedoraproject.org/pub/fedora/linux/releases/44/Everything/x86_64/os/Packages/i/iio-sensor-proxy-3.8-2.fc44.x86_64.rpm,35fe9b51d1cd7b627db562a12d5a68fd4533dd0e7813a736a52dbd3855d0e231,release
fedora,incron,0.5.12-29.fc44,x86_64,incron,incron-0.5.12-29.fc44.src.rpm,https://github.com/ar-/incron,https://github.com/ar-/incron,Packages/i/incron-0.5.12-29.fc44.x86_64.rpm,https://download.fedoraproject.org/pub/fedora/linux/releases/44/Everything/x86_64/os/Packages/i/incron-0.5.12-29.fc44.x86_64.rpm,ad5932ce1af63ee6ff5da921db4c7ede3da68ea8eedded44de2e08fa5ae75f8e,release
fedora,incus,6.23-3.fc44,x86_64,incus,incus-6.23-3.fc44.src.rpm,https://linuxcontainers.org/incus,https://linuxcontainers.org/incus,Packages/i/incus-6.23-3.fc44.x86_64.rpm,https://download.fedoraproject.org/pub/fedora/linux/updates/44/Everything/x86_64/Packages/i/incus-6.23-3.fc44.x86_64.rpm,856b80976792d78d09333dfc2d8ec0284a6bccc07a26cb53f9873b0918a6963e,updates
fedora,inn,2.7.3-5.fc44,x86_64,inn,inn-2.7.3-5.fc44.src.rpm,https://www.eyrie.org/~eagle/software/inn/,https://www.eyrie.org/~eagle/software/inn,Packages/i/inn-2.7.3-5.fc44.x86_64.rpm,https://download.fedoraproject.org/pub/fedora/linux/releases/44/Everything/x86_64/os/Packages/i/inn-2.7.3-5.fc44.x86_64.rpm,d7400b864c5df0baf0052aa4b4d0b6adfe8ab737c04fffd235b1fa7606f2966a,release
fedora,input-remapper,2.2.1-1.fc44,noarch,input-remapper,input-remapper-2.2.1-1.fc44.src.rpm,https://github.com/sezanzeb/input-remapper,https://github.com/sezanzeb/input-remapper,Packages/i/input-remapper-2.2.1-1.fc44.noarch.rpm,https://download.fedoraproject.org/pub/fedora/linux/updates/44/Everything/x86_64/Packages/i/input-remapper-2.2.1-1.fc44.noarch.rpm,7d13713f3281fd328fa451fa6712842f1441a9b68e0f79f71786b38ec2136add,updates
fedora,intel-lpmd,0.1.0-2.fc44,x86_64,intel-lpmd,intel-lpmd-0.1.0-2.fc44.src.rpm,https://github.com/intel/intel-lpmd,https://github.com/intel/intel-lpmd,Packages/i/intel-lpmd-0.1.0-2.fc44.x86_64.rpm,https://download.fedoraproject.org/pub/fedora/linux/updates/44/Everything/x86_64/Packages/i/intel-lpmd-0.1.0-2.fc44.x86_64.rpm,91b1a475d8b24b684bd76df5a5e5daf9acdf8679acf3a6b86375471ab0097972,updates
fedora,intel-undervolt,1.7-23.fc44,x86_64,intel-undervolt,intel-undervolt-1.7-23.fc44.src.rpm,https://github.com/kitsunyan/intel-undervolt,https://github.com/kitsunyan/intel-undervolt,Packages/i/intel-undervolt-1.7-23.fc44.x86_64.rpm,https://download.fedoraproject.org/pub/fedora/linux/releases/44/Everything/x86_64/os/Packages/i/intel-undervolt-1.7-23.fc44.x86_64.rpm,be13b1edf7d83ecac8b17d9fe8605b4907d766b3cb5b73208e646659743ec191,release
fedora,iodine-client,0.8.0-9.fc44,x86_64,iodine,iodine-0.8.0-9.fc44.src.rpm,http://code.kryo.se/iodine/,https://code.kryo.se/iodine,Packages/i/iodine-client-0.8.0-9.fc44.x86_64.rpm,https://download.fedoraproject.org/pub/fedora/linux/releases/44/Everything/x86_64/os/Packages/i/iodine-client-0.8.0-9.fc44.x86_64.rpm,72ed3b1352eab4adda31696a30701bd470333afa045296ff53c7178bebd32413,release
fedora,iodine-server,0.8.0-9.fc44,x86_64,iodine,iodine-0.8.0-9.fc44.src.rpm,http://code.kryo.se/iodine/,https://code.kryo.se/iodine,Packages/i/iodine-server-0.8.0-9.fc44.x86_64.rpm,https://download.fedoraproject.org/pub/fedora/linux/releases/44/Everything/x86_64/os/Packages/i/iodine-server-0.8.0-9.fc44.x86_64.rpm,80aa04ff3ac336717e3f0a8199d8aadbab9a474ba89aaa4ed124a6ecaf25ee3b,release
fedora,ipp-usb,0.9.34-2.fc44,x86_64,ipp-usb,ipp-usb-0.9.34-2.fc44.src.rpm,https://github.com/OpenPrinting/ipp-usb,https://github.com/OpenPrinting/ipp-usb,Packages/i/ipp-usb-0.9.34-2.fc44.x86_64.rpm,https://download.fedoraproject.org/pub/fedora/linux/updates/44/Everything/x86_64/Packages/i/ipp-usb-0.9.34-2.fc44.x86_64.rpm,44d782a1687b3b3deca813924e5cd2ebf664539229a7600bd12969d1af12317e,updates
fedora,irqbalance,2:1.9.5-2.fc44,x86_64,irqbalance,irqbalance-1.9.5-2.fc44.src.rpm,https://github.com/Irqbalance/irqbalance,https://github.com/Irqbalance/irqbalance,Packages/i/irqbalance-1.9.5-2.fc44.x86_64.rpm,https://download.fedoraproject.org/pub/fedora/linux/releases/44/Everything/x86_64/os/Packages/i/irqbalance-1.9.5-2.fc44.x86_64.rpm,9000eedff919fef1c5e984488a76f305203142551f2ac5ef525ee1feabdbb747,release
fedora,isns-utils,0.103-4.fc44,x86_64,isns-utils,isns-utils-0.103-4.fc44.src.rpm,https://github.com/open-iscsi/open-isns,https://github.com/open-iscsi/open-isns,Packages/i/isns-utils-0.103-4.fc44.x86_64.rpm,https://download.fedoraproject.org/pub/fedora/linux/releases/44/Everything/x86_64/os/Packages/i/isns-utils-0.103-4.fc44.x86_64.rpm,e9401a0217f4b56f36a5508d2ab0248a774c4aaa53ab173b72ec127690997105,release
fedora,iwd,3.12-1.fc44,x86_64,iwd,iwd-3.12-1.fc44.src.rpm,https://iwd.wiki.kernel.org/,https://iwd.wiki.kernel.org,Packages/i/iwd-3.12-1.fc44.x86_64.rpm,https://download.fedoraproject.org/pub/fedora/linux/releases/44/Everything/x86_64/os/Packages/i/iwd-3.12-1.fc44.x86_64.rpm,0d18a626515d18f474a8d4bcfc77e706f5d050ee6ad13b17711de4897f4759d8,release
fedora,iwpmd,61.0-2.fc44,x86_64,rdma-core,rdma-core-61.0-2.fc44.src.rpm,https://github.com/linux-rdma/rdma-core,https://github.com/linux-rdma/rdma-core,Packages/i/iwpmd-61.0-2.fc44.x86_64.rpm,https://download.fedoraproject.org/pub/fedora/linux/releases/44/Everything/x86_64/os/Packages/i/iwpmd-61.0-2.fc44.x86_64.rpm,e5ed190021d2a9ce3c4e50d00ce1befa5efd0a3fa4281c22fa8e990791098f85,release
fedora,jabberd,2.6.1-34.fc44,x86_64,jabberd,jabberd-2.6.1-34.fc44.src.rpm,http://jabberd2.org/,https://jabberd2.org,Packages/j/jabberd-2.6.1-34.fc44.x86_64.rpm,https://download.fedoraproject.org/pub/fedora/linux/releases/44/Everything/x86_64/os/Packages/j/jabberd-2.6.1-34.fc44.x86_64.rpm,46caeb984874d4fb30b220876c0b150745a5770d0d3e8d3196e5bb6791197213,release
fedora,janus,1.3.3-6.fc44,x86_64,janus,janus-1.3.3-6.fc44.src.rpm,https://janus.conf.meetecho.com/,https://janus.conf.meetecho.com,Packages/j/janus-1.3.3-6.fc44.x86_64.rpm,https://download.fedoraproject.org/pub/fedora/linux/releases/44/Everything/x86_64/os/Packages/j/janus-1.3.3-6.fc44.x86_64.rpm,79f416dd1757d28c902238978e79c88b87057e2f0b9717a23509438e72a48624,release
fedora,kafs-client,0.4-15.fc43,x86_64,kafs-client,kafs-client-0.4-15.fc43.src.rpm,https://www.infradead.org/~dhowells/kafs/,https://www.infradead.org/~dhowells/kafs,Packages/k/kafs-client-0.4-15.fc43.x86_64.rpm,https://download.fedoraproject.org/pub/fedora/linux/releases/44/Everything/x86_64/os/Packages/k/kafs-client-0.4-15.fc43.x86_64.rpm,6e93e90c99c444d1855cd5a31d629fdb4168a7b8131a2653c8b158ccea783dd3,release
fedora,kea,3.0.3-1.fc44,x86_64,kea,kea-3.0.3-1.fc44.src.rpm,http://kea.isc.org,https://kea.isc.org,Packages/k/kea-3.0.3-1.fc44.x86_64.rpm,https://download.fedoraproject.org/pub/fedora/linux/updates/44/Everything/x86_64/Packages/k/kea-3.0.3-1.fc44.x86_64.rpm,d4dcf0238ffc55c2492e9b3a52eca7a80f09cd215ea6fe437f1c18bb342e41ce,updates
fedora,keepalived,2.2.8-10.fc44,x86_64,keepalived,keepalived-2.2.8-10.fc44.src.rpm,http://www.keepalived.org/,https://www.keepalived.org,Packages/k/keepalived-2.2.8-10.fc44.x86_64.rpm,https://download.fedoraproject.org/pub/fedora/linux/releases/44/Everything/x86_64/os/Packages/k/keepalived-2.2.8-10.fc44.x86_64.rpm,278f3ca6d6f44442596ecfcdf513ff32da7dd696f92c42b4e8c8ad7a44fb7afb,release
fedora,kernel-tools,7.1.7-200.fc44,x86_64,kernel,kernel-7.1.7-200.fc44.src.rpm,https://www.kernel.org/,https://www.kernel.org,Packages/k/kernel-tools-7.1.7-200.fc44.x86_64.rpm,https://download.fedoraproject.org/pub/fedora/linux/updates/44/Everything/x86_64/Packages/k/kernel-tools-7.1.7-200.fc44.x86_64.rpm,94ecf416f54ed61b097b57330e84a043e7e0b8758d94802e77b61b19dee58df0,updates
fedora,kmonad,0.4.4-1.fc44,x86_64,kmonad,kmonad-0.4.4-1.fc44.src.rpm,https://hackage.haskell.org/package/kmonad,https://hackage.haskell.org/package/kmonad,Packages/k/kmonad-0.4.4-1.fc44.x86_64.rpm,https://download.fedoraproject.org/pub/fedora/linux/releases/44/Everything/x86_64/os/Packages/k/kmonad-0.4.4-1.fc44.x86_64.rpm,7cb7b614c24238aace8dcb162863794e91f4b9b25a0feb37f0d52b2a826d262b,release
fedora,kmscon,10.0.1-1.fc44,x86_64,kmscon,kmscon-10.0.1-1.fc44.src.rpm,https://github.com/kmscon/kmscon/,https://github.com/kmscon/kmscon,Packages/k/kmscon-10.0.1-1.fc44.x86_64.rpm,https://download.fedoraproject.org/pub/fedora/linux/updates/44/Everything/x86_64/Packages/k/kmscon-10.0.1-1.fc44.x86_64.rpm,bc6e283867085ac10cea38e8ff139ec9aa4ab9d0cafff38134533ea0904b2e64,updates
fedora,knock-server,0.8-13.fc44,x86_64,knock,knock-0.8-13.fc44.src.rpm,http://www.zeroflux.org/projects/knock,https://www.zeroflux.org/projects/knock,Packages/k/knock-server-0.8-13.fc44.x86_64.rpm,https://download.fedoraproject.org/pub/fedora/linux/releases/44/Everything/x86_64/os/Packages/k/knock-server-0.8-13.fc44.x86_64.rpm,894b19cda716f830296ea752be1a00cc7d4298eb5b9fd8322413404acfb457dd,release
fedora,knot,3.5.5-1.fc44,x86_64,knot,knot-3.5.5-1.fc44.src.rpm,https://www.knot-dns.cz,https://www.knot-dns.cz,Packages/k/knot-3.5.5-1.fc44.x86_64.rpm,https://download.fedoraproject.org/pub/fedora/linux/updates/44/Everything/x86_64/Packages/k/knot-3.5.5-1.fc44.x86_64.rpm,3a2c4e0a41e2c5973037636f2ded0b7a591f3fad1c8da7b4c5bae5c4fe7a2126,updates
fedora,knot-resolver,5.7.6-3.fc44,x86_64,knot-resolver,knot-resolver-5.7.6-3.fc44.src.rpm,https://www.knot-resolver.cz/,https://www.knot-resolver.cz,Packages/k/knot-resolver-5.7.6-3.fc44.x86_64.rpm,https://download.fedoraproject.org/pub/fedora/linux/releases/44/Everything/x86_64/os/Packages/k/knot-resolver-5.7.6-3.fc44.x86_64.rpm,106896791e926f882052e7d3bd15851f977c75594fe2ca661ede0615f896f6a1,release
fedora,ksmtuned,0.1.0-18.fc44,x86_64,ksmtuned,ksmtuned-0.1.0-18.fc44.src.rpm,https://github.com/ksmtuned/ksmtuned,https://github.com/ksmtuned/ksmtuned,Packages/k/ksmtuned-0.1.0-18.fc44.x86_64.rpm,https://download.fedoraproject.org/pub/fedora/linux/releases/44/Everything/x86_64/os/Packages/k/ksmtuned-0.1.0-18.fc44.x86_64.rpm,d397fa084ee1bb78dd333af4ded49c81cb25deb27810b1479b476fbba3f5295d,release
fedora,ktls-utils,1.4.0-1.fc44,x86_64,ktls-utils,ktls-utils-1.4.0-1.fc44.src.rpm,https://github.com/oracle/ktls-utils,https://github.com/oracle/ktls-utils,Packages/k/ktls-utils-1.4.0-1.fc44.x86_64.rpm,https://download.fedoraproject.org/pub/fedora/linux/updates/44/Everything/x86_64/Packages/k/ktls-utils-1.4.0-1.fc44.x86_64.rpm,e6f090062345ca97da958ccb708572f1bc0f1c4cb77b5ddff353b323db93743d,updates
fedora,ldirectord,4.18.0-1.fc44,x86_64,resource-agents,resource-agents-4.18.0-1.fc44.src.rpm,https://github.com/ClusterLabs/resource-agents,https://github.com/ClusterLabs/resource-agents,Packages/l/ldirectord-4.18.0-1.fc44.x86_64.rpm,https://download.fedoraproject.org/pub/fedora/linux/updates/44/Everything/x86_64/Packages/l/ldirectord-4.18.0-1.fc44.x86_64.rpm,483ae68f148c89c36eefb7fdfd09394d5b9cc74ec022f4759efd0c211d0aae65,updates
fedora,ledmon,1.1.0-4.fc44,x86_64,ledmon,ledmon-1.1.0-4.fc44.src.rpm,https://github.com/intel/ledmon,https://github.com/intel/ledmon,Packages/l/ledmon-1.1.0-4.fc44.x86_64.rpm,https://download.fedoraproject.org/pub/fedora/linux/releases/44/Everything/x86_64/os/Packages/l/ledmon-1.1.0-4.fc44.x86_64.rpm,fa84dc71d5dd20b156dcf86e6aacfd7e9b2fd07fe62007e52e0e2f66c78ce148,release
fedora,legacy-printer-app,1.0b2-11.fc44,x86_64,pappl-retrofit,pappl-retrofit-1.0b2-11.fc44.src.rpm,https://github.com/OpenPrinting/pappl-retrofit/,https://github.com/OpenPrinting/pappl-retrofit,Packages/l/legacy-printer-app-1.0b2-11.fc44.x86_64.rpm,https://download.fedoraproject.org/pub/fedora/linux/updates/44/Everything/x86_64/Packages/l/legacy-printer-app-1.0b2-11.fc44.x86_64.rpm,dd5123ad1caad9c82a1daa856187da5ea05542d97b92bec086cccc2707db6a4e,updates
fedora,lemonldap-ng-common,2.23.2-1.fc44,noarch,lemonldap-ng,lemonldap-ng-2.23.2-1.fc44.src.rpm,https://lemonldap-ng.org,https://lemonldap-ng.org,Packages/l/lemonldap-ng-common-2.23.2-1.fc44.noarch.rpm,https://download.fedoraproject.org/pub/fedora/linux/updates/44/Everything/x86_64/Packages/l/lemonldap-ng-common-2.23.2-1.fc44.noarch.rpm,f3e62d3832575f2c21a970327d216512640b7c1d7f4b3a49b475c6140734e36b,updates
fedora,lemonldap-ng-fastcgi-server,2.23.2-1.fc44,noarch,lemonldap-ng,lemonldap-ng-2.23.2-1.fc44.src.rpm,https://lemonldap-ng.org,https://lemonldap-ng.org,Packages/l/lemonldap-ng-fastcgi-server-2.23.2-1.fc44.noarch.rpm,https://download.fedoraproject.org/pub/fedora/linux/updates/44/Everything/x86_64/Packages/l/lemonldap-ng-fastcgi-server-2.23.2-1.fc44.noarch.rpm,31f6b66f5c103f10ce4ec601751b2e912b890b93ee8181791bce46adbd0a2ebb,updates
fedora,lemonldap-ng-handler,2.23.2-1.fc44,noarch,lemonldap-ng,lemonldap-ng-2.23.2-1.fc44.src.rpm,https://lemonldap-ng.org,https://lemonldap-ng.org,Packages/l/lemonldap-ng-handler-2.23.2-1.fc44.noarch.rpm,https://download.fedoraproject.org/pub/fedora/linux/updates/44/Everything/x86_64/Packages/l/lemonldap-ng-handler-2.23.2-1.fc44.noarch.rpm,b24e1dc4afd0d5678c95fdb38cb393678ec100c7c4d673e0307c3f806140f989,updates
fedora,lemonldap-ng-portal,2.23.2-1.fc44,noarch,lemonldap-ng,lemonldap-ng-2.23.2-1.fc44.src.rpm,https://lemonldap-ng.org,https://lemonldap-ng.org,Packages/l/lemonldap-ng-portal-2.23.2-1.fc44.noarch.rpm,https://download.fedoraproject.org/pub/fedora/linux/updates/44/Everything/x86_64/Packages/l/lemonldap-ng-portal-2.23.2-1.fc44.noarch.rpm,dc51aedff45b88580b74a87e76a658520f7a23340ea8b35dd106d83b894b29ac,updates
fedora,libloc-tools,0.9.19-1.fc44,noarch,libloc,libloc-0.9.19-1.fc44.src.rpm,https://location.ipfire.org/,https://location.ipfire.org,Packages/l/libloc-tools-0.9.19-1.fc44.noarch.rpm,https://download.fedoraproject.org/pub/fedora/linux/updates/44/Everything/x86_64/Packages/l/libloc-tools-0.9.19-1.fc44.noarch.rpm,5b72afd1d3404c8e74b33a5f905412713485c4012274edbefc5d3ab74ccf125d,updates
fedora,libratbag-ratbagd,0.18-5.fc44,x86_64,libratbag,libratbag-0.18-5.fc44.src.rpm,https://github.com/libratbag/libratbag,https://github.com/libratbag/libratbag,Packages/l/libratbag-ratbagd-0.18-5.fc44.x86_64.rpm,https://download.fedoraproject.org/pub/fedora/linux/releases/44/Everything/x86_64/os/Packages/l/libratbag-ratbagd-0.18-5.fc44.x86_64.rpm,7a795ca0c85d5a9ff4b6058c03607aab4ee8283fa14b8ffc2c95e3efbc3662f9,release
fedora,libreswan,5.3.2-2.fc44,x86_64,libreswan,libreswan-5.3.2-2.fc44.src.rpm,https://libreswan.org/,https://libreswan.org,Packages/l/libreswan-5.3.2-2.fc44.x86_64.rpm,https://download.fedoraproject.org/pub/fedora/linux/updates/44/Everything/x86_64/Packages/l/libreswan-5.3.2-2.fc44.x86_64.rpm,8765433de055ae62b1477216dc3f406cfb2b57dcaf381239e6dc3edd33510456,updates
fedora,libvirt-daemon,12.0.0-3.fc44,x86_64,libvirt,libvirt-12.0.0-3.fc44.src.rpm,https://libvirt.org/,https://libvirt.org,Packages/l/libvirt-daemon-12.0.0-3.fc44.x86_64.rpm,https://download.fedoraproject.org/pub/fedora/linux/releases/44/Everything/x86_64/os/Packages/l/libvirt-daemon-12.0.0-3.fc44.x86_64.rpm,f87a48996d68a8ec3e49e71f739c31a3b6368772df5bc7c84195e3314a946bd2,release
fedora,libvirt-daemon-common,12.0.0-3.fc44,x86_64,libvirt,libvirt-12.0.0-3.fc44.src.rpm,https://libvirt.org/,https://libvirt.org,Packages/l/libvirt-daemon-common-12.0.0-3.fc44.x86_64.rpm,https://download.fedoraproject.org/pub/fedora/linux/releases/44/Everything/x86_64/os/Packages/l/libvirt-daemon-common-12.0.0-3.fc44.x86_64.rpm,5288eaf02f126a71c9a586eed763604a5bdb9a85d80c53bc968a549e7fe9e240,release
fedora,libvirt-daemon-driver-ch,12.0.0-3.fc44,x86_64,libvirt,libvirt-12.0.0-3.fc44.src.rpm,https://libvirt.org/,https://libvirt.org,Packages/l/libvirt-daemon-driver-ch-12.0.0-3.fc44.x86_64.rpm,https://download.fedoraproject.org/pub/fedora/linux/releases/44/Everything/x86_64/os/Packages/l/libvirt-daemon-driver-ch-12.0.0-3.fc44.x86_64.rpm,8a47e83e082fce04d3e1b3f3f3f53c6fcabf134360040e3979724b1cd0035f2a,release
fedora,libvirt-daemon-driver-interface,12.0.0-3.fc44,x86_64,libvirt,libvirt-12.0.0-3.fc44.src.rpm,https://libvirt.org/,https://libvirt.org,Packages/l/libvirt-daemon-driver-interface-12.0.0-3.fc44.x86_64.rpm,https://download.fedoraproject.org/pub/fedora/linux/releases/44/Everything/x86_64/os/Packages/l/libvirt-daemon-driver-interface-12.0.0-3.fc44.x86_64.rpm,29da0f14cf61d3f4a0459f921293f991d0505342910740988b80324afc5e7948,release
fedora,libvirt-daemon-driver-libxl,12.0.0-3.fc44,x86_64,libvirt,libvirt-12.0.0-3.fc44.src.rpm,https://libvirt.org/,https://libvirt.org,Packages/l/libvirt-daemon-driver-libxl-12.0.0-3.fc44.x86_64.rpm,https://download.fedoraproject.org/pub/fedora/linux/releases/44/Everything/x86_64/os/Packages/l/libvirt-daemon-driver-libxl-12.0.0-3.fc44.x86_64.rpm,c19d86c7a288280d99541475d590572e7a4b3f6c9995e9d028fe9e15be73c0e6,release
fedora,libvirt-daemon-driver-lxc,12.0.0-3.fc44,x86_64,libvirt,libvirt-12.0.0-3.fc44.src.rpm,https://libvirt.org/,https://libvirt.org,Packages/l/libvirt-daemon-driver-lxc-12.0.0-3.fc44.x86_64.rpm,https://download.fedoraproject.org/pub/fedora/linux/releases/44/Everything/x86_64/os/Packages/l/libvirt-daemon-driver-lxc-12.0.0-3.fc44.x86_64.rpm,dc1f74e9dcb12e9c93bea476c5fafac26aa822103b4e828695517b9734599f85,release
fedora,libvirt-daemon-driver-network,12.0.0-3.fc44,x86_64,libvirt,libvirt-12.0.0-3.fc44.src.rpm,https://libvirt.org/,https://libvirt.org,Packages/l/libvirt-daemon-driver-network-12.0.0-3.fc44.x86_64.rpm,https://download.fedoraproject.org/pub/fedora/linux/releases/44/Everything/x86_64/os/Packages/l/libvirt-daemon-driver-network-12.0.0-3.fc44.x86_64.rpm,fbac16014dc24f18a500d3443f16844bf657e8301353871e18621e77d06ec41d,release
fedora,libvirt-daemon-driver-nodedev,12.0.0-3.fc44,x86_64,libvirt,libvirt-12.0.0-3.fc44.src.rpm,https://libvirt.org/,https://libvirt.org,Packages/l/libvirt-daemon-driver-nodedev-12.0.0-3.fc44.x86_64.rpm,https://download.fedoraproject.org/pub/fedora/linux/releases/44/Everything/x86_64/os/Packages/l/libvirt-daemon-driver-nodedev-12.0.0-3.fc44.x86_64.rpm,55e31e25f0efc64691d2f625d25cb3a13c4941f64c3200aef0a42d8dced94b9d,release
fedora,libvirt-daemon-driver-nwfilter,12.0.0-3.fc44,x86_64,libvirt,libvirt-12.0.0-3.fc44.src.rpm,https://libvirt.org/,https://libvirt.org,Packages/l/libvirt-daemon-driver-nwfilter-12.0.0-3.fc44.x86_64.rpm,https://download.fedoraproject.org/pub/fedora/linux/releases/44/Everything/x86_64/os/Packages/l/libvirt-daemon-driver-nwfilter-12.0.0-3.fc44.x86_64.rpm,ce9d26061756dccdeedf38d5bd06f93268f8d7dcc5cfaf2526c32e02f119d62c,release
fedora,libvirt-daemon-driver-qemu,12.0.0-3.fc44,x86_64,libvirt,libvirt-12.0.0-3.fc44.src.rpm,https://libvirt.org/,https://libvirt.org,Packages/l/libvirt-daemon-driver-qemu-12.0.0-3.fc44.x86_64.rpm,https://download.fedoraproject.org/pub/fedora/linux/releases/44/Everything/x86_64/os/Packages/l/libvirt-daemon-driver-qemu-12.0.0-3.fc44.x86_64.rpm,8f56b58475cdfba66b69b944212ed8c20eff181ce27e7bf11ec7dbe762cbd335,release
fedora,libvirt-daemon-driver-secret,12.0.0-3.fc44,x86_64,libvirt,libvirt-12.0.0-3.fc44.src.rpm,https://libvirt.org/,https://libvirt.org,Packages/l/libvirt-daemon-driver-secret-12.0.0-3.fc44.x86_64.rpm,https://download.fedoraproject.org/pub/fedora/linux/releases/44/Everything/x86_64/os/Packages/l/libvirt-daemon-driver-secret-12.0.0-3.fc44.x86_64.rpm,74a915a9429e57e52ffbe7ba677d3fd31151c958ef568fa518adf2e0b9de01a7,release
fedora,libvirt-daemon-driver-storage-core,12.0.0-3.fc44,x86_64,libvirt,libvirt-12.0.0-3.fc44.src.rpm,https://libvirt.org/,https://libvirt.org,Packages/l/libvirt-daemon-driver-storage-core-12.0.0-3.fc44.x86_64.rpm,https://download.fedoraproject.org/pub/fedora/linux/releases/44/Everything/x86_64/os/Packages/l/libvirt-daemon-driver-storage-core-12.0.0-3.fc44.x86_64.rpm,99031a037262b6d615a244d253b4446fc185823c2fbae4738149293aa5450c9d,release
fedora,libvirt-daemon-driver-vbox,12.0.0-3.fc44,x86_64,libvirt,libvirt-12.0.0-3.fc44.src.rpm,https://libvirt.org/,https://libvirt.org,Packages/l/libvirt-daemon-driver-vbox-12.0.0-3.fc44.x86_64.rpm,https://download.fedoraproject.org/pub/fedora/linux/releases/44/Everything/x86_64/os/Packages/l/libvirt-daemon-driver-vbox-12.0.0-3.fc44.x86_64.rpm,874ac5b6adcc1679d57908bb9ee8be92c4c98e7a1e54cf4e5e5be8cca9ab67f1,release
fedora,libvirt-daemon-lock,12.0.0-3.fc44,x86_64,libvirt,libvirt-12.0.0-3.fc44.src.rpm,https://libvirt.org/,https://libvirt.org,Packages/l/libvirt-daemon-lock-12.0.0-3.fc44.x86_64.rpm,https://download.fedoraproject.org/pub/fedora/linux/releases/44/Everything/x86_64/os/Packages/l/libvirt-daemon-lock-12.0.0-3.fc44.x86_64.rpm,a296e359ec90e4a3e7c51c547cd472827e131186f4b23af6c46b9d21133580ae,release
fedora,libvirt-daemon-log,12.0.0-3.fc44,x86_64,libvirt,libvirt-12.0.0-3.fc44.src.rpm,https://libvirt.org/,https://libvirt.org,Packages/l/libvirt-daemon-log-12.0.0-3.fc44.x86_64.rpm,https://download.fedoraproject.org/pub/fedora/linux/releases/44/Everything/x86_64/os/Packages/l/libvirt-daemon-log-12.0.0-3.fc44.x86_64.rpm,5ad35f1ca98576c8c963bc30827a77ae1021c54e56670fafbaade09888f7e625,release
fedora,libvirt-daemon-proxy,12.0.0-3.fc44,x86_64,libvirt,libvirt-12.0.0-3.fc44.src.rpm,https://libvirt.org/,https://libvirt.org,Packages/l/libvirt-daemon-proxy-12.0.0-3.fc44.x86_64.rpm,https://download.fedoraproject.org/pub/fedora/linux/releases/44/Everything/x86_64/os/Packages/l/libvirt-daemon-proxy-12.0.0-3.fc44.x86_64.rpm,d34ecf2f40979bfbbae35c7493ad68720539ba4138f169c3ed6e9ec7bff30ca9,release
fedora,libvirt-dbus,1.4.1-9.fc44,x86_64,libvirt-dbus,libvirt-dbus-1.4.1-9.fc44.src.rpm,https://libvirt.org/,https://libvirt.org,Packages/l/libvirt-dbus-1.4.1-9.fc44.x86_64.rpm,https://download.fedoraproject.org/pub/fedora/linux/releases/44/Everything/x86_64/os/Packages/l/libvirt-dbus-1.4.1-9.fc44.x86_64.rpm,287ccd0ec2d22039533a9c55e560bae5510df6aa926c52cde9caa403489a9c99,release
fedora,lighttpd,1.4.85-1.fc44,x86_64,lighttpd,lighttpd-1.4.85-1.fc44.src.rpm,http://www.lighttpd.net/,https://www.lighttpd.net,Packages/l/lighttpd-1.4.85-1.fc44.x86_64.rpm,https://download.fedoraproject.org/pub/fedora/linux/updates/44/Everything/x86_64/Packages/l/lighttpd-1.4.85-1.fc44.x86_64.rpm,d453c10bab9f31098fa9fc43926a5fe1f3818fb865de248ce5820f791854ae07,updates
fedora,linuxptp,4.4-10.fc44,x86_64,linuxptp,linuxptp-4.4-10.fc44.src.rpm,https://www.linuxptp.org/,https://www.linuxptp.org,Packages/l/linuxptp-4.4-10.fc44.x86_64.rpm,https://download.fedoraproject.org/pub/fedora/linux/releases/44/Everything/x86_64/os/Packages/l/linuxptp-4.4-10.fc44.x86_64.rpm,26702e55d19a62e51996876eee64406684f9de4c0a33cf8c9a480f421eef7227,release
fedora,lirc-core,0.10.2-5.fc44,x86_64,lirc,lirc-0.10.2-5.fc44.src.rpm,http://www.lirc.org/,https://www.lirc.org,Packages/l/lirc-core-0.10.2-5.fc44.x86_64.rpm,https://download.fedoraproject.org/pub/fedora/linux/releases/44/Everything/x86_64/os/Packages/l/lirc-core-0.10.2-5.fc44.x86_64.rpm,aa55cedce3588a99c15d65c7ab6f47d6a48fc57b2a3f197a389b844ec578b390,release
fedora,logiops,0.3.5-6.fc44,x86_64,logiops,logiops-0.3.5-6.fc44.src.rpm,https://github.com/PixlOne/logiops,https://github.com/PixlOne/logiops,Packages/l/logiops-0.3.5-6.fc44.x86_64.rpm,https://download.fedoraproject.org/pub/fedora/linux/releases/44/Everything/x86_64/os/Packages/l/logiops-0.3.5-6.fc44.x86_64.rpm,955a6e5d6711890bf6a3804c4e8e35320f1754f41adf1d78398ce256acbc1ee2,release
fedora,logrotate,3.22.0-5.fc44,x86_64,logrotate,logrotate-3.22.0-5.fc44.src.rpm,https://github.com/logrotate/logrotate,https://github.com/logrotate/logrotate,Packages/l/logrotate-3.22.0-5.fc44.x86_64.rpm,https://download.fedoraproject.org/pub/fedora/linux/releases/44/Everything/x86_64/os/Packages/l/logrotate-3.22.0-5.fc44.x86_64.rpm,872d0d1942b369ae568f979f636fc9a5e0ba06d0df6df16b1adc5a9ece1468a2,release
fedora,low-memory-monitor,2.1-14.fc44,x86_64,low-memory-monitor,low-memory-monitor-2.1-14.fc44.src.rpm,https://gitlab.freedesktop.org/hadess/low-memory-monitor,https://gitlab.freedesktop.org/hadess/low-memory-monitor,Packages/l/low-memory-monitor-2.1-14.fc44.x86_64.rpm,https://download.fedoraproject.org/pub/fedora/linux/releases/44/Everything/x86_64/os/Packages/l/low-memory-monitor-2.1-14.fc44.x86_64.rpm,0f74ab769d670199d4a419f8315840a52162cd39be1200a07ae1acb7adb7d2e7,release
fedora,lprint,1.3.1-12.fc44,x86_64,lprint,lprint-1.3.1-12.fc44.src.rpm,https://www.msweet.org/lprint,https://www.msweet.org/lprint,Packages/l/lprint-1.3.1-12.fc44.x86_64.rpm,https://download.fedoraproject.org/pub/fedora/linux/releases/44/Everything/x86_64/os/Packages/l/lprint-1.3.1-12.fc44.x86_64.rpm,08d914cbc10e31e5e64fe34d5e685d8ef4e2f215c2706d9e5fb1d302a47112e1,release
fedora,lttng-tools,2.14.0-5.fc44,x86_64,lttng-tools,lttng-tools-2.14.0-5.fc44.src.rpm,http://lttng.org,https://lttng.org,Packages/l/lttng-tools-2.14.0-5.fc44.x86_64.rpm,https://download.fedoraproject.org/pub/fedora/linux/releases/44/Everything/x86_64/os/Packages/l/lttng-tools-2.14.0-5.fc44.x86_64.rpm,a9622397d47f5fde5d036fd2fa869d9b01b217ec1236752da886c5aabd7e8261,release
fedora,lvm2,2.03.38-2.fc44,x86_64,lvm2,lvm2-2.03.38-2.fc44.src.rpm,https://sourceware.org/lvm2,https://sourceware.org/lvm2,Packages/l/lvm2-2.03.38-2.fc44.x86_64.rpm,https://download.fedoraproject.org/pub/fedora/linux/releases/44/Everything/x86_64/os/Packages/l/lvm2-2.03.38-2.fc44.x86_64.rpm,f2a8ede26ba4f1a17f2f06f40eb677f4f21804f15384e32af2db442832634282,release
fedora,lvm2-dbusd,2.03.38-2.fc44,noarch,lvm2,lvm2-2.03.38-2.fc44.src.rpm,https://sourceware.org/lvm2,https://sourceware.org/lvm2,Packages/l/lvm2-dbusd-2.03.38-2.fc44.noarch.rpm,https://download.fedoraproject.org/pub/fedora/linux/releases/44/Everything/x86_64/os/Packages/l/lvm2-dbusd-2.03.38-2.fc44.noarch.rpm,d5b732e2ba835b5f2b4852669379e7c6df4ad4b07c684f4a7e5fd0c658fd4260,release
fedora,lvm2-lockd,2.03.38-2.fc44,x86_64,lvm2,lvm2-2.03.38-2.fc44.src.rpm,https://sourceware.org/lvm2,https://sourceware.org/lvm2,Packages/l/lvm2-lockd-2.03.38-2.fc44.x86_64.rpm,https://download.fedoraproject.org/pub/fedora/linux/releases/44/Everything/x86_64/os/Packages/l/lvm2-lockd-2.03.38-2.fc44.x86_64.rpm,865ca25a64c56c9f5e3b1cbc343690556cfc7bbf22e8ebded5e6f6f18bb54350,release
fedora,ly,1.4.0-2.fc44,x86_64,ly,ly-1.4.0-2.fc44.src.rpm,https://codeberg.org/fairyglade/ly,https://codeberg.org/fairyglade/ly,Packages/l/ly-1.4.0-2.fc44.x86_64.rpm,https://download.fedoraproject.org/pub/fedora/linux/updates/44/Everything/x86_64/Packages/l/ly-1.4.0-2.fc44.x86_64.rpm,d7bc2eff1edd6a4d3e3b065b96fa39943cefb263533f46599cec75081b636985,updates
fedora,mailman3,3.3.10-3.fc44,noarch,mailman3,mailman3-3.3.10-3.fc44.src.rpm,http://www.list.org,https://www.list.org,Packages/m/mailman3-3.3.10-3.fc44.noarch.rpm,https://download.fedoraproject.org/pub/fedora/linux/releases/44/Everything/x86_64/os/Packages/m/mailman3-3.3.10-3.fc44.noarch.rpm,75dfaa68a375c6fbc1ef4f864cec0f6e25dceffb485e30f0440b7d8dc7fe0f04,release
fedora,malcontent,0.14.0-1.fc44,x86_64,malcontent,malcontent-0.14.0-1.fc44.src.rpm,https://gitlab.freedesktop.org/pwithnall/malcontent/,https://gitlab.freedesktop.org/pwithnall/malcontent,Packages/m/malcontent-0.14.0-1.fc44.x86_64.rpm,https://download.fedoraproject.org/pub/fedora/linux/releases/44/Everything/x86_64/os/Packages/m/malcontent-0.14.0-1.fc44.x86_64.rpm,949e2c6e2b454753114d7ee8adc74b45e2029a07096025bcf78a244f521cf09b,release
fedora,mariadb-server,3:11.8.8-3.fc44,x86_64,mariadb11.8,mariadb11.8-11.8.8-3.fc44.src.rpm,http://mariadb.org,https://mariadb.org,Packages/m/mariadb-server-11.8.8-3.fc44.x86_64.rpm,https://download.fedoraproject.org/pub/fedora/linux/updates/44/Everything/x86_64/Packages/m/mariadb-server-11.8.8-3.fc44.x86_64.rpm,0bb08c9e09f1e65e303aa8090ff1aa76a11c7703e2acdff874b00993c582e960,updates
fedora,mariadb10.11-server,3:10.11.18-2.fc44,x86_64,mariadb10.11,mariadb10.11-10.11.18-2.fc44.src.rpm,http://mariadb.org,https://mariadb.org,Packages/m/mariadb10.11-server-10.11.18-2.fc44.x86_64.rpm,https://download.fedoraproject.org/pub/fedora/linux/updates/44/Everything/x86_64/Packages/m/mariadb10.11-server-10.11.18-2.fc44.x86_64.rpm,f57720f3c8089bb02f6c1c8c41c2999558f57431b8e65df2b85d2818eb3327ec,updates
fedora,mariadb12.3-server,3:12.3.2-2.fc44,x86_64,mariadb12.3,mariadb12.3-12.3.2-2.fc44.src.rpm,http://mariadb.org,https://mariadb.org,Packages/m/mariadb12.3-server-12.3.2-2.fc44.x86_64.rpm,https://download.fedoraproject.org/pub/fedora/linux/updates/44/Everything/x86_64/Packages/m/mariadb12.3-server-12.3.2-2.fc44.x86_64.rpm,1873792ee1f98691ba99250fb6ef111e6150ffe356326a9affedcc6a5738e5ba,updates
fedora,matrix-synapse,1.137.0-2.fc44,x86_64,matrix-synapse,matrix-synapse-1.137.0-2.fc44.src.rpm,https://github.com/element-hq/synapse,https://github.com/element-hq/synapse,Packages/m/matrix-synapse-1.137.0-2.fc44.x86_64.rpm,https://download.fedoraproject.org/pub/fedora/linux/releases/44/Everything/x86_64/os/Packages/m/matrix-synapse-1.137.0-2.fc44.x86_64.rpm,6470b921faa5535990da2f4dc95f767bcf632111706885233ecc76a7febd4ff1,release
fedora,matterbridge,1.26.0-10.fc44,x86_64,matterbridge,matterbridge-1.26.0-10.fc44.src.rpm,https://github.com/42wim/matterbridge,https://github.com/42wim/matterbridge,Packages/m/matterbridge-1.26.0-10.fc44.x86_64.rpm,https://download.fedoraproject.org/pub/fedora/linux/releases/44/Everything/x86_64/os/Packages/m/matterbridge-1.26.0-10.fc44.x86_64.rpm,d5a8d0517daeea832445148f039a8a1de626dca6dac35a17d5e7d4867489d401,release
fedora,mgetty,1.2.1-27.fc44,x86_64,mgetty,mgetty-1.2.1-27.fc44.src.rpm,http://mgetty.greenie.net/,https://mgetty.greenie.net,Packages/m/mgetty-1.2.1-27.fc44.x86_64.rpm,https://download.fedoraproject.org/pub/fedora/linux/releases/44/Everything/x86_64/os/Packages/m/mgetty-1.2.1-27.fc44.x86_64.rpm,022822071898c49fd6dd214127bcb568b8a95f8863a0f88145e107c6049519fb,release
fedora,mgetty-sendfax,1.2.1-27.fc44,x86_64,mgetty,mgetty-1.2.1-27.fc44.src.rpm,http://mgetty.greenie.net/,https://mgetty.greenie.net,Packages/m/mgetty-sendfax-1.2.1-27.fc44.x86_64.rpm,https://download.fedoraproject.org/pub/fedora/linux/releases/44/Everything/x86_64/os/Packages/m/mgetty-sendfax-1.2.1-27.fc44.x86_64.rpm,8bd5448d54954b64a6be0131c58d6ce11f8106b8232c8a418293be101689429b,release
fedora,mgetty-voice,1.2.1-27.fc44,x86_64,mgetty,mgetty-1.2.1-27.fc44.src.rpm,http://mgetty.greenie.net/,https://mgetty.greenie.net,Packages/m/mgetty-voice-1.2.1-27.fc44.x86_64.rpm,https://download.fedoraproject.org/pub/fedora/linux/releases/44/Everything/x86_64/os/Packages/m/mgetty-voice-1.2.1-27.fc44.x86_64.rpm,c8f2c561dbc502d1386f3d7bd8515e875e5efecbfb2ca086f7a7d58b78120854,release
fedora,milter-greylist,4.6.4-20.fc44,x86_64,milter-greylist,milter-greylist-4.6.4-20.fc44.src.rpm,http://hcpnet.free.fr/milter-greylist/,https://hcpnet.free.fr/milter-greylist,Packages/m/milter-greylist-4.6.4-20.fc44.x86_64.rpm,https://download.fedoraproject.org/pub/fedora/linux/releases/44/Everything/x86_64/os/Packages/m/milter-greylist-4.6.4-20.fc44.x86_64.rpm,cb92f5d1e0d22ecf7e92593bcedbf496adb1197289593c5ce3f9c2c7c635a282,release
fedora,minidlna,1.3.3-16.fc44,x86_64,minidlna,minidlna-1.3.3-16.fc44.src.rpm,http://sourceforge.net/projects/minidlna/,https://sourceforge.net/projects/minidlna,Packages/m/minidlna-1.3.3-16.fc44.x86_64.rpm,https://download.fedoraproject.org/pub/fedora/linux/releases/44/Everything/x86_64/os/Packages/m/minidlna-1.3.3-16.fc44.x86_64.rpm,ec3258768d714ac2656a45f3ffe7e90fbb41deb4e2823730153d96f25122d99d,release
fedora,miniupnpd,2.3.10-1.fc44,x86_64,miniupnpd,miniupnpd-2.3.10-1.fc44.src.rpm,https://miniupnp.tuxfamily.org/,https://miniupnp.tuxfamily.org,Packages/m/miniupnpd-2.3.10-1.fc44.x86_64.rpm,https://download.fedoraproject.org/pub/fedora/linux/updates/44/Everything/x86_64/Packages/m/miniupnpd-2.3.10-1.fc44.x86_64.rpm,21a2face0630e4bc688010e789de4db57251c07f6a473ad1b9a9681cbbef0f0a,updates
fedora,mod_ssl,1:2.4.68-1.fc44,x86_64,httpd,httpd-2.4.68-1.fc44.src.rpm,https://httpd.apache.org/,https://httpd.apache.org,Packages/m/mod_ssl-2.4.68-1.fc44.x86_64.rpm,https://download.fedoraproject.org/pub/fedora/linux/updates/44/Everything/x86_64/Packages/m/mod_ssl-2.4.68-1.fc44.x86_64.rpm,38a5e5d62422e57c8a9506a4d447d19f5f0e4600537ad64f79f3f7dd687623b0,updates
fedora,monit,6.0.0-1.fc44,x86_64,monit,monit-6.0.0-1.fc44.src.rpm,https://mmonit.com/monit/,https://mmonit.com/monit,Packages/m/monit-6.0.0-1.fc44.x86_64.rpm,https://download.fedoraproject.org/pub/fedora/linux/updates/44/Everything/x86_64/Packages/m/monit-6.0.0-1.fc44.x86_64.rpm,d797a3d634c60a412dfabf8f7ecf10cc87b2b7c5169ad28d77ce0712c2567745,updates
fedora,monitorix,3.16.0-4.fc44,noarch,monitorix,monitorix-3.16.0-4.fc44.src.rpm,http://www.monitorix.org,https://www.monitorix.org,Packages/m/monitorix-3.16.0-4.fc44.noarch.rpm,https://download.fedoraproject.org/pub/fedora/linux/releases/44/Everything/x86_64/os/Packages/m/monitorix-3.16.0-4.fc44.noarch.rpm,c0a3b1f65a6118dd9a236d617d948bf441d799de32fde1eec2d4bbbef59d660e,release
fedora,mopidy,4.0.0~a15-1.fc44,noarch,mopidy,mopidy-4.0.0~a15-1.fc44.src.rpm,https://mopidy.com/,https://mopidy.com,Packages/m/mopidy-4.0.0~a15-1.fc44.noarch.rpm,https://download.fedoraproject.org/pub/fedora/linux/updates/44/Everything/x86_64/Packages/m/mopidy-4.0.0~a15-1.fc44.noarch.rpm,aa45938a98b9bee597f40e94e79d7d83ff7495806095f7179a54167d77e0d598,updates
fedora,mosquitto,2.1.2-2.fc44,x86_64,mosquitto,mosquitto-2.1.2-2.fc44.src.rpm,https://mosquitto.org/,https://mosquitto.org,Packages/m/mosquitto-2.1.2-2.fc44.x86_64.rpm,https://download.fedoraproject.org/pub/fedora/linux/updates/44/Everything/x86_64/Packages/m/mosquitto-2.1.2-2.fc44.x86_64.rpm,a03413136f03c8bea77d7c6873c79328319ae42bbf855437a621789bf5959c20,updates
fedora,mpd,1:0.24.13-1.fc44,x86_64,mpd,mpd-0.24.13-1.fc44.src.rpm,https://www.musicpd.org/,https://www.musicpd.org,Packages/m/mpd-0.24.13-1.fc44.x86_64.rpm,https://download.fedoraproject.org/pub/fedora/linux/updates/44/Everything/x86_64/Packages/m/mpd-0.24.13-1.fc44.x86_64.rpm,1b3364186b8390a5c7108eb755cb6c0e22bf42cf60de0612b3db5d84abfdae95,updates
fedora,mpdscribble,0.25-8.fc44,x86_64,mpdscribble,mpdscribble-0.25-8.fc44.src.rpm,https://www.musicpd.org/clients/mpdscribble/,https://www.musicpd.org/clients/mpdscribble,Packages/m/mpdscribble-0.25-8.fc44.x86_64.rpm,https://download.fedoraproject.org/pub/fedora/linux/releases/44/Everything/x86_64/os/Packages/m/mpdscribble-0.25-8.fc44.x86_64.rpm,fffa6ebc80f992bfe9ac2f101acc2e7b00ce0c16378d9199387d6cfc8f3ee24e,release
fedora,mrtg,2.17.10-13.fc44,x86_64,mrtg,mrtg-2.17.10-13.fc44.src.rpm,http://oss.oetiker.ch/mrtg/,https://oss.oetiker.ch/mrtg,Packages/m/mrtg-2.17.10-13.fc44.x86_64.rpm,https://download.fedoraproject.org/pub/fedora/linux/releases/44/Everything/x86_64/os/Packages/m/mrtg-2.17.10-13.fc44.x86_64.rpm,61b08ef2f2e8d3e45b8de7208907cb7a95a43001ce1991caab6471ac49f41f2b,release
fedora,mumble-server,1.4.287-12.fc44,x86_64,mumble,mumble-1.4.287-12.fc44.src.rpm,https://www.mumble.info,https://www.mumble.info,Packages/m/mumble-server-1.4.287-12.fc44.x86_64.rpm,https://download.fedoraproject.org/pub/fedora/linux/updates/44/Everything/x86_64/Packages/m/mumble-server-1.4.287-12.fc44.x86_64.rpm,f21ea95d8b3ff6e0916e81df7eb1f2e7c5ee5b4b11d03658d2c085adcccc1669,updates
fedora,munge,0.5.18-1.fc44,x86_64,munge,munge-0.5.18-1.fc44.src.rpm,https://dun.github.io/munge/,https://dun.github.io/munge,Packages/m/munge-0.5.18-1.fc44.x86_64.rpm,https://download.fedoraproject.org/pub/fedora/linux/releases/44/Everything/x86_64/os/Packages/m/munge-0.5.18-1.fc44.x86_64.rpm,6403a01aa3c1252c87893c125c8c97d1e8a3fe2a36fe37fbae4a4cd1ba6c5521,release
fedora,munin,2.0.76-9.fc44,noarch,munin,munin-2.0.76-9.fc44.src.rpm,http://munin-monitoring.org/,https://munin-monitoring.org,Packages/m/munin-2.0.76-9.fc44.noarch.rpm,https://download.fedoraproject.org/pub/fedora/linux/releases/44/Everything/x86_64/os/Packages/m/munin-2.0.76-9.fc44.noarch.rpm,92f3fe71946751daf8db1a112f09149b9813d0f6eacafbc544f4d553e642adf4,release
fedora,munin-cgi,2.0.76-9.fc44,noarch,munin,munin-2.0.76-9.fc44.src.rpm,http://munin-monitoring.org/,https://munin-monitoring.org,Packages/m/munin-cgi-2.0.76-9.fc44.noarch.rpm,https://download.fedoraproject.org/pub/fedora/linux/releases/44/Everything/x86_64/os/Packages/m/munin-cgi-2.0.76-9.fc44.noarch.rpm,cae59d028e0751b1db8db7b88349ad7f16d727f28096b712f6a7d3478cf96ac3,release
fedora,munin-node,2.0.76-9.fc44,noarch,munin,munin-2.0.76-9.fc44.src.rpm,http://munin-monitoring.org/,https://munin-monitoring.org,Packages/m/munin-node-2.0.76-9.fc44.noarch.rpm,https://download.fedoraproject.org/pub/fedora/linux/releases/44/Everything/x86_64/os/Packages/m/munin-node-2.0.76-9.fc44.noarch.rpm,c85f7b6ed05e980dcf06fb5c354573f998b6ffa29a5cda4666e95332b4341338,release
fedora,myproxy-server,6.2.20-2.fc44,x86_64,myproxy,myproxy-6.2.20-2.fc44.src.rpm,http://grid.ncsa.illinois.edu/myproxy/,https://grid.ncsa.illinois.edu/myproxy,Packages/m/myproxy-server-6.2.20-2.fc44.x86_64.rpm,https://download.fedoraproject.org/pub/fedora/linux/releases/44/Everything/x86_64/os/Packages/m/myproxy-server-6.2.20-2.fc44.x86_64.rpm,2d02148caf552cb46f65d23ad7aee34b5a4b709c8387cf6587a80d3bdc5349d1,release
fedora,nas,1.9.5-15.fc44,x86_64,nas,nas-1.9.5-15.fc44.src.rpm,http://radscan.com/nas.html,https://radscan.com/nas.html,Packages/n/nas-1.9.5-15.fc44.x86_64.rpm,https://download.fedoraproject.org/pub/fedora/linux/releases/44/Everything/x86_64/os/Packages/n/nas-1.9.5-15.fc44.x86_64.rpm,aad8b8eae8e6ac65d648bc8a912c936d152b22020b769080fe27ed29c6abb8c4,release
fedora,nbd,3.27.0-2.fc44,x86_64,nbd,nbd-3.27.0-2.fc44.src.rpm,https://github.com/NetworkBlockDevice/nbd,https://github.com/NetworkBlockDevice/nbd,Packages/n/nbd-3.27.0-2.fc44.x86_64.rpm,https://download.fedoraproject.org/pub/fedora/linux/updates/44/Everything/x86_64/Packages/n/nbd-3.27.0-2.fc44.x86_64.rpm,295817a3120930874f79d2f4bc104f403fa4e6b4b50aabe72583a6784d86a538,updates
fedora,ndctl,85-1.fc44,x86_64,ndctl,ndctl-85-1.fc44.src.rpm,https://github.com/pmem/ndctl,https://github.com/pmem/ndctl,Packages/n/ndctl-85-1.fc44.x86_64.rpm,https://download.fedoraproject.org/pub/fedora/linux/updates/44/Everything/x86_64/Packages/n/ndctl-85-1.fc44.x86_64.rpm,1ac46c07c2d3a85e7db095d43c30eca01231b8817e1e338a2788573e2ef63c51,updates
fedora,nebula,1.11.0-1.fc44,x86_64,nebula,nebula-1.11.0-1.fc44.src.rpm,https://github.com/slackhq/nebula,https://github.com/slackhq/nebula,Packages/n/nebula-1.11.0-1.fc44.x86_64.rpm,https://download.fedoraproject.org/pub/fedora/linux/updates/44/Everything/x86_64/Packages/n/nebula-1.11.0-1.fc44.x86_64.rpm,00b2e47f1e3d82dfe7ae5a91a63d9d90f4db3ad711297a5958652e972490f2ac,updates
fedora,net-snmp,1:5.9.5.2-4.fc44,x86_64,net-snmp,net-snmp-5.9.5.2-4.fc44.src.rpm,http://net-snmp.sourceforge.net/,https://net-snmp.sourceforge.net,Packages/n/net-snmp-5.9.5.2-4.fc44.x86_64.rpm,https://download.fedoraproject.org/pub/fedora/linux/releases/44/Everything/x86_64/os/Packages/n/net-snmp-5.9.5.2-4.fc44.x86_64.rpm,5f688dc308b4680f5dda01e3f70a7cdec3ead5726ec8d40d078bc9cc381cac96,release
fedora,netavark,2:1.17.2-1.fc44,x86_64,netavark,netavark-1.17.2-1.fc44.src.rpm,https://github.com/containers/netavark,https://github.com/containers/netavark,Packages/n/netavark-1.17.2-1.fc44.x86_64.rpm,https://download.fedoraproject.org/pub/fedora/linux/releases/44/Everything/x86_64/os/Packages/n/netavark-1.17.2-1.fc44.x86_64.rpm,113475dad1744aa74dbd6489779afd321b9dfde49bdd46991227657e332deed6,release
fedora,netplan,1.2.1-2.fc44,x86_64,netplan,netplan-1.2.1-2.fc44.src.rpm,http://netplan.io/,https://netplan.io,Packages/n/netplan-1.2.1-2.fc44.x86_64.rpm,https://download.fedoraproject.org/pub/fedora/linux/updates/44/Everything/x86_64/Packages/n/netplan-1.2.1-2.fc44.x86_64.rpm,c58d1cb8c9f0b16e236fe35f08c806e2b04bc0266eb6ad07a8b486b417c13e13,updates
fedora,nextcloud,34.0.2-1.fc44,noarch,nextcloud,nextcloud-34.0.2-1.fc44.src.rpm,http://nextcloud.com,https://nextcloud.com,Packages/n/nextcloud-34.0.2-1.fc44.noarch.rpm,https://download.fedoraproject.org/pub/fedora/linux/updates/44/Everything/x86_64/Packages/n/nextcloud-34.0.2-1.fc44.noarch.rpm,086e7ea8226fa109b994a661c7176fc73d21c3c7213ece048f483967db04bb47,updates
fedora,nfs-common-utils,1:2.8.7-6.fc44,x86_64,nfs-utils,nfs-utils-2.8.7-6.fc44.src.rpm,http://linux-nfs.org/,https://linux-nfs.org,Packages/n/nfs-common-utils-2.8.7-6.fc44.x86_64.rpm,https://download.fedoraproject.org/pub/fedora/linux/updates/44/Everything/x86_64/Packages/n/nfs-common-utils-2.8.7-6.fc44.x86_64.rpm,9830bb47044b9751123bbfc31d05c9f6b92cd0b607e2543ae2a8854c0e866771,updates
fedora,nfs-ganesha,9.16-3.fc44,x86_64,nfs-ganesha,nfs-ganesha-9.16-3.fc44.src.rpm,https://github.com/nfs-ganesha/nfs-ganesha/wiki,https://github.com/nfs-ganesha/nfs-ganesha,Packages/n/nfs-ganesha-9.16-3.fc44.x86_64.rpm,https://download.fedoraproject.org/pub/fedora/linux/updates/44/Everything/x86_64/Packages/n/nfs-ganesha-9.16-3.fc44.x86_64.rpm,582bdb16c6449e18ed50fba3d0557d112afe1034d49802e1770b7bfcc0920228,updates
fedora,nfs-utils,1:2.8.7-6.fc44,x86_64,nfs-utils,nfs-utils-2.8.7-6.fc44.src.rpm,http://linux-nfs.org/,https://linux-nfs.org,Packages/n/nfs-utils-2.8.7-6.fc44.x86_64.rpm,https://download.fedoraproject.org/pub/fedora/linux/updates/44/Everything/x86_64/Packages/n/nfs-utils-2.8.7-6.fc44.x86_64.rpm,bb0de32059e28d163ff76a340dedea34bd2ff8230bac8f60e7449da34b1d9005,updates
fedora,nfsv3-client-utils,1:2.8.7-6.fc44,x86_64,nfs-utils,nfs-utils-2.8.7-6.fc44.src.rpm,http://linux-nfs.org/,https://linux-nfs.org,Packages/n/nfsv3-client-utils-2.8.7-6.fc44.x86_64.rpm,https://download.fedoraproject.org/pub/fedora/linux/updates/44/Everything/x86_64/Packages/n/nfsv3-client-utils-2.8.7-6.fc44.x86_64.rpm,890b17d2272535f0c0349f67b109e4dfbd4c516c695b2b5a525359a566476b5d,updates
fedora,nftables-services,1:1.1.6-2.fc44,noarch,nftables,nftables-1.1.6-2.fc44.src.rpm,https://netfilter.org/projects/nftables/,https://netfilter.org/projects/nftables,Packages/n/nftables-services-1.1.6-2.fc44.noarch.rpm,https://download.fedoraproject.org/pub/fedora/linux/releases/44/Everything/x86_64/os/Packages/n/nftables-services-1.1.6-2.fc44.noarch.rpm,5e6aa14cc1618da2acdaaa4ff24c6b7acb26ca0be3e0ca0f4290e3d05a3b0f1b,release
fedora,nghttp2,1.68.0-5.fc44,x86_64,nghttp2,nghttp2-1.68.0-5.fc44.src.rpm,https://nghttp2.org/,https://nghttp2.org,Packages/n/nghttp2-1.68.0-5.fc44.x86_64.rpm,https://download.fedoraproject.org/pub/fedora/linux/updates/44/Everything/x86_64/Packages/n/nghttp2-1.68.0-5.fc44.x86_64.rpm,8e17b46e5d5840259038b0981f5e8f54a92b9331ad2409c424f21eaf115ad634,updates
fedora,nginx,2:1.30.4-1.fc44,x86_64,nginx,nginx-1.30.4-1.fc44.src.rpm,https://nginx.org,https://nginx.org,Packages/n/nginx-1.30.4-1.fc44.x86_64.rpm,https://download.fedoraproject.org/pub/fedora/linux/updates/44/Everything/x86_64/Packages/n/nginx-1.30.4-1.fc44.x86_64.rpm,635a0bd291bcb134fc99463dc3ea4d381eaa5f0bca01a6a80db898ea846531cc,updates
fedora,ngircd,28-1.fc44,x86_64,ngircd,ngircd-28-1.fc44.src.rpm,http://ngircd.barton.de/,https://ngircd.barton.de,Packages/n/ngircd-28-1.fc44.x86_64.rpm,https://download.fedoraproject.org/pub/fedora/linux/updates/44/Everything/x86_64/Packages/n/ngircd-28-1.fc44.x86_64.rpm,b54021338c3aaa8fce0e2632f4cf6123b1bfa89afae26b099bbff5101229f59a,updates
fedora,node-exporter,1.12.1-1.fc44,x86_64,node-exporter,node-exporter-1.12.1-1.fc44.src.rpm,https://github.com/prometheus/node_exporter,https://github.com/prometheus/node_exporter,Packages/n/node-exporter-1.12.1-1.fc44.x86_64.rpm,https://download.fedoraproject.org/pub/fedora/linux/updates/44/Everything/x86_64/Packages/n/node-exporter-1.12.1-1.fc44.x86_64.rpm,d4a89b8c0036e42182c70e6f21684cff4505b92bd67605c26e4ef80264f52673,updates
fedora,nordugrid-arc-arex,7.1.2-1.fc44,x86_64,nordugrid-arc,nordugrid-arc-7.1.2-1.fc44.src.rpm,https://www.nordugrid.org/,https://www.nordugrid.org,Packages/n/nordugrid-arc-arex-7.1.2-1.fc44.x86_64.rpm,https://download.fedoraproject.org/pub/fedora/linux/updates/44/Everything/x86_64/Packages/n/nordugrid-arc-arex-7.1.2-1.fc44.x86_64.rpm,5ece03b46e2f1572d039f0847552cca0c1d2fcc3495c9bc73ad4c291a2e78d9a,updates
fedora,nordugrid-arc-datadelivery-service,7.1.2-1.fc44,x86_64,nordugrid-arc,nordugrid-arc-7.1.2-1.fc44.src.rpm,https://www.nordugrid.org/,https://www.nordugrid.org,Packages/n/nordugrid-arc-datadelivery-service-7.1.2-1.fc44.x86_64.rpm,https://download.fedoraproject.org/pub/fedora/linux/updates/44/Everything/x86_64/Packages/n/nordugrid-arc-datadelivery-service-7.1.2-1.fc44.x86_64.rpm,4871ef80a8e7b0146335795a8ec4e66f82605b81a1131a44ecac27c472fa1678,updates
fedora,nordugrid-arc-hed,7.1.2-1.fc44,x86_64,nordugrid-arc,nordugrid-arc-7.1.2-1.fc44.src.rpm,https://www.nordugrid.org/,https://www.nordugrid.org,Packages/n/nordugrid-arc-hed-7.1.2-1.fc44.x86_64.rpm,https://download.fedoraproject.org/pub/fedora/linux/updates/44/Everything/x86_64/Packages/n/nordugrid-arc-hed-7.1.2-1.fc44.x86_64.rpm,33d256d1b523da99124ae646b4a6d553bfa8fcc008c91d4341ff40cce936bcf9,updates
fedora,nordugrid-arc-infosys-ldap,7.1.2-1.fc44,noarch,nordugrid-arc,nordugrid-arc-7.1.2-1.fc44.src.rpm,https://www.nordugrid.org/,https://www.nordugrid.org,Packages/n/nordugrid-arc-infosys-ldap-7.1.2-1.fc44.noarch.rpm,https://download.fedoraproject.org/pub/fedora/linux/updates/44/Everything/x86_64/Packages/n/nordugrid-arc-infosys-ldap-7.1.2-1.fc44.noarch.rpm,04d9b3c1c2d3806d241bb25c5836e029ad3bd894db482da3030e6d595d386e8a,updates
fedora,nrpe,4.1.3-5.fc44,x86_64,nrpe,nrpe-4.1.3-5.fc44.src.rpm,http://www.nagios.org,https://www.nagios.org,Packages/n/nrpe-4.1.3-5.fc44.x86_64.rpm,https://download.fedoraproject.org/pub/fedora/linux/releases/44/Everything/x86_64/os/Packages/n/nrpe-4.1.3-5.fc44.x86_64.rpm,a0f9f1892ddd60fe57e740424603f518a3f1cedaca39a0be1741573682151f2d,release
fedora,nsca,2.10.3-4.fc44,x86_64,nsca,nsca-2.10.3-4.fc44.src.rpm,http://www.nagios.org/,https://www.nagios.org,Packages/n/nsca-2.10.3-4.fc44.x86_64.rpm,https://download.fedoraproject.org/pub/fedora/linux/releases/44/Everything/x86_64/os/Packages/n/nsca-2.10.3-4.fc44.x86_64.rpm,964fb1588a8127dbed67e03fdb61a95101c919d54fe946bb7ad272ff20906895,release
fedora,nsd,4.15.0-1.fc44,x86_64,nsd,nsd-4.15.0-1.fc44.src.rpm,http://www.nlnetlabs.nl/nsd/,https://www.nlnetlabs.nl/nsd,Packages/n/nsd-4.15.0-1.fc44.x86_64.rpm,https://download.fedoraproject.org/pub/fedora/linux/updates/44/Everything/x86_64/Packages/n/nsd-4.15.0-1.fc44.x86_64.rpm,3ea54f06d13ee087ec6c42c6d72c23f61020d8987e12e83f2ac0c53498653be1,updates
fedora,nss-pam-ldapd,0.9.10-22.fc44,x86_64,nss-pam-ldapd,nss-pam-ldapd-0.9.10-22.fc44.src.rpm,http://arthurdejong.org/nss-pam-ldapd/,https://arthurdejong.org/nss-pam-ldapd,Packages/n/nss-pam-ldapd-0.9.10-22.fc44.x86_64.rpm,https://download.fedoraproject.org/pub/fedora/linux/releases/44/Everything/x86_64/os/Packages/n/nss-pam-ldapd-0.9.10-22.fc44.x86_64.rpm,50deb2c91fe974b7fd34ee7591edc2eb3399e5f98f03f4778637f27b4c48f6f3,release
fedora,ntpd-rs,1.7.2-1.fc44,x86_64,ntpd-rs,ntpd-rs-1.7.2-1.fc44.src.rpm,https://github.com/pendulum-project/ntpd-rs,https://github.com/pendulum-project/ntpd-rs,Packages/n/ntpd-rs-1.7.2-1.fc44.x86_64.rpm,https://download.fedoraproject.org/pub/fedora/linux/updates/44/Everything/x86_64/Packages/n/ntpd-rs-1.7.2-1.fc44.x86_64.rpm,b2385ce5356c356ee9ac3c23120474feed713ffff532349255f6390393ab5016,updates
fedora,ntpsec,1.2.4-8.fc44,x86_64,ntpsec,ntpsec-1.2.4-8.fc44.src.rpm,https://www.ntpsec.org/,https://www.ntpsec.org,Packages/n/ntpsec-1.2.4-8.fc44.x86_64.rpm,https://download.fedoraproject.org/pub/fedora/linux/releases/44/Everything/x86_64/os/Packages/n/ntpsec-1.2.4-8.fc44.x86_64.rpm,e904be4be57cedcbfaf29fc71063ef7f44d392b2897ef43401a0ab85a2513a8b,release
fedora,numad,0.5-50.20251104git.fc44,x86_64,numad,numad-0.5-50.20251104git.fc44.src.rpm,https://pagure.io/numad,https://pagure.io/numad,Packages/n/numad-0.5-50.20251104git.fc44.x86_64.rpm,https://download.fedoraproject.org/pub/fedora/linux/releases/44/Everything/x86_64/os/Packages/n/numad-0.5-50.20251104git.fc44.x86_64.rpm,9b34c4d27680141365571973aec82985bf136e7fe48c10d9e34e835353ac2c22,release
fedora,nvme-cli,2.16-2.fc44,x86_64,nvme-cli,nvme-cli-2.16-2.fc44.src.rpm,https://github.com/linux-nvme/nvme-cli,https://github.com/linux-nvme/nvme-cli,Packages/n/nvme-cli-2.16-2.fc44.x86_64.rpm,https://download.fedoraproject.org/pub/fedora/linux/releases/44/Everything/x86_64/os/Packages/n/nvme-cli-2.16-2.fc44.x86_64.rpm,f36f98c784b6a4e96c2cbb1da30166f3639a33637b331943b4fcf815fd381e86,release
fedora,nvme-stas,2.4.1-6.fc44,noarch,nvme-stas,nvme-stas-2.4.1-6.fc44.src.rpm,https://github.com/linux-nvme/nvme-stas,https://github.com/linux-nvme/nvme-stas,Packages/n/nvme-stas-2.4.1-6.fc44.noarch.rpm,https://download.fedoraproject.org/pub/fedora/linux/releases/44/Everything/x86_64/os/Packages/n/nvme-stas-2.4.1-6.fc44.noarch.rpm,9aef315247ba695f237f98a1ad8c96078bb4f9a99432cef93339bb89585a5906,release
fedora,ocsinventory-agent,2.10.5-2.fc44,x86_64,ocsinventory-agent,ocsinventory-agent-2.10.5-2.fc44.src.rpm,http://www.ocsinventory-ng.org/,https://www.ocsinventory-ng.org,Packages/o/ocsinventory-agent-2.10.5-2.fc44.x86_64.rpm,https://download.fedoraproject.org/pub/fedora/linux/updates/44/Everything/x86_64/Packages/o/ocsinventory-agent-2.10.5-2.fc44.x86_64.rpm,4c4020bd1dfb40d1680bfc766af9cdb738146c37ff66235c42d2cc42028e06b4,updates
fedora,oddjob,0.34.7-18.fc44,x86_64,oddjob,oddjob-0.34.7-18.fc44.src.rpm,https://pagure.io/oddjob,https://pagure.io/oddjob,Packages/o/oddjob-0.34.7-18.fc44.x86_64.rpm,https://download.fedoraproject.org/pub/fedora/linux/releases/44/Everything/x86_64/os/Packages/o/oddjob-0.34.7-18.fc44.x86_64.rpm,3d8d86d285ac82d917366a6ccb51cc0aa945450f623265c6a210df4c9e7e13a0,release
fedora,oidentd,3.1.0-10.fc44,x86_64,oidentd,oidentd-3.1.0-10.fc44.src.rpm,https://oidentd.janikrabe.com/,https://oidentd.janikrabe.com,Packages/o/oidentd-3.1.0-10.fc44.x86_64.rpm,https://download.fedoraproject.org/pub/fedora/linux/releases/44/Everything/x86_64/os/Packages/o/oidentd-3.1.0-10.fc44.x86_64.rpm,67595478622e1857c556a46247c5591bb04ee2c1fc4a354d4f2c1b68545b143b,release
fedora,ollama,0.12.11-4.fc44,x86_64,ollama,ollama-0.12.11-4.fc44.src.rpm,https://github.com/ollama/ollama,https://github.com/ollama/ollama,Packages/o/ollama-0.12.11-4.fc44.x86_64.rpm,https://download.fedoraproject.org/pub/fedora/linux/releases/44/Everything/x86_64/os/Packages/o/ollama-0.12.11-4.fc44.x86_64.rpm,f56508d8870255eae71b47f0cba6afa3cc5151457c79234503cbcecc8bb23f1c,release
fedora,omniORB-servers,4.3.4-2.fc44,x86_64,omniORB,omniORB-4.3.4-2.fc44.src.rpm,http://omniorb.sourceforge.net,https://omniorb.sourceforge.net,Packages/o/omniORB-servers-4.3.4-2.fc44.x86_64.rpm,https://download.fedoraproject.org/pub/fedora/linux/releases/44/Everything/x86_64/os/Packages/o/omniORB-servers-4.3.4-2.fc44.x86_64.rpm,7aaeafd89b4089429f83445466eea0cdcffc6a402c528b89c5ac8f2b1fa33cf5,release
fedora,onedrive,2.5.11-1.fc44,x86_64,onedrive,onedrive-2.5.11-1.fc44.src.rpm,https://github.com/abraunegg/onedrive,https://github.com/abraunegg/onedrive,Packages/o/onedrive-2.5.11-1.fc44.x86_64.rpm,https://download.fedoraproject.org/pub/fedora/linux/updates/44/Everything/x86_64/Packages/o/onedrive-2.5.11-1.fc44.x86_64.rpm,e5afba8f11f30f81e38538e2825bd180b566142abfb9117e505d41ce0b0d460a,updates
fedora,oomd,0.5.0-16.fc44,x86_64,oomd,oomd-0.5.0-16.fc44.src.rpm,https://github.com/facebookincubator/oomd/,https://github.com/facebookincubator/oomd,Packages/o/oomd-0.5.0-16.fc44.x86_64.rpm,https://download.fedoraproject.org/pub/fedora/linux/releases/44/Everything/x86_64/os/Packages/o/oomd-0.5.0-16.fc44.x86_64.rpm,3e0c4e7fd64e138c2d877f01cf7d011d42734b06ec183796080ceb8e0ca433fb,release
fedora,open-vm-tools,13.1.0-2.fc44,x86_64,open-vm-tools,open-vm-tools-13.1.0-2.fc44.src.rpm,https://github.com/vmware/open-vm-tools,https://github.com/vmware/open-vm-tools,Packages/o/open-vm-tools-13.1.0-2.fc44.x86_64.rpm,https://download.fedoraproject.org/pub/fedora/linux/updates/44/Everything/x86_64/Packages/o/open-vm-tools-13.1.0-2.fc44.x86_64.rpm,9d54759b82edd0a8994c1ae81dd24f2bb43bb2fc8af08a9d7f11aa2d50ecd70d,updates
fedora,openbao,2.6.1-1.fc44,x86_64,openbao,openbao-2.6.1-1.fc44.src.rpm,https://openbao.org,https://openbao.org,Packages/o/openbao-2.6.1-1.fc44.x86_64.rpm,https://download.fedoraproject.org/pub/fedora/linux/updates/44/Everything/x86_64/Packages/o/openbao-2.6.1-1.fc44.x86_64.rpm,f4074c867a6fd6868d5f214a1759ec9fac4c68521b2181c085fbb8ea305f4c93,updates
fedora,openbao-vault-compat,2.6.1-1.fc44,x86_64,openbao,openbao-2.6.1-1.fc44.src.rpm,https://openbao.org,https://openbao.org,Packages/o/openbao-vault-compat-2.6.1-1.fc44.x86_64.rpm,https://download.fedoraproject.org/pub/fedora/linux/updates/44/Everything/x86_64/Packages/o/openbao-vault-compat-2.6.1-1.fc44.x86_64.rpm,700869e516c78afa493781c2354a03c4e4e8cc8235c110623f13128874ded8d1,updates
fedora,openbgpd,9.1-1.fc44,x86_64,openbgpd,openbgpd-9.1-1.fc44.src.rpm,https://www.openbgpd.org/,https://www.openbgpd.org,Packages/o/openbgpd-9.1-1.fc44.x86_64.rpm,https://download.fedoraproject.org/pub/fedora/linux/updates/44/Everything/x86_64/Packages/o/openbgpd-9.1-1.fc44.x86_64.rpm,dfc33874537d6841044e1a60b65440e3d8c9cbd061d1b13f08a4323c3e7bde43,updates
fedora,opencryptoki,3.27.0-1.fc44,x86_64,opencryptoki,opencryptoki-3.27.0-1.fc44.src.rpm,https://github.com/opencryptoki/opencryptoki,https://github.com/opencryptoki/opencryptoki,Packages/o/opencryptoki-3.27.0-1.fc44.x86_64.rpm,https://download.fedoraproject.org/pub/fedora/linux/updates/44/Everything/x86_64/Packages/o/opencryptoki-3.27.0-1.fc44.x86_64.rpm,8fe5c3a7d19da9939f58e1dddafabee401e23f26bc511605eb8efbd84c9b0c3e,updates
fedora,opendnssec,2.1.14-3.fc44,x86_64,opendnssec,opendnssec-2.1.14-3.fc44.src.rpm,http://www.opendnssec.org/,https://www.opendnssec.org,Packages/o/opendnssec-2.1.14-3.fc44.x86_64.rpm,https://download.fedoraproject.org/pub/fedora/linux/releases/44/Everything/x86_64/os/Packages/o/opendnssec-2.1.14-3.fc44.x86_64.rpm,ced520f1a7e96487e85fb2f1b10c784f9c812f5b21f14ba69d43fa2334add0bc,release
fedora,openfortivpn,1.23.1-3.fc44,x86_64,openfortivpn,openfortivpn-1.23.1-3.fc44.src.rpm,https://github.com/adrienverge/openfortivpn,https://github.com/adrienverge/openfortivpn,Packages/o/openfortivpn-1.23.1-3.fc44.x86_64.rpm,https://download.fedoraproject.org/pub/fedora/linux/releases/44/Everything/x86_64/os/Packages/o/openfortivpn-1.23.1-3.fc44.x86_64.rpm,75458f0f683da5e3f253bf951b2895b9a5ceb6a6f3422b7903d2c40882ff76c3,release
fedora,openldap-servers,2.6.13-1.fc44,x86_64,openldap,openldap-2.6.13-1.fc44.src.rpm,http://www.openldap.org/,https://www.openldap.org,Packages/o/openldap-servers-2.6.13-1.fc44.x86_64.rpm,https://download.fedoraproject.org/pub/fedora/linux/releases/44/Everything/x86_64/os/Packages/o/openldap-servers-2.6.13-1.fc44.x86_64.rpm,956009816dc8f0a3082a3582f15af75c0d66d6a6e987cf715b2150398f47e934,release
fedora,opensm,3.3.24-13.fc44,x86_64,opensm,opensm-3.3.24-13.fc44.src.rpm,https://github.com/linux-rdma/opensm,https://github.com/linux-rdma/opensm,Packages/o/opensm-3.3.24-13.fc44.x86_64.rpm,https://download.fedoraproject.org/pub/fedora/linux/releases/44/Everything/x86_64/os/Packages/o/opensm-3.3.24-13.fc44.x86_64.rpm,cb9755eedd3c443c8336e6047603d9741a65e3ccdb6680e3d606e05cb97492f9,release
fedora,opensmtpd,7.8.0p1-1.fc44,x86_64,opensmtpd,opensmtpd-7.8.0p1-1.fc44.src.rpm,http://www.opensmtpd.org/,https://www.opensmtpd.org,Packages/o/opensmtpd-7.8.0p1-1.fc44.x86_64.rpm,https://download.fedoraproject.org/pub/fedora/linux/updates/44/Everything/x86_64/Packages/o/opensmtpd-7.8.0p1-1.fc44.x86_64.rpm,64d312543e955ded872b92a239f9795ea457cd24208a333b39da86e7bf0c6315,updates
fedora,openssh-server,10.2p1-13.fc44,x86_64,openssh,openssh-10.2p1-13.fc44.src.rpm,http://www.openssh.com/portable.html,https://www.openssh.com/portable.html,Packages/o/openssh-server-10.2p1-13.fc44.x86_64.rpm,https://download.fedoraproject.org/pub/fedora/linux/updates/44/Everything/x86_64/Packages/o/openssh-server-10.2p1-13.fc44.x86_64.rpm,e08756c8127bed07a313ad0cd949fa5a56ca331d6dfd9b89143d44466d3ea7ce,updates
fedora,ostree,2026.2-1.fc44,x86_64,ostree,ostree-2026.2-1.fc44.src.rpm,https://ostreedev.github.io/ostree/,https://ostreedev.github.io/ostree,Packages/o/ostree-2026.2-1.fc44.x86_64.rpm,https://download.fedoraproject.org/pub/fedora/linux/updates/44/Everything/x86_64/Packages/o/ostree-2026.2-1.fc44.x86_64.rpm,fbce6045ead75491b36eff7d7ee6c2ebd9ad486f75901086a856e786ecabde8f,updates
fedora,pacemaker,3.0.2-3.fc44,x86_64,pacemaker,pacemaker-3.0.2-3.fc44.src.rpm,https://www.clusterlabs.org/,https://www.clusterlabs.org,Packages/p/pacemaker-3.0.2-3.fc44.x86_64.rpm,https://download.fedoraproject.org/pub/fedora/linux/updates/44/Everything/x86_64/Packages/p/pacemaker-3.0.2-3.fc44.x86_64.rpm,1688cf9fb9ff3eefb3b0708481ab959c96ff09479afe12806d909bdea8abd474,updates
fedora,pacemaker-cli,3.0.2-3.fc44,x86_64,pacemaker,pacemaker-3.0.2-3.fc44.src.rpm,https://www.clusterlabs.org/,https://www.clusterlabs.org,Packages/p/pacemaker-cli-3.0.2-3.fc44.x86_64.rpm,https://download.fedoraproject.org/pub/fedora/linux/updates/44/Everything/x86_64/Packages/p/pacemaker-cli-3.0.2-3.fc44.x86_64.rpm,70b224908f0b1c4f143947378e2df0b62efaf94305bef2cfd55a0af7a3cd6ca2,updates
fedora,pacemaker-remote,3.0.2-3.fc44,x86_64,pacemaker,pacemaker-3.0.2-3.fc44.src.rpm,https://www.clusterlabs.org/,https://www.clusterlabs.org,Packages/p/pacemaker-remote-3.0.2-3.fc44.x86_64.rpm,https://download.fedoraproject.org/pub/fedora/linux/updates/44/Everything/x86_64/Packages/p/pacemaker-remote-3.0.2-3.fc44.x86_64.rpm,6161387793dade2cdc9f8471098b80433490df8c1ff59cc31e57319685ca01fe,updates
fedora,pam,1.7.2-2.fc44,x86_64,pam,pam-1.7.2-2.fc44.src.rpm,http://www.linux-pam.org/,https://www.linux-pam.org,Packages/p/pam-1.7.2-2.fc44.x86_64.rpm,https://download.fedoraproject.org/pub/fedora/linux/updates/44/Everything/x86_64/Packages/p/pam-1.7.2-2.fc44.x86_64.rpm,2827529cc727da309ab58ebb852bac171b37c2b8d23503bc6920a3e10b943304,updates
fedora,passim,0.1.12-1.fc44,x86_64,passim,passim-0.1.12-1.fc44.src.rpm,https://github.com/hughsie/passim,https://github.com/hughsie/passim,Packages/p/passim-0.1.12-1.fc44.x86_64.rpm,https://download.fedoraproject.org/pub/fedora/linux/updates/44/Everything/x86_64/Packages/p/passim-0.1.12-1.fc44.x86_64.rpm,ee0213b5454eb2aa029abdf1f0964e0b58cd0f64aa3293ac2411c59eacf1471e,updates
fedora,pcp,7.2.0-1.fc44,x86_64,pcp,pcp-7.2.0-1.fc44.src.rpm,https://pcp.io,https://pcp.io,Packages/p/pcp-7.2.0-1.fc44.x86_64.rpm,https://download.fedoraproject.org/pub/fedora/linux/updates/44/Everything/x86_64/Packages/p/pcp-7.2.0-1.fc44.x86_64.rpm,c3a9bd110d0f44ce4ee5170d73744b3db79d4cd539df480036b41c3ac130411b,updates
fedora,pcp-atop,7.2.0-1.fc44,x86_64,pcp,pcp-7.2.0-1.fc44.src.rpm,https://pcp.io,https://pcp.io,Packages/p/pcp-atop-7.2.0-1.fc44.x86_64.rpm,https://download.fedoraproject.org/pub/fedora/linux/updates/44/Everything/x86_64/Packages/p/pcp-atop-7.2.0-1.fc44.x86_64.rpm,31fdbb9c106d08e715b77d4775f41eedfe0136e89d45cbd34c5ad8aa40eb6523,updates
fedora,pcp-geolocate,7.2.0-1.fc44,x86_64,pcp,pcp-7.2.0-1.fc44.src.rpm,https://pcp.io,https://pcp.io,Packages/p/pcp-geolocate-7.2.0-1.fc44.x86_64.rpm,https://download.fedoraproject.org/pub/fedora/linux/updates/44/Everything/x86_64/Packages/p/pcp-geolocate-7.2.0-1.fc44.x86_64.rpm,cb887fea5a60048a54eb48d337a8bd3335fc6322b374d15b1aa08a11ff23ce3e,updates
fedora,pcp-import-pmseries,7.2.0-1.fc44,x86_64,pcp,pcp-7.2.0-1.fc44.src.rpm,https://pcp.io,https://pcp.io,Packages/p/pcp-import-pmseries-7.2.0-1.fc44.x86_64.rpm,https://download.fedoraproject.org/pub/fedora/linux/updates/44/Everything/x86_64/Packages/p/pcp-import-pmseries-7.2.0-1.fc44.x86_64.rpm,55cfb0286679332127efc1aafd073f9501c5861128d06d2c2739a2adc2f03010,updates
fedora,pcs,0.12.2-2.fc44,noarch,pcs,pcs-0.12.2-2.fc44.src.rpm,https://github.com/ClusterLabs/pcs,https://github.com/ClusterLabs/pcs,Packages/p/pcs-0.12.2-2.fc44.noarch.rpm,https://download.fedoraproject.org/pub/fedora/linux/updates/44/Everything/x86_64/Packages/p/pcs-0.12.2-2.fc44.noarch.rpm,77f12a272e6b8df5d89295964b137d32aa4bb4915f9b8358b85f9f9486fe1269,updates
fedora,pcs-snmp,0.12.2-2.fc44,noarch,pcs,pcs-0.12.2-2.fc44.src.rpm,https://github.com/ClusterLabs/pcs,https://github.com/ClusterLabs/pcs,Packages/p/pcs-snmp-0.12.2-2.fc44.noarch.rpm,https://download.fedoraproject.org/pub/fedora/linux/updates/44/Everything/x86_64/Packages/p/pcs-snmp-0.12.2-2.fc44.noarch.rpm,340acb4847e23acc6ad466adb044f7f97f8cb235f0c2ac9e24e95093f2a36983,updates
fedora,pcsc-lite,2.4.1-2.fc44,x86_64,pcsc-lite,pcsc-lite-2.4.1-2.fc44.src.rpm,https://pcsclite.apdu.fr/,https://pcsclite.apdu.fr,Packages/p/pcsc-lite-2.4.1-2.fc44.x86_64.rpm,https://download.fedoraproject.org/pub/fedora/linux/releases/44/Everything/x86_64/os/Packages/p/pcsc-lite-2.4.1-2.fc44.x86_64.rpm,e5bf5c48984c0b1f4ef6280391b4bbb5acddcdbde6860f9166d95feb546e7a8f,release
fedora,perfetto,49.0-3.fc43,x86_64,perfetto,perfetto-49.0-3.fc43.src.rpm,https://perfetto.dev/,https://perfetto.dev,Packages/p/perfetto-49.0-3.fc43.x86_64.rpm,https://download.fedoraproject.org/pub/fedora/linux/releases/44/Everything/x86_64/os/Packages/p/perfetto-49.0-3.fc43.x86_64.rpm,bb1c578a4ca0b4eaa54abd2ace7040a41634430011269d065a5967731e37b1c8,release
fedora,pesign,116-7.fc42,x86_64,pesign,pesign-116-7.fc42.src.rpm,https://github.com/rhboot/pesign,https://github.com/rhboot/pesign,Packages/p/pesign-116-7.fc42.x86_64.rpm,https://download.fedoraproject.org/pub/fedora/linux/releases/44/Everything/x86_64/os/Packages/p/pesign-116-7.fc42.x86_64.rpm,46c140af80e831a2c90de156ef7cabf80ad7d55bcaf3e3f97b2f94a5cd0117a9,release
fedora,pgbouncer,1.25.2-1.fc44,x86_64,pgbouncer,pgbouncer-1.25.2-1.fc44.src.rpm,https://www.pgbouncer.org,https://www.pgbouncer.org,Packages/p/pgbouncer-1.25.2-1.fc44.x86_64.rpm,https://download.fedoraproject.org/pub/fedora/linux/updates/44/Everything/x86_64/Packages/p/pgbouncer-1.25.2-1.fc44.x86_64.rpm,ad409c6bef77aba14288cd2464128eb5a151d75d7c28aa0b66451febb0d978c2,updates
fedora,php-fpm,8.5.9-1.fc44,x86_64,php,php-8.5.9-1.fc44.src.rpm,http://www.php.net/,https://www.php.net,Packages/p/php-fpm-8.5.9-1.fc44.x86_64.rpm,https://download.fedoraproject.org/pub/fedora/linux/updates/44/Everything/x86_64/Packages/p/php-fpm-8.5.9-1.fc44.x86_64.rpm,6184966707aa7a579043535f9fe8bd77cfd88939d1edc71849647dea48c9e9fa,updates
fedora,phrog,0.50.0-2.fc44,x86_64,phrog,phrog-0.50.0-2.fc44.src.rpm,https://github.com/samcday/phrog,https://github.com/samcday/phrog,Packages/p/phrog-0.50.0-2.fc44.x86_64.rpm,https://download.fedoraproject.org/pub/fedora/linux/releases/44/Everything/x86_64/os/Packages/p/phrog-0.50.0-2.fc44.x86_64.rpm,eeee2a4aa3ddf5197cb2fa12fe83d57541390a678e8b7830fada93cd7ccb16ec,release
fedora,plasma-drkonqi,6.7.4-1.fc44,x86_64,plasma-drkonqi,plasma-drkonqi-6.7.4-1.fc44.src.rpm,https://invent.kde.org/plasma/drkonqi,https://invent.kde.org/plasma/drkonqi,Packages/p/plasma-drkonqi-6.7.4-1.fc44.x86_64.rpm,https://download.fedoraproject.org/pub/fedora/linux/updates/44/Everything/x86_64/Packages/p/plasma-drkonqi-6.7.4-1.fc44.x86_64.rpm,8b26e9e7a52bc56c7ef2bd8b0fcde63f01893be0d0b9d03a74e7acb3000f630e,updates
fedora,plocate,1.1.24-1.fc44,x86_64,plocate,plocate-1.1.24-1.fc44.src.rpm,https://plocate.sesse.net/,https://plocate.sesse.net,Packages/p/plocate-1.1.24-1.fc44.x86_64.rpm,https://download.fedoraproject.org/pub/fedora/linux/releases/44/Everything/x86_64/os/Packages/p/plocate-1.1.24-1.fc44.x86_64.rpm,d0cef6ccbcd0a67db5ef7fd7721719a6aff496b532f7a5e1e386070d5484057f,release
fedora,plymouth,24.004.60-24.fc44,x86_64,plymouth,plymouth-24.004.60-24.fc44.src.rpm,http://www.freedesktop.org/wiki/Software/Plymouth,https://www.freedesktop.org/wiki/Software/Plymouth,Packages/p/plymouth-24.004.60-24.fc44.x86_64.rpm,https://download.fedoraproject.org/pub/fedora/linux/releases/44/Everything/x86_64/os/Packages/p/plymouth-24.004.60-24.fc44.x86_64.rpm,ecc2f1cdeb5005bf8a0c234ff06f4fee6eecefa4621e32f1452a8ea84cf3bc47,release
fedora,polkit,127-2.fc44.2,x86_64,polkit,polkit-127-2.fc44.2.src.rpm,https://github.com/polkit-org/polkit,https://github.com/polkit-org/polkit,Packages/p/polkit-127-2.fc44.2.x86_64.rpm,https://download.fedoraproject.org/pub/fedora/linux/releases/44/Everything/x86_64/os/Packages/p/polkit-127-2.fc44.2.x86_64.rpm,0a54ed12ad27bb4a0341b07d3dc95d41cd0bdd0ee9ea1f8c4ab0e9e78a43f291,release
fedora,portsentry,2.0.7-1.fc44,x86_64,portsentry,portsentry-2.0.7-1.fc44.src.rpm,https://portsentry.xyz/,https://portsentry.xyz,Packages/p/portsentry-2.0.7-1.fc44.x86_64.rpm,https://download.fedoraproject.org/pub/fedora/linux/releases/44/Everything/x86_64/os/Packages/p/portsentry-2.0.7-1.fc44.x86_64.rpm,caa64c206eecc1ca0fcb67c4e7a97d6cd5e5688252026be9b648b836df99961a,release
fedora,postfix,2:3.10.10-1.fc44,x86_64,postfix,postfix-3.10.10-1.fc44.src.rpm,http://www.postfix.org,https://www.postfix.org,Packages/p/postfix-3.10.10-1.fc44.x86_64.rpm,https://download.fedoraproject.org/pub/fedora/linux/updates/44/Everything/x86_64/Packages/p/postfix-3.10.10-1.fc44.x86_64.rpm,c9f95149b5d2a77506979977db9ace7e647a506661c2a3c9828620a24a63a301,updates
fedora,postfix-mta-sts-resolver,1.5.1-5.fc44,noarch,postfix-mta-sts-resolver,postfix-mta-sts-resolver-1.5.1-5.fc44.src.rpm,https://github.com/Snawoot/postfix-mta-sts-resolver,https://github.com/Snawoot/postfix-mta-sts-resolver,Packages/p/postfix-mta-sts-resolver-1.5.1-5.fc44.noarch.rpm,https://download.fedoraproject.org/pub/fedora/linux/releases/44/Everything/x86_64/os/Packages/p/postfix-mta-sts-resolver-1.5.1-5.fc44.noarch.rpm,9508e5f410164a8c1377d82cdbc4f0f111bdc46786cfa9589f694528a451beae,release
fedora,postfwd,2.03-13.fc44,noarch,postfwd,postfwd-2.03-13.fc44.src.rpm,https://postfwd.org/,https://postfwd.org,Packages/p/postfwd-2.03-13.fc44.noarch.rpm,https://download.fedoraproject.org/pub/fedora/linux/releases/44/Everything/x86_64/os/Packages/p/postfwd-2.03-13.fc44.noarch.rpm,e2c7a09f4ffde60e158aef8241455da16f8a17b358a04467649e3a6b8367bd98,release
fedora,postgresql-server,18.4-1.fc44,x86_64,postgresql18,postgresql18-18.4-1.fc44.src.rpm,http://www.postgresql.org/,https://www.postgresql.org,Packages/p/postgresql-server-18.4-1.fc44.x86_64.rpm,https://download.fedoraproject.org/pub/fedora/linux/updates/44/Everything/x86_64/Packages/p/postgresql-server-18.4-1.fc44.x86_64.rpm,542672cb98f32a71afc334a02db08a20f4dd5bb718350ba16ad09a04ec50b28a,updates
fedora,postgresql16-server,16.14-1.fc44,x86_64,postgresql16,postgresql16-16.14-1.fc44.src.rpm,http://www.postgresql.org/,https://www.postgresql.org,Packages/p/postgresql16-server-16.14-1.fc44.x86_64.rpm,https://download.fedoraproject.org/pub/fedora/linux/updates/44/Everything/x86_64/Packages/p/postgresql16-server-16.14-1.fc44.x86_64.rpm,69a5ee5057bd78e917be9edc1ed0800ea81ef88b27deeb9858dcad516a750d51,updates
fedora,postgresql17-server,17.10-1.fc44,x86_64,postgresql17,postgresql17-17.10-1.fc44.src.rpm,http://www.postgresql.org/,https://www.postgresql.org,Packages/p/postgresql17-server-17.10-1.fc44.x86_64.rpm,https://download.fedoraproject.org/pub/fedora/linux/updates/44/Everything/x86_64/Packages/p/postgresql17-server-17.10-1.fc44.x86_64.rpm,c54b6d3d4bb627b331bbb8f059f9af23afacfa13bccca65402a6edc88ffe7032,updates
fedora,postgrey,1.37-28.fc44,noarch,postgrey,postgrey-1.37-28.fc44.src.rpm,http://postgrey.schweikert.ch/,https://postgrey.schweikert.ch,Packages/p/postgrey-1.37-28.fc44.noarch.rpm,https://download.fedoraproject.org/pub/fedora/linux/releases/44/Everything/x86_64/os/Packages/p/postgrey-1.37-28.fc44.noarch.rpm,82b49891524f597febacab328b672d1f88a2263919c80437077b70b42375c122,release
fedora,power-profiles-daemon,0.30-3.fc44,x86_64,power-profiles-daemon,power-profiles-daemon-0.30-3.fc44.src.rpm,https://gitlab.freedesktop.org/upower/power-profiles-daemon,https://gitlab.freedesktop.org/upower/power-profiles-daemon,Packages/p/power-profiles-daemon-0.30-3.fc44.x86_64.rpm,https://download.fedoraproject.org/pub/fedora/linux/releases/44/Everything/x86_64/os/Packages/p/power-profiles-daemon-0.30-3.fc44.x86_64.rpm,d16d7fde79936609d931a0553831facfb7d4ac304239eb4d0dda46e2f03a9c75,release
fedora,pptpd,1.5.0-7.fc44,x86_64,pptpd,pptpd-1.5.0-7.fc44.src.rpm,http://poptop.sourceforge.net/,https://poptop.sourceforge.net,Packages/p/pptpd-1.5.0-7.fc44.x86_64.rpm,https://download.fedoraproject.org/pub/fedora/linux/releases/44/Everything/x86_64/os/Packages/p/pptpd-1.5.0-7.fc44.x86_64.rpm,db36efea4441fe6edfb845c6c39c5ce9b2fd51a9b7524fb136f1b10aeb03ceff,release
fedora,privoxy,4.1.0-2.fc44,x86_64,privoxy,privoxy-4.1.0-2.fc44.src.rpm,http://www.privoxy.org/,https://www.privoxy.org,Packages/p/privoxy-4.1.0-2.fc44.x86_64.rpm,https://download.fedoraproject.org/pub/fedora/linux/releases/44/Everything/x86_64/os/Packages/p/privoxy-4.1.0-2.fc44.x86_64.rpm,c743da9c24e907b4a797cba6c2c0c6a715818d0ec5fd8d3955af2b176ec5c420,release
fedora,proftpd,1.3.9c-3.fc44,x86_64,proftpd,proftpd-1.3.9c-3.fc44.src.rpm,http://www.proftpd.org/,https://www.proftpd.org,Packages/p/proftpd-1.3.9c-3.fc44.x86_64.rpm,https://download.fedoraproject.org/pub/fedora/linux/updates/44/Everything/x86_64/Packages/p/proftpd-1.3.9c-3.fc44.x86_64.rpm,aa09e13f9eba3aa2a7fc83758586e79065057358a38e1c14b6a648d72976fa70,updates
fedora,prometheus-foomuuri-exporter,0.33-2.fc44,noarch,foomuuri,foomuuri-0.33-2.fc44.src.rpm,https://github.com/FoobarOy/foomuuri,https://github.com/FoobarOy/foomuuri,Packages/p/prometheus-foomuuri-exporter-0.33-2.fc44.noarch.rpm,https://download.fedoraproject.org/pub/fedora/linux/updates/44/Everything/x86_64/Packages/p/prometheus-foomuuri-exporter-0.33-2.fc44.noarch.rpm,eb3f6f3c55c41ece10967a85887d9a60e3d567bf7154fd30baa48291ca71d427,updates
fedora,prosody,13.0.6-1.fc44,x86_64,prosody,prosody-13.0.6-1.fc44.src.rpm,https://prosody.im/,https://prosody.im,Packages/p/prosody-13.0.6-1.fc44.x86_64.rpm,https://download.fedoraproject.org/pub/fedora/linux/updates/44/Everything/x86_64/Packages/p/prosody-13.0.6-1.fc44.x86_64.rpm,eedf072c791837cdb97dce3804af4426de099ccdd220f46c893cd3ca1fbb8e90,updates
fedora,psacct,6.6.4-26.fc44,x86_64,psacct,psacct-6.6.4-26.fc44.src.rpm,http://www.gnu.org/software/acct/,https://www.gnu.org/software/acct,Packages/p/psacct-6.6.4-26.fc44.x86_64.rpm,https://download.fedoraproject.org/pub/fedora/linux/releases/44/Everything/x86_64/os/Packages/p/psacct-6.6.4-26.fc44.x86_64.rpm,7287c144bc61474cd45988dfadf9a89f17a4982ed105f8b2dde2fb4fd812ad19,release
fedora,psad,2.4.6-24.fc44,noarch,psad,psad-2.4.6-24.fc44.src.rpm,https://www.cipherdyne.org/psad/,https://www.cipherdyne.org/psad,Packages/p/psad-2.4.6-24.fc44.noarch.rpm,https://download.fedoraproject.org/pub/fedora/linux/releases/44/Everything/x86_64/os/Packages/p/psad-2.4.6-24.fc44.noarch.rpm,168df0252cde0786337eaf97765ea1ddd5b7cf989e603c4846859eb2848af5da,release
fedora,pypolicyd-spf-milter,3.1.0-8.fc44,noarch,pypolicyd-spf,pypolicyd-spf-3.1.0-8.fc44.src.rpm,https://launchpad.net/spf-engine,https://launchpad.net/spf-engine,Packages/p/pypolicyd-spf-milter-3.1.0-8.fc44.noarch.rpm,https://download.fedoraproject.org/pub/fedora/linux/releases/44/Everything/x86_64/os/Packages/p/pypolicyd-spf-milter-3.1.0-8.fc44.noarch.rpm,fe0f6c6768fcc67f5b8fcfa26bafeb254c46e4833ce96f97489043ecbd1a86b9,release
fedora,python3-carbon,1.1.10-17.fc44,noarch,python-carbon,python-carbon-1.1.10-17.fc44.src.rpm,https://github.com/graphite-project/carbon,https://github.com/graphite-project/carbon,Packages/p/python3-carbon-1.1.10-17.fc44.noarch.rpm,https://download.fedoraproject.org/pub/fedora/linux/releases/44/Everything/x86_64/os/Packages/p/python3-carbon-1.1.10-17.fc44.noarch.rpm,daea34ff393c3d89a62759325ec066e2f7d39073b024afb4a8ae057140f9ce8d,release
fedora,python3-dnf-plugins-core,4.10.1-9.fc44,noarch,dnf-plugins-core,dnf-plugins-core-4.10.1-9.fc44.src.rpm,https://github.com/rpm-software-management/dnf-plugins-core,https://github.com/rpm-software-management/dnf-plugins-core,Packages/p/python3-dnf-plugins-core-4.10.1-9.fc44.noarch.rpm,https://download.fedoraproject.org/pub/fedora/linux/releases/44/Everything/x86_64/os/Packages/p/python3-dnf-plugins-core-4.10.1-9.fc44.noarch.rpm,66ff79b7161f5996d2f2e974582a52f287f566f89303b8a1b7ce55357e16ed3d,release
fedora,python3-virtualbmc,3.2.0-8.fc44,noarch,python-virtualbmc,python-virtualbmc-3.2.0-8.fc44.src.rpm,https://opendev.org/openstack/virtualbmc,https://opendev.org/openstack/virtualbmc,Packages/p/python3-virtualbmc-3.2.0-8.fc44.noarch.rpm,https://download.fedoraproject.org/pub/fedora/linux/releases/44/Everything/x86_64/os/Packages/p/python3-virtualbmc-3.2.0-8.fc44.noarch.rpm,70644f60c468e687dd2fb433babd4c5893820509e3632dd874601fbc43ac72b7,release
fedora,qatlib-service,26.02.0-2.fc44,x86_64,qatlib,qatlib-26.02.0-2.fc44.src.rpm,https://github.com/intel/qatlib,https://github.com/intel/qatlib,Packages/q/qatlib-service-26.02.0-2.fc44.x86_64.rpm,https://download.fedoraproject.org/pub/fedora/linux/updates/44/Everything/x86_64/Packages/q/qatlib-service-26.02.0-2.fc44.x86_64.rpm,0a527be041296e0d288a161b625d7bb99da82c9d05ba909e34f5fef8de44b14c,updates
fedora,qbittorrent-nox,1:5.2.3-4.fc44,x86_64,qbittorrent,qbittorrent-5.2.3-4.fc44.src.rpm,https://www.qbittorrent.org,https://www.qbittorrent.org,Packages/q/qbittorrent-nox-5.2.3-4.fc44.x86_64.rpm,https://download.fedoraproject.org/pub/fedora/linux/updates/44/Everything/x86_64/Packages/q/qbittorrent-nox-5.2.3-4.fc44.x86_64.rpm,b590f07703c91a00073a7c2c24b42e938ec28a15daa7a328c8e3751b7a41da8f,updates
fedora,qbootctl,0.2.2-2.fc44,x86_64,qbootctl,qbootctl-0.2.2-2.fc44.src.rpm,https://github.com/linux-msm/qbootctl,https://github.com/linux-msm/qbootctl,Packages/q/qbootctl-0.2.2-2.fc44.x86_64.rpm,https://download.fedoraproject.org/pub/fedora/linux/releases/44/Everything/x86_64/os/Packages/q/qbootctl-0.2.2-2.fc44.x86_64.rpm,41ceda8fae85915ca3bd63c5e7e51475d02dfd3aa48dc79cded874d4c6c0882e,release
fedora,qemu-guest-agent,2:10.2.2-1.fc44,x86_64,qemu,qemu-10.2.2-1.fc44.src.rpm,http://www.qemu.org/,https://www.qemu.org,Packages/q/qemu-guest-agent-10.2.2-1.fc44.x86_64.rpm,https://download.fedoraproject.org/pub/fedora/linux/releases/44/Everything/x86_64/os/Packages/q/qemu-guest-agent-10.2.2-1.fc44.x86_64.rpm,6a95e51e5b0d9e7cfba22b09e383b6fc433f5f349519601450da57d91b271fb0,release
fedora,qemu-pr-helper,2:10.2.2-1.fc44,x86_64,qemu,qemu-10.2.2-1.fc44.src.rpm,http://www.qemu.org/,https://www.qemu.org,Packages/q/qemu-pr-helper-10.2.2-1.fc44.x86_64.rpm,https://download.fedoraproject.org/pub/fedora/linux/releases/44/Everything/x86_64/os/Packages/q/qemu-pr-helper-10.2.2-1.fc44.x86_64.rpm,14dafdbaea45b5e8b0d3b2fd2071e07916f2f05ec02c23c49049460b7e7ee876,release
fedora,qemu-system-x86-core,2:10.2.2-1.fc44,x86_64,qemu,qemu-10.2.2-1.fc44.src.rpm,http://www.qemu.org/,https://www.qemu.org,Packages/q/qemu-system-x86-core-10.2.2-1.fc44.x86_64.rpm,https://download.fedoraproject.org/pub/fedora/linux/releases/44/Everything/x86_64/os/Packages/q/qemu-system-x86-core-10.2.2-1.fc44.x86_64.rpm,aeb4d54df2adc4cadbb49c271e7edded2d546483f4e348f2d81fe18db64630bd,release
fedora,quassel-core,0.14.0-14.fc44,x86_64,quassel,quassel-0.14.0-14.fc44.src.rpm,https://quassel-irc.org/,https://quassel-irc.org,Packages/q/quassel-core-0.14.0-14.fc44.x86_64.rpm,https://download.fedoraproject.org/pub/fedora/linux/releases/44/Everything/x86_64/os/Packages/q/quassel-core-0.14.0-14.fc44.x86_64.rpm,175d56ce436ea577691014e723b88746d555fb87837e722143e5d103babc4829,release
fedora,quota-nld,1:4.11-2.fc44,x86_64,quota,quota-4.11-2.fc44.src.rpm,http://sourceforge.net/projects/linuxquota/,https://sourceforge.net/projects/linuxquota,Packages/q/quota-nld-4.11-2.fc44.x86_64.rpm,https://download.fedoraproject.org/pub/fedora/linux/releases/44/Everything/x86_64/os/Packages/q/quota-nld-4.11-2.fc44.x86_64.rpm,1292c92eef5fdad6b97d3e0be4775e0b9b2fdc4b0b81d133081ddb4b3e542709,release
fedora,quota-rpc,1:4.11-2.fc44,x86_64,quota,quota-4.11-2.fc44.src.rpm,http://sourceforge.net/projects/linuxquota/,https://sourceforge.net/projects/linuxquota,Packages/q/quota-rpc-4.11-2.fc44.x86_64.rpm,https://download.fedoraproject.org/pub/fedora/linux/releases/44/Everything/x86_64/os/Packages/q/quota-rpc-4.11-2.fc44.x86_64.rpm,eb7cbbb55c1ccea9ceee30264868e22262583f7519bdf7f2f02a44c6e937990f,release
fedora,rabbitmq-server,4.2.9-2.fc44,x86_64,rabbitmq-server,rabbitmq-server-4.2.9-2.fc44.src.rpm,https://www.rabbitmq.com/,https://www.rabbitmq.com,Packages/r/rabbitmq-server-4.2.9-2.fc44.x86_64.rpm,https://download.fedoraproject.org/pub/fedora/linux/updates/44/Everything/x86_64/Packages/r/rabbitmq-server-4.2.9-2.fc44.x86_64.rpm,b9d2e35b8ad1302f88ead6ca1c986a790489325106aa94f86e318df90c1ca520,updates
fedora,radicale3,3.7.7-1.fc44,noarch,radicale,radicale-3.7.7-1.fc44.src.rpm,https://radicale.org,https://radicale.org,Packages/r/radicale3-3.7.7-1.fc44.noarch.rpm,https://download.fedoraproject.org/pub/fedora/linux/updates/44/Everything/x86_64/Packages/r/radicale3-3.7.7-1.fc44.noarch.rpm,1bce834fa19cc0be5ca72504d1c0978e8c4c1bf87c6270436b261a00436d444c,updates
fedora,radsecproxy,1.11.3-1.fc44,x86_64,radsecproxy,radsecproxy-1.11.3-1.fc44.src.rpm,https://radsecproxy.github.io/,https://radsecproxy.github.io,Packages/r/radsecproxy-1.11.3-1.fc44.x86_64.rpm,https://download.fedoraproject.org/pub/fedora/linux/updates/44/Everything/x86_64/Packages/r/radsecproxy-1.11.3-1.fc44.x86_64.rpm,012fe0a56d1e7a06c859f5c811131e7cf59ffe4d797c88ab72eaf899124033ca,updates
fedora,rbd-mirror,2:20.2.3-1.fc44,x86_64,ceph,ceph-20.2.3-1.fc44.src.rpm,http://ceph.com/,https://ceph.com,Packages/r/rbd-mirror-20.2.3-1.fc44.x86_64.rpm,https://download.fedoraproject.org/pub/fedora/linux/updates/44/Everything/x86_64/Packages/r/rbd-mirror-20.2.3-1.fc44.x86_64.rpm,edc8b5905b76cfc53f3f7b22f39ed2ce433a46e8c03babf725463e1c98df1fa8,updates
fedora,rdma-core,61.0-2.fc44,x86_64,rdma-core,rdma-core-61.0-2.fc44.src.rpm,https://github.com/linux-rdma/rdma-core,https://github.com/linux-rdma/rdma-core,Packages/r/rdma-core-61.0-2.fc44.x86_64.rpm,https://download.fedoraproject.org/pub/fedora/linux/releases/44/Everything/x86_64/os/Packages/r/rdma-core-61.0-2.fc44.x86_64.rpm,32abad44934b59f0532dd84587169ee8d0da8adff35a947cceb3a4006c217470,release
fedora,recoll,1.43.17-1.fc44,x86_64,recoll,recoll-1.43.17-1.fc44.src.rpm,https://www.recoll.org,https://www.recoll.org,Packages/r/recoll-1.43.17-1.fc44.x86_64.rpm,https://download.fedoraproject.org/pub/fedora/linux/updates/44/Everything/x86_64/Packages/r/recoll-1.43.17-1.fc44.x86_64.rpm,fa5e94c2177a567738cc5fa2dcb48a5a7a23015b9f8caecdff5ed1e6bc762e9d,updates
fedora,redict,7.3.6-1.fc44,x86_64,redict,redict-7.3.6-1.fc44.src.rpm,https://redict.io,https://redict.io,Packages/r/redict-7.3.6-1.fc44.x86_64.rpm,https://download.fedoraproject.org/pub/fedora/linux/updates/44/Everything/x86_64/Packages/r/redict-7.3.6-1.fc44.x86_64.rpm,4a2263c678557d6816560535e5eed2be07c5aba169e24eb00c631b81cbc9b2e5,updates
fedora,rmtfs,1.1.1-2.fc44,x86_64,rmtfs,rmtfs-1.1.1-2.fc44.src.rpm,https://github.com/linux-msm/rmtfs/,https://github.com/linux-msm/rmtfs,Packages/r/rmtfs-1.1.1-2.fc44.x86_64.rpm,https://download.fedoraproject.org/pub/fedora/linux/releases/44/Everything/x86_64/os/Packages/r/rmtfs-1.1.1-2.fc44.x86_64.rpm,5f94181c69b3c2d787f673715090a310e2087bdf0c3266184b54ba51fc20ac39,release
fedora,rng-tools,6.17-10.fc44,x86_64,rng-tools,rng-tools-6.17-10.fc44.src.rpm,https://github.com/nhorman/rng-tools,https://github.com/nhorman/rng-tools,Packages/r/rng-tools-6.17-10.fc44.x86_64.rpm,https://download.fedoraproject.org/pub/fedora/linux/updates/44/Everything/x86_64/Packages/r/rng-tools-6.17-10.fc44.x86_64.rpm,83609506e008ff7268bd090df3ef12637163d02eb73ff7cb17fa360211ef9219,updates
fedora,rpcbind,1.2.9-2.fc44,x86_64,rpcbind,rpcbind-1.2.9-2.fc44.src.rpm,https://sourceforge.net/projects/rpcbind,https://sourceforge.net/projects/rpcbind,Packages/r/rpcbind-1.2.9-2.fc44.x86_64.rpm,https://download.fedoraproject.org/pub/fedora/linux/updates/44/Everything/x86_64/Packages/r/rpcbind-1.2.9-2.fc44.x86_64.rpm,3ff3d812d6d2f491072d86512e0c90ba1da5f09d821e7b3c8d44742eed2ba1c3,updates
fedora,rrdtool,1.9.0-11.fc44,x86_64,rrdtool,rrdtool-1.9.0-11.fc44.src.rpm,https://oss.oetiker.ch/rrdtool/,https://oss.oetiker.ch/rrdtool,Packages/r/rrdtool-1.9.0-11.fc44.x86_64.rpm,https://download.fedoraproject.org/pub/fedora/linux/updates/44/Everything/x86_64/Packages/r/rrdtool-1.9.0-11.fc44.x86_64.rpm,52f894d4c231c254bd02c05bb60cb83c89ecacf6e044e420fe305f304874cbcf,updates
fedora,rsync-daemon,3.4.4-1.fc44,noarch,rsync,rsync-3.4.4-1.fc44.src.rpm,https://rsync.samba.org/,https://rsync.samba.org,Packages/r/rsync-daemon-3.4.4-1.fc44.noarch.rpm,https://download.fedoraproject.org/pub/fedora/linux/updates/44/Everything/x86_64/Packages/r/rsync-daemon-3.4.4-1.fc44.noarch.rpm,5be9bc86cfd727ea5aaeab24450ccadfb29c920e141e756653b783ef33bbf3b8,updates
fedora,rsyslog,8.2604.0-1.fc44,x86_64,rsyslog,rsyslog-8.2604.0-1.fc44.src.rpm,http://www.rsyslog.com/,https://www.rsyslog.com,Packages/r/rsyslog-8.2604.0-1.fc44.x86_64.rpm,https://download.fedoraproject.org/pub/fedora/linux/updates/44/Everything/x86_64/Packages/r/rsyslog-8.2604.0-1.fc44.x86_64.rpm,ebd6a38981572071b5b9c094fd4727d2bf3c84985896b72e3655a3425ef19ab1,updates
fedora,samba,2:4.24.5-1.fc44,x86_64,samba,samba-4.24.5-1.fc44.src.rpm,https://www.samba.org,https://www.samba.org,Packages/s/samba-4.24.5-1.fc44.x86_64.rpm,https://download.fedoraproject.org/pub/fedora/linux/updates/44/Everything/x86_64/Packages/s/samba-4.24.5-1.fc44.x86_64.rpm,5b6082d24eb064c2270a354574cbb2e8c25f19d081c728b7577f21f1c6cac963,updates
fedora,samba-dc,2:4.24.5-1.fc44,x86_64,samba,samba-4.24.5-1.fc44.src.rpm,https://www.samba.org,https://www.samba.org,Packages/s/samba-dc-4.24.5-1.fc44.x86_64.rpm,https://download.fedoraproject.org/pub/fedora/linux/updates/44/Everything/x86_64/Packages/s/samba-dc-4.24.5-1.fc44.x86_64.rpm,298fd0b6e388d4ea43ca458603aeb51a672b64d605bf4908c8c38307e311951a,updates
fedora,samba-winbind,2:4.24.5-1.fc44,x86_64,samba,samba-4.24.5-1.fc44.src.rpm,https://www.samba.org,https://www.samba.org,Packages/s/samba-winbind-4.24.5-1.fc44.x86_64.rpm,https://download.fedoraproject.org/pub/fedora/linux/updates/44/Everything/x86_64/Packages/s/samba-winbind-4.24.5-1.fc44.x86_64.rpm,8afe41288067d966692900d43ce4310edda2de8aad50fcb4e05c638c5b153589,updates
fedora,sane-backends-daemon,1.4.0-6.fc44,x86_64,sane-backends,sane-backends-1.4.0-6.fc44.src.rpm,http://www.sane-project.org,https://www.sane-project.org,Packages/s/sane-backends-daemon-1.4.0-6.fc44.x86_64.rpm,https://download.fedoraproject.org/pub/fedora/linux/releases/44/Everything/x86_64/os/Packages/s/sane-backends-daemon-1.4.0-6.fc44.x86_64.rpm,f377b12fb1d1e23cd2363016bed36a20216fa448da2052487ff9e3eaff3f96fd,release
fedora,sddm,0.21.0-13.fc44,x86_64,sddm,sddm-0.21.0-13.fc44.src.rpm,https://github.com/sddm/sddm,https://github.com/sddm/sddm,Packages/s/sddm-0.21.0-13.fc44.x86_64.rpm,https://download.fedoraproject.org/pub/fedora/linux/releases/44/Everything/x86_64/os/Packages/s/sddm-0.21.0-13.fc44.x86_64.rpm,b9c2bd188b30cccc23811dd5a6c7aa6a2335b7739e1e05dda693ee8d0b15ce3e,release
fedora,seatd,0.9.3-1.fc44,x86_64,seatd,seatd-0.9.3-1.fc44.src.rpm,https://sr.ht/~kennylevinsen/seatd/,https://sr.ht/~kennylevinsen/seatd,Packages/s/seatd-0.9.3-1.fc44.x86_64.rpm,https://download.fedoraproject.org/pub/fedora/linux/releases/44/Everything/x86_64/os/Packages/s/seatd-0.9.3-1.fc44.x86_64.rpm,4c7a92af1c86adc7a96af7bdb676806de6ef5e3194f65ac3be50b0428c9f2c0d,release
fedora,sendmail,8.18.2-4.fc44,x86_64,sendmail,sendmail-8.18.2-4.fc44.src.rpm,http://www.sendmail.org/,https://www.sendmail.org,Packages/s/sendmail-8.18.2-4.fc44.x86_64.rpm,https://download.fedoraproject.org/pub/fedora/linux/updates/44/Everything/x86_64/Packages/s/sendmail-8.18.2-4.fc44.x86_64.rpm,6ad862ae4ae51e840529c164906ff99c7c47796f2663aa5417b28b5a94d33aff,updates
fedora,ser2net,4.6.7-1.fc44,x86_64,ser2net,ser2net-4.6.7-1.fc44.src.rpm,https://github.com/cminyard/ser2net,https://github.com/cminyard/ser2net,Packages/s/ser2net-4.6.7-1.fc44.x86_64.rpm,https://download.fedoraproject.org/pub/fedora/linux/releases/44/Everything/x86_64/os/Packages/s/ser2net-4.6.7-1.fc44.x86_64.rpm,024bc9a78468ed7e435b9e1bb04e0d647bec9c17b838a4305aa8f68747ae963e,release
fedora,shairport-sync,4.3.7-3.fc44,x86_64,shairport-sync,shairport-sync-4.3.7-3.fc44.src.rpm,https://github.com/mikebrady/shairport-sync,https://github.com/mikebrady/shairport-sync,Packages/s/shairport-sync-4.3.7-3.fc44.x86_64.rpm,https://download.fedoraproject.org/pub/fedora/linux/releases/44/Everything/x86_64/os/Packages/s/shairport-sync-4.3.7-3.fc44.x86_64.rpm,6534efa587116d3b88f8d67bf9059b045cd9869e5122acd505631c29b51f5ff4,release
fedora,shellinabox,2.20-28.fc44,x86_64,shellinabox,shellinabox-2.20-28.fc44.src.rpm,https://github.com/shellinabox/shellinabox,https://github.com/shellinabox/shellinabox,Packages/s/shellinabox-2.20-28.fc44.x86_64.rpm,https://download.fedoraproject.org/pub/fedora/linux/releases/44/Everything/x86_64/os/Packages/s/shellinabox-2.20-28.fc44.x86_64.rpm,0459b3e5df556e0791ae59dfe7c6a399d66faf0a727fb25b1fee60fcf178aa6d,release
fedora,slim,1.4.0-16.fc44,x86_64,slim,slim-1.4.0-16.fc44.src.rpm,https://sourceforge.net/projects/slim-fork/,https://sourceforge.net/projects/slim-fork,Packages/s/slim-1.4.0-16.fc44.x86_64.rpm,https://download.fedoraproject.org/pub/fedora/linux/updates/44/Everything/x86_64/Packages/s/slim-1.4.0-16.fc44.x86_64.rpm,7d00c6959fcf2836950717c482f641226d7c8af142bc959c7d2bba11f1cbcdca,updates
fedora,slurm-slurmctld,24.05.2-6.fc44,x86_64,slurm,slurm-24.05.2-6.fc44.src.rpm,https://slurm.schedmd.com/,https://slurm.schedmd.com,Packages/s/slurm-slurmctld-24.05.2-6.fc44.x86_64.rpm,https://download.fedoraproject.org/pub/fedora/linux/releases/44/Everything/x86_64/os/Packages/s/slurm-slurmctld-24.05.2-6.fc44.x86_64.rpm,4f4b9b2aed642e124fd101b62b00ab47b4bf0654fe72d7f2ef2705b84668a421,release
fedora,slurm-slurmd,24.05.2-6.fc44,x86_64,slurm,slurm-24.05.2-6.fc44.src.rpm,https://slurm.schedmd.com/,https://slurm.schedmd.com,Packages/s/slurm-slurmd-24.05.2-6.fc44.x86_64.rpm,https://download.fedoraproject.org/pub/fedora/linux/releases/44/Everything/x86_64/os/Packages/s/slurm-slurmd-24.05.2-6.fc44.x86_64.rpm,0df1bf0953096bb874f2c88c03b743fbe29d5ec71362cc2bc2ea78503396f068,release
fedora,slurm-slurmdbd,24.05.2-6.fc44,x86_64,slurm,slurm-24.05.2-6.fc44.src.rpm,https://slurm.schedmd.com/,https://slurm.schedmd.com,Packages/s/slurm-slurmdbd-24.05.2-6.fc44.x86_64.rpm,https://download.fedoraproject.org/pub/fedora/linux/releases/44/Everything/x86_64/os/Packages/s/slurm-slurmdbd-24.05.2-6.fc44.x86_64.rpm,a62cd95ebf15c173e318ced4146bf1fe563ed8a3265188b4bc6c7e803f4ec1f5,release
fedora,slurm-slurmrestd,24.05.2-6.fc44,x86_64,slurm,slurm-24.05.2-6.fc44.src.rpm,https://slurm.schedmd.com/,https://slurm.schedmd.com,Packages/s/slurm-slurmrestd-24.05.2-6.fc44.x86_64.rpm,https://download.fedoraproject.org/pub/fedora/linux/releases/44/Everything/x86_64/os/Packages/s/slurm-slurmrestd-24.05.2-6.fc44.x86_64.rpm,8cbb4304ce22ef0432109330b4d3d96cb567bf744b767319f45aabc7ff6f6090,release
fedora,smartmontools,1:7.5-6.fc44,x86_64,smartmontools,smartmontools-7.5-6.fc44.src.rpm,https://www.smartmontools.org/,https://www.smartmontools.org,Packages/s/smartmontools-7.5-6.fc44.x86_64.rpm,https://download.fedoraproject.org/pub/fedora/linux/releases/44/Everything/x86_64/os/Packages/s/smartmontools-7.5-6.fc44.x86_64.rpm,8300e04f431dca64acbc77ac82694ae112dccca85baf7632469e6936eb14306e,release
fedora,smokeping,2.9.0-15.fc44,noarch,smokeping,smokeping-2.9.0-15.fc44.src.rpm,https://oss.oetiker.ch/smokeping/,https://oss.oetiker.ch/smokeping,Packages/s/smokeping-2.9.0-15.fc44.noarch.rpm,https://download.fedoraproject.org/pub/fedora/linux/releases/44/Everything/x86_64/os/Packages/s/smokeping-2.9.0-15.fc44.noarch.rpm,9bf8bbaa484dab6d86eac704ff8f57b350939dd92ef7c8805cc5251f8be52d1e,release
fedora,snapd,2.76-0.fc44,x86_64,snapd,snapd-2.76-0.fc44.src.rpm,https://github.com/snapcore/snapd,https://github.com/snapcore/snapd,Packages/s/snapd-2.76-0.fc44.x86_64.rpm,https://download.fedoraproject.org/pub/fedora/linux/updates/44/Everything/x86_64/Packages/s/snapd-2.76-0.fc44.x86_64.rpm,13c953160313f5d8f3f555e172f1f41fd459031cf95485e2107a351e727bc6c0,updates
fedora,snapper,0.13.0-3.fc44,x86_64,snapper,snapper-0.13.0-3.fc44.src.rpm,http://snapper.io,https://snapper.io,Packages/s/snapper-0.13.0-3.fc44.x86_64.rpm,https://download.fedoraproject.org/pub/fedora/linux/releases/44/Everything/x86_64/os/Packages/s/snapper-0.13.0-3.fc44.x86_64.rpm,a4c84fb184252551302da6694c7b82e7a4ed986ac5d610cc303ff427e7f2c0f5,release
fedora,snapper-backup,0.13.0-3.fc44,x86_64,snapper,snapper-0.13.0-3.fc44.src.rpm,http://snapper.io,https://snapper.io,Packages/s/snapper-backup-0.13.0-3.fc44.x86_64.rpm,https://download.fedoraproject.org/pub/fedora/linux/releases/44/Everything/x86_64/os/Packages/s/snapper-backup-0.13.0-3.fc44.x86_64.rpm,ae0db784d8c9b730b2f007b79131ed648744cd2a73bae665637361397add2df4,release
fedora,spacenavd,1.3.1-3.fc44,x86_64,spacenavd,spacenavd-1.3.1-3.fc44.src.rpm,http://spacenav.sourceforge.net/,https://spacenav.sourceforge.net,Packages/s/spacenavd-1.3.1-3.fc44.x86_64.rpm,https://download.fedoraproject.org/pub/fedora/linux/releases/44/Everything/x86_64/os/Packages/s/spacenavd-1.3.1-3.fc44.x86_64.rpm,5647acf02a371de85947525a427d62cfc89eb7b3dc219c58df88ceea7160d7ea,release
fedora,spamass-milter,0.4.0-32.fc44,x86_64,spamass-milter,spamass-milter-0.4.0-32.fc44.src.rpm,http://savannah.nongnu.org/projects/spamass-milt/,https://savannah.nongnu.org/projects/spamass-milt,Packages/s/spamass-milter-0.4.0-32.fc44.x86_64.rpm,https://download.fedoraproject.org/pub/fedora/linux/releases/44/Everything/x86_64/os/Packages/s/spamass-milter-0.4.0-32.fc44.x86_64.rpm,49888c2d0736a061c754bbff181e308428bf318fd2ce29fe1edfaa649bee6067,release
fedora,spamassassin,4.0.2-3.fc44,x86_64,spamassassin,spamassassin-4.0.2-3.fc44.src.rpm,https://spamassassin.apache.org/,https://spamassassin.apache.org,Packages/s/spamassassin-4.0.2-3.fc44.x86_64.rpm,https://download.fedoraproject.org/pub/fedora/linux/releases/44/Everything/x86_64/os/Packages/s/spamassassin-4.0.2-3.fc44.x86_64.rpm,7ec7cf49f9ace241ff771dcf0b0b72df7a5b2ad85712cae9c75ac628beb3cf73,release
fedora,speech-dispatcher,0.12.1-6.fc44,x86_64,speech-dispatcher,speech-dispatcher-0.12.1-6.fc44.src.rpm,http://devel.freebsoft.org/speechd,https://devel.freebsoft.org/speechd,Packages/s/speech-dispatcher-0.12.1-6.fc44.x86_64.rpm,https://download.fedoraproject.org/pub/fedora/linux/releases/44/Everything/x86_64/os/Packages/s/speech-dispatcher-0.12.1-6.fc44.x86_64.rpm,5be96200e422f1a89853a82690036cbe85b4f8dd6d42e99aad9e88a174778e8b,release
fedora,spice-webdavd,3.0-13.fc44,x86_64,phodav,phodav-3.0-13.fc44.src.rpm,https://wiki.gnome.org/phodav,https://wiki.gnome.org/phodav,Packages/s/spice-webdavd-3.0-13.fc44.x86_64.rpm,https://download.fedoraproject.org/pub/fedora/linux/releases/44/Everything/x86_64/os/Packages/s/spice-webdavd-3.0-13.fc44.x86_64.rpm,d7886a19d7060d87c3d0e8ba32ddb7c4e125bd3393589e922d56a1c0fc442764,release
fedora,sqlgrey,1.8.0-34.fc44,noarch,sqlgrey,sqlgrey-1.8.0-34.fc44.src.rpm,http://sqlgrey.sourceforge.net/,https://sqlgrey.sourceforge.net,Packages/s/sqlgrey-1.8.0-34.fc44.noarch.rpm,https://download.fedoraproject.org/pub/fedora/linux/releases/44/Everything/x86_64/os/Packages/s/sqlgrey-1.8.0-34.fc44.noarch.rpm,5ee73385941de1f77de82c3ee84419b07de307633e845073a918bf4cd93c2b3f,release
fedora,squid,7:7.6-1.fc44,x86_64,squid,squid-7.6-1.fc44.src.rpm,http://www.squid-cache.org,https://www.squid-cache.org,Packages/s/squid-7.6-1.fc44.x86_64.rpm,https://download.fedoraproject.org/pub/fedora/linux/updates/44/Everything/x86_64/Packages/s/squid-7.6-1.fc44.x86_64.rpm,df824ac1999a90a03e490a7c0770db215849566a8d189070112f54e906b43ee2,updates
fedora,srp_daemon,61.0-2.fc44,x86_64,rdma-core,rdma-core-61.0-2.fc44.src.rpm,https://github.com/linux-rdma/rdma-core,https://github.com/linux-rdma/rdma-core,Packages/s/srp_daemon-61.0-2.fc44.x86_64.rpm,https://download.fedoraproject.org/pub/fedora/linux/releases/44/Everything/x86_64/os/Packages/s/srp_daemon-61.0-2.fc44.x86_64.rpm,e0e682f1f69004fcdd3a10c6d56896785f919094fb94c2d91ab9305216430978,release
fedora,sshguard,2.5.1-3.fc44,x86_64,sshguard,sshguard-2.5.1-3.fc44.src.rpm,http://www.sshguard.net,https://www.sshguard.net,Packages/s/sshguard-2.5.1-3.fc44.x86_64.rpm,https://download.fedoraproject.org/pub/fedora/linux/releases/44/Everything/x86_64/os/Packages/s/sshguard-2.5.1-3.fc44.x86_64.rpm,19a30d730fd60d2f696d9b3282a25298dc9c9785aa296f75fd54640f49fdd148,release
fedora,sssd-common,2.13.1-2.fc44,x86_64,sssd,sssd-2.13.1-2.fc44.src.rpm,https://github.com/SSSD/sssd/,https://github.com/SSSD/sssd,Packages/s/sssd-common-2.13.1-2.fc44.x86_64.rpm,https://download.fedoraproject.org/pub/fedora/linux/updates/44/Everything/x86_64/Packages/s/sssd-common-2.13.1-2.fc44.x86_64.rpm,4643398532a58ee0508c4e5c7955e00f3fd6b345e0f615652ff99c8a81d605f5,updates
fedora,sssd-dbus,2.13.1-2.fc44,x86_64,sssd,sssd-2.13.1-2.fc44.src.rpm,https://github.com/SSSD/sssd/,https://github.com/SSSD/sssd,Packages/s/sssd-dbus-2.13.1-2.fc44.x86_64.rpm,https://download.fedoraproject.org/pub/fedora/linux/updates/44/Everything/x86_64/Packages/s/sssd-dbus-2.13.1-2.fc44.x86_64.rpm,b416d53198f6302dd6434037a4ea1cf08fc831498d71c16f3f16dd34e95f87b8,updates
fedora,sssd-kcm,2.13.1-2.fc44,x86_64,sssd,sssd-2.13.1-2.fc44.src.rpm,https://github.com/SSSD/sssd/,https://github.com/SSSD/sssd,Packages/s/sssd-kcm-2.13.1-2.fc44.x86_64.rpm,https://download.fedoraproject.org/pub/fedora/linux/updates/44/Everything/x86_64/Packages/s/sssd-kcm-2.13.1-2.fc44.x86_64.rpm,cc658ad596a5c20cc8cf927ad29bbc30d8fee0fb3f0a7a8a712744ce551ae033,updates
fedora,strongswan,6.0.7-1.fc44,x86_64,strongswan,strongswan-6.0.7-1.fc44.src.rpm,https://www.strongswan.org/,https://www.strongswan.org,Packages/s/strongswan-6.0.7-1.fc44.x86_64.rpm,https://download.fedoraproject.org/pub/fedora/linux/updates/44/Everything/x86_64/Packages/s/strongswan-6.0.7-1.fc44.x86_64.rpm,bf0771269a9f388dcf5a3f250e4ac523cc0cfe412615b102c7a420180b425cfd,updates
fedora,stunnel,5.78-1.fc44,x86_64,stunnel,stunnel-5.78-1.fc44.src.rpm,https://www.stunnel.org/,https://www.stunnel.org,Packages/s/stunnel-5.78-1.fc44.x86_64.rpm,https://download.fedoraproject.org/pub/fedora/linux/updates/44/Everything/x86_64/Packages/s/stunnel-5.78-1.fc44.x86_64.rpm,53acf0c177432ebe47337107c1b99dcb0c8437dc9bda3fa32e8356854abd336e,updates
fedora,subversion,1.14.5-26.fc44,x86_64,subversion,subversion-1.14.5-26.fc44.src.rpm,https://subversion.apache.org/,https://subversion.apache.org,Packages/s/subversion-1.14.5-26.fc44.x86_64.rpm,https://download.fedoraproject.org/pub/fedora/linux/releases/44/Everything/x86_64/os/Packages/s/subversion-1.14.5-26.fc44.x86_64.rpm,870d6c628a41a0746329c2b28caabc26bc684923e59f35c8c3f0b4e6fefba5ea,release
fedora,supervisor,4.3.0-1.fc44,noarch,supervisor,supervisor-4.3.0-1.fc44.src.rpm,http://supervisord.org,https://supervisord.org,Packages/s/supervisor-4.3.0-1.fc44.noarch.rpm,https://download.fedoraproject.org/pub/fedora/linux/updates/44/Everything/x86_64/Packages/s/supervisor-4.3.0-1.fc44.noarch.rpm,226e7102dad7dda328b3a88ceb39244ae638e91b15bf04674a9a8c91de3ed7dd,updates
fedora,suricata,8.0.5-1.fc44,x86_64,suricata,suricata-8.0.5-1.fc44.src.rpm,https://suricata.io/,https://suricata.io,Packages/s/suricata-8.0.5-1.fc44.x86_64.rpm,https://download.fedoraproject.org/pub/fedora/linux/updates/44/Everything/x86_64/Packages/s/suricata-8.0.5-1.fc44.x86_64.rpm,c2542c6496408fb70bbd1072533243d3ecce5244a7180990c1b4ab2426ac6eed,updates
fedora,svxlink-reflector,1:1.2.0-7.fc43,x86_64,svxlink,svxlink-24.02-7.fc43.src.rpm,http://www.svxlink.org,https://www.svxlink.org,Packages/s/svxlink-reflector-1.2.0-7.fc43.x86_64.rpm,https://download.fedoraproject.org/pub/fedora/linux/releases/44/Everything/x86_64/os/Packages/s/svxlink-reflector-1.2.0-7.fc43.x86_64.rpm,2b321a0cd6bff71d15a737cc57b880cb5665a6fb71fa0d49790a37342d5ad9dc,release
fedora,svxlink-server,1:1.8.0-7.fc43,x86_64,svxlink,svxlink-24.02-7.fc43.src.rpm,http://www.svxlink.org,https://www.svxlink.org,Packages/s/svxlink-server-1.8.0-7.fc43.x86_64.rpm,https://download.fedoraproject.org/pub/fedora/linux/releases/44/Everything/x86_64/os/Packages/s/svxlink-server-1.8.0-7.fc43.x86_64.rpm,136bafc992417ad97f9ee22f09b5ae713e721e0855ad28abfcd6f75782f064be,release
fedora,switcheroo-control,3.0-5.fc44,x86_64,switcheroo-control,switcheroo-control-3.0-5.fc44.src.rpm,https://gitlab.freedesktop.org/hadess/switcheroo-control/,https://gitlab.freedesktop.org/hadess/switcheroo-control,Packages/s/switcheroo-control-3.0-5.fc44.x86_64.rpm,https://download.fedoraproject.org/pub/fedora/linux/releases/44/Everything/x86_64/os/Packages/s/switcheroo-control-3.0-5.fc44.x86_64.rpm,84fb0de084a81183cc9b8870ebea793288d62deed70743b20639fc0b0fbb9e19,release
fedora,sysrepo-plugind,3.7.11-2.fc44,x86_64,sysrepo,sysrepo-3.7.11-2.fc44.src.rpm,https://github.com/sysrepo/sysrepo,https://github.com/sysrepo/sysrepo,Packages/s/sysrepo-plugind-3.7.11-2.fc44.x86_64.rpm,https://download.fedoraproject.org/pub/fedora/linux/releases/44/Everything/x86_64/os/Packages/s/sysrepo-plugind-3.7.11-2.fc44.x86_64.rpm,e0eafa9d33eb09bb35896ca809b880655aad0d595b49d971bf8168594e43ebbe,release
fedora,sysstat,12.7.9-2.fc44,x86_64,sysstat,sysstat-12.7.9-2.fc44.src.rpm,https://sysstat.github.io,https://sysstat.github.io,Packages/s/sysstat-12.7.9-2.fc44.x86_64.rpm,https://download.fedoraproject.org/pub/fedora/linux/releases/44/Everything/x86_64/os/Packages/s/sysstat-12.7.9-2.fc44.x86_64.rpm,79dc1ef1b828ceefa885f07ab4926facfaf9071d17700c4f07d3054c7a2d5fe0,release
fedora,system-config-printer-udev,1.5.18-17.fc44,x86_64,system-config-printer,system-config-printer-1.5.18-17.fc44.src.rpm,https://github.com/OpenPrinting/system-config-printer,https://github.com/OpenPrinting/system-config-printer,Packages/s/system-config-printer-udev-1.5.18-17.fc44.x86_64.rpm,https://download.fedoraproject.org/pub/fedora/linux/releases/44/Everything/x86_64/os/Packages/s/system-config-printer-udev-1.5.18-17.fc44.x86_64.rpm,bedf45fe4be297ded949e76791518f9192806b4e15d5b7aa39061eb1c37607c9,release
fedora,systemd,259.8-1.fc44,x86_64,systemd,systemd-259.8-1.fc44.src.rpm,https://systemd.io,https://systemd.io,Packages/s/systemd-259.8-1.fc44.x86_64.rpm,https://download.fedoraproject.org/pub/fedora/linux/updates/44/Everything/x86_64/Packages/s/systemd-259.8-1.fc44.x86_64.rpm,e74bf8412013be3b1c25bbcaa6acb99413488d828ac8a1a7edd3db9f63e6b4cf,updates
fedora,systemd-bootchart,235-4.fc44,x86_64,systemd-bootchart,systemd-bootchart-235-4.fc44.src.rpm,https://github.com/systemd/systemd-bootchart,https://github.com/systemd/systemd-bootchart,Packages/s/systemd-bootchart-235-4.fc44.x86_64.rpm,https://download.fedoraproject.org/pub/fedora/linux/releases/44/Everything/x86_64/os/Packages/s/systemd-bootchart-235-4.fc44.x86_64.rpm,8fea8ad8a9a4ea6275cef0d735200b46e25d785f07858c3e738eb11eb80173de,release
fedora,systemd-container,259.8-1.fc44,x86_64,systemd,systemd-259.8-1.fc44.src.rpm,https://systemd.io,https://systemd.io,Packages/s/systemd-container-259.8-1.fc44.x86_64.rpm,https://download.fedoraproject.org/pub/fedora/linux/updates/44/Everything/x86_64/Packages/s/systemd-container-259.8-1.fc44.x86_64.rpm,7ebce57e4b5cc4a39faadba1cfd2d9dd989b19799699294b6b23042d73bce3a9,updates
fedora,systemd-journal-remote,259.8-1.fc44,x86_64,systemd,systemd-259.8-1.fc44.src.rpm,https://systemd.io,https://systemd.io,Packages/s/systemd-journal-remote-259.8-1.fc44.x86_64.rpm,https://download.fedoraproject.org/pub/fedora/linux/updates/44/Everything/x86_64/Packages/s/systemd-journal-remote-259.8-1.fc44.x86_64.rpm,d8b33dda201694618ae8bad40ef1834d182685c32265bae907229004052d6797,updates
fedora,systemd-networkd,259.8-1.fc44,x86_64,systemd,systemd-259.8-1.fc44.src.rpm,https://systemd.io,https://systemd.io,Packages/s/systemd-networkd-259.8-1.fc44.x86_64.rpm,https://download.fedoraproject.org/pub/fedora/linux/updates/44/Everything/x86_64/Packages/s/systemd-networkd-259.8-1.fc44.x86_64.rpm,903d05e68423d318ec55c81be95091af4bd20dc195a826bb2691b51d23163512,updates
fedora,systemd-resolved,259.8-1.fc44,x86_64,systemd,systemd-259.8-1.fc44.src.rpm,https://systemd.io,https://systemd.io,Packages/s/systemd-resolved-259.8-1.fc44.x86_64.rpm,https://download.fedoraproject.org/pub/fedora/linux/updates/44/Everything/x86_64/Packages/s/systemd-resolved-259.8-1.fc44.x86_64.rpm,7a6298516f9f8b2e06f03b4ae9657f6d5e294b8e369893c151726b4a32efca4a,updates
fedora,systemd-udev,259.8-1.fc44,x86_64,systemd,systemd-259.8-1.fc44.src.rpm,https://systemd.io,https://systemd.io,Packages/s/systemd-udev-259.8-1.fc44.x86_64.rpm,https://download.fedoraproject.org/pub/fedora/linux/updates/44/Everything/x86_64/Packages/s/systemd-udev-259.8-1.fc44.x86_64.rpm,18d8b8c0dc65f5874745fc51209a14e0267583f6285f61a05c23947abc5e9477,updates
fedora,systemtap-exporter,5.5-1.fc44,x86_64,systemtap,systemtap-5.5-1.fc44.src.rpm,https://sourceware.org/systemtap/,https://sourceware.org/systemtap,Packages/s/systemtap-exporter-5.5-1.fc44.x86_64.rpm,https://download.fedoraproject.org/pub/fedora/linux/updates/44/Everything/x86_64/Packages/s/systemtap-exporter-5.5-1.fc44.x86_64.rpm,dafb0155d85f60c5869e41543494d0af0a550f65fbe068bdcf0a0c4001932ec9,updates
fedora,systemtap-initscript,5.5-1.fc44,x86_64,systemtap,systemtap-5.5-1.fc44.src.rpm,https://sourceware.org/systemtap/,https://sourceware.org/systemtap,Packages/s/systemtap-initscript-5.5-1.fc44.x86_64.rpm,https://download.fedoraproject.org/pub/fedora/linux/updates/44/Everything/x86_64/Packages/s/systemtap-initscript-5.5-1.fc44.x86_64.rpm,374d2f9fa893a1822812404a510882458ec570faaf420e687719bc1eae52248c,updates
fedora,systemtap-runtime-virtguest,5.5-1.fc44,x86_64,systemtap,systemtap-5.5-1.fc44.src.rpm,https://sourceware.org/systemtap/,https://sourceware.org/systemtap,Packages/s/systemtap-runtime-virtguest-5.5-1.fc44.x86_64.rpm,https://download.fedoraproject.org/pub/fedora/linux/updates/44/Everything/x86_64/Packages/s/systemtap-runtime-virtguest-5.5-1.fc44.x86_64.rpm,6b9e5740aeeafa8af6b1652541d2a29164355fcf715353cae9c366ee39672299,updates
fedora,systemtap-server,5.5-1.fc44,x86_64,systemtap,systemtap-5.5-1.fc44.src.rpm,https://sourceware.org/systemtap/,https://sourceware.org/systemtap,Packages/s/systemtap-server-5.5-1.fc44.x86_64.rpm,https://download.fedoraproject.org/pub/fedora/linux/updates/44/Everything/x86_64/Packages/s/systemtap-server-5.5-1.fc44.x86_64.rpm,53dc965e6914e5a29c9661f81a551a393e5215a24d231945ba619fcd89d6b977,updates
fedora,tang,15-11.fc44,x86_64,tang,tang-15-11.fc44.src.rpm,https://github.com/latchset/tang,https://github.com/latchset/tang,Packages/t/tang-15-11.fc44.x86_64.rpm,https://download.fedoraproject.org/pub/fedora/linux/releases/44/Everything/x86_64/os/Packages/t/tang-15-11.fc44.x86_64.rpm,ce5c5bb80d3aed18939866909c38fe85bba39cd8e4a41adf5759d817c6836562,release
fedora,target-restore,2.2.4-1.fc44,noarch,python-rtslib,python-rtslib-2.2.4-1.fc44.src.rpm,https://github.com/open-iscsi/rtslib-fb,https://github.com/open-iscsi/rtslib-fb,Packages/t/target-restore-2.2.4-1.fc44.noarch.rpm,https://download.fedoraproject.org/pub/fedora/linux/updates/44/Everything/x86_64/Packages/t/target-restore-2.2.4-1.fc44.noarch.rpm,724fbf2ac2727ab5be9c32c84dc832b51a6a2fa50a72b776d26f56331dedd63e,updates
fedora,targetcli,3.0.1-5.fc44,noarch,targetcli,targetcli-3.0.1-5.fc44.src.rpm,https://github.com/open-iscsi/targetcli-fb,https://github.com/open-iscsi/targetcli-fb,Packages/t/targetcli-3.0.1-5.fc44.noarch.rpm,https://download.fedoraproject.org/pub/fedora/linux/releases/44/Everything/x86_64/os/Packages/t/targetcli-3.0.1-5.fc44.noarch.rpm,ed7ca175680c0ba3e99f19e34cdae0f7c1735384efc639bacf39c3c5d3ed010b,release
fedora,tcmu-runner,1.5.4-14.fc44,x86_64,tcmu-runner,tcmu-runner-1.5.4-14.fc44.src.rpm,https://github.com/open-iscsi/tcmu-runner,https://github.com/open-iscsi/tcmu-runner,Packages/t/tcmu-runner-1.5.4-14.fc44.x86_64.rpm,https://download.fedoraproject.org/pub/fedora/linux/releases/44/Everything/x86_64/os/Packages/t/tcmu-runner-1.5.4-14.fc44.x86_64.rpm,afe8943c8fa1419475e674859275e894f17ed86235e2c808395e73543084f259,release
fedora,teeworlds-server,0.7.5-19.fc43,x86_64,teeworlds,teeworlds-0.7.5-19.fc43.src.rpm,https://www.teeworlds.com/,https://www.teeworlds.com,Packages/t/teeworlds-server-0.7.5-19.fc43.x86_64.rpm,https://download.fedoraproject.org/pub/fedora/linux/releases/44/Everything/x86_64/os/Packages/t/teeworlds-server-0.7.5-19.fc43.x86_64.rpm,8c8d0ea585849220a952efd020d80b1138e62cd36e708217dfcfab1f2536e0a7,release
fedora,tetrinetx,1.13.16-43.fc43,x86_64,tetrinetx,tetrinetx-1.13.16-43.fc43.src.rpm,http://tetrinetx.sourceforge.net/,https://tetrinetx.sourceforge.net,Packages/t/tetrinetx-1.13.16-43.fc43.x86_64.rpm,https://download.fedoraproject.org/pub/fedora/linux/releases/44/Everything/x86_64/os/Packages/t/tetrinetx-1.13.16-43.fc43.x86_64.rpm,31083ec30dc07a52a571a0f12191c4604f657fa1f3118dd5022171bcb4ee08ce,release
fedora,thermald,2.5.12-1.fc44,x86_64,thermald,thermald-2.5.12-1.fc44.src.rpm,https://github.com/intel/thermal_daemon,https://github.com/intel/thermal_daemon,Packages/t/thermald-2.5.12-1.fc44.x86_64.rpm,https://download.fedoraproject.org/pub/fedora/linux/updates/44/Everything/x86_64/Packages/t/thermald-2.5.12-1.fc44.x86_64.rpm,69f82477dd2d01bae6c3c4539b9c63b31384be8a85ac7592627a7ce6839b39b5,updates
fedora,thinkfan,2.0.0-3.fc44,x86_64,thinkfan,thinkfan-2.0.0-3.fc44.src.rpm,https://github.com/vmatare/thinkfan,https://github.com/vmatare/thinkfan,Packages/t/thinkfan-2.0.0-3.fc44.x86_64.rpm,https://download.fedoraproject.org/pub/fedora/linux/releases/44/Everything/x86_64/os/Packages/t/thinkfan-2.0.0-3.fc44.x86_64.rpm,0368a9ce6c3536fac4957dfa5133741425cb4fe46a15c5f378a56462ddfb5672,release
fedora,tinc,1.0.36-17.fc44,x86_64,tinc,tinc-1.0.36-17.fc44.src.rpm,http://www.tinc-vpn.org/,https://www.tinc-vpn.org,Packages/t/tinc-1.0.36-17.fc44.x86_64.rpm,https://download.fedoraproject.org/pub/fedora/linux/releases/44/Everything/x86_64/os/Packages/t/tinc-1.0.36-17.fc44.x86_64.rpm,db23180a4f8408168d120c191697d4ec6b09a9835c4fc68c54ddd1294fca4ccc,release
fedora,tinyproxy,1.11.2-8.fc44,x86_64,tinyproxy,tinyproxy-1.11.2-8.fc44.src.rpm,https://tinyproxy.github.io/,https://tinyproxy.github.io,Packages/t/tinyproxy-1.11.2-8.fc44.x86_64.rpm,https://download.fedoraproject.org/pub/fedora/linux/updates/44/Everything/x86_64/Packages/t/tinyproxy-1.11.2-8.fc44.x86_64.rpm,5395b5132e6a2eb4340d54885b4b016c0d7d469b9d424c3cd2e6c8c0a6d222d3,updates
fedora,tlp,1.10.1-1.fc44,noarch,tlp,tlp-1.10.1-1.fc44.src.rpm,https://linrunner.de/tlp,https://linrunner.de/tlp,Packages/t/tlp-1.10.1-1.fc44.noarch.rpm,https://download.fedoraproject.org/pub/fedora/linux/updates/44/Everything/x86_64/Packages/t/tlp-1.10.1-1.fc44.noarch.rpm,e34ece632165e34a254785d99fa44aec204fac4fa6aaf0cfa232e8a3c3108b04,updates
fedora,tlp-pd,1.10.1-1.fc44,noarch,tlp,tlp-1.10.1-1.fc44.src.rpm,https://linrunner.de/tlp,https://linrunner.de/tlp,Packages/t/tlp-pd-1.10.1-1.fc44.noarch.rpm,https://download.fedoraproject.org/pub/fedora/linux/updates/44/Everything/x86_64/Packages/t/tlp-pd-1.10.1-1.fc44.noarch.rpm,ac4938e6b42369b429f84dcc4574d974def3c57bc88640210b304d3f4aa69768,updates
fedora,tntnet,1:3.0-15.fc44,x86_64,tntnet,tntnet-3.0-15.fc44.src.rpm,http://www.tntnet.org/,https://www.tntnet.org,Packages/t/tntnet-3.0-15.fc44.x86_64.rpm,https://download.fedoraproject.org/pub/fedora/linux/releases/44/Everything/x86_64/os/Packages/t/tntnet-3.0-15.fc44.x86_64.rpm,9b4cf2745ff5a04660bf7f1df3076a94bd512ba030063da79a46bd36058c9ce4,release
fedora,tomcat,1:10.1.57-1.fc44,noarch,tomcat,tomcat-10.1.57-1.fc44.src.rpm,http://tomcat.apache.org/,https://tomcat.apache.org,Packages/t/tomcat-10.1.57-1.fc44.noarch.rpm,https://download.fedoraproject.org/pub/fedora/linux/updates/44/Everything/x86_64/Packages/t/tomcat-10.1.57-1.fc44.noarch.rpm,e8ec16009266bdb92b89adad44dfd28fe8112d9e68639cb27abc0e78f8f1c326,updates
fedora,tor,0.4.9.11-1.fc44,x86_64,tor,tor-0.4.9.11-1.fc44.src.rpm,https://www.torproject.org,https://www.torproject.org,Packages/t/tor-0.4.9.11-1.fc44.x86_64.rpm,https://download.fedoraproject.org/pub/fedora/linux/updates/44/Everything/x86_64/Packages/t/tor-0.4.9.11-1.fc44.x86_64.rpm,db2d3b875ef166177eb6390870162bc517557705b101519c067b6c7c3573c625,updates
fedora,touchegg,2.0.18-4.fc44,x86_64,touchegg,touchegg-2.0.18-4.fc44.src.rpm,https://github.com/JoseExposito/touchegg,https://github.com/JoseExposito/touchegg,Packages/t/touchegg-2.0.18-4.fc44.x86_64.rpm,https://download.fedoraproject.org/pub/fedora/linux/releases/44/Everything/x86_64/os/Packages/t/touchegg-2.0.18-4.fc44.x86_64.rpm,d89fae69a0f182524832eadd79dfee252eb356f6ab1c55d8b43bdcb682feda5b,release
fedora,tpm2-abrmd,3.0.0-9.fc44,x86_64,tpm2-abrmd,tpm2-abrmd-3.0.0-9.fc44.src.rpm,https://github.com/tpm2-software/tpm2-abrmd,https://github.com/tpm2-software/tpm2-abrmd,Packages/t/tpm2-abrmd-3.0.0-9.fc44.x86_64.rpm,https://download.fedoraproject.org/pub/fedora/linux/releases/44/Everything/x86_64/os/Packages/t/tpm2-abrmd-3.0.0-9.fc44.x86_64.rpm,10495a5e794901441562fa95bf22770e23f2db10c2c47d1493664b1b9e016467,release
fedora,tqftpserv,1.1.1-3.fc44,x86_64,tqftpserv,tqftpserv-1.1.1-3.fc44.src.rpm,https://github.com/linux-msm/tqftpserv,https://github.com/linux-msm/tqftpserv,Packages/t/tqftpserv-1.1.1-3.fc44.x86_64.rpm,https://download.fedoraproject.org/pub/fedora/linux/releases/44/Everything/x86_64/os/Packages/t/tqftpserv-1.1.1-3.fc44.x86_64.rpm,a0a7212f05896f28a689bfacbada950f2fb69e6efeaf9b3fa1a673c314f65bbb,release
fedora,transmission-daemon,4.1.3-1.fc44,x86_64,transmission,transmission-4.1.3-1.fc44.src.rpm,http://www.transmissionbt.com,https://www.transmissionbt.com,Packages/t/transmission-daemon-4.1.3-1.fc44.x86_64.rpm,https://download.fedoraproject.org/pub/fedora/linux/updates/44/Everything/x86_64/Packages/t/transmission-daemon-4.1.3-1.fc44.x86_64.rpm,5bc893dac5dcd520a3dedc2f6edf3fc11465713ee15f3310fcf4c855c81e49f4,updates
fedora,trojan,1.16.0-30.fc44,x86_64,trojan,trojan-1.16.0-30.fc44.src.rpm,https://github.com/trojan-gfw/trojan,https://github.com/trojan-gfw/trojan,Packages/t/trojan-1.16.0-30.fc44.x86_64.rpm,https://download.fedoraproject.org/pub/fedora/linux/releases/44/Everything/x86_64/os/Packages/t/trojan-1.16.0-30.fc44.x86_64.rpm,834dd4f90e66c301256d2d96c3b4454038089eda5e637f5198c2dc2d06260a33,release
fedora,trousers,0.3.15-17.fc44,x86_64,trousers,trousers-0.3.15-17.fc44.src.rpm,http://trousers.sourceforge.net,https://trousers.sourceforge.net,Packages/t/trousers-0.3.15-17.fc44.x86_64.rpm,https://download.fedoraproject.org/pub/fedora/linux/releases/44/Everything/x86_64/os/Packages/t/trousers-0.3.15-17.fc44.x86_64.rpm,33108735851d4b67c475ee1adc5c982f8001fa7fd9ae814b9bf78615fe353fa6,release
fedora,tuptime,5.2.6-1.fc44,noarch,tuptime,tuptime-5.2.6-1.fc44.src.rpm,https://github.com/rfmoz/tuptime/,https://github.com/rfmoz/tuptime,Packages/t/tuptime-5.2.6-1.fc44.noarch.rpm,https://download.fedoraproject.org/pub/fedora/linux/updates/44/Everything/x86_64/Packages/t/tuptime-5.2.6-1.fc44.noarch.rpm,1e4532ade45080c0853788a44ab9d3d8c1584c6e09d58eebf4141f5d903dc404,updates
fedora,udisks,1.0.5-31.fc44,x86_64,udisks,udisks-1.0.5-31.fc44.src.rpm,http://www.freedesktop.org/wiki/Software/udisks,https://www.freedesktop.org/wiki/Software/udisks,Packages/u/udisks-1.0.5-31.fc44.x86_64.rpm,https://download.fedoraproject.org/pub/fedora/linux/releases/44/Everything/x86_64/os/Packages/u/udisks-1.0.5-31.fc44.x86_64.rpm,c0429ac137aa96be295de26ec134530e6d7386e51ed17bc911cb047c437f5439,release
fedora,udpxy,1.0.25.1-8.fc44,x86_64,udpxy,udpxy-1.0.25.1-8.fc44.src.rpm,https://github.com/pcherenkov/udpxy,https://github.com/pcherenkov/udpxy,Packages/u/udpxy-1.0.25.1-8.fc44.x86_64.rpm,https://download.fedoraproject.org/pub/fedora/linux/releases/44/Everything/x86_64/os/Packages/u/udpxy-1.0.25.1-8.fc44.x86_64.rpm,42f51fdc10582ac019ab40967c20778ae76a959105e0576194e672d0ebe4581a,release
fedora,ufw,0.35-39.fc44,noarch,ufw,ufw-0.35-39.fc44.src.rpm,https://launchpad.net/ufw,https://launchpad.net/ufw,Packages/u/ufw-0.35-39.fc44.noarch.rpm,https://download.fedoraproject.org/pub/fedora/linux/releases/44/Everything/x86_64/os/Packages/u/ufw-0.35-39.fc44.noarch.rpm,10f44fb2ab7d4517ee93f11c13b5a8eea41efe99ff433346eb45ca8e442275a1,release
fedora,unrealircd,6.1.10-3.fc44,x86_64,unrealircd,unrealircd-6.1.10-3.fc44.src.rpm,https://www.unrealircd.org/,https://www.unrealircd.org,Packages/u/unrealircd-6.1.10-3.fc44.x86_64.rpm,https://download.fedoraproject.org/pub/fedora/linux/releases/44/Everything/x86_64/os/Packages/u/unrealircd-6.1.10-3.fc44.x86_64.rpm,faea7820b758dc1e0dad3008ece48a6ea529c003d6e91e1c082f2f19b2cffc09,release
fedora,up-imapproxy,1.2.8-0.34.20250101svn15036.fc44,x86_64,up-imapproxy,up-imapproxy-1.2.8-0.34.20250101svn15036.fc44.src.rpm,http://www.imapproxy.org,https://www.imapproxy.org,Packages/u/up-imapproxy-1.2.8-0.34.20250101svn15036.fc44.x86_64.rpm,https://download.fedoraproject.org/pub/fedora/linux/releases/44/Everything/x86_64/os/Packages/u/up-imapproxy-1.2.8-0.34.20250101svn15036.fc44.x86_64.rpm,e3a72a483bfbc2abba48dd20601f93c4ab59aa9d81b886bd21c87d40cc454dd0,release
fedora,upower,1.91.3-1.fc44,x86_64,upower,upower-1.91.3-1.fc44.src.rpm,https://upower.freedesktop.org/,https://upower.freedesktop.org,Packages/u/upower-1.91.3-1.fc44.x86_64.rpm,https://download.fedoraproject.org/pub/fedora/linux/updates/44/Everything/x86_64/Packages/u/upower-1.91.3-1.fc44.x86_64.rpm,6656626c5aca4f2827f4003a0d3dbafa879f33ad0ac9e0788b15f8a920236933,updates
fedora,uptimed,0.4.7-4.fc44,x86_64,uptimed,uptimed-0.4.7-4.fc44.src.rpm,https://github.com/rpodgorny/uptimed/,https://github.com/rpodgorny/uptimed,Packages/u/uptimed-0.4.7-4.fc44.x86_64.rpm,https://download.fedoraproject.org/pub/fedora/linux/releases/44/Everything/x86_64/os/Packages/u/uptimed-0.4.7-4.fc44.x86_64.rpm,7ba9a3379da45e720d0147db122e5e9268edf7b4284d984d77cd838bb7911202,release
fedora,usb_modeswitch,2.6.2-5.fc44,x86_64,usb_modeswitch,usb_modeswitch-2.6.2-5.fc44.src.rpm,http://www.draisberghof.de/usb_modeswitch/,https://www.draisberghof.de/usb_modeswitch,Packages/u/usb_modeswitch-2.6.2-5.fc44.x86_64.rpm,https://download.fedoraproject.org/pub/fedora/linux/releases/44/Everything/x86_64/os/Packages/u/usb_modeswitch-2.6.2-5.fc44.x86_64.rpm,b79962591dc8bfdc988d94b116782342691ed42a1179d1737682b8b15635876a,release
fedora,usbguard,1.1.4-1.fc44,x86_64,usbguard,usbguard-1.1.4-1.fc44.src.rpm,https://usbguard.github.io/,https://usbguard.github.io,Packages/u/usbguard-1.1.4-1.fc44.x86_64.rpm,https://download.fedoraproject.org/pub/fedora/linux/updates/44/Everything/x86_64/Packages/u/usbguard-1.1.4-1.fc44.x86_64.rpm,e266a56ca96a804c0df01621ee9b282ac22effe23c96d7aa6550edc6b59a7e4d,updates
fedora,usbguard-dbus,1.1.4-1.fc44,x86_64,usbguard,usbguard-1.1.4-1.fc44.src.rpm,https://usbguard.github.io/,https://usbguard.github.io,Packages/u/usbguard-dbus-1.1.4-1.fc44.x86_64.rpm,https://download.fedoraproject.org/pub/fedora/linux/updates/44/Everything/x86_64/Packages/u/usbguard-dbus-1.1.4-1.fc44.x86_64.rpm,2cba9cbbe5f1bbbd99c84133bf836471b73501034c0559f44da145d8b502592b,updates
fedora,usbip,5.7.9-14.fc44,x86_64,usbip,usbip-5.7.9-14.fc44.src.rpm,https://www.kernel.org,https://www.kernel.org,Packages/u/usbip-5.7.9-14.fc44.x86_64.rpm,https://download.fedoraproject.org/pub/fedora/linux/releases/44/Everything/x86_64/os/Packages/u/usbip-5.7.9-14.fc44.x86_64.rpm,d483d6966de912ae193c732e5d27d4a5ac4ca3009359d8caf8ed09e02da6c1e0,release
fedora,usbrelay-mqtt,1.2.1-12.fc44,noarch,usbrelay,usbrelay-1.2.1-12.fc44.src.rpm,https://github.com/darrylb123/usbrelay,https://github.com/darrylb123/usbrelay,Packages/u/usbrelay-mqtt-1.2.1-12.fc44.noarch.rpm,https://download.fedoraproject.org/pub/fedora/linux/releases/44/Everything/x86_64/os/Packages/u/usbrelay-mqtt-1.2.1-12.fc44.noarch.rpm,7584846b9d15cd0efe72ff2769ed4ffeefa045b766cd1df220eefbdcbf04a79c,release
fedora,valkey,9.0.5-1.fc44,x86_64,valkey,valkey-9.0.5-1.fc44.src.rpm,https://valkey.io,https://valkey.io,Packages/v/valkey-9.0.5-1.fc44.x86_64.rpm,https://download.fedoraproject.org/pub/fedora/linux/updates/44/Everything/x86_64/Packages/v/valkey-9.0.5-1.fc44.x86_64.rpm,6b433aae13894c9539cbfb79de65855f013457ac8799c5b4c0e878bfc4a9f2db,updates
fedora,valkey-compat-redis,9.0.5-1.fc44,noarch,valkey,valkey-9.0.5-1.fc44.src.rpm,https://valkey.io,https://valkey.io,Packages/v/valkey-compat-redis-9.0.5-1.fc44.noarch.rpm,https://download.fedoraproject.org/pub/fedora/linux/updates/44/Everything/x86_64/Packages/v/valkey-compat-redis-9.0.5-1.fc44.noarch.rpm,cb25a40d309a9d42cb31ce7471e4ce07bef26ebaa0d2e16703d4399dab895c65,updates
fedora,varnish,8.0.2-1.fc44,x86_64,varnish,varnish-8.0.2-1.fc44.src.rpm,https://www.varnish-cache.org/,https://www.varnish-cache.org,Packages/v/varnish-8.0.2-1.fc44.x86_64.rpm,https://download.fedoraproject.org/pub/fedora/linux/updates/44/Everything/x86_64/Packages/v/varnish-8.0.2-1.fc44.x86_64.rpm,07ac933858e8975e506d73810826aa2cd3169ad11b69cd6509fb41375609b560,updates
fedora,vaultwarden,1.36.0-1.fc44,x86_64,vaultwarden,vaultwarden-1.36.0-1.fc44.src.rpm,https://github.com/dani-garcia/vaultwarden,https://github.com/dani-garcia/vaultwarden,Packages/v/vaultwarden-1.36.0-1.fc44.x86_64.rpm,https://download.fedoraproject.org/pub/fedora/linux/updates/44/Everything/x86_64/Packages/v/vaultwarden-1.36.0-1.fc44.x86_64.rpm,28a234491edef41e6b6682dfe5df9ea0773360e2e411e24b9731c2c0a226ca1a,updates
fedora,vdr,2.8.1-1.fc44,x86_64,vdr,vdr-2.8.1-1.fc44.src.rpm,http://www.tvdr.de/,https://www.tvdr.de,Packages/v/vdr-2.8.1-1.fc44.x86_64.rpm,https://download.fedoraproject.org/pub/fedora/linux/releases/44/Everything/x86_64/os/Packages/v/vdr-2.8.1-1.fc44.x86_64.rpm,043c8ac542cdeb1eccf0a36dc569e2323ec18aab3d95abc76f206165e332c749,release
fedora,vnstat,2.13-2.fc44,x86_64,vnstat,vnstat-2.13-2.fc44.src.rpm,http://humdi.net/vnstat/,https://humdi.net/vnstat,Packages/v/vnstat-2.13-2.fc44.x86_64.rpm,https://download.fedoraproject.org/pub/fedora/linux/releases/44/Everything/x86_64/os/Packages/v/vnstat-2.13-2.fc44.x86_64.rpm,0fe04312d828fa0260ed7d61ef75bed5ce604f8c2ce192ffa37c4301e3f70e37,release
fedora,voms-server,2.1.3-3.fc44,x86_64,voms,voms-2.1.3-3.fc44.src.rpm,https://italiangrid.github.io/voms/,https://italiangrid.github.io/voms,Packages/v/voms-server-2.1.3-3.fc44.x86_64.rpm,https://download.fedoraproject.org/pub/fedora/linux/releases/44/Everything/x86_64/os/Packages/v/voms-server-2.1.3-3.fc44.x86_64.rpm,8af0178c4c60e43c486d436b367ae0e8cd3b7f7705f2d2318a470074487ef142,release
fedora,vsftpd,3.0.5-15.fc44,x86_64,vsftpd,vsftpd-3.0.5-15.fc44.src.rpm,https://security.appspot.com/vsftpd.html,https://security.appspot.com/vsftpd.html,Packages/v/vsftpd-3.0.5-15.fc44.x86_64.rpm,https://download.fedoraproject.org/pub/fedora/linux/releases/44/Everything/x86_64/os/Packages/v/vsftpd-3.0.5-15.fc44.x86_64.rpm,d2d9876ed939bf2b372103414e18b2208809f6c6ce197a4a17dcc812879c3b97,release
fedora,wesnoth-server,1.19.24-1.fc44,x86_64,wesnoth,wesnoth-1.19.24-1.fc44.src.rpm,http://www.wesnoth.org,https://www.wesnoth.org,Packages/w/wesnoth-server-1.19.24-1.fc44.x86_64.rpm,https://download.fedoraproject.org/pub/fedora/linux/updates/44/Everything/x86_64/Packages/w/wesnoth-server-1.19.24-1.fc44.x86_64.rpm,0c0e7189cb0b1ec32dffb49bbba0a2ad1f00127cacf4fe3ca75a18841370f26c,updates
fedora,wireguard-tools,1.0.20260223-1.fc44,x86_64,wireguard-tools,wireguard-tools-1.0.20260223-1.fc44.src.rpm,https://www.wireguard.com/,https://www.wireguard.com,Packages/w/wireguard-tools-1.0.20260223-1.fc44.x86_64.rpm,https://download.fedoraproject.org/pub/fedora/linux/updates/44/Everything/x86_64/Packages/w/wireguard-tools-1.0.20260223-1.fc44.x86_64.rpm,c8fc62fc4875df6f1093ffe9243aa4d22a1e0dafbe04d553fda76113e94a3fb0,updates
fedora,wpa_supplicant,1:2.11-9.fc44,x86_64,wpa_supplicant,wpa_supplicant-2.11-9.fc44.src.rpm,http://w1.fi/wpa_supplicant/,https://w1.fi/wpa_supplicant,Packages/w/wpa_supplicant-2.11-9.fc44.x86_64.rpm,https://download.fedoraproject.org/pub/fedora/linux/releases/44/Everything/x86_64/os/Packages/w/wpa_supplicant-2.11-9.fc44.x86_64.rpm,d96282350b8a1ee90c9cf4d0d4e62902f9595518fe2b75822b6cf11c7b800a30,release
fedora,wsdd,0.8-6.fc44,noarch,wsdd,wsdd-0.8-6.fc44.src.rpm,https://github.com/christgau/wsdd,https://github.com/christgau/wsdd,Packages/w/wsdd-0.8-6.fc44.noarch.rpm,https://download.fedoraproject.org/pub/fedora/linux/releases/44/Everything/x86_64/os/Packages/w/wsdd-0.8-6.fc44.noarch.rpm,768a5f75763c1a0ace801e50b057136ce17b79ea8cf7ac573adf82dbd603510f,release
fedora,xfsprogs,7.1.1-1.fc44,x86_64,xfsprogs,xfsprogs-7.1.1-1.fc44.src.rpm,https://xfs.wiki.kernel.org,https://xfs.wiki.kernel.org,Packages/x/xfsprogs-7.1.1-1.fc44.x86_64.rpm,https://download.fedoraproject.org/pub/fedora/linux/updates/44/Everything/x86_64/Packages/x/xfsprogs-7.1.1-1.fc44.x86_64.rpm,78ec45822fdd643003396386169acf0760305fc15076f4b61097284559ea15f3,updates
fedora,xfsprogs-xfs_scrub,7.1.1-1.fc44,x86_64,xfsprogs,xfsprogs-7.1.1-1.fc44.src.rpm,https://xfs.wiki.kernel.org,https://xfs.wiki.kernel.org,Packages/x/xfsprogs-xfs_scrub-7.1.1-1.fc44.x86_64.rpm,https://download.fedoraproject.org/pub/fedora/linux/updates/44/Everything/x86_64/Packages/x/xfsprogs-xfs_scrub-7.1.1-1.fc44.x86_64.rpm,d858c3bbb1432ef79c4e3818deda3437c716d9c563731d840e9d60319b5e8603,updates
fedora,xpra,1:6.5.2-1.fc44,x86_64,xpra,xpra-6.5.2-1.fc44.src.rpm,https://www.xpra.org/,https://www.xpra.org,Packages/x/xpra-6.5.2-1.fc44.x86_64.rpm,https://download.fedoraproject.org/pub/fedora/linux/updates/44/Everything/x86_64/Packages/x/xpra-6.5.2-1.fc44.x86_64.rpm,eab5c0eeb123c214eefcd1000c8b0b415e22ba6489af8f44d63728df9f731cd1,updates
fedora,xrdp,1:0.10.6.1-3.fc44,x86_64,xrdp,xrdp-0.10.6.1-3.fc44.src.rpm,http://www.xrdp.org/,https://www.xrdp.org,Packages/x/xrdp-0.10.6.1-3.fc44.x86_64.rpm,https://download.fedoraproject.org/pub/fedora/linux/updates/44/Everything/x86_64/Packages/x/xrdp-0.10.6.1-3.fc44.x86_64.rpm,e34b146740b6afb40d31123ac7eb0090168391296a6f5376c8eb3ade543bb8ac,updates
fedora,xrootd-server,1:6.1.0-1.fc44,x86_64,xrootd,xrootd-6.1.0-1.fc44.src.rpm,https://xrootd.web.cern.ch,https://xrootd.web.cern.ch,Packages/x/xrootd-server-6.1.0-1.fc44.x86_64.rpm,https://download.fedoraproject.org/pub/fedora/linux/updates/44/Everything/x86_64/Packages/x/xrootd-server-6.1.0-1.fc44.x86_64.rpm,79629275f4cfadc6d9b72a1c0176abee58a5d26613f3c9798bbccbfdafd29bbc,updates
fedora,yadifa,2.6.7-5.fc44,x86_64,yadifa,yadifa-2.6.7-5.fc44.src.rpm,http://www.yadifa.eu,https://www.yadifa.eu,Packages/y/yadifa-2.6.7-5.fc44.x86_64.rpm,https://download.fedoraproject.org/pub/fedora/linux/releases/44/Everything/x86_64/os/Packages/y/yadifa-2.6.7-5.fc44.x86_64.rpm,23d812d46e2e550b2788044bf1c7fae6436944e8373db658274a02da3c4834a6,release
fedora,zabbix-agent,1:7.4.12-1.fc44,x86_64,zabbix,zabbix-7.4.12-1.fc44.src.rpm,https://www.zabbix.com,https://www.zabbix.com,Packages/z/zabbix-agent-7.4.12-1.fc44.x86_64.rpm,https://download.fedoraproject.org/pub/fedora/linux/updates/44/Everything/x86_64/Packages/z/zabbix-agent-7.4.12-1.fc44.x86_64.rpm,2618bd6da071b1576905e52f37dbb77091c1eec175a60afed93eab1af1758553,updates
fedora,zabbix-proxy,1:7.4.12-1.fc44,noarch,zabbix,zabbix-7.4.12-1.fc44.src.rpm,https://www.zabbix.com,https://www.zabbix.com,Packages/z/zabbix-proxy-7.4.12-1.fc44.noarch.rpm,https://download.fedoraproject.org/pub/fedora/linux/updates/44/Everything/x86_64/Packages/z/zabbix-proxy-7.4.12-1.fc44.noarch.rpm,dc8f249f7cef1420f3693892dced23f6d49570a989bd9a4df68a168b35357811,updates
fedora,zabbix-proxy-mysql,1:7.4.12-1.fc44,x86_64,zabbix,zabbix-7.4.12-1.fc44.src.rpm,https://www.zabbix.com,https://www.zabbix.com,Packages/z/zabbix-proxy-mysql-7.4.12-1.fc44.x86_64.rpm,https://download.fedoraproject.org/pub/fedora/linux/updates/44/Everything/x86_64/Packages/z/zabbix-proxy-mysql-7.4.12-1.fc44.x86_64.rpm,a966769d952bdfc493d4a85f6df4d71df86918ccc5557138376713229dbd2a33,updates
fedora,zabbix-proxy-pgsql,1:7.4.12-1.fc44,x86_64,zabbix,zabbix-7.4.12-1.fc44.src.rpm,https://www.zabbix.com,https://www.zabbix.com,Packages/z/zabbix-proxy-pgsql-7.4.12-1.fc44.x86_64.rpm,https://download.fedoraproject.org/pub/fedora/linux/updates/44/Everything/x86_64/Packages/z/zabbix-proxy-pgsql-7.4.12-1.fc44.x86_64.rpm,f0a8d9d6355845afbf50423e6c73da27e3f4f24f10203c80330ae2a3b257eea3,updates
fedora,zabbix-proxy-sqlite3,1:7.4.12-1.fc44,x86_64,zabbix,zabbix-7.4.12-1.fc44.src.rpm,https://www.zabbix.com,https://www.zabbix.com,Packages/z/zabbix-proxy-sqlite3-7.4.12-1.fc44.x86_64.rpm,https://download.fedoraproject.org/pub/fedora/linux/updates/44/Everything/x86_64/Packages/z/zabbix-proxy-sqlite3-7.4.12-1.fc44.x86_64.rpm,5d078d69cc1de913652f927b4c94b7780318c4540b3307d444dbc9a0c0b000b5,updates
fedora,zabbix-server,1:7.4.12-1.fc44,noarch,zabbix,zabbix-7.4.12-1.fc44.src.rpm,https://www.zabbix.com,https://www.zabbix.com,Packages/z/zabbix-server-7.4.12-1.fc44.noarch.rpm,https://download.fedoraproject.org/pub/fedora/linux/updates/44/Everything/x86_64/Packages/z/zabbix-server-7.4.12-1.fc44.noarch.rpm,2057edec6030e6f6dc84203f40d564b6a1bc105cf6c066616d0ebfee0176dc6c,updates
fedora,zabbix-server-mysql,1:7.4.12-1.fc44,x86_64,zabbix,zabbix-7.4.12-1.fc44.src.rpm,https://www.zabbix.com,https://www.zabbix.com,Packages/z/zabbix-server-mysql-7.4.12-1.fc44.x86_64.rpm,https://download.fedoraproject.org/pub/fedora/linux/updates/44/Everything/x86_64/Packages/z/zabbix-server-mysql-7.4.12-1.fc44.x86_64.rpm,dea647d01f36b065ecc8c56007df999864f55127f7943abbbcb4af954659774f,updates
fedora,zabbix-server-pgsql,1:7.4.12-1.fc44,x86_64,zabbix,zabbix-7.4.12-1.fc44.src.rpm,https://www.zabbix.com,https://www.zabbix.com,Packages/z/zabbix-server-pgsql-7.4.12-1.fc44.x86_64.rpm,https://download.fedoraproject.org/pub/fedora/linux/updates/44/Everything/x86_64/Packages/z/zabbix-server-pgsql-7.4.12-1.fc44.x86_64.rpm,1d07752ba61adaf596b38114d47721a923f5330878ae093141f90b8d16f91b73,updates
fedora,zcfan,1.4.0-5.fc44,x86_64,zcfan,zcfan-1.4.0-5.fc44.src.rpm,https://github.com/cdown/zcfan,https://github.com/cdown/zcfan,Packages/z/zcfan-1.4.0-5.fc44.x86_64.rpm,https://download.fedoraproject.org/pub/fedora/linux/releases/44/Everything/x86_64/os/Packages/z/zcfan-1.4.0-5.fc44.x86_64.rpm,5d4754479d8fbc511cc030f90c28cc4459215aecb8e09ca36fc3fa6acac5f315,release
fedora,zram-generator,1.2.1-5.fc44,x86_64,zram-generator,zram-generator-1.2.1-5.fc44.src.rpm,https://github.com/systemd/zram-generator,https://github.com/systemd/zram-generator,Packages/z/zram-generator-1.2.1-5.fc44.x86_64.rpm,https://download.fedoraproject.org/pub/fedora/linux/releases/44/Everything/x86_64/os/Packages/z/zram-generator-1.2.1-5.fc44.x86_64.rpm,e8a6dfafefaf906414c6df1439097e57c28d76b6e913583c8335db8d0ce3aa19,release
fedora,zvbi,0.2.44-3.fc44,x86_64,zvbi,zvbi-0.2.44-3.fc44.src.rpm,https://github.com/zapping-vbi/zvbi,https://github.com/zapping-vbi/zvbi,Packages/z/zvbi-0.2.44-3.fc44.x86_64.rpm,https://download.fedoraproject.org/pub/fedora/linux/releases/44/Everything/x86_64/os/Packages/z/zvbi-0.2.44-3.fc44.x86_64.rpm,ede61e217f098b0e0754a13b8ad560d79966933e201cbc3730a843164196e9ae,release
arch,acpid,2.0.34-2,x86_64,acpid,2.0.34-2,https://sourceforge.net/projects/acpid2/,https://sourceforge.net/projects/acpid2,acpid-2.0.34-2-x86_64.pkg.tar.zst,https://archive.archlinux.org/repos/2026/08/09/extra/os/x86_64/acpid-2.0.34-2-x86_64.pkg.tar.zst,e25fc2b6dc486acc6a10a497a5029712bdd33245c58e63076af1d9f91796ca3e,extra
arch,alertmanager,0.33.1-1,x86_64,alertmanager,0.33.1-1,https://github.com/prometheus/alertmanager,https://github.com/prometheus/alertmanager,alertmanager-0.33.1-1-x86_64.pkg.tar.zst,https://archive.archlinux.org/repos/2026/08/09/extra/os/x86_64/alertmanager-0.33.1-1-x86_64.pkg.tar.zst,7d7338c566dcd50a87ae714c5722cf52de9b5c373a15a357bdc3f551e3a957d4,extra
arch,alsa-utils,1.2.16-1,x86_64,alsa-utils,1.2.16-1,https://www.alsa-project.org,https://www.alsa-project.org,alsa-utils-1.2.16-1-x86_64.pkg.tar.zst,https://archive.archlinux.org/repos/2026/08/09/extra/os/x86_64/alsa-utils-1.2.16-1-x86_64.pkg.tar.zst,65238c008df329a4238d4de002b05db623ad2c423907b342a08a8b9f48171a9e,extra
arch,amavisd-new,2.12.3-1,any,amavisd-new,2.12.3-1,https://gitlab.com/amavis/amavis,https://gitlab.com/amavis/amavis,amavisd-new-2.12.3-1-any.pkg.tar.zst,https://archive.archlinux.org/repos/2026/08/09/extra/os/x86_64/amavisd-new-2.12.3-1-any.pkg.tar.zst,25233f917083a458f1de6438bc655f9b286774cc38d6e255fec4ccb22cefcfd3,extra
arch,apcupsd,3.14.14-9,x86_64,apcupsd,3.14.14-9,http://www.apcupsd.org,https://www.apcupsd.org,apcupsd-3.14.14-9-x86_64.pkg.tar.zst,https://archive.archlinux.org/repos/2026/08/09/extra/os/x86_64/apcupsd-3.14.14-9-x86_64.pkg.tar.zst,a5904bf926c2fe7bbff3eddedfacb5ca3bad5ee562e3ed849b619dc1c1782940,extra
arch,arpwatch,3.9-1,x86_64,arpwatch,3.9-1,https://ee.lbl.gov/,https://ee.lbl.gov,arpwatch-3.9-1-x86_64.pkg.tar.zst,https://archive.archlinux.org/repos/2026/08/09/extra/os/x86_64/arpwatch-3.9-1-x86_64.pkg.tar.zst,fa63402ae68358a2e6a78a921d773fb37dee5687f86e13a870c843dbaf8fe166,extra
arch,atftp,0.8.1-1,x86_64,atftp,0.8.1-1,https://sourceforge.net/projects/atftp/,https://sourceforge.net/projects/atftp,atftp-0.8.1-1-x86_64.pkg.tar.zst,https://archive.archlinux.org/repos/2026/08/09/extra/os/x86_64/atftp-0.8.1-1-x86_64.pkg.tar.zst,b9a714d4bca984b39160120bb9818d0431683caf891fa09ebaa1647f9c1cb356,extra
arch,atop,2.13.0-1,x86_64,atop,2.13.0-1,https://www.atoptool.nl/,https://www.atoptool.nl,atop-2.13.0-1-x86_64.pkg.tar.zst,https://archive.archlinux.org/repos/2026/08/09/extra/os/x86_64/atop-2.13.0-1-x86_64.pkg.tar.zst,66acf480abbb9391ace35bab4bad7123fce9649eee3bf55d43b7c31b6f79a078,extra
arch,audit,4.2.1-1,x86_64,audit,4.2.1-1,https://github.com/linux-audit/audit-userspace,https://github.com/linux-audit/audit-userspace,audit-4.2.1-1-x86_64.pkg.tar.zst,https://archive.archlinux.org/repos/2026/08/09/core/os/x86_64/audit-4.2.1-1-x86_64.pkg.tar.zst,6b2f7e400336d05bf9a4b1b65015e4a7ac3a3842fbc67790913f9748513b964e,core
arch,autorandr,1.15-2,any,autorandr,1.15-2,https://github.com/phillipberndt/autorandr,https://github.com/phillipberndt/autorandr,autorandr-1.15-2-any.pkg.tar.zst,https://archive.archlinux.org/repos/2026/08/09/extra/os/x86_64/autorandr-1.15-2-any.pkg.tar.zst,631ac29ef5472724d4423864b449251f3be4108fb2f7eb7a7e483f508b590f1d,extra
arch,bcachefs-tools,3:1.39.0-2,x86_64,bcachefs-tools,3:1.39.0-2,https://bcachefs.org/,https://bcachefs.org,bcachefs-tools-3:1.39.0-2-x86_64.pkg.tar.zst,https://archive.archlinux.org/repos/2026/08/09/extra/os/x86_64/bcachefs-tools-3:1.39.0-2-x86_64.pkg.tar.zst,96a91b44a0d66e3417547d7ad431d76f2f6e14fba349c076dd2d53a49c59b33d,extra
arch,bees,0.11-1,x86_64,bees,0.11-1,https://github.com/Zygo/bees,https://github.com/Zygo/bees,bees-0.11-1-x86_64.pkg.tar.zst,https://archive.archlinux.org/repos/2026/08/09/extra/os/x86_64/bees-0.11-1-x86_64.pkg.tar.zst,db8a8f54731738913b85668b5ac17c404c5375bfb75fb60d743ac10d9f6c619b,extra
arch,bird,3.2.1-1,x86_64,bird,3.2.1-1,https://bird.network.cz/,https://bird.network.cz,bird-3.2.1-1-x86_64.pkg.tar.zst,https://archive.archlinux.org/repos/2026/08/09/extra/os/x86_64/bird-3.2.1-1-x86_64.pkg.tar.zst,f7f5f1b61f0c762ad6865aff03b24324adf29fb3fa4abf372292278d563ea8dd,extra
arch,blueman,2.4.6-2,x86_64,blueman,2.4.6-2,https://github.com/blueman-project/blueman,https://github.com/blueman-project/blueman,blueman-2.4.6-2-x86_64.pkg.tar.zst,https://archive.archlinux.org/repos/2026/08/09/extra/os/x86_64/blueman-2.4.6-2-x86_64.pkg.tar.zst,5c6f31e98496e3ce0be93c1f3ed5313e2964937c482bdb75b8aedce521e0551e,extra
arch,bluez,5.87-2,x86_64,bluez,5.87-2,http://www.bluez.org/,https://www.bluez.org,bluez-5.87-2-x86_64.pkg.tar.zst,https://archive.archlinux.org/repos/2026/08/09/extra/os/x86_64/bluez-5.87-2-x86_64.pkg.tar.zst,3125034ace76d4d6096b507b6a22888eafaf0e5019abc41a80a8207fbe9f7666,extra
arch,bluez-mesh,5.87-2,x86_64,bluez,5.87-2,http://www.bluez.org/,https://www.bluez.org,bluez-mesh-5.87-2-x86_64.pkg.tar.zst,https://archive.archlinux.org/repos/2026/08/09/extra/os/x86_64/bluez-mesh-5.87-2-x86_64.pkg.tar.zst,4c108f7494467529e45e5cefaf3fe85b5cd0a3d61f4f1adcbfdfa3c2493af7e0,extra
arch,boinc,8.2.15-2,x86_64,boinc,8.2.15-2,https://boinc.berkeley.edu/,https://boinc.berkeley.edu,boinc-8.2.15-2-x86_64.pkg.tar.zst,https://archive.archlinux.org/repos/2026/08/09/extra/os/x86_64/boinc-8.2.15-2-x86_64.pkg.tar.zst,2dc62adf990fab9c06d84742a7241ce5e48f52f7dcea8d48d6d0afc165fde485,extra
arch,boinc-nox,8.2.15-2,x86_64,boinc,8.2.15-2,https://boinc.berkeley.edu/,https://boinc.berkeley.edu,boinc-nox-8.2.15-2-x86_64.pkg.tar.zst,https://archive.archlinux.org/repos/2026/08/09/extra/os/x86_64/boinc-nox-8.2.15-2-x86_64.pkg.tar.zst,399b14e6b698447327fce3b2273e81b376d53ece6830ed69fc464b9d319c6379,extra
arch,bolt,0.9.11-1,x86_64,bolt,0.9.11-1,https://gitlab.freedesktop.org/bolt/bolt,https://gitlab.freedesktop.org/bolt/bolt,bolt-0.9.11-1-x86_64.pkg.tar.zst,https://archive.archlinux.org/repos/2026/08/09/extra/os/x86_64/bolt-0.9.11-1-x86_64.pkg.tar.zst,eda0701b9d22f32d29d4c9dbdef8a8543843046b45d85b960c4523a0a6abdaae,extra
arch,borgmatic,2.1.6-1,any,borgmatic,2.1.6-1,https://torsion.org/borgmatic,https://torsion.org/borgmatic,borgmatic-2.1.6-1-any.pkg.tar.zst,https://archive.archlinux.org/repos/2026/08/09/extra/os/x86_64/borgmatic-2.1.6-1-any.pkg.tar.zst,99e4ccb54aca408464fc7159dbc8d17061f1e4b454f5da4722648b6b55f6a564,extra
arch,brltty,6.9.1-3,x86_64,brltty,6.9.1-3,https://brltty.app,https://brltty.app,brltty-6.9.1-3-x86_64.pkg.tar.zst,https://archive.archlinux.org/repos/2026/08/09/extra/os/x86_64/brltty-6.9.1-3-x86_64.pkg.tar.zst,98286a33136485dc41608a90192e7edb1ac8fa0dcdb718dae07bf87a49c51428,extra
arch,btrfsmaintenance,0.5.2-3,any,btrfsmaintenance,0.5.2-3,https://github.com/kdave/btrfsmaintenance,https://github.com/kdave/btrfsmaintenance,btrfsmaintenance-0.5.2-3-any.pkg.tar.zst,https://archive.archlinux.org/repos/2026/08/09/extra/os/x86_64/btrfsmaintenance-0.5.2-3-any.pkg.tar.zst,3d06d1bb8a0b857b013e87a4115894be9fc29f89038707bef194f6dfd1327f8e,extra
arch,caddy,2.11.4-1,x86_64,caddy,2.11.4-1,https://github.com/caddyserver/caddy,https://github.com/caddyserver/caddy,caddy-2.11.4-1-x86_64.pkg.tar.zst,https://archive.archlinux.org/repos/2026/08/09/extra/os/x86_64/caddy-2.11.4-1-x86_64.pkg.tar.zst,1c27851b712d4609a1e28c63ca314dc9b56f87b30d5733dfd1928b61df260f98,extra
arch,certbot,5.7.0-1,any,certbot,5.7.0-1,https://certbot.eff.org,https://certbot.eff.org,certbot-5.7.0-1-any.pkg.tar.zst,https://archive.archlinux.org/repos/2026/08/09/extra/os/x86_64/certbot-5.7.0-1-any.pkg.tar.zst,568d94a81e50e597dedc172ad18cd554903902698a3af57bf931c58bcd6e7fad,extra
arch,chrony,4.8-3,x86_64,chrony,4.8-3,https://chrony-project.org/,https://chrony-project.org,chrony-4.8-3-x86_64.pkg.tar.zst,https://archive.archlinux.org/repos/2026/08/09/extra/os/x86_64/chrony-4.8-3-x86_64.pkg.tar.zst,0fe66dc0392973cf4bf1960d35b441cb6f1bf3331dcccf53de77ba22247cb183,extra
arch,ckb-next,0.6.2-4,x86_64,ckb-next,0.6.2-4,https://github.com/ckb-next/ckb-next,https://github.com/ckb-next/ckb-next,ckb-next-0.6.2-4-x86_64.pkg.tar.zst,https://archive.archlinux.org/repos/2026/08/09/extra/os/x86_64/ckb-next-0.6.2-4-x86_64.pkg.tar.zst,eabef2bc5ff5a6c4a60e857ed66953d82f27f1fe35f60536e22ae1e2944e0632,extra
arch,clamav,1.5.3-1,x86_64,clamav,1.5.3-1,https://www.clamav.net/,https://www.clamav.net,clamav-1.5.3-1-x86_64.pkg.tar.zst,https://archive.archlinux.org/repos/2026/08/09/extra/os/x86_64/clamav-1.5.3-1-x86_64.pkg.tar.zst,b46ed82396484adad7e9c9d5a6877f6fffb685ad669af6e02497d16e05b46852,extra
arch,clevis,21-1,x86_64,clevis,21-1,https://github.com/latchset/clevis,https://github.com/latchset/clevis,clevis-21-1-x86_64.pkg.tar.zst,https://archive.archlinux.org/repos/2026/08/09/extra/os/x86_64/clevis-21-1-x86_64.pkg.tar.zst,b72194f952dc5bbea1be3a2dc6b4d143620198c150b407c3985ae546c9bb0164,extra
arch,cloud-init,26.1-1,any,cloud-init,26.1-1,https://cloud-init.io,https://cloud-init.io,cloud-init-26.1-1-any.pkg.tar.zst,https://archive.archlinux.org/repos/2026/08/09/extra/os/x86_64/cloud-init-26.1-1-any.pkg.tar.zst,d2678fd65734b111b6a6b9e7d2893b54a7abb039a338a79f83ff3ae90e4ac765,extra
arch,cni-plugins,1.9.1-1,x86_64,cni-plugins,1.9.1-1,https://github.com/containernetworking/plugins,https://github.com/containernetworking/plugins,cni-plugins-1.9.1-1-x86_64.pkg.tar.zst,https://archive.archlinux.org/repos/2026/08/09/extra/os/x86_64/cni-plugins-1.9.1-1-x86_64.pkg.tar.zst,98e92c9498bffde168feedbd72aa0d30ea9efbbd78f46c2dfcbc81422f28c62f,extra
arch,cockpit,365-2,x86_64,cockpit,365-2,https://cockpit-project.org/,https://cockpit-project.org,cockpit-365-2-x86_64.pkg.tar.zst,https://archive.archlinux.org/repos/2026/08/09/extra/os/x86_64/cockpit-365-2-x86_64.pkg.tar.zst,49aa7cbfec6abbc5188b00304b0516a0cef1a7df7280c2727b05ba5154e59c83,extra
arch,colord,1.4.8-1,x86_64,colord,1.4.8-1,https://www.freedesktop.org/software/colord/,https://www.freedesktop.org/software/colord,colord-1.4.8-1-x86_64.pkg.tar.zst,https://archive.archlinux.org/repos/2026/08/09/extra/os/x86_64/colord-1.4.8-1-x86_64.pkg.tar.zst,a03489fdc2093ef8d3dcdb2f57c6c642356ca4232bbad77de092e5f31ae95f19,extra
arch,connman,2.0-1,x86_64,connman,2.0-1,https://git.kernel.org/pub/scm/network/connman/connman.git/,https://git.kernel.org/pub/scm/network/connman/connman,connman-2.0-1-x86_64.pkg.tar.zst,https://archive.archlinux.org/repos/2026/08/09/extra/os/x86_64/connman-2.0-1-x86_64.pkg.tar.zst,7ca084415c1927c9264c56022f593fb1f0c8a942d2ca17fda9926998e1c44791,extra
arch,containerd,2.3.3-1,x86_64,containerd,2.3.3-1,https://containerd.io/,https://containerd.io,containerd-2.3.3-1-x86_64.pkg.tar.zst,https://archive.archlinux.org/repos/2026/08/09/extra/os/x86_64/containerd-2.3.3-1-x86_64.pkg.tar.zst,5a4af7eb758e2aa7960a694446e966b168dadbff8e76d2a4208c14495b757bf6,extra
arch,cosmic-greeter,1:1.5.0-1,x86_64,cosmic-greeter,1:1.5.0-1,https://github.com/pop-os/cosmic-greeter,https://github.com/pop-os/cosmic-greeter,cosmic-greeter-1:1.5.0-1-x86_64.pkg.tar.zst,https://archive.archlinux.org/repos/2026/08/09/extra/os/x86_64/cosmic-greeter-1:1.5.0-1-x86_64.pkg.tar.zst,b84cab56be113cd784dae2a91079584412fe32f6dd05f65fa317d74a05274ae7,extra
arch,coturn,4.17.1-1,x86_64,coturn,4.17.1-1,https://github.com/coturn/coturn,https://github.com/coturn/coturn,coturn-4.17.1-1-x86_64.pkg.tar.zst,https://archive.archlinux.org/repos/2026/08/09/extra/os/x86_64/coturn-4.17.1-1-x86_64.pkg.tar.zst,ee92d539f56d529fb13d620900dba8346dfc51b37a609b47fa11b1f57ba9989d,extra
arch,cpupower,7.1.7-1,x86_64,linux-tools,7.1.7-1,https://www.kernel.org,https://www.kernel.org,cpupower-7.1.7-1-x86_64.pkg.tar.zst,https://archive.archlinux.org/repos/2026/08/09/extra/os/x86_64/cpupower-7.1.7-1-x86_64.pkg.tar.zst,54fe3e3fac2caf0a223865b18a2b59d0a42dafa395b2e9657708b107128cdf75,extra
arch,cri-o,1.36.3-1,x86_64,cri-o,1.36.3-1,https://github.com/cri-o/cri-o,https://github.com/cri-o/cri-o,cri-o-1.36.3-1-x86_64.pkg.tar.zst,https://archive.archlinux.org/repos/2026/08/09/extra/os/x86_64/cri-o-1.36.3-1-x86_64.pkg.tar.zst,11da0f3d0e902cedf8c03ec139dcb1d36e86273de6f9a477ec64b4d0dbb0a2db,extra
arch,croc,1:11.0.2-1,x86_64,croc,1:11.0.2-1,https://github.com/schollz/croc,https://github.com/schollz/croc,croc-1:11.0.2-1-x86_64.pkg.tar.zst,https://archive.archlinux.org/repos/2026/08/09/extra/os/x86_64/croc-1:11.0.2-1-x86_64.pkg.tar.zst,6f79a891e5fb47efe9d7d7aa42ded8a84818ac21081e5c3c52e2e3f5cad6d311,extra
arch,cronie,1.7.2-2,x86_64,cronie,1.7.2-2,https://github.com/cronie-crond/cronie/,https://github.com/cronie-crond/cronie,cronie-1.7.2-2-x86_64.pkg.tar.zst,https://archive.archlinux.org/repos/2026/08/09/extra/os/x86_64/cronie-1.7.2-2-x86_64.pkg.tar.zst,6c01a250006d1561df81bca017ef427cf7353c89f913ace20e090b938ed0c096,extra
arch,cups,2:2.4.19-1,x86_64,cups,2:2.4.19-1,https://openprinting.github.io/cups/,https://openprinting.github.io/cups,cups-2:2.4.19-1-x86_64.pkg.tar.zst,https://archive.archlinux.org/repos/2026/08/09/extra/os/x86_64/cups-2:2.4.19-1-x86_64.pkg.tar.zst,6b5a3e0f4a7ed8eb2ada807fbc6034a8d8dedf28167d6ed7e72f5fcfc3521a79,extra
arch,cyrus-sasl,2.1.28-4,x86_64,cyrus-sasl,2.1.28-4,https://www.cyrusimap.org/sasl/,https://www.cyrusimap.org/sasl,cyrus-sasl-2.1.28-4-x86_64.pkg.tar.zst,https://archive.archlinux.org/repos/2026/08/09/extra/os/x86_64/cyrus-sasl-2.1.28-4-x86_64.pkg.tar.zst,055d7784a70050255aede1903884a6613d281a78fad49cfd6d146aa79a692f20,extra
arch,dante,1.4.4-2,x86_64,dante,1.4.4-2,https://www.inet.no/dante,https://www.inet.no/dante,dante-1.4.4-2-x86_64.pkg.tar.zst,https://archive.archlinux.org/repos/2026/08/09/extra/os/x86_64/dante-1.4.4-2-x86_64.pkg.tar.zst,464aac731cbfabb85ff5586e7f96f0dafea30263123bc6eabaa68f9c83430c64,extra
arch,darkstat,3.0.722-1,x86_64,darkstat,3.0.722-1,https://unix4lyfe.org/darkstat/,https://unix4lyfe.org/darkstat,darkstat-3.0.722-1-x86_64.pkg.tar.zst,https://archive.archlinux.org/repos/2026/08/09/extra/os/x86_64/darkstat-3.0.722-1-x86_64.pkg.tar.zst,f2129235c7a3983809ee09a2fa89f44eaf1d94aec93ba5df43e144dfa7aa5661,extra
arch,dbus,1.16.2-1,x86_64,dbus,1.16.2-1,https://www.freedesktop.org/wiki/Software/dbus/,https://www.freedesktop.org/wiki/Software/dbus,dbus-1.16.2-1-x86_64.pkg.tar.zst,https://archive.archlinux.org/repos/2026/08/09/core/os/x86_64/dbus-1.16.2-1-x86_64.pkg.tar.zst,740fb8d02f6a5798984f17bf09c4f9f62f42a8339499c283867d9c35cda0d8af,core
arch,dbus-broker,37-3,x86_64,dbus-broker,37-3,https://github.com/bus1/dbus-broker/wiki,https://github.com/bus1/dbus-broker,dbus-broker-37-3-x86_64.pkg.tar.zst,https://archive.archlinux.org/repos/2026/08/09/core/os/x86_64/dbus-broker-37-3-x86_64.pkg.tar.zst,c3a915bb57188e6a43b9df25c0bf11f87528bc20ac50718b1772ce917c6d6117,core
arch,dbus-broker-units,37-3,x86_64,dbus-broker,37-3,https://github.com/bus1/dbus-broker/wiki,https://github.com/bus1/dbus-broker,dbus-broker-units-37-3-x86_64.pkg.tar.zst,https://archive.archlinux.org/repos/2026/08/09/core/os/x86_64/dbus-broker-units-37-3-x86_64.pkg.tar.zst,f3f73e7c8169f54e3e5447d266917ae7454bd984fc0ede0f85e2ca60e21d97df,core
arch,dbus-daemon-units,1.16.2-1,x86_64,dbus,1.16.2-1,https://www.freedesktop.org/wiki/Software/dbus/,https://www.freedesktop.org/wiki/Software/dbus,dbus-daemon-units-1.16.2-1-x86_64.pkg.tar.zst,https://archive.archlinux.org/repos/2026/08/09/core/os/x86_64/dbus-daemon-units-1.16.2-1-x86_64.pkg.tar.zst,4e0d9c39c5c9eba691b81846e2f8f7e086db455abdab32e6b96fa53e00a6fc98,core
arch,deepin-api,6.0.45-1,x86_64,deepin-api,6.0.45-1,https://github.com/linuxdeepin/dde-api,https://github.com/linuxdeepin/dde-api,deepin-api-6.0.45-1-x86_64.pkg.tar.zst,https://archive.archlinux.org/repos/2026/08/09/extra/os/x86_64/deepin-api-6.0.45-1-x86_64.pkg.tar.zst,a310d5e2a5d5c8d6c4b46ba62fcb30131c9b5f1957ef9b8eaa7b0fd81edf8399,extra
arch,deepin-boot-maker,6.0.19-1,x86_64,deepin-boot-maker,6.0.19-1,https://github.com/linuxdeepin/deepin-boot-maker,https://github.com/linuxdeepin/deepin-boot-maker,deepin-boot-maker-6.0.19-1-x86_64.pkg.tar.zst,https://archive.archlinux.org/repos/2026/08/09/extra/os/x86_64/deepin-boot-maker-6.0.19-1-x86_64.pkg.tar.zst,b974cc8f23b85e2fa51c64bfde9411c8b557b869586421d9e72a3014545fccde,extra
arch,deepin-pw-check,6.0.12-1,x86_64,deepin-pw-check,6.0.12-1,https://github.com/linuxdeepin/deepin-pw-check,https://github.com/linuxdeepin/deepin-pw-check,deepin-pw-check-6.0.12-1-x86_64.pkg.tar.zst,https://archive.archlinux.org/repos/2026/08/09/extra/os/x86_64/deepin-pw-check-6.0.12-1-x86_64.pkg.tar.zst,9dd10d4b9b0687dc64b607ddf188cdab730eb30e68656e0e08614e3ca5257b44,extra
arch,deepin-system-monitor,6.5.46-1,x86_64,deepin-system-monitor,6.5.46-1,https://github.com/linuxdeepin/deepin-system-monitor,https://github.com/linuxdeepin/deepin-system-monitor,deepin-system-monitor-6.5.46-1-x86_64.pkg.tar.zst,https://archive.archlinux.org/repos/2026/08/09/extra/os/x86_64/deepin-system-monitor-6.5.46-1-x86_64.pkg.tar.zst,07ea14c8f27e410653102fb4e6d9496f45488fb9c5e1627ae8ef076666090fe4,extra
arch,deluge,1:2.2.0-5,x86_64,deluge,1:2.2.0-5,https://deluge-torrent.org/,https://deluge-torrent.org,deluge-1:2.2.0-5-x86_64.pkg.tar.zst,https://archive.archlinux.org/repos/2026/08/09/extra/os/x86_64/deluge-1:2.2.0-5-x86_64.pkg.tar.zst,4b8b77223896dd6621e9795541fcfe3d7acddb74d5b7a0464975c5511521b737,extra
arch,dhclient,4.4.3.P1-4,x86_64,dhcp,4.4.3.P1-4,https://www.isc.org/dhcp/,https://www.isc.org/dhcp,dhclient-4.4.3.P1-4-x86_64.pkg.tar.zst,https://archive.archlinux.org/repos/2026/08/09/extra/os/x86_64/dhclient-4.4.3.P1-4-x86_64.pkg.tar.zst,926b06834283ef8486b53a244668f0926e20973b79eb484aafb6480ebf1e3893,extra
arch,dhcp,4.4.3.P1-4,x86_64,dhcp,4.4.3.P1-4,https://www.isc.org/dhcp/,https://www.isc.org/dhcp,dhcp-4.4.3.P1-4-x86_64.pkg.tar.zst,https://archive.archlinux.org/repos/2026/08/09/extra/os/x86_64/dhcp-4.4.3.P1-4-x86_64.pkg.tar.zst,e5d345612c7091ff1375e95f1261382542a2786a51702aee155f7846f6c8c632,extra
arch,dhcpcd,10.5.0-1,x86_64,dhcpcd,10.5.0-1,https://roy.marples.name/projects/dhcpcd/,https://roy.marples.name/projects/dhcpcd,dhcpcd-10.5.0-1-x86_64.pkg.tar.zst,https://archive.archlinux.org/repos/2026/08/09/extra/os/x86_64/dhcpcd-10.5.0-1-x86_64.pkg.tar.zst,e7722adf47ef369de153e90d1a8acc1b095fb88af1d8fe93ed9716ec302fbfd4,extra
arch,dictd,1.13.3-1,x86_64,dictd,1.13.3-1,https://sourceforge.net/projects/dict/,https://sourceforge.net/projects/dict,dictd-1.13.3-1-x86_64.pkg.tar.zst,https://archive.archlinux.org/repos/2026/08/09/extra/os/x86_64/dictd-1.13.3-1-x86_64.pkg.tar.zst,7a7947a7d0101e565484d92d7d3da70e0e7c55eac92d34320cea07aec9230362,extra
arch,distcc,3.4-15,x86_64,distcc,3.4-15,https://github.com/distcc/distcc,https://github.com/distcc/distcc,distcc-3.4-15-x86_64.pkg.tar.zst,https://archive.archlinux.org/repos/2026/08/09/extra/os/x86_64/distcc-3.4-15-x86_64.pkg.tar.zst,925a00ce8f68d5fbd4548c551506f0d784f337d13142491697dadc8fb716bc0c,extra
arch,dnf5,5.4.2.1-1,x86_64,dnf5,5.4.2.1-1,https://github.com/rpm-software-management/dnf5,https://github.com/rpm-software-management/dnf5,dnf5-5.4.2.1-1-x86_64.pkg.tar.zst,https://archive.archlinux.org/repos/2026/08/09/extra/os/x86_64/dnf5-5.4.2.1-1-x86_64.pkg.tar.zst,871a14693f6b2edd920c39e094a7dd26a573e05b00cb7ef731794d982f4482cf,extra
arch,dnscrypt-proxy,2.1.18-1,x86_64,dnscrypt-proxy,2.1.18-1,https://github.com/DNSCrypt/dnscrypt-proxy,https://github.com/DNSCrypt/dnscrypt-proxy,dnscrypt-proxy-2.1.18-1-x86_64.pkg.tar.zst,https://archive.archlinux.org/repos/2026/08/09/extra/os/x86_64/dnscrypt-proxy-2.1.18-1-x86_64.pkg.tar.zst,d0d5f08fe500e3c6d13baad272168cd76f9d7374eecdd10e9602cff286666d7c,extra
arch,dnsdist,2.1.1-1,x86_64,dnsdist,2.1.1-1,https://dnsdist.org/,https://dnsdist.org,dnsdist-2.1.1-1-x86_64.pkg.tar.zst,https://archive.archlinux.org/repos/2026/08/09/extra/os/x86_64/dnsdist-2.1.1-1-x86_64.pkg.tar.zst,a34c9a910e1c322b10731df77260bf05f8ae7a7b7ab2eb8ad924a6d8290084c7,extra
arch,dnsmasq,2.93-1,x86_64,dnsmasq,2.93-1,http://www.thekelleys.org.uk/dnsmasq/doc.html,https://www.thekelleys.org.uk/dnsmasq/doc.html,dnsmasq-2.93-1-x86_64.pkg.tar.zst,https://archive.archlinux.org/repos/2026/08/09/extra/os/x86_64/dnsmasq-2.93-1-x86_64.pkg.tar.zst,443d70d2606549270b1ef52183926714e515f81413db33ff96006e23866ad790,extra
arch,dovecot,2.4.4-1,x86_64,dovecot,2.4.4-1,https://dovecot.org/,https://dovecot.org,dovecot-2.4.4-1-x86_64.pkg.tar.zst,https://archive.archlinux.org/repos/2026/08/09/extra/os/x86_64/dovecot-2.4.4-1-x86_64.pkg.tar.zst,d12b5b9f4c3b95469719cc924bd1772cb94ceb3d034df3f0a04e7f9a296b49df,extra
arch,dovecot23,2.3.21.1-5,x86_64,dovecot23,2.3.21.1-5,https://dovecot.org/,https://dovecot.org,dovecot23-2.3.21.1-5-x86_64.pkg.tar.zst,https://archive.archlinux.org/repos/2026/08/09/extra/os/x86_64/dovecot23-2.3.21.1-5-x86_64.pkg.tar.zst,bd68526318ff13413cc3df4921656a0e21a98af9f6c43b68a44b955b13153eee,extra
arch,dracut,111-1,x86_64,dracut,111-1,https://github.com/dracut-ng/dracut-ng,https://github.com/dracut-ng/dracut-ng,dracut-111-1-x86_64.pkg.tar.zst,https://archive.archlinux.org/repos/2026/08/09/extra/os/x86_64/dracut-111-1-x86_64.pkg.tar.zst,3470cd86785c2267f56196bad61410869d0ed8da402fa1ad7fe2848c1c24b900,extra
arch,e2fsprogs,1.47.4-1,x86_64,e2fsprogs,1.47.4-1,http://e2fsprogs.sourceforge.net,https://e2fsprogs.sourceforge.net,e2fsprogs-1.47.4-1-x86_64.pkg.tar.zst,https://archive.archlinux.org/repos/2026/08/09/core/os/x86_64/e2fsprogs-1.47.4-1-x86_64.pkg.tar.zst,a78971bbbe0ae89d15a0cbbc952e64462edc5a6f991c1bb9cefd0539ca548bd4,core
arch,earlyoom,1.9.0-1,x86_64,earlyoom,1.9.0-1,https://github.com/rfjakob/earlyoom,https://github.com/rfjakob/earlyoom,earlyoom-1.9.0-1-x86_64.pkg.tar.zst,https://archive.archlinux.org/repos/2026/08/09/extra/os/x86_64/earlyoom-1.9.0-1-x86_64.pkg.tar.zst,f54e18d52be814ceaed9b2e4829ed158c534f8e6b83900af57817198ef3bba59,extra
arch,ejabberd,26.07-1,x86_64,ejabberd,26.07-1,https://www.ejabberd.im/,https://www.ejabberd.im,ejabberd-26.07-1-x86_64.pkg.tar.zst,https://archive.archlinux.org/repos/2026/08/09/extra/os/x86_64/ejabberd-26.07-1-x86_64.pkg.tar.zst,38eabbdf44a6a2850627a9759fe5b79532d4b71b1cd5e233d716a55fe6f46cf6,extra
arch,emptty,0.16.1-1,x86_64,emptty,0.16.1-1,https://github.com/tvrzna/emptty,https://github.com/tvrzna/emptty,emptty-0.16.1-1-x86_64.pkg.tar.zst,https://archive.archlinux.org/repos/2026/08/09/extra/os/x86_64/emptty-0.16.1-1-x86_64.pkg.tar.zst,72ba89224f9021ed0c916f50ff5592d380c5974e925558c33439d361d1ead2d3,extra
arch,etcd,3.7.1-1,x86_64,etcd,3.7.1-1,https://github.com/etcd-io/etcd,https://github.com/etcd-io/etcd,etcd-3.7.1-1-x86_64.pkg.tar.zst,https://archive.archlinux.org/repos/2026/08/09/extra/os/x86_64/etcd-3.7.1-1-x86_64.pkg.tar.zst,ec1c08cb27ba0984c1062e6a46c7db87b42c2d802715523431365066ee7d32f5,extra
arch,etckeeper,1.18.23-3,any,etckeeper,1.18.23-3,https://etckeeper.branchable.com/,https://etckeeper.branchable.com,etckeeper-1.18.23-3-any.pkg.tar.zst,https://archive.archlinux.org/repos/2026/08/09/extra/os/x86_64/etckeeper-1.18.23-3-any.pkg.tar.zst,2ce94a4ca4c574a6ee6d8912605c1ba42d9a64985012955066b930361d73f09a,extra
arch,exim,4.99.5-1,x86_64,exim,4.99.5-1,https://www.exim.org/,https://www.exim.org,exim-4.99.5-1-x86_64.pkg.tar.zst,https://archive.archlinux.org/repos/2026/08/09/extra/os/x86_64/exim-4.99.5-1-x86_64.pkg.tar.zst,d0cb48b04c7c6d125b94f4f0cbdc0a9dced0838f252adfaaf662a3cf00f897dd,extra
arch,fail2ban,1.1.0-8,any,fail2ban,1.1.0-8,https://www.fail2ban.org/,https://www.fail2ban.org,fail2ban-1.1.0-8-any.pkg.tar.zst,https://archive.archlinux.org/repos/2026/08/09/extra/os/x86_64/fail2ban-1.1.0-8-any.pkg.tar.zst,eee7536063bf0ba069150ea7a99898b592a36816e82f11f2d7aa134d4e6c5276,extra
arch,fastd,23-1,x86_64,fastd,23-1,https://github.com/neocturne/fastd,https://github.com/neocturne/fastd,fastd-23-1-x86_64.pkg.tar.zst,https://archive.archlinux.org/repos/2026/08/09/extra/os/x86_64/fastd-23-1-x86_64.pkg.tar.zst,707586cac4a5799e2f96620646bc2771b9f7a92837f897bd0de60596e5158f6f,extra
arch,flatpak,1:1.18.0-1,x86_64,flatpak,1:1.18.0-1,https://flatpak.org,https://flatpak.org,flatpak-1:1.18.0-1-x86_64.pkg.tar.zst,https://archive.archlinux.org/repos/2026/08/09/extra/os/x86_64/flatpak-1:1.18.0-1-x86_64.pkg.tar.zst,84b9b6c00a5cbde807091e868576d9c96ada4121dd18892532701f18d4750b56,extra
arch,forgejo,16.0.2-1,x86_64,forgejo,16.0.2-1,https://forgejo.org,https://forgejo.org,forgejo-16.0.2-1-x86_64.pkg.tar.zst,https://archive.archlinux.org/repos/2026/08/09/extra/os/x86_64/forgejo-16.0.2-1-x86_64.pkg.tar.zst,c41c6ba759305c53ccd45a2ff8770111b944fe016d31a6c87471f374d61cf662,extra
arch,forgejo-runner,13.0.0-1,x86_64,forgejo-runner,13.0.0-1,https://code.forgejo.org/forgejo/runner,https://code.forgejo.org/forgejo/runner,forgejo-runner-13.0.0-1-x86_64.pkg.tar.zst,https://archive.archlinux.org/repos/2026/08/09/extra/os/x86_64/forgejo-runner-13.0.0-1-x86_64.pkg.tar.zst,8725a8eada1b64258b9ead46e164417d0de07a0763207478ec5d1e924e2936af,extra
arch,freeipmi,1.6.18-1,x86_64,freeipmi,1.6.18-1,https://www.gnu.org/software/freeipmi,https://www.gnu.org/software/freeipmi,freeipmi-1.6.18-1-x86_64.pkg.tar.zst,https://archive.archlinux.org/repos/2026/08/09/extra/os/x86_64/freeipmi-1.6.18-1-x86_64.pkg.tar.zst,4af605fa47b0d500bfa81463db403e5c42355697942099f7cbe5ee05272ef3b6,extra
arch,fwknop,2.6.11-1,x86_64,fwknop,2.6.11-1,https://www.cipherdyne.org/fwknop,https://www.cipherdyne.org/fwknop,fwknop-2.6.11-1-x86_64.pkg.tar.zst,https://archive.archlinux.org/repos/2026/08/09/extra/os/x86_64/fwknop-2.6.11-1-x86_64.pkg.tar.zst,f4048204074babfb9f1d8efa31e7ecfee4f4a047d649ad7cfcad109f0e3e3fc9,extra
arch,fwupd,2.1.7-1,x86_64,fwupd,2.1.7-1,https://github.com/fwupd/fwupd,https://github.com/fwupd/fwupd,fwupd-2.1.7-1-x86_64.pkg.tar.zst,https://archive.archlinux.org/repos/2026/08/09/extra/os/x86_64/fwupd-2.1.7-1-x86_64.pkg.tar.zst,565078fb897c05b7084d259fd1468652fe251c25287ff8935be643c8b0d9f341,extra
arch,gammu,1.43.2-1,x86_64,gammu,1.43.2-1,https://wammu.eu/gammu/,https://wammu.eu/gammu,gammu-1.43.2-1-x86_64.pkg.tar.zst,https://archive.archlinux.org/repos/2026/08/09/extra/os/x86_64/gammu-1.43.2-1-x86_64.pkg.tar.zst,d763900ab0fc18fa3626834d01ac13fc4af3841ebf8f9a08ef2b8ac696e3ebdf,extra
arch,gdnsd,3.8.3-2,x86_64,gdnsd,3.8.3-2,https://gdnsd.org/,https://gdnsd.org,gdnsd-3.8.3-2-x86_64.pkg.tar.zst,https://archive.archlinux.org/repos/2026/08/09/extra/os/x86_64/gdnsd-3.8.3-2-x86_64.pkg.tar.zst,c10a092e45eef2a64be046b0ee57794822a90cde5691591896c12b6eac777a49,extra
arch,git,2.55.0-1,x86_64,git,2.55.0-1,https://git-scm.com/,https://git-scm.com,git-2.55.0-1-x86_64.pkg.tar.zst,https://archive.archlinux.org/repos/2026/08/09/extra/os/x86_64/git-2.55.0-1-x86_64.pkg.tar.zst,fbb24f455cb1de1c004a76b5a4dab92e4a9137764fbc3bc46afe13b7a38814fe,extra
arch,glances,4.5.6-1,any,glances,4.5.6-1,https://nicolargo.github.io/glances,https://nicolargo.github.io/glances,glances-4.5.6-1-any.pkg.tar.zst,https://archive.archlinux.org/repos/2026/08/09/extra/os/x86_64/glances-4.5.6-1-any.pkg.tar.zst,c17a92f95b657533679a10d59a02de5f2eb94dece1462fd6338501fec09cab5c,extra
arch,glusterfs,1:11.2-2,x86_64,glusterfs,1:11.2-2,https://www.gluster.org/,https://www.gluster.org,glusterfs-1:11.2-2-x86_64.pkg.tar.zst,https://archive.archlinux.org/repos/2026/08/09/extra/os/x86_64/glusterfs-1:11.2-2-x86_64.pkg.tar.zst,e44ab013809f5cd040a45606ccb06a0c8f9d4b6ec20d16aede9c6d83b7aae419,extra
arch,gnome-remote-desktop,50.2-1,x86_64,gnome-remote-desktop,50.2-1,https://gitlab.gnome.org/GNOME/gnome-remote-desktop,https://gitlab.gnome.org/GNOME/gnome-remote-desktop,gnome-remote-desktop-50.2-1-x86_64.pkg.tar.zst,https://archive.archlinux.org/repos/2026/08/09/extra/os/x86_64/gnome-remote-desktop-50.2-1-x86_64.pkg.tar.zst,54b3300f6b1a195f1d3e194807af5acbf06c208c79b669d44094fbad4a633f9a,extra
arch,gpm,1.20.7.r38.ge82d1a6-6,x86_64,gpm,1.20.7.r38.ge82d1a6-6,https://www.nico.schottelius.org/software/gpm/,https://www.nico.schottelius.org/software/gpm,gpm-1.20.7.r38.ge82d1a6-6-x86_64.pkg.tar.zst,https://archive.archlinux.org/repos/2026/08/09/core/os/x86_64/gpm-1.20.7.r38.ge82d1a6-6-x86_64.pkg.tar.zst,95b97f61aacc075e85465a7d5e1c99d1b249b4eba63081a170482cdc8791f799,core
arch,gssproxy,0.9.2-3,x86_64,gssproxy,0.9.2-3,https://github.com/gssapi/gssproxy,https://github.com/gssapi/gssproxy,gssproxy-0.9.2-3-x86_64.pkg.tar.zst,https://archive.archlinux.org/repos/2026/08/09/core/os/x86_64/gssproxy-0.9.2-3-x86_64.pkg.tar.zst,e4113809ad5404149c051962d8c8f8d68dda97b837e85fb30ee56813f2dac443,core
arch,haproxy,3.4.3-1,x86_64,haproxy,3.4.3-1,https://www.haproxy.org/,https://www.haproxy.org,haproxy-3.4.3-1-x86_64.pkg.tar.zst,https://archive.archlinux.org/repos/2026/08/09/extra/os/x86_64/haproxy-3.4.3-1-x86_64.pkg.tar.zst,2edb7d8088e84ef7b1a8a4d8d878c0646cb1ae93942afa40355a864ef9985f63,extra
arch,haveged,1.9.26-1,x86_64,haveged,1.9.26-1,https://github.com/jirka-h/haveged,https://github.com/jirka-h/haveged,haveged-1.9.26-1-x86_64.pkg.tar.zst,https://archive.archlinux.org/repos/2026/08/09/extra/os/x86_64/haveged-1.9.26-1-x86_64.pkg.tar.zst,da0b722dec985d6957599d04f26b1f264cd58c042c00344c189e8a7d3cdfe78b,extra
arch,hdapsd,20250908-1,x86_64,hdapsd,20250908-1,https://github.com/evgeni/hdapsd,https://github.com/evgeni/hdapsd,hdapsd-20250908-1-x86_64.pkg.tar.zst,https://archive.archlinux.org/repos/2026/08/09/extra/os/x86_64/hdapsd-20250908-1-x86_64.pkg.tar.zst,07c91c73b8c792eb0b0455e9b092fcf6bea01b55fbc294892bf29a3ef27af2e2,extra
arch,hddtemp,0.3.beta15.54-5,x86_64,hddtemp,0.3.beta15.54-5,https://savannah.nongnu.org/projects/hddtemp/,https://savannah.nongnu.org/projects/hddtemp,hddtemp-0.3.beta15.54-5-x86_64.pkg.tar.zst,https://archive.archlinux.org/repos/2026/08/09/extra/os/x86_64/hddtemp-0.3.beta15.54-5-x86_64.pkg.tar.zst,6337254fa8dd8117fd75f0f89762cf948c9af5c62e9d06176781a0f97700d109,extra
arch,headscale,0.29.3-1,x86_64,headscale,0.29.3-1,https://github.com/juanfont/headscale,https://github.com/juanfont/headscale,headscale-0.29.3-1-x86_64.pkg.tar.zst,https://archive.archlinux.org/repos/2026/08/09/extra/os/x86_64/headscale-0.29.3-1-x86_64.pkg.tar.zst,f43de9a7368d5d5fccb410bd39e7e521bc7bfcaad3b842c062b02956a472fb9f,extra
arch,hostapd,2.11-4,x86_64,hostapd,2.11-4,https://w1.fi/hostapd/,https://w1.fi/hostapd,hostapd-2.11-4-x86_64.pkg.tar.zst,https://archive.archlinux.org/repos/2026/08/09/extra/os/x86_64/hostapd-2.11-4-x86_64.pkg.tar.zst,5085046d71c49f741218b10a19e1eaa3bb25a337fd6829018982a72535903d3d,extra
arch,hyperv,7.1.7-1,x86_64,linux-tools,7.1.7-1,https://www.kernel.org,https://www.kernel.org,hyperv-7.1.7-1-x86_64.pkg.tar.zst,https://archive.archlinux.org/repos/2026/08/09/extra/os/x86_64/hyperv-7.1.7-1-x86_64.pkg.tar.zst,9ded451c9fbc5891ccabefaee7e84e4bce345138fbfe3e739ab477a5b14b765a,extra
arch,i2pd,2.61.0-1,x86_64,i2pd,2.61.0-1,https://i2pd.website/,https://i2pd.website,i2pd-2.61.0-1-x86_64.pkg.tar.zst,https://archive.archlinux.org/repos/2026/08/09/extra/os/x86_64/i2pd-2.61.0-1-x86_64.pkg.tar.zst,961275cd55819b19bca7196405ba50af2c5f7a6995533908f7740f71eec4e803,extra
arch,iio-sensor-proxy,3.9-1,x86_64,iio-sensor-proxy,3.9-1,https://gitlab.freedesktop.org/hadess/iio-sensor-proxy/,https://gitlab.freedesktop.org/hadess/iio-sensor-proxy,iio-sensor-proxy-3.9-1-x86_64.pkg.tar.zst,https://archive.archlinux.org/repos/2026/08/09/extra/os/x86_64/iio-sensor-proxy-3.9-1-x86_64.pkg.tar.zst,02d90729e6990f3a8208577a5d2fe65acbd3b6563d6ab4cc08019dbe07c7de6f,extra
arch,incron,0.5.12-7,x86_64,incron,0.5.12-7,https://github.com/ar-/incron,https://github.com/ar-/incron,incron-0.5.12-7-x86_64.pkg.tar.zst,https://archive.archlinux.org/repos/2026/08/09/extra/os/x86_64/incron-0.5.12-7-x86_64.pkg.tar.zst,ea437035239d70eeed2edb3ab68d6a4f50dd108d1685c56288afa6eb32fbbba5,extra
arch,incus,7.3.0-1,x86_64,incus,7.3.0-1,https://linuxcontainers.org/incus/,https://linuxcontainers.org/incus,incus-7.3.0-1-x86_64.pkg.tar.zst,https://archive.archlinux.org/repos/2026/08/09/extra/os/x86_64/incus-7.3.0-1-x86_64.pkg.tar.zst,ecf753ae36ca1b8341637c6475087214e677f521602acab95634761c1f7fc7c2,extra
arch,inetutils,2.8-1,x86_64,inetutils,2.8-1,https://www.gnu.org/software/inetutils/,https://www.gnu.org/software/inetutils,inetutils-2.8-1-x86_64.pkg.tar.zst,https://archive.archlinux.org/repos/2026/08/09/core/os/x86_64/inetutils-2.8-1-x86_64.pkg.tar.zst,e758c204b7dcabbaf7ae55d51fb82d2e5f6b304ab460da4b6d81deddbb7c538b,core
arch,intel-lpmd,0.1.0-4,x86_64,intel-lpmd,0.1.0-4,https://github.com/intel/intel-lpmd,https://github.com/intel/intel-lpmd,intel-lpmd-0.1.0-4-x86_64.pkg.tar.zst,https://archive.archlinux.org/repos/2026/08/09/extra/os/x86_64/intel-lpmd-0.1.0-4-x86_64.pkg.tar.zst,45235827421ae8174465591de0cc77f27b812cfebb618735969b7253bd373b55,extra
arch,intel-undervolt,1.7-3,x86_64,intel-undervolt,1.7-3,https://github.com/kitsunyan/intel-undervolt,https://github.com/kitsunyan/intel-undervolt,intel-undervolt-1.7-3-x86_64.pkg.tar.zst,https://archive.archlinux.org/repos/2026/08/09/extra/os/x86_64/intel-undervolt-1.7-3-x86_64.pkg.tar.zst,a0a25d7f82445545005e82bbc71b74d16d098943e1ad5de2426090ed90bab88a,extra
arch,interception-tools,0.6.8-9,x86_64,interception-tools,0.6.8-9,https://gitlab.com/interception/linux/tools,https://gitlab.com/interception/linux/tools,interception-tools-0.6.8-9-x86_64.pkg.tar.zst,https://archive.archlinux.org/repos/2026/08/09/extra/os/x86_64/interception-tools-0.6.8-9-x86_64.pkg.tar.zst,3670dc1f131cbc51355d007efcb3829d752bb5fc8dc499bd60b2c9f91229de02,extra
arch,iodine,0.8.0-2,x86_64,iodine,0.8.0-2,https://code.kryo.se/iodine,https://code.kryo.se/iodine,iodine-0.8.0-2-x86_64.pkg.tar.zst,https://archive.archlinux.org/repos/2026/08/09/extra/os/x86_64/iodine-0.8.0-2-x86_64.pkg.tar.zst,b30542b4cc74faa4fdda85cb2e7659678fb2d49ee1ff181ed7f4efffab7efd0d,extra
arch,ipp-usb,0.9.34-1,x86_64,ipp-usb,0.9.34-1,https://github.com/OpenPrinting/ipp-usb,https://github.com/OpenPrinting/ipp-usb,ipp-usb-0.9.34-1-x86_64.pkg.tar.zst,https://archive.archlinux.org/repos/2026/08/09/extra/os/x86_64/ipp-usb-0.9.34-1-x86_64.pkg.tar.zst,813f7c65ead00a93300aea890f35b1d5bd7075bd674545a262a3e815d04cde8b,extra
arch,kea,1:3.2.0-2,x86_64,kea,1:3.2.0-2,https://kea.isc.org,https://kea.isc.org,kea-1:3.2.0-2-x86_64.pkg.tar.zst,https://archive.archlinux.org/repos/2026/08/09/extra/os/x86_64/kea-1:3.2.0-2-x86_64.pkg.tar.zst,8cae4f7e57e8fb9fd2ea23971ac621e97bfca8f558afe39ad125fc172b864497,extra
arch,keepalived,2.4.3-1,x86_64,keepalived,2.4.3-1,https://www.keepalived.org/,https://www.keepalived.org,keepalived-2.4.3-1-x86_64.pkg.tar.zst,https://archive.archlinux.org/repos/2026/08/09/extra/os/x86_64/keepalived-2.4.3-1-x86_64.pkg.tar.zst,4fd570f55500697f97ab84775b5a8dc09ae07a61008d7454abbeb0e40ba22e54,extra
arch,keyd,2.6.0-5,x86_64,keyd,2.6.0-5,https://github.com/rvaiya/keyd,https://github.com/rvaiya/keyd,keyd-2.6.0-5-x86_64.pkg.tar.zst,https://archive.archlinux.org/repos/2026/08/09/extra/os/x86_64/keyd-2.6.0-5-x86_64.pkg.tar.zst,054638ee50f5a172472fd20575a5253c1579cb57d5416021598685310bfe8e81,extra
arch,kmonad,0.4.5-7,x86_64,kmonad,0.4.5-7,https://hackage.haskell.org/package/kmonad,https://hackage.haskell.org/package/kmonad,kmonad-0.4.5-7-x86_64.pkg.tar.zst,https://archive.archlinux.org/repos/2026/08/09/extra/os/x86_64/kmonad-0.4.5-7-x86_64.pkg.tar.zst,7e846d12a32e3ff042a3846f73adbe2a9c9fca82f006df47cb1f0a58b5d9b747,extra
arch,kmscon,10.0.1-1,x86_64,kmscon,10.0.1-1,https://github.com/kmscon/kmscon,https://github.com/kmscon/kmscon,kmscon-10.0.1-1-x86_64.pkg.tar.zst,https://archive.archlinux.org/repos/2026/08/09/extra/os/x86_64/kmscon-10.0.1-1-x86_64.pkg.tar.zst,104a6e5922410d5462f3659606226a2f1ef3f31c99d36bfee5f60239b13b5d0d,extra
arch,knot,3.5.5-1,x86_64,knot,3.5.5-1,https://www.knot-dns.cz/,https://www.knot-dns.cz,knot-3.5.5-1-x86_64.pkg.tar.zst,https://archive.archlinux.org/repos/2026/08/09/extra/os/x86_64/knot-3.5.5-1-x86_64.pkg.tar.zst,3fcd60bd99edabeb5cbf07b3e1b7ae1fc3233a29084199d6b91907d6041f8989,extra
arch,knot-resolver,6.4.0-1,x86_64,knot-resolver,6.4.0-1,https://www.knot-resolver.cz/,https://www.knot-resolver.cz,knot-resolver-6.4.0-1-x86_64.pkg.tar.zst,https://archive.archlinux.org/repos/2026/08/09/extra/os/x86_64/knot-resolver-6.4.0-1-x86_64.pkg.tar.zst,c48eeaff7651ec9b09d6939e5526e4e3e0a694c051824aecf5848000a01ab247,extra
arch,krb5,1.22.2-1,x86_64,krb5,1.22.2-1,https://web.mit.edu/kerberos/,https://web.mit.edu/kerberos,krb5-1.22.2-1-x86_64.pkg.tar.zst,https://archive.archlinux.org/repos/2026/08/09/core/os/x86_64/krb5-1.22.2-1-x86_64.pkg.tar.zst,38dcaf86512559c47e9b084ce78f417b5e8b0634feb8cb80b5edeab2c40b704f,core
arch,lib32-pcsclite,2.5.1-1,x86_64,lib32-pcsclite,2.5.1-1,https://pcsclite.apdu.fr/,https://pcsclite.apdu.fr,lib32-pcsclite-2.5.1-1-x86_64.pkg.tar.zst,https://archive.archlinux.org/repos/2026/08/09/multilib/os/x86_64/lib32-pcsclite-2.5.1-1-x86_64.pkg.tar.zst,3be7e2bdfb5450badf5cd26336db12f985dbdf6bef3f67fa872f12659f003603,multilib
arch,libiio,0.26-5,x86_64,libiio,0.26-5,https://github.com/analogdevicesinc/libiio,https://github.com/analogdevicesinc/libiio,libiio-0.26-5-x86_64.pkg.tar.zst,https://archive.archlinux.org/repos/2026/08/09/extra/os/x86_64/libiio-0.26-5-x86_64.pkg.tar.zst,adbdbbf60dc41c4273318449c8d8cac9f5b50fe7966f31c75ecd91b30011afac,extra
arch,libratbag,0.18-1,x86_64,libratbag,0.18-1,https://github.com/libratbag/libratbag,https://github.com/libratbag/libratbag,libratbag-0.18-1-x86_64.pkg.tar.zst,https://archive.archlinux.org/repos/2026/08/09/extra/os/x86_64/libratbag-0.18-1-x86_64.pkg.tar.zst,408148a1f90783ab562344520c9a731633c05dfad42bdec9d9f4cecfb2017d74,extra
arch,libvirt,1:12.6.0-1,x86_64,libvirt,1:12.6.0-1,https://libvirt.org/,https://libvirt.org,libvirt-1:12.6.0-1-x86_64.pkg.tar.zst,https://archive.archlinux.org/repos/2026/08/09/extra/os/x86_64/libvirt-1:12.6.0-1-x86_64.pkg.tar.zst,0c8b2a81d80cdbaed5d8942856c5a24d8370673f019bbf62ae58df6d4767c148,extra
arch,lighttpd,1.4.85-1,x86_64,lighttpd,1.4.85-1,https://www.lighttpd.net/,https://www.lighttpd.net,lighttpd-1.4.85-1-x86_64.pkg.tar.zst,https://archive.archlinux.org/repos/2026/08/09/extra/os/x86_64/lighttpd-1.4.85-1-x86_64.pkg.tar.zst,5d63881923d41f80c53ef382775d1b2885488aba063d51386faa7d656e65b104,extra
arch,lirc,1:0.10.2-6,x86_64,lirc,1:0.10.2-6,https://www.lirc.org/,https://www.lirc.org,lirc-1:0.10.2-6-x86_64.pkg.tar.zst,https://archive.archlinux.org/repos/2026/08/09/extra/os/x86_64/lirc-1:0.10.2-6-x86_64.pkg.tar.zst,135dba856f5c7136e6736d433b2292a7295b702ee6bcb8998529fa3029a09ae2,extra
arch,llama-cpp,b10330-1,x86_64,llama-cpp,b10330-1,https://github.com/ggml-org/llama.cpp,https://github.com/ggml-org/llama.cpp,llama-cpp-b10330-1-x86_64.pkg.tar.zst,https://archive.archlinux.org/repos/2026/08/09/extra/os/x86_64/llama-cpp-b10330-1-x86_64.pkg.tar.zst,47e78c6fc67ef59ab2aecba648ee9c4c6bc76c27f227708ff8b5bfe0f7f6ef73,extra
arch,logrotate,3.22.0-1,x86_64,logrotate,3.22.0-1,https://github.com/logrotate/logrotate,https://github.com/logrotate/logrotate,logrotate-3.22.0-1-x86_64.pkg.tar.zst,https://archive.archlinux.org/repos/2026/08/09/core/os/x86_64/logrotate-3.22.0-1-x86_64.pkg.tar.zst,5a5619364c6655c15d35ef26359e0fd3fb570ec0dfa85e8ab0175eb630a9566f,core
arch,lprint,1.4.0-1,x86_64,lprint,1.4.0-1,https://www.msweet.org/lprint/,https://www.msweet.org/lprint,lprint-1.4.0-1-x86_64.pkg.tar.zst,https://archive.archlinux.org/repos/2026/08/09/extra/os/x86_64/lprint-1.4.0-1-x86_64.pkg.tar.zst,be453eb2c58a50ad322af24a698adce9f5842267b0a08b2e6ec945ec5b647b5d,extra
arch,luanti-server,5.16.1-1,x86_64,luanti,5.16.1-1,https://www.luanti.org/,https://www.luanti.org,luanti-server-5.16.1-1-x86_64.pkg.tar.zst,https://archive.archlinux.org/repos/2026/08/09/extra/os/x86_64/luanti-server-5.16.1-1-x86_64.pkg.tar.zst,c719885ba8bdebd5ba2b7bb9ef0fc51cd12395718af04237aa4e83b275d272e7,extra
arch,lvm2,2.03.42-1,x86_64,lvm2,2.03.42-1,https://sourceware.org/lvm2/,https://sourceware.org/lvm2,lvm2-2.03.42-1-x86_64.pkg.tar.zst,https://archive.archlinux.org/repos/2026/08/09/core/os/x86_64/lvm2-2.03.42-1-x86_64.pkg.tar.zst,d992266151f5b43d5640138de40a5ea1892ac63b5b66c368d1a2c14a340b1106,core
arch,lxc,1:7.0.0-2,x86_64,lxc,1:7.0.0-2,https://linuxcontainers.org,https://linuxcontainers.org,lxc-1:7.0.0-2-x86_64.pkg.tar.zst,https://archive.archlinux.org/repos/2026/08/09/extra/os/x86_64/lxc-1:7.0.0-2-x86_64.pkg.tar.zst,970b594fee0968ac7bcc83a21c013c19bed5ccfa001775cf1f1fd1c26fe5aa12,extra
arch,lxcfs,7.0.0-2,x86_64,lxcfs,7.0.0-2,https://linuxcontainers.org/,https://linuxcontainers.org,lxcfs-7.0.0-2-x86_64.pkg.tar.zst,https://archive.archlinux.org/repos/2026/08/09/extra/os/x86_64/lxcfs-7.0.0-2-x86_64.pkg.tar.zst,cb0d9bbbdbffb53cabf380841d78961411e8812f73f4db56bd9579345af45716,extra
arch,ly,1.4.1-1,x86_64,ly,1.4.1-1,https://codeberg.org/fairyglade/ly,https://codeberg.org/fairyglade/ly,ly-1.4.1-1-x86_64.pkg.tar.zst,https://archive.archlinux.org/repos/2026/08/09/extra/os/x86_64/ly-1.4.1-1-x86_64.pkg.tar.zst,f2080fc53a62033c8bf2714b227e276497423fa2620790959817f388229f9ad3,extra
arch,lynis,3.1.7-1,any,lynis,3.1.7-1,https://cisofy.com/lynis/,https://cisofy.com/lynis,lynis-3.1.7-1-any.pkg.tar.zst,https://archive.archlinux.org/repos/2026/08/09/extra/os/x86_64/lynis-3.1.7-1-any.pkg.tar.zst,90354351234f309b9433a15bc764356c010987ada20cdd63564b07b44bb25254,extra
arch,mailman3,3.3.10-7,any,mailman3,3.3.10-7,https://www.list.org/,https://www.list.org,mailman3-3.3.10-7-any.pkg.tar.zst,https://archive.archlinux.org/repos/2026/08/09/extra/os/x86_64/mailman3-3.3.10-7-any.pkg.tar.zst,c4d4115d86367d02e6fec410cb1398b99165d666b1624633e0fda109c7ef2b7f,extra
arch,malcontent,0.14.0-4,x86_64,malcontent,0.14.0-4,https://gitlab.freedesktop.org/pwithnall/malcontent,https://gitlab.freedesktop.org/pwithnall/malcontent,malcontent-0.14.0-4-x86_64.pkg.tar.zst,https://archive.archlinux.org/repos/2026/08/09/extra/os/x86_64/malcontent-0.14.0-4-x86_64.pkg.tar.zst,97562adaba7efddc377617e3306ba2a82b7223aaf8cc39b94777e44dd5f0e384,extra
arch,mariadb,12.3.2-4,x86_64,mariadb,12.3.2-4,https://mariadb.org/,https://mariadb.org,mariadb-12.3.2-4-x86_64.pkg.tar.zst,https://archive.archlinux.org/repos/2026/08/09/extra/os/x86_64/mariadb-12.3.2-4-x86_64.pkg.tar.zst,9b09ce4edcda6d3274a0790cb7098bd943e12022270daad1f8415051085aa9ff,extra
arch,mariadb-lts,11.8.8-3,x86_64,mariadb-lts,11.8.8-3,https://mariadb.org/,https://mariadb.org,mariadb-lts-11.8.8-3-x86_64.pkg.tar.zst,https://archive.archlinux.org/repos/2026/08/09/extra/os/x86_64/mariadb-lts-11.8.8-3-x86_64.pkg.tar.zst,ecedba69f93ab16d88952860fe5c463c5026c2d3f3a63df685ae7c1b0884d7bf,extra
arch,matrix-synapse,1.156.0-1,x86_64,matrix-synapse,1.156.0-1,https://github.com/element-hq/synapse,https://github.com/element-hq/synapse,matrix-synapse-1.156.0-1-x86_64.pkg.tar.zst,https://archive.archlinux.org/repos/2026/08/09/extra/os/x86_64/matrix-synapse-1.156.0-1-x86_64.pkg.tar.zst,a3ebcf0b14b7cc0fd769cfadca5c04d7b8b8ba8911dbf9e18cd0fb9f11c4e2c8,extra
arch,matterbridge,1.26.0-3,x86_64,matterbridge,1.26.0-3,https://github.com/42wim/matterbridge,https://github.com/42wim/matterbridge,matterbridge-1.26.0-3-x86_64.pkg.tar.zst,https://archive.archlinux.org/repos/2026/08/09/extra/os/x86_64/matterbridge-1.26.0-3-x86_64.pkg.tar.zst,13e78e9ae8aa56587216ead202611cc1c5cfc7fad2d4e6cf345d9cdb3aa9b783,extra
arch,memcached,1.6.42-1,x86_64,memcached,1.6.42-1,https://memcached.org/,https://memcached.org,memcached-1.6.42-1-x86_64.pkg.tar.zst,https://archive.archlinux.org/repos/2026/08/09/extra/os/x86_64/memcached-1.6.42-1-x86_64.pkg.tar.zst,c4093dad4499de3dd7d25fa4cedf6dafe728375472e668c165ef6d6a40f75179,extra
arch,metalog,20260221-1,x86_64,metalog,20260221-1,http://metalog.sourceforge.net,https://metalog.sourceforge.net,metalog-20260221-1-x86_64.pkg.tar.zst,https://archive.archlinux.org/repos/2026/08/09/extra/os/x86_64/metalog-20260221-1-x86_64.pkg.tar.zst,3e859569da1547fd17bd816f82cc9781a03f1e12483ccc71c334e472efb68ff1,extra
arch,minidlna,1.3.3-7,x86_64,minidlna,1.3.3-7,https://sourceforge.net/projects/minidlna/,https://sourceforge.net/projects/minidlna,minidlna-1.3.3-7-x86_64.pkg.tar.zst,https://archive.archlinux.org/repos/2026/08/09/extra/os/x86_64/minidlna-1.3.3-7-x86_64.pkg.tar.zst,4339a6cc99295a47b66d6819f80b9aac7a3fac9da76ba042d2227460de1d9c04,extra
arch,miniflux,2.3.3-1,x86_64,miniflux,2.3.3-1,https://miniflux.app,https://miniflux.app,miniflux-2.3.3-1-x86_64.pkg.tar.zst,https://archive.archlinux.org/repos/2026/08/09/extra/os/x86_64/miniflux-2.3.3-1-x86_64.pkg.tar.zst,135966c126c3256522303019bc1f144ad069c58262db2bd63dc2439c4a2808b5,extra
arch,miniupnpd,2.3.10-1,x86_64,miniupnpd,2.3.10-1,https://miniupnp.tuxfamily.org/,https://miniupnp.tuxfamily.org,miniupnpd-2.3.10-1-x86_64.pkg.tar.zst,https://archive.archlinux.org/repos/2026/08/09/extra/os/x86_64/miniupnpd-2.3.10-1-x86_64.pkg.tar.zst,8ef0127c84c5fd6a87f85073cc701586bb7a76af4bbcad6575bef59cbba4cb3a,extra
arch,modemmanager,1.24.2-1,x86_64,modemmanager,1.24.2-1,https://www.freedesktop.org/wiki/Software/ModemManager/,https://www.freedesktop.org/wiki/Software/ModemManager,modemmanager-1.24.2-1-x86_64.pkg.tar.zst,https://archive.archlinux.org/repos/2026/08/09/extra/os/x86_64/modemmanager-1.24.2-1-x86_64.pkg.tar.zst,5f4efbe591b9cfcdc66f59fd6790507094285791502a62d157640f3510de93d3,extra
arch,monit,6.0.0-1,x86_64,monit,6.0.0-1,https://mmonit.com/monit/,https://mmonit.com/monit,monit-6.0.0-1-x86_64.pkg.tar.zst,https://archive.archlinux.org/repos/2026/08/09/extra/os/x86_64/monit-6.0.0-1-x86_64.pkg.tar.zst,810aee9a75fd788d07e3d2e844fbba88bf0a25314922776b7f750a0b6b7c6772,extra
arch,mosquitto,2.1.2-2,x86_64,mosquitto,2.1.2-2,https://mosquitto.org/,https://mosquitto.org,mosquitto-2.1.2-2-x86_64.pkg.tar.zst,https://archive.archlinux.org/repos/2026/08/09/extra/os/x86_64/mosquitto-2.1.2-2-x86_64.pkg.tar.zst,c98660e6b17f81e73c7a7b10ff537d667bdaad8ef4729fedca848e7438d79987,extra
arch,motion,4.7.1-2,x86_64,motion,4.7.1-2,https://motion-project.github.io,https://motion-project.github.io,motion-4.7.1-2-x86_64.pkg.tar.zst,https://archive.archlinux.org/repos/2026/08/09/extra/os/x86_64/motion-4.7.1-2-x86_64.pkg.tar.zst,3526fdf869211d4c5933309b7a93152648712442664635c701d0cfe255ca2c8c,extra
arch,mpd,0.24.13-3,x86_64,mpd,0.24.13-3,https://www.musicpd.org/,https://www.musicpd.org,mpd-0.24.13-3-x86_64.pkg.tar.zst,https://archive.archlinux.org/repos/2026/08/09/extra/os/x86_64/mpd-0.24.13-3-x86_64.pkg.tar.zst,03ca044c6d9f99989c46e2e1659baacd58f9ae6dfd631350f610b532683871ed,extra
arch,mpdscribble,0.26-1,x86_64,mpdscribble,0.26-1,https://www.musicpd.org/clients/mpdscribble/,https://www.musicpd.org/clients/mpdscribble,mpdscribble-0.26-1-x86_64.pkg.tar.zst,https://archive.archlinux.org/repos/2026/08/09/extra/os/x86_64/mpdscribble-0.26-1-x86_64.pkg.tar.zst,8bb622da90506a9582a77b0c5be050786fdd9061178a3db4b380eb1d0a446669,extra
arch,mumble-server,1.5.915-1,x86_64,mumble,1.5.915-1,https://www.mumble.info/,https://www.mumble.info,mumble-server-1.5.915-1-x86_64.pkg.tar.zst,https://archive.archlinux.org/repos/2026/08/09/extra/os/x86_64/mumble-server-1.5.915-1-x86_64.pkg.tar.zst,bde9343c2cc152f550fcdbb8946ee5815f828ac9357d0104968daa742e46f372,extra
arch,munin,2.0.76-1,any,munin,2.0.76-1,http://munin-monitoring.org/,https://munin-monitoring.org,munin-2.0.76-1-any.pkg.tar.zst,https://archive.archlinux.org/repos/2026/08/09/extra/os/x86_64/munin-2.0.76-1-any.pkg.tar.zst,0020ef7a97a39bd5ed9c40c50bcd68f827895d55449c13ca9a07f4a6e6041c8c,extra
arch,munin-node,2.0.76-1,any,munin,2.0.76-1,http://munin-monitoring.org/,https://munin-monitoring.org,munin-node-2.0.76-1-any.pkg.tar.zst,https://archive.archlinux.org/repos/2026/08/09/extra/os/x86_64/munin-node-2.0.76-1-any.pkg.tar.zst,53dd9504abec208692127c3a6791c219d0d26a2712c64d5c7e89477d6373017c,extra
arch,nbd,3.27.1-4,x86_64,nbd,3.27.1-4,https://github.com/NetworkBlockDevice/nbd/,https://github.com/NetworkBlockDevice/nbd,nbd-3.27.1-4-x86_64.pkg.tar.zst,https://archive.archlinux.org/repos/2026/08/09/extra/os/x86_64/nbd-3.27.1-4-x86_64.pkg.tar.zst,5f9a126f7e8c9db177b396e6aedd99f45da9d097399a7b101ebc488bd5e201ce,extra
arch,ndctl,85-1,x86_64,ndctl,85-1,https://github.com/pmem/ndctl,https://github.com/pmem/ndctl,ndctl-85-1-x86_64.pkg.tar.zst,https://archive.archlinux.org/repos/2026/08/09/extra/os/x86_64/ndctl-85-1-x86_64.pkg.tar.zst,8473584f486f93fecefd62240ef1e83194e562c9ff899c1491036edae9e41443,extra
arch,ndisc6,1.0.8-1,x86_64,ndisc6,1.0.8-1,https://www.remlab.net/ndisc6/,https://www.remlab.net/ndisc6,ndisc6-1.0.8-1-x86_64.pkg.tar.zst,https://archive.archlinux.org/repos/2026/08/09/extra/os/x86_64/ndisc6-1.0.8-1-x86_64.pkg.tar.zst,2a13fcfc468af778ca7fea686d14cf1e904903cace81619ff380dff496b76dd6,extra
arch,nebula,1.11.0-1,x86_64,nebula,1.11.0-1,https://github.com/slackhq/nebula,https://github.com/slackhq/nebula,nebula-1.11.0-1-x86_64.pkg.tar.zst,https://archive.archlinux.org/repos/2026/08/09/extra/os/x86_64/nebula-1.11.0-1-x86_64.pkg.tar.zst,7d60a92daf63cb091c637725260d8feb981ffd1f7180fc8960e37143b48408a8,extra
arch,netavark,2.0.0-1,x86_64,netavark,2.0.0-1,https://github.com/containers/netavark,https://github.com/containers/netavark,netavark-2.0.0-1-x86_64.pkg.tar.zst,https://archive.archlinux.org/repos/2026/08/09/extra/os/x86_64/netavark-2.0.0-1-x86_64.pkg.tar.zst,4bbdd44a9cff18f838201ef5a02ebf12d168ef24709e8d11c9c54681e623123c,extra
arch,netctl,1.29-2,any,netctl,1.29-2,https://gitlab.archlinux.org/archlinux/netctl,https://gitlab.archlinux.org/archlinux/netctl,netctl-1.29-2-any.pkg.tar.zst,https://archive.archlinux.org/repos/2026/08/09/extra/os/x86_64/netctl-1.29-2-any.pkg.tar.zst,af21ac6ffe10827a1977d9883fde131fca0fcc8a642df712d591f05a8ec7776f,extra
arch,netperf,2.7.0-8,x86_64,netperf,2.7.0-8,https://github.com/HewlettPackard/netperf/,https://github.com/HewlettPackard/netperf,netperf-2.7.0-8-x86_64.pkg.tar.zst,https://archive.archlinux.org/repos/2026/08/09/extra/os/x86_64/netperf-2.7.0-8-x86_64.pkg.tar.zst,d55c524b9a92cbcce1b7d881e657b39fdfa39bd738cd948b8407f381f68b25ab,extra
arch,networkmanager,1.58.0-1,x86_64,networkmanager,1.58.0-1,https://networkmanager.dev/,https://networkmanager.dev,networkmanager-1.58.0-1-x86_64.pkg.tar.zst,https://archive.archlinux.org/repos/2026/08/09/extra/os/x86_64/networkmanager-1.58.0-1-x86_64.pkg.tar.zst,4a7a2320cec15aedd688c5408cd0c587d1bab30d1127e9b5dfd6d4fbf32870df,extra
arch,nextcloud,34.0.2-1,any,nextcloud,34.0.2-1,https://nextcloud.com,https://nextcloud.com,nextcloud-34.0.2-1-any.pkg.tar.zst,https://archive.archlinux.org/repos/2026/08/09/extra/os/x86_64/nextcloud-34.0.2-1-any.pkg.tar.zst,498963a10ccf38acc46abbc9580ffaeed1eba2095d66c55dff0f2e0c26a1780f,extra
arch,nftables,1:1.1.6-3,x86_64,nftables,1:1.1.6-3,https://netfilter.org/projects/nftables/,https://netfilter.org/projects/nftables,nftables-1:1.1.6-3-x86_64.pkg.tar.zst,https://archive.archlinux.org/repos/2026/08/09/extra/os/x86_64/nftables-1:1.1.6-3-x86_64.pkg.tar.zst,be60816ae334b9a9fd2752cc14ef5c6cc61dbfeb380143131ce743384ac3a9bf,extra
arch,nginx,1.30.4-1,x86_64,nginx,1.30.4-1,https://nginx.org,https://nginx.org,nginx-1.30.4-1-x86_64.pkg.tar.zst,https://archive.archlinux.org/repos/2026/08/09/extra/os/x86_64/nginx-1.30.4-1-x86_64.pkg.tar.zst,7a3d47503674024b11adf6d43f73fd2b6ec97459252a85d97614b12de050efcc,extra
arch,nginx-mainline,1.31.3-1,x86_64,nginx-mainline,1.31.3-1,https://nginx.org,https://nginx.org,nginx-mainline-1.31.3-1-x86_64.pkg.tar.zst,https://archive.archlinux.org/repos/2026/08/09/extra/os/x86_64/nginx-mainline-1.31.3-1-x86_64.pkg.tar.zst,1599b3674a8532def7566284fc41b6fef8b94c082f495e8d205d3eee6859d33f,extra
arch,nix,2.35.1-3,x86_64,nix,2.35.1-3,https://nixos.org/nix,https://nixos.org/nix,nix-2.35.1-3-x86_64.pkg.tar.zst,https://archive.archlinux.org/repos/2026/08/09/extra/os/x86_64/nix-2.35.1-3-x86_64.pkg.tar.zst,482c6f0df832b16ff864456d1a97d411fc3e680dc9270a82e0e328ef33fb9320,extra
arch,nm-cloud-setup,1.58.0-1,x86_64,networkmanager,1.58.0-1,https://networkmanager.dev/,https://networkmanager.dev,nm-cloud-setup-1.58.0-1-x86_64.pkg.tar.zst,https://archive.archlinux.org/repos/2026/08/09/extra/os/x86_64/nm-cloud-setup-1.58.0-1-x86_64.pkg.tar.zst,db88f4f46d04f632c71dbe7b1db423c81a2c9a0a06e2356209e4ca330656e862,extra
arch,nodm,0.13-4,x86_64,nodm,0.13-4,https://github.com/spanezz/nodm,https://github.com/spanezz/nodm,nodm-0.13-4-x86_64.pkg.tar.zst,https://archive.archlinux.org/repos/2026/08/09/extra/os/x86_64/nodm-0.13-4-x86_64.pkg.tar.zst,15b674615248b2c7193e9548ce4804b8e81e42042fc3840aa42f2f76ab16eca1,extra
arch,nsd,4.15.0-1,x86_64,nsd,4.15.0-1,https://www.nlnetlabs.nl/nsd/,https://www.nlnetlabs.nl/nsd,nsd-4.15.0-1-x86_64.pkg.tar.zst,https://archive.archlinux.org/repos/2026/08/09/extra/os/x86_64/nsd-4.15.0-1-x86_64.pkg.tar.zst,ef97f1c26bdf7bd271f7d0ba73444f372e73d2b44df33b642c47aaf4a110c93e,extra
arch,nss-pam-ldapd,0.9.13-1,x86_64,nss-pam-ldapd,0.9.13-1,https://arthurdejong.org/nss-pam-ldapd/,https://arthurdejong.org/nss-pam-ldapd,nss-pam-ldapd-0.9.13-1-x86_64.pkg.tar.zst,https://archive.archlinux.org/repos/2026/08/09/extra/os/x86_64/nss-pam-ldapd-0.9.13-1-x86_64.pkg.tar.zst,7f5436dcbd7152ab09f89eec736ceaf044908fa2fb6c7a6bfb85f25f4a4c4b42,extra
arch,nut,2.8.5-2,x86_64,nut,2.8.5-2,https://networkupstools.org/,https://networkupstools.org,nut-2.8.5-2-x86_64.pkg.tar.zst,https://archive.archlinux.org/repos/2026/08/09/extra/os/x86_64/nut-2.8.5-2-x86_64.pkg.tar.zst,7a2c0ec7d9a9c84a8726106846e5cf6c5ede033b94624e942da3bc753be5ed1e,extra
arch,nvidia-utils,610.57.04-1,x86_64,nvidia-utils,610.57.04-1,https://www.nvidia.com/,https://www.nvidia.com,nvidia-utils-610.57.04-1-x86_64.pkg.tar.zst,https://archive.archlinux.org/repos/2026/08/09/extra/os/x86_64/nvidia-utils-610.57.04-1-x86_64.pkg.tar.zst,2ea5a57afc5104edd40dc4f4b1160f067f09ff1dad7e1bc588408087d1f7c0d0,extra
arch,nvme-cli,2.16-2,x86_64,nvme-cli,2.16-2,https://github.com/linux-nvme/nvme-cli,https://github.com/linux-nvme/nvme-cli,nvme-cli-2.16-2-x86_64.pkg.tar.zst,https://archive.archlinux.org/repos/2026/08/09/extra/os/x86_64/nvme-cli-2.16-2-x86_64.pkg.tar.zst,bf4b1b38d9da76c7677992489cf28cda7a27f8dc8061cfb183445fad6884cece,extra
arch,oidentd,3.1.0-1,x86_64,oidentd,3.1.0-1,https://oidentd.janikrabe.com/,https://oidentd.janikrabe.com,oidentd-3.1.0-1-x86_64.pkg.tar.zst,https://archive.archlinux.org/repos/2026/08/09/extra/os/x86_64/oidentd-3.1.0-1-x86_64.pkg.tar.zst,51365508726525140fa0012de9e4f061895d34442b352323664752dcaf8d74e3,extra
arch,ollama,0.32.6-1,x86_64,ollama,0.32.6-1,https://github.com/ollama/ollama,https://github.com/ollama/ollama,ollama-0.32.6-1-x86_64.pkg.tar.zst,https://archive.archlinux.org/repos/2026/08/09/extra/os/x86_64/ollama-0.32.6-1-x86_64.pkg.tar.zst,98d5792d052d6943ee2fec1ae6db2a476f9662182a238cbd43962f2f2eb19bcf,extra
arch,open-iscsi,2.1.12-1,x86_64,open-iscsi,2.1.12-1,https://www.open-iscsi.com/,https://www.open-iscsi.com,open-iscsi-2.1.12-1-x86_64.pkg.tar.zst,https://archive.archlinux.org/repos/2026/08/09/extra/os/x86_64/open-iscsi-2.1.12-1-x86_64.pkg.tar.zst,e6690272bf4abc00e7be20ed0f46902cebb4599bd156a9b65a489fe8d03668b8,extra
arch,open-vm-tools,6:13.1.0-3,x86_64,open-vm-tools,6:13.1.0-3,https://github.com/vmware/open-vm-tools,https://github.com/vmware/open-vm-tools,open-vm-tools-6:13.1.0-3-x86_64.pkg.tar.zst,https://archive.archlinux.org/repos/2026/08/09/extra/os/x86_64/open-vm-tools-6:13.1.0-3-x86_64.pkg.tar.zst,af0a61d56c97d626e06b09cf06e98f4b85e4017efc536a2ca43a32a456d70c22,extra
arch,openbao,2.6.1-1,x86_64,openbao,2.6.1-1,https://openbao.org,https://openbao.org,openbao-2.6.1-1-x86_64.pkg.tar.zst,https://archive.archlinux.org/repos/2026/08/09/extra/os/x86_64/openbao-2.6.1-1-x86_64.pkg.tar.zst,715814cc190c775f5cc2285963202d5d65cbb746a70532283ee3824cf8de9aa3,extra
arch,opendkim,2.11.0beta2-1,x86_64,opendkim,2.11.0beta2-1,http://www.opendkim.org/,https://www.opendkim.org,opendkim-2.11.0beta2-1-x86_64.pkg.tar.zst,https://archive.archlinux.org/repos/2026/08/09/extra/os/x86_64/opendkim-2.11.0beta2-1-x86_64.pkg.tar.zst,680313d24898d2170ff1cbcf33e1e8c42e2b021347337258a85d3b70834f5029,extra
arch,openfortivpn,1.24.1-1,x86_64,openfortivpn,1.24.1-1,https://github.com/adrienverge/openfortivpn,https://github.com/adrienverge/openfortivpn,openfortivpn-1.24.1-1-x86_64.pkg.tar.zst,https://archive.archlinux.org/repos/2026/08/09/extra/os/x86_64/openfortivpn-1.24.1-1-x86_64.pkg.tar.zst,aed98a8f423533206e060282b832d5204e6f468081c16ce2c15b6e681e26d8e2,extra
arch,openldap,2.6.13-1,x86_64,openldap,2.6.13-1,https://www.openldap.org/,https://www.openldap.org,openldap-2.6.13-1-x86_64.pkg.tar.zst,https://archive.archlinux.org/repos/2026/08/09/core/os/x86_64/openldap-2.6.13-1-x86_64.pkg.tar.zst,54266b3fa9bd71488e8fab4ee722438cc8ac5fa91a8975b3d078c93b86f82a68,core
arch,openntpd,7.9p1-1,x86_64,openntpd,7.9p1-1,https://www.openntpd.org/,https://www.openntpd.org,openntpd-7.9p1-1-x86_64.pkg.tar.zst,https://archive.archlinux.org/repos/2026/08/09/extra/os/x86_64/openntpd-7.9p1-1-x86_64.pkg.tar.zst,594dd9f9011090f1c789e2f803e71d7349578857a1fcb0dc23e5906d8e840ec0,extra
arch,opensmtpd,7.8.0p1-1,x86_64,opensmtpd,7.8.0p1-1,https://www.opensmtpd.org,https://www.opensmtpd.org,opensmtpd-7.8.0p1-1-x86_64.pkg.tar.zst,https://archive.archlinux.org/repos/2026/08/09/extra/os/x86_64/opensmtpd-7.8.0p1-1-x86_64.pkg.tar.zst,bcf6d1c7a53d1ecb6d911c3cda50c255bdb0eee9645613df92db1e3b0c25b789,extra
arch,opensnitch,1.7.2-4,x86_64,opensnitch,1.7.2-4,https://github.com/evilsocket/opensnitch,https://github.com/evilsocket/opensnitch,opensnitch-1.7.2-4-x86_64.pkg.tar.zst,https://archive.archlinux.org/repos/2026/08/09/extra/os/x86_64/opensnitch-1.7.2-4-x86_64.pkg.tar.zst,9bf3ffe141f0475f9d618812f6ff22100baf5859eb193a73dfb74eb948b8c798,extra
arch,openssh,10.4p1-3,x86_64,openssh,10.4p1-3,https://www.openssh.com/portable.html,https://www.openssh.com/portable.html,openssh-10.4p1-3-x86_64.pkg.tar.zst,https://archive.archlinux.org/repos/2026/08/09/core/os/x86_64/openssh-10.4p1-3-x86_64.pkg.tar.zst,65be404e9e54270a45369746de00e3757881e240bed647a92a4e117c9261963f,core
arch,openvswitch,3.7.1-2,x86_64,openvswitch,3.7.1-2,http://openvswitch.org,https://openvswitch.org,openvswitch-3.7.1-2-x86_64.pkg.tar.zst,https://archive.archlinux.org/repos/2026/08/09/extra/os/x86_64/openvswitch-3.7.1-2-x86_64.pkg.tar.zst,7d8a46e0c0afb7f1ee01513dbc8c13490f8211ab15665426cdfdbf790b913a07,extra
arch,ossp,1.3.3-1,x86_64,ossp,1.3.3-1,https://github.com/OpenMandrivaSoftware/ossp,https://github.com/OpenMandrivaSoftware/ossp,ossp-1.3.3-1-x86_64.pkg.tar.zst,https://archive.archlinux.org/repos/2026/08/09/extra/os/x86_64/ossp-1.3.3-1-x86_64.pkg.tar.zst,be9a84cfb8f08ba1ef8a86a3a8199fa1fe09ba68c9278dbef9c317e85f62838b,extra
arch,ostree,2026.3-1,x86_64,ostree,2026.3-1,https://ostreedev.github.io/ostree/,https://ostreedev.github.io/ostree,ostree-2026.3-1-x86_64.pkg.tar.zst,https://archive.archlinux.org/repos/2026/08/09/extra/os/x86_64/ostree-2026.3-1-x86_64.pkg.tar.zst,5252e7972f96efbd5b29637ed8f9bb691091b58eacd6605686d73d85e6fdb881,extra
arch,packagekit,1.3.6-1,x86_64,packagekit,1.3.6-1,https://www.freedesktop.org/software/PackageKit/,https://www.freedesktop.org/software/PackageKit,packagekit-1.3.6-1-x86_64.pkg.tar.zst,https://archive.archlinux.org/repos/2026/08/09/extra/os/x86_64/packagekit-1.3.6-1-x86_64.pkg.tar.zst,4128e5f744654f035c953341c20b06a5b2dfcb8ef4d24f27239b62ce46d85efa,extra
arch,pantheon-settings-daemon,8.5.0-1,x86_64,pantheon-settings-daemon,8.5.0-1,https://github.com/elementary/settings-daemon.git,https://github.com/elementary/settings-daemon,pantheon-settings-daemon-8.5.0-1-x86_64.pkg.tar.zst,https://archive.archlinux.org/repos/2026/08/09/extra/os/x86_64/pantheon-settings-daemon-8.5.0-1-x86_64.pkg.tar.zst,4d812b2da0bae4474e85f6b35a11cd800b763aca1a680ec5ee40f672704cd331,extra
arch,partimage,0.6.9-16,x86_64,partimage,0.6.9-16,https://www.partimage.org/,https://www.partimage.org,partimage-0.6.9-16-x86_64.pkg.tar.zst,https://archive.archlinux.org/repos/2026/08/09/extra/os/x86_64/partimage-0.6.9-16-x86_64.pkg.tar.zst,39e66d92e5731f6494de8f1aba9509ecd09d0ac52a8d960dc2aae0b9a2f8dba3,extra
arch,passim,0.1.12-1,x86_64,passim,0.1.12-1,https://github.com/hughsie/passim,https://github.com/hughsie/passim,passim-0.1.12-1-x86_64.pkg.tar.zst,https://archive.archlinux.org/repos/2026/08/09/extra/os/x86_64/passim-0.1.12-1-x86_64.pkg.tar.zst,21d94c5c614e5360dacfd7529c8d928a527e8e1317cbd98e7204c837b4c041ee,extra
arch,pcp,7.2.0-2,x86_64,pcp,7.2.0-2,https://pcp.io,https://pcp.io,pcp-7.2.0-2-x86_64.pkg.tar.zst,https://archive.archlinux.org/repos/2026/08/09/extra/os/x86_64/pcp-7.2.0-2-x86_64.pkg.tar.zst,bc0d1c9dcc6e3c97602ddace757c733e0dc011caba4b6a7d33061f2cd11d8b8f,extra
arch,pcp-atop,7.2.0-2,x86_64,pcp,7.2.0-2,https://pcp.io,https://pcp.io,pcp-atop-7.2.0-2-x86_64.pkg.tar.zst,https://archive.archlinux.org/repos/2026/08/09/extra/os/x86_64/pcp-atop-7.2.0-2-x86_64.pkg.tar.zst,e4ada581f227c98cc43fa944028a40bc6437e04cc954746f0ab2d28e35e191e4,extra
arch,pcsclite,2.5.1-1,x86_64,pcsclite,2.5.1-1,https://pcsclite.apdu.fr/,https://pcsclite.apdu.fr,pcsclite-2.5.1-1-x86_64.pkg.tar.zst,https://archive.archlinux.org/repos/2026/08/09/extra/os/x86_64/pcsclite-2.5.1-1-x86_64.pkg.tar.zst,6801585f2543531b47a87ec4bac687770b9b53fe941d384d4c0cbdac99628356,extra
arch,pesign,116-3,x86_64,pesign,116-3,https://github.com/rhboot/pesign,https://github.com/rhboot/pesign,pesign-116-3-x86_64.pkg.tar.zst,https://archive.archlinux.org/repos/2026/08/09/extra/os/x86_64/pesign-116-3-x86_64.pkg.tar.zst,69305b4c61986b2876febf49bdcd6042d71970de11a70b64fe0a59c68f4e1d51,extra
arch,pgbouncer,1.25.2-1,x86_64,pgbouncer,1.25.2-1,https://www.pgbouncer.org/,https://www.pgbouncer.org,pgbouncer-1.25.2-1-x86_64.pkg.tar.zst,https://archive.archlinux.org/repos/2026/08/09/extra/os/x86_64/pgbouncer-1.25.2-1-x86_64.pkg.tar.zst,845523ad2c00a2860ec8159a30ef6ff0c824e770c80dbb3067ce09f92dbdc442,extra
arch,phodav,3.0-4,x86_64,phodav,3.0-4,https://wiki.gnome.org/phodav,https://wiki.gnome.org/phodav,phodav-3.0-4-x86_64.pkg.tar.zst,https://archive.archlinux.org/repos/2026/08/09/extra/os/x86_64/phodav-3.0-4-x86_64.pkg.tar.zst,ca3b568bcea95dfb6f370f490970be5a1699ef26e12bb2dc0e3ecd9f63122b3a,extra
arch,php-fpm,8.5.9-1,x86_64,php,8.5.9-1,https://www.php.net/,https://www.php.net,php-fpm-8.5.9-1-x86_64.pkg.tar.zst,https://archive.archlinux.org/repos/2026/08/09/extra/os/x86_64/php-fpm-8.5.9-1-x86_64.pkg.tar.zst,094c64c23a0ac51e74fe3c1cac2da142d7f60b33ca82014f01fe4d30094f21ac,extra
arch,php-legacy-fpm,8.3.33-1,x86_64,php-legacy,8.3.33-1,https://www.php.net/,https://www.php.net,php-legacy-fpm-8.3.33-1-x86_64.pkg.tar.zst,https://archive.archlinux.org/repos/2026/08/09/extra/os/x86_64/php-legacy-fpm-8.3.33-1-x86_64.pkg.tar.zst,f06c667851305defb944c423fc6e5830c67c84005f21f2edf131637a2ee9c224,extra
arch,plocate,1.1.24-1,x86_64,plocate,1.1.24-1,https://plocate.sesse.net,https://plocate.sesse.net,plocate-1.1.24-1-x86_64.pkg.tar.zst,https://archive.archlinux.org/repos/2026/08/09/extra/os/x86_64/plocate-1.1.24-1-x86_64.pkg.tar.zst,95733c80fccacb18b6794e31cda02435dc4c0923717e5d86d58b93515e3f9772,extra
arch,plymouth,26.134.222-2,x86_64,plymouth,26.134.222-2,https://www.freedesktop.org/wiki/Software/Plymouth/,https://www.freedesktop.org/wiki/Software/Plymouth,plymouth-26.134.222-2-x86_64.pkg.tar.zst,https://archive.archlinux.org/repos/2026/08/09/extra/os/x86_64/plymouth-26.134.222-2-x86_64.pkg.tar.zst,b5316b790d72f04c90d1809e63d9cc664319ebff979d5491ee4db5d9c14403dd,extra
arch,polkit,127-3,x86_64,polkit,127-3,https://github.com/polkit-org/polkit,https://github.com/polkit-org/polkit,polkit-127-3-x86_64.pkg.tar.zst,https://archive.archlinux.org/repos/2026/08/09/extra/os/x86_64/polkit-127-3-x86_64.pkg.tar.zst,96a5189e985738bdb895febd532db5cb3799b8fbb867b7ad8ec68c6e3b85c308,extra
arch,postfix,3.11.5-3,x86_64,postfix,3.11.5-3,https://www.postfix.org/,https://www.postfix.org,postfix-3.11.5-3-x86_64.pkg.tar.zst,https://archive.archlinux.org/repos/2026/08/09/extra/os/x86_64/postfix-3.11.5-3-x86_64.pkg.tar.zst,d5a97739b1d35d8c88080102c402cd99da20bafab477164019eb62583aee6433,extra
arch,postfwd,2.03-3,any,postfwd,2.03-3,https://postfwd.org/,https://postfwd.org,postfwd-2.03-3-any.pkg.tar.zst,https://archive.archlinux.org/repos/2026/08/09/extra/os/x86_64/postfwd-2.03-3-any.pkg.tar.zst,53b4314cfb54ddbe9939f47b73cbe3aad67f70f0891739e95e021f40a1a85c26,extra
arch,postgresql,18.4-3,x86_64,postgresql,18.4-3,https://www.postgresql.org/,https://www.postgresql.org,postgresql-18.4-3-x86_64.pkg.tar.zst,https://archive.archlinux.org/repos/2026/08/09/extra/os/x86_64/postgresql-18.4-3-x86_64.pkg.tar.zst,3d2970f338bef818e79da0f7d9a0c3afa16869285a4a04710139f916a1abe7bf,extra
arch,postgrey,1.37-7,any,postgrey,1.37-7,https://postgrey.schweikert.ch/,https://postgrey.schweikert.ch,postgrey-1.37-7-any.pkg.tar.zst,https://archive.archlinux.org/repos/2026/08/09/extra/os/x86_64/postgrey-1.37-7-any.pkg.tar.zst,bae35143dfa65123e8a68239bd155f8191eb11a75f5041175cb22ee2c4880cbe,extra
arch,power-profiles-daemon,0.30-1,x86_64,power-profiles-daemon,0.30-1,https://gitlab.freedesktop.org/upower/power-profiles-daemon,https://gitlab.freedesktop.org/upower/power-profiles-daemon,power-profiles-daemon-0.30-1-x86_64.pkg.tar.zst,https://archive.archlinux.org/repos/2026/08/09/extra/os/x86_64/power-profiles-daemon-0.30-1-x86_64.pkg.tar.zst,507838f7040584f735cf9ae5ed1ae1ef4bd1fe21b5840e6ed4770cc8b612f588,extra
arch,powerdns,5.1.4-1,x86_64,powerdns,5.1.4-1,https://www.powerdns.com/,https://www.powerdns.com,powerdns-5.1.4-1-x86_64.pkg.tar.zst,https://archive.archlinux.org/repos/2026/08/09/extra/os/x86_64/powerdns-5.1.4-1-x86_64.pkg.tar.zst,a001fd3207dece4dfa28b4a26231e90d524b88e7a7564faf53d02e31f6a9aaf0,extra
arch,powerdns-recursor,5.4.5-1,x86_64,powerdns-recursor,5.4.5-1,https://www.powerdns.com/,https://www.powerdns.com,powerdns-recursor-5.4.5-1-x86_64.pkg.tar.zst,https://archive.archlinux.org/repos/2026/08/09/extra/os/x86_64/powerdns-recursor-5.4.5-1-x86_64.pkg.tar.zst,1d972bd34ee20304bcd077f3db8318e23384c1e628435d9e322d7545541ad386,extra
arch,pptpd,1.5.0-1,x86_64,pptpd,1.5.0-1,http://poptop.sourceforge.net/,https://poptop.sourceforge.net,pptpd-1.5.0-1-x86_64.pkg.tar.zst,https://archive.archlinux.org/repos/2026/08/09/extra/os/x86_64/pptpd-1.5.0-1-x86_64.pkg.tar.zst,d651952efc7a2892a20c09e4129ba6ecabedd9026c7f388fcde2223b8b62c002,extra
arch,privoxy,4.2.0-1,x86_64,privoxy,4.2.0-1,https://www.privoxy.org,https://www.privoxy.org,privoxy-4.2.0-1-x86_64.pkg.tar.zst,https://archive.archlinux.org/repos/2026/08/09/extra/os/x86_64/privoxy-4.2.0-1-x86_64.pkg.tar.zst,af75ec83b76cc6f9d7c3ded6463788cafff515c4b76b188733d7fb09d5deaa60,extra
arch,prometheus,3.13.2-1,x86_64,prometheus,3.13.2-1,https://prometheus.io,https://prometheus.io,prometheus-3.13.2-1-x86_64.pkg.tar.zst,https://archive.archlinux.org/repos/2026/08/09/extra/os/x86_64/prometheus-3.13.2-1-x86_64.pkg.tar.zst,5333dd56ebec1dfe491812e701a9e7b0a8ba47af92fcb90c355f460e8b99081a,extra
arch,prometheus-bird-exporter,1.4.3-1,x86_64,prometheus-bird-exporter,1.4.3-1,https://github.com/czerwonk/bird_exporter,https://github.com/czerwonk/bird_exporter,prometheus-bird-exporter-1.4.3-1-x86_64.pkg.tar.zst,https://archive.archlinux.org/repos/2026/08/09/extra/os/x86_64/prometheus-bird-exporter-1.4.3-1-x86_64.pkg.tar.zst,3c3a6d46a2973578fe1426bf064dd6b2f3197d82dbe5c32adbc90cfc475a4f4c,extra
arch,prometheus-blackbox-exporter,0.28.0-1,x86_64,prometheus-blackbox-exporter,0.28.0-1,https://github.com/prometheus/blackbox_exporter,https://github.com/prometheus/blackbox_exporter,prometheus-blackbox-exporter-0.28.0-1-x86_64.pkg.tar.zst,https://archive.archlinux.org/repos/2026/08/09/extra/os/x86_64/prometheus-blackbox-exporter-0.28.0-1-x86_64.pkg.tar.zst,01b23cce42a8960c98d4d72f3956eafc678adaa9730978925ef8cfa04f97bb26,extra
arch,prometheus-elasticsearch-exporter,1.11.0-1,x86_64,prometheus-elasticsearch-exporter,1.11.0-1,https://github.com/prometheus-community/elasticsearch_exporter,https://github.com/prometheus-community/elasticsearch_exporter,prometheus-elasticsearch-exporter-1.11.0-1-x86_64.pkg.tar.zst,https://archive.archlinux.org/repos/2026/08/09/extra/os/x86_64/prometheus-elasticsearch-exporter-1.11.0-1-x86_64.pkg.tar.zst,4d19c86a961d3a0ea2425b7e50d442c346b53ce06613471e5d960bb9607ebb57,extra
arch,prometheus-ipmi-exporter,1.10.1-3,x86_64,prometheus-ipmi-exporter,1.10.1-3,https://github.com/prometheus-community/ipmi_exporter,https://github.com/prometheus-community/ipmi_exporter,prometheus-ipmi-exporter-1.10.1-3-x86_64.pkg.tar.zst,https://archive.archlinux.org/repos/2026/08/09/extra/os/x86_64/prometheus-ipmi-exporter-1.10.1-3-x86_64.pkg.tar.zst,2d977de1aae9d7636345014c9334d843e5ca083612f3b79e9890267a098abba7,extra
arch,prometheus-mysqld-exporter,0.19.0-1,x86_64,prometheus-mysqld-exporter,0.19.0-1,https://github.com/prometheus/mysqld_exporter,https://github.com/prometheus/mysqld_exporter,prometheus-mysqld-exporter-0.19.0-1-x86_64.pkg.tar.zst,https://archive.archlinux.org/repos/2026/08/09/extra/os/x86_64/prometheus-mysqld-exporter-0.19.0-1-x86_64.pkg.tar.zst,439b533cf417a9bbe00635598f5557e1265554c1383e53c031ca4a43906fe6ce,extra
arch,prometheus-node-exporter,1.12.1-1,x86_64,prometheus-node-exporter,1.12.1-1,https://github.com/prometheus/node_exporter,https://github.com/prometheus/node_exporter,prometheus-node-exporter-1.12.1-1-x86_64.pkg.tar.zst,https://archive.archlinux.org/repos/2026/08/09/extra/os/x86_64/prometheus-node-exporter-1.12.1-1-x86_64.pkg.tar.zst,8512f7c5a01699cf82e63a3cd6da0e21c02d3cb726f81c9ee17b10526ccc35ae,extra
arch,prometheus-postgres-exporter,0.20.1-1,x86_64,prometheus-postgres-exporter,0.20.1-1,https://github.com/prometheus-community/postgres_exporter,https://github.com/prometheus-community/postgres_exporter,prometheus-postgres-exporter-0.20.1-1-x86_64.pkg.tar.zst,https://archive.archlinux.org/repos/2026/08/09/extra/os/x86_64/prometheus-postgres-exporter-0.20.1-1-x86_64.pkg.tar.zst,8f1b1a9a08f387293075e09bb1bcb77ac4e4c9ca98c50017af1d3f256ba623cd,extra
arch,prometheus-redis-exporter,1.89.0-1,x86_64,prometheus-redis-exporter,1.89.0-1,https://github.com/oliver006/redis_exporter,https://github.com/oliver006/redis_exporter,prometheus-redis-exporter-1.89.0-1-x86_64.pkg.tar.zst,https://archive.archlinux.org/repos/2026/08/09/extra/os/x86_64/prometheus-redis-exporter-1.89.0-1-x86_64.pkg.tar.zst,3bd546de38c811479c7386fccf889ad26827753f6203443885f9646a2aec6008,extra
arch,prometheus-smartctl-exporter,0.14.0-2,x86_64,prometheus-smartctl-exporter,0.14.0-2,https://github.com/prometheus-community/smartctl_exporter,https://github.com/prometheus-community/smartctl_exporter,prometheus-smartctl-exporter-0.14.0-2-x86_64.pkg.tar.zst,https://archive.archlinux.org/repos/2026/08/09/extra/os/x86_64/prometheus-smartctl-exporter-0.14.0-2-x86_64.pkg.tar.zst,259e5db339073e0119d557175103218f41c941735507858dd64a94633f6f158d,extra
arch,prometheus-smokeping-prober,0.12.0-1,x86_64,prometheus-smokeping-prober,0.12.0-1,https://github.com/SuperQ/smokeping_prober,https://github.com/SuperQ/smokeping_prober,prometheus-smokeping-prober-0.12.0-1-x86_64.pkg.tar.zst,https://archive.archlinux.org/repos/2026/08/09/extra/os/x86_64/prometheus-smokeping-prober-0.12.0-1-x86_64.pkg.tar.zst,6c96eabad7c6583cd28b08144a1454b399b7422d55369020c65ce8e329a32a64,extra
arch,prometheus-snmp-exporter,0.30.1-2,x86_64,prometheus-snmp-exporter,0.30.1-2,https://github.com/prometheus/snmp_exporter,https://github.com/prometheus/snmp_exporter,prometheus-snmp-exporter-0.30.1-2-x86_64.pkg.tar.zst,https://archive.archlinux.org/repos/2026/08/09/extra/os/x86_64/prometheus-snmp-exporter-0.30.1-2-x86_64.pkg.tar.zst,4bd310ad605f06ca9bfb3325c048878040968ab69345c5076fd66d10a9edfb11,extra
arch,prometheus-varnish-exporter,1.6.1-1,x86_64,prometheus-varnish-exporter,1.6.1-1,https://github.com/jonnenauha/prometheus_varnish_exporter,https://github.com/jonnenauha/prometheus_varnish_exporter,prometheus-varnish-exporter-1.6.1-1-x86_64.pkg.tar.zst,https://archive.archlinux.org/repos/2026/08/09/extra/os/x86_64/prometheus-varnish-exporter-1.6.1-1-x86_64.pkg.tar.zst,02ed6fec207271471d3cae3d9f790fa4b2bceabf25670617d96d8b06062cade8,extra
arch,prosody,1:13.0.6-1,x86_64,prosody,1:13.0.6-1,https://prosody.im/,https://prosody.im,prosody-1:13.0.6-1-x86_64.pkg.tar.zst,https://archive.archlinux.org/repos/2026/08/09/extra/os/x86_64/prosody-1:13.0.6-1-x86_64.pkg.tar.zst,e46a68efbfb08298b2492f5bf2e4a88c76f6ee2a341e864afe01d603e494d968,extra
arch,qbittorrent-nox,5.2.3-3,x86_64,qbittorrent,5.2.3-3,https://www.qbittorrent.org,https://www.qbittorrent.org,qbittorrent-nox-5.2.3-3-x86_64.pkg.tar.zst,https://archive.archlinux.org/repos/2026/08/09/extra/os/x86_64/qbittorrent-nox-5.2.3-3-x86_64.pkg.tar.zst,57785eab3492182add65af949090896cf7d97ea1774f8e2a9d6bcb920fbce265,extra
arch,qemu-guest-agent,11.0.3-1,x86_64,qemu,11.0.3-1,https://www.qemu.org/,https://www.qemu.org,qemu-guest-agent-11.0.3-1-x86_64.pkg.tar.zst,https://archive.archlinux.org/repos/2026/08/09/extra/os/x86_64/qemu-guest-agent-11.0.3-1-x86_64.pkg.tar.zst,b5201a1e0e6cdf96d98eb509dc881e9d32dc6f238935e03a65405a4dcb8da51e,extra
arch,qemu-pr-helper,11.0.3-1,x86_64,qemu,11.0.3-1,https://www.qemu.org/,https://www.qemu.org,qemu-pr-helper-11.0.3-1-x86_64.pkg.tar.zst,https://archive.archlinux.org/repos/2026/08/09/extra/os/x86_64/qemu-pr-helper-11.0.3-1-x86_64.pkg.tar.zst,e4f27419e2bde0d5ee8738cba8bfbde594fe2d5ce0c8cc6e6b7d3f7f2eb8d810,extra
arch,qemu-vmsr-helper,11.0.3-1,x86_64,qemu,11.0.3-1,https://www.qemu.org/,https://www.qemu.org,qemu-vmsr-helper-11.0.3-1-x86_64.pkg.tar.zst,https://archive.archlinux.org/repos/2026/08/09/extra/os/x86_64/qemu-vmsr-helper-11.0.3-1-x86_64.pkg.tar.zst,daaed08c0353f975bf0351dde753dbc71fdd5c5deffb839ebea75859bf1ab1a8,extra
arch,quassel-core,0.14.0-4,x86_64,quassel,0.14.0-4,https://quassel-irc.org/,https://quassel-irc.org,quassel-core-0.14.0-4-x86_64.pkg.tar.zst,https://archive.archlinux.org/repos/2026/08/09/extra/os/x86_64/quassel-core-0.14.0-4-x86_64.pkg.tar.zst,013e7cbe3f5dc512c22d9dd0bb8a4405f2a8109e4d4040a308853ad8cb582a40,extra
arch,radicale,3.7.8-1,any,radicale,3.7.8-1,https://radicale.org/,https://radicale.org,radicale-3.7.8-1-any.pkg.tar.zst,https://archive.archlinux.org/repos/2026/08/09/extra/os/x86_64/radicale-3.7.8-1-any.pkg.tar.zst,78c6a1f656b05c64ec73a349230533003e30a13236bb934eeeb04ddc13371cf6,extra
arch,radvd,2.21-1,x86_64,radvd,2.21-1,https://www.litech.org/radvd/,https://www.litech.org/radvd,radvd-2.21-1-x86_64.pkg.tar.zst,https://archive.archlinux.org/repos/2026/08/09/extra/os/x86_64/radvd-2.21-1-x86_64.pkg.tar.zst,a003bd45fc2b3c4ac0ec2aac03aaeb339f6743d9be9e01613ead327673d6b7ea,extra
arch,rdma-core,64.0-1,x86_64,rdma-core,64.0-1,https://github.com/linux-rdma/rdma-core,https://github.com/linux-rdma/rdma-core,rdma-core-64.0-1-x86_64.pkg.tar.zst,https://archive.archlinux.org/repos/2026/08/09/extra/os/x86_64/rdma-core-64.0-1-x86_64.pkg.tar.zst,69c2a9b37b8657d22d0a5ce6da27042ea36f593702ebacdbbc131b21bcb783c8,extra
arch,rebuilderd,0.25.0-1,x86_64,rebuilderd,0.25.0-1,https://github.com/kpcyrd/rebuilderd,https://github.com/kpcyrd/rebuilderd,rebuilderd-0.25.0-1-x86_64.pkg.tar.zst,https://archive.archlinux.org/repos/2026/08/09/extra/os/x86_64/rebuilderd-0.25.0-1-x86_64.pkg.tar.zst,0395112c4626ab92328693f6c6a05624de240df174d60ca742c88a0e3451dce5,extra
arch,recoll,1.44.1-1,x86_64,recoll,1.44.1-1,https://www.recoll.org,https://www.recoll.org,recoll-1.44.1-1-x86_64.pkg.tar.zst,https://archive.archlinux.org/repos/2026/08/09/extra/os/x86_64/recoll-1.44.1-1-x86_64.pkg.tar.zst,d55c307dcf8ec7deccfc01669cfb796d38707e638e1b7cb497a982c4db197f82,extra
arch,rng-tools,6.17-3,x86_64,rng-tools,6.17-3,https://github.com/nhorman/rng-tools,https://github.com/nhorman/rng-tools,rng-tools-6.17-3-x86_64.pkg.tar.zst,https://archive.archlinux.org/repos/2026/08/09/extra/os/x86_64/rng-tools-6.17-3-x86_64.pkg.tar.zst,42436743ad5bf296f53a00bcbbdd3c86a8b0f5ad7a49d7189206a3d904284392,extra
arch,rspamd,4.1.1-4,x86_64,rspamd,4.1.1-4,https://rspamd.com,https://rspamd.com,rspamd-4.1.1-4-x86_64.pkg.tar.zst,https://archive.archlinux.org/repos/2026/08/09/extra/os/x86_64/rspamd-4.1.1-4-x86_64.pkg.tar.zst,6e6c1e7676977024252899861a4b139fff50a685f675f3ec2c56fc19de58075f,extra
arch,rsync,3.4.4-1,x86_64,rsync,3.4.4-1,https://rsync.samba.org/,https://rsync.samba.org,rsync-3.4.4-1-x86_64.pkg.tar.zst,https://archive.archlinux.org/repos/2026/08/09/extra/os/x86_64/rsync-3.4.4-1-x86_64.pkg.tar.zst,f48672af8d8611df7d7a3a89abb282a51bd706bf41c830bb60d47df8c3018200,extra
arch,rtkit,0.14-1,x86_64,rtkit,0.14-1,https://gitlab.freedesktop.org/pipewire/rtkit,https://gitlab.freedesktop.org/pipewire/rtkit,rtkit-0.14-1-x86_64.pkg.tar.zst,https://archive.archlinux.org/repos/2026/08/09/extra/os/x86_64/rtkit-0.14-1-x86_64.pkg.tar.zst,67fe6ddb5e91d23747623194c2cc080cb1c486c0019e062be8f09d2c64565ed6,extra
arch,samba,2:4.24.5-1,x86_64,samba,2:4.24.5-1,https://www.samba.org,https://www.samba.org,samba-2:4.24.5-1-x86_64.pkg.tar.zst,https://archive.archlinux.org/repos/2026/08/09/extra/os/x86_64/samba-2:4.24.5-1-x86_64.pkg.tar.zst,79e1fb8e9557e97f0ade1646111a5b012917d6d52f3ecf860ea1db097144ae05,extra
arch,sddm,0.21.0-7,x86_64,sddm,0.21.0-7,https://github.com/sddm/sddm,https://github.com/sddm/sddm,sddm-0.21.0-7-x86_64.pkg.tar.zst,https://archive.archlinux.org/repos/2026/08/09/extra/os/x86_64/sddm-0.21.0-7-x86_64.pkg.tar.zst,927cc24362cdc83b8c48532252ae4d41ade99dc5e65cb0fdeb9b6d69f7601a7a,extra
arch,seatd,0.9.3-1,x86_64,seatd,0.9.3-1,https://sr.ht/~kennylevinsen/seatd/,https://sr.ht/~kennylevinsen/seatd,seatd-0.9.3-1-x86_64.pkg.tar.zst,https://archive.archlinux.org/repos/2026/08/09/extra/os/x86_64/seatd-0.9.3-1-x86_64.pkg.tar.zst,b4b52430149e66aaeb4cb474f4b756b5c862adecf6e8ecbf358d67470d2b35de,extra
arch,shairport-sync,5.0.4-3,x86_64,shairport-sync,5.0.4-3,https://github.com/mikebrady/shairport-sync,https://github.com/mikebrady/shairport-sync,shairport-sync-5.0.4-3-x86_64.pkg.tar.zst,https://archive.archlinux.org/repos/2026/08/09/extra/os/x86_64/shairport-sync-5.0.4-3-x86_64.pkg.tar.zst,d369eb213d22c137abffcddae0212658e17b7ae8dba05aeaee9a21f713f68ebf,extra
arch,smartdns,48.4-1,x86_64,smartdns,48.4-1,https://github.com/pymumu/smartdns,https://github.com/pymumu/smartdns,smartdns-48.4-1-x86_64.pkg.tar.zst,https://archive.archlinux.org/repos/2026/08/09/extra/os/x86_64/smartdns-48.4-1-x86_64.pkg.tar.zst,ec3e70a09e5d82cdb568f0e6e7616c01566104dab9b2dbefb2ae29ad4dbd4140,extra
arch,smartmontools,7.5-1,x86_64,smartmontools,7.5-1,https://www.smartmontools.org/,https://www.smartmontools.org,smartmontools-7.5-1-x86_64.pkg.tar.zst,https://archive.archlinux.org/repos/2026/08/09/extra/os/x86_64/smartmontools-7.5-1-x86_64.pkg.tar.zst,4b67ea0845138b178a2b7f11230dae3491531af76c7edc6714ea016dbec430ca,extra
arch,smokeping,2.9.0-1,any,smokeping,2.9.0-1,https://oss.oetiker.ch/smokeping/,https://oss.oetiker.ch/smokeping,smokeping-2.9.0-1-any.pkg.tar.zst,https://archive.archlinux.org/repos/2026/08/09/extra/os/x86_64/smokeping-2.9.0-1-any.pkg.tar.zst,b23243aeb07cc4b33a53c486193d6f0749bfe07c249d3f61619ae0d7141c9c3f,extra
arch,snapper,0.13.1-2,x86_64,snapper,0.13.1-2,http://snapper.io,https://snapper.io,snapper-0.13.1-2-x86_64.pkg.tar.zst,https://archive.archlinux.org/repos/2026/08/09/extra/os/x86_64/snapper-0.13.1-2-x86_64.pkg.tar.zst,fe0f2dda415f5f0c753db5d39b808e99b2657bad2a5f58526763d970facbd343,extra
arch,sniproxy,0.7.0-2,x86_64,sniproxy,0.7.0-2,https://github.com/dlundquist/sniproxy,https://github.com/dlundquist/sniproxy,sniproxy-0.7.0-2-x86_64.pkg.tar.zst,https://archive.archlinux.org/repos/2026/08/09/extra/os/x86_64/sniproxy-0.7.0-2-x86_64.pkg.tar.zst,1c17ed08dca84f5e3577be103f7251bf55c05532f672f99bea4e893a1d888c66,extra
arch,soapyremote,0.5.2-3,x86_64,soapyremote,0.5.2-3,https://github.com/pothosware/SoapyRemote,https://github.com/pothosware/SoapyRemote,soapyremote-0.5.2-3-x86_64.pkg.tar.zst,https://archive.archlinux.org/repos/2026/08/09/extra/os/x86_64/soapyremote-0.5.2-3-x86_64.pkg.tar.zst,8f045ad19215e595a04fcd2037c8b18c4038881dbddb30c9e5f58c2c839d98f8,extra
arch,soju,0.10.1-1,x86_64,soju,0.10.1-1,https://soju.im,https://soju.im,soju-0.10.1-1-x86_64.pkg.tar.zst,https://archive.archlinux.org/repos/2026/08/09/extra/os/x86_64/soju-0.10.1-1-x86_64.pkg.tar.zst,176c53c4e387f1cb6572e854f33106410143dd32bca0d2d7cc52d3a9d842d648,extra
arch,spamassassin,4.0.2-2,x86_64,spamassassin,4.0.2-2,https://spamassassin.apache.org,https://spamassassin.apache.org,spamassassin-4.0.2-2-x86_64.pkg.tar.zst,https://archive.archlinux.org/repos/2026/08/09/extra/os/x86_64/spamassassin-4.0.2-2-x86_64.pkg.tar.zst,a1a11a3719415e43abd78ba29f8c22d7c60f8bdb987f5e9039ac1e061b1a9993,extra
arch,spice-vdagent,0.23.0-1,x86_64,spice-vdagent,0.23.0-1,https://www.spice-space.org/,https://www.spice-space.org,spice-vdagent-0.23.0-1-x86_64.pkg.tar.zst,https://archive.archlinux.org/repos/2026/08/09/extra/os/x86_64/spice-vdagent-0.23.0-1-x86_64.pkg.tar.zst,fca52ef7f3b6f6f30d0223b64b559b1a0192d7dbbc79ce7c35b268299806fe86,extra
arch,squid,7.6-1,x86_64,squid,7.6-1,http://www.squid-cache.org,https://www.squid-cache.org,squid-7.6-1-x86_64.pkg.tar.zst,https://archive.archlinux.org/repos/2026/08/09/extra/os/x86_64/squid-7.6-1-x86_64.pkg.tar.zst,b4ce42445e2d5f9edf3eb51fa70cb234e5c6fdfa15209e7c73a8118ccd1c1977,extra
arch,sshguard,2.5.1-1,x86_64,sshguard,2.5.1-1,https://www.sshguard.net/,https://www.sshguard.net,sshguard-2.5.1-1-x86_64.pkg.tar.zst,https://archive.archlinux.org/repos/2026/08/09/extra/os/x86_64/sshguard-2.5.1-1-x86_64.pkg.tar.zst,de323121cf2a178344ef7ea3dfe308f33e6a2f0a730291806f73333e99e69596,extra
arch,sslh,2.3.1-1,x86_64,sslh,2.3.1-1,https://www.rutschle.net/tech/sslh/README.html,https://www.rutschle.net/tech/sslh/README.html,sslh-2.3.1-1-x86_64.pkg.tar.zst,https://archive.archlinux.org/repos/2026/08/09/extra/os/x86_64/sslh-2.3.1-1-x86_64.pkg.tar.zst,e2396f9fe045f26400f2db1577cdedc89e5aa3dd42099667876c3282d51f5001,extra
arch,sssd,2.13.1-1,x86_64,sssd,2.13.1-1,https://github.com/SSSD/sssd,https://github.com/SSSD/sssd,sssd-2.13.1-1-x86_64.pkg.tar.zst,https://archive.archlinux.org/repos/2026/08/09/extra/os/x86_64/sssd-2.13.1-1-x86_64.pkg.tar.zst,fc521944c754c37baaf01881de61f2a1ca9891914ed933358d0cbecb13a75666,extra
arch,strongswan,6.0.7-1,x86_64,strongswan,6.0.7-1,https://www.strongswan.org,https://www.strongswan.org,strongswan-6.0.7-1-x86_64.pkg.tar.zst,https://archive.archlinux.org/repos/2026/08/09/extra/os/x86_64/strongswan-6.0.7-1-x86_64.pkg.tar.zst,5b9185a5a6529b15c08b00a6f37f44f7aa1ceef94422441ef06c19f70da46d8e,extra
arch,stunnel,5.80-1,x86_64,stunnel,5.80-1,https://www.stunnel.org/,https://www.stunnel.org,stunnel-5.80-1-x86_64.pkg.tar.zst,https://archive.archlinux.org/repos/2026/08/09/extra/os/x86_64/stunnel-5.80-1-x86_64.pkg.tar.zst,11106d7441a58b9ff72a9a496c0112e9bc0f39ae762b9944458044448b168011,extra
arch,subversion,1.14.5-5,x86_64,subversion,1.14.5-5,https://subversion.apache.org/,https://subversion.apache.org,subversion-1.14.5-5-x86_64.pkg.tar.zst,https://archive.archlinux.org/repos/2026/08/09/extra/os/x86_64/subversion-1.14.5-5-x86_64.pkg.tar.zst,46dbd5371baf55026822a3cbcd562fa615fcc549dffc7fc8b25fcaf45e7c6c5f,extra
arch,supervisor,4.3.0-3,any,supervisor,4.3.0-3,http://supervisord.org,https://supervisord.org,supervisor-4.3.0-3-any.pkg.tar.zst,https://archive.archlinux.org/repos/2026/08/09/extra/os/x86_64/supervisor-4.3.0-3-any.pkg.tar.zst,8413935f9f7ac8be2c7ae2351a8a20d3cd31bbf2d2297a7a3d610983cbeb1ea7,extra
arch,swayosd,0.3.1-1,x86_64,swayosd,0.3.1-1,https://github.com/ErikReider/SwayOSD,https://github.com/ErikReider/SwayOSD,swayosd-0.3.1-1-x86_64.pkg.tar.zst,https://archive.archlinux.org/repos/2026/08/09/extra/os/x86_64/swayosd-0.3.1-1-x86_64.pkg.tar.zst,235d66e715a39af69051f6c2497e04f3a12ca31062739e792f67b4dc1cdf96ff,extra
arch,switcheroo-control,3.0-1,x86_64,switcheroo-control,3.0-1,https://gitlab.freedesktop.org/hadess/switcheroo-control,https://gitlab.freedesktop.org/hadess/switcheroo-control,switcheroo-control-3.0-1-x86_64.pkg.tar.zst,https://archive.archlinux.org/repos/2026/08/09/extra/os/x86_64/switcheroo-control-3.0-1-x86_64.pkg.tar.zst,ee7c56b4b15994ac3accb1479767cf895d9055f7f325616190f7dd4a58175fd7,extra
arch,syncplay,1.7.6-1,any,syncplay,1.7.6-1,http://syncplay.pl,https://syncplay.pl,syncplay-1.7.6-1-any.pkg.tar.zst,https://archive.archlinux.org/repos/2026/08/09/extra/os/x86_64/syncplay-1.7.6-1-any.pkg.tar.zst,bbd5c836d772ea5e0515fd83857d5f4ded92863b7e88a109d4d826959d3126af,extra
arch,sysprof,50.0-4,x86_64,sysprof,50.0-4,https://apps.gnome.org/Sysprof/,https://apps.gnome.org/Sysprof,sysprof-50.0-4-x86_64.pkg.tar.zst,https://archive.archlinux.org/repos/2026/08/09/extra/os/x86_64/sysprof-50.0-4-x86_64.pkg.tar.zst,adb5dc1ff4adfce247844b8ce0fd1f51c1934e96f7e6f1ccc7b1c5645cee8e39,extra
arch,sysstat,12.7.9-1,x86_64,sysstat,12.7.9-1,https://sysstat.github.io/,https://sysstat.github.io,sysstat-12.7.9-1-x86_64.pkg.tar.zst,https://archive.archlinux.org/repos/2026/08/09/extra/os/x86_64/sysstat-12.7.9-1-x86_64.pkg.tar.zst,b14ed57a574013d3b3ca279dd5576e117e84f1800ecd4456e9fe849756946467,extra
arch,system-config-printer,1.5.18-6,x86_64,system-config-printer,1.5.18-6,https://github.com/OpenPrinting/system-config-printer,https://github.com/OpenPrinting/system-config-printer,system-config-printer-1.5.18-6-x86_64.pkg.tar.zst,https://archive.archlinux.org/repos/2026/08/09/extra/os/x86_64/system-config-printer-1.5.18-6-x86_64.pkg.tar.zst,e6a0e2c563cf9442bb1d52a1fe46fbda4c5623ba69076bdff0208d297f8eefd3,extra
arch,systemd-bootchart,235-3,x86_64,systemd-bootchart,235-3,https://github.com/systemd/systemd-bootchart,https://github.com/systemd/systemd-bootchart,systemd-bootchart-235-3-x86_64.pkg.tar.zst,https://archive.archlinux.org/repos/2026/08/09/extra/os/x86_64/systemd-bootchart-235-3-x86_64.pkg.tar.zst,9b7adfaea4b6431b4eb300dbfdab24c03d373313116f292b36d0c843cc2a4782,extra
arch,systemtap,5.5-1,x86_64,systemtap,5.5-1,https://sourceware.org/systemtap/,https://sourceware.org/systemtap,systemtap-5.5-1-x86_64.pkg.tar.zst,https://archive.archlinux.org/repos/2026/08/09/extra/os/x86_64/systemtap-5.5-1-x86_64.pkg.tar.zst,7fe5564b27d2406d3dc054f9b0d53e818d447d6b9da55e85c3ade6556a6a41f0,extra
arch,tang,15-3,x86_64,tang,15-3,https://github.com/latchset/tang,https://github.com/latchset/tang,tang-15-3-x86_64.pkg.tar.zst,https://archive.archlinux.org/repos/2026/08/09/extra/os/x86_64/tang-15-3-x86_64.pkg.tar.zst,96082e4e2c94f1b4cbcdc7a973f379deedbc8d69dd602caa4a36f437331048a9,extra
arch,tgt,1.0.97-2,x86_64,tgt,1.0.97-2,https://github.com/fujita/tgt,https://github.com/fujita/tgt,tgt-1.0.97-2-x86_64.pkg.tar.zst,https://archive.archlinux.org/repos/2026/08/09/extra/os/x86_64/tgt-1.0.97-2-x86_64.pkg.tar.zst,d0a531cec0ca2d89c7444910555b00c76b9d59945f62a8c1906490d5c3018e6f,extra
arch,thermald,2:2.5.12-1,x86_64,thermald,2:2.5.12-1,https://github.com/intel/thermal_daemon,https://github.com/intel/thermal_daemon,thermald-2:2.5.12-1-x86_64.pkg.tar.zst,https://archive.archlinux.org/repos/2026/08/09/extra/os/x86_64/thermald-2:2.5.12-1-x86_64.pkg.tar.zst,19e220b517e5e2c11d7f93d33a7265475183220a94f10cedf222ee81bd4837a2,extra
arch,tigervnc,1.16.2-5,x86_64,tigervnc,1.16.2-5,https://www.tigervnc.org,https://www.tigervnc.org,tigervnc-1.16.2-5-x86_64.pkg.tar.zst,https://archive.archlinux.org/repos/2026/08/09/extra/os/x86_64/tigervnc-1.16.2-5-x86_64.pkg.tar.zst,09835681f48df886fe52037f3da9d2ed0327b70b4be77c060248abf213f1b550,extra
arch,tinc,1.0.36-4,x86_64,tinc,1.0.36-4,https://www.tinc-vpn.org/,https://www.tinc-vpn.org,tinc-1.0.36-4-x86_64.pkg.tar.zst,https://archive.archlinux.org/repos/2026/08/09/extra/os/x86_64/tinc-1.0.36-4-x86_64.pkg.tar.zst,aa43ff1d315b93d2d3a21024f8cbfde701624773412ed7501e4b4eadb8d3cfa8,extra
arch,tinyproxy,1.11.3-1,x86_64,tinyproxy,1.11.3-1,https://tinyproxy.github.io/,https://tinyproxy.github.io,tinyproxy-1.11.3-1-x86_64.pkg.tar.zst,https://archive.archlinux.org/repos/2026/08/09/extra/os/x86_64/tinyproxy-1.11.3-1-x86_64.pkg.tar.zst,80afdfe6376de48d2c370683587c5b433d5a3bb7dc2bd49ca50fa5776c6f7e94,extra
arch,tomcat10,10.1.57-1,any,tomcat10,10.1.57-1,https://tomcat.apache.org/,https://tomcat.apache.org,tomcat10-10.1.57-1-any.pkg.tar.zst,https://archive.archlinux.org/repos/2026/08/09/extra/os/x86_64/tomcat10-10.1.57-1-any.pkg.tar.zst,1cb1976683f8614f18d7592296424caa13328ca70d051d3279101709f8107689,extra
arch,tomcat9,9.0.120-1,any,tomcat9,9.0.120-1,https://tomcat.apache.org/,https://tomcat.apache.org,tomcat9-9.0.120-1-any.pkg.tar.zst,https://archive.archlinux.org/repos/2026/08/09/extra/os/x86_64/tomcat9-9.0.120-1-any.pkg.tar.zst,563852ba52360bc0a58155920cf34edd4483142d2e377113cc168d007ce792c0,extra
arch,touchegg,2.0.18-1,x86_64,touchegg,2.0.18-1,https://github.com/JoseExposito/touchegg,https://github.com/JoseExposito/touchegg,touchegg-2.0.18-1-x86_64.pkg.tar.zst,https://archive.archlinux.org/repos/2026/08/09/extra/os/x86_64/touchegg-2.0.18-1-x86_64.pkg.tar.zst,46d46f90dbaeb1ddd4816eec3ec7c8a5e5ca3d34408db81adc550c738a3d9a9e,extra
arch,tpm2-abrmd,3.0.0-2,x86_64,tpm2-abrmd,3.0.0-2,https://github.com/tpm2-software/tpm2-abrmd,https://github.com/tpm2-software/tpm2-abrmd,tpm2-abrmd-3.0.0-2-x86_64.pkg.tar.zst,https://archive.archlinux.org/repos/2026/08/09/extra/os/x86_64/tpm2-abrmd-3.0.0-2-x86_64.pkg.tar.zst,ec4374ec4978f19500f9ab9e14f65eef7914b24696ee9d28fb7452f9de4e8aab,extra
arch,transmission-cli,4.1.3-2,x86_64,transmission,4.1.3-2,http://www.transmissionbt.com/,https://www.transmissionbt.com,transmission-cli-4.1.3-2-x86_64.pkg.tar.zst,https://archive.archlinux.org/repos/2026/08/09/extra/os/x86_64/transmission-cli-4.1.3-2-x86_64.pkg.tar.zst,d0185a5e912fa0a6e845ee783853a096c64c758cfb09c2415016c0758b9cae43,extra
arch,trojan,1.16.0-17,x86_64,trojan,1.16.0-17,https://github.com/trojan-gfw/trojan,https://github.com/trojan-gfw/trojan,trojan-1.16.0-17-x86_64.pkg.tar.zst,https://archive.archlinux.org/repos/2026/08/09/extra/os/x86_64/trojan-1.16.0-17-x86_64.pkg.tar.zst,9db8ac4c54d6947e5335dfb5d55f4e33d2c8973445e85b774a319cbb39ab7c0a,extra
arch,udisks2,2.11.2-1,x86_64,udisks2,2.11.2-1,https://www.freedesktop.org/wiki/Software/udisks/,https://www.freedesktop.org/wiki/Software/udisks,udisks2-2.11.2-1-x86_64.pkg.tar.zst,https://archive.archlinux.org/repos/2026/08/09/extra/os/x86_64/udisks2-2.11.2-1-x86_64.pkg.tar.zst,4b6fa221f14a248cc86d0ea8e0380d09965305a38d3cb19aba318508fe61efdb,extra
arch,udpxy,1.0.25.1-2,x86_64,udpxy,1.0.25.1-2,https://github.com/pcherenkov/udpxy,https://github.com/pcherenkov/udpxy,udpxy-1.0.25.1-2-x86_64.pkg.tar.zst,https://archive.archlinux.org/repos/2026/08/09/extra/os/x86_64/udpxy-1.0.25.1-2-x86_64.pkg.tar.zst,0e087bf27e94aae1765345a97bc55a7285b63f99705db12d8d265c7dd120c6d7,extra
arch,ufw,0.36.2-7,any,ufw,0.36.2-7,https://launchpad.net/ufw,https://launchpad.net/ufw,ufw-0.36.2-7-any.pkg.tar.zst,https://archive.archlinux.org/repos/2026/08/09/extra/os/x86_64/ufw-0.36.2-7-any.pkg.tar.zst,2730f7449bed709b5aa9d6d603f6c2b47d423f7ab198bae16642f4cbba1f7ec9,extra
arch,ulogd,2.0.9-1,x86_64,ulogd,2.0.9-1,https://www.netfilter.org/projects/ulogd/,https://www.netfilter.org/projects/ulogd,ulogd-2.0.9-1-x86_64.pkg.tar.zst,https://archive.archlinux.org/repos/2026/08/09/extra/os/x86_64/ulogd-2.0.9-1-x86_64.pkg.tar.zst,f79b4fd0a4aeb05915126121cbd87331cc5bf2588de33a1940bd1655dc9b2282,extra
arch,unrealircd,6.2.6-1,x86_64,unrealircd,6.2.6-1,https://www.unrealircd.org,https://www.unrealircd.org,unrealircd-6.2.6-1-x86_64.pkg.tar.zst,https://archive.archlinux.org/repos/2026/08/09/extra/os/x86_64/unrealircd-6.2.6-1-x86_64.pkg.tar.zst,e5634b67500c2ce0e83093c15476815dcba04b54d6ef5c79c5c0f6bf47e2c1f8,extra
arch,upower,1.91.3-1,x86_64,upower,1.91.3-1,https://upower.freedesktop.org,https://upower.freedesktop.org,upower-1.91.3-1-x86_64.pkg.tar.zst,https://archive.archlinux.org/repos/2026/08/09/extra/os/x86_64/upower-1.91.3-1-x86_64.pkg.tar.zst,61fb1fc99fb4ac7c37cf19eb2c1e3b895af797108ddcfc9b68a0d97d4b9c55b0,extra
arch,uptimed,0.4.7-2,x86_64,uptimed,0.4.7-2,https://github.com/rpodgorny/uptimed,https://github.com/rpodgorny/uptimed,uptimed-0.4.7-2-x86_64.pkg.tar.zst,https://archive.archlinux.org/repos/2026/08/09/extra/os/x86_64/uptimed-0.4.7-2-x86_64.pkg.tar.zst,5f18fea4c05aa79bac2cc645cf0fa47504e2da3694a942195338423fc996d587,extra
arch,usb_modeswitch,2.6.2.20251207-1,x86_64,usb_modeswitch,2.6.2.20251207-1,http://www.draisberghof.de/usb_modeswitch/,https://www.draisberghof.de/usb_modeswitch,usb_modeswitch-2.6.2.20251207-1-x86_64.pkg.tar.zst,https://archive.archlinux.org/repos/2026/08/09/extra/os/x86_64/usb_modeswitch-2.6.2.20251207-1-x86_64.pkg.tar.zst,21044850187f5c6f6f0ffd7805a8b9967f9b4d0fa82a4f2bb8bdc178683ab614,extra
arch,usbip,7.1.7-1,x86_64,linux-tools,7.1.7-1,https://www.kernel.org,https://www.kernel.org,usbip-7.1.7-1-x86_64.pkg.tar.zst,https://archive.archlinux.org/repos/2026/08/09/extra/os/x86_64/usbip-7.1.7-1-x86_64.pkg.tar.zst,dabb23b51a04aff518d0620a6772246ab65790741e0046aeb095f9c60e576ac2,extra
arch,util-linux,2.42.2-1,x86_64,util-linux,2.42.2-1,https://github.com/util-linux/util-linux,https://github.com/util-linux/util-linux,util-linux-2.42.2-1-x86_64.pkg.tar.zst,https://archive.archlinux.org/repos/2026/08/09/core/os/x86_64/util-linux-2.42.2-1-x86_64.pkg.tar.zst,60b672fad41b2b2657d8d38bfcea3029f3cf388ee3414d6cc48071507d1ac241,core
arch,v2ray,5.49.0-1,x86_64,v2ray,5.49.0-1,https://github.com/v2fly/v2ray-core,https://github.com/v2fly/v2ray-core,v2ray-5.49.0-1-x86_64.pkg.tar.zst,https://archive.archlinux.org/repos/2026/08/09/extra/os/x86_64/v2ray-5.49.0-1-x86_64.pkg.tar.zst,6fd184a5035e2f5b8e17c4a39cc6df7af4dce9616ad5af03baf207f6d02b9887,extra
arch,valkey,9.1.1-1,x86_64,valkey,9.1.1-1,https://valkey.io/,https://valkey.io,valkey-9.1.1-1-x86_64.pkg.tar.zst,https://archive.archlinux.org/repos/2026/08/09/extra/os/x86_64/valkey-9.1.1-1-x86_64.pkg.tar.zst,b0502cb8ce8a20c65a220bb97c0b61dcab4f13b86d55a491fefc672ef0dc7bdc,extra
arch,vaultwarden,1.37.1-1,x86_64,vaultwarden,1.37.1-1,https://github.com/dani-garcia/vaultwarden,https://github.com/dani-garcia/vaultwarden,vaultwarden-1.37.1-1-x86_64.pkg.tar.zst,https://archive.archlinux.org/repos/2026/08/09/extra/os/x86_64/vaultwarden-1.37.1-1-x86_64.pkg.tar.zst,22472daf77d1156deff677bfdadb82ce4c01c56ea8c8e42e26773a9872723a57,extra
arch,vnstat,2.13-2,x86_64,vnstat,2.13-2,https://humdi.net/vnstat/,https://humdi.net/vnstat,vnstat-2.13-2-x86_64.pkg.tar.zst,https://archive.archlinux.org/repos/2026/08/09/extra/os/x86_64/vnstat-2.13-2-x86_64.pkg.tar.zst,71dac2d86983cee5b8094e04b58f325307980db4221a6f5bbd23f667ed34b1c8,extra
arch,vpnc,1:0.5.3.r557.r241-1,x86_64,vpnc,1:0.5.3.r557.r241-1,https://github.com/streambinder/vpnc,https://github.com/streambinder/vpnc,vpnc-1:0.5.3.r557.r241-1-x86_64.pkg.tar.zst,https://archive.archlinux.org/repos/2026/08/09/extra/os/x86_64/vpnc-1:0.5.3.r557.r241-1-x86_64.pkg.tar.zst,58258429e0dd018148d22331d6d06825c608e347186e0ab349ffb224a2d5033f,extra
arch,vsftpd,3.0.5-2,x86_64,vsftpd,3.0.5-2,https://security.appspot.com/vsftpd.html,https://security.appspot.com/vsftpd.html,vsftpd-3.0.5-2-x86_64.pkg.tar.zst,https://archive.archlinux.org/repos/2026/08/09/extra/os/x86_64/vsftpd-3.0.5-2-x86_64.pkg.tar.zst,a8828d7c7899b60926ba4951457ddb3c6648240696a1000770169cc3a7ef3e72,extra
arch,webhook,2.8.3-1,x86_64,webhook,2.8.3-1,https://github.com/adnanh/webhook,https://github.com/adnanh/webhook,webhook-2.8.3-1-x86_64.pkg.tar.zst,https://archive.archlinux.org/repos/2026/08/09/extra/os/x86_64/webhook-2.8.3-1-x86_64.pkg.tar.zst,a33205ec289c8be5770f8559c0971a1cccbcdbf476f9fff1758dde09c3572165,extra
arch,wesnoth,1:1.18.7-2,x86_64,wesnoth,1:1.18.7-2,https://www.wesnoth.org/,https://www.wesnoth.org,wesnoth-1:1.18.7-2-x86_64.pkg.tar.zst,https://archive.archlinux.org/repos/2026/08/09/extra/os/x86_64/wesnoth-1:1.18.7-2-x86_64.pkg.tar.zst,0d9bd70501cdab5fa88f9ee4b61285eb74ae2b7c987882d3f39505b0ad860e5d,extra
arch,wireguard-tools,1.0.20260223-1,x86_64,wireguard-tools,1.0.20260223-1,https://www.wireguard.com/,https://www.wireguard.com,wireguard-tools-1.0.20260223-1-x86_64.pkg.tar.zst,https://archive.archlinux.org/repos/2026/08/09/extra/os/x86_64/wireguard-tools-1.0.20260223-1-x86_64.pkg.tar.zst,3f7c14dd90360706c04869f3cb4defdc9248d06cfc9b43bae6be5204a19af4ac,extra
arch,wpa_supplicant,2:2.11-5,x86_64,wpa_supplicant,2:2.11-5,https://w1.fi/wpa_supplicant/,https://w1.fi/wpa_supplicant,wpa_supplicant-2:2.11-5-x86_64.pkg.tar.zst,https://archive.archlinux.org/repos/2026/08/09/core/os/x86_64/wpa_supplicant-2:2.11-5-x86_64.pkg.tar.zst,b9f131adc78b1ec7c6b33329a8e81c5553ff2f77faed865dbbc6a5c5629b4cd6,core
arch,wsdd,0.9-2,any,wsdd,0.9-2,https://github.com/christgau/wsdd,https://github.com/christgau/wsdd,wsdd-0.9-2-any.pkg.tar.zst,https://archive.archlinux.org/repos/2026/08/09/extra/os/x86_64/wsdd-0.9-2-any.pkg.tar.zst,151389bddd800f095fcaee4eb849e785582feade06938226b60a1d001d0c5337,extra
arch,xfsprogs,7.1.1-1,x86_64,xfsprogs,7.1.1-1,https://xfs.wiki.kernel.org,https://xfs.wiki.kernel.org,xfsprogs-7.1.1-1-x86_64.pkg.tar.zst,https://archive.archlinux.org/repos/2026/08/09/core/os/x86_64/xfsprogs-7.1.1-1-x86_64.pkg.tar.zst,ed8300ecbefc5f834d779f56d71af7adee7dc827157d159070acb680bdd3eaee,core
arch,xpra,6.4.4-1,x86_64,xpra,6.4.4-1,https://www.xpra.org,https://www.xpra.org,xpra-6.4.4-1-x86_64.pkg.tar.zst,https://archive.archlinux.org/repos/2026/08/09/extra/os/x86_64/xpra-6.4.4-1-x86_64.pkg.tar.zst,5ed9f3003501711a75d8bc7f04b36f4c151f1fd1659166e01d40c32ee99e2890,extra
arch,yggdrasil,0.5.14-1,x86_64,yggdrasil,0.5.14-1,https://github.com/yggdrasil-network/yggdrasil-go,https://github.com/yggdrasil-network/yggdrasil-go,yggdrasil-0.5.14-1-x86_64.pkg.tar.zst,https://archive.archlinux.org/repos/2026/08/09/extra/os/x86_64/yggdrasil-0.5.14-1-x86_64.pkg.tar.zst,85f5d4e7575a153444e76b5c30f9736c11807edb139d75e4ce5c96c6a41f624e,extra
arch,zabbix-agent,7.4.13-1,x86_64,zabbix,7.4.13-1,https://www.zabbix.com,https://www.zabbix.com,zabbix-agent-7.4.13-1-x86_64.pkg.tar.zst,https://archive.archlinux.org/repos/2026/08/09/extra/os/x86_64/zabbix-agent-7.4.13-1-x86_64.pkg.tar.zst,4b972ccb6e4e1850196c7add9d6053f6cb2c00f8680c00777be0893eb976d28c,extra
arch,zabbix-agent2,7.4.13-1,x86_64,zabbix,7.4.13-1,https://www.zabbix.com,https://www.zabbix.com,zabbix-agent2-7.4.13-1-x86_64.pkg.tar.zst,https://archive.archlinux.org/repos/2026/08/09/extra/os/x86_64/zabbix-agent2-7.4.13-1-x86_64.pkg.tar.zst,85afc90a1ccd4aba52ea80c10f4f4713b4a19577b133ccd5b3bb65d5c879dcac,extra
arch,zabbix-proxy,7.4.13-1,x86_64,zabbix,7.4.13-1,https://www.zabbix.com,https://www.zabbix.com,zabbix-proxy-7.4.13-1-x86_64.pkg.tar.zst,https://archive.archlinux.org/repos/2026/08/09/extra/os/x86_64/zabbix-proxy-7.4.13-1-x86_64.pkg.tar.zst,d34addcadde5f76cff40459eab7184e0188d323018b72fe0ed624afb8228424c,extra
arch,zabbix-server,7.4.13-1,x86_64,zabbix,7.4.13-1,https://www.zabbix.com,https://www.zabbix.com,zabbix-server-7.4.13-1-x86_64.pkg.tar.zst,https://archive.archlinux.org/repos/2026/08/09/extra/os/x86_64/zabbix-server-7.4.13-1-x86_64.pkg.tar.zst,c811084e0142ac22088a5d4da84c43346b724d32b0a63d4daf3758dfb0047c1f,extra
arch,zabbix-web-service,7.4.13-1,x86_64,zabbix,7.4.13-1,https://www.zabbix.com,https://www.zabbix.com,zabbix-web-service-7.4.13-1-x86_64.pkg.tar.zst,https://archive.archlinux.org/repos/2026/08/09/extra/os/x86_64/zabbix-web-service-7.4.13-1-x86_64.pkg.tar.zst,45c88a0347785709d9b6855892442e24c3906b792991db6c2e42a946314f7310,extra
arch,zeroc-ice,3.7.10-3,x86_64,zeroc-ice,3.7.10-3,https://zeroc.com,https://zeroc.com,zeroc-ice-3.7.10-3-x86_64.pkg.tar.zst,https://archive.archlinux.org/repos/2026/08/09/extra/os/x86_64/zeroc-ice-3.7.10-3-x86_64.pkg.tar.zst,9593b725dec71ea5ceee9ec236ae4ef930e8a1c7ce2a3450b0c2df2f13184575,extra
arch,zram-generator,1.2.1-1,x86_64,zram-generator,1.2.1-1,https://github.com/systemd/zram-generator,https://github.com/systemd/zram-generator,zram-generator-1.2.1-1-x86_64.pkg.tar.zst,https://archive.archlinux.org/repos/2026/08/09/extra/os/x86_64/zram-generator-1.2.1-1-x86_64.pkg.tar.zst,753d8d4d3bb5902c94dcb5459d1e4c9a3280bcf2c5c24e1e4ee67703f430b89a,extra
