distribution,package,unit_path
debian,389-ds-base,usr/lib/systemd/system/dirsrv-snmp.service
debian,389-ds-base,usr/lib/systemd/system/dirsrv.service
debian,389-ds-base,usr/lib/systemd/system/dirsrv@.service
debian,389-ds-base,usr/lib/systemd/system/dirsrv@.service.d/custom.conf
debian,81voltd,usr/lib/systemd/system/81voltd.service
debian,a2boot,usr/lib/systemd/system/a2boot.service
debian,accountsservice,usr/lib/systemd/system/accounts-daemon.service
debian,acct,usr/lib/systemd/system/acct.service
debian,acmetool,usr/lib/systemd/system/acmetool.service
debian,acpi-fakekey,usr/lib/systemd/system/acpi-fakekey.service
debian,acpid,usr/lib/systemd/system/acpid.service
debian,adbd,usr/lib/systemd/system/adbd.service
debian,adjtimex,usr/lib/systemd/system/adjtimex.service
debian,alertmanager-irc-relay,usr/lib/systemd/system/alertmanager-irc-relay.service
debian,alsa-utils,usr/lib/systemd/system/alsa-restore.service
debian,alsa-utils,usr/lib/systemd/system/alsa-state.service
debian,alsa-utils,usr/lib/systemd/system/alsa-utils.service
debian,alsa-utils,usr/lib/systemd/system/sound.target.wants/alsa-restore.service
debian,alsa-utils,usr/lib/systemd/system/sound.target.wants/alsa-state.service
debian,altos,usr/lib/systemd/system/altos-mapd.service
debian,ample,usr/lib/systemd/system/ample.service
debian,ampr-ripd,usr/lib/systemd/system/ampr-ripd.service
debian,anacron,usr/lib/systemd/system/anacron.service
debian,anope,usr/lib/systemd/system/anope.service
debian,anytun,usr/lib/systemd/system/anytun-controld@.service
debian,anytun,usr/lib/systemd/system/anytun.service
debian,anytun,usr/lib/systemd/system/anytun@.service
debian,aoetools,usr/lib/systemd/system/aoe-discover.service
debian,aoetools,usr/lib/systemd/system/aoetools.service
debian,apache2,usr/lib/systemd/system/apache-htcacheclean.service
debian,apache2,usr/lib/systemd/system/apache-htcacheclean@.service
debian,apache2,usr/lib/systemd/system/apache2.service
debian,apache2,usr/lib/systemd/system/apache2@.service
debian,apcupsd,usr/lib/systemd/system/apcupsd.service
debian,apcupsd,usr/lib/systemd/system/ups-monitor.service
debian,apparmor,usr/lib/systemd/system/apparmor.service
debian,approx,usr/lib/systemd/system/approx@.service
debian,aprx,usr/lib/systemd/system/aprx.service
debian,apt,usr/lib/systemd/system/apt-daily-upgrade.service
debian,apt,usr/lib/systemd/system/apt-daily.service
debian,apt-cacher-ng,usr/lib/systemd/system/apt-cacher-ng.service
debian,aptly-api,usr/lib/systemd/system/aptly-api.service
debian,argus-client,usr/lib/systemd/system/radium.service
debian,argus-client,usr/lib/systemd/system/rastream.service
debian,argus-server,usr/lib/systemd/system/argus.service
debian,armagetronad-dedicated,usr/lib/systemd/system/armagetronad-dedicated.service
debian,arpon,usr/lib/systemd/system/arpon.service
debian,arpon,usr/lib/systemd/system/arpon@.service
debian,arpwatch,usr/lib/systemd/system/arpwatch.service
debian,arpwatch,usr/lib/systemd/system/arpwatch@.service
debian,asahi-btsync,usr/lib/systemd/system/asahi-btsync.service
debian,at,usr/lib/systemd/system/atd.service
debian,atalkd,usr/lib/systemd/system/atalkd.service
debian,atftpd,usr/lib/systemd/system/atftpd.service
debian,atheme-services,usr/lib/systemd/system/atheme-services.service
debian,atm-tools,usr/lib/systemd/system/atm.service
debian,atop,usr/lib/systemd/system/atop-rotate.service
debian,atop,usr/lib/systemd/system/atop.service
debian,atop,usr/lib/systemd/system/atopacct.service
debian,auditd,usr/lib/systemd/system/audit-rules.service
debian,auditd,usr/lib/systemd/system/auditd.service
debian,autodir,usr/lib/systemd/system/autodir-group.service
debian,autodir,usr/lib/systemd/system/autodir-home.service
debian,autodir,usr/lib/systemd/system/autodir.service
debian,autofs,usr/lib/systemd/system/autofs.service
debian,autolog,usr/lib/systemd/system/autolog.service
debian,avahi-daemon,usr/lib/systemd/system/avahi-daemon.service
debian,avahi-dnsconfd,usr/lib/systemd/system/avahi-dnsconfd.service
debian,awffull,usr/lib/systemd/system/awffull.service
debian,axfrdns,usr/lib/systemd/system/axfrdns.service
debian,babeld,usr/lib/systemd/system/babeld.service
debian,backuppc,usr/lib/systemd/system/backuppc.service
debian,bacula-director,usr/lib/systemd/system/bacula-director.service
debian,bacula-fd,usr/lib/systemd/system/bacula-fd.service
debian,bacula-sd,usr/lib/systemd/system/bacula-sd.service
debian,balboa,usr/lib/systemd/system/balboa.service
debian,balboa-backend-common,usr/lib/systemd/system/balboa-backend@.service
debian,bandwidthd,usr/lib/systemd/system/bandwidthd.service
debian,bandwidthd-pgsql,usr/lib/systemd/system/bandwidthd.service
debian,batmand,usr/lib/systemd/system/batmand.service
debian,battery-stats,usr/lib/systemd/system/battery-stats.service
debian,bcron,usr/lib/systemd/system/bcron-sched.service
debian,bcron,usr/lib/systemd/system/bcron-spool.service
debian,bcron,usr/lib/systemd/system/bcron-update.service
debian,beanstalkd,usr/lib/systemd/system/beanstalkd.service
debian,bettercap,usr/lib/systemd/system/bettercap.service
debian,bibledit-cloud,usr/lib/systemd/system/bibledit-cloud.service
debian,biboumi,usr/lib/systemd/system/biboumi.service
debian,bind9,usr/lib/systemd/system/named-resolvconf.service
debian,bind9,usr/lib/systemd/system/named.service
debian,binfmt-support,usr/lib/systemd/system/binfmt-support.service
debian,binkd,usr/lib/systemd/system/binkd.service
debian,biometric-auth,usr/lib/systemd/system/biometric-authentication.service
debian,biometryd-bin,usr/lib/systemd/system/biometryd.service
debian,bip,usr/lib/systemd/system/bip-config.service
debian,bip,usr/lib/systemd/system/bip-config.service.d/bip-config.conf
debian,bip,usr/lib/systemd/system/bip.service
debian,bird2,usr/lib/systemd/system/bird.service
debian,bird3,usr/lib/systemd/system/bird.service
debian,blockdomains,usr/lib/systemd/system/blockdomains.service
debian,blueman,usr/lib/systemd/system/blueman-mechanism.service
debian,bluez,usr/lib/systemd/system/bluetooth.service
debian,bluez-alsa-utils,usr/lib/systemd/system/bluealsa-aplay.service
debian,bluez-alsa-utils,usr/lib/systemd/system/bluealsa.service
debian,bluez-meshd,usr/lib/systemd/system/bluetooth-mesh.service
debian,boinc-client,usr/lib/systemd/system/boinc-client.service
debian,bolt,usr/lib/systemd/system/bolt.service
debian,booth,usr/lib/systemd/system/booth-arbitrator.service
debian,booth,usr/lib/systemd/system/booth.service
debian,booth,usr/lib/systemd/system/booth@.service
debian,bootparamd,usr/lib/systemd/system/bootparamd.service
debian,bosixnet-webui,usr/lib/systemd/system/bosixnet-webui.service
debian,boxbackup-client,usr/lib/systemd/system/boxbackup-client.service
debian,boxbackup-server,usr/lib/systemd/system/boxbackup-server.service
debian,bpftune,usr/lib/systemd/system/bpftune.service
debian,brltty,usr/lib/systemd/system/brltty.service
debian,btrfsd,usr/lib/systemd/system/btrfsd.service
debian,bumblebee,usr/lib/systemd/system/bumblebeed.service
debian,burp,usr/lib/systemd/system/burp.service
debian,burrow,usr/lib/systemd/system/burrow.service
debian,bzflag-server,usr/lib/systemd/system/bzflag.service
debian,c-icap,usr/lib/systemd/system/c-icap.service
debian,caddy,usr/lib/systemd/system/caddy-api.service
debian,caddy,usr/lib/systemd/system/caddy.service
debian,canid,usr/lib/systemd/system/canid.service
debian,canna,usr/lib/systemd/system/canna.service
debian,carbon-c-relay,usr/lib/systemd/system/carbon-c-relay.service
debian,ceph-base,usr/lib/systemd/system/ceph-crash.service
debian,ceph-common,usr/lib/systemd/system/rbdmap.service
debian,ceph-fuse,usr/lib/systemd/system/ceph-fuse@.service
debian,ceph-immutable-object-cache,usr/lib/systemd/system/ceph-immutable-object-cache@.service
debian,ceph-mds,usr/lib/systemd/system/ceph-mds@.service
debian,ceph-mgr,usr/lib/systemd/system/ceph-mgr@.service
debian,ceph-mon,usr/lib/systemd/system/ceph-mon.service
debian,ceph-mon,usr/lib/systemd/system/ceph-mon@.service
debian,ceph-osd,usr/lib/systemd/system/ceph-osd@.service
debian,cephfs-mirror,usr/lib/systemd/system/cephfs-mirror@.service
debian,certmonger,usr/lib/systemd/system/certmonger.service
debian,certspotter,usr/lib/systemd/system/certspotter.service
debian,cfengine3,usr/lib/systemd/system/cf-apache.service
debian,cfengine3,usr/lib/systemd/system/cf-execd.service
debian,cfengine3,usr/lib/systemd/system/cf-hub.service
debian,cfengine3,usr/lib/systemd/system/cf-monitord.service
debian,cfengine3,usr/lib/systemd/system/cf-postgres.service
debian,cfengine3,usr/lib/systemd/system/cf-reactor.service
debian,cfengine3,usr/lib/systemd/system/cf-serverd.service
debian,cfengine3,usr/lib/systemd/system/cfengine3.service
debian,charon-systemd,usr/lib/systemd/system/strongswan.service
debian,chasquid,usr/lib/systemd/system/chasquid.service
debian,chkrootkit,usr/lib/systemd/system/chkrootkit.service
debian,chrony,usr/lib/systemd/system/chrony-dnssrv@.service
debian,chrony,usr/lib/systemd/system/chrony-wait.service
debian,chrony,usr/lib/systemd/system/chrony.service
debian,chrony,usr/lib/systemd/system/chronyd-restricted.service
debian,ckb-next,usr/lib/systemd/system/ckb-next-daemon.service
debian,clamav-daemon,usr/lib/systemd/system/clamav-clamonacc.service
debian,clamav-daemon,usr/lib/systemd/system/clamav-daemon.service
debian,clamav-freshclam,usr/lib/systemd/system/clamav-freshclam-once.service
debian,clamav-freshclam,usr/lib/systemd/system/clamav-freshclam.service
debian,clamsmtp,usr/lib/systemd/system/clamsmtp.service
debian,clevis-systemd,usr/lib/systemd/system/clevis-luks-askpass.service
debian,click,usr/lib/systemd/system/click-system-hooks.service
debian,cloudflare-ddns,usr/lib/systemd/system/cloudflare-ddns.service
debian,clsync,usr/lib/systemd/system/clsync@.service
debian,cluster-glue,usr/lib/systemd/system/logd.service
debian,cockpit-ws,usr/lib/systemd/system/cockpit-issue.service
debian,cockpit-ws,usr/lib/systemd/system/cockpit-session-socket-user.service
debian,cockpit-ws,usr/lib/systemd/system/cockpit-session@.service
debian,cockpit-ws,usr/lib/systemd/system/cockpit-wsinstance-http.service
debian,cockpit-ws,usr/lib/systemd/system/cockpit-wsinstance-https-factory@.service
debian,cockpit-ws,usr/lib/systemd/system/cockpit-wsinstance-https@.service
debian,cockpit-ws,usr/lib/systemd/system/cockpit-wsinstance-socket-user.service
debian,cockpit-ws,usr/lib/systemd/system/cockpit.service
debian,collectd-core,usr/lib/systemd/system/collectd.service
debian,colord,usr/lib/systemd/system/colord.service
debian,condor,usr/lib/systemd/system/condor.service
debian,condor-annex-ec2,usr/lib/systemd/system/condor-annex-ec2.service
debian,conman,usr/lib/systemd/system/conman.service
debian,connman,usr/lib/systemd/system/connman-wait-online.service
debian,connman,usr/lib/systemd/system/connman.service
debian,connman-vpn,usr/lib/systemd/system/connman-vpn.service
debian,conntrackd,usr/lib/systemd/system/conntrackd.service
debian,conserver-server,usr/lib/systemd/system/conserver-server.service
debian,consolation,usr/lib/systemd/system/consolation.service
debian,containerd,usr/lib/systemd/system/containerd.service
debian,containernetworking-plugins,usr/lib/systemd/system/cni-dhcp.service
debian,coredhcp-server,usr/lib/systemd/system/coredhcp-server.service
debian,corosync,usr/lib/systemd/system/corosync.service
debian,corosync-notifyd,usr/lib/systemd/system/corosync-notifyd.service
debian,corosync-qdevice,usr/lib/systemd/system/corosync-qdevice.service
debian,corosync-qnetd,usr/lib/systemd/system/corosync-qnetd.service
debian,coturn,usr/lib/systemd/system/coturn.service
debian,courier-authdaemon,usr/lib/systemd/system/courier-authdaemon.service
debian,courier-imap,usr/lib/systemd/system/courier-imap-ssl.service
debian,courier-imap,usr/lib/systemd/system/courier-imap.service
debian,courier-ldap,usr/lib/systemd/system/courier-ldap.service
debian,courier-mlm,usr/lib/systemd/system/courier-mlm.service
debian,courier-mta,usr/lib/systemd/system/courier-msa.service
debian,courier-mta,usr/lib/systemd/system/courier-mta-ssl.service
debian,courier-mta,usr/lib/systemd/system/courier-mta.service
debian,courier-mta,usr/lib/systemd/system/courier.service
debian,courier-mta,usr/lib/systemd/system/courierfilter.service
debian,courier-pop,usr/lib/systemd/system/courier-pop-ssl.service
debian,courier-pop,usr/lib/systemd/system/courier-pop.service
debian,courier-webadmin,usr/lib/systemd/system/courier-webadmin.service
debian,cpupower-gui,usr/lib/systemd/system/cpupower-gui-helper.service
debian,cpupower-gui,usr/lib/systemd/system/cpupower-gui.service
debian,cron,usr/lib/systemd/system/cron.service
debian,cronie,usr/lib/systemd/system/cronie.service
debian,crossfire-server,usr/lib/systemd/system/crossfire-server.service
debian,crowdsec,usr/lib/systemd/system/crowdsec.service
debian,crowdsec-custom-bouncer,usr/lib/systemd/system/crowdsec-custom-bouncer.service
debian,crowdsec-firewall-bouncer,usr/lib/systemd/system/crowdsec-firewall-bouncer.service
debian,cryptmount,usr/lib/systemd/system/cryptmount.service
debian,cryptsetup-suspend,usr/lib/systemd/system/systemd-suspend.service.d/cryptsetup-suspend.conf
debian,csync2,usr/lib/systemd/system/csync2@.service
debian,ctdb,usr/lib/systemd/system/ctdb.service
debian,cubemap,usr/lib/systemd/system/cubemap.service
debian,cups-browsed,usr/lib/systemd/system/cups-browsed.service
debian,cups-daemon,usr/lib/systemd/system/cups.service
debian,curvedns,usr/lib/systemd/system/curvedns.service
debian,cvsd,usr/lib/systemd/system/cvsd.service
debian,cxl,usr/lib/systemd/system/cxl-monitor.service
debian,cyrus-common,usr/lib/systemd/system/cyrus-imapd.service
debian,darkstat,usr/lib/systemd/system/darkstat.service
debian,dbeacon,usr/lib/systemd/system/dbeacon.service
debian,dbus,usr/lib/systemd/system/dbus.service
debian,dbus,usr/lib/systemd/system/multi-user.target.wants/dbus.service
debian,dbus-broker,usr/lib/systemd/system/dbus-broker.service
debian,ddccontrol,usr/lib/systemd/system/ddccontrol.service
debian,debiman,usr/lib/systemd/system/debiman-auxserver.service
debian,deepin-boot-maker,usr/lib/systemd/system/deepin-boot-maker.service
debian,deepin-log-viewer,usr/lib/systemd/system/deepin-log-viewer-daemon.service
debian,deviceinfo-extras,usr/lib/systemd/system/update-machine-info-from-deviceinfo.service
debian,dhcp-helper,usr/lib/systemd/system/dhcp-helper.service
debian,dhcp-probe,usr/lib/systemd/system/dhcp-probe.service
debian,dhcp-probe,usr/lib/systemd/system/dhcp-probe@.service
debian,dibbler-client,usr/lib/systemd/system/dibbler-client.service
debian,dibbler-relay,usr/lib/systemd/system/dibbler-relay.service
debian,dibbler-server,usr/lib/systemd/system/dibbler-server.service
debian,dicod,usr/lib/systemd/system/dicod.service
debian,dicod,usr/lib/systemd/system/dicod@.service
debian,dicod,usr/lib/systemd/system/dictd.service
debian,didiwiki,usr/lib/systemd/system/didiwiki.service
debian,direvent,usr/lib/systemd/system/direvent.service
debian,direwolf,usr/lib/systemd/system/direwolf.service
debian,distcc,usr/lib/systemd/system/distcc.service
debian,dlm-controld,usr/lib/systemd/system/dlm.service
debian,dlt-daemon,usr/lib/systemd/system/dlt.service
debian,dlt-tools,usr/lib/systemd/system/dlt-dbus.service
debian,dlt-tools,usr/lib/systemd/system/dlt-system.service
debian,dmeventd,usr/lib/systemd/system/dm-event.service
debian,dns-flood-detector,usr/lib/systemd/system/dns-flood-detector.service
debian,dnscache,usr/lib/systemd/system/dnscache.service
debian,dnscrypt-proxy,usr/lib/systemd/system/dnscrypt-proxy-resolvconf.service
debian,dnscrypt-proxy,usr/lib/systemd/system/dnscrypt-proxy.service
debian,dnsdist,usr/lib/systemd/system/dnsdist.service
debian,dnsdist,usr/lib/systemd/system/dnsdist@.service
debian,dnsproxy,usr/lib/systemd/system/dnsproxy.service
debian,dnss,usr/lib/systemd/system/dnss.service
debian,dnssec-trigger,usr/lib/systemd/system/dnssec-triggerd-keygen.service
debian,dnssec-trigger,usr/lib/systemd/system/dnssec-triggerd.service
debian,docker-registry,usr/lib/systemd/system/docker-registry.service
debian,docker.io,usr/lib/systemd/system/docker.service
debian,dovecot-core,usr/lib/systemd/system/dovecot.service
debian,downtimed,usr/lib/systemd/system/downtimed.service
debian,dpdk,usr/lib/systemd/system/dpdk.service
debian,dpkg,usr/lib/systemd/system/dpkg-db-backup.service
debian,dqcache,usr/lib/systemd/system/dqcache.service
debian,dracut-core,usr/lib/systemd/system/dracut-cmdline.service
debian,dracut-core,usr/lib/systemd/system/dracut-initqueue.service
debian,dracut-core,usr/lib/systemd/system/dracut-mount.service
debian,dracut-core,usr/lib/systemd/system/dracut-pre-mount.service
debian,dracut-core,usr/lib/systemd/system/dracut-pre-pivot.service
debian,dracut-core,usr/lib/systemd/system/dracut-pre-trigger.service
debian,dracut-core,usr/lib/systemd/system/dracut-pre-udev.service
debian,dracut-core,usr/lib/systemd/system/dracut-shutdown-onfailure.service
debian,dracut-core,usr/lib/systemd/system/dracut-shutdown.service
debian,dracut-core,usr/lib/systemd/system/initrd.target.wants/dracut-cmdline.service
debian,dracut-core,usr/lib/systemd/system/initrd.target.wants/dracut-initqueue.service
debian,dracut-core,usr/lib/systemd/system/initrd.target.wants/dracut-mount.service
debian,dracut-core,usr/lib/systemd/system/initrd.target.wants/dracut-pre-mount.service
debian,dracut-core,usr/lib/systemd/system/initrd.target.wants/dracut-pre-pivot.service
debian,dracut-core,usr/lib/systemd/system/initrd.target.wants/dracut-pre-trigger.service
debian,dracut-core,usr/lib/systemd/system/initrd.target.wants/dracut-pre-udev.service
debian,dracut-core,usr/lib/systemd/system/sysinit.target.wants/dracut-shutdown.service
debian,drbd-utils,usr/lib/systemd/system/drbd-demote-or-escalate@.service
debian,drbd-utils,usr/lib/systemd/system/drbd-lvchange@.service
debian,drbd-utils,usr/lib/systemd/system/drbd-promote@.service
debian,drbd-utils,usr/lib/systemd/system/drbd-reconfigure-suspend-or-error@.service
debian,drbd-utils,usr/lib/systemd/system/drbd-wait-promotable@.service
debian,drbd-utils,usr/lib/systemd/system/drbd.service
debian,drbd-utils,usr/lib/systemd/system/drbd@.service
debian,drbd-utils,usr/lib/systemd/system/ocf.ra@.service
debian,drkonqi,usr/lib/systemd/system/drkonqi-coredump-processor@.service
debian,drkonqi,usr/lib/systemd/system/systemd-coredump@.service.wants/drkonqi-coredump-processor@.service
debian,droid-juicer,usr/lib/systemd/system/droid-juicer.service
debian,e2fsprogs,usr/lib/systemd/system/e2scrub@.service
debian,e2fsprogs,usr/lib/systemd/system/e2scrub_all.service
debian,e2fsprogs,usr/lib/systemd/system/e2scrub_fail@.service
debian,e2fsprogs,usr/lib/systemd/system/e2scrub_reap.service
debian,e2guardian,usr/lib/systemd/system/e2guardian.service
debian,earlyoom,usr/lib/systemd/system/earlyoom.service
debian,eg25-manager,usr/lib/systemd/system/eg25-manager.service
debian,ejabberd,usr/lib/systemd/system/ejabberd.service
debian,emptty,usr/lib/systemd/system/emptty@.service
debian,endlessh,usr/lib/systemd/system/endlessh.service
debian,entropybroker,usr/lib/systemd/system/eb_client_egd.service
debian,entropybroker,usr/lib/systemd/system/eb_client_file.service
debian,entropybroker,usr/lib/systemd/system/eb_client_kernel_generic.service
debian,entropybroker,usr/lib/systemd/system/eb_client_linux_kernel.service
debian,entropybroker,usr/lib/systemd/system/eb_proxy_knuth_b.service
debian,entropybroker,usr/lib/systemd/system/eb_proxy_knuth_m.service
debian,entropybroker,usr/lib/systemd/system/eb_server_Araneus_Alea.service
debian,entropybroker,usr/lib/systemd/system/eb_server_ComScire_R2000KU.service
debian,entropybroker,usr/lib/systemd/system/eb_server_audio.service
debian,entropybroker,usr/lib/systemd/system/eb_server_egd.service
debian,entropybroker,usr/lib/systemd/system/eb_server_ext_proc.service
debian,entropybroker,usr/lib/systemd/system/eb_server_linux_kernel.service
debian,entropybroker,usr/lib/systemd/system/eb_server_push_file.service
debian,entropybroker,usr/lib/systemd/system/eb_server_smartcard.service
debian,entropybroker,usr/lib/systemd/system/eb_server_stream.service
debian,entropybroker,usr/lib/systemd/system/eb_server_timers.service
debian,entropybroker,usr/lib/systemd/system/eb_server_usb.service
debian,entropybroker,usr/lib/systemd/system/eb_server_v4l.service
debian,entropybroker,usr/lib/systemd/system/entropybroker.service
debian,epics-base,usr/lib/systemd/system/epics-base.service
debian,erbium,usr/lib/systemd/system/erbium.service
debian,ergochat,usr/lib/systemd/system/ergochat.service
debian,erlang-base,usr/lib/systemd/system/epmd.service
debian,espeakup,usr/lib/systemd/system/espeakup.service
debian,etcd-discovery,usr/lib/systemd/system/etcd-discovery.service
debian,etcd-server,usr/lib/systemd/system/etcd.service
debian,evremap,usr/lib/systemd/system/evremap.service
debian,exim4-base,usr/lib/systemd/system/exim4-base.service
debian,exim4-daemon-heavy,usr/lib/systemd/system/exim4.service
debian,exim4-daemon-light,usr/lib/systemd/system/exim4.service
debian,fair,usr/lib/systemd/system/fair-carrousel.service
debian,fair,usr/lib/systemd/system/fair-transponder.service
debian,fair,usr/lib/systemd/system/fair.service
debian,fapolicyd,usr/lib/systemd/system/fapolicyd.service
debian,farpd,usr/lib/systemd/system/farpd.service
debian,fastd,usr/lib/systemd/system/fastd@.service
debian,fastnetmon,usr/lib/systemd/system/fastnetmon.service
debian,fcgiwrap,usr/lib/systemd/system/fcgiwrap.service
debian,fcoe-utils,usr/lib/systemd/system/fcoe-utils.service
debian,fence-virtd,usr/lib/systemd/system/fence_virtd.service
debian,fever,usr/lib/systemd/system/fever.service
debian,ffproxy,usr/lib/systemd/system/ffproxy.service
debian,filetea,usr/lib/systemd/system/filetea.service
debian,fio,usr/lib/systemd/system/fio.service
debian,firebird3.0-server,usr/lib/systemd/system/firebird3.0.service
debian,firebird4.0-server,usr/lib/systemd/system/firebird4.0.service
debian,flatpak,usr/lib/systemd/system/flatpak-system-helper.service
debian,foolsm,usr/lib/systemd/system/foolsm.service
debian,fort-validator,usr/lib/systemd/system/fort.service
debian,fprintd,usr/lib/systemd/system/fprintd.service
debian,freeipa-client-epn,usr/lib/systemd/system/ipa-epn.service
debian,freeipmi-bmc-watchdog,usr/lib/systemd/system/bmc-watchdog.service
debian,freeipmi-ipmidetect,usr/lib/systemd/system/ipmidetectd.service
debian,freeipmi-ipmiseld,usr/lib/systemd/system/ipmiseld.service
debian,freeradius,usr/lib/systemd/system/freeradius.service
debian,frr,usr/lib/systemd/system/frr.service
debian,frr,usr/lib/systemd/system/frr@.service
debian,ftp-proxy,usr/lib/systemd/system/ftp-proxy.service
debian,fwknop-server,usr/lib/systemd/system/fwknop-server.service
debian,fwlogwatch,usr/lib/systemd/system/fwlogwatch.service
debian,fwupd,usr/lib/systemd/system/fwupd-refresh.service
debian,fwupd,usr/lib/systemd/system/fwupd.service
debian,g15daemon,usr/lib/systemd/system/g15daemon.service
debian,g810-led,usr/lib/systemd/system/g810-led-reboot.service
debian,galera-arbitrator-4,usr/lib/systemd/system/garb.service
debian,galera-arbitrator-4,usr/lib/systemd/system/garbd.service
debian,gammu-smsd,usr/lib/systemd/system/gammu-smsd.service
debian,garagemq,usr/lib/systemd/system/garagemq.service
debian,gcpegg,usr/lib/systemd/system/gcpegg.service
debian,gdm3,usr/lib/systemd/system/gdm.service
debian,gdm3,usr/lib/systemd/system/gdm3.service
debian,gdnsd,usr/lib/systemd/system/gdnsd.service
debian,gearman-job-server,usr/lib/systemd/system/gearman-job-server.service
debian,geoclue-2.0,usr/lib/systemd/system/geoclue.service
debian,gerbera,usr/lib/systemd/system/gerbera.service
debian,gfmd,usr/lib/systemd/system/gfmd.service
debian,gfsd,usr/lib/systemd/system/gfsd.service
debian,glewlwyd,usr/lib/systemd/system/glewlwyd.service
debian,globus-gatekeeper,usr/lib/systemd/system/globus-gatekeeper.service
debian,globus-gridftp-server-progs,usr/lib/systemd/system/globus-gridftp-server.service
debian,globus-gridftp-server-progs,usr/lib/systemd/system/globus-gridftp-sshftp.service
debian,globus-scheduler-event-generator-progs,usr/lib/systemd/system/globus-scheduler-event-generator@.service
debian,glusterfs-server,usr/lib/systemd/system/gluster-ta-volume.service
debian,glusterfs-server,usr/lib/systemd/system/glusterd.service
debian,glusterfs-server,usr/lib/systemd/system/glustereventsd.service
debian,glusterfs-server,usr/lib/systemd/system/glusterfssharedstorage.service
debian,gnome-remote-desktop,usr/lib/systemd/system/gnome-remote-desktop-configuration.service
debian,gnome-remote-desktop,usr/lib/systemd/system/gnome-remote-desktop.service
debian,gnss-share,usr/lib/systemd/system/gnss-share.service
debian,gnunet,usr/lib/systemd/system/gnunet.service
debian,gnupg-pkcs11-scd-proxy,usr/lib/systemd/system/gnupg-pkcs11-scd-proxy.service
debian,gnustep-base-runtime,usr/lib/systemd/system/gdomap.service
debian,gobgpd,usr/lib/systemd/system/gobgpd.service
debian,goiardi,usr/lib/systemd/system/goiardi.service
debian,golang-redoctober,usr/lib/systemd/system/golang-redoctober.service
debian,google-compute-engine-oslogin,usr/lib/systemd/system/google-oslogin-cache.service
debian,google-guest-agent,usr/lib/systemd/system/google-guest-agent.service
debian,google-guest-agent,usr/lib/systemd/system/google-shutdown-scripts.service
debian,google-guest-agent,usr/lib/systemd/system/google-startup-scripts.service
debian,gophernicus,usr/lib/systemd/system/gophernicus@.service
debian,gotd,usr/lib/systemd/system/gotd.service
debian,gpm,usr/lib/systemd/system/gpm.service
debian,gpsd,usr/lib/systemd/system/gpsd.service
debian,gpsd,usr/lib/systemd/system/gpsdctl@.service
debian,greetd,usr/lib/systemd/system/greetd.service
debian,group-service,usr/lib/systemd/system/group-admin-daemon.service
debian,grub-common,usr/lib/systemd/system/grub-common.service
debian,gssproxy,usr/lib/systemd/system/gssproxy.service
debian,haproxy,usr/lib/systemd/system/haproxy.service
debian,hardinfo2,usr/lib/systemd/system/hardinfo2.service
debian,haveged,usr/lib/systemd/system/haveged.service
debian,hd-idle,usr/lib/systemd/system/hd-idle.service
debian,hdapsd,usr/lib/systemd/system/hdapsd.service
debian,hdapsd,usr/lib/systemd/system/hdapsd@.service
debian,hddemux,usr/lib/systemd/system/hddemux.service
debian,heartbeat,usr/lib/systemd/system/heartbeat.service
debian,hexagonrpcd,usr/lib/systemd/system/hexagonrpcd-resume.service
debian,hexagonrpcd,usr/lib/systemd/system/hexagonrpcd-suspend.service
debian,hexagonrpcd,usr/lib/systemd/system/hexagonrpcd.service
debian,hfd-service,usr/lib/systemd/system/hfd-service.service
debian,hitch,usr/lib/systemd/system/hitch.service
debian,hostapd,usr/lib/systemd/system/hostapd.service
debian,hostapd,usr/lib/systemd/system/hostapd@.service
debian,htpdate,usr/lib/systemd/system/htpdate.service
debian,hugo-mx-gateway,usr/lib/systemd/system/hugo-mx-gateway.service
debian,hylafax-server,usr/lib/systemd/system/faxgetty@.service
debian,hylafax-server,usr/lib/systemd/system/faxq.service
debian,hylafax-server,usr/lib/systemd/system/hfaxd.service
debian,hylafax-server,usr/lib/systemd/system/hylafax.service
debian,hyperv-daemons,usr/lib/systemd/system/hv-kvp-daemon.service
debian,hyperv-daemons,usr/lib/systemd/system/hv-vss-daemon.service
debian,i2pd,usr/lib/systemd/system/i2pd.service
debian,i8kutils,usr/lib/systemd/system/i8kmon.service
debian,ibacm,usr/lib/systemd/system/ibacm.service
debian,icinga2-bin,usr/lib/systemd/system/icinga2.service
debian,icingadb,usr/lib/systemd/system/icingadb.service
debian,ifrename,usr/lib/systemd/system/ifrename.service
debian,ifupdown,usr/lib/systemd/system/ifup@.service
debian,ifupdown,usr/lib/systemd/system/ifupdown-pre.service
debian,ifupdown,usr/lib/systemd/system/ifupdown-wait-online.service
debian,ifupdown,usr/lib/systemd/system/networking.service
debian,iio-sensor-proxy,usr/lib/systemd/system/iio-sensor-proxy.service
debian,iiod,usr/lib/systemd/system/iiod.service
debian,iipimage-server,usr/lib/systemd/system/iipsrv.service
debian,ikiwiki-hosting-web,usr/lib/systemd/system/ikiwiki-hosting-web.service
debian,imapproxy,usr/lib/systemd/system/imapproxy.service
debian,incron,usr/lib/systemd/system/incron.service
debian,incus-agent,usr/lib/systemd/system/incus-agent.service
debian,incus-base,usr/lib/systemd/system/incus-startup.service
debian,incus-base,usr/lib/systemd/system/incus-user.service
debian,incus-base,usr/lib/systemd/system/incus.service
debian,inetutils-inetd,usr/lib/systemd/system/inetutils-inetd.service
debian,inetutils-syslogd,usr/lib/systemd/system/inetutils-syslogd.service
debian,influxdb,usr/lib/systemd/system/influxdb.service
debian,infnoise,usr/lib/systemd/system/infnoise.service
debian,inn,usr/lib/systemd/system/inn.service
debian,inn2,usr/lib/systemd/system/inn2.service
debian,inputlirc,usr/lib/systemd/system/inputlirc.service
debian,inspircd,usr/lib/systemd/system/inspircd.service
debian,intel-hdcp,usr/lib/systemd/system/hdcpd.service
debian,interception-tools,usr/lib/systemd/system/udevmon.service
debian,iodine,usr/lib/systemd/system/iodined.service
debian,iperf3,usr/lib/systemd/system/iperf3.service
debian,ipip,usr/lib/systemd/system/ipip.service
debian,ipmitool,usr/lib/systemd/system/ipmievd.service
debian,ipmiutil,usr/lib/systemd/system/ipmi_port.service
debian,ipmiutil,usr/lib/systemd/system/ipmiutil_asy.service
debian,ipmiutil,usr/lib/systemd/system/ipmiutil_evt.service
debian,ipmiutil,usr/lib/systemd/system/ipmiutil_wdt.service
debian,ipp-usb,usr/lib/systemd/system/ipp-usb.service
debian,ipvsadm,usr/lib/systemd/system/ipvsadm.service
debian,ipwatchd,usr/lib/systemd/system/ipwatchd.service
debian,ircd-irc2,usr/lib/systemd/system/ircd-irc2.service
debian,ircd-ircu,usr/lib/systemd/system/ircd-ircu.service
debian,irqbalance,usr/lib/systemd/system/irqbalance.service
debian,irtt,usr/lib/systemd/system/irtt.service
debian,isatapd,usr/lib/systemd/system/isatapd.service
debian,iscsiuio,usr/lib/systemd/system/iscsiuio.service
debian,iwd,usr/lib/systemd/system/iwd.service
debian,jabberd2,usr/lib/systemd/system/jabberd-c2s.service
debian,jabberd2,usr/lib/systemd/system/jabberd-router.service
debian,jabberd2,usr/lib/systemd/system/jabberd-s2s.service
debian,jabberd2,usr/lib/systemd/system/jabberd-sm.service
debian,jabberd2,usr/lib/systemd/system/jabberd.service
debian,jitterentropy-rngd,usr/lib/systemd/system/jitterentropy.service
debian,jool-tools,usr/lib/systemd/system/jool.service
debian,jool-tools,usr/lib/systemd/system/jool_siit.service
debian,json2file-go,usr/lib/systemd/system/json2file-go.service
debian,kafs-client,usr/lib/systemd/system/kafs-client.service
debian,kamailio,usr/lib/systemd/system/kamailio.service
debian,kdump-tools,usr/lib/systemd/system/kdump-tools-dump.service
debian,kdump-tools,usr/lib/systemd/system/kdump-tools.service
debian,kea-ctrl-agent,usr/lib/systemd/system/kea-ctrl-agent.service
debian,kea-dhcp-ddns-server,usr/lib/systemd/system/kea-dhcp-ddns-server.service
debian,kea-dhcp4-server,usr/lib/systemd/system/kea-dhcp4-server.service
debian,kea-dhcp6-server,usr/lib/systemd/system/kea-dhcp6-server.service
debian,keepalived,usr/lib/systemd/system/keepalived.service
debian,keyd,usr/lib/systemd/system/keyd.service
debian,keyman-system-service,usr/lib/systemd/system/systemd-keyman.service
debian,knockd,usr/lib/systemd/system/knockd.service
debian,knot,usr/lib/systemd/system/knot.service
debian,knot-resolver,usr/lib/systemd/system/kres-cache-gc.service
debian,knot-resolver,usr/lib/systemd/system/kresd.service
debian,knot-resolver,usr/lib/systemd/system/kresd@.service
debian,knxd,usr/lib/systemd/system/knxd.service
debian,kpatch,usr/lib/systemd/system/kpatch.service
debian,krb5-admin-server,usr/lib/systemd/system/krb5-admin-server.service
debian,krb5-kdc,usr/lib/systemd/system/krb5-kdc.service
debian,krb5-kdc-ldap,usr/lib/systemd/system/krb5-admin-server.service.d/slapd-before-kdc.conf
debian,krb5-kdc-ldap,usr/lib/systemd/system/krb5-kdc.service.d/slapd-before-kdc.conf
debian,krb5-kpropd,usr/lib/systemd/system/krb5-kpropd.service
debian,ksmbd-tools,usr/lib/systemd/system/ksmbd.service
debian,ksmtuned,usr/lib/systemd/system/ksm.service
debian,ksmtuned,usr/lib/systemd/system/ksmtuned.service
debian,ktls-utils,usr/lib/systemd/system/tlshd.service
debian,kxd,usr/lib/systemd/system/kxd.service
debian,kylin-process-manager-daemon,usr/lib/systemd/system/kylin-process-manager-cleaner.service
debian,kylin-process-manager-daemon,usr/lib/systemd/system/kylin-process-manager-daemon.service
debian,l2tpns,usr/lib/systemd/system/l2tpns.service
debian,ladvd,usr/lib/systemd/system/ladvd.service
debian,lastlog2,usr/lib/systemd/system/lastlog2-import.service
debian,lbcd,usr/lib/systemd/system/lbcd.service
debian,lcd4linux,usr/lib/systemd/system/lcd4linux.service
debian,lcdproc,usr/lib/systemd/system/lcdproc.service
debian,leafnode,usr/lib/systemd/system/leafnode-fetchnews.service
debian,leafnode,usr/lib/systemd/system/leafnode@.service
debian,ledmon,usr/lib/systemd/system/ledmon.service
debian,legiond,usr/lib/systemd/system/legiond-onresume.service
debian,legiond,usr/lib/systemd/system/legiond.service
debian,lenovolegionlinux-sound,usr/lib/systemd/system/lenovolegionlinux-sound.service
debian,libpam-modules-bin,usr/lib/systemd/system/pam_namespace.service
debian,libpam-pkcs11,usr/lib/systemd/system/pkcs11-eventmgr.service
debian,libreswan,usr/lib/systemd/system/ipsec.service
debian,libvirt-daemon,usr/lib/systemd/system/libvirtd.service
debian,libvirt-daemon-common,usr/lib/systemd/system/libvirt-guests.service
debian,libvirt-daemon-lock,usr/lib/systemd/system/virtlockd.service
debian,libvirt-daemon-log,usr/lib/systemd/system/virtlogd.service
debian,lightdm,usr/lib/systemd/system/lightdm.service
debian,lighttpd,usr/lib/systemd/system/lighttpd-maint.service
debian,lighttpd,usr/lib/systemd/system/lighttpd.service
debian,linuxptp,usr/lib/systemd/system/phc2sys@.service
debian,linuxptp,usr/lib/systemd/system/ptp4l@.service
debian,linuxptp,usr/lib/systemd/system/timemaster.service
debian,lirc,usr/lib/systemd/system/irexec.service
debian,lirc,usr/lib/systemd/system/lircd-setup.service
debian,lirc,usr/lib/systemd/system/lircd-uinput.service
debian,lirc,usr/lib/systemd/system/lircd.service
debian,lirc,usr/lib/systemd/system/lircmd.service
debian,lldpad,usr/lib/systemd/system/lldpad.service
debian,lldpd,usr/lib/systemd/system/lldpd.service
debian,lm-sensors,usr/lib/systemd/system/lm-sensors.service
debian,locate,usr/lib/systemd/system/locate.service
debian,log2ram,usr/lib/systemd/system/log2ram-daily.service
debian,log2ram,usr/lib/systemd/system/log2ram.service
debian,logiops,usr/lib/systemd/system/logid.service
debian,logrotate,usr/lib/systemd/system/logrotate.service
debian,lomiri-location-service-bin,usr/lib/systemd/system/lomiri-location-service.service
debian,low-memory-monitor,usr/lib/systemd/system/low-memory-monitor.service
debian,lprint,usr/lib/systemd/system/lprint.service
debian,lttng-tools,usr/lib/systemd/system/lttng-sessiond.service
debian,luanti-server,usr/lib/systemd/system/luanti-server.service
debian,luanti-server,usr/lib/systemd/system/luanti-server@.service
debian,luanti-server,usr/lib/systemd/system/minetest-server.service
debian,luanti-server,usr/lib/systemd/system/minetest-server@.service
debian,lvm2,usr/lib/systemd/system/blk-availability.service
debian,lvm2,usr/lib/systemd/system/lvm2-lvmpolld.service
debian,lvm2,usr/lib/systemd/system/lvm2-monitor.service
debian,lvm2-lockd,usr/lib/systemd/system/lvmlockd.service
debian,lvm2-lockd,usr/lib/systemd/system/lvmlocks.service
debian,lxc,usr/lib/systemd/system/lxc-monitord.service
debian,lxc,usr/lib/systemd/system/lxc-net.service
debian,lxc,usr/lib/systemd/system/lxc.service
debian,lxc,usr/lib/systemd/system/lxc@.service
debian,lxcfs,usr/lib/systemd/system/lxcfs.service
debian,lxd,usr/lib/systemd/system/lxd-containers.service
debian,lxd,usr/lib/systemd/system/lxd.service
debian,lxd-agent,usr/lib/systemd/system/lxd-agent.service
debian,lxdm,usr/lib/systemd/system/lxdm.service
debian,lyskom-server,usr/lib/systemd/system/lyskom-server.service
debian,macipgw,usr/lib/systemd/system/macipgw.service
debian,mactelnet-server,usr/lib/systemd/system/mactelnet-server.service
debian,mailfromd,usr/lib/systemd/system/mailfromd.service
debian,mailutils-comsatd,usr/lib/systemd/system/mailutils-comsatd.service
debian,mailutils-imap4d,usr/lib/systemd/system/mailutils-imap4d.service
debian,mailutils-pop3d,usr/lib/systemd/system/mailutils-pop3d.service
debian,make-dynpart-mappings,usr/lib/systemd/system/make-dynpart-mappings@.service
debian,man-db,usr/lib/systemd/system/man-db.service
debian,mariadb-server,usr/lib/systemd/system/mariadb.service
debian,mariadb-server,usr/lib/systemd/system/mariadb@.service
debian,mariadb-server,usr/lib/systemd/system/mariadb@bootstrap.service.d/use_galera_new_cluster.conf
debian,mariadb-server,usr/lib/systemd/system/mysql.service
debian,mariadb-server,usr/lib/systemd/system/mysqld.service
debian,mbmon,usr/lib/systemd/system/mbmon.service
debian,mbpfan,usr/lib/systemd/system/mbpfan.service
debian,mcstrans,usr/lib/systemd/system/mcstrans.service
debian,mdadm,usr/lib/systemd/system/mdadm-grow-continue@.service
debian,mdadm,usr/lib/systemd/system/mdadm-last-resort@.service
debian,mdadm,usr/lib/systemd/system/mdcheck_continue.service
debian,mdadm,usr/lib/systemd/system/mdcheck_start.service
debian,mdadm,usr/lib/systemd/system/mdmon@.service
debian,mdadm,usr/lib/systemd/system/mdmonitor-oneshot.service
debian,mdadm,usr/lib/systemd/system/mdmonitor.service
debian,mdns-reflector,usr/lib/systemd/system/mdns-reflector.service
debian,mdns-reflector,usr/lib/systemd/system/mdns-reflector@.service
debian,mdnsd,usr/lib/systemd/system/mdnsd.service
debian,memcached,usr/lib/systemd/system/memcached.service
debian,memlockd,usr/lib/systemd/system/memlockd.service
debian,mender-client,usr/lib/systemd/system/mender-client.service
debian,merecat,usr/lib/systemd/system/merecat.service
debian,mgetty-fax,usr/lib/systemd/system/mgetty-fax.service
debian,mgmt,usr/lib/systemd/system/mgmt.service
debian,micro-httpd,usr/lib/systemd/system/micro-httpd@.service
debian,milter-greylist,usr/lib/systemd/system/milter-greylist.service
debian,mimedefang,usr/lib/systemd/system/mimedefang-multiplexor.service
debian,mimedefang,usr/lib/systemd/system/mimedefang.service
debian,mimic,usr/lib/systemd/system/mimic@.service
debian,mini-httpd,usr/lib/systemd/system/mini-httpd.service
debian,minicoredumper,usr/lib/systemd/system/minicoredumper.service
debian,minicoredumper,usr/lib/systemd/system/minicoredumper_regd.service
debian,minidlna,usr/lib/systemd/system/minidlna.service
debian,miniflux,usr/lib/systemd/system/miniflux.service
debian,minissdpd,usr/lib/systemd/system/minissdpd.service
debian,miredo,usr/lib/systemd/system/miredo.service
debian,mirrorbits,usr/lib/systemd/system/mirrorbits.service
debian,mirrorbits,usr/lib/systemd/system/mirrorbits@.service
debian,modemmanager,usr/lib/systemd/system/ModemManager.service
debian,molly-brown,usr/lib/systemd/system/molly-brown@.service
debian,mon,usr/lib/systemd/system/mon.service
debian,monit,usr/lib/systemd/system/monit.service
debian,monopd,usr/lib/systemd/system/monopd.service
debian,moosefs-chunkserver,usr/lib/systemd/system/moosefs-chunkserver.service
debian,moosefs-chunkserver,usr/lib/systemd/system/moosefs-chunkserver@.service
debian,moosefs-master,usr/lib/systemd/system/moosefs-master.service
debian,moosefs-metalogger,usr/lib/systemd/system/moosefs-metalogger.service
debian,moosefs-metalogger,usr/lib/systemd/system/moosefs-metalogger@.service
debian,mosquitto,usr/lib/systemd/system/mosquitto.service
debian,motion,usr/lib/systemd/system/motion.service
debian,mpd,usr/lib/systemd/system/mpd.service
debian,mpdscribble,usr/lib/systemd/system/mpdscribble.service
debian,mptcpd,usr/lib/systemd/system/mptcp.service
debian,mrtg,usr/lib/systemd/system/mrtg.service
debian,msktutil,usr/lib/systemd/system/msktutil-auto-update.service
debian,msmtp-mta,usr/lib/systemd/system/msmtpd.service
debian,mtail,usr/lib/systemd/system/mtail.service
debian,multipath-tools,usr/lib/systemd/system/multipathd.service
debian,mumble-server,usr/lib/systemd/system/mumble-server.service
debian,mumudvb,usr/lib/systemd/system/mumudvb.service
debian,munge,usr/lib/systemd/system/munge.service
debian,munin-node-c,usr/lib/systemd/system/munin-node-c@.service
debian,myproxy-server,usr/lib/systemd/system/myproxy-server.service
debian,mysecureshell,usr/lib/systemd/system/mysecureshell.service
debian,nagios-nrpe-server,usr/lib/systemd/system/nagios-nrpe-server.service
debian,natlog,usr/lib/systemd/system/natlog.service
debian,nats-server,usr/lib/systemd/system/nats-server.service
debian,nbd-client,usr/lib/systemd/system/nbd-client.service
debian,nbd-client,usr/lib/systemd/system/nbd@.service
debian,nbd-server,usr/lib/systemd/system/nbd-server.service
debian,ndctl,usr/lib/systemd/system/ndctl-monitor.service
debian,nebula,usr/lib/systemd/system/nebula@.service
debian,netatalk,usr/lib/systemd/system/netatalk.service
debian,netavark,usr/lib/systemd/system/netavark-dhcp-proxy.service
debian,netavark,usr/lib/systemd/system/netavark-firewalld-reload.service
debian,nethack-common,usr/lib/systemd/system/nethack-common.service
debian,netperf,usr/lib/systemd/system/netperf.service
debian,network-manager,usr/lib/systemd/system/NetworkManager-dispatcher.service
debian,network-manager,usr/lib/systemd/system/NetworkManager-wait-online.service
debian,network-manager,usr/lib/systemd/system/NetworkManager.service
debian,network-manager,usr/lib/systemd/system/nm-priv-helper.service
debian,nextcloud-spreed-signaling,usr/lib/systemd/system/nextcloud-spreed-signaling.service
debian,nextcloud-spreed-signaling-proxy,usr/lib/systemd/system/nextcloud-spreed-signaling-proxy.service
debian,nextepc-hss,usr/lib/systemd/system/nextepc-hss.service
debian,nextepc-mme,usr/lib/systemd/system/nextepc-mme.service
debian,nextepc-pcrf,usr/lib/systemd/system/nextepc-pcrf.service
debian,nextepc-pgw,usr/lib/systemd/system/nextepc-pgw.service
debian,nextepc-sgw,usr/lib/systemd/system/nextepc-sgw.service
debian,nfdump,usr/lib/systemd/system/nfdump.service
debian,nfdump,usr/lib/systemd/system/nfdump@.service
debian,nfs-common,usr/lib/systemd/system/auth-rpcgss-module.service
debian,nfs-common,usr/lib/systemd/system/nfs-blkmap.service
debian,nfs-common,usr/lib/systemd/system/nfs-common.service
debian,nfs-common,usr/lib/systemd/system/nfs-idmapd.service
debian,nfs-common,usr/lib/systemd/system/nfs-utils.service
debian,nfs-common,usr/lib/systemd/system/rpc-gssd.service
debian,nfs-common,usr/lib/systemd/system/rpc-statd-notify.service
debian,nfs-common,usr/lib/systemd/system/rpc-statd.service
debian,nfs-common,usr/lib/systemd/system/rpc-svcgssd.service
debian,nfs-ganesha,usr/lib/systemd/system/nfs-ganesha-config.service
debian,nfs-ganesha,usr/lib/systemd/system/nfs-ganesha-lock.service
debian,nfs-ganesha,usr/lib/systemd/system/nfs-ganesha-lock.service.d/rpc-statd.conf
debian,nfs-ganesha,usr/lib/systemd/system/nfs-ganesha.service
debian,nfs-kernel-server,usr/lib/systemd/system/fsidd.service
debian,nfs-kernel-server,usr/lib/systemd/system/nfs-kernel-server.service
debian,nfs-kernel-server,usr/lib/systemd/system/nfs-mountd.service
debian,nfs-kernel-server,usr/lib/systemd/system/nfs-server.service
debian,nfs-kernel-server,usr/lib/systemd/system/nfsdcld.service
debian,nftables,usr/lib/systemd/system/nftables.service
debian,nftlb,usr/lib/systemd/system/nftlb.service
debian,nghttp2-proxy,usr/lib/systemd/system/nghttpx.service
debian,ngircd,usr/lib/systemd/system/ngircd.service
debian,ngtcp2-server,usr/lib/systemd/system/ngtcp2d.service
debian,nield,usr/lib/systemd/system/nield.service
debian,nodm,usr/lib/systemd/system/nodm.service
debian,nordugrid-arc-arex,usr/lib/systemd/system/arc-arex-ws.service
debian,nordugrid-arc-arex,usr/lib/systemd/system/arc-arex.service
debian,nordugrid-arc-datadelivery-service,usr/lib/systemd/system/arc-datadelivery-service.service
debian,nordugrid-arc-hed,usr/lib/systemd/system/arched.service
debian,nsca,usr/lib/systemd/system/nsca.service
debian,nsca-ng-server,usr/lib/systemd/system/nsca-ng-server.service
debian,nscd,usr/lib/systemd/system/nscd.service
debian,nsd,usr/lib/systemd/system/nsd.service
debian,nslcd,usr/lib/systemd/system/nslcd.service
debian,nsncd,usr/lib/systemd/system/nsncd.service
debian,nss-tlsd,usr/lib/systemd/system/nss-tlsd.service
debian,ntfy,usr/lib/systemd/system/ntfy-client.service
debian,ntfy,usr/lib/systemd/system/ntfy.service
debian,ntpd-rs,usr/lib/systemd/system/ntpd-rs.service
debian,ntpd-rs-metrics,usr/lib/systemd/system/ntpd-rs-metrics.service
debian,ntpsec,usr/lib/systemd/system/ntpsec-rotate-stats.service
debian,ntpsec,usr/lib/systemd/system/ntpsec-systemd-netif.service
debian,ntpsec,usr/lib/systemd/system/ntpsec-wait.service
debian,ntpsec,usr/lib/systemd/system/ntpsec.service
debian,ntpsec-ntpviz,usr/lib/systemd/system/ntploggps.service
debian,ntpsec-ntpviz,usr/lib/systemd/system/ntplogtemp.service
debian,ntpsec-ntpviz,usr/lib/systemd/system/ntpviz-daily.service
debian,ntpsec-ntpviz,usr/lib/systemd/system/ntpviz-weekly.service
debian,nullmailer,usr/lib/systemd/system/nullmailer.service
debian,numad,usr/lib/systemd/system/numad.service
debian,nut-client,usr/lib/systemd/system/nut-client.service
debian,nut-client,usr/lib/systemd/system/nut-monitor.service
debian,nut-client,usr/lib/systemd/system/ups-monitor.service
debian,nut-server,usr/lib/systemd/system/nut-driver-enumerator.service
debian,nut-server,usr/lib/systemd/system/nut-driver@.service
debian,nut-server,usr/lib/systemd/system/nut-server.service
debian,nutcracker,usr/lib/systemd/system/nutcracker.service
debian,nvi,usr/lib/systemd/system/nvi.service
debian,nvme-cli,usr/lib/systemd/system/nvmefc-boot-connections.service
debian,nvme-cli,usr/lib/systemd/system/nvmf-autoconnect.service
debian,nvme-cli,usr/lib/systemd/system/nvmf-connect-nbft.service
debian,nvme-cli,usr/lib/systemd/system/nvmf-connect@.service
debian,oar-node,usr/lib/systemd/system/oar-node-script.service
debian,oar-node,usr/lib/systemd/system/oar-node.service
debian,oar-node,usr/lib/systemd/system/oar-nodecheck.service
debian,oar-server,usr/lib/systemd/system/oar-accounting.service
debian,oar-server,usr/lib/systemd/system/oar-server.service
debian,ocfs2-tools,usr/lib/systemd/system/o2cb.service
debian,ocfs2-tools,usr/lib/systemd/system/ocfs2.service
debian,ocserv,usr/lib/systemd/system/ocserv.service
debian,ocsinventory-agent,usr/lib/systemd/system/ocsinventory-agent.service
debian,oddjob,usr/lib/systemd/system/oddjobd.service
debian,ofono,usr/lib/systemd/system/dundee.service
debian,ofono,usr/lib/systemd/system/ofono-fcc-unlock.service
debian,ofono,usr/lib/systemd/system/ofono.service
debian,oidentd,usr/lib/systemd/system/oidentd.service
debian,oidentd,usr/lib/systemd/system/oidentd@.service
debian,omniorb-nameserver,usr/lib/systemd/system/omniorb-nameserver.service
debian,onak,usr/lib/systemd/system/onak.service
debian,onedrive,usr/lib/systemd/system/onedrive@.service
debian,oomd,usr/lib/systemd/system/oomd.service
debian,opa-fm,usr/lib/systemd/system/opa-fm.service
debian,open-iscsi,usr/lib/systemd/system/iscsid.service
debian,open-iscsi,usr/lib/systemd/system/open-iscsi.service
debian,open-isns-discoveryd,usr/lib/systemd/system/isnsdd.service
debian,open-isns-server,usr/lib/systemd/system/isnsd.service
debian,open-vm-tools,usr/lib/systemd/system/open-vm-tools.service
debian,open-vm-tools,usr/lib/systemd/system/vgauth.service
debian,open-vm-tools-desktop,usr/lib/systemd/system/open-vm-tools.service.d/desktop.conf
debian,openafs-client,usr/lib/systemd/system/openafs-client.service
debian,openafs-fileserver,usr/lib/systemd/system/openafs-fileserver.service
debian,openarena-server,usr/lib/systemd/system/openarena-server.service
debian,openarena-server,usr/lib/systemd/system/openarena-server@.service
debian,openbgpd,usr/lib/systemd/system/bgplgd.service
debian,openbgpd,usr/lib/systemd/system/openbgpd.service
debian,openbsd-inetd,usr/lib/systemd/system/inetd.service
debian,openbsd-inetd,usr/lib/systemd/system/openbsd-inetd.service
debian,opencryptoki,usr/lib/systemd/system/pkcsslotd.service
debian,opendkim,usr/lib/systemd/system/opendkim.service
debian,opendmarc,usr/lib/systemd/system/opendmarc.service
debian,opengnb,usr/lib/systemd/system/opengnb.service
debian,opengnb,usr/lib/systemd/system/opengnb@.service
debian,openhpid,usr/lib/systemd/system/openhpid.service
debian,openiked,usr/lib/systemd/system/openiked.service
debian,opennds-daemon,usr/lib/systemd/system/opennds.service
debian,openntpd,usr/lib/systemd/system/openntpd.service
debian,openoverlayrouter,usr/lib/systemd/system/oor.service
debian,opensm,usr/lib/systemd/system/opensm.service
debian,opensm,usr/lib/systemd/system/opensm@.service
debian,opensmtpd,usr/lib/systemd/system/opensmtpd.service
debian,opensnitch,usr/lib/systemd/system/opensnitch.service
debian,openssh-server,usr/lib/systemd/system/ssh.service
debian,openssh-server,usr/lib/systemd/system/sshd-keygen.service
debian,openssh-server,usr/lib/systemd/system/sshd@.service
debian,opentracker,usr/lib/systemd/system/opentracker.service
debian,openvpn,usr/lib/systemd/system/openvpn-client@.service
debian,openvpn,usr/lib/systemd/system/openvpn-server@.service
debian,openvpn,usr/lib/systemd/system/openvpn.service
debian,openvpn,usr/lib/systemd/system/openvpn@.service
debian,openvpn3-client,usr/lib/systemd/system/openvpn3-autoload.service
debian,openvpn3-client,usr/lib/systemd/system/openvpn3-session@.service
debian,openvswitch-ipsec,usr/lib/systemd/system/openvswitch-ipsec.service
debian,openvswitch-switch,usr/lib/systemd/system/openvswitch-switch.service
debian,openvswitch-switch,usr/lib/systemd/system/ovs-record-hostname.service
debian,openvswitch-switch,usr/lib/systemd/system/ovs-vswitchd.service
debian,openvswitch-switch,usr/lib/systemd/system/ovsdb-server.service
debian,orthanc,usr/lib/systemd/system/orthanc.service
debian,osmo-bsc,usr/lib/systemd/system/osmo-bsc.service
debian,osmo-bts,usr/lib/systemd/system/osmo-bts.service
debian,osmo-ggsn,usr/lib/systemd/system/osmo-ggsn.service
debian,osmo-gtphub,usr/lib/systemd/system/osmo-gtphub.service
debian,osmo-hlr,usr/lib/systemd/system/osmo-hlr.service
debian,osmo-mgw,usr/lib/systemd/system/osmo-mgw.service
debian,osmo-msc,usr/lib/systemd/system/osmo-msc.service
debian,osmo-pcu,usr/lib/systemd/system/osmo-pcu.service
debian,osmo-sgsn,usr/lib/systemd/system/osmo-sgsn.service
debian,osmo-stp,usr/lib/systemd/system/osmo-stp.service
debian,osmo-trx,usr/lib/systemd/system/osmo-trx.service
debian,osspd,usr/lib/systemd/system/osspd.service
debian,ostree-boot,usr/lib/systemd/system/ostree-boot-complete.service
debian,ostree-boot,usr/lib/systemd/system/ostree-finalize-staged-hold.service
debian,ostree-boot,usr/lib/systemd/system/ostree-finalize-staged.service
debian,ostree-boot,usr/lib/systemd/system/ostree-prepare-root.service
debian,ostree-boot,usr/lib/systemd/system/ostree-remount.service
debian,ostree-boot,usr/lib/systemd/system/ostree-state-overlay@.service
debian,ovn-central,usr/lib/systemd/system/ovn-central.service
debian,ovn-central,usr/lib/systemd/system/ovn-northd.service
debian,ovn-central,usr/lib/systemd/system/ovn-ovsdb-server-nb.service
debian,ovn-central,usr/lib/systemd/system/ovn-ovsdb-server-sb.service
debian,ovn-controller-vtep,usr/lib/systemd/system/ovn-controller-vtep.service
debian,ovn-host,usr/lib/systemd/system/ovn-controller.service
debian,ovn-host,usr/lib/systemd/system/ovn-host.service
debian,ovn-ic,usr/lib/systemd/system/ovn-ic.service
debian,ovn-ic-db,usr/lib/systemd/system/ovn-ic-db.service
debian,ovn-ic-db,usr/lib/systemd/system/ovn-ovsdb-server-ic-nb.service
debian,ovn-ic-db,usr/lib/systemd/system/ovn-ovsdb-server-ic-sb.service
debian,owfs-fuse,usr/lib/systemd/system/owfs.service
debian,owftpd,usr/lib/systemd/system/owftpd.service
debian,owhttpd,usr/lib/systemd/system/owhttpd.service
debian,owserver,usr/lib/systemd/system/owserver.service
debian,pacemaker,usr/lib/systemd/system/pacemaker.service
debian,pacemaker-remote,usr/lib/systemd/system/pacemaker_remote.service
debian,packagekit,usr/lib/systemd/system/packagekit-offline-update.service
debian,packagekit,usr/lib/systemd/system/packagekit.service
debian,packagekit,usr/lib/systemd/system/system-update.target.wants/packagekit-offline-update.service
debian,papd,usr/lib/systemd/system/papd.service
debian,parsec-service,usr/lib/systemd/system/parsec.service
debian,partimage-server,usr/lib/systemd/system/partimaged.service
debian,pcaputils,usr/lib/systemd/system/pcapdump.service
debian,pcaputils,usr/lib/systemd/system/pcapdump@.service
debian,pcp,usr/lib/systemd/system/pcp-geolocate.service
debian,pcp,usr/lib/systemd/system/pcp-reboot-init.service
debian,pcp,usr/lib/systemd/system/pmcd.service
debian,pcp,usr/lib/systemd/system/pmfind.service
debian,pcp,usr/lib/systemd/system/pmie.service
debian,pcp,usr/lib/systemd/system/pmie_check.service
debian,pcp,usr/lib/systemd/system/pmie_daily.service
debian,pcp,usr/lib/systemd/system/pmie_farm.service
debian,pcp,usr/lib/systemd/system/pmie_farm_check.service
debian,pcp,usr/lib/systemd/system/pmlogger.service
debian,pcp,usr/lib/systemd/system/pmlogger_check.service
debian,pcp,usr/lib/systemd/system/pmlogger_daily.service
debian,pcp,usr/lib/systemd/system/pmlogger_farm.service
debian,pcp,usr/lib/systemd/system/pmlogger_farm_check.service
debian,pcp,usr/lib/systemd/system/pmproxy.service
debian,pcscd,usr/lib/systemd/system/pcscd.service
debian,pdns-ixfrdist,usr/lib/systemd/system/ixfrdist.service
debian,pdns-ixfrdist,usr/lib/systemd/system/ixfrdist@.service
debian,pdns-recursor,usr/lib/systemd/system/pdns-recursor.service
debian,pdns-recursor,usr/lib/systemd/system/pdns-recursor@.service
debian,pdns-server,usr/lib/systemd/system/pdns.service
debian,pdns-server,usr/lib/systemd/system/pdns@.service
debian,pesign,usr/lib/systemd/system/pesign.service
debian,pgagroal,usr/lib/systemd/system/pgagroal.service
debian,pgbackrest,usr/lib/systemd/system/pgbackrest.service
debian,pgbouncer,usr/lib/systemd/system/pgbouncer.service
debian,pgpool2,usr/lib/systemd/system/pgpool2.service
debian,pgqd,usr/lib/systemd/system/pgqd.service
debian,phosh,usr/lib/systemd/system/phosh.service
debian,php8.4-fpm,usr/lib/systemd/system/php8.4-fpm.service
debian,phrog,usr/lib/systemd/system/greetd.service.d/phrog.conf
debian,pimd,usr/lib/systemd/system/pimd.service
debian,pk4,usr/lib/systemd/system/pk4-generate-index.service
debian,pkcs11-daemon,usr/lib/systemd/system/pkcs11-daemon.service
debian,plasma-mobile,usr/lib/systemd/system/plasma-mobile.service
debian,plocate,usr/lib/systemd/system/plocate-updatedb.service
debian,plymouth,usr/lib/systemd/system/halt.target.wants/plymouth-halt.service
debian,plymouth,usr/lib/systemd/system/halt.target.wants/plymouth-switch-root-initramfs.service
debian,plymouth,usr/lib/systemd/system/initrd-switch-root.target.wants/plymouth-start.service
debian,plymouth,usr/lib/systemd/system/initrd-switch-root.target.wants/plymouth-switch-root.service
debian,plymouth,usr/lib/systemd/system/kexec.target.wants/plymouth-kexec.service
debian,plymouth,usr/lib/systemd/system/kexec.target.wants/plymouth-switch-root-initramfs.service
debian,plymouth,usr/lib/systemd/system/multi-user.target.wants/plymouth-quit-wait.service
debian,plymouth,usr/lib/systemd/system/multi-user.target.wants/plymouth-quit.service
debian,plymouth,usr/lib/systemd/system/plymouth-halt.service
debian,plymouth,usr/lib/systemd/system/plymouth-kexec.service
debian,plymouth,usr/lib/systemd/system/plymouth-log.service
debian,plymouth,usr/lib/systemd/system/plymouth-poweroff.service
debian,plymouth,usr/lib/systemd/system/plymouth-quit-wait.service
debian,plymouth,usr/lib/systemd/system/plymouth-quit.service
debian,plymouth,usr/lib/systemd/system/plymouth-read-write.service
debian,plymouth,usr/lib/systemd/system/plymouth-reboot.service
debian,plymouth,usr/lib/systemd/system/plymouth-start.service
debian,plymouth,usr/lib/systemd/system/plymouth-switch-root-initramfs.service
debian,plymouth,usr/lib/systemd/system/plymouth-switch-root.service
debian,plymouth,usr/lib/systemd/system/plymouth.service
debian,plymouth,usr/lib/systemd/system/poweroff.target.wants/plymouth-poweroff.service
debian,plymouth,usr/lib/systemd/system/poweroff.target.wants/plymouth-switch-root-initramfs.service
debian,plymouth,usr/lib/systemd/system/reboot.target.wants/plymouth-reboot.service
debian,plymouth,usr/lib/systemd/system/reboot.target.wants/plymouth-switch-root-initramfs.service
debian,plymouth,usr/lib/systemd/system/sysinit.target.wants/plymouth-read-write.service
debian,plymouth,usr/lib/systemd/system/sysinit.target.wants/plymouth-start.service
debian,plymouth,usr/lib/systemd/system/systemd-ask-password-plymouth.service
debian,pmacct,usr/lib/systemd/system/nfacctd.service
debian,pmacct,usr/lib/systemd/system/pmacctd.service
debian,pmacct,usr/lib/systemd/system/sfacctd.service
debian,pmacct,usr/lib/systemd/system/uacctd.service
debian,podman,usr/lib/systemd/system/podman-auto-update.service
debian,podman,usr/lib/systemd/system/podman-clean-transient.service
debian,podman,usr/lib/systemd/system/podman-kube@.service
debian,podman,usr/lib/systemd/system/podman-restart.service
debian,podman,usr/lib/systemd/system/podman.service
debian,pokerth-server,usr/lib/systemd/system/pokerth-server.service
debian,policycoreutils,usr/lib/systemd/system/basic.target.wants/selinux-autorelabel-mark.service
debian,policycoreutils,usr/lib/systemd/system/selinux-autorelabel-mark.service
debian,policycoreutils,usr/lib/systemd/system/selinux-autorelabel.service
debian,polkitd,usr/lib/systemd/system/polkit.service
debian,pollen,usr/lib/systemd/system/pollen.service
debian,poolcounter,usr/lib/systemd/system/poolcounter.service
debian,portsentry,usr/lib/systemd/system/portsentry.service
debian,portsentry,usr/lib/systemd/system/portsentry@.service
debian,postfix,usr/lib/systemd/system/postfix-resolvconf.service
debian,postfix,usr/lib/systemd/system/postfix.service
debian,postfix,usr/lib/systemd/system/postfix@.service
debian,postfix-gld,usr/lib/systemd/system/gld.service
debian,postsrsd,usr/lib/systemd/system/postsrsd.service
debian,pound,usr/lib/systemd/system/pound.service
debian,power-profiles-daemon,usr/lib/systemd/system/power-profiles-daemon.service
debian,powerman,usr/lib/systemd/system/powerman.service
debian,powertop,usr/lib/systemd/system/powertop.service
debian,ppp,usr/lib/systemd/system/ppp@.service
debian,pptpd,usr/lib/systemd/system/pptpd.service
debian,privoxy,usr/lib/systemd/system/privoxy-cleanup.service
debian,privoxy,usr/lib/systemd/system/privoxy.service
debian,proftpd-core,usr/lib/systemd/system/proftpd.service
debian,proftpd-core,usr/lib/systemd/system/proftpd@.service
debian,prometheus,usr/lib/systemd/system/prometheus.service
debian,prometheus-alertmanager,usr/lib/systemd/system/prometheus-alertmanager.service
debian,prometheus-apache-exporter,usr/lib/systemd/system/prometheus-apache-exporter.service
debian,prometheus-bind-exporter,usr/lib/systemd/system/prometheus-bind-exporter.service
debian,prometheus-bird-exporter,usr/lib/systemd/system/prometheus-bird-exporter.service
debian,prometheus-blackbox-exporter,usr/lib/systemd/system/prometheus-blackbox-exporter.service
debian,prometheus-dnsmasq-exporter,usr/lib/systemd/system/prometheus-dnsmasq-exporter.service
debian,prometheus-elasticsearch-exporter,usr/lib/systemd/system/prometheus-elasticsearch-exporter.service
debian,prometheus-exporter-exporter,usr/lib/systemd/system/prometheus-exporter-exporter.service
debian,prometheus-frr-exporter,usr/lib/systemd/system/prometheus-frr-exporter.service
debian,prometheus-hacluster-exporter,usr/lib/systemd/system/ha_cluster_exporter.service
debian,prometheus-haproxy-exporter,usr/lib/systemd/system/prometheus-haproxy-exporter.service
debian,prometheus-homeplug-exporter,usr/lib/systemd/system/prometheus-homeplug-exporter.service
debian,prometheus-ipmi-exporter,usr/lib/systemd/system/prometheus-ipmi-exporter.service
debian,prometheus-libvirt-exporter,usr/lib/systemd/system/prometheus-libvirt-exporter.service
debian,prometheus-mongodb-exporter,usr/lib/systemd/system/prometheus-mongodb-exporter.service
debian,prometheus-mqtt-exporter,usr/lib/systemd/system/prometheus-mqtt-exporter.service
debian,prometheus-mysqld-exporter,usr/lib/systemd/system/prometheus-mysqld-exporter.service
debian,prometheus-nextcloud-exporter,usr/lib/systemd/system/prometheus-nextcloud-exporter.service
debian,prometheus-nginx-exporter,usr/lib/systemd/system/prometheus-nginx-exporter.service
debian,prometheus-node-exporter,usr/lib/systemd/system/prometheus-node-exporter.service
debian,prometheus-pgbackrest-exporter,usr/lib/systemd/system/prometheus-pgbackrest-exporter.service
debian,prometheus-pgbouncer-exporter,usr/lib/systemd/system/prometheus-pgbouncer-exporter.service
debian,prometheus-phpfpm-exporter,usr/lib/systemd/system/prometheus-phpfpm-exporter.service
debian,prometheus-postfix-exporter,usr/lib/systemd/system/prometheus-postfix-exporter.service
debian,prometheus-postgres-exporter,usr/lib/systemd/system/prometheus-postgres-exporter.service
debian,prometheus-process-exporter,usr/lib/systemd/system/prometheus-process-exporter.service
debian,prometheus-pushgateway,usr/lib/systemd/system/prometheus-pushgateway.service
debian,prometheus-redis-exporter,usr/lib/systemd/system/prometheus-redis-exporter.service
debian,prometheus-smokeping-prober,usr/lib/systemd/system/prometheus-smokeping-prober.service
debian,prometheus-snmp-exporter,usr/lib/systemd/system/prometheus-snmp-exporter.service
debian,prometheus-sql-exporter,usr/lib/systemd/system/prometheus-sql-exporter.service
debian,prometheus-squid-exporter,usr/lib/systemd/system/prometheus-squid-exporter.service
debian,prometheus-tplink-plug-exporter,usr/lib/systemd/system/prometheus-tplink-plug-exporter.service
debian,prometheus-varnish-exporter,usr/lib/systemd/system/prometheus-varnish-exporter.service
debian,prosody,usr/lib/systemd/system/prosody.service
debian,protection-domain-mapper,usr/lib/systemd/system/pd-mapper.service
debian,proxsmtp,usr/lib/systemd/system/proxsmtp.service
debian,proxsmtp,usr/lib/systemd/system/proxsmtp@.service
debian,psad,usr/lib/systemd/system/psad.service
debian,pulseaudio,usr/lib/systemd/system/pulseaudio-enable-autospawn.service
debian,qatlib-service,usr/lib/systemd/system/qat.service
debian,qbittorrent-nox,usr/lib/systemd/system/qbittorrent-nox@.service
debian,qbootctl,usr/lib/systemd/system/qbootctl.service
debian,qcom-phone-utils,usr/lib/systemd/system/bootmac-bluetooth.service
debian,qcom-phone-utils,usr/lib/systemd/system/q6voiced.service
debian,qcom-phone-utils,usr/lib/systemd/system/qcom-modem-setup.service
debian,qemu-guest-agent,usr/lib/systemd/system/qemu-guest-agent.service
debian,qemu-system-common,usr/lib/systemd/system/qemu-vmsr-helper.service
debian,qrtr-tools,usr/lib/systemd/system/qrtr-ns.service
debian,quassel-core,usr/lib/systemd/system/quasselcore.service
debian,quota,usr/lib/systemd/system/quota.service
debian,quota,usr/lib/systemd/system/quotarpc.service
debian,radioclk,usr/lib/systemd/system/radioclk.service
debian,radosgw,usr/lib/systemd/system/ceph-radosgw@.service
debian,radsecproxy,usr/lib/systemd/system/radsecproxy.service
debian,radvd,usr/lib/systemd/system/radvd.service
debian,rancid,usr/lib/systemd/system/rancid-cleanup.service
debian,rancid,usr/lib/systemd/system/rancid.service
debian,rapiddisk,usr/lib/systemd/system/rapiddiskd.service
debian,rarpd,usr/lib/systemd/system/rarpd.service
debian,rasdaemon,usr/lib/systemd/system/ras-mc-ctl.service
debian,rasdaemon,usr/lib/systemd/system/rasdaemon.service
debian,ratbagd,usr/lib/systemd/system/ratbagd.service
debian,rawdns,usr/lib/systemd/system/rawdns.service
debian,razercfg,usr/lib/systemd/system/razerd.service
debian,rbd-mirror,usr/lib/systemd/system/ceph-rbd-mirror@.service
debian,rbldns,usr/lib/systemd/system/rbldns.service
debian,rbldnsd,usr/lib/systemd/system/rbldnsd.service
debian,rbldnsd,usr/lib/systemd/system/rbldnsd@.service
debian,rbootd,usr/lib/systemd/system/rbootd.service
debian,rdma-core,usr/lib/systemd/system/iwpmd.service
debian,rdma-core,usr/lib/systemd/system/rdma-load-modules@.service
debian,rdma-core,usr/lib/systemd/system/rdma-ndd.service
debian,rdnssd,usr/lib/systemd/system/rdnssd.service
debian,readsb,usr/lib/systemd/system/readsb.service
debian,realmd,usr/lib/systemd/system/realmd.service
debian,rebuilderd-worker,usr/lib/systemd/system/rebuilderd-worker@.service
debian,receptor,usr/lib/systemd/system/receptor.service
debian,redis-sentinel,usr/lib/systemd/system/redis-sentinel.service
debian,redis-sentinel,usr/lib/systemd/system/redis-sentinel@.service
debian,redis-server,usr/lib/systemd/system/redis-server.service
debian,redis-server,usr/lib/systemd/system/redis-server@.service
debian,redsocks,usr/lib/systemd/system/redsocks.service
debian,remotetrx,usr/lib/systemd/system/remotetrx.service
debian,renderd,usr/lib/systemd/system/renderd.service
debian,repowerd,usr/lib/systemd/system/repowerd.service
debian,restic-rest-server,usr/lib/systemd/system/restic-rest-server.service
debian,restorecond,usr/lib/systemd/system/restorecond.service
debian,rinetd,usr/lib/systemd/system/rinetd.service
debian,rmtfs,usr/lib/systemd/system/rmtfs.service
debian,rng-tools-debian,usr/lib/systemd/system/rng-tools-debian.service
debian,rng-tools5,usr/lib/systemd/system/rngd.service
debian,robustirc-bridge,usr/lib/systemd/system/robustirc-bridge.service
debian,robustirc-bridge,usr/lib/systemd/system/robustirc-bridge@.service
debian,rpcbind,usr/lib/systemd/system/portmap.service
debian,rpcbind,usr/lib/systemd/system/rpcbind.service
debian,rpki-client,usr/lib/systemd/system/rpki-client.service
debian,rshim,usr/lib/systemd/system/rshim.service
debian,rspamd,usr/lib/systemd/system/rspamd.service
debian,rsync,usr/lib/systemd/system/rsync.service
debian,rsyslog,usr/lib/systemd/system/rsyslog.service
debian,rtkit,usr/lib/systemd/system/rtkit-daemon.service
debian,rtpengine-daemon,usr/lib/systemd/system/rtpengine-daemon.service
debian,rtpengine-daemon,usr/lib/systemd/system/rtpengine.service
debian,rtpengine-recording-daemon,usr/lib/systemd/system/rtpengine-recording-daemon.service
debian,rtpengine-recording-daemon,usr/lib/systemd/system/rtpengine-recording-nfs-mount.service
debian,rtpengine-recording-daemon,usr/lib/systemd/system/rtpengine-recording.service
debian,sackd,usr/lib/systemd/system/sackd.service
debian,samba,usr/lib/systemd/system/nmbd.service
debian,samba,usr/lib/systemd/system/smbd.service
debian,samba-ad-dc,usr/lib/systemd/system/samba-ad-dc.service
debian,samhain,usr/lib/systemd/system/samhain.service
debian,sane-utils,usr/lib/systemd/system/saned.service
debian,sane-utils,usr/lib/systemd/system/saned@.service
debian,sanlk-reset,usr/lib/systemd/system/sanlk-resetd.service
debian,sanlock,usr/lib/systemd/system/sanlock.service
debian,sanlock,usr/lib/systemd/system/wdmd.service
debian,sasl2-bin,usr/lib/systemd/system/saslauthd.service
debian,sbd,usr/lib/systemd/system/sbd.service
debian,sbd,usr/lib/systemd/system/sbd_remote.service
debian,scanbd,usr/lib/systemd/system/scanbd.service
debian,scanbd,usr/lib/systemd/system/scanbm@.service
debian,schroot,usr/lib/systemd/system/schroot.service
debian,scsitools,usr/lib/systemd/system/scsitools-pre.service
debian,scsitools,usr/lib/systemd/system/scsitools.service
debian,sddm,usr/lib/systemd/system/sddm.service
debian,seatd,usr/lib/systemd/system/seatd.service
debian,sendmail-bin,usr/lib/systemd/system/sendmail.service
debian,ser2net,usr/lib/systemd/system/ser2net.service
debian,serf,usr/lib/systemd/system/serf.service
debian,setserial,usr/lib/systemd/system/etc-setserial.service
debian,setserial,usr/lib/systemd/system/setserial.service
debian,shadowsocks-libev,usr/lib/systemd/system/shadowsocks-libev-local@.service
debian,shadowsocks-libev,usr/lib/systemd/system/shadowsocks-libev-redir@.service
debian,shadowsocks-libev,usr/lib/systemd/system/shadowsocks-libev-server@.service
debian,shadowsocks-libev,usr/lib/systemd/system/shadowsocks-libev-tunnel@.service
debian,shadowsocks-libev,usr/lib/systemd/system/shadowsocks-libev.service
debian,shairport-sync,usr/lib/systemd/system/shairport-sync.service
debian,shibboleth-sp-utils,usr/lib/systemd/system/shibd.service
debian,shiny-server,usr/lib/systemd/system/shiny-server.service
debian,shoelaces,usr/lib/systemd/system/shoelaces.service
debian,sinfo,usr/lib/systemd/system/sinfo.service
debian,siridb-server,usr/lib/systemd/system/siridb-server.service
debian,slapd,usr/lib/systemd/system/slapd.service
debian,slashem-common,usr/lib/systemd/system/slashem-common.service
debian,slim,usr/lib/systemd/system/slim.service
debian,slinkwatch,usr/lib/systemd/system/slinkwatch.service
debian,slurmctld,usr/lib/systemd/system/slurmctld.service
debian,slurmd,usr/lib/systemd/system/slurmd.service
debian,slurmdbd,usr/lib/systemd/system/slurmdbd.service
debian,slurmrestd,usr/lib/systemd/system/slurmrestd.service
debian,smartdns,usr/lib/systemd/system/smartdns.service
debian,smartmontools,usr/lib/systemd/system/smartmontools.service
debian,smcroute,usr/lib/systemd/system/smcroute-helper.service
debian,smcroute,usr/lib/systemd/system/smcroute.service
debian,snac2,usr/lib/systemd/system/snac2.service
debian,snapclient,usr/lib/systemd/system/snapclient.service
debian,snapd,usr/lib/systemd/system/snapd.apparmor.service
debian,snapd,usr/lib/systemd/system/snapd.recovery-chooser-trigger.service
debian,snapd,usr/lib/systemd/system/snapd.seeded.service
debian,snapd,usr/lib/systemd/system/snapd.service
debian,snapper,usr/lib/systemd/system/snapper-boot.service
debian,snapper,usr/lib/systemd/system/snapper-cleanup.service
debian,snapper,usr/lib/systemd/system/snapper-timeline.service
debian,snapper,usr/lib/systemd/system/snapperd.service
debian,snapserver,usr/lib/systemd/system/snapserver.service
debian,sndiod,usr/lib/systemd/system/sndiod.service
debian,sniproxy,usr/lib/systemd/system/sniproxy.service
debian,snmpd,usr/lib/systemd/system/snmpd.service
debian,snmptrapd,usr/lib/systemd/system/snmptrapd.service
debian,snowflake-proxy,usr/lib/systemd/system/snowflake-proxy.service
debian,soapyremote-server,usr/lib/systemd/system/soapyremote-server.service
debian,softflowd,usr/lib/systemd/system/softflowd.service
debian,softflowd,usr/lib/systemd/system/softflowd@.service
debian,sogo,usr/lib/systemd/system/sogo.service
debian,soju,usr/lib/systemd/system/soju.service
debian,soundmodem,usr/lib/systemd/system/soundmodem.service
debian,spacenavd,usr/lib/systemd/system/spacenavd.service
debian,speakersafetyd,usr/lib/systemd/system/speakersafetyd.service
debian,speech-dispatcher,usr/lib/systemd/system/speech-dispatcher.service
debian,speech-dispatcher,usr/lib/systemd/system/speech-dispatcherd.service
debian,spice-vdagent,usr/lib/systemd/system/spice-vdagent.service
debian,spice-vdagent,usr/lib/systemd/system/spice-vdagentd.service
debian,spice-webdavd,usr/lib/systemd/system/spice-webdavd.service
debian,squid,usr/lib/systemd/system/squid.service
debian,sqwebmail,usr/lib/systemd/system/sqwebmail.service
debian,srcpd,usr/lib/systemd/system/srcpd.service
debian,srptools,usr/lib/systemd/system/srp_daemon.service
debian,srptools,usr/lib/systemd/system/srp_daemon_port@.service
debian,srptools,usr/lib/systemd/system/srptools.service
debian,sshguard,usr/lib/systemd/system/sshguard.service
debian,sslh,usr/lib/systemd/system/sslh.service
debian,sssd-ad-common,usr/lib/systemd/system/sssd-pac.service
debian,sssd-common,usr/lib/systemd/system/sssd-autofs.service
debian,sssd-common,usr/lib/systemd/system/sssd-nss.service
debian,sssd-common,usr/lib/systemd/system/sssd-pam.service
debian,sssd-common,usr/lib/systemd/system/sssd-ssh.service
debian,sssd-common,usr/lib/systemd/system/sssd-sudo.service
debian,sssd-common,usr/lib/systemd/system/sssd.service
debian,sssd-dbus,usr/lib/systemd/system/sssd-ifp.service
debian,sssd-kcm,usr/lib/systemd/system/sssd-kcm.service
debian,stayrtr,usr/lib/systemd/system/stayrtr.service
debian,stenographer,usr/lib/systemd/system/stenographer.service
debian,strongswan-starter,usr/lib/systemd/system/ipsec.service
debian,strongswan-starter,usr/lib/systemd/system/strongswan-starter.service
debian,stubby,usr/lib/systemd/system/stubby.service
debian,stunnel4,usr/lib/systemd/system/stunnel@.service
debian,sudo,usr/lib/systemd/system/sudo.service
debian,sudo-ldap,usr/lib/systemd/system/sudo.service
debian,suricata,usr/lib/systemd/system/suricata.service
debian,svxlink-server,usr/lib/systemd/system/svxlink.service
debian,svxreflector,usr/lib/systemd/system/svxreflector.service
debian,swapspace,usr/lib/systemd/system/swapspace.service
debian,swayosd,usr/lib/systemd/system/swayosd-libinput-backend.service
debian,switcheroo-control,usr/lib/systemd/system/switcheroo-control.service
debian,swupdate,usr/lib/systemd/system/swupdate-progress.service
debian,swupdate,usr/lib/systemd/system/swupdate-usb@.service
debian,swupdate,usr/lib/systemd/system/swupdate.service
debian,sxmo-utils,usr/lib/systemd/system/sxmo.service
debian,sympa,usr/lib/systemd/system/sympa-archived.service
debian,sympa,usr/lib/systemd/system/sympa-bounced.service
debian,sympa,usr/lib/systemd/system/sympa-bulk.service
debian,sympa,usr/lib/systemd/system/sympa-task_manager.service
debian,sympa,usr/lib/systemd/system/sympa.service
debian,sympa,usr/lib/systemd/system/sympasoap.service
debian,sympa,usr/lib/systemd/system/wwsympa.service
debian,syncthing,usr/lib/systemd/system/syncthing@.service
debian,syncthing-discosrv,usr/lib/systemd/system/syncthing-discosrv.service
debian,syncthing-relaysrv,usr/lib/systemd/system/syncthing-relaysrv.service
debian,sysfsutils,usr/lib/systemd/system/sysfsutils.service
debian,syslog-ng-core,usr/lib/systemd/system/syslog-ng.service
debian,sysprof,usr/lib/systemd/system/sysprof3.service
debian,sysstat,usr/lib/systemd/system/sysstat-collect.service
debian,sysstat,usr/lib/systemd/system/sysstat-rotate.service
debian,sysstat,usr/lib/systemd/system/sysstat-summary.service
debian,sysstat,usr/lib/systemd/system/sysstat.service
debian,system-config-printer-udev,usr/lib/systemd/system/configure-printer@.service
debian,systemd,usr/lib/systemd/system/autovt@.service
debian,systemd,usr/lib/systemd/system/capsule@.service
debian,systemd,usr/lib/systemd/system/console-getty.service
debian,systemd,usr/lib/systemd/system/container-getty@.service
debian,systemd,usr/lib/systemd/system/cryptdisks-early.service
debian,systemd,usr/lib/systemd/system/cryptdisks.service
debian,systemd,usr/lib/systemd/system/dbus-org.freedesktop.hostname1.service
debian,systemd,usr/lib/systemd/system/dbus-org.freedesktop.locale1.service
debian,systemd,usr/lib/systemd/system/dbus-org.freedesktop.login1.service
debian,systemd,usr/lib/systemd/system/dbus-org.freedesktop.timedate1.service
debian,systemd,usr/lib/systemd/system/debug-shell.service
debian,systemd,usr/lib/systemd/system/emergency.service
debian,systemd,usr/lib/systemd/system/getty-static.service
debian,systemd,usr/lib/systemd/system/getty.target.wants/getty-static.service
debian,systemd,usr/lib/systemd/system/getty@.service
debian,systemd,usr/lib/systemd/system/hwclock.service
debian,systemd,usr/lib/systemd/system/initrd-cleanup.service
debian,systemd,usr/lib/systemd/system/initrd-parse-etc.service
debian,systemd,usr/lib/systemd/system/initrd-switch-root.service
debian,systemd,usr/lib/systemd/system/initrd-udevadm-cleanup-db.service
debian,systemd,usr/lib/systemd/system/initrd.target.wants/systemd-battery-check.service
debian,systemd,usr/lib/systemd/system/initrd.target.wants/systemd-bsod.service
debian,systemd,usr/lib/systemd/system/initrd.target.wants/systemd-pcrphase-initrd.service
debian,systemd,usr/lib/systemd/system/kmod-static-nodes.service
debian,systemd,usr/lib/systemd/system/kmod.service
debian,systemd,usr/lib/systemd/system/ldconfig.service
debian,systemd,usr/lib/systemd/system/modprobe@.service
debian,systemd,usr/lib/systemd/system/multi-user.target.wants/systemd-logind.service
debian,systemd,usr/lib/systemd/system/multi-user.target.wants/systemd-user-sessions.service
debian,systemd,usr/lib/systemd/system/procps.service
debian,systemd,usr/lib/systemd/system/quotaon-root.service
debian,systemd,usr/lib/systemd/system/quotaon@.service
debian,systemd,usr/lib/systemd/system/rc-local.service
debian,systemd,usr/lib/systemd/system/rc-local.service.d/debian.conf
debian,systemd,usr/lib/systemd/system/rescue.service
debian,systemd,usr/lib/systemd/system/serial-getty@.service
debian,systemd,usr/lib/systemd/system/sysinit.target.wants/kmod-static-nodes.service
debian,systemd,usr/lib/systemd/system/sysinit.target.wants/ldconfig.service
debian,systemd,usr/lib/systemd/system/sysinit.target.wants/systemd-binfmt.service
debian,systemd,usr/lib/systemd/system/sysinit.target.wants/systemd-firstboot.service
debian,systemd,usr/lib/systemd/system/sysinit.target.wants/systemd-hibernate-clear.service
debian,systemd,usr/lib/systemd/system/sysinit.target.wants/systemd-journal-catalog-update.service
debian,systemd,usr/lib/systemd/system/sysinit.target.wants/systemd-journal-flush.service
debian,systemd,usr/lib/systemd/system/sysinit.target.wants/systemd-journald.service
debian,systemd,usr/lib/systemd/system/sysinit.target.wants/systemd-machine-id-commit.service
debian,systemd,usr/lib/systemd/system/sysinit.target.wants/systemd-modules-load.service
debian,systemd,usr/lib/systemd/system/sysinit.target.wants/systemd-pcrmachine.service
debian,systemd,usr/lib/systemd/system/sysinit.target.wants/systemd-pcrphase-sysinit.service
debian,systemd,usr/lib/systemd/system/sysinit.target.wants/systemd-pcrphase.service
debian,systemd,usr/lib/systemd/system/sysinit.target.wants/systemd-random-seed.service
debian,systemd,usr/lib/systemd/system/sysinit.target.wants/systemd-sysctl.service
debian,systemd,usr/lib/systemd/system/sysinit.target.wants/systemd-sysusers.service
debian,systemd,usr/lib/systemd/system/sysinit.target.wants/systemd-tmpfiles-setup-dev-early.service
debian,systemd,usr/lib/systemd/system/sysinit.target.wants/systemd-tmpfiles-setup-dev.service
debian,systemd,usr/lib/systemd/system/sysinit.target.wants/systemd-tmpfiles-setup.service
debian,systemd,usr/lib/systemd/system/sysinit.target.wants/systemd-tpm2-setup-early.service
debian,systemd,usr/lib/systemd/system/sysinit.target.wants/systemd-tpm2-setup.service
debian,systemd,usr/lib/systemd/system/sysinit.target.wants/systemd-update-done.service
debian,systemd,usr/lib/systemd/system/system-update-cleanup.service
debian,systemd,usr/lib/systemd/system/systemd-ask-password-console.service
debian,systemd,usr/lib/systemd/system/systemd-ask-password-wall.service
debian,systemd,usr/lib/systemd/system/systemd-backlight@.service
debian,systemd,usr/lib/systemd/system/systemd-battery-check.service
debian,systemd,usr/lib/systemd/system/systemd-binfmt.service
debian,systemd,usr/lib/systemd/system/systemd-boot-check-no-failures.service
debian,systemd,usr/lib/systemd/system/systemd-bsod.service
debian,systemd,usr/lib/systemd/system/systemd-confext.service
debian,systemd,usr/lib/systemd/system/systemd-creds@.service
debian,systemd,usr/lib/systemd/system/systemd-exit.service
debian,systemd,usr/lib/systemd/system/systemd-firstboot.service
debian,systemd,usr/lib/systemd/system/systemd-fsck-root.service
debian,systemd,usr/lib/systemd/system/systemd-fsck-root.service.d/10-skip-fsck-initramfs.conf
debian,systemd,usr/lib/systemd/system/systemd-fsck@.service
debian,systemd,usr/lib/systemd/system/systemd-growfs-root.service
debian,systemd,usr/lib/systemd/system/systemd-growfs@.service
debian,systemd,usr/lib/systemd/system/systemd-halt.service
debian,systemd,usr/lib/systemd/system/systemd-hibernate-clear.service
debian,systemd,usr/lib/systemd/system/systemd-hibernate-resume.service
debian,systemd,usr/lib/systemd/system/systemd-hibernate.service
debian,systemd,usr/lib/systemd/system/systemd-hostnamed.service
debian,systemd,usr/lib/systemd/system/systemd-hybrid-sleep.service
debian,systemd,usr/lib/systemd/system/systemd-initctl.service
debian,systemd,usr/lib/systemd/system/systemd-journal-catalog-update.service
debian,systemd,usr/lib/systemd/system/systemd-journal-flush.service
debian,systemd,usr/lib/systemd/system/systemd-journald-sync@.service
debian,systemd,usr/lib/systemd/system/systemd-journald.service
debian,systemd,usr/lib/systemd/system/systemd-journald@.service
debian,systemd,usr/lib/systemd/system/systemd-kexec.service
debian,systemd,usr/lib/systemd/system/systemd-localed.service
debian,systemd,usr/lib/systemd/system/systemd-localed.service.d/x11-keyboard.conf
debian,systemd,usr/lib/systemd/system/systemd-logind.service
debian,systemd,usr/lib/systemd/system/systemd-logind.service.d/dbus.conf
debian,systemd,usr/lib/systemd/system/systemd-machine-id-commit.service
debian,systemd,usr/lib/systemd/system/systemd-modules-load.service
debian,systemd,usr/lib/systemd/system/systemd-network-generator.service
debian,systemd,usr/lib/systemd/system/systemd-networkd-persistent-storage.service
debian,systemd,usr/lib/systemd/system/systemd-networkd-wait-online.service
debian,systemd,usr/lib/systemd/system/systemd-networkd-wait-online@.service
debian,systemd,usr/lib/systemd/system/systemd-networkd.service
debian,systemd,usr/lib/systemd/system/systemd-pcrextend@.service
debian,systemd,usr/lib/systemd/system/systemd-pcrfs-root.service
debian,systemd,usr/lib/systemd/system/systemd-pcrfs@.service
debian,systemd,usr/lib/systemd/system/systemd-pcrlock-file-system.service
debian,systemd,usr/lib/systemd/system/systemd-pcrlock-firmware-code.service
debian,systemd,usr/lib/systemd/system/systemd-pcrlock-firmware-config.service
debian,systemd,usr/lib/systemd/system/systemd-pcrlock-machine-id.service
debian,systemd,usr/lib/systemd/system/systemd-pcrlock-make-policy.service
debian,systemd,usr/lib/systemd/system/systemd-pcrlock-secureboot-authority.service
debian,systemd,usr/lib/systemd/system/systemd-pcrlock-secureboot-policy.service
debian,systemd,usr/lib/systemd/system/systemd-pcrlock@.service
debian,systemd,usr/lib/systemd/system/systemd-pcrmachine.service
debian,systemd,usr/lib/systemd/system/systemd-pcrphase-initrd.service
debian,systemd,usr/lib/systemd/system/systemd-pcrphase-sysinit.service
debian,systemd,usr/lib/systemd/system/systemd-pcrphase.service
debian,systemd,usr/lib/systemd/system/systemd-poweroff.service
debian,systemd,usr/lib/systemd/system/systemd-pstore.service
debian,systemd,usr/lib/systemd/system/systemd-quotacheck-root.service
debian,systemd,usr/lib/systemd/system/systemd-quotacheck@.service
debian,systemd,usr/lib/systemd/system/systemd-random-seed.service
debian,systemd,usr/lib/systemd/system/systemd-reboot.service
debian,systemd,usr/lib/systemd/system/systemd-remount-fs.service
debian,systemd,usr/lib/systemd/system/systemd-rfkill.service
debian,systemd,usr/lib/systemd/system/systemd-soft-reboot.service
debian,systemd,usr/lib/systemd/system/systemd-storagetm.service
debian,systemd,usr/lib/systemd/system/systemd-suspend-then-hibernate.service
debian,systemd,usr/lib/systemd/system/systemd-suspend.service
debian,systemd,usr/lib/systemd/system/systemd-sysctl.service
debian,systemd,usr/lib/systemd/system/systemd-sysext.service
debian,systemd,usr/lib/systemd/system/systemd-sysext@.service
debian,systemd,usr/lib/systemd/system/systemd-sysusers.service
debian,systemd,usr/lib/systemd/system/systemd-timedated.service
debian,systemd,usr/lib/systemd/system/systemd-tmpfiles-clean.service
debian,systemd,usr/lib/systemd/system/systemd-tmpfiles-setup-dev-early.service
debian,systemd,usr/lib/systemd/system/systemd-tmpfiles-setup-dev.service
debian,systemd,usr/lib/systemd/system/systemd-tmpfiles-setup.service
debian,systemd,usr/lib/systemd/system/systemd-tpm2-setup-early.service
debian,systemd,usr/lib/systemd/system/systemd-tpm2-setup.service
debian,systemd,usr/lib/systemd/system/systemd-update-done.service
debian,systemd,usr/lib/systemd/system/systemd-user-sessions.service
debian,systemd,usr/lib/systemd/system/systemd-volatile-root.service
debian,systemd,usr/lib/systemd/system/user-runtime-dir@.service
debian,systemd,usr/lib/systemd/system/user@.service
debian,systemd,usr/lib/systemd/system/user@.service.d/10-login-barrier.conf
debian,systemd,usr/lib/systemd/system/user@0.service.d/10-login-barrier.conf
debian,systemd,usr/lib/systemd/system/x11-common.service
debian,systemd-boot,usr/lib/systemd/system/sysinit.target.wants/systemd-boot-random-seed.service
debian,systemd-boot,usr/lib/systemd/system/systemd-bless-boot.service
debian,systemd-boot,usr/lib/systemd/system/systemd-boot-random-seed.service
debian,systemd-boot,usr/lib/systemd/system/systemd-boot-update.service
debian,systemd-boot,usr/lib/systemd/system/systemd-bootctl@.service
debian,systemd-bootchart,usr/lib/systemd/system/systemd-bootchart.service
debian,systemd-container,usr/lib/systemd/system/dbus-org.freedesktop.import1.service
debian,systemd-container,usr/lib/systemd/system/dbus-org.freedesktop.machine1.service
debian,systemd-container,usr/lib/systemd/system/dbus-org.freedesktop.portable1.service
debian,systemd-container,usr/lib/systemd/system/systemd-importd.service
debian,systemd-container,usr/lib/systemd/system/systemd-machined.service
debian,systemd-container,usr/lib/systemd/system/systemd-mountfsd.service
debian,systemd-container,usr/lib/systemd/system/systemd-nspawn@.service
debian,systemd-container,usr/lib/systemd/system/systemd-nsresourced.service
debian,systemd-container,usr/lib/systemd/system/systemd-portabled.service
debian,systemd-container,usr/lib/systemd/system/systemd-sysupdate-reboot.service
debian,systemd-container,usr/lib/systemd/system/systemd-sysupdate.service
debian,systemd-coredump,usr/lib/systemd/system/systemd-coredump@.service
debian,systemd-cron,usr/lib/systemd/system/cron-mail@.service
debian,systemd-cron,usr/lib/systemd/system/cron-update.service
debian,systemd-cron,usr/lib/systemd/system/systemd-cron-cleaner.service
debian,systemd-homed,usr/lib/systemd/system/systemd-homed-activate.service
debian,systemd-homed,usr/lib/systemd/system/systemd-homed-firstboot.service
debian,systemd-homed,usr/lib/systemd/system/systemd-homed.service
debian,systemd-journal-remote,usr/lib/systemd/system/systemd-journal-gatewayd.service
debian,systemd-journal-remote,usr/lib/systemd/system/systemd-journal-remote.service
debian,systemd-journal-remote,usr/lib/systemd/system/systemd-journal-upload.service
debian,systemd-netlogd,usr/lib/systemd/system/systemd-netlogd.service
debian,systemd-oomd,usr/lib/systemd/system/systemd-oomd.service
debian,systemd-oomd,usr/lib/systemd/system/user@.service.d/10-oomd-user-service-defaults.conf
debian,systemd-repart,usr/lib/systemd/system/initrd-root-fs.target.wants/systemd-repart.service
debian,systemd-repart,usr/lib/systemd/system/sysinit.target.wants/systemd-repart.service
debian,systemd-repart,usr/lib/systemd/system/systemd-repart.service
debian,systemd-resolved,usr/lib/systemd/system/systemd-resolved.service
debian,systemd-timesyncd,usr/lib/systemd/system/systemd-time-wait-sync.service
debian,systemd-timesyncd,usr/lib/systemd/system/systemd-timesyncd.service
debian,systemd-userdbd,usr/lib/systemd/system/systemd-userdbd.service
debian,systemd-zram-generator,usr/lib/systemd/system/systemd-zram-setup@.service
debian,tango-accesscontrol,usr/lib/systemd/system/tango-accesscontrol.service
debian,tango-db,usr/lib/systemd/system/tango-db.service
debian,tango-starter,usr/lib/systemd/system/tango-starter.service
debian,tayga,usr/lib/systemd/system/tayga.service
debian,tayga,usr/lib/systemd/system/tayga@.service
debian,tcmu-runner,usr/lib/systemd/system/tcmu-runner.service
debian,teeworlds-server,usr/lib/systemd/system/teeworlds-server.service
debian,tetrinetx,usr/lib/systemd/system/tetrinetx.service
debian,tftp-proxy,usr/lib/systemd/system/tftp-proxy.service
debian,tftpd-hpa,usr/lib/systemd/system/tftpd-hpa.service
debian,tgt,usr/lib/systemd/system/tgt.service
debian,thermald,usr/lib/systemd/system/thermald.service
debian,thinkfan,usr/lib/systemd/system/thinkfan-sleep.service
debian,thinkfan,usr/lib/systemd/system/thinkfan-wakeup.service
debian,thinkfan,usr/lib/systemd/system/thinkfan.service
debian,tigervnc-standalone-server,usr/lib/systemd/system/tigervncserver@.service
debian,timekpr-next,usr/lib/systemd/system/timekpr.service
debian,timelord,usr/lib/systemd/system/timelord.service
debian,tinc,usr/lib/systemd/system/tinc.service
debian,tinc,usr/lib/systemd/system/tinc@.service
debian,tiny-dfr,usr/lib/systemd/system/systemd-backlight@backlight:228200000.display-pipe.0.service
debian,tiny-dfr,usr/lib/systemd/system/systemd-backlight@backlight:appletb_backlight.service
debian,tiny-dfr,usr/lib/systemd/system/tiny-dfr.service
debian,tinydns,usr/lib/systemd/system/tinydns.service
debian,tinysshd,usr/lib/systemd/system/tinysshd@.service
debian,tirex,usr/lib/systemd/system/tirex-backend-manager.service
debian,tirex,usr/lib/systemd/system/tirex-master.service
debian,tmate-ssh-server,usr/lib/systemd/system/tmate-ssh-server.service
debian,tntnet,usr/lib/systemd/system/tntnet.service
debian,tor,usr/lib/systemd/system/tor.service
debian,tor,usr/lib/systemd/system/tor@.service
debian,tor,usr/lib/systemd/system/tor@default.service
debian,tpm2-abrmd,usr/lib/systemd/system/tpm2-abrmd.service
debian,tqftpserv,usr/lib/systemd/system/tqftpserv.service
debian,transmission-daemon,usr/lib/systemd/system/transmission-daemon.service
debian,triggerhappy,usr/lib/systemd/system/triggerhappy.service
debian,trojan,usr/lib/systemd/system/trojan.service
debian,trojan,usr/lib/systemd/system/trojan@.service
debian,trousers,usr/lib/systemd/system/tcsd.service
debian,trousers,usr/lib/systemd/system/trousers.service
debian,udev,usr/lib/systemd/system/sysinit.target.wants/systemd-hwdb-update.service
debian,udev,usr/lib/systemd/system/sysinit.target.wants/systemd-udev-trigger.service
debian,udev,usr/lib/systemd/system/sysinit.target.wants/systemd-udevd.service
debian,udev,usr/lib/systemd/system/systemd-hwdb-update.service
debian,udev,usr/lib/systemd/system/systemd-udev-load-credentials.service
debian,udev,usr/lib/systemd/system/systemd-udev-settle.service
debian,udev,usr/lib/systemd/system/systemd-udev-trigger.service
debian,udev,usr/lib/systemd/system/systemd-udevd.service
debian,udev,usr/lib/systemd/system/systemd-udevd.service.d/syscall-architecture.conf
debian,udev,usr/lib/systemd/system/udev.service
debian,udevil,usr/lib/systemd/system/devmon@.service
debian,udisks2,usr/lib/systemd/system/udisks2.service
debian,ufoai-server,usr/lib/systemd/system/ufoai-server.service
debian,uftp,usr/lib/systemd/system/uftp.service
debian,ulogd2,usr/lib/systemd/system/ulogd2.service
debian,ums2net,usr/lib/systemd/system/ums2net.service
debian,umtp-responder,usr/lib/systemd/system/umtp-responder.service
debian,unbound,usr/lib/systemd/system/unbound-resolvconf.service
debian,unbound,usr/lib/systemd/system/unbound.service
debian,unicorn,usr/lib/systemd/system/unicorn.service
debian,unscd,usr/lib/systemd/system/unscd.service
debian,upower,usr/lib/systemd/system/upower.service
debian,uptimed,usr/lib/systemd/system/uptimed.service
debian,urfkill,usr/lib/systemd/system/urfkill.service
debian,usb-modeswitch,usr/lib/systemd/system/usb_modeswitch@.service
debian,usbguard,usr/lib/systemd/system/usbguard-dbus.service
debian,usbguard,usr/lib/systemd/system/usbguard.service
debian,usbmuxd,usr/lib/systemd/system/usbmuxd.service
debian,util-linux,usr/lib/systemd/system/fstrim.service
debian,uucp,usr/lib/systemd/system/uucp@.service
debian,uuid-runtime,usr/lib/systemd/system/uuidd.service
debian,uwsgi-core,usr/lib/systemd/system/uwsgi-app@.service
debian,v2ray,usr/lib/systemd/system/v2ray.service
debian,valkey-sentinel,usr/lib/systemd/system/valkey-sentinel.service
debian,valkey-sentinel,usr/lib/systemd/system/valkey-sentinel@.service
debian,valkey-server,usr/lib/systemd/system/valkey-server.service
debian,valkey-server,usr/lib/systemd/system/valkey-server@.service
debian,varnish,usr/lib/systemd/system/varnish.service
debian,varnish,usr/lib/systemd/system/varnishncsa.service
debian,vblade,usr/lib/systemd/system/vblade.service
debian,vblade,usr/lib/systemd/system/vblade@.service
debian,vdr,usr/lib/systemd/system/vdr.service
debian,veyon-service,usr/lib/systemd/system/veyon.service
debian,victoria-metrics,usr/lib/systemd/system/victoria-metrics.service
debian,vip-manager,usr/lib/systemd/system/vip-manager.service
debian,vip-manager,usr/lib/systemd/system/vip-manager@.service
debian,vip-manager2,usr/lib/systemd/system/vip-manager.service
debian,vip-manager2,usr/lib/systemd/system/vip-manager@.service
debian,vnstat,usr/lib/systemd/system/vnstat.service
debian,voms-server,usr/lib/systemd/system/voms@.service
debian,vpnc,usr/lib/systemd/system/vpnc@.service
debian,vsftpd,usr/lib/systemd/system/vsftpd.service
debian,vzlogger,usr/lib/systemd/system/vzlogger.service
debian,w1retap,usr/lib/systemd/system/w1retap.service
debian,walldns,usr/lib/systemd/system/walldns.service
debian,watchdog,usr/lib/systemd/system/watchdog.service
debian,watchdog,usr/lib/systemd/system/wd_keepalive.service
debian,wdm,usr/lib/systemd/system/wdm.service
debian,webdis,usr/lib/systemd/system/webdis.service
debian,webfs,usr/lib/systemd/system/webfs.service
debian,webhook,usr/lib/systemd/system/webhook.service
debian,wesnoth-1.18-server,usr/lib/systemd/system/wesnoth-1.18-server.service
debian,winbind,usr/lib/systemd/system/winbind.service
debian,wireguard-tools,usr/lib/systemd/system/wg-quick@.service
debian,wpasupplicant,usr/lib/systemd/system/wpa_supplicant-nl80211@.service
debian,wpasupplicant,usr/lib/systemd/system/wpa_supplicant-wired@.service
debian,wpasupplicant,usr/lib/systemd/system/wpa_supplicant.service
debian,wpasupplicant,usr/lib/systemd/system/wpa_supplicant@.service
debian,wsdd2,usr/lib/systemd/system/wsdd2.service
debian,wtmpdb,usr/lib/systemd/system/wtmpdb-update-boot.service
debian,x2goserver,usr/lib/systemd/system/x2goserver.service
debian,x2gothinclient-cdmanager,usr/lib/systemd/system/x2gothinclient-cdmanager.service
debian,xdm,usr/lib/systemd/system/xdm.service
debian,xen-utils-common,usr/lib/systemd/system/xen.service
debian,xen-utils-common,usr/lib/systemd/system/xendomains.service
debian,xfsprogs,usr/lib/systemd/system/xfs_scrub@.service
debian,xfsprogs,usr/lib/systemd/system/xfs_scrub_all.service
debian,xfsprogs,usr/lib/systemd/system/xfs_scrub_all_fail.service
debian,xfsprogs,usr/lib/systemd/system/xfs_scrub_fail@.service
debian,xfsprogs,usr/lib/systemd/system/xfs_scrub_media@.service
debian,xfsprogs,usr/lib/systemd/system/xfs_scrub_media_fail@.service
debian,xinetd,usr/lib/systemd/system/xinetd.service
debian,xrdp,usr/lib/systemd/system/xrdp-sesman.service
debian,xrdp,usr/lib/systemd/system/xrdp.service
debian,xringd,usr/lib/systemd/system/xringd.service
debian,xrootd-server,usr/lib/systemd/system/cmsd@.service
debian,xrootd-server,usr/lib/systemd/system/frm_purged@.service
debian,xrootd-server,usr/lib/systemd/system/frm_xfrd@.service
debian,xrootd-server,usr/lib/systemd/system/xrootd@.service
debian,xserver-xorg-input-wacom,usr/lib/systemd/system/wacom-inputattach@.service
debian,xymon,usr/lib/systemd/system/xymon.service
debian,xymon-client,usr/lib/systemd/system/xymon-client.service
debian,yadifa,usr/lib/systemd/system/yadifa.service
debian,yaskkserv,usr/lib/systemd/system/yaskkserv.service
debian,yggdrasil,usr/lib/systemd/system/yggdrasil.service
debian,ypbind-mt,usr/lib/systemd/system/ypbind.service
debian,ypserv,usr/lib/systemd/system/yppasswdd.service
debian,ypserv,usr/lib/systemd/system/ypserv.service
debian,ypserv,usr/lib/systemd/system/ypxfr_1perday.service
debian,ypserv,usr/lib/systemd/system/ypxfr_1perhour.service
debian,ypserv,usr/lib/systemd/system/ypxfr_2perday.service
debian,ypserv,usr/lib/systemd/system/ypxfrd.service
debian,yubihsm-connector,usr/lib/systemd/system/yubihsm-connector.service
debian,zabbix-agent,usr/lib/systemd/system/zabbix-agent.service
debian,zabbix-agent2,usr/lib/systemd/system/zabbix-agent2.service
debian,zabbix-proxy-mysql,usr/lib/systemd/system/zabbix-proxy.service
debian,zabbix-proxy-pgsql,usr/lib/systemd/system/zabbix-proxy.service
debian,zabbix-proxy-sqlite3,usr/lib/systemd/system/zabbix-proxy.service
debian,zabbix-server-mysql,usr/lib/systemd/system/zabbix-server.service
debian,zabbix-server-pgsql,usr/lib/systemd/system/zabbix-server.service
debian,zabbix-web-service,usr/lib/systemd/system/zabbix-web-service.service
debian,zcfan,usr/lib/systemd/system/zcfan.service
debian,zeroc-glacier2,usr/lib/systemd/system/glacier2router.service
debian,zeroc-icegrid,usr/lib/systemd/system/icegridnode.service
debian,zeroc-icegrid,usr/lib/systemd/system/icegridregistry.service
debian,zfs-fuse,usr/lib/systemd/system/zfs-fuse.service
debian,ziproxy,usr/lib/systemd/system/ziproxy.service
debian,znc,usr/lib/systemd/system/znc.service
debian,zoneminder,usr/lib/systemd/system/zoneminder.service
debian,zvbi,usr/lib/systemd/system/zvbi.service
ubuntu,2ping,usr/lib/systemd/system/2ping.service
ubuntu,389-ds-base,usr/lib/systemd/system/dirsrv-snmp.service
ubuntu,389-ds-base,usr/lib/systemd/system/dirsrv.service
ubuntu,389-ds-base,usr/lib/systemd/system/dirsrv@.service
ubuntu,389-ds-base,usr/lib/systemd/system/dirsrv@.service.d/custom.conf
ubuntu,81voltd,usr/lib/systemd/system/81voltd.service
ubuntu,a2boot,usr/lib/systemd/system/a2boot.service
ubuntu,a2d,usr/lib/systemd/system/a2d.service
ubuntu,account-utils,usr/lib/systemd/system/newidmapd.service
ubuntu,account-utils,usr/lib/systemd/system/pwaccessd.service
ubuntu,account-utils,usr/lib/systemd/system/pwupdd@.service
ubuntu,accountsservice,usr/lib/systemd/system/accounts-daemon.service
ubuntu,acct,usr/lib/systemd/system/acct-monthly-report.service
ubuntu,acct,usr/lib/systemd/system/acct.service
ubuntu,acmetool,usr/lib/systemd/system/acmetool.service
ubuntu,acpid,usr/lib/systemd/system/acpid.service
ubuntu,adbd,usr/lib/systemd/system/adbd.service
ubuntu,adjtimex,usr/lib/systemd/system/adjtimex.service
ubuntu,adjutant-api,usr/lib/systemd/system/adjutant-api.service
ubuntu,adsys,lib/systemd/system/adsys-boot.service
ubuntu,adsys,lib/systemd/system/adsys-gpo-refresh.service
ubuntu,adsys,lib/systemd/system/adsys-machine-scripts.service
ubuntu,adsys,lib/systemd/system/adsysd.service
ubuntu,aetos,usr/lib/systemd/system/aetos.service
ubuntu,aide-common,usr/lib/systemd/system/dailyaidecheck-buildcache.service
ubuntu,aide-common,usr/lib/systemd/system/dailyaidecheck.service
ubuntu,alertmanager-irc-relay,usr/lib/systemd/system/alertmanager-irc-relay.service
ubuntu,all-knowing-dns,usr/lib/systemd/system/all-knowing-dns.service
ubuntu,alsa-utils,usr/lib/systemd/system/alsa-card-wait@.service
ubuntu,alsa-utils,usr/lib/systemd/system/alsa-restore.service
ubuntu,alsa-utils,usr/lib/systemd/system/alsa-state.service
ubuntu,alsa-utils,usr/lib/systemd/system/alsa-utils.service
ubuntu,alsa-utils,usr/lib/systemd/system/sound.target.wants/alsa-restore.service
ubuntu,alsa-utils,usr/lib/systemd/system/sound.target.wants/alsa-state.service
ubuntu,altos,usr/lib/systemd/system/altos-mapd.service
ubuntu,amavisd-milter,usr/lib/systemd/system/amavisd-milter.service
ubuntu,amavisd-new,usr/lib/systemd/system/amavis-mc.service
ubuntu,amavisd-new,usr/lib/systemd/system/amavis.service
ubuntu,amavisd-new,usr/lib/systemd/system/amavisd-snmp-subagent.service
ubuntu,amphora-agent,usr/lib/systemd/system/amphora-agent.service
ubuntu,ample,usr/lib/systemd/system/ample.service
ubuntu,ampr-ripd,usr/lib/systemd/system/ampr-ripd.service
ubuntu,anacron,usr/lib/systemd/system/anacron.service
ubuntu,anope,usr/lib/systemd/system/anope.service
ubuntu,anytun,usr/lib/systemd/system/anytun-controld@.service
ubuntu,anytun,usr/lib/systemd/system/anytun.service
ubuntu,anytun,usr/lib/systemd/system/anytun@.service
ubuntu,aodh-evaluator,usr/lib/systemd/system/aodh-evaluator.service
ubuntu,aodh-expirer,usr/lib/systemd/system/aodh-expirer.service
ubuntu,aodh-listener,usr/lib/systemd/system/aodh-listener.service
ubuntu,aodh-notifier,usr/lib/systemd/system/aodh-notifier.service
ubuntu,aoetools,usr/lib/systemd/system/aoe-discover.service
ubuntu,aoetools,usr/lib/systemd/system/aoetools.service
ubuntu,apache2,usr/lib/systemd/system/apache-htcacheclean.service
ubuntu,apache2,usr/lib/systemd/system/apache-htcacheclean@.service
ubuntu,apache2,usr/lib/systemd/system/apache2.service
ubuntu,apache2,usr/lib/systemd/system/apache2@.service
ubuntu,apache2,usr/lib/systemd/system/httpd.service
ubuntu,apache2,usr/lib/systemd/system/httpd@.service
ubuntu,apacheds,usr/lib/systemd/system/apacheds.service
ubuntu,apcupsd,usr/lib/systemd/system/apcupsd.service
ubuntu,apcupsd,usr/lib/systemd/system/ups-monitor.service
ubuntu,apertium-apy,usr/lib/systemd/system/apertium-apy.service
ubuntu,apparmor,usr/lib/systemd/system/apparmor.service
ubuntu,apport,usr/lib/systemd/system/apport-autoreport.service
ubuntu,apport,usr/lib/systemd/system/apport-coredump-hook@.service
ubuntu,apport,usr/lib/systemd/system/apport-forward@.service
ubuntu,apport,usr/lib/systemd/system/systemd-coredump@.service.d/apport-coredump-hook.conf
ubuntu,apport-core-dump-handler,usr/lib/systemd/system/apport.service
ubuntu,approx,usr/lib/systemd/system/approx@.service
ubuntu,aprx,usr/lib/systemd/system/aprx.service
ubuntu,apt,usr/lib/systemd/system/apt-daily-upgrade.service
ubuntu,apt,usr/lib/systemd/system/apt-daily.service
ubuntu,apt-cacher,usr/lib/systemd/system/apt-cacher.service
ubuntu,apt-cacher-ng,usr/lib/systemd/system/apt-cacher-ng.service
ubuntu,apt-listchanges,usr/lib/systemd/system/apt-listchanges.service
ubuntu,apt-mirror2,usr/lib/systemd/system/apt-mirror2.service
ubuntu,apt-show-versions,usr/lib/systemd/system/apt-show-versions.service
ubuntu,apt-xapian-index,usr/lib/systemd/system/apt-xapian-index.service
ubuntu,apticron-systemd,usr/lib/systemd/system/apticron.service
ubuntu,aptitude-robot,usr/lib/systemd/system/aptitude-robot.service
ubuntu,aptly-api,usr/lib/systemd/system/aptly-api.service
ubuntu,argus-client,usr/lib/systemd/system/radium.service
ubuntu,argus-client,usr/lib/systemd/system/rastream.service
ubuntu,argus-server,usr/lib/systemd/system/argus.service
ubuntu,armagetronad-dedicated,usr/lib/systemd/system/armagetronad-dedicated.service
ubuntu,arno-iptables-firewall,usr/lib/systemd/system/arno-iptables-firewall.service
ubuntu,arpalert,usr/lib/systemd/system/arpalert.service
ubuntu,arpon,usr/lib/systemd/system/arpon.service
ubuntu,arpon,usr/lib/systemd/system/arpon@.service
ubuntu,arpwatch,usr/lib/systemd/system/arpwatch.service
ubuntu,arpwatch,usr/lib/systemd/system/arpwatch@.service
ubuntu,asahi-btsync,usr/lib/systemd/system/asahi-btsync.service
ubuntu,asahi-scripts,usr/lib/systemd/system/macsmc-battery-charge-control-end-threshold.service
ubuntu,asterisk,usr/lib/systemd/system/asterisk.service
ubuntu,at,usr/lib/systemd/system/atd.service
ubuntu,atalkd,usr/lib/systemd/system/atalkd.service
ubuntu,atftpd,usr/lib/systemd/system/atftpd.service
ubuntu,atheme-services,usr/lib/systemd/system/atheme-services.service
ubuntu,atm-tools,usr/lib/systemd/system/atm.service
ubuntu,atop,usr/lib/systemd/system/atop-rotate.service
ubuntu,atop,usr/lib/systemd/system/atop.service
ubuntu,atop,usr/lib/systemd/system/atopacct.service
ubuntu,auditd,usr/lib/systemd/system/audit-rules.service
ubuntu,auditd,usr/lib/systemd/system/auditd.service
ubuntu,authd,usr/lib/systemd/system/authd.service
ubuntu,authselect,usr/lib/systemd/system/authselect-apply-changes.service
ubuntu,autodir,usr/lib/systemd/system/autodir-group.service
ubuntu,autodir,usr/lib/systemd/system/autodir-home.service
ubuntu,autodir,usr/lib/systemd/system/autodir.service
ubuntu,autofs,usr/lib/systemd/system/autofs.service
ubuntu,autolog,usr/lib/systemd/system/autolog.service
ubuntu,autopostgresqlbackup,usr/lib/systemd/system/autopostgresqlbackup.service
ubuntu,autorandr,usr/lib/systemd/system/autorandr-lid-listener.service
ubuntu,autorandr,usr/lib/systemd/system/autorandr.service
ubuntu,autosuspend,usr/lib/systemd/system/autosuspend-detect-suspend.service
ubuntu,autosuspend,usr/lib/systemd/system/autosuspend.service
ubuntu,avahi-daemon,usr/lib/systemd/system/avahi-daemon.service
ubuntu,avahi-dnsconfd,usr/lib/systemd/system/avahi-dnsconfd.service
ubuntu,avr-evtd,usr/lib/systemd/system/avr-evtd.service
ubuntu,awffull,usr/lib/systemd/system/awffull.service
ubuntu,axfrdns,usr/lib/systemd/system/axfrdns.service
ubuntu,azure-proxy-agent,usr/lib/systemd/system/azure-proxy-agent.service
ubuntu,babeld,usr/lib/systemd/system/babeld.service
ubuntu,backuppc,usr/lib/systemd/system/backuppc.service
ubuntu,bacula-director,usr/lib/systemd/system/bacula-director.service
ubuntu,bacula-fd,usr/lib/systemd/system/bacula-fd.service
ubuntu,bacula-sd,usr/lib/systemd/system/bacula-sd.service
ubuntu,balboa,usr/lib/systemd/system/balboa.service
ubuntu,balboa-backend-common,usr/lib/systemd/system/balboa-backend@.service
ubuntu,bandwidthd,usr/lib/systemd/system/bandwidthd.service
ubuntu,bandwidthd-pgsql,usr/lib/systemd/system/bandwidthd.service
ubuntu,barbican-keystone-listener,usr/lib/systemd/system/barbican-keystone-listener.service
ubuntu,barbican-retry,usr/lib/systemd/system/barbican-retry.service
ubuntu,barbican-worker,usr/lib/systemd/system/barbican-worker.service
ubuntu,barman,usr/lib/systemd/system/barman.service
ubuntu,base-files,usr/lib/systemd/system/motd-news.service
ubuntu,batmand,usr/lib/systemd/system/batmand.service
ubuntu,battery-stats,usr/lib/systemd/system/battery-stats.service
ubuntu,bcron,usr/lib/systemd/system/bcron-sched.service
ubuntu,bcron,usr/lib/systemd/system/bcron-spool.service
ubuntu,bcron,usr/lib/systemd/system/bcron-update.service
ubuntu,bdii,usr/lib/systemd/system/bdii-slapd.service
ubuntu,bdii,usr/lib/systemd/system/bdii.service
ubuntu,beanstalkd,usr/lib/systemd/system/beanstalkd.service
ubuntu,bettercap,usr/lib/systemd/system/bettercap.service
ubuntu,bibledit-cloud,usr/lib/systemd/system/bibledit-cloud.service
ubuntu,biboumi,usr/lib/systemd/system/biboumi.service
ubuntu,biglybtd,usr/lib/systemd/system/biglybtd.service
ubuntu,bind9,usr/lib/systemd/system/named-resolvconf.service
ubuntu,bind9,usr/lib/systemd/system/named.service
ubuntu,binfmt-support,usr/lib/systemd/system/binfmt-support.service
ubuntu,binkd,usr/lib/systemd/system/binkd.service
ubuntu,biometric-auth,usr/lib/systemd/system/biometric-authentication.service
ubuntu,biometryd-bin,usr/lib/systemd/system/biometryd.service
ubuntu,bip,usr/lib/systemd/system/bip-config.service
ubuntu,bip,usr/lib/systemd/system/bip-config.service.d/bip-config.conf
ubuntu,bip,usr/lib/systemd/system/bip.service
ubuntu,bird2,usr/lib/systemd/system/bird.service
ubuntu,bird3,usr/lib/systemd/system/bird.service
ubuntu,bitlbee-common,usr/lib/systemd/system/bitlbee.service
ubuntu,bitlbee-common,usr/lib/systemd/system/bitlbee@.service
ubuntu,blazar-api,usr/lib/systemd/system/blazar-api.service
ubuntu,blazar-manager,usr/lib/systemd/system/blazar-manager.service
ubuntu,blockdomains,usr/lib/systemd/system/blockdomains.service
ubuntu,blueman,usr/lib/systemd/system/blueman-mechanism.service
ubuntu,bluemon,usr/lib/systemd/system/bluemon.service
ubuntu,bluez,usr/lib/systemd/system/bluetooth.service
ubuntu,bluez-alsa-utils,usr/lib/systemd/system/bluealsa-aplay.service
ubuntu,bluez-alsa-utils,usr/lib/systemd/system/bluealsa.service
ubuntu,bluez-meshd,usr/lib/systemd/system/bluetooth-mesh.service
ubuntu,boinc-client,usr/lib/systemd/system/boinc-client.service
ubuntu,bolt,usr/lib/systemd/system/bolt.service
ubuntu,bootcd,usr/lib/systemd/system/bootcd.service
ubuntu,booth,usr/lib/systemd/system/booth-arbitrator.service
ubuntu,booth,usr/lib/systemd/system/booth.service
ubuntu,booth,usr/lib/systemd/system/booth@.service
ubuntu,bootparamd,usr/lib/systemd/system/bootparamd.service
ubuntu,borgmatic,usr/lib/systemd/system/borgmatic.service
ubuntu,bosixnet-daemon,usr/lib/systemd/system/bosixnet-daemon.service
ubuntu,bosixnet-webui,usr/lib/systemd/system/bosixnet-webui.service
ubuntu,boxbackup-client,usr/lib/systemd/system/boxbackup-client.service
ubuntu,boxbackup-server,usr/lib/systemd/system/boxbackup-server.service
ubuntu,bpfilter,usr/lib/systemd/system/bpfilter.service
ubuntu,bpftune,usr/lib/systemd/system/bpftune.service
ubuntu,brltty,usr/lib/systemd/system/brltty-udev.service
ubuntu,brltty,usr/lib/systemd/system/brltty.service
ubuntu,btrbk,usr/lib/systemd/system/btrbk.service
ubuntu,btrfsd,usr/lib/systemd/system/btrfsd.service
ubuntu,btrfsmaintenance,usr/lib/systemd/system/btrfs-balance.service
ubuntu,btrfsmaintenance,usr/lib/systemd/system/btrfs-defrag.service
ubuntu,btrfsmaintenance,usr/lib/systemd/system/btrfs-scrub.service
ubuntu,btrfsmaintenance,usr/lib/systemd/system/btrfs-trim.service
ubuntu,btrfsmaintenance,usr/lib/systemd/system/btrfsmaintenance-refresh.service
ubuntu,budgie-sddm-theme,usr/lib/systemd/system/sddm-backgrounds-cache.service
ubuntu,buildbot,usr/lib/systemd/system/buildbot.service
ubuntu,buildbot,usr/lib/systemd/system/buildbot@.service
ubuntu,buildbot-worker,usr/lib/systemd/system/buildbot-worker.service
ubuntu,buildbot-worker,usr/lib/systemd/system/buildbot-worker@.service
ubuntu,bumblebee,usr/lib/systemd/system/bumblebeed.service
ubuntu,burp,usr/lib/systemd/system/burp.service
ubuntu,burrow,usr/lib/systemd/system/burrow.service
ubuntu,busybox-syslogd,usr/lib/systemd/system/busybox-klogd.service
ubuntu,busybox-syslogd,usr/lib/systemd/system/busybox-syslogd.service
ubuntu,bzflag-server,usr/lib/systemd/system/bzflag.service
ubuntu,c-icap,usr/lib/systemd/system/c-icap.service
ubuntu,caddy,usr/lib/systemd/system/caddy-api.service
ubuntu,caddy,usr/lib/systemd/system/caddy.service
ubuntu,calamares-settings-mobian,usr/lib/systemd/system/calamares-settings-mobian.service
ubuntu,camo,usr/lib/systemd/system/camo.service
ubuntu,canid,usr/lib/systemd/system/canid.service
ubuntu,canna,usr/lib/systemd/system/canna.service
ubuntu,carbon-c-relay,usr/lib/systemd/system/carbon-c-relay.service
ubuntu,casper,usr/lib/systemd/system/casper-md5check.service
ubuntu,casper,usr/lib/systemd/system/casper.service
ubuntu,ceilometer-agent-central,usr/lib/systemd/system/ceilometer-agent-central.service
ubuntu,ceilometer-agent-compute,usr/lib/systemd/system/ceilometer-agent-compute.service
ubuntu,ceilometer-agent-ipmi,usr/lib/systemd/system/ceilometer-agent-ipmi.service
ubuntu,ceilometer-agent-notification,usr/lib/systemd/system/ceilometer-agent-notification.service
ubuntu,ceilometer-polling,usr/lib/systemd/system/ceilometer-polling.service
ubuntu,ceph-base,lib/systemd/system/ceph-crash.service
ubuntu,ceph-common,lib/systemd/system/rbdmap.service
ubuntu,ceph-exporter,lib/systemd/system/ceph-exporter.service
ubuntu,ceph-fuse,lib/systemd/system/ceph-fuse@.service
ubuntu,ceph-immutable-object-cache,lib/systemd/system/ceph-immutable-object-cache@.service
ubuntu,ceph-iscsi,usr/lib/systemd/system/rbd-target-api.service
ubuntu,ceph-iscsi,usr/lib/systemd/system/rbd-target-gw.service
ubuntu,ceph-mds,lib/systemd/system/ceph-mds@.service
ubuntu,ceph-mgr,lib/systemd/system/ceph-mgr@.service
ubuntu,ceph-mon,lib/systemd/system/ceph-mon.service
ubuntu,ceph-mon,lib/systemd/system/ceph-mon@.service
ubuntu,ceph-osd,lib/systemd/system/ceph-osd@.service
ubuntu,ceph-volume,lib/systemd/system/ceph-volume@.service
ubuntu,certbot,usr/lib/systemd/system/certbot.service
ubuntu,certmonger,usr/lib/systemd/system/certmonger.service
ubuntu,certspotter,usr/lib/systemd/system/certspotter.service
ubuntu,cgroup-lite,lib/systemd/system/cgroup-lite.service
ubuntu,charon-systemd,usr/lib/systemd/system/strongswan.service
ubuntu,chasquid,usr/lib/systemd/system/chasquid.service
ubuntu,chkboot,usr/lib/systemd/system/chkboot.service
ubuntu,chkrootkit,usr/lib/systemd/system/chkrootkit.service
ubuntu,chrony,usr/lib/systemd/system/chrony-dnssrv@.service
ubuntu,chrony,usr/lib/systemd/system/chrony-wait.service
ubuntu,chrony,usr/lib/systemd/system/chrony.service
ubuntu,cinder-backup,usr/lib/systemd/system/cinder-backup.service
ubuntu,cinder-scheduler,usr/lib/systemd/system/cinder-scheduler.service
ubuntu,cinder-volume,usr/lib/systemd/system/cinder-volume.service
ubuntu,ckb-next,usr/lib/systemd/system/ckb-next-daemon.service
ubuntu,clamav-daemon,usr/lib/systemd/system/clamav-clamonacc.service
ubuntu,clamav-daemon,usr/lib/systemd/system/clamav-daemon.service
ubuntu,clamav-freshclam,usr/lib/systemd/system/clamav-freshclam-once.service
ubuntu,clamav-freshclam,usr/lib/systemd/system/clamav-freshclam.service
ubuntu,clamsmtp,usr/lib/systemd/system/clamsmtp.service
ubuntu,clatd,usr/lib/systemd/system/clatd.service
ubuntu,clatd,usr/lib/systemd/system/clatd@.service
ubuntu,clevis-systemd,usr/lib/systemd/system/clevis-luks-askpass.service
ubuntu,click,usr/lib/systemd/system/click-system-hooks.service
ubuntu,cloud-init-base,usr/lib/systemd/system/cloud-config.service
ubuntu,cloud-init-base,usr/lib/systemd/system/cloud-final.service
ubuntu,cloud-init-base,usr/lib/systemd/system/cloud-init-hotplugd.service
ubuntu,cloud-init-base,usr/lib/systemd/system/cloud-init-local.service
ubuntu,cloud-init-base,usr/lib/systemd/system/cloud-init-main.service
ubuntu,cloud-init-base,usr/lib/systemd/system/cloud-init-network.service
ubuntu,cloudflare-ddns,usr/lib/systemd/system/cloudflare-ddns.service
ubuntu,cloudkitty-api,usr/lib/systemd/system/cloudkitty-api.service
ubuntu,cloudkitty-processor,usr/lib/systemd/system/cloudkitty-processor.service
ubuntu,clsync,usr/lib/systemd/system/clsync@.service
ubuntu,cluster-glue,usr/lib/systemd/system/logd.service
ubuntu,cntlm,usr/lib/systemd/system/cntlm.service
ubuntu,cockpit-ws,usr/lib/systemd/system/cockpit-issue.service
ubuntu,cockpit-ws,usr/lib/systemd/system/cockpit-session-socket-user.service
ubuntu,cockpit-ws,usr/lib/systemd/system/cockpit-session@.service
ubuntu,cockpit-ws,usr/lib/systemd/system/cockpit-wsinstance-http.service
ubuntu,cockpit-ws,usr/lib/systemd/system/cockpit-wsinstance-https-factory@.service
ubuntu,cockpit-ws,usr/lib/systemd/system/cockpit-wsinstance-https@.service
ubuntu,cockpit-ws,usr/lib/systemd/system/cockpit-wsinstance-socket-user.service
ubuntu,cockpit-ws,usr/lib/systemd/system/cockpit.service
ubuntu,collectd-core,usr/lib/systemd/system/collectd.service
ubuntu,collectl,usr/lib/systemd/system/collectl.service
ubuntu,colord,usr/lib/systemd/system/colord.service
ubuntu,comitup,usr/lib/systemd/system/comitup-web.service
ubuntu,comitup,usr/lib/systemd/system/comitup.service
ubuntu,condor,usr/lib/systemd/system/condor.service
ubuntu,condor-annex-ec2,usr/lib/systemd/system/condor-annex-ec2.service
ubuntu,conman,usr/lib/systemd/system/conman.service
ubuntu,conmux,usr/lib/systemd/system/conmux.service
ubuntu,connman,usr/lib/systemd/system/connman-wait-online.service
ubuntu,connman,usr/lib/systemd/system/connman.service
ubuntu,connman-vpn,usr/lib/systemd/system/connman-vpn.service
ubuntu,conntrackd,usr/lib/systemd/system/conntrackd.service
ubuntu,conserver-server,usr/lib/systemd/system/conserver-server.service
ubuntu,consolation,usr/lib/systemd/system/consolation.service
ubuntu,console-setup-linux,usr/lib/systemd/system/console-setup.service
ubuntu,console-setup-linux,usr/lib/systemd/system/keyboard-setup.service
ubuntu,console-setup-linux,usr/lib/systemd/system/setvtrgb.service
ubuntu,containerd,usr/lib/systemd/system/containerd.service
ubuntu,containerd-stable,usr/lib/systemd/system/containerd.service
ubuntu,containernetworking-plugins,usr/lib/systemd/system/cni-dhcp.service
ubuntu,coredhcp-server,usr/lib/systemd/system/coredhcp-server.service
ubuntu,corosync,usr/lib/systemd/system/corosync.service
ubuntu,corosync-notifyd,usr/lib/systemd/system/corosync-notifyd.service
ubuntu,corosync-qdevice,usr/lib/systemd/system/corosync-qdevice.service
ubuntu,corosync-qnetd,usr/lib/systemd/system/corosync-qnetd.service
ubuntu,coturn,usr/lib/systemd/system/coturn.service
ubuntu,courier-authdaemon,usr/lib/systemd/system/courier-authdaemon.service
ubuntu,courier-imap,usr/lib/systemd/system/courier-imap-ssl.service
ubuntu,courier-imap,usr/lib/systemd/system/courier-imap.service
ubuntu,courier-ldap,usr/lib/systemd/system/courier-ldap.service
ubuntu,courier-mlm,usr/lib/systemd/system/courier-mlm.service
ubuntu,courier-mta,usr/lib/systemd/system/courier-msa.service
ubuntu,courier-mta,usr/lib/systemd/system/courier-mta-ssl.service
ubuntu,courier-mta,usr/lib/systemd/system/courier-mta.service
ubuntu,courier-mta,usr/lib/systemd/system/courier.service
ubuntu,courier-mta,usr/lib/systemd/system/courierfilter.service
ubuntu,courier-pop,usr/lib/systemd/system/courier-pop-ssl.service
ubuntu,courier-pop,usr/lib/systemd/system/courier-pop.service
ubuntu,courier-webadmin,usr/lib/systemd/system/courier-webadmin.service
ubuntu,cpupower-gui,usr/lib/systemd/system/cpupower-gui-helper.service
ubuntu,cpupower-gui,usr/lib/systemd/system/cpupower-gui.service
ubuntu,cron,usr/lib/systemd/system/cron.service
ubuntu,cronie,usr/lib/systemd/system/cronie.service
ubuntu,crossfire-server,usr/lib/systemd/system/crossfire-server.service
ubuntu,crowdsec,usr/lib/systemd/system/crowdsec.service
ubuntu,crowdsec-custom-bouncer,usr/lib/systemd/system/crowdsec-custom-bouncer.service
ubuntu,crowdsec-firewall-bouncer,usr/lib/systemd/system/crowdsec-firewall-bouncer.service
ubuntu,cryptmount,usr/lib/systemd/system/cryptmount.service
ubuntu,cryptsetup-suspend,usr/lib/systemd/system/systemd-suspend.service.d/cryptsetup-suspend.conf
ubuntu,csync2,usr/lib/systemd/system/csync2@.service
ubuntu,ctdb,usr/lib/systemd/system/ctdb.service
ubuntu,cubemap,usr/lib/systemd/system/cubemap.service
ubuntu,cups-browsed,lib/systemd/system/cups-browsed.service
ubuntu,cups-daemon,usr/lib/systemd/system/cups.service
ubuntu,curvedns,usr/lib/systemd/system/curvedns.service
ubuntu,custodia,usr/lib/systemd/system/custodia@.service
ubuntu,cvsd,usr/lib/systemd/system/cvsd.service
ubuntu,cxl,usr/lib/systemd/system/cxl-monitor.service
ubuntu,cyborg-agent,usr/lib/systemd/system/cyborg-agent.service
ubuntu,cyborg-api,usr/lib/systemd/system/cyborg-api.service
ubuntu,cyborg-conductor,usr/lib/systemd/system/cyborg-conductor.service
ubuntu,cyrus-common,usr/lib/systemd/system/cyrus-imapd.service
ubuntu,daemontools-run,usr/lib/systemd/system/daemontools-run.service
ubuntu,dante-server,usr/lib/systemd/system/danted.service
ubuntu,darkstat,usr/lib/systemd/system/darkstat.service
ubuntu,davmail-server,usr/lib/systemd/system/davmail-server.service
ubuntu,dbab,usr/lib/systemd/system/dbab.service
ubuntu,dbeacon,usr/lib/systemd/system/dbeacon.service
ubuntu,dbus,usr/lib/systemd/system/dbus.service
ubuntu,dbus,usr/lib/systemd/system/multi-user.target.wants/dbus.service
ubuntu,dbus-broker,usr/lib/systemd/system/dbus-broker.service
ubuntu,ddccontrol,usr/lib/systemd/system/ddccontrol.service
ubuntu,ddclient,usr/lib/systemd/system/ddclient.service
ubuntu,debci-collector,usr/lib/systemd/system/debci-collector.service
ubuntu,debci-collector,usr/lib/systemd/system/debci-update.service
ubuntu,debci-worker,usr/lib/systemd/system/debci-publisher.service
ubuntu,debci-worker,usr/lib/systemd/system/debci-worker.service
ubuntu,debci-worker,usr/lib/systemd/system/debci-worker@.service
ubuntu,debian-edu-router-config,usr/lib/systemd/system/dnsmasq_d-e-r@.service
ubuntu,debian-edu-router-plugin.content-filter,usr/lib/systemd/system/e2guardian_d-e-r.service
ubuntu,debian-edu-router-plugin.content-filter,usr/lib/systemd/system/squid_d-e-r@.service
ubuntu,debian-edu-router-plugin.content-filter,usr/lib/systemd/system/squid_d-e-r_acl_watcher.service
ubuntu,debian-edu-router-plugin.content-filter,usr/lib/systemd/system/squid_d-e-r_refresh-blacklists.service
ubuntu,debian-edu-router-plugin.content-filter,usr/lib/systemd/system/squid_d-e-r_refresh-generated-ips.service
ubuntu,debian-edu-router-plugin.krb5-connector,usr/lib/systemd/system/squid_d-e-r@.service.d/squid_d-e-r-p.k-c.conf
ubuntu,debian-edu-router-plugin.ldap-connector,usr/lib/systemd/system/squid_d-e-r_refresh-ldap-filterlists.service
ubuntu,debiman,usr/lib/systemd/system/debiman-auxserver.service
ubuntu,debomatic,usr/lib/systemd/system/debomatic.service
ubuntu,debspawn,usr/lib/systemd/system/debspawn-clear-caches.service
ubuntu,debug-me-server,usr/lib/systemd/system/debug-me.service
ubuntu,debusine-server,usr/lib/systemd/system/debusine-server-celery.service
ubuntu,debusine-server,usr/lib/systemd/system/debusine-server-delete-expired.service
ubuntu,debusine-server,usr/lib/systemd/system/debusine-server-migrate.service
ubuntu,debusine-server,usr/lib/systemd/system/debusine-server-periodic-tasks.service
ubuntu,debusine-server,usr/lib/systemd/system/debusine-server-provisioner.service
ubuntu,debusine-server,usr/lib/systemd/system/debusine-server-scheduler.service
ubuntu,debusine-server,usr/lib/systemd/system/debusine-server-vacuum-storage.service
ubuntu,debusine-server,usr/lib/systemd/system/debusine-server.service
ubuntu,debusine-signing,usr/lib/systemd/system/debusine-signing-migrate.service
ubuntu,debusine-signing,usr/lib/systemd/system/debusine-signing.service
ubuntu,debusine-worker,usr/lib/systemd/system/debusine-worker.service
ubuntu,deepin-boot-maker,usr/lib/systemd/system/deepin-boot-maker.service
ubuntu,deepin-log-viewer,usr/lib/systemd/system/deepin-log-viewer-daemon.service
ubuntu,deluge-web,usr/lib/systemd/system/deluge-web.service
ubuntu,deluged,usr/lib/systemd/system/deluged.service
ubuntu,depthcharge-tools,usr/lib/systemd/system/depthcharge-tools.service
ubuntu,designate-agent,usr/lib/systemd/system/designate-agent.service
ubuntu,designate-api,usr/lib/systemd/system/designate-api.service
ubuntu,designate-central,usr/lib/systemd/system/designate-central.service
ubuntu,designate-mdns,usr/lib/systemd/system/designate-mdns.service
ubuntu,designate-pool-manager,usr/lib/systemd/system/designate-pool-manager.service
ubuntu,designate-producer,usr/lib/systemd/system/designate-producer.service
ubuntu,designate-sink,usr/lib/systemd/system/designate-sink.service
ubuntu,designate-worker,usr/lib/systemd/system/designate-worker.service
ubuntu,designate-zone-manager,usr/lib/systemd/system/designate-zone-manager.service
ubuntu,deviceinfo-extras,usr/lib/systemd/system/update-machine-info-from-deviceinfo.service
ubuntu,dgx-desktop-docker-options,etc/systemd/system/docker.service.d/docker-override.conf
ubuntu,dgx-desktop-enable-persistenced,etc/systemd/system/nvidia-persistenced.service.d/persistence-override.conf
ubuntu,dgx-desktop-pro-activation,usr/lib/systemd/system/dgx-desktop-pro-activation.service
ubuntu,dhcp-helper,usr/lib/systemd/system/dhcp-helper.service
ubuntu,dhcp-probe,usr/lib/systemd/system/dhcp-probe.service
ubuntu,dhcp-probe,usr/lib/systemd/system/dhcp-probe@.service
ubuntu,dhcpcd,usr/lib/systemd/system/dhcpcd.service
ubuntu,dhcpcd,usr/lib/systemd/system/dhcpcd@.service
ubuntu,dhcpy6d,usr/lib/systemd/system/dhcpy6d.service
ubuntu,diaspora-common,usr/lib/systemd/system/diaspora-puma.service
ubuntu,diaspora-common,usr/lib/systemd/system/diaspora-sidekiq.service
ubuntu,diaspora-common,usr/lib/systemd/system/diaspora.service
ubuntu,dicod,usr/lib/systemd/system/dicod.service
ubuntu,dicod,usr/lib/systemd/system/dicod@.service
ubuntu,dicod,usr/lib/systemd/system/dictd.service
ubuntu,dictd,usr/lib/systemd/system/dictd.service
ubuntu,dictd,usr/lib/systemd/system/dictd@.service
ubuntu,didiwiki,usr/lib/systemd/system/didiwiki.service
ubuntu,direvent,usr/lib/systemd/system/direvent.service
ubuntu,direwolf,usr/lib/systemd/system/direwolf.service
ubuntu,distcc,usr/lib/systemd/system/distcc.service
ubuntu,dkimpy-milter,usr/lib/systemd/system/dkimpy-milter.service
ubuntu,dlm-controld,usr/lib/systemd/system/dlm.service
ubuntu,dlt-daemon,usr/lib/systemd/system/dlt.service
ubuntu,dlt-tools,usr/lib/systemd/system/dlt-dbus.service
ubuntu,dlt-tools,usr/lib/systemd/system/dlt-system.service
ubuntu,dma,usr/lib/systemd/system/dma.service
ubuntu,dmarcts-report-parser,usr/lib/systemd/system/dmarcts-report-parser.service
ubuntu,dmeventd,usr/lib/systemd/system/dm-event.service
ubuntu,dmucs,usr/lib/systemd/system/dmucs.service
ubuntu,dnf-plugins-core,usr/lib/systemd/system/dnf-system-upgrade-cleanup.service
ubuntu,dnf-plugins-core,usr/lib/systemd/system/dnf-system-upgrade.service
ubuntu,dnf5-server,usr/lib/systemd/system/dnf-automatic.service
ubuntu,dnf5-server,usr/lib/systemd/system/dnf5-automatic.service
ubuntu,dnf5-server,usr/lib/systemd/system/dnf5-makecache.service
ubuntu,dnf5-server,usr/lib/systemd/system/dnf5-offline-transaction-cleanup.service
ubuntu,dnf5-server,usr/lib/systemd/system/dnf5-offline-transaction.service
ubuntu,dnf5-server,usr/lib/systemd/system/dnf5daemon-server.service
ubuntu,dns-flood-detector,usr/lib/systemd/system/dns-flood-detector.service
ubuntu,dns2tcp,usr/lib/systemd/system/dns2tcpd.service
ubuntu,dnscache,usr/lib/systemd/system/dnscache.service
ubuntu,dnscrypt-proxy,usr/lib/systemd/system/dnscrypt-proxy-resolvconf.service
ubuntu,dnscrypt-proxy,usr/lib/systemd/system/dnscrypt-proxy.service
ubuntu,dnsdist,usr/lib/systemd/system/dnsdist.service
ubuntu,dnsdist,usr/lib/systemd/system/dnsdist@.service
ubuntu,dnsmasq,usr/lib/systemd/system/dnsmasq.service
ubuntu,dnsmasq,usr/lib/systemd/system/dnsmasq@.service
ubuntu,dnsproxy,usr/lib/systemd/system/dnsproxy.service
ubuntu,dnss,usr/lib/systemd/system/dnss.service
ubuntu,dnssec-trigger,usr/lib/systemd/system/dnssec-triggerd-keygen.service
ubuntu,dnssec-trigger,usr/lib/systemd/system/dnssec-triggerd.service
ubuntu,docker-registry,usr/lib/systemd/system/docker-registry.service
ubuntu,docker.io,usr/lib/systemd/system/docker.service
ubuntu,dotdee,usr/lib/systemd/system/dotdee.service
ubuntu,dovecot-core,usr/lib/systemd/system/dovecot.service
ubuntu,downtimed,usr/lib/systemd/system/downtimed.service
ubuntu,dpdk,usr/lib/systemd/system/dpdk.service
ubuntu,dphys-swapfile,usr/lib/systemd/system/dphys-swapfile.service
ubuntu,dpkg,usr/lib/systemd/system/dpkg-db-backup.service
ubuntu,dqcache,usr/lib/systemd/system/dqcache.service
ubuntu,dracut-core,usr/lib/systemd/system/dracut-cmdline.service
ubuntu,dracut-core,usr/lib/systemd/system/dracut-initqueue.service
ubuntu,dracut-core,usr/lib/systemd/system/dracut-mount.service
ubuntu,dracut-core,usr/lib/systemd/system/dracut-pre-mount.service
ubuntu,dracut-core,usr/lib/systemd/system/dracut-pre-pivot.service
ubuntu,dracut-core,usr/lib/systemd/system/dracut-pre-trigger.service
ubuntu,dracut-core,usr/lib/systemd/system/dracut-pre-udev.service
ubuntu,dracut-core,usr/lib/systemd/system/dracut-shutdown-onfailure.service
ubuntu,dracut-core,usr/lib/systemd/system/dracut-shutdown.service
ubuntu,dracut-core,usr/lib/systemd/system/initrd.target.wants/dracut-cmdline.service
ubuntu,dracut-core,usr/lib/systemd/system/initrd.target.wants/dracut-initqueue.service
ubuntu,dracut-core,usr/lib/systemd/system/initrd.target.wants/dracut-mount.service
ubuntu,dracut-core,usr/lib/systemd/system/initrd.target.wants/dracut-pre-mount.service
ubuntu,dracut-core,usr/lib/systemd/system/initrd.target.wants/dracut-pre-pivot.service
ubuntu,dracut-core,usr/lib/systemd/system/initrd.target.wants/dracut-pre-trigger.service
ubuntu,dracut-core,usr/lib/systemd/system/initrd.target.wants/dracut-pre-udev.service
ubuntu,dracut-core,usr/lib/systemd/system/sysinit.target.wants/dracut-shutdown.service
ubuntu,drbd-utils,usr/lib/systemd/system/drbd-demote-or-escalate@.service
ubuntu,drbd-utils,usr/lib/systemd/system/drbd-lvchange@.service
ubuntu,drbd-utils,usr/lib/systemd/system/drbd-promote@.service
ubuntu,drbd-utils,usr/lib/systemd/system/drbd-reconfigure-suspend-or-error@.service
ubuntu,drbd-utils,usr/lib/systemd/system/drbd-wait-promotable@.service
ubuntu,drbd-utils,usr/lib/systemd/system/drbd.service
ubuntu,drbd-utils,usr/lib/systemd/system/drbd@.service
ubuntu,drbd-utils,usr/lib/systemd/system/ocf.ra@.service
ubuntu,drkonqi,usr/lib/systemd/system/drkonqi-coredump-processor@.service
ubuntu,drkonqi,usr/lib/systemd/system/systemd-coredump@.service.wants/drkonqi-coredump-processor@.service
ubuntu,droid-juicer,usr/lib/systemd/system/droid-juicer.service
ubuntu,dropbear,usr/lib/systemd/system/dropbear.service
ubuntu,e2fsprogs,usr/lib/systemd/system/e2scrub@.service
ubuntu,e2fsprogs,usr/lib/systemd/system/e2scrub_all.service
ubuntu,e2fsprogs,usr/lib/systemd/system/e2scrub_fail@.service
ubuntu,e2fsprogs,usr/lib/systemd/system/e2scrub_reap.service
ubuntu,e2guardian,usr/lib/systemd/system/e2guardian.service
ubuntu,ead,usr/lib/systemd/system/ead.service
ubuntu,earlyoom,usr/lib/systemd/system/earlyoom.service
ubuntu,ec2-hibinit-agent,usr/lib/systemd/system/hibinit-agent.service
ubuntu,ec2-instance-connect,lib/systemd/system/ec2-instance-connect-harvest-hostkeys.service
ubuntu,ec2-instance-connect,lib/systemd/system/ssh.service.d/ec2-instance-connect.conf
ubuntu,edac-utils,usr/lib/systemd/system/edac.service
ubuntu,eg25-manager,usr/lib/systemd/system/eg25-manager.service
ubuntu,ejabberd,usr/lib/systemd/system/ejabberd.service
ubuntu,email-reminder,usr/lib/systemd/system/email-reminder-collect.service
ubuntu,email-reminder,usr/lib/systemd/system/email-reminder.service
ubuntu,emptty,usr/lib/systemd/system/emptty@.service
ubuntu,endlessh,usr/lib/systemd/system/endlessh.service
ubuntu,epics-base,lib/systemd/system/epics-base.service
ubuntu,erbium,usr/lib/systemd/system/erbium.service
ubuntu,ergochat,usr/lib/systemd/system/ergochat.service
ubuntu,erlang-base,usr/lib/systemd/system/epmd.service
ubuntu,errbot,usr/lib/systemd/system/errbot@.service
ubuntu,espeakup,usr/lib/systemd/system/espeakup.service
ubuntu,etcd-discovery,usr/lib/systemd/system/etcd-discovery.service
ubuntu,etcd-server,usr/lib/systemd/system/etcd.service
ubuntu,etckeeper,usr/lib/systemd/system/etckeeper.service
ubuntu,evremap,usr/lib/systemd/system/evremap.service
ubuntu,exabgp,usr/lib/systemd/system/exabgp.service
ubuntu,exchange-bmc-os-info,usr/lib/systemd/system/exchange-bmc-os-info.service
ubuntu,exim4-base,usr/lib/systemd/system/exim4-base.service
ubuntu,exim4-daemon-heavy,usr/lib/systemd/system/exim4.service
ubuntu,exim4-daemon-light,usr/lib/systemd/system/exim4.service
ubuntu,fai-nfsroot,usr/lib/systemd/system/fai.service
ubuntu,fail2ban,usr/lib/systemd/system/fail2ban.service
ubuntu,fair,usr/lib/systemd/system/fair-carrousel.service
ubuntu,fair,usr/lib/systemd/system/fair-transponder.service
ubuntu,fair,usr/lib/systemd/system/fair.service
ubuntu,fake-hwclock,usr/lib/systemd/system/fake-hwclock-load.service
ubuntu,fake-hwclock,usr/lib/systemd/system/fake-hwclock-save.service
ubuntu,fake-hwclock,usr/lib/systemd/system/fake-hwclock.service
ubuntu,fancontrol,usr/lib/systemd/system/fancontrol.service
ubuntu,fangfrisch,usr/lib/systemd/system/fangfrisch.service
ubuntu,fapolicyd,usr/lib/systemd/system/fapolicyd.service
ubuntu,farpd,usr/lib/systemd/system/farpd.service
ubuntu,fastd,usr/lib/systemd/system/fastd@.service
ubuntu,fastnetmon,usr/lib/systemd/system/fastnetmon.service
ubuntu,fcgiwrap,usr/lib/systemd/system/fcgiwrap.service
ubuntu,fcoe-utils,usr/lib/systemd/system/fcoe-utils.service
ubuntu,fence-virtd,usr/lib/systemd/system/fence_virtd.service
ubuntu,fenrir,usr/lib/systemd/system/fenrir.service
ubuntu,ferm,usr/lib/systemd/system/ferm.service
ubuntu,festival,usr/lib/systemd/system/festival.service
ubuntu,fetch-crl,usr/lib/systemd/system/fetch-crl.service
ubuntu,fever,usr/lib/systemd/system/fever.service
ubuntu,ffproxy,usr/lib/systemd/system/ffproxy.service
ubuntu,finalrd,lib/systemd/system/finalrd.service
ubuntu,fio,usr/lib/systemd/system/fio.service
ubuntu,firebird3.0-server,usr/lib/systemd/system/firebird3.0.service
ubuntu,firebird4.0-server,usr/lib/systemd/system/firebird4.0.service
ubuntu,firehol,usr/lib/systemd/system/firehol.service
ubuntu,fireqos,usr/lib/systemd/system/fireqos.service
ubuntu,firewalld,usr/lib/systemd/system/firewalld.service
ubuntu,flamethrower,usr/lib/systemd/system/flamethrower.service
ubuntu,flatpak,usr/lib/systemd/system/flatpak-system-helper.service
ubuntu,foolsm,usr/lib/systemd/system/foolsm.service
ubuntu,foomuuri,usr/lib/systemd/system/foomuuri-boot.service
ubuntu,foomuuri,usr/lib/systemd/system/foomuuri-dbus.service
ubuntu,foomuuri,usr/lib/systemd/system/foomuuri-iplist.service
ubuntu,foomuuri,usr/lib/systemd/system/foomuuri-monitor.service
ubuntu,foomuuri,usr/lib/systemd/system/foomuuri.service
ubuntu,fort-validator,usr/lib/systemd/system/fort.service
ubuntu,fprintd,usr/lib/systemd/system/fprintd.service
ubuntu,fprobe,usr/lib/systemd/system/fprobe.service
ubuntu,freedombox,usr/lib/systemd/system/avahi-daemon.service.d/freedombox.conf
ubuntu,freedombox,usr/lib/systemd/system/bind9.service.d/freedombox.conf
ubuntu,freedombox,usr/lib/systemd/system/calibre-server-freedombox.service
ubuntu,freedombox,usr/lib/systemd/system/coturn.service.d/freedombox.conf
ubuntu,freedombox,usr/lib/systemd/system/deluge-web.service.d/freedombox.conf
ubuntu,freedombox,usr/lib/systemd/system/deluged.service.d/freedombox.conf
ubuntu,freedombox,usr/lib/systemd/system/freedombox-manual-upgrade.service
ubuntu,freedombox,usr/lib/systemd/system/freedombox-privileged.service
ubuntu,freedombox,usr/lib/systemd/system/janus.service.d/freedombox.conf
ubuntu,freedombox,usr/lib/systemd/system/kiwix-server-freedombox.service
ubuntu,freedombox,usr/lib/systemd/system/matrix-synapse.service.d/freedombox.conf
ubuntu,freedombox,usr/lib/systemd/system/mediawiki-jobrunner.service.d/freedombox.conf
ubuntu,freedombox,usr/lib/systemd/system/miniflux.service.d/freedombox.conf
ubuntu,freedombox,usr/lib/systemd/system/nextcloud-cron-freedombox.service
ubuntu,freedombox,usr/lib/systemd/system/plinth.service
ubuntu,freedombox,usr/lib/systemd/system/quasselcore.service.d/freedombox.conf
ubuntu,freedombox,usr/lib/systemd/system/shadowsocks-libev-local@.service.d/freedombox.conf
ubuntu,freedombox,usr/lib/systemd/system/shadowsocks-libev-server@.service.d/freedombox.conf
ubuntu,freedombox,usr/lib/systemd/system/smbd.service.d/freedombox.conf
ubuntu,freedombox,usr/lib/systemd/system/sogo.service.d/freedombox.conf
ubuntu,freedombox,usr/lib/systemd/system/ssh.service.d/freedombox.conf
ubuntu,freedombox,usr/lib/systemd/system/syncthing@syncthing.service.d/freedombox.conf
ubuntu,freedombox,usr/lib/systemd/system/transmission-daemon.service.d/freedombox.conf
ubuntu,freedombox,usr/lib/systemd/system/uwsgi-app@bepasty-freedombox.service.d/freedombox.conf
ubuntu,freedombox,usr/lib/systemd/system/uwsgi-app@radicale.service.d/freedombox.conf
ubuntu,freedombox,usr/lib/systemd/system/wordpress-freedombox.service
ubuntu,freedombox,usr/lib/systemd/system/zramswap.service.d/freedombox.conf
ubuntu,freeipa-client-epn,usr/lib/systemd/system/ipa-epn.service
ubuntu,freeipa-healthcheck,usr/lib/systemd/system/ipa-healthcheck.service
ubuntu,freeipmi-bmc-watchdog,usr/lib/systemd/system/bmc-watchdog.service
ubuntu,freeipmi-ipmidetect,usr/lib/systemd/system/ipmidetectd.service
ubuntu,freeipmi-ipmiseld,usr/lib/systemd/system/ipmiseld.service
ubuntu,freeradius,usr/lib/systemd/system/freeradius.service
ubuntu,friendly-recovery,lib/systemd/system/friendly-recovery.service
ubuntu,frr,usr/lib/systemd/system/frr.service
ubuntu,frr,usr/lib/systemd/system/frr@.service
ubuntu,ftp-proxy,usr/lib/systemd/system/ftp-proxy.service
ubuntu,fusioninventory-agent,usr/lib/systemd/system/fusioninventory-agent.service
ubuntu,fwknop-server,usr/lib/systemd/system/fwknop-server.service
ubuntu,fwlogwatch,usr/lib/systemd/system/fwlogwatch.service
ubuntu,fwupd,usr/lib/systemd/system/fwupd-refresh.service
ubuntu,fwupd,usr/lib/systemd/system/fwupd.service
ubuntu,g15daemon,usr/lib/systemd/system/g15daemon.service
ubuntu,g810-led,usr/lib/systemd/system/g810-led-reboot.service
ubuntu,galera-arbitrator-4,usr/lib/systemd/system/garb.service
ubuntu,galera-arbitrator-4,usr/lib/systemd/system/garbd.service
ubuntu,galileo-daemon,usr/lib/systemd/system/galileo-daemon.service
ubuntu,gammu-smsd,usr/lib/systemd/system/gammu-smsd.service
ubuntu,gap-scscp,usr/lib/systemd/system/gapd.service
ubuntu,garagemq,usr/lib/systemd/system/garagemq.service
ubuntu,gavodachs2-server,usr/lib/systemd/system/dachs.service
ubuntu,gcpegg,usr/lib/systemd/system/gcpegg.service
ubuntu,gdm3,usr/lib/systemd/system/gdm.service
ubuntu,gdm3,usr/lib/systemd/system/gdm3.service
ubuntu,gdm3,usr/lib/systemd/system/gnome-headless-session@.service
ubuntu,gdnsd,usr/lib/systemd/system/gdnsd.service
ubuntu,gearman-job-server,usr/lib/systemd/system/gearman-job-server.service
ubuntu,geoclue-2.0,usr/lib/systemd/system/geoclue.service
ubuntu,geoipupdate,usr/lib/systemd/system/geoipupdate.service
ubuntu,gerbera,usr/lib/systemd/system/gerbera.service
ubuntu,gfmd,usr/lib/systemd/system/gfmd.service
ubuntu,gfsd,usr/lib/systemd/system/gfsd.service
ubuntu,git-keeper,usr/lib/systemd/system/git-keeper.service
ubuntu,gkrellmd,usr/lib/systemd/system/gkrellmd.service
ubuntu,glance-api,usr/lib/systemd/system/glance-api.service
ubuntu,glances,usr/lib/systemd/system/glances.service
ubuntu,globus-gatekeeper,usr/lib/systemd/system/globus-gatekeeper.service
ubuntu,globus-gridftp-server-progs,usr/lib/systemd/system/globus-gridftp-server.service
ubuntu,globus-gridftp-server-progs,usr/lib/systemd/system/globus-gridftp-sshftp.service
ubuntu,globus-scheduler-event-generator-progs,usr/lib/systemd/system/globus-scheduler-event-generator@.service
ubuntu,glusterfs-server,usr/lib/systemd/system/gluster-ta-volume.service
ubuntu,glusterfs-server,usr/lib/systemd/system/glusterd.service
ubuntu,glusterfs-server,usr/lib/systemd/system/glustereventsd.service
ubuntu,glusterfs-server,usr/lib/systemd/system/glusterfssharedstorage.service
ubuntu,gmediarender,usr/lib/systemd/system/gmediarender.service
ubuntu,gnocchi-metricd,usr/lib/systemd/system/gnocchi-metricd.service
ubuntu,gnocchi-statsd,usr/lib/systemd/system/gnocchi-statsd.service
ubuntu,gnome-remote-desktop,usr/lib/systemd/system/gnome-remote-desktop-configuration.service
ubuntu,gnome-remote-desktop,usr/lib/systemd/system/gnome-remote-desktop.service
ubuntu,gnss-share,usr/lib/systemd/system/gnss-share.service
ubuntu,gnumed-server,usr/lib/systemd/system/gm-backup_and_zip_database.service
ubuntu,gnunet,usr/lib/systemd/system/gnunet.service
ubuntu,gnupg-pkcs11-scd-proxy,usr/lib/systemd/system/gnupg-pkcs11-scd-proxy.service
ubuntu,gnustep-base-runtime,usr/lib/systemd/system/gdomap.service
ubuntu,gobgpd,usr/lib/systemd/system/gobgpd.service
ubuntu,goiardi,usr/lib/systemd/system/goiardi.service
ubuntu,golang-redoctober,usr/lib/systemd/system/golang-redoctober.service
ubuntu,google-compute-engine-oslogin,lib/systemd/system/google-oslogin-cache.service
ubuntu,google-guest-agent,lib/systemd/system/gce-workload-cert-refresh.service
ubuntu,google-guest-agent,lib/systemd/system/google-guest-agent-manager.service
ubuntu,google-guest-agent,lib/systemd/system/google-guest-agent.service
ubuntu,google-guest-agent,lib/systemd/system/google-guest-compat-manager.service
ubuntu,google-guest-agent,lib/systemd/system/google-shutdown-scripts.service
ubuntu,google-guest-agent,lib/systemd/system/google-startup-scripts.service
ubuntu,google-osconfig-agent,lib/systemd/system/google-osconfig-agent.service
ubuntu,gophernicus,usr/lib/systemd/system/gophernicus@.service
ubuntu,gotd,usr/lib/systemd/system/gotd.service
ubuntu,gpm,usr/lib/systemd/system/gpm.service
ubuntu,gpsd,usr/lib/systemd/system/gpsd.service
ubuntu,gpsd,usr/lib/systemd/system/gpsdctl@.service
ubuntu,graphite-carbon,usr/lib/systemd/system/carbon-aggregator-cache@.service
ubuntu,graphite-carbon,usr/lib/systemd/system/carbon-aggregator@.service
ubuntu,graphite-carbon,usr/lib/systemd/system/carbon-cache.service
ubuntu,graphite-carbon,usr/lib/systemd/system/carbon-relay@.service
ubuntu,graphite-web,usr/lib/systemd/system/graphite_build_search_index.service
ubuntu,greetd,usr/lib/systemd/system/greetd.service
ubuntu,greylistd,usr/lib/systemd/system/greylistd.service
ubuntu,grokmirror,usr/lib/systemd/system/grok-fsck@.service
ubuntu,grokmirror,usr/lib/systemd/system/grok-pull@.service
ubuntu,groonga-server-gqtp,usr/lib/systemd/system/groonga-server-gqtp.service
ubuntu,groonga-server-http,usr/lib/systemd/system/groonga-server-http.service
ubuntu,gross,usr/lib/systemd/system/gross.service
ubuntu,group-service,usr/lib/systemd/system/group-admin-daemon.service
ubuntu,grub2-common,usr/lib/systemd/system/grub-initrd-fallback.service
ubuntu,grub2-common,usr/lib/systemd/system/grub2-common.service
ubuntu,gsad,usr/lib/systemd/system/greenbone-security-assistant.service
ubuntu,gsad,usr/lib/systemd/system/gsad.service
ubuntu,gssproxy,usr/lib/systemd/system/gssproxy.service
ubuntu,guerillabackup,usr/lib/systemd/system/guerillabackup-generator.service
ubuntu,guerillabackup,usr/lib/systemd/system/guerillabackup-transfer.service
ubuntu,gvmd,usr/lib/systemd/system/gvmd.service
ubuntu,haproxy,usr/lib/systemd/system/haproxy.service
ubuntu,hardinfo2,usr/lib/systemd/system/hardinfo2.service
ubuntu,haveged,usr/lib/systemd/system/haveged.service
ubuntu,hd-idle,usr/lib/systemd/system/hd-idle.service
ubuntu,hdapsd,usr/lib/systemd/system/hdapsd.service
ubuntu,hdapsd,usr/lib/systemd/system/hdapsd@.service
ubuntu,hddemux,usr/lib/systemd/system/hddemux.service
ubuntu,heartbeat,usr/lib/systemd/system/heartbeat.service
ubuntu,heat-engine,usr/lib/systemd/system/heat-engine.service
ubuntu,hexagonrpcd,usr/lib/systemd/system/hexagonrpcd-resume.service
ubuntu,hexagonrpcd,usr/lib/systemd/system/hexagonrpcd-suspend.service
ubuntu,hexagonrpcd,usr/lib/systemd/system/hexagonrpcd.service
ubuntu,hfd-service,usr/lib/systemd/system/hfd-service.service
ubuntu,hifiberry-dsp,usr/lib/systemd/system/sigmatcpserver.service
ubuntu,hipercontracer,usr/lib/systemd/system/hipercontracer.service
ubuntu,hipercontracer,usr/lib/systemd/system/hipercontracer@.service
ubuntu,hipercontracer-importer,usr/lib/systemd/system/hpct-importer.service
ubuntu,hipercontracer-rtunnel,usr/lib/systemd/system/hpct-rtunnel.service
ubuntu,hipercontracer-sync,usr/lib/systemd/system/hpct-sync.service
ubuntu,hipercontracer-trigger,usr/lib/systemd/system/hpct-trigger.service
ubuntu,hipercontracer-trigger,usr/lib/systemd/system/hpct-trigger@.service
ubuntu,hipercontracer-udp-echo-server,usr/lib/systemd/system/udp-echo-server.service
ubuntu,hitch,usr/lib/systemd/system/hitch.service
ubuntu,hostapd,usr/lib/systemd/system/hostapd.service
ubuntu,hostapd,usr/lib/systemd/system/hostapd@.service
ubuntu,hpsockd,usr/lib/systemd/system/hpsockd.service
ubuntu,htpdate,usr/lib/systemd/system/htpdate.service
ubuntu,hugo-mx-gateway,lib/systemd/system/hugo-mx-gateway.service
ubuntu,hylafax-server,usr/lib/systemd/system/faxgetty@.service
ubuntu,hylafax-server,usr/lib/systemd/system/faxq.service
ubuntu,hylafax-server,usr/lib/systemd/system/hfaxd.service
ubuntu,hylafax-server,usr/lib/systemd/system/hylafax.service
ubuntu,i2pd,usr/lib/systemd/system/i2pd.service
ubuntu,i8kutils,usr/lib/systemd/system/i8kmon.service
ubuntu,ibacm,usr/lib/systemd/system/ibacm.service
ubuntu,icecast2,usr/lib/systemd/system/icecast2.service
ubuntu,icinga2-bin,usr/lib/systemd/system/icinga2.service
ubuntu,icingadb,usr/lib/systemd/system/icingadb.service
ubuntu,icingaweb2-module-director,usr/lib/systemd/system/icingaweb2-module-director.service
ubuntu,ifetch-tools,usr/lib/systemd/system/ifetch-tools.service
ubuntu,ifupdown,usr/lib/systemd/system/ifup@.service
ubuntu,ifupdown,usr/lib/systemd/system/ifupdown-pre.service
ubuntu,ifupdown,usr/lib/systemd/system/ifupdown-wait-online.service
ubuntu,ifupdown,usr/lib/systemd/system/networking.service
ubuntu,ifupdown-extra,usr/lib/systemd/system/networking-routes.service
ubuntu,ifupdown-ng-compat,usr/lib/systemd/system/networking.service
ubuntu,iio-sensor-proxy,usr/lib/systemd/system/iio-sensor-proxy.service
ubuntu,iiod,usr/lib/systemd/system/iiod.service
ubuntu,iipimage-server,usr/lib/systemd/system/iipsrv.service
ubuntu,ikiwiki-hosting-web,usr/lib/systemd/system/ikiwiki-hosting-web.service
ubuntu,imapproxy,usr/lib/systemd/system/imapproxy.service
ubuntu,incron,usr/lib/systemd/system/incron.service
ubuntu,incus-agent,usr/lib/systemd/system/incus-agent.service
ubuntu,incus-base,usr/lib/systemd/system/incus-startup.service
ubuntu,incus-base,usr/lib/systemd/system/incus-user.service
ubuntu,incus-base,usr/lib/systemd/system/incus.service
ubuntu,inetsim,usr/lib/systemd/system/inetsim.service
ubuntu,inetutils-inetd,usr/lib/systemd/system/inetutils-inetd.service
ubuntu,inetutils-syslogd,usr/lib/systemd/system/inetutils-syslogd.service
ubuntu,influxdb,usr/lib/systemd/system/influxdb.service
ubuntu,infnoise,usr/lib/systemd/system/infnoise.service
ubuntu,inn,usr/lib/systemd/system/inn.service
ubuntu,inn2,usr/lib/systemd/system/inn2.service
ubuntu,input-remapper-daemon,usr/lib/systemd/system/input-remapper-daemon.service
ubuntu,inputlirc,usr/lib/systemd/system/inputlirc.service
ubuntu,inspircd,usr/lib/systemd/system/inspircd.service
ubuntu,intel-hdcp,usr/lib/systemd/system/hdcpd.service
ubuntu,intel-lpmd,usr/lib/systemd/system/intel_lpmd.service
ubuntu,interception-tools,usr/lib/systemd/system/udevmon.service
ubuntu,iodine,usr/lib/systemd/system/iodined.service
ubuntu,ionit,usr/lib/systemd/system/ionit.service
ubuntu,ipband,usr/lib/systemd/system/ipband.service
ubuntu,iperf3,usr/lib/systemd/system/iperf3.service
ubuntu,ipmitool,usr/lib/systemd/system/ipmievd.service
ubuntu,ipmiutil,usr/lib/systemd/system/ipmi_port.service
ubuntu,ipmiutil,usr/lib/systemd/system/ipmiutil_asy.service
ubuntu,ipmiutil,usr/lib/systemd/system/ipmiutil_evt.service
ubuntu,ipmiutil,usr/lib/systemd/system/ipmiutil_wdt.service
ubuntu,ipp-usb,usr/lib/systemd/system/ipp-usb.service
ubuntu,ippl,usr/lib/systemd/system/ippl.service
ubuntu,iprutils,usr/lib/systemd/system/iprdump.service
ubuntu,iprutils,usr/lib/systemd/system/iprinit.service
ubuntu,iprutils,usr/lib/systemd/system/iprupdate.service
ubuntu,ipset-persistent,usr/lib/systemd/system/netfilter-persistent.service.d/ipset.conf
ubuntu,iptables-persistent,usr/lib/systemd/system/netfilter-persistent.service.d/iptables.conf
ubuntu,ipvsadm,usr/lib/systemd/system/ipvsadm.service
ubuntu,ipwatchd,usr/lib/systemd/system/ipwatchd.service
ubuntu,ir-keytable,usr/lib/systemd/system/systemd-udevd.service.d/50-rc_keymap.conf
ubuntu,ircd-irc2,usr/lib/systemd/system/ircd-irc2.service
ubuntu,ircd-ircu,usr/lib/systemd/system/ircd-ircu.service
ubuntu,irker,usr/lib/systemd/system/irkerd.service
ubuntu,ironic-api,usr/lib/systemd/system/ironic-api.service
ubuntu,ironic-conductor,usr/lib/systemd/system/ironic-conductor.service
ubuntu,ironic-inspector,usr/lib/systemd/system/ironic-inspector.service
ubuntu,ironic-neutron-agent,usr/lib/systemd/system/ironic-neutron-agent.service
ubuntu,ironic-python-agent,usr/lib/systemd/system/ironic-python-agent.service
ubuntu,irqbalance,usr/lib/systemd/system/irqbalance.service
ubuntu,irtt,usr/lib/systemd/system/irtt.service
ubuntu,isatapd,usr/lib/systemd/system/isatapd.service
ubuntu,isc-dhcp-relay,usr/lib/systemd/system/isc-dhcp-relay.service
ubuntu,isc-dhcp-relay,usr/lib/systemd/system/isc-dhcp-relay6.service
ubuntu,isc-dhcp-server,usr/lib/systemd/system/isc-dhcp-server.service
ubuntu,isc-dhcp-server,usr/lib/systemd/system/isc-dhcp-server6.service
ubuntu,iscsiuio,usr/lib/systemd/system/iscsiuio.service
ubuntu,iwatch,usr/lib/systemd/system/iwatch.service
ubuntu,iwd,usr/lib/systemd/system/iwd.service
ubuntu,jabberd2,usr/lib/systemd/system/jabberd-c2s.service
ubuntu,jabberd2,usr/lib/systemd/system/jabberd-router.service
ubuntu,jabberd2,usr/lib/systemd/system/jabberd-s2s.service
ubuntu,jabberd2,usr/lib/systemd/system/jabberd-sm.service
ubuntu,jabberd2,usr/lib/systemd/system/jabberd.service
ubuntu,janus,usr/lib/systemd/system/janus.service
ubuntu,jetty12,usr/lib/systemd/system/jetty12.service
ubuntu,jetty9,usr/lib/systemd/system/jetty9.service
ubuntu,jitterentropy-rngd,usr/lib/systemd/system/jitterentropy.service
ubuntu,jool-tools,usr/lib/systemd/system/jool.service
ubuntu,jool-tools,usr/lib/systemd/system/jool_siit.service
ubuntu,josm-installer,usr/lib/systemd/system/josm-installer.service
ubuntu,json2file-go,usr/lib/systemd/system/json2file-go.service
ubuntu,jupyterhub,usr/lib/systemd/system/jupyterhub.service
ubuntu,kafs-client,usr/lib/systemd/system/kafs-client.service
ubuntu,kamailio,usr/lib/systemd/system/kamailio.service
ubuntu,kamailio,usr/lib/systemd/system/kamailio@.service
ubuntu,kanata,usr/lib/systemd/system/kanata.service
ubuntu,kdump-tools,usr/lib/systemd/system/kdump-tools-dump.service
ubuntu,kdump-tools,usr/lib/systemd/system/kdump-tools.service
ubuntu,kea-ctrl-agent,usr/lib/systemd/system/kea-ctrl-agent.service
ubuntu,kea-dhcp-ddns-server,usr/lib/systemd/system/kea-dhcp-ddns-server.service
ubuntu,kea-dhcp4-server,usr/lib/systemd/system/kea-dhcp4-server.service
ubuntu,kea-dhcp6-server,usr/lib/systemd/system/kea-dhcp6-server.service
ubuntu,keepalived,usr/lib/systemd/system/keepalived.service
ubuntu,keyd,usr/lib/systemd/system/keyd.service
ubuntu,keyman-system-service,usr/lib/systemd/system/systemd-keyman.service
ubuntu,kgb-bot,usr/lib/systemd/system/kgb-bot.service
ubuntu,kmscon,usr/lib/systemd/system/kmsconvt@.service
ubuntu,knockd,usr/lib/systemd/system/knockd.service
ubuntu,knot,usr/lib/systemd/system/knot.service
ubuntu,knot-resolver6,usr/lib/systemd/system/knot-resolver.service
ubuntu,knot-resolver6,usr/lib/systemd/system/multi-user.target.wants/knot-resolver.service
ubuntu,knxd,usr/lib/systemd/system/knxd.service
ubuntu,kpatch,usr/lib/systemd/system/kpatch.service
ubuntu,krb5-admin-server,usr/lib/systemd/system/krb5-admin-server.service
ubuntu,krb5-kdc,usr/lib/systemd/system/krb5-kdc.service
ubuntu,krb5-kdc-ldap,usr/lib/systemd/system/krb5-admin-server.service.d/slapd-before-kdc.conf
ubuntu,krb5-kdc-ldap,usr/lib/systemd/system/krb5-kdc.service.d/slapd-before-kdc.conf
ubuntu,krb5-kpropd,usr/lib/systemd/system/krb5-kpropd.service
ubuntu,ksmbd-tools,usr/lib/systemd/system/ksmbd.service
ubuntu,ksmtuned,usr/lib/systemd/system/ksm.service
ubuntu,ksmtuned,usr/lib/systemd/system/ksmtuned.service
ubuntu,ktls-utils,usr/lib/systemd/system/tlshd.service
ubuntu,kup-server,usr/lib/systemd/system/kup-server.service
ubuntu,kxd,usr/lib/systemd/system/kxd.service
ubuntu,kylin-nm,usr/lib/systemd/system/kylin-nm-sysdbus.service
ubuntu,kylin-process-manager-daemon,usr/lib/systemd/system/kylin-process-manager-daemon.service
ubuntu,kylin-process-manager-daemon,usr/lib/systemd/system/kylin-process-resource-manager-daemon.service
ubuntu,l2tpns,usr/lib/systemd/system/l2tpns.service
ubuntu,labgrid-coordinator,usr/lib/systemd/system/labgrid-coordinator.service
ubuntu,labgrid-exporter,usr/lib/systemd/system/labgrid-exporter.service
ubuntu,ladvd,usr/lib/systemd/system/ladvd.service
ubuntu,landscape-client,usr/lib/systemd/system/landscape-client.service
ubuntu,laniakea-spark,usr/lib/systemd/system/laniakea-spark.service
ubuntu,laptop-mode-tools,usr/lib/systemd/system/laptop-mode.service
ubuntu,laptop-mode-tools,usr/lib/systemd/system/lmt-poll.service
ubuntu,lbcd,usr/lib/systemd/system/lbcd.service
ubuntu,lcdproc,usr/lib/systemd/system/lcdproc.service
ubuntu,ld10k1,usr/lib/systemd/system/ld10k1.service
ubuntu,ldirectord,usr/lib/systemd/system/ldirectord.service
ubuntu,leafnode,usr/lib/systemd/system/leafnode-fetchnews.service
ubuntu,leafnode,usr/lib/systemd/system/leafnode-texpire.service
ubuntu,leafnode,usr/lib/systemd/system/leafnode@.service
ubuntu,ledmon,usr/lib/systemd/system/ledmon.service
ubuntu,legacy-printer-app,usr/lib/systemd/system/legacy-printer-app.service
ubuntu,legiond,usr/lib/systemd/system/legiond-onresume.service
ubuntu,legiond,usr/lib/systemd/system/legiond.service
ubuntu,lemonade-server,usr/lib/systemd/system/lemonade-server.service
ubuntu,lemonldap-ng-fastcgi-server,usr/lib/systemd/system/lemonldap-ng-fastcgi-server.service
ubuntu,lenovo-cfgservice,lib/systemd/system/lenovo-cfgservice.service
ubuntu,lenovo-fccunlock,lib/systemd/system/lenovo-fccunlock.service
ubuntu,lenovo-fccunlock,usr/lib/systemd/system/lenovo-fccunlock.service
ubuntu,lenovolegionlinux-sound,usr/lib/systemd/system/lenovolegionlinux-sound.service
ubuntu,libdtrace2,usr/lib/systemd/system/dtprobed.service
ubuntu,libervia-pubsub,usr/lib/systemd/system/libervia-pubsub.service
ubuntu,libkysdk-base,usr/lib/systemd/system/com.kylin.kysdk.SyncConfig.service
ubuntu,libkysdk-base,usr/lib/systemd/system/conf2-compile.service
ubuntu,libkysdk-base,usr/lib/systemd/system/kysdk-conf2.service
ubuntu,libkysdk-system,usr/lib/systemd/system/kysdk-dbus.service
ubuntu,libkysdk-system,usr/lib/systemd/system/kysdk-logrotate.service
ubuntu,libkysdk-system,usr/lib/systemd/system/kysdk-net.service
ubuntu,libkysdk-system,usr/lib/systemd/system/kysdk-systime.service
ubuntu,liblemonldap-ng-handler-perl,usr/lib/systemd/system/liblemonldap-ng-handler-perl.service
ubuntu,liblemonldap-ng-portal-perl,usr/lib/systemd/system/liblemonldap-ng-portal-perl.service
ubuntu,libnet-proxy-perl,usr/lib/systemd/system/sslh.service
ubuntu,libpam-modules-bin,usr/lib/systemd/system/pam_namespace.service
ubuntu,libpam-pkcs11,usr/lib/systemd/system/pkcs11-eventmgr.service
ubuntu,librem5-tweaks,usr/lib/systemd/system/gpsd.service.d/librem5.conf
ubuntu,librem5-tweaks,usr/lib/systemd/system/librem5-lockdown-support.service
ubuntu,libreswan,usr/lib/systemd/system/ipsec.service
ubuntu,libvirt-daemon,usr/lib/systemd/system/libvirtd.service
ubuntu,libvirt-daemon-common,usr/lib/systemd/system/libvirt-guests.service
ubuntu,libvirt-daemon-common-hwe,usr/lib/systemd/system/libvirt-guests.service
ubuntu,libvirt-daemon-hwe,usr/lib/systemd/system/libvirtd.service
ubuntu,libvirt-daemon-lock,usr/lib/systemd/system/virtlockd.service
ubuntu,libvirt-daemon-lock-hwe,usr/lib/systemd/system/virtlockd.service
ubuntu,libvirt-daemon-log,usr/lib/systemd/system/virtlogd.service
ubuntu,libvirt-daemon-log-hwe,usr/lib/systemd/system/virtlogd.service
ubuntu,lightdm,usr/lib/systemd/system/lightdm.service
ubuntu,lighttpd,usr/lib/systemd/system/lighttpd-maint.service
ubuntu,lighttpd,usr/lib/systemd/system/lighttpd.service
ubuntu,linux-cloud-tools-common,usr/lib/systemd/system/hv-fcopy-daemon.service
ubuntu,linux-cloud-tools-common,usr/lib/systemd/system/hv-kvp-daemon.service
ubuntu,linux-cloud-tools-common,usr/lib/systemd/system/hv-vss-daemon.service
ubuntu,linux-cloud-tools-common,usr/lib/systemd/system/intel-sgx-load-module.service
ubuntu,linux-tools-host,lib/systemd/system/kvm_stat.service
ubuntu,linuxptp,usr/lib/systemd/system/phc2sys@.service
ubuntu,linuxptp,usr/lib/systemd/system/ptp4l@.service
ubuntu,linuxptp,usr/lib/systemd/system/timemaster.service
ubuntu,lirc,usr/lib/systemd/system/irexec.service
ubuntu,lirc,usr/lib/systemd/system/lircd-setup.service
ubuntu,lirc,usr/lib/systemd/system/lircd-uinput.service
ubuntu,lirc,usr/lib/systemd/system/lircd.service
ubuntu,lirc,usr/lib/systemd/system/lircmd.service
ubuntu,live-config-systemd,usr/lib/systemd/system/live-config.service
ubuntu,live-tools,usr/lib/systemd/system/live-tools.service
ubuntu,llama.cpp-tools,usr/lib/systemd/system/llama-server.service
ubuntu,lldpad,usr/lib/systemd/system/lldpad.service
ubuntu,lldpd,usr/lib/systemd/system/lldpd.service
ubuntu,lm-sensors,usr/lib/systemd/system/lm-sensors.service
ubuntu,local-apt-repository,usr/lib/systemd/system/local-apt-repository.service
ubuntu,localslackirc,usr/lib/systemd/system/localslackirc.service
ubuntu,localslackirc,usr/lib/systemd/system/localslackirc@.service
ubuntu,locate,usr/lib/systemd/system/locate.service
ubuntu,location,usr/lib/systemd/system/location-update.service
ubuntu,log2ram,usr/lib/systemd/system/log2ram-daily.service
ubuntu,log2ram,usr/lib/systemd/system/log2ram.service
ubuntu,logcheck,usr/lib/systemd/system/logcheck.service
ubuntu,loggerhead,usr/lib/systemd/system/loggerhead.service
ubuntu,logiops,usr/lib/systemd/system/logid.service
ubuntu,logrotate,usr/lib/systemd/system/logrotate.service
ubuntu,lomiri-location-service-bin,usr/lib/systemd/system/lomiri-location-service.service
ubuntu,low-memory-monitor,usr/lib/systemd/system/low-memory-monitor.service
ubuntu,lpr,usr/lib/systemd/system/lpd.service
ubuntu,lprint,usr/lib/systemd/system/lprint.service
ubuntu,lprng,usr/lib/systemd/system/lprng.service
ubuntu,lsh-server,usr/lib/systemd/system/lsh-server.service
ubuntu,ltsp,usr/lib/systemd/system/ltsp.service
ubuntu,lttng-tools,usr/lib/systemd/system/lttng-sessiond.service
ubuntu,luanti-server,usr/lib/systemd/system/luanti-server.service
ubuntu,luanti-server,usr/lib/systemd/system/luanti-server@.service
ubuntu,luanti-server,usr/lib/systemd/system/minetest-server.service
ubuntu,luanti-server,usr/lib/systemd/system/minetest-server@.service
ubuntu,lvm2,usr/lib/systemd/system/blk-availability.service
ubuntu,lvm2,usr/lib/systemd/system/lvm2-lvmpolld.service
ubuntu,lvm2,usr/lib/systemd/system/lvm2-monitor.service
ubuntu,lvm2-dbusd,usr/lib/systemd/system/lvm2-lvmdbusd.service
ubuntu,lvm2-lockd,usr/lib/systemd/system/lvmlockd.service
ubuntu,lvm2-lockd,usr/lib/systemd/system/lvmlocks.service
ubuntu,lxc,usr/lib/systemd/system/lxc-monitord.service
ubuntu,lxc,usr/lib/systemd/system/lxc-net.service
ubuntu,lxc,usr/lib/systemd/system/lxc.service
ubuntu,lxc,usr/lib/systemd/system/lxc@.service
ubuntu,lxcfs,usr/lib/systemd/system/lxcfs.service
ubuntu,lxd-agent-loader,usr/lib/systemd/system/lxd-agent.service
ubuntu,lxd-installer,usr/lib/systemd/system/lxd-installer@.service
ubuntu,lxdm,usr/lib/systemd/system/lxdm.service
ubuntu,lynis,usr/lib/systemd/system/lynis.service
ubuntu,lyskom-server,usr/lib/systemd/system/lyskom-server.service
ubuntu,macipgw,usr/lib/systemd/system/macipgw.service
ubuntu,mactelnet-server,usr/lib/systemd/system/mactelnet-server.service
ubuntu,magnum-api,usr/lib/systemd/system/magnum-api.service
ubuntu,magnum-conductor,usr/lib/systemd/system/magnum-conductor.service
ubuntu,mailfromd,usr/lib/systemd/system/mailfromd.service
ubuntu,mailgraph,usr/lib/systemd/system/mailgraph.service
ubuntu,mailman3,usr/lib/systemd/system/mailman3.service
ubuntu,mailman3-web,usr/lib/systemd/system/mailman3-web.service
ubuntu,mailutils-comsatd,usr/lib/systemd/system/mailutils-comsatd.service
ubuntu,mailutils-imap4d,usr/lib/systemd/system/mailutils-imap4d.service
ubuntu,mailutils-pop3d,usr/lib/systemd/system/mailutils-pop3d.service
ubuntu,make-dynpart-mappings,usr/lib/systemd/system/make-dynpart-mappings@.service
ubuntu,malcontent,usr/lib/systemd/system/malcontent-timer-extension-agent.service
ubuntu,malcontent,usr/lib/systemd/system/malcontent-timerd.service
ubuntu,malcontent,usr/lib/systemd/system/malcontent-webd-update.service
ubuntu,malcontent,usr/lib/systemd/system/malcontent-webd.service
ubuntu,man-db,usr/lib/systemd/system/man-db.service
ubuntu,mandos,usr/lib/systemd/system/mandos.service
ubuntu,manila-api,usr/lib/systemd/system/manila-api.service
ubuntu,manila-data,usr/lib/systemd/system/manila-data.service
ubuntu,manila-scheduler,usr/lib/systemd/system/manila-scheduler.service
ubuntu,manila-share,usr/lib/systemd/system/manila-share.service
ubuntu,mariadb-server,usr/lib/systemd/system/mariadb.service
ubuntu,mariadb-server,usr/lib/systemd/system/mariadb@.service
ubuntu,mariadb-server,usr/lib/systemd/system/mariadb@bootstrap.service.d/use_galera_new_cluster.conf
ubuntu,mariadb-server,usr/lib/systemd/system/mysql.service
ubuntu,mariadb-server,usr/lib/systemd/system/mysqld.service
ubuntu,masakari-engine,usr/lib/systemd/system/masakari-engine.service
ubuntu,masakari-host-monitor,usr/lib/systemd/system/masakari-host-monitor.service
ubuntu,masakari-instance-monitor,usr/lib/systemd/system/masakari-instance-monitor.service
ubuntu,masakari-introspective-instance-monitor,usr/lib/systemd/system/masakari-introspective-instance-monitor.service
ubuntu,masakari-process-monitor,usr/lib/systemd/system/masakari-process-monitor.service
ubuntu,mbmon,usr/lib/systemd/system/mbmon.service
ubuntu,mbpfan,usr/lib/systemd/system/mbpfan.service
ubuntu,mcstrans,usr/lib/systemd/system/mcstrans.service
ubuntu,mdadm,usr/lib/systemd/system/mdadm-grow-continue@.service
ubuntu,mdadm,usr/lib/systemd/system/mdadm-last-resort@.service
ubuntu,mdadm,usr/lib/systemd/system/mdcheck_continue.service
ubuntu,mdadm,usr/lib/systemd/system/mdcheck_start.service
ubuntu,mdadm,usr/lib/systemd/system/mdmon@.service
ubuntu,mdadm,usr/lib/systemd/system/mdmonitor-oneshot.service
ubuntu,mdadm,usr/lib/systemd/system/mdmonitor.service
ubuntu,mdns-reflector,usr/lib/systemd/system/mdns-reflector.service
ubuntu,mdns-reflector,usr/lib/systemd/system/mdns-reflector@.service
ubuntu,mdnsd,usr/lib/systemd/system/mdnsd.service
ubuntu,mediawiki,usr/lib/systemd/system/mediawiki-jobrunner.service
ubuntu,memcached,usr/lib/systemd/system/memcached.service
ubuntu,memlockd,usr/lib/systemd/system/memlockd.service
ubuntu,mender-client,usr/lib/systemd/system/mender-client.service
ubuntu,mender-connect,usr/lib/systemd/system/mender-connect.service
ubuntu,merecat,usr/lib/systemd/system/merecat.service
ubuntu,metalog,usr/lib/systemd/system/metalog.service
ubuntu,mgetty-fax,usr/lib/systemd/system/mgetty-fax.service
ubuntu,mgmt,usr/lib/systemd/system/mgmt.service
ubuntu,micro-httpd,usr/lib/systemd/system/micro-httpd@.service
ubuntu,milter-greylist,usr/lib/systemd/system/milter-greylist.service
ubuntu,mimedefang,usr/lib/systemd/system/mimedefang-multiplexor.service
ubuntu,mimedefang,usr/lib/systemd/system/mimedefang.service
ubuntu,mini-buildd,usr/lib/systemd/system/mini-buildd.service
ubuntu,mini-httpd,usr/lib/systemd/system/mini-httpd.service
ubuntu,minicoredumper,usr/lib/systemd/system/minicoredumper.service
ubuntu,minicoredumper,usr/lib/systemd/system/minicoredumper_regd.service
ubuntu,minidlna,usr/lib/systemd/system/minidlna.service
ubuntu,miniflux,usr/lib/systemd/system/miniflux.service
ubuntu,minissdpd,usr/lib/systemd/system/minissdpd.service
ubuntu,miniupnpd,usr/lib/systemd/system/miniupnpd.service
ubuntu,miredo,usr/lib/systemd/system/miredo.service
ubuntu,mirrorbits,usr/lib/systemd/system/mirrorbits.service
ubuntu,mirrorbits,usr/lib/systemd/system/mirrorbits@.service
ubuntu,mistral-api,usr/lib/systemd/system/mistral-api.service
ubuntu,mistral-engine,usr/lib/systemd/system/mistral-engine.service
ubuntu,mistral-event-engine,usr/lib/systemd/system/mistral-event-engine.service
ubuntu,mistral-executor,usr/lib/systemd/system/mistral-executor.service
ubuntu,mobile-tweaks-common,usr/lib/systemd/system/ModemManager.service.d/mobile-tweaks.conf
ubuntu,modemmanager,usr/lib/systemd/system/ModemManager.service
ubuntu,molly-brown,usr/lib/systemd/system/molly-brown@.service
ubuntu,mom,usr/lib/systemd/system/mom.service
ubuntu,mon,usr/lib/systemd/system/mon.service
ubuntu,monit,usr/lib/systemd/system/monit.service
ubuntu,monitorix,usr/lib/systemd/system/monitorix.service
ubuntu,monopd,usr/lib/systemd/system/monopd.service
ubuntu,moosefs-chunkserver,usr/lib/systemd/system/moosefs-chunkserver.service
ubuntu,moosefs-chunkserver,usr/lib/systemd/system/moosefs-chunkserver@.service
ubuntu,moosefs-gui,usr/lib/systemd/system/moosefs-gui.service
ubuntu,moosefs-master,usr/lib/systemd/system/moosefs-master.service
ubuntu,moosefs-metalogger,usr/lib/systemd/system/moosefs-metalogger.service
ubuntu,moosefs-metalogger,usr/lib/systemd/system/moosefs-metalogger@.service
ubuntu,mopidy,usr/lib/systemd/system/mopidy.service
ubuntu,mosquitto,usr/lib/systemd/system/mosquitto.service
ubuntu,motion,usr/lib/systemd/system/motion.service
ubuntu,mpd,usr/lib/systemd/system/mpd.service
ubuntu,mpd-sima,usr/lib/systemd/system/mpd-sima.service
ubuntu,mpdscribble,usr/lib/systemd/system/mpdscribble.service
ubuntu,mptcpd,usr/lib/systemd/system/mptcp.service
ubuntu,mrtg,usr/lib/systemd/system/mrtg.service
ubuntu,msktutil,usr/lib/systemd/system/msktutil-auto-update.service
ubuntu,msmtp-mta,usr/lib/systemd/system/msmtpd.service
ubuntu,mtail,usr/lib/systemd/system/mtail.service
ubuntu,mtpolicyd,usr/lib/systemd/system/mtpolicyd.service
ubuntu,multipath-tools,usr/lib/systemd/system/multipathd-queueing.service
ubuntu,multipath-tools,usr/lib/systemd/system/multipathd.service
ubuntu,mumble-server,usr/lib/systemd/system/mumble-server.service
ubuntu,mumudvb,usr/lib/systemd/system/mumudvb.service
ubuntu,munge,usr/lib/systemd/system/munge.service
ubuntu,munin-async,usr/lib/systemd/system/munin-async.service
ubuntu,munin-node,usr/lib/systemd/system/munin-node.service
ubuntu,munin-node-c,usr/lib/systemd/system/munin-node-c@.service
ubuntu,myproxy-server,usr/lib/systemd/system/myproxy-server.service
ubuntu,mysecureshell,usr/lib/systemd/system/mysecureshell.service
ubuntu,mysql-server,usr/lib/systemd/system/mysql.service
ubuntu,mythtv-backend,usr/lib/systemd/system/mythtv-backend.service
ubuntu,mythtv-status,usr/lib/systemd/system/mythtv-status.service
ubuntu,mythtv-status,usr/lib/systemd/system/mythtv-status_health-check.service
ubuntu,mythtv-status,usr/lib/systemd/system/mythtv-status_update-motd.service
ubuntu,nagios-nrpe-server,usr/lib/systemd/system/nagios-nrpe-server.service
ubuntu,nagios4-common,usr/lib/systemd/system/nagios4.service
ubuntu,nagzilla,usr/lib/systemd/system/nagzillac.service
ubuntu,nagzilla,usr/lib/systemd/system/nagzillad.service
ubuntu,nas,usr/lib/systemd/system/nas.service
ubuntu,natlog,usr/lib/systemd/system/natlog.service
ubuntu,nats-server,usr/lib/systemd/system/nats-server.service
ubuntu,nbd-client,usr/lib/systemd/system/nbd-client.service
ubuntu,nbd-client,usr/lib/systemd/system/nbd@.service
ubuntu,nbd-server,usr/lib/systemd/system/nbd-server.service
ubuntu,ndctl,usr/lib/systemd/system/ndctl-monitor.service
ubuntu,nebula,usr/lib/systemd/system/nebula@.service
ubuntu,netatalk,usr/lib/systemd/system/netatalk.service
ubuntu,netavark,usr/lib/systemd/system/netavark-dhcp-proxy.service
ubuntu,netavark,usr/lib/systemd/system/netavark-firewalld-reload.service
ubuntu,netconsole,usr/lib/systemd/system/netconsole.service
ubuntu,netctl,usr/lib/systemd/system/netctl-auto@.service
ubuntu,netctl,usr/lib/systemd/system/netctl-ifplugd@.service
ubuntu,netctl,usr/lib/systemd/system/netctl-sleep.service
ubuntu,netctl,usr/lib/systemd/system/netctl-wait-online.service
ubuntu,netctl,usr/lib/systemd/system/netctl.service
ubuntu,netctl,usr/lib/systemd/system/netctl@.service
ubuntu,netdiag,usr/lib/systemd/system/netdiag.service
ubuntu,netfilter-persistent,usr/lib/systemd/system/netfilter-persistent.service
ubuntu,nethack-common,usr/lib/systemd/system/nethack-common.service
ubuntu,netperf,usr/lib/systemd/system/netperf.service
ubuntu,netplan-generator,usr/lib/systemd/system/netplan-configure.service
ubuntu,netscript-2.4,usr/lib/systemd/system/netscript.service
ubuntu,netscript-2.4,usr/lib/systemd/system/netscript@.service
ubuntu,netscript-ipfilter,usr/lib/systemd/system/netscript.service
ubuntu,network-manager,usr/lib/systemd/system/NetworkManager-dispatcher.service
ubuntu,network-manager,usr/lib/systemd/system/NetworkManager-wait-online.service
ubuntu,network-manager,usr/lib/systemd/system/NetworkManager.service
ubuntu,network-manager,usr/lib/systemd/system/nm-priv-helper.service
ubuntu,networkd-dispatcher,usr/lib/systemd/system/networkd-dispatcher.service
ubuntu,networking-mlnx-eswitchd,usr/lib/systemd/system/networking-mlnx-eswitchd.service
ubuntu,neutron-bgp-dragent,usr/lib/systemd/system/neutron-bgp-dragent.service
ubuntu,neutron-dhcp-agent,usr/lib/systemd/system/neutron-dhcp-agent.service
ubuntu,neutron-ipv6-bgp-injector,usr/lib/systemd/system/neutron-ipv6-bgp-injector.service
ubuntu,neutron-l2gateway-agent,usr/lib/systemd/system/neutron-l2gateway-agent.service
ubuntu,neutron-l3-agent,usr/lib/systemd/system/neutron-l3-agent.service
ubuntu,neutron-macvtap-agent,usr/lib/systemd/system/neutron-macvtap-agent.service
ubuntu,neutron-metadata-agent,usr/lib/systemd/system/neutron-metadata-agent.service
ubuntu,neutron-metering-agent,usr/lib/systemd/system/neutron-metering-agent.service
ubuntu,neutron-mlnx-agent,usr/lib/systemd/system/neutron-mlnx-agent.service
ubuntu,neutron-openvswitch-agent,usr/lib/systemd/system/neutron-openvswitch-agent.service
ubuntu,neutron-openvswitch-agent,usr/lib/systemd/system/neutron-ovs-cleanup.service
ubuntu,neutron-ovn-agent,usr/lib/systemd/system/neutron-ovn-agent.service
ubuntu,neutron-ovn-maintenance-worker,usr/lib/systemd/system/neutron-ovn-maintenance-worker.service
ubuntu,neutron-ovn-metadata-agent,usr/lib/systemd/system/neutron-ovn-metadata-agent.service
ubuntu,neutron-periodic-workers,usr/lib/systemd/system/neutron-periodic-workers.service
ubuntu,neutron-rpc-server,usr/lib/systemd/system/neutron-rpc-server.service
ubuntu,neutron-sriov-agent,usr/lib/systemd/system/neutron-sriov-agent.service
ubuntu,nextcloud-spreed-signaling,usr/lib/systemd/system/nextcloud-spreed-signaling.service
ubuntu,nextcloud-spreed-signaling-proxy,usr/lib/systemd/system/nextcloud-spreed-signaling-proxy.service
ubuntu,nextepc-hss,usr/lib/systemd/system/nextepc-hss.service
ubuntu,nextepc-mme,usr/lib/systemd/system/nextepc-mme.service
ubuntu,nextepc-pcrf,usr/lib/systemd/system/nextepc-pcrf.service
ubuntu,nextepc-pgw,usr/lib/systemd/system/nextepc-pgw.service
ubuntu,nextepc-sgw,usr/lib/systemd/system/nextepc-sgw.service
ubuntu,nfdump,usr/lib/systemd/system/nfdump.service
ubuntu,nfdump,usr/lib/systemd/system/nfdump@.service
ubuntu,nfs-common,usr/lib/systemd/system/auth-rpcgss-module.service
ubuntu,nfs-common,usr/lib/systemd/system/nfs-common.service
ubuntu,nfs-common,usr/lib/systemd/system/nfs-idmapd.service
ubuntu,nfs-common,usr/lib/systemd/system/nfs-utils.service
ubuntu,nfs-common,usr/lib/systemd/system/rpc-gssd.service
ubuntu,nfs-common,usr/lib/systemd/system/rpc-statd-notify.service
ubuntu,nfs-common,usr/lib/systemd/system/rpc-statd.service
ubuntu,nfs-common,usr/lib/systemd/system/rpc-svcgssd.service
ubuntu,nfs-ganesha,usr/lib/systemd/system/nfs-ganesha-config.service
ubuntu,nfs-ganesha,usr/lib/systemd/system/nfs-ganesha-lock.service
ubuntu,nfs-ganesha,usr/lib/systemd/system/nfs-ganesha-lock.service.d/rpc-statd.conf
ubuntu,nfs-ganesha,usr/lib/systemd/system/nfs-ganesha.service
ubuntu,nfs-kernel-server,usr/lib/systemd/system/fsidd.service
ubuntu,nfs-kernel-server,usr/lib/systemd/system/nfs-kernel-server.service
ubuntu,nfs-kernel-server,usr/lib/systemd/system/nfs-mountd.service
ubuntu,nfs-kernel-server,usr/lib/systemd/system/nfs-server.service
ubuntu,nfs-kernel-server,usr/lib/systemd/system/nfsdcld.service
ubuntu,nftables,usr/lib/systemd/system/nftables.service
ubuntu,nftlb,usr/lib/systemd/system/nftlb.service
ubuntu,nghttp2-proxy,usr/lib/systemd/system/nghttpx.service
ubuntu,nginx-common,usr/lib/systemd/system/nginx.service
ubuntu,ngircd,usr/lib/systemd/system/ngircd.service
ubuntu,nield,usr/lib/systemd/system/nield.service
ubuntu,nix-setup-systemd,usr/lib/systemd/system/nix-daemon.service
ubuntu,nobodd-tftpd,usr/lib/systemd/system/nobodd-tftpd.service
ubuntu,nodm,usr/lib/systemd/system/nodm.service
ubuntu,nohang,usr/lib/systemd/system/nohang.service
ubuntu,nordugrid-arc-arex,usr/lib/systemd/system/arc-arex-ws.service
ubuntu,nordugrid-arc-arex,usr/lib/systemd/system/arc-arex.service
ubuntu,nordugrid-arc-datadelivery-service,usr/lib/systemd/system/arc-datadelivery-service.service
ubuntu,nordugrid-arc-hed,usr/lib/systemd/system/arched.service
ubuntu,nordugrid-arc-infosys-ldap,usr/lib/systemd/system/arc-infosys-ldap-slapd.service
ubuntu,nordugrid-arc-infosys-ldap,usr/lib/systemd/system/arc-infosys-ldap.service
ubuntu,notus-scanner,usr/lib/systemd/system/notus-scanner.service
ubuntu,nova-cells,usr/lib/systemd/system/nova-cells.service
ubuntu,nova-compute,usr/lib/systemd/system/nova-compute.service
ubuntu,nova-conductor,usr/lib/systemd/system/nova-conductor.service
ubuntu,nova-novncproxy,usr/lib/systemd/system/nova-novncproxy.service
ubuntu,nova-scheduler,usr/lib/systemd/system/nova-scheduler.service
ubuntu,nova-serialproxy,usr/lib/systemd/system/nova-serialproxy.service
ubuntu,nova-spiceproxy,usr/lib/systemd/system/nova-spiceproxy.service
ubuntu,npd6,usr/lib/systemd/system/npd6.service
ubuntu,nsca,usr/lib/systemd/system/nsca.service
ubuntu,nsca-ng-server,usr/lib/systemd/system/nsca-ng-server.service
ubuntu,nscd,usr/lib/systemd/system/nscd.service
ubuntu,nsd,usr/lib/systemd/system/nsd.service
ubuntu,nslcd,usr/lib/systemd/system/nslcd.service
ubuntu,nsncd,usr/lib/systemd/system/nsncd.service
ubuntu,nss-tlsd,usr/lib/systemd/system/nss-tlsd.service
ubuntu,ntfy,usr/lib/systemd/system/ntfy-client.service
ubuntu,ntfy,usr/lib/systemd/system/ntfy.service
ubuntu,ntpd-rs,usr/lib/systemd/system/ntpd-rs.service
ubuntu,ntpd-rs-metrics,usr/lib/systemd/system/ntpd-rs-metrics.service
ubuntu,ntpsec,usr/lib/systemd/system/ntpsec-rotate-stats.service
ubuntu,ntpsec,usr/lib/systemd/system/ntpsec-systemd-netif.service
ubuntu,ntpsec,usr/lib/systemd/system/ntpsec-wait.service
ubuntu,ntpsec,usr/lib/systemd/system/ntpsec.service
ubuntu,ntpsec-ntpviz,usr/lib/systemd/system/ntploggps.service
ubuntu,ntpsec-ntpviz,usr/lib/systemd/system/ntplogtemp.service
ubuntu,ntpsec-ntpviz,usr/lib/systemd/system/ntpviz-daily.service
ubuntu,ntpsec-ntpviz,usr/lib/systemd/system/ntpviz-weekly.service
ubuntu,nullmailer,usr/lib/systemd/system/nullmailer.service
ubuntu,numad,usr/lib/systemd/system/numad.service
ubuntu,nut-client,usr/lib/systemd/system/nut-client.service
ubuntu,nut-client,usr/lib/systemd/system/nut-logger.service
ubuntu,nut-client,usr/lib/systemd/system/nut-monitor.service
ubuntu,nut-client,usr/lib/systemd/system/ups-monitor.service
ubuntu,nut-server,usr/lib/systemd/system/nut-driver-enumerator-daemon-activator.service
ubuntu,nut-server,usr/lib/systemd/system/nut-driver-enumerator-daemon.service
ubuntu,nut-server,usr/lib/systemd/system/nut-driver-enumerator.service
ubuntu,nut-server,usr/lib/systemd/system/nut-driver@.service
ubuntu,nut-server,usr/lib/systemd/system/nut-server.service
ubuntu,nut-server,usr/lib/systemd/system/nut-udev-settle.service
ubuntu,nutcracker,usr/lib/systemd/system/nutcracker.service
ubuntu,nuttcp,usr/lib/systemd/system/nuttcp@.service
ubuntu,nvi,usr/lib/systemd/system/nvi.service
ubuntu,nvidia-compute-utils-580,usr/lib/systemd/system/nvidia-persistenced.service
ubuntu,nvidia-compute-utils-580-server,usr/lib/systemd/system/nvidia-persistenced.service
ubuntu,nvidia-compute-utils-595,usr/lib/systemd/system/nvidia-persistenced.service
ubuntu,nvidia-compute-utils-595-server,usr/lib/systemd/system/nvidia-persistenced.service
ubuntu,nvidia-fabricmanager-580,lib/systemd/system/nvidia-fabricmanager.service
ubuntu,nvidia-fabricmanager-595,lib/systemd/system/nvidia-fabricmanager.service
ubuntu,nvidia-imex-580,lib/systemd/system/nvidia-imex.service
ubuntu,nvidia-imex-595,usr/lib/systemd/system/nvidia-imex.service
ubuntu,nvidia-kernel-common-580,lib/systemd/system/nvidia-hibernate.service
ubuntu,nvidia-kernel-common-580,lib/systemd/system/nvidia-powerd.service
ubuntu,nvidia-kernel-common-580,lib/systemd/system/nvidia-resume.service
ubuntu,nvidia-kernel-common-580,lib/systemd/system/nvidia-suspend-then-hibernate.service
ubuntu,nvidia-kernel-common-580,lib/systemd/system/nvidia-suspend.service
ubuntu,nvidia-kernel-common-580-server,lib/systemd/system/nvidia-hibernate.service
ubuntu,nvidia-kernel-common-580-server,lib/systemd/system/nvidia-resume.service
ubuntu,nvidia-kernel-common-580-server,lib/systemd/system/nvidia-suspend-then-hibernate.service
ubuntu,nvidia-kernel-common-580-server,lib/systemd/system/nvidia-suspend.service
ubuntu,nvidia-kernel-common-595,lib/systemd/system/nvidia-hibernate.service
ubuntu,nvidia-kernel-common-595,lib/systemd/system/nvidia-powerd.service
ubuntu,nvidia-kernel-common-595,lib/systemd/system/nvidia-resume.service
ubuntu,nvidia-kernel-common-595,lib/systemd/system/nvidia-suspend-then-hibernate.service
ubuntu,nvidia-kernel-common-595,lib/systemd/system/nvidia-suspend.service
ubuntu,nvidia-kernel-common-595,lib/systemd/system/systemd-hibernate.service.d/nvidia-suspend-nofreeze.conf
ubuntu,nvidia-kernel-common-595,lib/systemd/system/systemd-hybrid-sleep.service.d/nvidia-suspend-nofreeze.conf
ubuntu,nvidia-kernel-common-595,lib/systemd/system/systemd-suspend-then-hibernate.service.d/nvidia-suspend-nofreeze.conf
ubuntu,nvidia-kernel-common-595,lib/systemd/system/systemd-suspend.service.d/nvidia-suspend-nofreeze.conf
ubuntu,nvidia-kernel-common-595-server,lib/systemd/system/nvidia-hibernate.service
ubuntu,nvidia-kernel-common-595-server,lib/systemd/system/nvidia-resume.service
ubuntu,nvidia-kernel-common-595-server,lib/systemd/system/nvidia-suspend-then-hibernate.service
ubuntu,nvidia-kernel-common-595-server,lib/systemd/system/nvidia-suspend.service
ubuntu,nvidia-kernel-common-595-server,lib/systemd/system/systemd-hibernate.service.d/nvidia-suspend-nofreeze.conf
ubuntu,nvidia-kernel-common-595-server,lib/systemd/system/systemd-hybrid-sleep.service.d/nvidia-suspend-nofreeze.conf
ubuntu,nvidia-kernel-common-595-server,lib/systemd/system/systemd-suspend-then-hibernate.service.d/nvidia-suspend-nofreeze.conf
ubuntu,nvidia-kernel-common-595-server,lib/systemd/system/systemd-suspend.service.d/nvidia-suspend-nofreeze.conf
ubuntu,nvme-cli,usr/lib/systemd/system/nvmefc-boot-connections.service
ubuntu,nvme-cli,usr/lib/systemd/system/nvmf-autoconnect.service
ubuntu,nvme-cli,usr/lib/systemd/system/nvmf-connect-nbft.service
ubuntu,nvme-cli,usr/lib/systemd/system/nvmf-connect@.service
ubuntu,nvme-stas,usr/lib/systemd/system/stacd.service
ubuntu,nvme-stas,usr/lib/systemd/system/stafd.service
ubuntu,nvme-stas,usr/lib/systemd/system/stas-config@.service
ubuntu,nyancat-server,usr/lib/systemd/system/nyancat-server@.service
ubuntu,oar-node,usr/lib/systemd/system/oar-node-script.service
ubuntu,oar-node,usr/lib/systemd/system/oar-node.service
ubuntu,oar-node,usr/lib/systemd/system/oar-nodecheck.service
ubuntu,oar-server,usr/lib/systemd/system/oar-accounting.service
ubuntu,oar-server,usr/lib/systemd/system/oar-server.service
ubuntu,obs-server,usr/lib/systemd/system/obsdeltastore.service
ubuntu,obs-server,usr/lib/systemd/system/obsdispatcher.service
ubuntu,obs-server,usr/lib/systemd/system/obsdodup.service
ubuntu,obs-server,usr/lib/systemd/system/obspublisher.service
ubuntu,obs-server,usr/lib/systemd/system/obsrepserver.service
ubuntu,obs-server,usr/lib/systemd/system/obsscheduler@.service
ubuntu,obs-server,usr/lib/systemd/system/obsservice.service
ubuntu,obs-server,usr/lib/systemd/system/obssigner.service
ubuntu,obs-server,usr/lib/systemd/system/obssrcserver.service
ubuntu,obs-server,usr/lib/systemd/system/obswarden.service
ubuntu,obs-worker,usr/lib/systemd/system/obsworker@.service
ubuntu,ocfs2-tools,usr/lib/systemd/system/o2cb.service
ubuntu,ocfs2-tools,usr/lib/systemd/system/ocfs2.service
ubuntu,ocserv,usr/lib/systemd/system/ocserv.service
ubuntu,ocsinventory-agent,usr/lib/systemd/system/ocsinventory-agent.service
ubuntu,octavia-api,usr/lib/systemd/system/octavia-api.service
ubuntu,octavia-driver-agent,usr/lib/systemd/system/octavia-driver-agent.service
ubuntu,octavia-health-manager,usr/lib/systemd/system/octavia-health-manager.service
ubuntu,octavia-housekeeping,usr/lib/systemd/system/octavia-housekeeping.service
ubuntu,octavia-worker,usr/lib/systemd/system/octavia-worker.service
ubuntu,oddjob,usr/lib/systemd/system/oddjobd.service
ubuntu,odoo-18,usr/lib/systemd/system/odoo.service
ubuntu,ofono,usr/lib/systemd/system/dundee.service
ubuntu,ofono,usr/lib/systemd/system/ofono-fcc-unlock.service
ubuntu,ofono,usr/lib/systemd/system/ofono.service
ubuntu,oidentd,usr/lib/systemd/system/oidentd.service
ubuntu,oidentd,usr/lib/systemd/system/oidentd@.service
ubuntu,omniorb-nameserver,usr/lib/systemd/system/omniorb-nameserver.service
ubuntu,onak,usr/lib/systemd/system/onak.service
ubuntu,onedrive,usr/lib/systemd/system/onedrive@.service
ubuntu,onionbalance,usr/lib/systemd/system/onionbalance.service
ubuntu,onionprobe,usr/lib/systemd/system/onionprobe.service
ubuntu,oomd,usr/lib/systemd/system/oomd.service
ubuntu,opa-fm,usr/lib/systemd/system/opa-fm.service
ubuntu,open-infrastructure-compute-tools,usr/lib/systemd/system/container-auto.service
ubuntu,open-infrastructure-compute-tools,usr/lib/systemd/system/container@.service
ubuntu,open-infrastructure-storage-tools,usr/lib/systemd/system/ceph-log.service
ubuntu,open-infrastructure-system-config,usr/lib/systemd/system/basic.target.wants/live-config.service
ubuntu,open-infrastructure-system-config,usr/lib/systemd/system/live-config.service
ubuntu,open-iscsi,usr/lib/systemd/system/iscsid.service
ubuntu,open-iscsi,usr/lib/systemd/system/open-iscsi.service
ubuntu,open-isns-discoveryd,usr/lib/systemd/system/isnsdd.service
ubuntu,open-isns-server,usr/lib/systemd/system/isnsd.service
ubuntu,open-vm-tools,usr/lib/systemd/system/open-vm-tools.service
ubuntu,open-vm-tools,usr/lib/systemd/system/vgauth.service
ubuntu,open-vm-tools-desktop,usr/lib/systemd/system/open-vm-tools.service.d/desktop.conf
ubuntu,openafs-client,usr/lib/systemd/system/openafs-client.service
ubuntu,openafs-fileserver,usr/lib/systemd/system/openafs-fileserver.service
ubuntu,openarena-server,usr/lib/systemd/system/openarena-server.service
ubuntu,openarena-server,usr/lib/systemd/system/openarena-server@.service
ubuntu,openbgpd,usr/lib/systemd/system/bgplgd.service
ubuntu,openbgpd,usr/lib/systemd/system/openbgpd.service
ubuntu,openbsd-inetd,usr/lib/systemd/system/inetd.service
ubuntu,openbsd-inetd,usr/lib/systemd/system/openbsd-inetd.service
ubuntu,opencryptoki,usr/lib/systemd/system/pkcsslotd.service
ubuntu,opendkim,usr/lib/systemd/system/opendkim.service
ubuntu,opendmarc,usr/lib/systemd/system/opendmarc.service
ubuntu,opendnssec-enforcer,usr/lib/systemd/system/opendnssec-enforcer.service
ubuntu,opendnssec-signer,usr/lib/systemd/system/opendnssec-signer.service
ubuntu,opengcs,lib/systemd/system/opengcs.service
ubuntu,opengnb,usr/lib/systemd/system/opengnb.service
ubuntu,opengnb,usr/lib/systemd/system/opengnb@.service
ubuntu,openhpid,usr/lib/systemd/system/openhpid.service
ubuntu,openiked,usr/lib/systemd/system/openiked.service
ubuntu,openmohaa-server,usr/lib/systemd/system/openmohaa-server.service
ubuntu,openmohaa-server,usr/lib/systemd/system/openmohaa-server@.service
ubuntu,opennds-daemon,usr/lib/systemd/system/opennds.service
ubuntu,openntpd,usr/lib/systemd/system/openntpd.service
ubuntu,openqa,usr/lib/systemd/system/openqa-dump-db.service
ubuntu,openqa,usr/lib/systemd/system/openqa-enqueue-asset-cleanup.service
ubuntu,openqa,usr/lib/systemd/system/openqa-enqueue-audit-event-cleanup.service
ubuntu,openqa,usr/lib/systemd/system/openqa-enqueue-bug-cleanup.service
ubuntu,openqa,usr/lib/systemd/system/openqa-enqueue-git-auto-update.service
ubuntu,openqa,usr/lib/systemd/system/openqa-enqueue-needle-ref-cleanup.service
ubuntu,openqa,usr/lib/systemd/system/openqa-enqueue-result-cleanup.service
ubuntu,openqa,usr/lib/systemd/system/openqa-enqueue-scheduled-product-cleanup.service
ubuntu,openqa,usr/lib/systemd/system/openqa-gru.service
ubuntu,openqa,usr/lib/systemd/system/openqa-livehandler.service
ubuntu,openqa,usr/lib/systemd/system/openqa-minion-restart.service
ubuntu,openqa,usr/lib/systemd/system/openqa-reload-worker-auto-restart@.service
ubuntu,openqa,usr/lib/systemd/system/openqa-scheduler.service
ubuntu,openqa,usr/lib/systemd/system/openqa-setup-db.service
ubuntu,openqa,usr/lib/systemd/system/openqa-websockets.service
ubuntu,openqa,usr/lib/systemd/system/openqa-webui.service
ubuntu,openqa-worker,usr/lib/systemd/system/openqa-slirpvde.service
ubuntu,openqa-worker,usr/lib/systemd/system/openqa-vde_switch.service
ubuntu,openqa-worker,usr/lib/systemd/system/openqa-worker-auto-restart@.service
ubuntu,openqa-worker,usr/lib/systemd/system/openqa-worker-cacheservice-minion.service
ubuntu,openqa-worker,usr/lib/systemd/system/openqa-worker-cacheservice.service
ubuntu,openqa-worker,usr/lib/systemd/system/openqa-worker-no-cleanup@.service
ubuntu,openqa-worker,usr/lib/systemd/system/openqa-worker-plain@.service
ubuntu,openqa-worker,usr/lib/systemd/system/openqa-worker@.service
ubuntu,opensm,usr/lib/systemd/system/opensm.service
ubuntu,opensm,usr/lib/systemd/system/opensm@.service
ubuntu,opensmtpd,usr/lib/systemd/system/opensmtpd.service
ubuntu,opensnitch,usr/lib/systemd/system/opensnitch.service
ubuntu,openssh-server,usr/lib/systemd/system/ssh.service
ubuntu,openssh-server,usr/lib/systemd/system/sshd-keygen.service
ubuntu,openssh-server,usr/lib/systemd/system/sshd.service
ubuntu,openssh-server,usr/lib/systemd/system/sshd@.service
ubuntu,opentracker,usr/lib/systemd/system/opentracker.service
ubuntu,openvpn,usr/lib/systemd/system/openvpn-client@.service
ubuntu,openvpn,usr/lib/systemd/system/openvpn-server@.service
ubuntu,openvpn,usr/lib/systemd/system/openvpn.service
ubuntu,openvpn,usr/lib/systemd/system/openvpn@.service
ubuntu,openvpn-auth-oauth2,usr/lib/systemd/system/openvpn-auth-oauth2.service
ubuntu,openvpn-auth-oauth2,usr/lib/systemd/system/openvpn-auth-oauth2@.service
ubuntu,openvpn3-client,usr/lib/systemd/system/openvpn3-autoload.service
ubuntu,openvpn3-client,usr/lib/systemd/system/openvpn3-session@.service
ubuntu,openvswitch-ipsec,usr/lib/systemd/system/openvswitch-ipsec.service
ubuntu,openvswitch-switch,usr/lib/systemd/system/openvswitch-switch.service
ubuntu,openvswitch-switch,usr/lib/systemd/system/ovs-record-hostname.service
ubuntu,openvswitch-switch,usr/lib/systemd/system/ovs-vswitchd.service
ubuntu,openvswitch-switch,usr/lib/systemd/system/ovsdb-server.service
ubuntu,orthanc,usr/lib/systemd/system/orthanc.service
ubuntu,osmo-bsc,usr/lib/systemd/system/osmo-bsc.service
ubuntu,osmo-bts,usr/lib/systemd/system/osmo-bts.service
ubuntu,osmo-cbc,usr/lib/systemd/system/osmo-cbc.service
ubuntu,osmo-ggsn,usr/lib/systemd/system/osmo-ggsn.service
ubuntu,osmo-gtphub,usr/lib/systemd/system/osmo-gtphub.service
ubuntu,osmo-hlr,usr/lib/systemd/system/osmo-hlr.service
ubuntu,osmo-mgw,usr/lib/systemd/system/osmo-mgw.service
ubuntu,osmo-msc,usr/lib/systemd/system/osmo-msc.service
ubuntu,osmo-pcu,usr/lib/systemd/system/osmo-pcu.service
ubuntu,osmo-sgsn,usr/lib/systemd/system/osmo-sgsn.service
ubuntu,osmo-stp,usr/lib/systemd/system/osmo-stp.service
ubuntu,osmo-trx,usr/lib/systemd/system/osmo-trx.service
ubuntu,ospd-openvas,usr/lib/systemd/system/ospd-openvas.service
ubuntu,osspd,usr/lib/systemd/system/osspd.service
ubuntu,ostree-boot,usr/lib/systemd/system/ostree-boot-complete.service
ubuntu,ostree-boot,usr/lib/systemd/system/ostree-finalize-staged-hold.service
ubuntu,ostree-boot,usr/lib/systemd/system/ostree-finalize-staged.service
ubuntu,ostree-boot,usr/lib/systemd/system/ostree-prepare-root.service
ubuntu,ostree-boot,usr/lib/systemd/system/ostree-remount.service
ubuntu,ostree-boot,usr/lib/systemd/system/ostree-state-overlay@.service
ubuntu,overlay-boot,usr/lib/systemd/system/overlay-boot@.service
ubuntu,ovn-bgp-agent,usr/lib/systemd/system/ovn-bgp-agent.service
ubuntu,ovn-central,usr/lib/systemd/system/ovn-central.service
ubuntu,ovn-central,usr/lib/systemd/system/ovn-northd.service
ubuntu,ovn-central,usr/lib/systemd/system/ovn-ovsdb-server-nb.service
ubuntu,ovn-central,usr/lib/systemd/system/ovn-ovsdb-server-sb.service
ubuntu,ovn-controller-vtep,usr/lib/systemd/system/ovn-controller-vtep.service
ubuntu,ovn-host,usr/lib/systemd/system/ovn-br-controller.service
ubuntu,ovn-host,usr/lib/systemd/system/ovn-controller.service
ubuntu,ovn-host,usr/lib/systemd/system/ovn-host.service
ubuntu,ovn-host,usr/lib/systemd/system/ovn-ovsdb-server-br.service
ubuntu,ovn-ic,usr/lib/systemd/system/ovn-ic.service
ubuntu,ovn-ic-db,usr/lib/systemd/system/ovn-ic-db.service
ubuntu,ovn-ic-db,usr/lib/systemd/system/ovn-ovsdb-server-ic-nb.service
ubuntu,ovn-ic-db,usr/lib/systemd/system/ovn-ovsdb-server-ic-sb.service
ubuntu,owftpd,usr/lib/systemd/system/owftpd.service
ubuntu,owhttpd,usr/lib/systemd/system/owhttpd.service
ubuntu,owserver,usr/lib/systemd/system/owserver.service
ubuntu,p910nd,usr/lib/systemd/system/p910nd.service
ubuntu,p910nd,usr/lib/systemd/system/p910nd@.service
ubuntu,pacemaker,usr/lib/systemd/system/pacemaker.service
ubuntu,pacemaker-remote,usr/lib/systemd/system/pacemaker_remote.service
ubuntu,packagekit,usr/lib/systemd/system/packagekit-offline-update.service
ubuntu,packagekit,usr/lib/systemd/system/packagekit.service
ubuntu,packagekit,usr/lib/systemd/system/system-update.target.wants/packagekit-offline-update.service
ubuntu,pagekite,usr/lib/systemd/system/pagekite.service
ubuntu,pagure,usr/lib/systemd/system/pagure-api-key-expire-mail.service
ubuntu,pagure,usr/lib/systemd/system/pagure-authorized-keys-worker.service
ubuntu,pagure,usr/lib/systemd/system/pagure-gitolite-worker.service
ubuntu,pagure,usr/lib/systemd/system/pagure-mirror-project-in.service
ubuntu,pagure,usr/lib/systemd/system/pagure-worker.service
ubuntu,pagure-ci,usr/lib/systemd/system/pagure-ci.service
ubuntu,pagure-ev-server,usr/lib/systemd/system/pagure-ev-server.service
ubuntu,pagure-loadjson,usr/lib/systemd/system/pagure-loadjson.service
ubuntu,pagure-logcom,usr/lib/systemd/system/pagure-logcom.service
ubuntu,pagure-milters,usr/lib/systemd/system/pagure-milters.service
ubuntu,pagure-mirror,usr/lib/systemd/system/pagure-mirror.service
ubuntu,pagure-webhook,usr/lib/systemd/system/pagure-webhook.service
ubuntu,painintheapt,usr/lib/systemd/system/painintheapt-daily.service
ubuntu,painintheapt,usr/lib/systemd/system/painintheapt-weekly.service
ubuntu,pandorafms-agent,usr/lib/systemd/system/pandorafms-agent.service
ubuntu,papd,usr/lib/systemd/system/papd.service
ubuntu,parsec-service,usr/lib/systemd/system/parsec.service
ubuntu,partimage-server,usr/lib/systemd/system/partimaged.service
ubuntu,pass-extension-tomb,usr/lib/systemd/system/pass-close@.service
ubuntu,passim,usr/lib/systemd/system/passim.service
ubuntu,patroni,usr/lib/systemd/system/patroni.service
ubuntu,patroni,usr/lib/systemd/system/patroni@.service
ubuntu,pcaputils,usr/lib/systemd/system/pcapdump.service
ubuntu,pcaputils,usr/lib/systemd/system/pcapdump@.service
ubuntu,pcp,usr/lib/systemd/system/pcp-geolocate.service
ubuntu,pcp,usr/lib/systemd/system/pcp-reboot-init.service
ubuntu,pcp,usr/lib/systemd/system/pmcd.service
ubuntu,pcp,usr/lib/systemd/system/pmfind.service
ubuntu,pcp,usr/lib/systemd/system/pmie.service
ubuntu,pcp,usr/lib/systemd/system/pmie_check.service
ubuntu,pcp,usr/lib/systemd/system/pmie_daily.service
ubuntu,pcp,usr/lib/systemd/system/pmie_farm.service
ubuntu,pcp,usr/lib/systemd/system/pmie_farm_check.service
ubuntu,pcp,usr/lib/systemd/system/pmlogger.service
ubuntu,pcp,usr/lib/systemd/system/pmlogger_check.service
ubuntu,pcp,usr/lib/systemd/system/pmlogger_daily.service
ubuntu,pcp,usr/lib/systemd/system/pmlogger_farm.service
ubuntu,pcp,usr/lib/systemd/system/pmlogger_farm_check.service
ubuntu,pcp,usr/lib/systemd/system/pmproxy.service
ubuntu,pcp,usr/lib/systemd/system/pmproxy_check.service
ubuntu,pcp,usr/lib/systemd/system/pmproxy_daily.service
ubuntu,pcp,usr/lib/systemd/system/pmseries_import.service
ubuntu,pcs,usr/lib/systemd/system/pcsd-ruby.service
ubuntu,pcs,usr/lib/systemd/system/pcsd.service
ubuntu,pcs-snmp,usr/lib/systemd/system/pcs_snmp_agent.service
ubuntu,pcscd,usr/lib/systemd/system/pcscd.service
ubuntu,pdns-ixfrdist,usr/lib/systemd/system/ixfrdist.service
ubuntu,pdns-ixfrdist,usr/lib/systemd/system/ixfrdist@.service
ubuntu,pdns-recursor,usr/lib/systemd/system/pdns-recursor.service
ubuntu,pdns-recursor,usr/lib/systemd/system/pdns-recursor@.service
ubuntu,pdns-server,usr/lib/systemd/system/pdns.service
ubuntu,pdns-server,usr/lib/systemd/system/pdns@.service
ubuntu,pdudaemon,usr/lib/systemd/system/pdudaemon.service
ubuntu,perdition,usr/lib/systemd/system/perdition.service
ubuntu,perfetto,usr/lib/systemd/system/traced-probes.service
ubuntu,perfetto,usr/lib/systemd/system/traced.service
ubuntu,pesign,usr/lib/systemd/system/pesign.service
ubuntu,pgagroal,usr/lib/systemd/system/pgagroal.service
ubuntu,pgbackrest,usr/lib/systemd/system/pgbackrest.service
ubuntu,pgbouncer,usr/lib/systemd/system/pgbouncer.service
ubuntu,pgcluu,usr/lib/systemd/system/pgcluu.service
ubuntu,pgcluu,usr/lib/systemd/system/pgcluu_collectd.service
ubuntu,pglistener,usr/lib/systemd/system/pglistener.service
ubuntu,pgpool2,usr/lib/systemd/system/pgpool2.service
ubuntu,pgqd,usr/lib/systemd/system/pgqd.service
ubuntu,phosh,usr/lib/systemd/system/phosh.service
ubuntu,php-common,usr/lib/systemd/system/phpsessionclean.service
ubuntu,php8.5-fpm,usr/lib/systemd/system/php8.5-fpm.service
ubuntu,php8.5-litespeed,usr/lib/systemd/system/php8.5-litespeed.service
ubuntu,phrog,usr/lib/systemd/system/greetd.service.d/phrog.conf
ubuntu,pimd,usr/lib/systemd/system/pimd.service
ubuntu,pioneers-metaserver,usr/lib/systemd/system/pioneers-metaserver.service
ubuntu,pipewire-system-services,usr/lib/systemd/system/pipewire-pulse.service
ubuntu,pipewire-system-services,usr/lib/systemd/system/pipewire.service
ubuntu,pk4,usr/lib/systemd/system/pk4-generate-index.service
ubuntu,pkcs11-daemon,usr/lib/systemd/system/pkcs11-daemon.service
ubuntu,planetfilter,usr/lib/systemd/system/planetfilter.service
ubuntu,plasma-mobile,usr/lib/systemd/system/plasma-mobile.service
ubuntu,plocate,usr/lib/systemd/system/plocate-updatedb.service
ubuntu,plptools,usr/lib/systemd/system/plptools.service
ubuntu,plymouth,usr/lib/systemd/system/halt.target.wants/plymouth-halt.service
ubuntu,plymouth,usr/lib/systemd/system/halt.target.wants/plymouth-switch-root-initramfs.service
ubuntu,plymouth,usr/lib/systemd/system/initrd-switch-root.target.wants/plymouth-start.service
ubuntu,plymouth,usr/lib/systemd/system/initrd-switch-root.target.wants/plymouth-switch-root.service
ubuntu,plymouth,usr/lib/systemd/system/kexec.target.wants/plymouth-kexec.service
ubuntu,plymouth,usr/lib/systemd/system/kexec.target.wants/plymouth-switch-root-initramfs.service
ubuntu,plymouth,usr/lib/systemd/system/multi-user.target.wants/plymouth-quit-wait.service
ubuntu,plymouth,usr/lib/systemd/system/multi-user.target.wants/plymouth-quit.service
ubuntu,plymouth,usr/lib/systemd/system/plymouth-halt.service
ubuntu,plymouth,usr/lib/systemd/system/plymouth-kexec.service
ubuntu,plymouth,usr/lib/systemd/system/plymouth-log.service
ubuntu,plymouth,usr/lib/systemd/system/plymouth-poweroff.service
ubuntu,plymouth,usr/lib/systemd/system/plymouth-quit-wait.service
ubuntu,plymouth,usr/lib/systemd/system/plymouth-quit.service
ubuntu,plymouth,usr/lib/systemd/system/plymouth-read-write.service
ubuntu,plymouth,usr/lib/systemd/system/plymouth-reboot.service
ubuntu,plymouth,usr/lib/systemd/system/plymouth-start.service
ubuntu,plymouth,usr/lib/systemd/system/plymouth-switch-root-initramfs.service
ubuntu,plymouth,usr/lib/systemd/system/plymouth-switch-root.service
ubuntu,plymouth,usr/lib/systemd/system/plymouth.service
ubuntu,plymouth,usr/lib/systemd/system/poweroff.target.wants/plymouth-poweroff.service
ubuntu,plymouth,usr/lib/systemd/system/poweroff.target.wants/plymouth-switch-root-initramfs.service
ubuntu,plymouth,usr/lib/systemd/system/reboot.target.wants/plymouth-reboot.service
ubuntu,plymouth,usr/lib/systemd/system/reboot.target.wants/plymouth-switch-root-initramfs.service
ubuntu,plymouth,usr/lib/systemd/system/sysinit.target.wants/plymouth-read-write.service
ubuntu,plymouth,usr/lib/systemd/system/sysinit.target.wants/plymouth-start.service
ubuntu,plymouth,usr/lib/systemd/system/systemd-ask-password-plymouth.service
ubuntu,pmacct,usr/lib/systemd/system/nfacctd.service
ubuntu,pmacct,usr/lib/systemd/system/pmacctd.service
ubuntu,pmacct,usr/lib/systemd/system/sfacctd.service
ubuntu,pmacct,usr/lib/systemd/system/uacctd.service
ubuntu,pnopaste,usr/lib/systemd/system/pnopaste.service
ubuntu,podman,usr/lib/systemd/system/podman-auto-update.service
ubuntu,podman,usr/lib/systemd/system/podman-clean-transient.service
ubuntu,podman,usr/lib/systemd/system/podman-kube@.service
ubuntu,podman,usr/lib/systemd/system/podman-restart.service
ubuntu,podman,usr/lib/systemd/system/podman.service
ubuntu,pokerth-server,usr/lib/systemd/system/pokerth-server.service
ubuntu,policycoreutils,usr/lib/systemd/system/basic.target.wants/selinux-autorelabel-mark.service
ubuntu,policycoreutils,usr/lib/systemd/system/selinux-autorelabel-mark.service
ubuntu,policycoreutils,usr/lib/systemd/system/selinux-autorelabel.service
ubuntu,policyd-rate-limit,usr/lib/systemd/system/policyd-rate-limit.service
ubuntu,polkitd,usr/lib/systemd/system/polkit-agent-helper@.service
ubuntu,polkitd,usr/lib/systemd/system/polkit.service
ubuntu,pollen,usr/lib/systemd/system/pollen.service
ubuntu,pollinate,usr/lib/systemd/system/pollinate.service
ubuntu,pommed,usr/lib/systemd/system/pommed.service
ubuntu,poolcounter,usr/lib/systemd/system/poolcounter.service
ubuntu,popa3d,usr/lib/systemd/system/popa3d.service
ubuntu,popa3d,usr/lib/systemd/system/popa3d@.service
ubuntu,portsentry,usr/lib/systemd/system/portsentry.service
ubuntu,postfix,usr/lib/systemd/system/postfix-resolvconf.service
ubuntu,postfix,usr/lib/systemd/system/postfix.service
ubuntu,postfix,usr/lib/systemd/system/postfix@.service
ubuntu,postfix-gld,usr/lib/systemd/system/gld.service
ubuntu,postfix-mta-sts-resolver,usr/lib/systemd/system/postfix-mta-sts-resolver.service
ubuntu,postfwd,usr/lib/systemd/system/postfwd.service
ubuntu,postgresql-common,usr/lib/systemd/system/pg_basebackup@.service
ubuntu,postgresql-common,usr/lib/systemd/system/pg_compresswal@.service
ubuntu,postgresql-common,usr/lib/systemd/system/pg_dump@.service
ubuntu,postgresql-common,usr/lib/systemd/system/pg_receivewal@.service
ubuntu,postgresql-common,usr/lib/systemd/system/postgresql.service
ubuntu,postgresql-common,usr/lib/systemd/system/postgresql@.service
ubuntu,postgrey,usr/lib/systemd/system/postgrey.service
ubuntu,postsrsd,usr/lib/systemd/system/postsrsd.service
ubuntu,pound,usr/lib/systemd/system/pound.service
ubuntu,powa-collector,usr/lib/systemd/system/powa-collector.service
ubuntu,power-profiles-daemon,usr/lib/systemd/system/power-profiles-daemon.service
ubuntu,powerman,usr/lib/systemd/system/powerman.service
ubuntu,powertop,usr/lib/systemd/system/powertop.service
ubuntu,ppp,usr/lib/systemd/system/ppp@.service
ubuntu,pppconfig,usr/lib/systemd/system/dns-clean.service
ubuntu,pqconnect,usr/lib/systemd/system/pqconnect.service
ubuntu,pqconnect-server,usr/lib/systemd/system/pqconnect-server.service
ubuntu,privoxy,usr/lib/systemd/system/privoxy-cleanup.service
ubuntu,privoxy,usr/lib/systemd/system/privoxy.service
ubuntu,proftpd-core,usr/lib/systemd/system/proftpd.service
ubuntu,proftpd-core,usr/lib/systemd/system/proftpd@.service
ubuntu,prometheus,usr/lib/systemd/system/prometheus.service
ubuntu,prometheus-alertmanager,usr/lib/systemd/system/prometheus-alertmanager.service
ubuntu,prometheus-apache-exporter,usr/lib/systemd/system/prometheus-apache-exporter.service
ubuntu,prometheus-bind-exporter,usr/lib/systemd/system/prometheus-bind-exporter.service
ubuntu,prometheus-bird-exporter,usr/lib/systemd/system/prometheus-bird-exporter.service
ubuntu,prometheus-blackbox-exporter,usr/lib/systemd/system/prometheus-blackbox-exporter.service
ubuntu,prometheus-dnsmasq-exporter,usr/lib/systemd/system/prometheus-dnsmasq-exporter.service
ubuntu,prometheus-elasticsearch-exporter,usr/lib/systemd/system/prometheus-elasticsearch-exporter.service
ubuntu,prometheus-exporter-exporter,usr/lib/systemd/system/prometheus-exporter-exporter.service
ubuntu,prometheus-frr-exporter,usr/lib/systemd/system/prometheus-frr-exporter.service
ubuntu,prometheus-hacluster-exporter,usr/lib/systemd/system/ha_cluster_exporter.service
ubuntu,prometheus-haproxy-exporter,usr/lib/systemd/system/prometheus-haproxy-exporter.service
ubuntu,prometheus-homeplug-exporter,usr/lib/systemd/system/prometheus-homeplug-exporter.service
ubuntu,prometheus-ipmi-exporter,usr/lib/systemd/system/prometheus-ipmi-exporter.service
ubuntu,prometheus-libvirt-exporter,usr/lib/systemd/system/prometheus-libvirt-exporter.service
ubuntu,prometheus-mongodb-exporter,usr/lib/systemd/system/prometheus-mongodb-exporter.service
ubuntu,prometheus-mqtt-exporter,usr/lib/systemd/system/prometheus-mqtt-exporter.service
ubuntu,prometheus-mysqld-exporter,usr/lib/systemd/system/prometheus-mysqld-exporter.service
ubuntu,prometheus-mysqlrouter-exporter,usr/lib/systemd/system/prometheus-mysqlrouter-exporter.service
ubuntu,prometheus-nextcloud-exporter,usr/lib/systemd/system/prometheus-nextcloud-exporter.service
ubuntu,prometheus-nginx-exporter,usr/lib/systemd/system/prometheus-nginx-exporter.service
ubuntu,prometheus-node-exporter,usr/lib/systemd/system/prometheus-node-exporter.service
ubuntu,prometheus-node-exporter-collectors,usr/lib/systemd/system/prometheus-node-exporter-apt.service
ubuntu,prometheus-node-exporter-collectors,usr/lib/systemd/system/prometheus-node-exporter-ipmitool-sensor.service
ubuntu,prometheus-node-exporter-collectors,usr/lib/systemd/system/prometheus-node-exporter-mellanox-hca-temp.service
ubuntu,prometheus-node-exporter-collectors,usr/lib/systemd/system/prometheus-node-exporter-nvme.service
ubuntu,prometheus-node-exporter-collectors,usr/lib/systemd/system/prometheus-node-exporter-smartmon.service
ubuntu,prometheus-openstack-exporter,usr/lib/systemd/system/prometheus-openstack-exporter.service
ubuntu,prometheus-pgbackrest-exporter,usr/lib/systemd/system/prometheus-pgbackrest-exporter.service
ubuntu,prometheus-pgbouncer-exporter,usr/lib/systemd/system/prometheus-pgbouncer-exporter.service
ubuntu,prometheus-phpfpm-exporter,usr/lib/systemd/system/prometheus-phpfpm-exporter.service
ubuntu,prometheus-postfix-exporter,usr/lib/systemd/system/prometheus-postfix-exporter.service
ubuntu,prometheus-postgres-exporter,usr/lib/systemd/system/prometheus-postgres-exporter.service
ubuntu,prometheus-process-exporter,usr/lib/systemd/system/prometheus-process-exporter.service
ubuntu,prometheus-pushgateway,usr/lib/systemd/system/prometheus-pushgateway.service
ubuntu,prometheus-redis-exporter,usr/lib/systemd/system/prometheus-redis-exporter.service
ubuntu,prometheus-sensor-exporter,usr/lib/systemd/system/prometheus-sensor-exporter.service
ubuntu,prometheus-smartctl-exporter,usr/lib/systemd/system/smartctl_exporter.service
ubuntu,prometheus-smokeping-prober,usr/lib/systemd/system/prometheus-smokeping-prober.service
ubuntu,prometheus-snmp-exporter,usr/lib/systemd/system/prometheus-snmp-exporter.service
ubuntu,prometheus-sql-exporter,usr/lib/systemd/system/prometheus-sql-exporter.service
ubuntu,prometheus-squid-exporter,usr/lib/systemd/system/prometheus-squid-exporter.service
ubuntu,prometheus-tplink-plug-exporter,usr/lib/systemd/system/prometheus-tplink-plug-exporter.service
ubuntu,prometheus-varnish-exporter,usr/lib/systemd/system/prometheus-varnish-exporter.service
ubuntu,prometheus-xmpp-alerts,usr/lib/systemd/system/prometheus-xmpp-alerts.service
ubuntu,prosody,usr/lib/systemd/system/prosody.service
ubuntu,protection-domain-mapper,lib/systemd/system/pd-mapper.service
ubuntu,proxsmtp,usr/lib/systemd/system/proxsmtp.service
ubuntu,proxsmtp,usr/lib/systemd/system/proxsmtp@.service
ubuntu,ps-watcher,usr/lib/systemd/system/ps-watcher.service
ubuntu,psad,usr/lib/systemd/system/psad.service
ubuntu,ptpd,usr/lib/systemd/system/ptpd.service
ubuntu,ptunnel,usr/lib/systemd/system/ptunnel.service
ubuntu,pulseaudio,usr/lib/systemd/system/pulseaudio-enable-autospawn.service
ubuntu,puppet-agent,usr/lib/systemd/system/puppet.service
ubuntu,puppetdb,usr/lib/systemd/system/puppetdb.service
ubuntu,puppetserver,usr/lib/systemd/system/puppetserver.service
ubuntu,pushpin,usr/lib/systemd/system/pushpin.service
ubuntu,pvpgn,usr/lib/systemd/system/pvpgn.service
ubuntu,pygopherd,usr/lib/systemd/system/pygopherd.service
ubuntu,pynslcd,usr/lib/systemd/system/pynslcd.service
ubuntu,pyspf-milter,usr/lib/systemd/system/pyspf-milter.service
ubuntu,python3-pyro5,usr/lib/systemd/system/pyro5-ns.service
ubuntu,python3-rtslib-fb,lib/systemd/system/target.service
ubuntu,python3-rtslib-fb,usr/lib/systemd/system/rtslib-fb-targetctl.service
ubuntu,python3-slidge,usr/lib/systemd/system/slidge@.service
ubuntu,qatlib-service,usr/lib/systemd/system/qat.service
ubuntu,qbittorrent-nox,usr/lib/systemd/system/qbittorrent-nox@.service
ubuntu,qbootctl,usr/lib/systemd/system/qbootctl.service
ubuntu,qcom-phone-utils,usr/lib/systemd/system/bootmac-bluetooth.service
ubuntu,qcom-phone-utils,usr/lib/systemd/system/q6voiced.service
ubuntu,qcom-phone-utils,usr/lib/systemd/system/qcom-modem-setup.service
ubuntu,qemu-guest-agent,usr/lib/systemd/system/qemu-guest-agent.service
ubuntu,qemu-guest-agent-hwe,usr/lib/systemd/system/qemu-guest-agent.service
ubuntu,qemu-system-common,usr/lib/systemd/system/qemu-kvm.service
ubuntu,qemu-system-common,usr/lib/systemd/system/qemu-vmsr-helper.service
ubuntu,qemu-system-common-hwe,usr/lib/systemd/system/qemu-kvm.service
ubuntu,qemu-system-common-hwe,usr/lib/systemd/system/qemu-vmsr-helper.service
ubuntu,qrtr-tools,usr/lib/systemd/system/qrtr-ns.service
ubuntu,quake-server,usr/lib/systemd/system/quake-server.service
ubuntu,quake-server,usr/lib/systemd/system/quake-server@.service
ubuntu,quake2-server,usr/lib/systemd/system/quake2-server.service
ubuntu,quake2-server,usr/lib/systemd/system/quake2-server@.service
ubuntu,quake3-server,usr/lib/systemd/system/quake3-server.service
ubuntu,quake3-server,usr/lib/systemd/system/quake3-server@.service
ubuntu,quassel-core,usr/lib/systemd/system/quasselcore.service
ubuntu,quota,usr/lib/systemd/system/quota.service
ubuntu,quota,usr/lib/systemd/system/quotarpc.service
ubuntu,rabbitmq-server,usr/lib/systemd/system/rabbitmq-server.service
ubuntu,radicale,usr/lib/systemd/system/radicale.service
ubuntu,radioclk,usr/lib/systemd/system/radioclk.service
ubuntu,radosgw,lib/systemd/system/ceph-radosgw@.service
ubuntu,radsecproxy,usr/lib/systemd/system/radsecproxy.service
ubuntu,radvd,usr/lib/systemd/system/radvd.service
ubuntu,railcontrol,usr/lib/systemd/system/railcontrol.service
ubuntu,rancid,usr/lib/systemd/system/rancid-cleanup.service
ubuntu,rancid,usr/lib/systemd/system/rancid.service
ubuntu,rapiddisk,usr/lib/systemd/system/rapiddiskd.service
ubuntu,rarpd,usr/lib/systemd/system/rarpd.service
ubuntu,rasdaemon,usr/lib/systemd/system/ras-mc-ctl.service
ubuntu,rasdaemon,usr/lib/systemd/system/rasdaemon.service
ubuntu,ratbagd,usr/lib/systemd/system/ratbagd.service
ubuntu,rauc-service,usr/lib/systemd/system/rauc.service
ubuntu,rawdns,usr/lib/systemd/system/rawdns.service
ubuntu,razercfg,usr/lib/systemd/system/razerd.service
ubuntu,rbd-mirror,lib/systemd/system/ceph-rbd-mirror@.service
ubuntu,rbldns,usr/lib/systemd/system/rbldns.service
ubuntu,rbldnsd,usr/lib/systemd/system/rbldnsd.service
ubuntu,rbldnsd,usr/lib/systemd/system/rbldnsd@.service
ubuntu,rbootd,usr/lib/systemd/system/rbootd.service
ubuntu,rdma-core,usr/lib/systemd/system/iwpmd.service
ubuntu,rdma-core,usr/lib/systemd/system/rdma-load-modules@.service
ubuntu,rdma-core,usr/lib/systemd/system/rdma-ndd.service
ubuntu,rdnssd,usr/lib/systemd/system/rdnssd.service
ubuntu,readsb,usr/lib/systemd/system/readsb.service
ubuntu,realmd,usr/lib/systemd/system/realmd.service
ubuntu,rebuilderd-worker,usr/lib/systemd/system/rebuilderd-worker@.service
ubuntu,receptor,usr/lib/systemd/system/receptor.service
ubuntu,redict-sentinel,usr/lib/systemd/system/redict-sentinel.service
ubuntu,redict-sentinel,usr/lib/systemd/system/redict-sentinel@.service
ubuntu,redict-server,usr/lib/systemd/system/redict-server.service
ubuntu,redict-server,usr/lib/systemd/system/redict-server@.service
ubuntu,redis-sentinel,usr/lib/systemd/system/redis-sentinel.service
ubuntu,redis-sentinel,usr/lib/systemd/system/redis-sentinel@.service
ubuntu,redis-server,usr/lib/systemd/system/redis-server.service
ubuntu,redis-server,usr/lib/systemd/system/redis-server@.service
ubuntu,redsocks,usr/lib/systemd/system/redsocks.service
ubuntu,remotetrx,usr/lib/systemd/system/remotetrx.service
ubuntu,renderd,usr/lib/systemd/system/renderd.service
ubuntu,repowerd,usr/lib/systemd/system/repowerd.service
ubuntu,request-tracker4,usr/lib/systemd/system/request-tracker4.service
ubuntu,request-tracker5,usr/lib/systemd/system/request-tracker5.service
ubuntu,restic-rest-server,usr/lib/systemd/system/restic-rest-server.service
ubuntu,restorecond,usr/lib/systemd/system/restorecond.service
ubuntu,rgpiod,usr/lib/systemd/system/rgpiod.service
ubuntu,rinetd,usr/lib/systemd/system/rinetd.service
ubuntu,rmtfs,usr/lib/systemd/system/rmtfs-dir.service
ubuntu,rmtfs,usr/lib/systemd/system/rmtfs.service
ubuntu,rng-tools-debian,usr/lib/systemd/system/rng-tools-debian.service
ubuntu,rng-tools5,usr/lib/systemd/system/rngd.service
ubuntu,robustirc-bridge,usr/lib/systemd/system/robustirc-bridge.service
ubuntu,robustirc-bridge,usr/lib/systemd/system/robustirc-bridge@.service
ubuntu,rotter,usr/lib/systemd/system/rotter.service
ubuntu,roundcube-core,usr/lib/systemd/system/roundcube-cleandb.service
ubuntu,roundcube-core,usr/lib/systemd/system/roundcube-gc.service
ubuntu,rpcbind,usr/lib/systemd/system/portmap.service
ubuntu,rpcbind,usr/lib/systemd/system/rpcbind.service
ubuntu,rpki-client,usr/lib/systemd/system/rpki-client.service
ubuntu,rplay-server,usr/lib/systemd/system/rplay-server.service
ubuntu,rrdcached,usr/lib/systemd/system/rrdcached.service
ubuntu,rshim,usr/lib/systemd/system/rshim.service
ubuntu,rspamd,usr/lib/systemd/system/rspamd.service
ubuntu,rsplib-registrar,usr/lib/systemd/system/rspregistrar.service
ubuntu,rsync,usr/lib/systemd/system/rsync.service
ubuntu,rsyslog,usr/lib/systemd/system/dmesg.service
ubuntu,rsyslog,usr/lib/systemd/system/rsyslog.service
ubuntu,rt4-fcgi,usr/lib/systemd/system/rt4-fcgi.service
ubuntu,rt5-fcgi,usr/lib/systemd/system/rt5-fcgi.service
ubuntu,rtcw-server,usr/lib/systemd/system/rtcw-server.service
ubuntu,rtcw-server,usr/lib/systemd/system/rtcw-server@.service
ubuntu,rtkit,usr/lib/systemd/system/rtkit-daemon.service
ubuntu,rtpengine-daemon,usr/lib/systemd/system/rtpengine-daemon.service
ubuntu,rtpengine-recording-daemon,usr/lib/systemd/system/rtpengine-recording-daemon.service
ubuntu,rtpengine-recording-daemon,usr/lib/systemd/system/rtpengine-recording-nfs-mount.service
ubuntu,rtsp-server-perl,usr/lib/systemd/system/rtsp-server-perl.service
ubuntu,runit-run,usr/lib/systemd/system/runit.service
ubuntu,ruptimed,usr/lib/systemd/system/ruptimed.service
ubuntu,sabnzbdplus,usr/lib/systemd/system/sabnzbdplus.service
ubuntu,sabnzbdplus,usr/lib/systemd/system/sabnzbdplus@.service
ubuntu,sackd,usr/lib/systemd/system/sackd.service
ubuntu,samba,usr/lib/systemd/system/nmbd.service
ubuntu,samba,usr/lib/systemd/system/smbd.service
ubuntu,samba-ad-dc,usr/lib/systemd/system/samba-ad-dc.service
ubuntu,samhain,usr/lib/systemd/system/samhain.service
ubuntu,sane-utils,usr/lib/systemd/system/saned.service
ubuntu,sane-utils,usr/lib/systemd/system/saned@.service
ubuntu,sanlk-reset,usr/lib/systemd/system/sanlk-resetd.service
ubuntu,sanlock,usr/lib/systemd/system/sanlock.service
ubuntu,sanlock,usr/lib/systemd/system/wdmd.service
ubuntu,sanoid,usr/lib/systemd/system/sanoid-prune.service
ubuntu,sanoid,usr/lib/systemd/system/sanoid.service
ubuntu,sasl2-bin,usr/lib/systemd/system/saslauthd.service
ubuntu,sassist,usr/lib/systemd/system/sassist-collect.service
ubuntu,sassist,usr/lib/systemd/system/sassist.service
ubuntu,sauce,usr/lib/systemd/system/sauce.service
ubuntu,saunafs-cgiserv,usr/lib/systemd/system/saunafs-cgiserv.service
ubuntu,saunafs-chunkserver,usr/lib/systemd/system/saunafs-chunkserver.service
ubuntu,saunafs-master,usr/lib/systemd/system/saunafs-master.service
ubuntu,saunafs-metalogger,usr/lib/systemd/system/saunafs-metalogger.service
ubuntu,saunafs-uraft,usr/lib/systemd/system/saunafs-uraft-master.service
ubuntu,saunafs-uraft,usr/lib/systemd/system/saunafs-uraft.service
ubuntu,sbd,usr/lib/systemd/system/sbd.service
ubuntu,sbd,usr/lib/systemd/system/sbd_remote.service
ubuntu,sbws,usr/lib/systemd/system/sbws.service
ubuntu,sbws,usr/lib/systemd/system/sbws_cleanup.service
ubuntu,sbws,usr/lib/systemd/system/sbws_generate.service
ubuntu,schleuder,usr/lib/systemd/system/schleuder-api-daemon.service
ubuntu,schroot,usr/lib/systemd/system/schroot.service
ubuntu,sddm,usr/lib/systemd/system/sddm.service
ubuntu,seatd,usr/lib/systemd/system/seatd.service
ubuntu,sec,usr/lib/systemd/system/sec.service
ubuntu,secureboot-db,usr/lib/systemd/system/secureboot-db.service
ubuntu,sendmail-bin,usr/lib/systemd/system/sendmail.service
ubuntu,ser2net,usr/lib/systemd/system/ser2net.service
ubuntu,serf,usr/lib/systemd/system/serf.service
ubuntu,setserial,usr/lib/systemd/system/etc-setserial.service
ubuntu,setserial,usr/lib/systemd/system/setserial.service
ubuntu,shadowsocks-libev,usr/lib/systemd/system/shadowsocks-libev-local@.service
ubuntu,shadowsocks-libev,usr/lib/systemd/system/shadowsocks-libev-redir@.service
ubuntu,shadowsocks-libev,usr/lib/systemd/system/shadowsocks-libev-server@.service
ubuntu,shadowsocks-libev,usr/lib/systemd/system/shadowsocks-libev-tunnel@.service
ubuntu,shadowsocks-libev,usr/lib/systemd/system/shadowsocks-libev.service
ubuntu,shairport-sync,usr/lib/systemd/system/shairport-sync.service
ubuntu,shellinabox,usr/lib/systemd/system/shellinabox.service
ubuntu,shibboleth-sp-utils,usr/lib/systemd/system/shibd.service
ubuntu,shoelaces,usr/lib/systemd/system/shoelaces.service
ubuntu,shorewall,usr/lib/systemd/system/shorewall.service
ubuntu,shorewall-init,usr/lib/systemd/system/shorewall-init.service
ubuntu,shorewall-lite,usr/lib/systemd/system/shorewall-lite.service
ubuntu,shorewall6,usr/lib/systemd/system/shorewall6.service
ubuntu,shorewall6-lite,usr/lib/systemd/system/shorewall6-lite.service
ubuntu,sia,usr/lib/systemd/system/sia.service
ubuntu,sidedoor,usr/lib/systemd/system/sidedoor.service
ubuntu,simple-whip-server,usr/lib/systemd/system/simple-whip-server.service
ubuntu,simplemonitor,usr/lib/systemd/system/simplemonitor.service
ubuntu,sinfo,lib/systemd/system/sinfo.service
ubuntu,siridb-server,usr/lib/systemd/system/siridb-server.service
ubuntu,sitesummary,usr/lib/systemd/system/sitesummary.service
ubuntu,sitesummary-client,usr/lib/systemd/system/sitesummary-client.service
ubuntu,slapd,usr/lib/systemd/system/slapd.service
ubuntu,slashem-common,usr/lib/systemd/system/slashem-common.service
ubuntu,slim,usr/lib/systemd/system/slim.service
ubuntu,slinkwatch,usr/lib/systemd/system/slinkwatch.service
ubuntu,slurmctld,usr/lib/systemd/system/slurmctld.service
ubuntu,slurmd,usr/lib/systemd/system/slurmd.service
ubuntu,slurmdbd,usr/lib/systemd/system/slurmdbd.service
ubuntu,slurmrestd,usr/lib/systemd/system/slurmrestd.service
ubuntu,smartdns,usr/lib/systemd/system/smartdns.service
ubuntu,smartmontools,usr/lib/systemd/system/smartmontools.service
ubuntu,smcroute,usr/lib/systemd/system/smcroute-helper.service
ubuntu,smcroute,usr/lib/systemd/system/smcroute.service
ubuntu,smokeping,usr/lib/systemd/system/smokeping.service
ubuntu,sms4you,usr/lib/systemd/system/sms4you.service
ubuntu,smstools,usr/lib/systemd/system/smstools.service
ubuntu,snac2,usr/lib/systemd/system/snac2.service
ubuntu,snapclient,usr/lib/systemd/system/snapclient.service
ubuntu,snapd,lib/systemd/system/snapd.apparmor.service
ubuntu,snapd,lib/systemd/system/snapd.autoimport.service
ubuntu,snapd,lib/systemd/system/snapd.core-fixup.service
ubuntu,snapd,lib/systemd/system/snapd.failure.service
ubuntu,snapd,lib/systemd/system/snapd.recovery-chooser-trigger.service
ubuntu,snapd,lib/systemd/system/snapd.seeded.service
ubuntu,snapd,lib/systemd/system/snapd.service
ubuntu,snapd,lib/systemd/system/snapd.snap-repair.service
ubuntu,snapd,lib/systemd/system/snapd.system-shutdown.service
ubuntu,snapper,usr/lib/systemd/system/snapper-boot.service
ubuntu,snapper,usr/lib/systemd/system/snapper-cleanup.service
ubuntu,snapper,usr/lib/systemd/system/snapper-timeline.service
ubuntu,snapper,usr/lib/systemd/system/snapperd.service
ubuntu,snapserver,usr/lib/systemd/system/snapserver.service
ubuntu,sndiod,usr/lib/systemd/system/sndiod.service
ubuntu,sniproxy,usr/lib/systemd/system/sniproxy.service
ubuntu,snmpd,usr/lib/systemd/system/snmpd.service
ubuntu,snmptrapd,usr/lib/systemd/system/snmptrapd.service
ubuntu,snmptrapfmt,usr/lib/systemd/system/snmptrapfmt.service
ubuntu,snmptt,usr/lib/systemd/system/snmptt.service
ubuntu,snowflake-proxy,usr/lib/systemd/system/snowflake-proxy.service
ubuntu,soapyremote-server,usr/lib/systemd/system/soapyremote-server.service
ubuntu,softether-vpnbridge,usr/lib/systemd/system/softether-vpnbridge.service
ubuntu,softether-vpnclient,usr/lib/systemd/system/softether-vpnclient.service
ubuntu,softether-vpnserver,usr/lib/systemd/system/softether-vpnserver.service
ubuntu,softflowd,usr/lib/systemd/system/softflowd.service
ubuntu,softflowd,usr/lib/systemd/system/softflowd@.service
ubuntu,sogo,usr/lib/systemd/system/sogo.service
ubuntu,soju,usr/lib/systemd/system/soju.service
ubuntu,soundmodem,usr/lib/systemd/system/soundmodem.service
ubuntu,spacenavd,usr/lib/systemd/system/spacenavd.service
ubuntu,spamass-milter,usr/lib/systemd/system/spamass-milter.service
ubuntu,spamassassin,usr/lib/systemd/system/spamassassin-maintenance.service
ubuntu,spamd,usr/lib/systemd/system/spamd.service
ubuntu,spampd,usr/lib/systemd/system/spampd.service
ubuntu,speakersafetyd,usr/lib/systemd/system/speakersafetyd.service
ubuntu,speech-dispatcher,usr/lib/systemd/system/speech-dispatcher.service
ubuntu,speech-dispatcher,usr/lib/systemd/system/speech-dispatcherd.service
ubuntu,spice-vdagent,usr/lib/systemd/system/spice-vdagent.service
ubuntu,spice-vdagent,usr/lib/systemd/system/spice-vdagentd.service
ubuntu,spice-webdavd,usr/lib/systemd/system/spice-webdavd.service
ubuntu,sqlgrey,usr/lib/systemd/system/sqlgrey.service
ubuntu,squeezelite,usr/lib/systemd/system/squeezelite.service
ubuntu,squeezelite-pa,usr/lib/systemd/system/squeezelite.service
ubuntu,squeezelite-pulseaudio,usr/lib/systemd/system/squeezelite.service
ubuntu,squid,usr/lib/systemd/system/squid.service
ubuntu,squid-deb-proxy,usr/lib/systemd/system/squid-deb-proxy.service
ubuntu,squidtaild,usr/lib/systemd/system/squidtaild.service
ubuntu,sqwebmail,usr/lib/systemd/system/sqwebmail-cleancache.service
ubuntu,sqwebmail,usr/lib/systemd/system/sqwebmail.service
ubuntu,srcpd,usr/lib/systemd/system/srcpd.service
ubuntu,sreview-master,usr/lib/systemd/system/sreview-dispatch.service
ubuntu,sreview-web,usr/lib/systemd/system/sreview-web.service
ubuntu,srptools,usr/lib/systemd/system/srp_daemon.service
ubuntu,srptools,usr/lib/systemd/system/srp_daemon_port@.service
ubuntu,srptools,usr/lib/systemd/system/srptools.service
ubuntu,sshguard,usr/lib/systemd/system/sshguard.service
ubuntu,ssl-cert,usr/lib/systemd/system/ssl-cert.service
ubuntu,sslh,usr/lib/systemd/system/sslh.service
ubuntu,sssd-ad-common,usr/lib/systemd/system/sssd-pac.service
ubuntu,sssd-common,usr/lib/systemd/system/sssd-autofs.service
ubuntu,sssd-common,usr/lib/systemd/system/sssd-nss.service
ubuntu,sssd-common,usr/lib/systemd/system/sssd-pam.service
ubuntu,sssd-common,usr/lib/systemd/system/sssd-ssh.service
ubuntu,sssd-common,usr/lib/systemd/system/sssd-sudo.service
ubuntu,sssd-common,usr/lib/systemd/system/sssd.service
ubuntu,sssd-dbus,usr/lib/systemd/system/sssd-ifp.service
ubuntu,sssd-kcm,usr/lib/systemd/system/sssd-kcm.service
ubuntu,stayrtr,usr/lib/systemd/system/stayrtr.service
ubuntu,stenographer,usr/lib/systemd/system/stenographer.service
ubuntu,storebackup,usr/lib/systemd/system/storebackup.service
ubuntu,strongswan-starter,usr/lib/systemd/system/ipsec.service
ubuntu,strongswan-starter,usr/lib/systemd/system/strongswan-starter.service
ubuntu,stubby,usr/lib/systemd/system/stubby.service
ubuntu,stunnel4,usr/lib/systemd/system/stunnel@.service
ubuntu,sudo,usr/lib/systemd/system/sudo.service
ubuntu,supervisor,usr/lib/systemd/system/supervisor.service
ubuntu,suricata,usr/lib/systemd/system/suricata.service
ubuntu,svxlink-gpio,usr/lib/systemd/system/svxlink_gpio_setup.service/svxlink_gpio_setup.service
ubuntu,svxlink-server,usr/lib/systemd/system/svxlink.service
ubuntu,svxreflector,usr/lib/systemd/system/svxreflector.service
ubuntu,swapspace,usr/lib/systemd/system/swapspace.service
ubuntu,swayosd,usr/lib/systemd/system/swayosd-libinput-backend.service
ubuntu,swift-account,usr/lib/systemd/system/swift-account-auditor.service
ubuntu,swift-account,usr/lib/systemd/system/swift-account-auditor@.service
ubuntu,swift-account,usr/lib/systemd/system/swift-account-reaper.service
ubuntu,swift-account,usr/lib/systemd/system/swift-account-reaper@.service
ubuntu,swift-account,usr/lib/systemd/system/swift-account-replicator.service
ubuntu,swift-account,usr/lib/systemd/system/swift-account-replicator@.service
ubuntu,swift-account,usr/lib/systemd/system/swift-account.service
ubuntu,swift-account,usr/lib/systemd/system/swift-account@.service
ubuntu,swift-container,usr/lib/systemd/system/swift-container-auditor.service
ubuntu,swift-container,usr/lib/systemd/system/swift-container-auditor@.service
ubuntu,swift-container,usr/lib/systemd/system/swift-container-reconciler.service
ubuntu,swift-container,usr/lib/systemd/system/swift-container-replicator.service
ubuntu,swift-container,usr/lib/systemd/system/swift-container-replicator@.service
ubuntu,swift-container,usr/lib/systemd/system/swift-container-sharder.service
ubuntu,swift-container,usr/lib/systemd/system/swift-container-sharder@.service
ubuntu,swift-container,usr/lib/systemd/system/swift-container-sync.service
ubuntu,swift-container,usr/lib/systemd/system/swift-container-sync@.service
ubuntu,swift-container,usr/lib/systemd/system/swift-container-updater.service
ubuntu,swift-container,usr/lib/systemd/system/swift-container-updater@.service
ubuntu,swift-container,usr/lib/systemd/system/swift-container.service
ubuntu,swift-container,usr/lib/systemd/system/swift-container@.service
ubuntu,swift-object,usr/lib/systemd/system/swift-object-auditor.service
ubuntu,swift-object,usr/lib/systemd/system/swift-object-auditor@.service
ubuntu,swift-object,usr/lib/systemd/system/swift-object-reconstructor.service
ubuntu,swift-object,usr/lib/systemd/system/swift-object-reconstructor@.service
ubuntu,swift-object,usr/lib/systemd/system/swift-object-replicator.service
ubuntu,swift-object,usr/lib/systemd/system/swift-object-replicator@.service
ubuntu,swift-object,usr/lib/systemd/system/swift-object-updater.service
ubuntu,swift-object,usr/lib/systemd/system/swift-object-updater@.service
ubuntu,swift-object,usr/lib/systemd/system/swift-object.service
ubuntu,swift-object,usr/lib/systemd/system/swift-object@.service
ubuntu,swift-object-expirer,usr/lib/systemd/system/swift-object-expirer.service
ubuntu,swift-proxy,usr/lib/systemd/system/swift-proxy.service
ubuntu,swift-proxy,usr/lib/systemd/system/swift-proxy@.service
ubuntu,switchconf,usr/lib/systemd/system/switchconf.service
ubuntu,switcheroo-control,usr/lib/systemd/system/switcheroo-control.service
ubuntu,swupdate,usr/lib/systemd/system/swupdate-progress.service
ubuntu,swupdate,usr/lib/systemd/system/swupdate-usb@.service
ubuntu,swupdate,usr/lib/systemd/system/swupdate.service
ubuntu,sxmo-utils,usr/lib/systemd/system/sxmo.service
ubuntu,sympa,usr/lib/systemd/system/sympa-archived.service
ubuntu,sympa,usr/lib/systemd/system/sympa-bounced.service
ubuntu,sympa,usr/lib/systemd/system/sympa-bulk.service
ubuntu,sympa,usr/lib/systemd/system/sympa-task_manager.service
ubuntu,sympa,usr/lib/systemd/system/sympa.service
ubuntu,sympa,usr/lib/systemd/system/sympasoap.service
ubuntu,sympa,usr/lib/systemd/system/wwsympa.service
ubuntu,syncache,usr/lib/systemd/system/syncache.service
ubuntu,syncplay-server,usr/lib/systemd/system/syncplay-server.service
ubuntu,syncthing,usr/lib/systemd/system/syncthing@.service
ubuntu,syncthing-discosrv,usr/lib/systemd/system/syncthing-discosrv.service
ubuntu,syncthing-relaysrv,usr/lib/systemd/system/syncthing-relaysrv.service
ubuntu,sysfsutils,usr/lib/systemd/system/sysfsutils.service
ubuntu,syslog-ng-core,usr/lib/systemd/system/syslog-ng.service
ubuntu,sysprof,usr/lib/systemd/system/sysprof3.service
ubuntu,sysrepo-plugind,usr/lib/systemd/system/sysrepo-plugind.service
ubuntu,sysrqd,usr/lib/systemd/system/sysrqd.service
ubuntu,sysstat,usr/lib/systemd/system/sysstat-collect.service
ubuntu,sysstat,usr/lib/systemd/system/sysstat-rotate.service
ubuntu,sysstat,usr/lib/systemd/system/sysstat-summary.service
ubuntu,sysstat,usr/lib/systemd/system/sysstat.service
ubuntu,system-config-printer-udev,usr/lib/systemd/system/configure-printer@.service
ubuntu,systemd,usr/lib/systemd/system/autovt@.service
ubuntu,systemd,usr/lib/systemd/system/breakpoint-pre-basic.service
ubuntu,systemd,usr/lib/systemd/system/breakpoint-pre-mount.service
ubuntu,systemd,usr/lib/systemd/system/breakpoint-pre-switch-root.service
ubuntu,systemd,usr/lib/systemd/system/breakpoint-pre-udev.service
ubuntu,systemd,usr/lib/systemd/system/capsule@.service
ubuntu,systemd,usr/lib/systemd/system/console-getty.service
ubuntu,systemd,usr/lib/systemd/system/container-getty@.service
ubuntu,systemd,usr/lib/systemd/system/cryptdisks-early.service
ubuntu,systemd,usr/lib/systemd/system/cryptdisks.service
ubuntu,systemd,usr/lib/systemd/system/dbus-org.freedesktop.hostname1.service
ubuntu,systemd,usr/lib/systemd/system/dbus-org.freedesktop.locale1.service
ubuntu,systemd,usr/lib/systemd/system/dbus-org.freedesktop.login1.service
ubuntu,systemd,usr/lib/systemd/system/dbus-org.freedesktop.timedate1.service
ubuntu,systemd,usr/lib/systemd/system/debug-shell.service
ubuntu,systemd,usr/lib/systemd/system/emergency.service
ubuntu,systemd,usr/lib/systemd/system/factory-reset.target.wants/systemd-factory-reset-request.service
ubuntu,systemd,usr/lib/systemd/system/factory-reset.target.wants/systemd-pcrphase-factory-reset.service
ubuntu,systemd,usr/lib/systemd/system/getty-static.service
ubuntu,systemd,usr/lib/systemd/system/getty.target.wants/getty-static.service
ubuntu,systemd,usr/lib/systemd/system/getty@.service
ubuntu,systemd,usr/lib/systemd/system/hwclock.service
ubuntu,systemd,usr/lib/systemd/system/initrd-cleanup.service
ubuntu,systemd,usr/lib/systemd/system/initrd-parse-etc.service
ubuntu,systemd,usr/lib/systemd/system/initrd-switch-root.service
ubuntu,systemd,usr/lib/systemd/system/initrd-udevadm-cleanup-db.service
ubuntu,systemd,usr/lib/systemd/system/initrd.target.wants/systemd-battery-check.service
ubuntu,systemd,usr/lib/systemd/system/initrd.target.wants/systemd-bsod.service
ubuntu,systemd,usr/lib/systemd/system/initrd.target.wants/systemd-confext-initrd.service
ubuntu,systemd,usr/lib/systemd/system/initrd.target.wants/systemd-pcrphase-initrd.service
ubuntu,systemd,usr/lib/systemd/system/initrd.target.wants/systemd-sysext-initrd.service
ubuntu,systemd,usr/lib/systemd/system/kmod-static-nodes.service
ubuntu,systemd,usr/lib/systemd/system/kmod.service
ubuntu,systemd,usr/lib/systemd/system/ldconfig.service
ubuntu,systemd,usr/lib/systemd/system/modprobe@.service
ubuntu,systemd,usr/lib/systemd/system/multi-user.target.wants/systemd-logind.service
ubuntu,systemd,usr/lib/systemd/system/multi-user.target.wants/systemd-user-sessions.service
ubuntu,systemd,usr/lib/systemd/system/procps.service
ubuntu,systemd,usr/lib/systemd/system/quotaon-root.service
ubuntu,systemd,usr/lib/systemd/system/quotaon@.service
ubuntu,systemd,usr/lib/systemd/system/rc-local.service
ubuntu,systemd,usr/lib/systemd/system/rc-local.service.d/debian.conf
ubuntu,systemd,usr/lib/systemd/system/rescue.service
ubuntu,systemd,usr/lib/systemd/system/serial-getty@.service
ubuntu,systemd,usr/lib/systemd/system/storage-target-mode.target.wants/systemd-pcrphase-storage-target-mode.service
ubuntu,systemd,usr/lib/systemd/system/sysinit.target.wants/kmod-static-nodes.service
ubuntu,systemd,usr/lib/systemd/system/sysinit.target.wants/ldconfig.service
ubuntu,systemd,usr/lib/systemd/system/sysinit.target.wants/systemd-binfmt.service
ubuntu,systemd,usr/lib/systemd/system/sysinit.target.wants/systemd-firstboot.service
ubuntu,systemd,usr/lib/systemd/system/sysinit.target.wants/systemd-hibernate-clear.service
ubuntu,systemd,usr/lib/systemd/system/sysinit.target.wants/systemd-journal-catalog-update.service
ubuntu,systemd,usr/lib/systemd/system/sysinit.target.wants/systemd-journal-flush.service
ubuntu,systemd,usr/lib/systemd/system/sysinit.target.wants/systemd-journald.service
ubuntu,systemd,usr/lib/systemd/system/sysinit.target.wants/systemd-machine-id-commit.service
ubuntu,systemd,usr/lib/systemd/system/sysinit.target.wants/systemd-modules-load.service
ubuntu,systemd,usr/lib/systemd/system/sysinit.target.wants/systemd-pcrmachine.service
ubuntu,systemd,usr/lib/systemd/system/sysinit.target.wants/systemd-pcrnvdone.service
ubuntu,systemd,usr/lib/systemd/system/sysinit.target.wants/systemd-pcrphase-sysinit.service
ubuntu,systemd,usr/lib/systemd/system/sysinit.target.wants/systemd-pcrphase.service
ubuntu,systemd,usr/lib/systemd/system/sysinit.target.wants/systemd-pcrproduct.service
ubuntu,systemd,usr/lib/systemd/system/sysinit.target.wants/systemd-random-seed.service
ubuntu,systemd,usr/lib/systemd/system/sysinit.target.wants/systemd-sysctl.service
ubuntu,systemd,usr/lib/systemd/system/sysinit.target.wants/systemd-sysusers.service
ubuntu,systemd,usr/lib/systemd/system/sysinit.target.wants/systemd-tmpfiles-setup-dev-early.service
ubuntu,systemd,usr/lib/systemd/system/sysinit.target.wants/systemd-tmpfiles-setup-dev.service
ubuntu,systemd,usr/lib/systemd/system/sysinit.target.wants/systemd-tmpfiles-setup.service
ubuntu,systemd,usr/lib/systemd/system/sysinit.target.wants/systemd-tpm2-setup-early.service
ubuntu,systemd,usr/lib/systemd/system/sysinit.target.wants/systemd-tpm2-setup.service
ubuntu,systemd,usr/lib/systemd/system/sysinit.target.wants/systemd-update-done.service
ubuntu,systemd,usr/lib/systemd/system/system-update-cleanup.service
ubuntu,systemd,usr/lib/systemd/system/systemd-ask-password-console.service
ubuntu,systemd,usr/lib/systemd/system/systemd-ask-password-wall.service
ubuntu,systemd,usr/lib/systemd/system/systemd-ask-password@.service
ubuntu,systemd,usr/lib/systemd/system/systemd-backlight@.service
ubuntu,systemd,usr/lib/systemd/system/systemd-battery-check.service
ubuntu,systemd,usr/lib/systemd/system/systemd-binfmt.service
ubuntu,systemd,usr/lib/systemd/system/systemd-boot-check-no-failures.service
ubuntu,systemd,usr/lib/systemd/system/systemd-bsod.service
ubuntu,systemd,usr/lib/systemd/system/systemd-confext-initrd.service
ubuntu,systemd,usr/lib/systemd/system/systemd-confext.service
ubuntu,systemd,usr/lib/systemd/system/systemd-creds@.service
ubuntu,systemd,usr/lib/systemd/system/systemd-exit.service
ubuntu,systemd,usr/lib/systemd/system/systemd-factory-reset-complete.service
ubuntu,systemd,usr/lib/systemd/system/systemd-factory-reset-reboot.service
ubuntu,systemd,usr/lib/systemd/system/systemd-factory-reset-request.service
ubuntu,systemd,usr/lib/systemd/system/systemd-factory-reset@.service
ubuntu,systemd,usr/lib/systemd/system/systemd-firstboot.service
ubuntu,systemd,usr/lib/systemd/system/systemd-fsck-root.service
ubuntu,systemd,usr/lib/systemd/system/systemd-fsck-root.service.d/10-skip-fsck-initramfs.conf
ubuntu,systemd,usr/lib/systemd/system/systemd-fsck@.service
ubuntu,systemd,usr/lib/systemd/system/systemd-growfs-root.service
ubuntu,systemd,usr/lib/systemd/system/systemd-growfs@.service
ubuntu,systemd,usr/lib/systemd/system/systemd-halt.service
ubuntu,systemd,usr/lib/systemd/system/systemd-hibernate-clear.service
ubuntu,systemd,usr/lib/systemd/system/systemd-hibernate-resume.service
ubuntu,systemd,usr/lib/systemd/system/systemd-hibernate.service
ubuntu,systemd,usr/lib/systemd/system/systemd-hostnamed.service
ubuntu,systemd,usr/lib/systemd/system/systemd-hybrid-sleep.service
ubuntu,systemd,usr/lib/systemd/system/systemd-journal-catalog-update.service
ubuntu,systemd,usr/lib/systemd/system/systemd-journal-flush.service
ubuntu,systemd,usr/lib/systemd/system/systemd-journald-sync@.service
ubuntu,systemd,usr/lib/systemd/system/systemd-journald.service
ubuntu,systemd,usr/lib/systemd/system/systemd-journald.service.d/nice.conf
ubuntu,systemd,usr/lib/systemd/system/systemd-journald@.service
ubuntu,systemd,usr/lib/systemd/system/systemd-kexec.service
ubuntu,systemd,usr/lib/systemd/system/systemd-localed.service
ubuntu,systemd,usr/lib/systemd/system/systemd-localed.service.d/x11-keyboard.conf
ubuntu,systemd,usr/lib/systemd/system/systemd-logind.service
ubuntu,systemd,usr/lib/systemd/system/systemd-logind.service.d/dbus.conf
ubuntu,systemd,usr/lib/systemd/system/systemd-loop@.service
ubuntu,systemd,usr/lib/systemd/system/systemd-machine-id-commit.service
ubuntu,systemd,usr/lib/systemd/system/systemd-modules-load.service
ubuntu,systemd,usr/lib/systemd/system/systemd-mute-console@.service
ubuntu,systemd,usr/lib/systemd/system/systemd-network-generator.service
ubuntu,systemd,usr/lib/systemd/system/systemd-networkd-persistent-storage.service
ubuntu,systemd,usr/lib/systemd/system/systemd-networkd-wait-online.service
ubuntu,systemd,usr/lib/systemd/system/systemd-networkd-wait-online@.service
ubuntu,systemd,usr/lib/systemd/system/systemd-networkd.service
ubuntu,systemd,usr/lib/systemd/system/systemd-pcrextend@.service
ubuntu,systemd,usr/lib/systemd/system/systemd-pcrfs-root.service
ubuntu,systemd,usr/lib/systemd/system/systemd-pcrfs@.service
ubuntu,systemd,usr/lib/systemd/system/systemd-pcrlock-file-system.service
ubuntu,systemd,usr/lib/systemd/system/systemd-pcrlock-firmware-code.service
ubuntu,systemd,usr/lib/systemd/system/systemd-pcrlock-firmware-config.service
ubuntu,systemd,usr/lib/systemd/system/systemd-pcrlock-machine-id.service
ubuntu,systemd,usr/lib/systemd/system/systemd-pcrlock-make-policy.service
ubuntu,systemd,usr/lib/systemd/system/systemd-pcrlock-secureboot-authority.service
ubuntu,systemd,usr/lib/systemd/system/systemd-pcrlock-secureboot-policy.service
ubuntu,systemd,usr/lib/systemd/system/systemd-pcrlock@.service
ubuntu,systemd,usr/lib/systemd/system/systemd-pcrmachine.service
ubuntu,systemd,usr/lib/systemd/system/systemd-pcrnvdone.service
ubuntu,systemd,usr/lib/systemd/system/systemd-pcrphase-factory-reset.service
ubuntu,systemd,usr/lib/systemd/system/systemd-pcrphase-initrd.service
ubuntu,systemd,usr/lib/systemd/system/systemd-pcrphase-storage-target-mode.service
ubuntu,systemd,usr/lib/systemd/system/systemd-pcrphase-sysinit.service
ubuntu,systemd,usr/lib/systemd/system/systemd-pcrphase.service
ubuntu,systemd,usr/lib/systemd/system/systemd-pcrproduct.service
ubuntu,systemd,usr/lib/systemd/system/systemd-poweroff.service
ubuntu,systemd,usr/lib/systemd/system/systemd-pstore.service
ubuntu,systemd,usr/lib/systemd/system/systemd-quotacheck-root.service
ubuntu,systemd,usr/lib/systemd/system/systemd-quotacheck@.service
ubuntu,systemd,usr/lib/systemd/system/systemd-random-seed.service
ubuntu,systemd,usr/lib/systemd/system/systemd-reboot.service
ubuntu,systemd,usr/lib/systemd/system/systemd-remount-fs.service
ubuntu,systemd,usr/lib/systemd/system/systemd-rfkill.service
ubuntu,systemd,usr/lib/systemd/system/systemd-soft-reboot.service
ubuntu,systemd,usr/lib/systemd/system/systemd-storagetm.service
ubuntu,systemd,usr/lib/systemd/system/systemd-suspend-then-hibernate.service
ubuntu,systemd,usr/lib/systemd/system/systemd-suspend.service
ubuntu,systemd,usr/lib/systemd/system/systemd-sysctl.service
ubuntu,systemd,usr/lib/systemd/system/systemd-sysext-initrd.service
ubuntu,systemd,usr/lib/systemd/system/systemd-sysext.service
ubuntu,systemd,usr/lib/systemd/system/systemd-sysext@.service
ubuntu,systemd,usr/lib/systemd/system/systemd-sysusers.service
ubuntu,systemd,usr/lib/systemd/system/systemd-timedated.service
ubuntu,systemd,usr/lib/systemd/system/systemd-tmpfiles-clean.service
ubuntu,systemd,usr/lib/systemd/system/systemd-tmpfiles-setup-dev-early.service
ubuntu,systemd,usr/lib/systemd/system/systemd-tmpfiles-setup-dev.service
ubuntu,systemd,usr/lib/systemd/system/systemd-tmpfiles-setup.service
ubuntu,systemd,usr/lib/systemd/system/systemd-tpm2-clear.service
ubuntu,systemd,usr/lib/systemd/system/systemd-tpm2-setup-early.service
ubuntu,systemd,usr/lib/systemd/system/systemd-tpm2-setup.service
ubuntu,systemd,usr/lib/systemd/system/systemd-update-done.service
ubuntu,systemd,usr/lib/systemd/system/systemd-user-sessions.service
ubuntu,systemd,usr/lib/systemd/system/systemd-validatefs@.service
ubuntu,systemd,usr/lib/systemd/system/systemd-volatile-root.service
ubuntu,systemd,usr/lib/systemd/system/user-runtime-dir@.service
ubuntu,systemd,usr/lib/systemd/system/user@.service
ubuntu,systemd,usr/lib/systemd/system/user@.service.d/10-login-barrier.conf
ubuntu,systemd,usr/lib/systemd/system/user@.service.d/timeout.conf
ubuntu,systemd,usr/lib/systemd/system/user@0.service.d/10-login-barrier.conf
ubuntu,systemd,usr/lib/systemd/system/x11-common.service
ubuntu,systemd-boot,usr/lib/systemd/system/sysinit.target.wants/systemd-boot-random-seed.service
ubuntu,systemd-boot,usr/lib/systemd/system/systemd-bless-boot.service
ubuntu,systemd-boot,usr/lib/systemd/system/systemd-boot-clear-sysfail.service
ubuntu,systemd-boot,usr/lib/systemd/system/systemd-boot-random-seed.service
ubuntu,systemd-boot,usr/lib/systemd/system/systemd-boot-update.service
ubuntu,systemd-boot,usr/lib/systemd/system/systemd-bootctl@.service
ubuntu,systemd-bootchart,usr/lib/systemd/system/systemd-bootchart.service
ubuntu,systemd-container,usr/lib/systemd/system/dbus-org.freedesktop.import1.service
ubuntu,systemd-container,usr/lib/systemd/system/dbus-org.freedesktop.machine1.service
ubuntu,systemd-container,usr/lib/systemd/system/dbus-org.freedesktop.portable1.service
ubuntu,systemd-container,usr/lib/systemd/system/systemd-importd.service
ubuntu,systemd-container,usr/lib/systemd/system/systemd-machined.service
ubuntu,systemd-container,usr/lib/systemd/system/systemd-mountfsd.service
ubuntu,systemd-container,usr/lib/systemd/system/systemd-nspawn@.service
ubuntu,systemd-container,usr/lib/systemd/system/systemd-nsresourced.service
ubuntu,systemd-container,usr/lib/systemd/system/systemd-portabled.service
ubuntu,systemd-container,usr/lib/systemd/system/systemd-sysupdate-reboot.service
ubuntu,systemd-container,usr/lib/systemd/system/systemd-sysupdate.service
ubuntu,systemd-container,usr/lib/systemd/system/systemd-vmspawn@.service
ubuntu,systemd-coredump,usr/lib/systemd/system/systemd-coredump@.service
ubuntu,systemd-cron,usr/lib/systemd/system/cron-mail@.service
ubuntu,systemd-cron,usr/lib/systemd/system/cron-update.service
ubuntu,systemd-cron,usr/lib/systemd/system/systemd-cron-cleaner.service
ubuntu,systemd-homed,usr/lib/systemd/system/systemd-homed-activate.service
ubuntu,systemd-homed,usr/lib/systemd/system/systemd-homed-firstboot.service
ubuntu,systemd-homed,usr/lib/systemd/system/systemd-homed.service
ubuntu,systemd-journal-remote,usr/lib/systemd/system/systemd-journal-gatewayd.service
ubuntu,systemd-journal-remote,usr/lib/systemd/system/systemd-journal-remote.service
ubuntu,systemd-journal-remote,usr/lib/systemd/system/systemd-journal-upload.service
ubuntu,systemd-netlogd,usr/lib/systemd/system/systemd-netlogd.service
ubuntu,systemd-oomd,usr/lib/systemd/system/systemd-oomd.service
ubuntu,systemd-oomd,usr/lib/systemd/system/user@.service.d/10-oomd-user-service-defaults.conf
ubuntu,systemd-repart,usr/lib/systemd/system/initrd-root-fs.target.wants/systemd-repart.service
ubuntu,systemd-repart,usr/lib/systemd/system/sysinit.target.wants/systemd-repart.service
ubuntu,systemd-repart,usr/lib/systemd/system/systemd-repart.service
ubuntu,systemd-repart,usr/lib/systemd/system/systemd-repart@.service
ubuntu,systemd-resolved,usr/lib/systemd/system/systemd-resolved.service
ubuntu,systemd-timesyncd,usr/lib/systemd/system/systemd-time-wait-sync.service
ubuntu,systemd-timesyncd,usr/lib/systemd/system/systemd-timesyncd.service
ubuntu,systemd-userdbd,usr/lib/systemd/system/systemd-userdb-load-credentials.service
ubuntu,systemd-userdbd,usr/lib/systemd/system/systemd-userdbd.service
ubuntu,systemd-zram-generator,usr/lib/systemd/system/systemd-zram-setup@.service
ubuntu,systune,usr/lib/systemd/system/systune.service
ubuntu,tang,usr/lib/systemd/system/tangd@.service
ubuntu,tango-accesscontrol,usr/lib/systemd/system/tango-accesscontrol.service
ubuntu,tango-db,usr/lib/systemd/system/tango-db.service
ubuntu,tango-starter,usr/lib/systemd/system/tango-starter.service
ubuntu,targetcli-fb,usr/lib/systemd/system/targetclid.service
ubuntu,tayga,usr/lib/systemd/system/tayga.service
ubuntu,tayga,usr/lib/systemd/system/tayga@.service
ubuntu,tcmu-runner,usr/lib/systemd/system/tcmu-runner.service
ubuntu,tcpspy,usr/lib/systemd/system/tcpspy.service
ubuntu,teeworlds-server,usr/lib/systemd/system/teeworlds-server.service
ubuntu,tetrinetx,usr/lib/systemd/system/tetrinetx.service
ubuntu,tftp-proxy,usr/lib/systemd/system/tftp-proxy.service
ubuntu,tftpd-hpa,usr/lib/systemd/system/tftpd-hpa.service
ubuntu,tgt,usr/lib/systemd/system/tgt.service
ubuntu,thermald,usr/lib/systemd/system/thermald.service
ubuntu,thinkfan,usr/lib/systemd/system/thinkfan-sleep.service
ubuntu,thinkfan,usr/lib/systemd/system/thinkfan-wakeup.service
ubuntu,thinkfan,usr/lib/systemd/system/thinkfan.service
ubuntu,thumbor,usr/lib/systemd/system/thumbor.service
ubuntu,tigervnc-standalone-server,usr/lib/systemd/system/tigervncserver@.service
ubuntu,timekpr-next,usr/lib/systemd/system/timekpr.service
ubuntu,timelord,usr/lib/systemd/system/timelord.service
ubuntu,tinc,usr/lib/systemd/system/tinc.service
ubuntu,tinc,usr/lib/systemd/system/tinc@.service
ubuntu,tiny-dfr,usr/lib/systemd/system/systemd-backlight@backlight:228200000.display-pipe.0.service
ubuntu,tiny-dfr,usr/lib/systemd/system/systemd-backlight@backlight:appletb_backlight.service
ubuntu,tiny-dfr,usr/lib/systemd/system/tiny-dfr.service
ubuntu,tinydns,usr/lib/systemd/system/tinydns.service
ubuntu,tinyproxy,usr/lib/systemd/system/tinyproxy.service
ubuntu,tinysshd,usr/lib/systemd/system/tinysshd@.service
ubuntu,tirex,usr/lib/systemd/system/tirex-backend-manager.service
ubuntu,tirex,usr/lib/systemd/system/tirex-master.service
ubuntu,tlp,usr/lib/systemd/system/tlp.service
ubuntu,tmate-ssh-server,usr/lib/systemd/system/tmate-ssh-server.service
ubuntu,tntnet,usr/lib/systemd/system/tntnet.service
ubuntu,tomcat10,usr/lib/systemd/system/tomcat10.service
ubuntu,tomcat11,usr/lib/systemd/system/tomcat11.service
ubuntu,tor,usr/lib/systemd/system/tor.service
ubuntu,tor,usr/lib/systemd/system/tor@.service
ubuntu,tor,usr/lib/systemd/system/tor@default.service
ubuntu,tpm-udev,usr/lib/systemd/system/tpm-udev.service
ubuntu,tpm2-abrmd,usr/lib/systemd/system/tpm2-abrmd.service
ubuntu,tqftpserv,usr/lib/systemd/system/tqftpserv.service
ubuntu,transmission-daemon,usr/lib/systemd/system/transmission-daemon.service
ubuntu,triggerhappy,usr/lib/systemd/system/triggerhappy.service
ubuntu,trojan,usr/lib/systemd/system/trojan.service
ubuntu,trojan,usr/lib/systemd/system/trojan@.service
ubuntu,trousers,usr/lib/systemd/system/tcsd.service
ubuntu,trousers,usr/lib/systemd/system/trousers.service
ubuntu,tryton-server,usr/lib/systemd/system/tryton-server-cron@.service
ubuntu,tryton-server,usr/lib/systemd/system/tryton-server-worker@.service
ubuntu,tryton-server,usr/lib/systemd/system/tryton-server.service
ubuntu,tryton-server-uwsgi,usr/lib/systemd/system/tryton-server-uwsgi@.service
ubuntu,ttyd,usr/lib/systemd/system/ttyd.service
ubuntu,tuned,usr/lib/systemd/system/tuned.service
ubuntu,tuned-ppd,usr/lib/systemd/system/tuned-ppd.service
ubuntu,tuptime,usr/lib/systemd/system/tuptime-sync.service
ubuntu,tuptime,usr/lib/systemd/system/tuptime.service
ubuntu,tvoe,usr/lib/systemd/system/tvoe.service
ubuntu,twms,usr/lib/systemd/system/twms.service
ubuntu,ubiquity,usr/lib/systemd/system/ubiquity.service
ubuntu,ubuntu-advantage-desktop-daemon,usr/lib/systemd/system/ubuntu-advantage-desktop-daemon.service
ubuntu,ubuntu-drivers-common,lib/systemd/system/gpu-manager.service
ubuntu,ubuntu-fan,usr/lib/systemd/system/ubuntu-fan.service
ubuntu,ubuntu-kylin-software-center,lib/systemd/system/softwarecenter-daemon.service
ubuntu,ubuntu-pro-auto-attach,lib/systemd/system/ua-auto-attach.service
ubuntu,ubuntu-pro-client,lib/systemd/system/apt-news.service
ubuntu,ubuntu-pro-client,lib/systemd/system/esm-cache.service
ubuntu,ubuntu-pro-client,lib/systemd/system/ua-reboot-cmds.service
ubuntu,ubuntu-pro-client,lib/systemd/system/ua-timer.service
ubuntu,ubuntu-pro-client,lib/systemd/system/ubuntu-advantage.service
ubuntu,ubuntu-proxy-manager,usr/lib/systemd/system/ubuntu-proxy-manager.service
ubuntu,ubuntu-raspi-settings-desktop,usr/lib/systemd/system/update-v3d-config.service
ubuntu,ubuntustudio-default-settings,usr/lib/systemd/system/ubuntustudio-panel-refresh.service
ubuntu,ubuntustudio-live-settings,usr/lib/systemd/system/ubuntustudio-live-settings.service
ubuntu,udev,usr/lib/systemd/system/sysinit.target.wants/systemd-hwdb-update.service
ubuntu,udev,usr/lib/systemd/system/sysinit.target.wants/systemd-udev-trigger.service
ubuntu,udev,usr/lib/systemd/system/sysinit.target.wants/systemd-udevd.service
ubuntu,udev,usr/lib/systemd/system/systemd-hwdb-update.service
ubuntu,udev,usr/lib/systemd/system/systemd-udev-load-credentials.service
ubuntu,udev,usr/lib/systemd/system/systemd-udev-settle.service
ubuntu,udev,usr/lib/systemd/system/systemd-udev-trigger.service
ubuntu,udev,usr/lib/systemd/system/systemd-udevd.service
ubuntu,udev,usr/lib/systemd/system/systemd-udevd.service.d/syscall-architecture.conf
ubuntu,udevil,usr/lib/systemd/system/devmon@.service
ubuntu,udhcpd,usr/lib/systemd/system/udhcpd.service
ubuntu,udisks2,usr/lib/systemd/system/udisks2.service
ubuntu,ufoai-server,usr/lib/systemd/system/ufoai-server.service
ubuntu,uftp,usr/lib/systemd/system/uftp.service
ubuntu,ufw,usr/lib/systemd/system/ufw.service
ubuntu,uhub,usr/lib/systemd/system/uhub.service
ubuntu,uif,usr/lib/systemd/system/uif.service
ubuntu,ukui-bluetooth,usr/lib/systemd/system/ukui-bluetooth.service
ubuntu,ukui-input-gather,usr/lib/systemd/system/ukui-input-gather.service
ubuntu,ukui-media,usr/lib/systemd/system/ukui-media-control-mute-led.service
ubuntu,ukui-service-manager,usr/lib/systemd/system/ukui-system-service-manager.service
ubuntu,ulogd2,usr/lib/systemd/system/ulogd2.service
ubuntu,ums2net,usr/lib/systemd/system/ums2net.service
ubuntu,umtp-responder,usr/lib/systemd/system/umtp-responder.service
ubuntu,unattended-upgrades,usr/lib/systemd/system/unattended-upgrades.service
ubuntu,unbound,usr/lib/systemd/system/unbound-resolvconf.service
ubuntu,unbound,usr/lib/systemd/system/unbound.service
ubuntu,unicorn,usr/lib/systemd/system/unicorn.service
ubuntu,unscd,usr/lib/systemd/system/unscd.service
ubuntu,update-notifier-common,lib/systemd/system/update-notifier-download.service
ubuntu,update-notifier-common,lib/systemd/system/update-notifier-motd.service
ubuntu,upower,usr/lib/systemd/system/upower.service
ubuntu,uptimed,usr/lib/systemd/system/uptimed.service
ubuntu,urfkill,usr/lib/systemd/system/urfkill.service
ubuntu,uruk,usr/lib/systemd/system/uruk.service
ubuntu,usb-modeswitch,usr/lib/systemd/system/usb_modeswitch@.service
ubuntu,usbguard,usr/lib/systemd/system/usbguard-dbus.service
ubuntu,usbguard,usr/lib/systemd/system/usbguard.service
ubuntu,usbmuxd,usr/lib/systemd/system/usbmuxd.service
ubuntu,usbrelayd,usr/lib/systemd/system/usbrelayd.service
ubuntu,userv,usr/lib/systemd/system/userv.service
ubuntu,util-linux,usr/lib/systemd/system/fstrim.service
ubuntu,uucp,usr/lib/systemd/system/uucp@.service
ubuntu,uuid-runtime,usr/lib/systemd/system/uuidd.service
ubuntu,uwsgi-core,usr/lib/systemd/system/uwsgi-app@.service
ubuntu,uwsgi-emperor,usr/lib/systemd/system/uwsgi-emperor.service
ubuntu,v2ray,usr/lib/systemd/system/v2ray.service
ubuntu,v4l2-relayd,usr/lib/systemd/system/v4l2-relayd.service
ubuntu,v4l2-relayd,usr/lib/systemd/system/v4l2-relayd@.service
ubuntu,valkey-sentinel,usr/lib/systemd/system/valkey-sentinel.service
ubuntu,valkey-sentinel,usr/lib/systemd/system/valkey-sentinel@.service
ubuntu,valkey-server,usr/lib/systemd/system/valkey-server.service
ubuntu,valkey-server,usr/lib/systemd/system/valkey-server@.service
ubuntu,vanguards,usr/lib/systemd/system/vanguards.service
ubuntu,varnish,usr/lib/systemd/system/varnish.service
ubuntu,varnish,usr/lib/systemd/system/varnishncsa.service
ubuntu,vaultlocker,lib/systemd/system/vaultlocker-decrypt@.service
ubuntu,vblade,usr/lib/systemd/system/vblade.service
ubuntu,vblade,usr/lib/systemd/system/vblade@.service
ubuntu,vdr,usr/lib/systemd/system/vdr.service
ubuntu,vdradmin-am,usr/lib/systemd/system/vdradmin-am.service
ubuntu,veyon-service,usr/lib/systemd/system/veyon.service
ubuntu,victoria-metrics,usr/lib/systemd/system/victoria-metrics.service
ubuntu,vip-manager,usr/lib/systemd/system/vip-manager.service
ubuntu,vip-manager,usr/lib/systemd/system/vip-manager@.service
ubuntu,vip-manager2,usr/lib/systemd/system/vip-manager.service
ubuntu,vip-manager2,usr/lib/systemd/system/vip-manager@.service
ubuntu,virtualbmc,usr/lib/systemd/system/vbmcd.service
ubuntu,virtualbox,usr/lib/systemd/system/virtualbox.service
ubuntu,virtualbox-guest-utils,usr/lib/systemd/system/virtualbox-guest-utils.service
ubuntu,virtualgps,usr/lib/systemd/system/virtualgps.service
ubuntu,virtuoso-opensource-7,usr/lib/systemd/system/virtuoso-opensource-7.service
ubuntu,vitrage-api,usr/lib/systemd/system/vitrage-api.service
ubuntu,vitrage-collector,usr/lib/systemd/system/vitrage-collector.service
ubuntu,vitrage-graph,usr/lib/systemd/system/vitrage-graph.service
ubuntu,vitrage-ml,usr/lib/systemd/system/vitrage-ml.service
ubuntu,vitrage-notifier,usr/lib/systemd/system/vitrage-notifier.service
ubuntu,vitrage-persistor,usr/lib/systemd/system/vitrage-persistor.service
ubuntu,vitrage-snmp-parsing,usr/lib/systemd/system/vitrage-snmp-parsing.service
ubuntu,vmms-api,usr/lib/systemd/system/vmms-api.service
ubuntu,vmms-worker,usr/lib/systemd/system/vmms-worker.service
ubuntu,vmtouch,usr/lib/systemd/system/vmtouch.service
ubuntu,vnstat,usr/lib/systemd/system/vnstat.service
ubuntu,voms-server,usr/lib/systemd/system/voms@.service
ubuntu,vpnc,usr/lib/systemd/system/vpnc@.service
ubuntu,vrfydmn,usr/lib/systemd/system/vrfydmn.service
ubuntu,vsftpd,usr/lib/systemd/system/vsftpd.service
ubuntu,vzlogger,usr/lib/systemd/system/vzlogger.service
ubuntu,w1retap,usr/lib/systemd/system/w1retap.service
ubuntu,walinuxagent,usr/lib/systemd/system/ephemeral-disk-warning.service
ubuntu,walinuxagent,usr/lib/systemd/system/walinuxagent.service
ubuntu,walldns,usr/lib/systemd/system/walldns.service
ubuntu,watchdog,usr/lib/systemd/system/watchdog.service
ubuntu,watchdog,usr/lib/systemd/system/wd_keepalive.service
ubuntu,watcher-api,usr/lib/systemd/system/watcher-api.service
ubuntu,watcher-applier,usr/lib/systemd/system/watcher-applier.service
ubuntu,watcher-decision-engine,usr/lib/systemd/system/watcher-decision-engine.service
ubuntu,wdm,usr/lib/systemd/system/wdm.service
ubuntu,weakforced,usr/lib/systemd/system/wforce.service
ubuntu,weakforced-trackalert,usr/lib/systemd/system/trackalert.service
ubuntu,webdis,usr/lib/systemd/system/webdis.service
ubuntu,webfs,usr/lib/systemd/system/webfs.service
ubuntu,webhook,lib/systemd/system/webhook.service
ubuntu,weborf-daemon,usr/lib/systemd/system/weborf.service
ubuntu,weborf-daemon,usr/lib/systemd/system/weborf@.service
ubuntu,wesnoth-1.18-server,usr/lib/systemd/system/wesnoth-1.18-server.service
ubuntu,wg-netns,usr/lib/systemd/system/wg-netns@.service
ubuntu,whereami,usr/lib/systemd/system/whereami.service
ubuntu,whoopsie,usr/lib/systemd/system/whoopsie.service
ubuntu,winbind,usr/lib/systemd/system/winbind.service
ubuntu,wireguard-tools,usr/lib/systemd/system/wg-quick@.service
ubuntu,wireplumber-system-services,usr/lib/systemd/system/wireplumber.service
ubuntu,wireplumber-system-services,usr/lib/systemd/system/wireplumber@.service
ubuntu,wmbusmeters,usr/lib/systemd/system/wmbusmeters.service
ubuntu,wpasupplicant,usr/lib/systemd/system/wpa_supplicant-nl80211@.service
ubuntu,wpasupplicant,usr/lib/systemd/system/wpa_supplicant-wired@.service
ubuntu,wpasupplicant,usr/lib/systemd/system/wpa_supplicant.service
ubuntu,wpasupplicant,usr/lib/systemd/system/wpa_supplicant@.service
ubuntu,wsdd-server,usr/lib/systemd/system/wsdd-server.service
ubuntu,wsdd2,usr/lib/systemd/system/wsdd2.service
ubuntu,wsl-pro-service,usr/lib/systemd/system/wsl-pro.service
ubuntu,wtmpdb,usr/lib/systemd/system/wtmpdb-update-boot.service
ubuntu,x2gobroker-authservice,usr/lib/systemd/system/x2gobroker-authservice.service
ubuntu,x2gobroker-daemon,usr/lib/systemd/system/x2gobroker-daemon.service
ubuntu,x2gobroker-loadchecker,usr/lib/systemd/system/x2gobroker-loadchecker.service
ubuntu,x2goserver,usr/lib/systemd/system/x2goserver.service
ubuntu,x2gothinclient-cdmanager,usr/lib/systemd/system/x2gothinclient-cdmanager.service
ubuntu,x2gothinclient-displaymanager,usr/lib/systemd/system/x2gothinclient-displaymanager.service
ubuntu,xdm,usr/lib/systemd/system/xdm.service
ubuntu,xe-guest-utilities,usr/lib/systemd/system/xe-daemon.service
ubuntu,xen-utils-common,usr/lib/systemd/system/xen.service
ubuntu,xen-utils-common,usr/lib/systemd/system/xendomains.service
ubuntu,xfsprogs,usr/lib/systemd/system/xfs_scrub@.service
ubuntu,xfsprogs,usr/lib/systemd/system/xfs_scrub_all.service
ubuntu,xfsprogs,usr/lib/systemd/system/xfs_scrub_all_fail.service
ubuntu,xfsprogs,usr/lib/systemd/system/xfs_scrub_fail@.service
ubuntu,xfsprogs,usr/lib/systemd/system/xfs_scrub_media@.service
ubuntu,xfsprogs,usr/lib/systemd/system/xfs_scrub_media_fail@.service
ubuntu,xinetd,usr/lib/systemd/system/xinetd.service
ubuntu,xl2tpd,usr/lib/systemd/system/xl2tpd.service
ubuntu,xrdp,usr/lib/systemd/system/xrdp-sesman.service
ubuntu,xrdp,usr/lib/systemd/system/xrdp.service
ubuntu,xringd,usr/lib/systemd/system/xringd.service
ubuntu,xrootd-server,usr/lib/systemd/system/cmsd@.service
ubuntu,xrootd-server,usr/lib/systemd/system/frm_purged@.service
ubuntu,xrootd-server,usr/lib/systemd/system/frm_xfrd@.service
ubuntu,xrootd-server,usr/lib/systemd/system/xrootd@.service
ubuntu,xserver-xorg-input-wacom,usr/lib/systemd/system/wacom-inputattach@.service
ubuntu,xymon,usr/lib/systemd/system/xymon.service
ubuntu,xymon-client,usr/lib/systemd/system/xymon-client.service
ubuntu,yadifa,usr/lib/systemd/system/yadifa.service
ubuntu,yaku-ns,usr/lib/systemd/system/yaku-ns.service
ubuntu,yaskkserv,usr/lib/systemd/system/yaskkserv.service
ubuntu,yaws,usr/lib/systemd/system/yaws.service
ubuntu,yggdrasil,usr/lib/systemd/system/yggdrasil.service
ubuntu,ypbind-mt,usr/lib/systemd/system/ypbind.service
ubuntu,ypserv,usr/lib/systemd/system/yppasswdd.service
ubuntu,ypserv,usr/lib/systemd/system/ypserv.service
ubuntu,ypserv,usr/lib/systemd/system/ypxfr_1perday.service
ubuntu,ypserv,usr/lib/systemd/system/ypxfr_1perhour.service
ubuntu,ypserv,usr/lib/systemd/system/ypxfr_2perday.service
ubuntu,ypserv,usr/lib/systemd/system/ypxfrd.service
ubuntu,yubihsm-connector,usr/lib/systemd/system/yubihsm-connector.service
ubuntu,yubikey-luks,usr/lib/systemd/system/yubikey-luks-suspend.service
ubuntu,zabbix-agent,usr/lib/systemd/system/zabbix-agent.service
ubuntu,zabbix-agent2,usr/lib/systemd/system/zabbix-agent2.service
ubuntu,zabbix-java-gateway,usr/lib/systemd/system/zabbix-java-gateway.service
ubuntu,zabbix-proxy-mysql,usr/lib/systemd/system/zabbix-proxy.service
ubuntu,zabbix-proxy-pgsql,usr/lib/systemd/system/zabbix-proxy.service
ubuntu,zabbix-proxy-sqlite3,usr/lib/systemd/system/zabbix-proxy.service
ubuntu,zabbix-server-mysql,usr/lib/systemd/system/zabbix-server.service
ubuntu,zabbix-server-pgsql,usr/lib/systemd/system/zabbix-server.service
ubuntu,zabbix-web-service,usr/lib/systemd/system/zabbix-web-service.service
ubuntu,zaqar-server,usr/lib/systemd/system/zaqar-server.service
ubuntu,zcfan,usr/lib/systemd/system/zcfan.service
ubuntu,zephyr-clients,usr/lib/systemd/system/zhm.service
ubuntu,zephyr-server,usr/lib/systemd/system/zephyrd.service
ubuntu,zephyr-server-krb5,usr/lib/systemd/system/zephyrd.service
ubuntu,zeroc-glacier2,usr/lib/systemd/system/glacier2router.service
ubuntu,zeroc-icegrid,usr/lib/systemd/system/icegridnode.service
ubuntu,zeroc-icegrid,usr/lib/systemd/system/icegridregistry.service
ubuntu,zfs-fuse,usr/lib/systemd/system/zfs-fuse.service
ubuntu,zfs-zed,usr/lib/systemd/system/zfs-zed.service
ubuntu,zfsutils-linux,usr/lib/systemd/system/zfs-import-cache.service
ubuntu,zfsutils-linux,usr/lib/systemd/system/zfs-import-scan.service
ubuntu,zfsutils-linux,usr/lib/systemd/system/zfs-import.service
ubuntu,zfsutils-linux,usr/lib/systemd/system/zfs-load-key.service
ubuntu,zfsutils-linux,usr/lib/systemd/system/zfs-load-module.service
ubuntu,zfsutils-linux,usr/lib/systemd/system/zfs-mount.service
ubuntu,zfsutils-linux,usr/lib/systemd/system/zfs-mount@.service
ubuntu,zfsutils-linux,usr/lib/systemd/system/zfs-scrub@.service
ubuntu,zfsutils-linux,usr/lib/systemd/system/zfs-share.service
ubuntu,zfsutils-linux,usr/lib/systemd/system/zfs-trim@.service
ubuntu,zfsutils-linux,usr/lib/systemd/system/zfs-volume-wait.service
ubuntu,ziproxy,usr/lib/systemd/system/ziproxy.service
ubuntu,znc,usr/lib/systemd/system/znc.service
ubuntu,zoneminder,usr/lib/systemd/system/zoneminder.service
ubuntu,zookeeperd,usr/lib/systemd/system/zookeeper.service
ubuntu,zram-config,usr/lib/systemd/system/zram-config.service
ubuntu,zram-tools,usr/lib/systemd/system/zramswap.service
ubuntu,zsnapd,usr/lib/systemd/system/zsnapd.service
ubuntu,zvbi,usr/lib/systemd/system/zvbi.service
ubuntu,zvmcloudconnector-api,usr/lib/systemd/system/sdkserver.service
fedora,2ping,/usr/lib/systemd/system/2ping.service
fedora,389-ds-base,/usr/lib/systemd/system/dirsrv@.service
fedora,389-ds-base,/usr/lib/systemd/system/dirsrv@.service.d/custom.conf
fedora,389-ds-base-snmp,/usr/lib/systemd/system/dirsrv-snmp.service
fedora,3proxy,/usr/lib/systemd/system/3proxy.service
fedora,4diac-forte,/usr/lib/systemd/system/4diac-forte.service
fedora,BackupPC,/usr/lib/systemd/system/backuppc.service
fedora,ModemManager,/usr/lib/systemd/system/ModemManager.service
fedora,MySQL-zrm,/usr/lib/systemd/system/MySQL-zrm.service
fedora,NetworkManager,/usr/lib/systemd/system/NetworkManager-dispatcher.service
fedora,NetworkManager,/usr/lib/systemd/system/NetworkManager-wait-online.service
fedora,NetworkManager,/usr/lib/systemd/system/NetworkManager.service
fedora,NetworkManager,/usr/lib/systemd/system/nm-priv-helper.service
fedora,NetworkManager-cloud-setup,/usr/lib/systemd/system/nm-cloud-setup.service
fedora,NetworkManager-ovs,/usr/lib/systemd/system/NetworkManager.service.d/NetworkManager-ovs.conf
fedora,OpenIPMI,/usr/lib/systemd/system/ipmi.service
fedora,PackageKit,/usr/lib/systemd/system/packagekit-offline-update.service
fedora,PackageKit,/usr/lib/systemd/system/packagekit.service
fedora,PackageKit,/usr/lib/systemd/system/system-update.target.wants/packagekit-offline-update.service
fedora,Perlbal,/usr/lib/systemd/system/perlbal.service
fedora,ServiceReport,/usr/lib/systemd/system/servicereport.service
fedora,WALinuxAgent,/usr/lib/systemd/system/waagent.service
fedora,abrt,/usr/lib/systemd/system/abrtd.service
fedora,abrt-addon-ccpp,/usr/lib/systemd/system/abrt-journal-core.service
fedora,abrt-addon-kerneloops,/usr/lib/systemd/system/abrt-oops.service
fedora,abrt-addon-pstoreoops,/usr/lib/systemd/system/abrt-pstoreoops.service
fedora,abrt-addon-upload-watch,/usr/lib/systemd/system/abrt-upload-watch.service
fedora,abrt-addon-vmcore,/usr/lib/systemd/system/abrt-vmcore.service
fedora,abrt-addon-xorg,/usr/lib/systemd/system/abrt-xorg.service
fedora,accel-ppp,/usr/lib/systemd/system/accel-ppp.service
fedora,accountsservice,/usr/lib/systemd/system/accounts-daemon.service
fedora,acme-tiny,/usr/lib/systemd/system/acme-tiny-notify.service
fedora,acme-tiny,/usr/lib/systemd/system/acme-tiny.service
fedora,acpid,/usr/lib/systemd/system/acpid.service
fedora,addrwatch,/usr/lib/systemd/system/addrwatch.service
fedora,afterburn,/usr/lib/systemd/system/afterburn-checkin.service
fedora,afterburn,/usr/lib/systemd/system/afterburn-firstboot-checkin.service
fedora,afterburn,/usr/lib/systemd/system/afterburn-sshkeys@.service
fedora,afterburn,/usr/lib/systemd/system/afterburn.service
fedora,ahcpd,/usr/lib/systemd/system/ahcpd.service
fedora,akmods,/usr/lib/systemd/system/akmods-keygen@.service
fedora,akmods,/usr/lib/systemd/system/akmods-shutdown.service
fedora,akmods,/usr/lib/systemd/system/akmods.service
fedora,akmods,/usr/lib/systemd/system/akmods@.service
fedora,alertmanager,/usr/lib/systemd/system/prometheus-alertmanager.service
fedora,alsa-utils,/usr/lib/systemd/system/alsa-card-wait@.service
fedora,alsa-utils,/usr/lib/systemd/system/alsa-restore.service
fedora,alsa-utils,/usr/lib/systemd/system/alsa-state.service
fedora,alsa-utils,/usr/lib/systemd/system/sound.target.wants/alsa-restore.service
fedora,alsa-utils,/usr/lib/systemd/system/sound.target.wants/alsa-state.service
fedora,am-utils,/usr/lib/systemd/system/amd.service
fedora,amanda,/usr/lib/systemd/system/amanda-udp.service
fedora,amanda,/usr/lib/systemd/system/amanda@.service
fedora,amanda,/usr/lib/systemd/system/kamanda@.service
fedora,amavis,/usr/lib/systemd/system/amavisd.service
fedora,amavis-snmp,/usr/lib/systemd/system/amavisd-snmp.service
fedora,amavisd-milter,/usr/lib/systemd/system/amavisd-milter.service
fedora,ampr-ripd,/usr/lib/systemd/system/ampr-ripd.service
fedora,amprd,/usr/lib/systemd/system/amprd.service
fedora,anaconda-core,/usr/lib/systemd/system/anaconda-direct.service
fedora,anaconda-core,/usr/lib/systemd/system/anaconda-fips.service
fedora,anaconda-core,/usr/lib/systemd/system/anaconda-import-initramfs-certs.service
fedora,anaconda-core,/usr/lib/systemd/system/anaconda-nm-config.service
fedora,anaconda-core,/usr/lib/systemd/system/anaconda-nm-disable-autocons-rhel.service
fedora,anaconda-core,/usr/lib/systemd/system/anaconda-nm-disable-autocons.service
fedora,anaconda-core,/usr/lib/systemd/system/anaconda-noshell.service
fedora,anaconda-core,/usr/lib/systemd/system/anaconda-pre.service
fedora,anaconda-core,/usr/lib/systemd/system/anaconda-s390-device-config-import.service
fedora,anaconda-core,/usr/lib/systemd/system/anaconda-shell@.service
fedora,anaconda-core,/usr/lib/systemd/system/anaconda-sshd.service
fedora,anaconda-core,/usr/lib/systemd/system/anaconda-tmux@.service
fedora,anaconda-core,/usr/lib/systemd/system/anaconda.service
fedora,anaconda-core,/usr/lib/systemd/system/instperf.service
fedora,anaconda-webui,/usr/lib/systemd/system/webui-cockpit-ws.service
fedora,anope,/usr/lib/systemd/system/anope.service
fedora,anubis,/usr/lib/systemd/system/anubis@.service
fedora,anyterm,/usr/lib/systemd/system/anyterm.service
fedora,apcupsd,/lib/systemd/system/apcupsd.service
fedora,apg,/usr/lib/systemd/system/apg@.service
fedora,aprsd,/usr/lib/systemd/system/aprsd.service
fedora,aprsdigi,/usr/lib/systemd/system/aprsbeacon.service
fedora,aprsdigi,/usr/lib/systemd/system/aprsdigi.service
fedora,apt-cacher-ng,/usr/lib/systemd/system/apt-cacher-ng.service
fedora,archlinux-keyring,/usr/lib/systemd/system/archlinux-keyring-wkd-sync.service
fedora,argus,/usr/lib/systemd/system/argus.service
fedora,arpwatch,/usr/lib/systemd/system/arpwatch.service
fedora,asahi-battery,/usr/lib/systemd/system/macsmc-battery-charge-control-end-threshold.service
fedora,asahi-btsync,/usr/lib/systemd/system/asahi-btsync.service
fedora,asterisk,/usr/lib/systemd/system/asterisk.service
fedora,at,/usr/lib/systemd/system/atd.service
fedora,atop,/usr/lib/systemd/system/atop-rotate.service
fedora,atop,/usr/lib/systemd/system/atop.service
fedora,atop,/usr/lib/systemd/system/atopacct.service
fedora,audit,/usr/lib/systemd/system/auditd.service
fedora,audit-rules,/usr/lib/systemd/system/audit-rules.service
fedora,authd,/usr/lib/systemd/system/auth@.service
fedora,authselect-libs,/usr/lib/systemd/system/authselect-apply-changes.service
fedora,autofs,/usr/lib/systemd/system/autofs.service
fedora,autorandr,/usr/lib/systemd/system/autorandr-lid-listener.service
fedora,autorandr,/usr/lib/systemd/system/autorandr.service
fedora,autossh,/usr/lib/systemd/system/autossh@.service
fedora,avahi,/usr/lib/systemd/system/avahi-daemon.service
fedora,avahi-dnsconfd,/usr/lib/systemd/system/avahi-dnsconfd.service
fedora,azure-vm-utils,/usr/lib/systemd/system/azure-ephemeral-disk-setup.service
fedora,babeld,/usr/lib/systemd/system/babeld.service
fedora,bacula-client,/usr/lib/systemd/system/bacula-fd.service
fedora,bacula-director,/usr/lib/systemd/system/bacula-dir.service
fedora,bacula-storage,/usr/lib/systemd/system/bacula-sd.service
fedora,bcachefs-tools,/usr/lib/systemd/system/bcachefs-wait-devices@.service
fedora,bdii,/usr/lib/systemd/system/bdii-slapd.service
fedora,bdii,/usr/lib/systemd/system/bdii.service
fedora,beanstalkd,/usr/lib/systemd/system/beanstalkd.service
fedora,bees,/usr/lib/systemd/system/beesd@.service
fedora,below,/usr/lib/systemd/system/below.service
fedora,bind,/usr/lib/systemd/system/named-setup-rndc.service
fedora,bind,/usr/lib/systemd/system/named.service
fedora,bind-chroot,/usr/lib/systemd/system/named-chroot-setup.service
fedora,bind-chroot,/usr/lib/systemd/system/named-chroot.service
fedora,bind9-next,/usr/lib/systemd/system/named-setup-rndc.service
fedora,bind9-next,/usr/lib/systemd/system/named.service
fedora,bind9-next-chroot,/usr/lib/systemd/system/named-chroot-setup.service
fedora,bind9-next-chroot,/usr/lib/systemd/system/named-chroot.service
fedora,bird,/usr/lib/systemd/system/bird.service
fedora,bitcoin-core-server,/usr/lib/systemd/system/bitcoin.service
fedora,bitlbee,/usr/lib/systemd/system/bitlbee.service
fedora,bitlbee,/usr/lib/systemd/system/bitlbee@.service
fedora,blivet-data,/usr/lib/systemd/system/blivet.service
fedora,bluechi-agent,/usr/lib/systemd/system/bluechi-agent.service
fedora,bluechi-agent,/usr/lib/systemd/system/bluechi-dep@.service
fedora,bluechi-agent,/usr/lib/systemd/system/bluechi-proxy@.service
fedora,bluechi-controller,/usr/lib/systemd/system/bluechi-controller.service
fedora,blueman,/usr/lib/systemd/system/blueman-mechanism.service
fedora,bluez,/usr/lib/systemd/system/bluetooth.service
fedora,bluez-mesh,/usr/lib/systemd/system/bluetooth-mesh.service
fedora,bmc-snmp-proxy,/usr/lib/systemd/system/bmc-snmp-proxy.service
fedora,boinc-client,/usr/lib/systemd/system/boinc-client.service
fedora,bolt,/usr/lib/systemd/system/bolt.service
fedora,bootc,/usr/lib/systemd/system/bootc-destructive-cleanup.service
fedora,bootc,/usr/lib/systemd/system/bootc-fetch-apply-updates.service
fedora,bootc,/usr/lib/systemd/system/bootc-finalize-staged.service
fedora,bootc,/usr/lib/systemd/system/bootc-publish-rhsm-facts.service
fedora,bootc,/usr/lib/systemd/system/bootc-root-setup.service
fedora,bootc,/usr/lib/systemd/system/bootc-sysusers-shadow-sync.service
fedora,booth-arbitrator,/usr/lib/systemd/system/booth-arbitrator.service
fedora,booth-arbitrator,/usr/lib/systemd/system/booth@.service
fedora,bootupd,/usr/lib/systemd/system/bootloader-update.service
fedora,borgmatic,/usr/lib/systemd/system/borgmatic.service
fedora,bpfilter,/usr/lib/systemd/system/bpfilter.service
fedora,bpfman,/usr/lib/systemd/system/bpfman.service
fedora,brltty,/usr/lib/systemd/system/brltty.service
fedora,btrbk,/usr/lib/systemd/system/btrbk.service
fedora,btrfsd,/usr/lib/systemd/system/btrfsd.service
fedora,btrfsmaintenance,/usr/lib/systemd/system/btrfs-balance.service
fedora,btrfsmaintenance,/usr/lib/systemd/system/btrfs-defrag.service
fedora,btrfsmaintenance,/usr/lib/systemd/system/btrfs-scrub.service
fedora,btrfsmaintenance,/usr/lib/systemd/system/btrfs-trim.service
fedora,btrfsmaintenance,/usr/lib/systemd/system/btrfsmaintenance-refresh.service
fedora,buildbot-master,/usr/lib/systemd/system/buildbot-master@.service
fedora,buildbot-master,/usr/lib/systemd/system/buildbot-master@.service.d/fedora.conf
fedora,buildbot-worker,/usr/lib/systemd/system/buildbot-worker@.service
fedora,buildbot-worker,/usr/lib/systemd/system/buildbot-worker@.service.d/fedora.conf
fedora,bwbar,/usr/lib/systemd/system/bwbar.service
fedora,bzflag,/usr/lib/systemd/system/bzflag.service
fedora,c-icap,/usr/lib/systemd/system/c-icap.service
fedora,cachefilesd,/usr/lib/systemd/system/cachefilesd.service
fedora,caddy,/usr/lib/systemd/system/caddy-api.service
fedora,caddy,/usr/lib/systemd/system/caddy.service
fedora,calypso,/usr/lib/systemd/system/calypso.service
fedora,ceph-base,/usr/lib/systemd/system/ceph-crash.service
fedora,ceph-common,/usr/lib/systemd/system/rbdmap.service
fedora,ceph-exporter,/usr/lib/systemd/system/ceph-exporter@.service
fedora,ceph-fuse,/usr/lib/systemd/system/ceph-fuse@.service
fedora,ceph-immutable-object-cache,/usr/lib/systemd/system/ceph-immutable-object-cache@.service
fedora,ceph-mds,/usr/lib/systemd/system/ceph-mds@.service
fedora,ceph-mgr,/usr/lib/systemd/system/ceph-mgr@.service
fedora,ceph-mon,/usr/lib/systemd/system/ceph-mon@.service
fedora,ceph-osd,/usr/lib/systemd/system/ceph-osd@.service
fedora,ceph-radosgw,/usr/lib/systemd/system/ceph-radosgw@.service
fedora,ceph-volume,/usr/lib/systemd/system/ceph-volume@.service
fedora,cephfs-mirror,/usr/lib/systemd/system/cephfs-mirror@.service
fedora,certbot,/usr/lib/systemd/system/certbot-renew.service
fedora,certmonger,/usr/lib/systemd/system/certmonger.service
fedora,chrony,/usr/lib/systemd/system/chrony-wait.service
fedora,chrony,/usr/lib/systemd/system/chronyd-restricted.service
fedora,chrony,/usr/lib/systemd/system/chronyd.service
fedora,cjdns,/usr/lib/systemd/system/cjdns-loadmodules.service
fedora,cjdns,/usr/lib/systemd/system/cjdns-resume.service
fedora,cjdns,/usr/lib/systemd/system/cjdns-wait-online.service
fedora,cjdns,/usr/lib/systemd/system/cjdns.service
fedora,ckb-next,/usr/lib/systemd/system/ckb-next-daemon.service
fedora,clamav,/usr/lib/systemd/system/clamav-clamonacc.service
fedora,clamav,/usr/lib/systemd/system/clamonacc.service
fedora,clamav-freshclam,/usr/lib/systemd/system/clamav-freshclam-once.service
fedora,clamav-freshclam,/usr/lib/systemd/system/clamav-freshclam.service
fedora,clamav-milter,/usr/lib/systemd/system/clamav-milter.service
fedora,clamav-unofficial-sigs,/usr/lib/systemd/system/clamav-unofficial-sigs.service
fedora,clamd,/usr/lib/systemd/system/clamd@.service
fedora,clash-meta,/usr/lib/systemd/system/clash-meta.service
fedora,clash-meta,/usr/lib/systemd/system/clash-meta@.service
fedora,clatd,/usr/lib/systemd/system/clatd.service
fedora,clevis-pin-pkcs11,/usr/lib/systemd/system/clevis-luks-pkcs11-askpass.service
fedora,clevis-systemd,/usr/lib/systemd/system/clevis-luks-askpass.service
fedora,cloud-init,/usr/lib/systemd/system/cloud-config.service
fedora,cloud-init,/usr/lib/systemd/system/cloud-final.service
fedora,cloud-init,/usr/lib/systemd/system/cloud-init-hotplugd.service
fedora,cloud-init,/usr/lib/systemd/system/cloud-init-local.service
fedora,cloud-init,/usr/lib/systemd/system/cloud-init-main.service
fedora,cloud-init,/usr/lib/systemd/system/cloud-init-network.service
fedora,cloud-init,/usr/lib/systemd/system/sshd-keygen@.service.d/disable-sshd-keygen-if-cloud-init-active.conf
fedora,cntlm,/usr/lib/systemd/system/cntlm.service
fedora,cobbler,/usr/lib/systemd/system/cobblerd.service
fedora,cockpit-ws,/usr/lib/systemd/system/cockpit-issue.service
fedora,cockpit-ws,/usr/lib/systemd/system/cockpit-session-socket-user.service
fedora,cockpit-ws,/usr/lib/systemd/system/cockpit-session@.service
fedora,cockpit-ws,/usr/lib/systemd/system/cockpit-wsinstance-http.service
fedora,cockpit-ws,/usr/lib/systemd/system/cockpit-wsinstance-https-factory@.service
fedora,cockpit-ws,/usr/lib/systemd/system/cockpit-wsinstance-https@.service
fedora,cockpit-ws,/usr/lib/systemd/system/cockpit-wsinstance-socket-user.service
fedora,cockpit-ws,/usr/lib/systemd/system/cockpit.service
fedora,collectd,/usr/lib/systemd/system/collectd.service
fedora,collectl,/usr/lib/systemd/system/collectl.service
fedora,colord,/usr/lib/systemd/system/colord.service
fedora,condor,/usr/lib/systemd/system/condor.service
fedora,condor-annex-ec2,/usr/lib/systemd/system/condor-annex-ec2.service
fedora,conman,/usr/lib/systemd/system/conman.service
fedora,conntrack-tools,/usr/lib/systemd/system/conntrackd.service
fedora,conserver,/usr/lib/systemd/system/conserver.service
fedora,consolation,/usr/lib/systemd/system/consolation.service
fedora,console-login-helper-messages-issuegen,/usr/lib/systemd/system/console-login-helper-messages-gensnippet-ssh-keys.service
fedora,console-login-helper-messages-motdgen,/usr/lib/systemd/system/console-login-helper-messages-gensnippet-os-release.service
fedora,containerd,/usr/lib/systemd/system/containerd.service
fedora,containernetworking-plugins,/usr/lib/systemd/system/cni-dhcp.service
fedora,copr-backend,/usr/lib/systemd/system/copr-backend-action.service
fedora,copr-backend,/usr/lib/systemd/system/copr-backend-build.service
fedora,copr-backend,/usr/lib/systemd/system/copr-backend-log.service
fedora,copr-dist-git,/usr/lib/systemd/system/copr-dist-git.service
fedora,coreos-installer-bootinfra,/usr/lib/systemd/system/coreos-installer-disable-device-auto-activation.service
fedora,coreos-installer-bootinfra,/usr/lib/systemd/system/coreos-installer-noreboot.service
fedora,coreos-installer-bootinfra,/usr/lib/systemd/system/coreos-installer-reboot.service
fedora,coreos-installer-bootinfra,/usr/lib/systemd/system/coreos-installer-secure-ipl-reboot.service
fedora,coreos-installer-bootinfra,/usr/lib/systemd/system/coreos-installer.service
fedora,corosync,/usr/lib/systemd/system/corosync-notifyd.service
fedora,corosync,/usr/lib/systemd/system/corosync.service
fedora,corosync-qdevice,/usr/lib/systemd/system/corosync-qdevice.service
fedora,corosync-qnetd,/usr/lib/systemd/system/corosync-qnetd.service
fedora,cosmic-greeter,/usr/lib/systemd/system/cosmic-greeter-daemon.service
fedora,cosmic-greeter,/usr/lib/systemd/system/cosmic-greeter.service
fedora,coturn,/usr/lib/systemd/system/coturn.service
fedora,credentials-fetcher,/usr/lib/systemd/system/credentials-fetcher.service
fedora,credentials-fetcher,/usr/lib/systemd/system/ecs.service.d/ecs-require-credentials-fetcher.conf
fedora,cri-o,/usr/lib/systemd/system/crio-wipe.service
fedora,cri-o,/usr/lib/systemd/system/crio.service
fedora,cri-o1.33,/usr/lib/systemd/system/crio-wipe.service
fedora,cri-o1.33,/usr/lib/systemd/system/crio.service
fedora,cri-o1.34,/usr/lib/systemd/system/crio-wipe.service
fedora,cri-o1.34,/usr/lib/systemd/system/crio.service
fedora,cri-o1.35,/usr/lib/systemd/system/crio-wipe.service
fedora,cri-o1.35,/usr/lib/systemd/system/crio.service
fedora,cri-o1.36,/usr/lib/systemd/system/crio-wipe.service
fedora,cri-o1.36,/usr/lib/systemd/system/crio.service
fedora,croc,/usr/lib/systemd/system/croc.service
fedora,cronie,/usr/lib/systemd/system/crond.service
fedora,crossfire,/usr/lib/systemd/system/crossfire.service
fedora,crypto-auditing-agent,/usr/lib/systemd/system/crypto-auditing-agent.service
fedora,crypto-auditing-event-broker,/usr/lib/systemd/system/crypto-auditing-event-broker.service
fedora,crypto-policies,/usr/lib/systemd/system/fips-crypto-policy-overlay.service
fedora,cryptobone,/usr/lib/systemd/system/cryptobone-dbinit.service
fedora,cryptobone,/usr/lib/systemd/system/cryptobone-fetch.service
fedora,cryptobone,/usr/lib/systemd/system/cryptoboned.service
fedora,cryptobone,/usr/lib/systemd/system/cryptoboneexternd.service
fedora,ctdb,/usr/lib/systemd/system/ctdb.service
fedora,cups,/usr/lib/systemd/system/cups.service
fedora,cups-browsed,/usr/lib/systemd/system/cups-browsed.service
fedora,cups-filters,/usr/lib/systemd/system/cups.service.d/10-foomaticrip-upgrade.conf
fedora,cups-filters,/usr/lib/systemd/system/foomaticrip-upgrade.service
fedora,cups-lpd,/usr/lib/systemd/system/cups-lpd@.service
fedora,cvs,/usr/lib/systemd/system/cvs@.service
fedora,cwdaemon,/usr/lib/systemd/system/cwdaemon.service
fedora,cxl-cli,/usr/lib/systemd/system/cxl-monitor.service
fedora,cyrus-imapd,/usr/lib/systemd/system/cyrus-imapd-init.service
fedora,cyrus-imapd,/usr/lib/systemd/system/cyrus-imapd.service
fedora,cyrus-sasl,/usr/lib/systemd/system/saslauthd.service
fedora,dahdi-tools,/usr/lib/systemd/system/dahdi.service
fedora,dante-server,/usr/lib/systemd/system/sockd.service
fedora,darkhttpd,/usr/lib/systemd/system/darkhttpd.service
fedora,darkstat,/usr/lib/systemd/system/darkstat.service
fedora,daxctl,/usr/lib/systemd/system/daxdev-reconfigure@.service
fedora,dbus-broker,/usr/lib/systemd/system/dbus-broker.service
fedora,dbus-daemon,/usr/lib/systemd/system/dbus-daemon.service
fedora,ddccontrol,/usr/lib/systemd/system/ddccontrol.service
fedora,ddclient,/usr/lib/systemd/system/ddclient.service
fedora,deepin-api,/usr/lib/systemd/system/deepin-api-device.service
fedora,deepin-api,/usr/lib/systemd/system/deepin-login-sound.service
fedora,deepin-api,/usr/lib/systemd/system/deepin-shutdown-sound.service
fedora,deepin-api,/usr/lib/systemd/system/deepin-sound-theme-player.service
fedora,deepin-pw-check,/usr/lib/systemd/system/deepin-passwd-conf.service
fedora,deepin-system-monitor,/usr/lib/systemd/system/deepin-system-monitor-system-server.service
fedora,dehydrated,/usr/lib/systemd/system/dehydrated.service
fedora,deluge-daemon,/usr/lib/systemd/system/deluge-daemon.service
fedora,deluge-web,/usr/lib/systemd/system/deluge-web.service
fedora,device-mapper-event,/usr/lib/systemd/system/dm-event.service
fedora,device-mapper-multipath,/usr/lib/systemd/system/multipathd-queueing.service
fedora,device-mapper-multipath,/usr/lib/systemd/system/multipathd.service
fedora,dhcp-forwarder,/usr/lib/systemd/system/dhcp-forwarder.service
fedora,dhcp-relay,/usr/lib/systemd/system/dhcrelay.service
fedora,dhcp-server,/usr/lib/systemd/system/dhcpd.service
fedora,dhcp-server,/usr/lib/systemd/system/dhcpd6.service
fedora,dhcpcd,/usr/lib/systemd/system/dhcpcd.service
fedora,dhcpcd,/usr/lib/systemd/system/dhcpcd@.service
fedora,dictd-server,/usr/lib/systemd/system/dictd.service
fedora,dionaea,/usr/lib/systemd/system/dionaea.service
fedora,direwolf,/usr/lib/systemd/system/direwolf.service
fedora,dist-git,/usr/lib/systemd/system/dist-git-gc.service
fedora,dist-git,/usr/lib/systemd/system/dist-git@.service
fedora,distcc-server,/usr/lib/systemd/system/distccd.service
fedora,dkms,/usr/lib/systemd/system/dkms.service
fedora,dlm,/usr/lib/systemd/system/dlm.service
fedora,dlt-daemon,/usr/lib/systemd/system/dlt.service
fedora,dlt-examples,/usr/lib/systemd/system/dlt-example-user.service
fedora,dlt-tools,/usr/lib/systemd/system/dlt-adaptor-udp.service
fedora,dlt-tools,/usr/lib/systemd/system/dlt-receive.service
fedora,dlt-tools,/usr/lib/systemd/system/dlt-system.service
fedora,dmapd,/usr/lib/systemd/system/dmapd.service
fedora,dnf5,/usr/lib/systemd/system/dnf-makecache.service
fedora,dnf5,/usr/lib/systemd/system/dnf5-makecache.service
fedora,dnf5,/usr/lib/systemd/system/dnf5-offline-transaction-cleanup.service
fedora,dnf5,/usr/lib/systemd/system/dnf5-offline-transaction.service
fedora,dnf5,/usr/lib/systemd/system/system-update.target.wants/dnf5-offline-transaction.service
fedora,dnf5-plugin-automatic,/usr/lib/systemd/system/dnf-automatic.service
fedora,dnf5-plugin-automatic,/usr/lib/systemd/system/dnf5-automatic.service
fedora,dnf5daemon-server,/usr/lib/systemd/system/dnf5daemon-server.service
fedora,dnfdaemon,/usr/lib/systemd/system/dnfdaemon.service
fedora,dnsconfd,/usr/lib/systemd/system/dnsconfd.service
fedora,dnsconfd-micro,/usr/lib/systemd/system/micro-dnsconfd.service
fedora,dnsconfd-unbound,/usr/lib/systemd/system/unbound.service.d/dnsconfd.conf
fedora,dnscrypt-proxy,/usr/lib/systemd/system/dnscrypt-proxy.service
fedora,dnsdist,/usr/lib/systemd/system/dnsdist.service
fedora,dnsdist,/usr/lib/systemd/system/dnsdist@.service
fedora,dnsmasq,/usr/lib/systemd/system/dnsmasq.service
fedora,dnssec-trigger,/usr/lib/systemd/system/dnssec-triggerd-keygen.service
fedora,dnssec-trigger,/usr/lib/systemd/system/dnssec-triggerd.service
fedora,docker-distribution,/usr/lib/systemd/system/docker-distribution.service
fedora,dogtag-pki-server,/usr/lib/systemd/system/pki-tomcatd-nuxwdog@.service
fedora,dogtag-pki-server,/usr/lib/systemd/system/pki-tomcatd@.service
fedora,domoticz,/usr/lib/systemd/system/domoticz.service
fedora,dovecot,/usr/lib/systemd/system/dovecot-init.service
fedora,dovecot,/usr/lib/systemd/system/dovecot.service
fedora,dracut,/usr/lib/systemd/system/dracut-cmdline.service
fedora,dracut,/usr/lib/systemd/system/dracut-initqueue.service
fedora,dracut,/usr/lib/systemd/system/dracut-mount.service
fedora,dracut,/usr/lib/systemd/system/dracut-pre-mount.service
fedora,dracut,/usr/lib/systemd/system/dracut-pre-pivot.service
fedora,dracut,/usr/lib/systemd/system/dracut-pre-trigger.service
fedora,dracut,/usr/lib/systemd/system/dracut-pre-udev.service
fedora,dracut,/usr/lib/systemd/system/dracut-shutdown-onfailure.service
fedora,dracut,/usr/lib/systemd/system/dracut-shutdown.service
fedora,dracut,/usr/lib/systemd/system/initrd.target.wants/dracut-cmdline.service
fedora,dracut,/usr/lib/systemd/system/initrd.target.wants/dracut-initqueue.service
fedora,dracut,/usr/lib/systemd/system/initrd.target.wants/dracut-mount.service
fedora,dracut,/usr/lib/systemd/system/initrd.target.wants/dracut-pre-mount.service
fedora,dracut,/usr/lib/systemd/system/initrd.target.wants/dracut-pre-pivot.service
fedora,dracut,/usr/lib/systemd/system/initrd.target.wants/dracut-pre-trigger.service
fedora,dracut,/usr/lib/systemd/system/initrd.target.wants/dracut-pre-udev.service
fedora,dracut,/usr/lib/systemd/system/sysinit.target.wants/dracut-shutdown.service
fedora,drbd-utils,/usr/lib/systemd/system/drbd-demote-or-escalate@.service
fedora,drbd-utils,/usr/lib/systemd/system/drbd-graceful-shutdown.service
fedora,drbd-utils,/usr/lib/systemd/system/drbd-lvchange@.service
fedora,drbd-utils,/usr/lib/systemd/system/drbd-promote@.service
fedora,drbd-utils,/usr/lib/systemd/system/drbd-reconfigure-suspend-or-error@.service
fedora,drbd-utils,/usr/lib/systemd/system/drbd-wait-promotable@.service
fedora,drbd-utils,/usr/lib/systemd/system/drbd.service
fedora,drbd-utils,/usr/lib/systemd/system/drbd@.service
fedora,drbdlinks,/usr/lib/systemd/system/drbdlinksclean.service
fedora,driverctl,/usr/lib/systemd/system/driverctl@.service
fedora,dropbear,/usr/lib/systemd/system/dropbear-keygen.service
fedora,dropbear,/usr/lib/systemd/system/dropbear.service
fedora,dynamic-hibernate,/usr/lib/systemd/system/dynamic-hibernate-cleanup.service
fedora,dynamic-hibernate,/usr/lib/systemd/system/dynamic-hibernate-prepare.service
fedora,dynamic-hibernate,/usr/lib/systemd/system/systemd-logind.service.d/00-dynamic-hibernate-logind.conf
fedora,e2scrub,/usr/lib/systemd/system/e2scrub@.service
fedora,e2scrub,/usr/lib/systemd/system/e2scrub_all.service
fedora,e2scrub,/usr/lib/systemd/system/e2scrub_fail@.service
fedora,e2scrub,/usr/lib/systemd/system/e2scrub_reap.service
fedora,earlyoom,/usr/lib/systemd/system/earlyoom.service
fedora,ebhttpd,/lib/systemd/system/ebhttpd@.service
fedora,ebnetd,/lib/systemd/system/ebnetd@.service
fedora,ec2-hibinit-agent,/usr/lib/systemd/system/hibinit-agent.service
fedora,ec2-instance-connect-config,/usr/lib/systemd/system/sshd.service.d/ec2-instance-connect.conf
fedora,edac-ctl,/usr/lib/systemd/system/edac.service
fedora,edg-mkgridmap,/usr/lib/systemd/system/edg-mkgridmap.service
fedora,elementary-settings-daemon,/usr/lib/systemd/system/io.elementary.settings-daemon.check-for-firmware-updates.service
fedora,elfutils-debuginfod,/usr/lib/systemd/system/debuginfod.service
fedora,endlessh,/usr/lib/systemd/system/endlessh.service
fedora,erlang-erts,/usr/lib/systemd/system/epmd.service
fedora,erlang-erts,/usr/lib/systemd/system/epmd@.service
fedora,et,/usr/lib/systemd/system/et.service
fedora,etcd,/usr/lib/systemd/system/etcd.service
fedora,etckeeper,/usr/lib/systemd/system/etckeeper.service
fedora,exabgp,/usr/lib/systemd/system/exabgp.service
fedora,exabgp,/usr/lib/systemd/system/exabgp@.service
fedora,exchange-bmc-os-info,/usr/lib/systemd/system/exchange-bmc-os-info.service
fedora,exim,/usr/lib/systemd/system/exim.service
fedora,exim-clamav,/usr/lib/systemd/system/clamd.exim.service
fedora,fail2ban-server,/usr/lib/systemd/system/fail2ban.service
fedora,faketpm,/usr/lib/systemd/system/faketpm.service
fedora,fapolicyd,/usr/lib/systemd/system/fapolicyd.service
fedora,fastd,/usr/lib/systemd/system/fastd@.service
fedora,fastnetmon,/usr/lib/systemd/system/fastnetmon.service
fedora,fbb,/usr/lib/systemd/system/fbb.service
fedora,fcgiwrap,/usr/lib/systemd/system/fcgiwrap@.service
fedora,fcoe-utils,/usr/lib/systemd/system/fcoe.service
fedora,fdo-admin-cli,/usr/lib/systemd/system/fdo-aio.service
fedora,fdo-client,/usr/lib/systemd/system/fdo-client-linuxapp.service
fedora,fdo-manufacturing-server,/usr/lib/systemd/system/fdo-manufacturing-server.service
fedora,fdo-owner-onboarding-server,/usr/lib/systemd/system/fdo-owner-onboarding-server.service
fedora,fdo-owner-onboarding-server,/usr/lib/systemd/system/fdo-serviceinfo-api-server.service
fedora,fdo-rendezvous-server,/usr/lib/systemd/system/fdo-rendezvous-server.service
fedora,fdr,/usr/lib/systemd/system/fdr.service
fedora,fedora-autofirstboot,/usr/lib/systemd/system/fedora-autofirstboot.service
fedora,fedora-iot-config,/usr/lib/systemd/system/fedora-iot-config-remote-fix.service
fedora,fedora-messaging,/usr/lib/systemd/system/fm-consumer@.service
fedora,fedora-third-party,/usr/lib/systemd/system/fedora-third-party-refresh.service
fedora,fence-virtd,/usr/lib/systemd/system/fence_virtd.service
fedora,festival,/usr/lib/systemd/system/festival.service
fedora,fetch-crl,/usr/lib/systemd/system/fetch-crl.service
fedora,fido,/usr/lib/systemd/system/fido.service
fedora,finger-server,/usr/lib/systemd/system/finger@.service
fedora,firebird,/usr/lib/systemd/system/firebird.service
fedora,firewalld,/usr/lib/systemd/system/firewalld.service
fedora,flatpak,/usr/lib/systemd/system/flatpak-add-fedora-repos.service
fedora,flatpak,/usr/lib/systemd/system/flatpak-system-helper.service
fedora,flow-tools,/usr/lib/systemd/system/flow-capture.service
fedora,fluent-bit,/usr/lib/systemd/system/fluent-bit.service
fedora,foomuuri,/usr/lib/systemd/system/foomuuri-boot.service
fedora,foomuuri,/usr/lib/systemd/system/foomuuri-dbus.service
fedora,foomuuri,/usr/lib/systemd/system/foomuuri-iplist.service
fedora,foomuuri,/usr/lib/systemd/system/foomuuri-monitor.service
fedora,foomuuri,/usr/lib/systemd/system/foomuuri.service
fedora,foosnapper,/usr/lib/systemd/system/foosnapper.service
fedora,forgejo,/usr/lib/systemd/system/forgejo-init.service
fedora,forgejo,/usr/lib/systemd/system/forgejo.service
fedora,forgejo-runner,/usr/lib/systemd/system/forgejo-runner.service
fedora,fprintd,/usr/lib/systemd/system/fprintd.service
fedora,freeipa-client-epn,/usr/lib/systemd/system/ipa-epn.service
fedora,freeipa-healthcheck,/usr/lib/systemd/system/ipa-healthcheck.service
fedora,freeipa-server,/usr/lib/systemd/system/ipa-ccache-sweep.service
fedora,freeipa-server,/usr/lib/systemd/system/ipa-otpd@.service
fedora,freeipa-server,/usr/lib/systemd/system/ipa.service
fedora,freeipa-server-common,/usr/lib/systemd/system/ipa-custodia.service
fedora,freeipa-server-dns,/usr/lib/systemd/system/ipa-dnskeysyncd.service
fedora,freeipa-server-dns,/usr/lib/systemd/system/ipa-ods-exporter.service
fedora,freeipmi-bmc-watchdog,/usr/lib/systemd/system/bmc-watchdog.service
fedora,freeipmi-ipmidetectd,/usr/lib/systemd/system/ipmidetectd.service
fedora,freeipmi-ipmiseld,/usr/lib/systemd/system/ipmiseld.service
fedora,freeradius,/usr/lib/systemd/system/radiusd.service
fedora,frozen-bubble-server,/usr/lib/systemd/system/fb-server.service
fedora,frr,/usr/lib/systemd/system/frr.service
fedora,fusioninventory-agent,/usr/lib/systemd/system/fusioninventory-agent.service
fedora,fwknop,/usr/lib/systemd/system/fwknopd.service
fedora,fwupd,/usr/lib/systemd/system/fwupd-refresh.service
fedora,fwupd,/usr/lib/systemd/system/fwupd.service
fedora,galera,/usr/lib/systemd/system/garb.service
fedora,gammu,/usr/lib/systemd/system/gammu-smsd.service
fedora,ganglia-gmetad,/usr/lib/systemd/system/gmetad.service
fedora,ganglia-gmond,/usr/lib/systemd/system/gmond.service
fedora,gap-pkg-scscp,/usr/lib/systemd/system/gap-scscp.service
fedora,gdm,/usr/lib/systemd/system/gdm.service
fedora,gdm,/usr/lib/systemd/system/gnome-headless-session@.service
fedora,gensio,/usr/lib/systemd/system/gtlsshd.service
fedora,geoclue2,/usr/lib/systemd/system/geoclue.service
fedora,geopmd,/usr/lib/systemd/system/geopm.service
fedora,gerbera,/usr/lib/systemd/system/gerbera.service
fedora,git-daemon,/usr/lib/systemd/system/git@.service
fedora,gitit,/usr/lib/systemd/system/gitit.service
fedora,gkrellm-daemon,/usr/lib/systemd/system/gkrellmd.service
fedora,glances,/usr/lib/systemd/system/glances.service
fedora,globus-gatekeeper,/usr/lib/systemd/system/globus-gatekeeper.service
fedora,globus-gridftp-server-progs,/usr/lib/systemd/system/globus-gridftp-server.service
fedora,globus-gridftp-server-progs,/usr/lib/systemd/system/globus-gridftp-sshftp.service
fedora,globus-scheduler-event-generator-progs,/usr/lib/systemd/system/globus-scheduler-event-generator@.service
fedora,gluster-block,/usr/lib/systemd/system/gluster-block-target.service
fedora,gluster-block,/usr/lib/systemd/system/gluster-blockd.service
fedora,glusterfs-events,/usr/lib/systemd/system/glustereventsd.service
fedora,glusterfs-server,/usr/lib/systemd/system/glusterd.service
fedora,glusterfs-server,/usr/lib/systemd/system/glusterfsd.service
fedora,glusterfs-server,/usr/lib/systemd/system/glusterfssharedstorage.service
fedora,glusterfs-thin-arbiter,/usr/lib/systemd/system/gluster-ta-volume.service
fedora,gnokii-smsd,/usr/lib/systemd/system/gnokii-smsd.service
fedora,gnome-remote-desktop,/usr/lib/systemd/system/gnome-remote-desktop-configuration.service
fedora,gnome-remote-desktop,/usr/lib/systemd/system/gnome-remote-desktop.service
fedora,gns3-server,/usr/lib/systemd/system/gns3.service
fedora,go-fdo-server-manufacturer,/usr/lib/systemd/system/go-fdo-server-manufacturer.service
fedora,go-fdo-server-owner,/usr/lib/systemd/system/go-fdo-server-owner.service
fedora,go-fdo-server-rendezvous,/usr/lib/systemd/system/go-fdo-server-rendezvous.service
fedora,golang-github-prometheus,/usr/lib/systemd/system/prometheus.service
fedora,golang-github-prometheus-alertmanager,/usr/lib/systemd/system/prometheus-alertmanager.service
fedora,google-disk-expand,/usr/lib/systemd/system/google-disk-expand.service
fedora,google-guest-agent,/usr/lib/systemd/system/google-guest-agent.service
fedora,google-guest-agent,/usr/lib/systemd/system/google-shutdown-scripts.service
fedora,google-guest-agent,/usr/lib/systemd/system/google-startup-scripts.service
fedora,google-osconfig-agent,/usr/lib/systemd/system/google-osconfig-agent.service
fedora,gpm,/usr/lib/systemd/system/gpm.service
fedora,gpsd,/usr/lib/systemd/system/gpsd.service
fedora,gpsd,/usr/lib/systemd/system/gpsdctl@.service
fedora,grafana,/usr/lib/systemd/system/grafana-server.service
fedora,greenboot,/usr/lib/systemd/system/greenboot-healthcheck.service
fedora,greenboot,/usr/lib/systemd/system/greenboot-set-rollback-trigger.service
fedora,greenboot-default-health-checks,/usr/lib/systemd/system/greenboot-healthcheck.service.d/10-network-online.conf
fedora,greetd,/usr/lib/systemd/system/greetd.service
fedora,groonga-server-gqtp,/usr/lib/systemd/system/groonga-server-gqtp.service
fedora,groonga-server-http,/usr/lib/systemd/system/groonga-server-http.service
fedora,group-service,/usr/lib/systemd/system/group-admin-daemon.service
fedora,grout,/usr/lib/systemd/system/grout.service
fedora,grub2-tools,/usr/lib/systemd/system/grub-boot-indeterminate.service
fedora,grub2-tools,/usr/lib/systemd/system/grub2-systemd-integration.service
fedora,grub2-tools,/usr/lib/systemd/system/reboot.target.wants/grub2-systemd-integration.service
fedora,grub2-tools,/usr/lib/systemd/system/system-update.target.wants/grub-boot-indeterminate.service
fedora,grub2-tools,/usr/lib/systemd/system/systemd-logind.service.d/10-grub2-logind-service.conf
fedora,gsi-openssh-server,/usr/lib/systemd/system/gsissh-host-keys-migration.service
fedora,gsi-openssh-server,/usr/lib/systemd/system/gsisshd-keygen@.service
fedora,gsi-openssh-server,/usr/lib/systemd/system/gsisshd.service
fedora,gsi-openssh-server,/usr/lib/systemd/system/gsisshd@.service
fedora,gssproxy,/usr/lib/systemd/system/gssproxy.service
fedora,guacd,/usr/lib/systemd/system/guacd.service
fedora,haproxy,/usr/lib/systemd/system/haproxy.service
fedora,hardinfo2,/usr/lib/systemd/system/hardinfo2.service
fedora,haveged,/usr/lib/systemd/system/haveged-once.service
fedora,haveged,/usr/lib/systemd/system/haveged-switch-root.service
fedora,haveged,/usr/lib/systemd/system/haveged.service
fedora,hd-idle,/usr/lib/systemd/system/hd-idle.service
fedora,hddfancontrol,/usr/lib/systemd/system/hddfancontrol.service
fedora,hddtemp,/usr/lib/systemd/system/hddtemp.service
fedora,headscale,/usr/lib/systemd/system/headscale.service
fedora,hedgewars-server,/usr/lib/systemd/system/hedgewars.service
fedora,heimdal-server,/usr/lib/systemd/system/heimdal-ipropd-master.service
fedora,heimdal-server,/usr/lib/systemd/system/heimdal-ipropd-slave.service
fedora,heimdal-server,/usr/lib/systemd/system/heimdal-kadmind.service
fedora,heimdal-server,/usr/lib/systemd/system/heimdal-kdc.service
fedora,heimdal-server,/usr/lib/systemd/system/heimdal-kpasswdd.service
fedora,hitch,/etc/systemd/system/hitch.service.d/limit.conf
fedora,hitch,/usr/lib/systemd/system/hitch.service
fedora,hostapd,/usr/lib/systemd/system/hostapd.service
fedora,hostname,/usr/lib/systemd/system/nis-domainname.service
fedora,httpd,/usr/lib/systemd/system/htcacheclean.service
fedora,httpd,/usr/lib/systemd/system/httpd.service
fedora,httpd,/usr/lib/systemd/system/httpd@.service
fedora,hwloc,/usr/lib/systemd/system/hwloc-dump-hwdata.service
fedora,hylafax+,/usr/lib/systemd/system/hylafax-faxgetty@.service
fedora,hylafax+,/usr/lib/systemd/system/hylafax-faxq.service
fedora,hylafax+,/usr/lib/systemd/system/hylafax-hfaxd.service
fedora,hypervfcopyd,/usr/lib/systemd/system/hypervfcopyd.service
fedora,hypervkvpd,/usr/lib/systemd/system/hypervkvpd.service
fedora,hypervvssd,/usr/lib/systemd/system/hypervvssd.service
fedora,i2c-display,/usr/lib/systemd/system/i2c-display.service
fedora,ibacm,/usr/lib/systemd/system/ibacm.service
fedora,icecast,/usr/lib/systemd/system/icecast.service
fedora,icecream,/usr/lib/systemd/system/icecc-scheduler.service
fedora,icecream,/usr/lib/systemd/system/iceccd.service
fedora,ignition,/usr/lib/systemd/system/ignition-delete-config.service
fedora,ignition-edge,/usr/lib/systemd/system/coreos-check-ssh-keys.service
fedora,ignition-edge,/usr/lib/systemd/system/coreos-ignition-write-issues.service
fedora,ignition-edge,/usr/lib/systemd/system/ignition-firstboot-complete.service
fedora,iguanaIR,/usr/lib/systemd/system/iguanaIR.service
fedora,iio-sensor-proxy,/usr/lib/systemd/system/iio-sensor-proxy.service
fedora,imagefactory,/usr/lib/systemd/system/imagefactoryd.service
fedora,inadyn-mt,/usr/lib/systemd/system/inadyn.service
fedora,incron,/usr/lib/systemd/system/incrond.service
fedora,incus,/usr/lib/systemd/system/incus-startup.service
fedora,incus,/usr/lib/systemd/system/incus-user.service
fedora,incus,/usr/lib/systemd/system/incus.service
fedora,initial-setup,/usr/lib/systemd/system/initial-setup-reconfiguration.service
fedora,initial-setup,/usr/lib/systemd/system/initial-setup.service
fedora,initoverlayfs,/usr/lib/systemd/system/pre-initoverlayfs-switch-root.service
fedora,initoverlayfs,/usr/lib/systemd/system/pre-initoverlayfs.service
fedora,initscripts,/usr/lib/systemd/system/import-state.service
fedora,initscripts,/usr/lib/systemd/system/loadmodules.service
fedora,inn,/usr/lib/systemd/system/innd-expire.service
fedora,inn,/usr/lib/systemd/system/innd-nntpsend.service
fedora,inn,/usr/lib/systemd/system/innd-rnews.service
fedora,inn,/usr/lib/systemd/system/innd.service
fedora,input-remapper,/usr/lib/systemd/system/input-remapper.service
fedora,intel-lpmd,/usr/lib/systemd/system/intel_lpmd.service
fedora,intel-undervolt,/usr/lib/systemd/system/intel-undervolt-loop.service
fedora,intel-undervolt,/usr/lib/systemd/system/intel-undervolt.service
fedora,iodine-client,/usr/lib/systemd/system/iodine-client.service
fedora,iodine-server,/usr/lib/systemd/system/iodine-server.service
fedora,ip-sentinel,/usr/lib/systemd/system/ip-sentinel.service
fedora,ipmievd,/usr/lib/systemd/system/ipmievd.service
fedora,ipp-usb,/usr/lib/systemd/system/ipp-usb.service
fedora,ipset-service,/usr/lib/systemd/system/ipset.service
fedora,iptables-services,/usr/lib/systemd/system/arptables.service
fedora,iptables-services,/usr/lib/systemd/system/ebtables.service
fedora,iptables-services,/usr/lib/systemd/system/ip6tables.service
fedora,iptables-services,/usr/lib/systemd/system/iptables.service
fedora,ipvsadm,/usr/lib/systemd/system/ipvsadm.service
fedora,ipxripd,/usr/lib/systemd/system/ipxd.service
fedora,irda-utils,/usr/lib/systemd/system/irda.service
fedora,irqbalance,/usr/lib/systemd/system/irqbalance.service
fedora,iscsi-initiator-utils,/usr/lib/systemd/system/iscsi-init.service
fedora,iscsi-initiator-utils,/usr/lib/systemd/system/iscsi-onboot.service
fedora,iscsi-initiator-utils,/usr/lib/systemd/system/iscsi-shutdown.service
fedora,iscsi-initiator-utils,/usr/lib/systemd/system/iscsi-starter.service
fedora,iscsi-initiator-utils,/usr/lib/systemd/system/iscsi.service
fedora,iscsi-initiator-utils,/usr/lib/systemd/system/iscsid.service
fedora,iscsi-initiator-utils-iscsiuio,/usr/lib/systemd/system/iscsiuio.service
fedora,isns-utils,/usr/lib/systemd/system/isnsd.service
fedora,iwd,/usr/lib/systemd/system/ead.service
fedora,iwd,/usr/lib/systemd/system/iwd.service
fedora,iwpmd,/usr/lib/systemd/system/iwpmd.service
fedora,jabberd,/usr/lib/systemd/system/jabberd-c2s.service
fedora,jabberd,/usr/lib/systemd/system/jabberd-router.service
fedora,jabberd,/usr/lib/systemd/system/jabberd-s2s.service
fedora,jabberd,/usr/lib/systemd/system/jabberd-sm.service
fedora,jabberd,/usr/lib/systemd/system/jabberd.service
fedora,janus,/usr/lib/systemd/system/janus.service
fedora,kafs-client,/usr/lib/systemd/system/kafs-config.service
fedora,kata-containers,/usr/lib/systemd/system/kata-osbuilder-generate.service
fedora,kdm-settings,/usr/lib/systemd/system/kdm.service
fedora,kdump-utils,/usr/lib/systemd/system/kdump.service
fedora,kea,/usr/lib/systemd/system/kea-ctrl-agent.service
fedora,kea,/usr/lib/systemd/system/kea-dhcp-ddns.service
fedora,kea,/usr/lib/systemd/system/kea-dhcp4.service
fedora,kea,/usr/lib/systemd/system/kea-dhcp6.service
fedora,keepalived,/usr/lib/systemd/system/keepalived.service
fedora,kernel-tools,/usr/lib/systemd/system/cpupower.service
fedora,kernel-tools,/usr/lib/systemd/system/kvm_stat.service
fedora,keydb,/usr/lib/systemd/system/keydb-sentinel.service
fedora,keydb,/usr/lib/systemd/system/keydb-sentinel.service.d/limit.conf
fedora,keydb,/usr/lib/systemd/system/keydb.service
fedora,keydb,/usr/lib/systemd/system/keydb.service.d/limit.conf
fedora,keylime-agent-rust,/usr/lib/systemd/system/keylime_agent.service
fedora,keylime-agent-rust-push,/usr/lib/systemd/system/keylime_push_model_agent.service
fedora,keylime-registrar,/usr/lib/systemd/system/keylime_registrar.service
fedora,keylime-verifier,/usr/lib/systemd/system/keylime_verifier.service
fedora,kmonad,/usr/lib/systemd/system/kmonad@.service
fedora,kmscon,/usr/lib/systemd/system/kmscon.service
fedora,kmscon,/usr/lib/systemd/system/kmsconvt@.service
fedora,knock-server,/usr/lib/systemd/system/knockd.service
fedora,knot,/usr/lib/systemd/system/knot.service
fedora,knot-resolver,/usr/lib/systemd/system/kres-cache-gc.service
fedora,knot-resolver,/usr/lib/systemd/system/kresd@.service
fedora,koji-builder,/usr/lib/systemd/system/kojid.service
fedora,koji-hub,/usr/lib/systemd/system/koji-sweep-db.service
fedora,koji-utils,/usr/lib/systemd/system/koji-gc.service
fedora,koji-utils,/usr/lib/systemd/system/kojira.service
fedora,koji-vm,/usr/lib/systemd/system/kojivmd.service
fedora,krb5-server,/usr/lib/systemd/system/kadmin.service
fedora,krb5-server,/usr/lib/systemd/system/kprop.service
fedora,krb5-server,/usr/lib/systemd/system/krb5kdc.service
fedora,ksmtuned,/usr/lib/systemd/system/ksm.service
fedora,ksmtuned,/usr/lib/systemd/system/ksmtuned.service
fedora,kstart,/usr/lib/systemd/system/k5start@.service
fedora,ktls-utils,/usr/lib/systemd/system/tlshd.service
fedora,kubernetes1.33,/usr/lib/systemd/system/kubelet.service
fedora,kubernetes1.33-kubeadm,/usr/lib/systemd/system/kubelet.service.d/10-kubeadm.conf
fedora,kubernetes1.33-systemd,/usr/lib/systemd/system/kube-apiserver.service
fedora,kubernetes1.33-systemd,/usr/lib/systemd/system/kube-controller-manager.service
fedora,kubernetes1.33-systemd,/usr/lib/systemd/system/kube-proxy.service
fedora,kubernetes1.33-systemd,/usr/lib/systemd/system/kube-scheduler.service
fedora,kubernetes1.34,/usr/lib/systemd/system/kubelet.service
fedora,kubernetes1.34-kubeadm,/usr/lib/systemd/system/kubelet.service.d/10-kubeadm.conf
fedora,kubernetes1.34-systemd,/usr/lib/systemd/system/kube-apiserver.service
fedora,kubernetes1.34-systemd,/usr/lib/systemd/system/kube-controller-manager.service
fedora,kubernetes1.34-systemd,/usr/lib/systemd/system/kube-proxy.service
fedora,kubernetes1.34-systemd,/usr/lib/systemd/system/kube-scheduler.service
fedora,kubernetes1.35,/usr/lib/systemd/system/kubelet.service
fedora,kubernetes1.35-kubeadm,/usr/lib/systemd/system/kubelet.service.d/10-kubeadm.conf
fedora,kubernetes1.35-systemd,/usr/lib/systemd/system/kube-apiserver.service
fedora,kubernetes1.35-systemd,/usr/lib/systemd/system/kube-controller-manager.service
fedora,kubernetes1.35-systemd,/usr/lib/systemd/system/kube-proxy.service
fedora,kubernetes1.35-systemd,/usr/lib/systemd/system/kube-scheduler.service
fedora,kubernetes1.36,/usr/lib/systemd/system/kubelet.service
fedora,kubernetes1.36-kubeadm,/usr/lib/systemd/system/kubelet.service.d/10-kubeadm.conf
fedora,kubernetes1.36-systemd,/usr/lib/systemd/system/kube-apiserver.service
fedora,kubernetes1.36-systemd,/usr/lib/systemd/system/kube-controller-manager.service
fedora,kubernetes1.36-systemd,/usr/lib/systemd/system/kube-proxy.service
fedora,kubernetes1.36-systemd,/usr/lib/systemd/system/kube-scheduler.service
fedora,ladvd,/usr/lib/systemd/system/ladvd.service
fedora,lcdproc,/usr/lib/systemd/system/LCDd-hwdetect.service
fedora,lcdproc,/usr/lib/systemd/system/LCDd.service
fedora,lcdproc,/usr/lib/systemd/system/lcdproc.service
fedora,lcdproc,/usr/lib/systemd/system/lcdproc.target.wants/LCDd-hwdetect.service
fedora,lcdproc,/usr/lib/systemd/system/lcdproc.target.wants/LCDd.service
fedora,lcdproc,/usr/lib/systemd/system/lcdproc.target.wants/lcdproc.service
fedora,ldirectord,/usr/lib/systemd/system/ldirectord.service
fedora,ledmon,/usr/lib/systemd/system/ledmon.service
fedora,legacy-printer-app,/usr/lib/systemd/system/legacy-printer-app.service
fedora,lemonldap-ng-common,/usr/lib/systemd/system/lemonldap-ng-rotateOidcKeys.service
fedora,lemonldap-ng-fastcgi-server,/usr/lib/systemd/system/llng-fastcgi-server.service
fedora,lemonldap-ng-handler,/usr/lib/systemd/system/lemonldap-ng-handler.service
fedora,lemonldap-ng-portal,/usr/lib/systemd/system/lemonldap-ng-portal.service
fedora,libcanberra,/usr/lib/systemd/system/canberra-system-bootup.service
fedora,libcanberra,/usr/lib/systemd/system/canberra-system-shutdown-reboot.service
fedora,libcanberra,/usr/lib/systemd/system/canberra-system-shutdown.service
fedora,libcec,/usr/lib/systemd/system/cec-active-source.service
fedora,libcec,/usr/lib/systemd/system/cec-poweroff-tv.service
fedora,libcgroup-tools,/usr/lib/systemd/system/cgconfig.service
fedora,libgpiod-manager,/usr/lib/systemd/system/gpio-manager.service
fedora,liblastlog2,/usr/lib/systemd/system/lastlog2-import.service
fedora,libloc-tools,/usr/lib/systemd/system/location-update.service
fedora,libratbag-ratbagd,/usr/lib/systemd/system/ratbagd.service
fedora,libreswan,/usr/lib/systemd/system/ipsec.service
fedora,libstoragemgmt,/usr/lib/systemd/system/libstoragemgmt.service
fedora,libvirt-daemon,/usr/lib/systemd/system/libvirtd.service
fedora,libvirt-daemon-common,/usr/lib/systemd/system/libvirt-guests.service
fedora,libvirt-daemon-driver-ch,/usr/lib/systemd/system/virtchd.service
fedora,libvirt-daemon-driver-interface,/usr/lib/systemd/system/virtinterfaced.service
fedora,libvirt-daemon-driver-libxl,/usr/lib/systemd/system/virtxend.service
fedora,libvirt-daemon-driver-lxc,/usr/lib/systemd/system/virtlxcd.service
fedora,libvirt-daemon-driver-network,/usr/lib/systemd/system/virtnetworkd.service
fedora,libvirt-daemon-driver-nodedev,/usr/lib/systemd/system/virtnodedevd.service
fedora,libvirt-daemon-driver-nwfilter,/usr/lib/systemd/system/virtnwfilterd.service
fedora,libvirt-daemon-driver-qemu,/usr/lib/systemd/system/virtqemud.service
fedora,libvirt-daemon-driver-secret,/usr/lib/systemd/system/virtsecretd.service
fedora,libvirt-daemon-driver-storage-core,/usr/lib/systemd/system/virtstoraged.service
fedora,libvirt-daemon-driver-vbox,/usr/lib/systemd/system/virtvboxd.service
fedora,libvirt-daemon-lock,/usr/lib/systemd/system/virtlockd.service
fedora,libvirt-daemon-log,/usr/lib/systemd/system/virtlogd.service
fedora,libvirt-daemon-proxy,/usr/lib/systemd/system/virtproxyd.service
fedora,libvirt-dbus,/usr/lib/systemd/system/libvirt-dbus.service
fedora,libvma,/usr/lib/systemd/system/vma.service
fedora,lightdm,/usr/lib/systemd/system/lightdm.service
fedora,lighttpd,/usr/lib/systemd/system/lighttpd.service
fedora,linuxptp,/usr/lib/systemd/system/phc2sys.service
fedora,linuxptp,/usr/lib/systemd/system/ptp4l.service
fedora,linuxptp,/usr/lib/systemd/system/timemaster.service
fedora,linuxptp,/usr/lib/systemd/system/ts2phc.service
fedora,liquidwar-server,/usr/lib/systemd/system/liquidwar-server.service
fedora,lirc-core,/usr/lib/systemd/system/irexec.service
fedora,lirc-core,/usr/lib/systemd/system/lircd-setup.service
fedora,lirc-core,/usr/lib/systemd/system/lircd-uinput.service
fedora,lirc-core,/usr/lib/systemd/system/lircd.service
fedora,lirc-core,/usr/lib/systemd/system/lircmd.service
fedora,livesys-scripts,/usr/lib/systemd/system/livesys-late.service
fedora,livesys-scripts,/usr/lib/systemd/system/livesys.service
fedora,lldpad,/usr/lib/systemd/system/lldpad.service
fedora,lldpd,/usr/lib/systemd/system/lldpd.service
fedora,llmnrd,/usr/lib/systemd/system/llmnrd.service
fedora,lm_sensors,/usr/lib/systemd/system/fancontrol.service
fedora,lm_sensors,/usr/lib/systemd/system/lm_sensors.service
fedora,lm_sensors-sensord,/usr/lib/systemd/system/sensord.service
fedora,logiops,/usr/lib/systemd/system/logid.service
fedora,logrotate,/usr/lib/systemd/system/logrotate.service
fedora,logwatch,/usr/lib/systemd/system/logwatch.service
fedora,low-memory-monitor,/usr/lib/systemd/system/low-memory-monitor.service
fedora,lprint,/usr/lib/systemd/system/lprint.service
fedora,lsyncd,/usr/lib/systemd/system/lsyncd.service
fedora,lttng-tools,/usr/lib/systemd/system/lttng-sessiond.service
fedora,lvm2,/usr/lib/systemd/system/blk-availability.service
fedora,lvm2,/usr/lib/systemd/system/lvm-devices-import.service
fedora,lvm2,/usr/lib/systemd/system/lvm2-lvmpolld.service
fedora,lvm2,/usr/lib/systemd/system/lvm2-monitor.service
fedora,lvm2-dbusd,/usr/lib/systemd/system/lvm2-lvmdbusd.service
fedora,lvm2-lockd,/usr/lib/systemd/system/lvmlockd.service
fedora,lvm2-lockd,/usr/lib/systemd/system/lvmlocks.service
fedora,lxc-libs,/usr/lib/systemd/system/lxc-monitord.service
fedora,lxc-libs,/usr/lib/systemd/system/lxc-net.service
fedora,lxc-libs,/usr/lib/systemd/system/lxc.service
fedora,lxc-libs,/usr/lib/systemd/system/lxc@.service
fedora,lxcfs,/usr/lib/systemd/system/lxcfs.service
fedora,lxdm,/usr/lib/systemd/system/lxdm.service
fedora,ly,/usr/lib/systemd/system/ly-kmsconvt@.service
fedora,ly,/usr/lib/systemd/system/ly@.service
fedora,magicmirror,/usr/lib/systemd/system/magicmirror.service
fedora,mailman3,/usr/lib/systemd/system/mailman3-digests.service
fedora,mailman3,/usr/lib/systemd/system/mailman3.service
fedora,malcontent,/usr/lib/systemd/system/malcontent-timer-extension-agent.service
fedora,malcontent,/usr/lib/systemd/system/malcontent-timerd.service
fedora,malcontent,/usr/lib/systemd/system/malcontent-webd-update.service
fedora,malcontent,/usr/lib/systemd/system/malcontent-webd.service
fedora,man-db,/usr/lib/systemd/system/man-db-cache-update.service
fedora,man-db,/usr/lib/systemd/system/man-db-restart-cache-update.service
fedora,maradns,/usr/lib/systemd/system/maradns-deadwood.service
fedora,maradns,/usr/lib/systemd/system/maradns-zoneserver.service
fedora,maradns,/usr/lib/systemd/system/maradns.service
fedora,mariadb-server,/usr/lib/systemd/system/mariadb.service
fedora,mariadb-server,/usr/lib/systemd/system/mariadb@.service
fedora,mariadb-server,/usr/lib/systemd/system/mariadb@bootstrap.service.d/use_galera_new_cluster.conf
fedora,mariadb-server,/usr/lib/systemd/system/mysql.service
fedora,mariadb-server,/usr/lib/systemd/system/mysqld.service
fedora,mariadb10.11-server,/usr/lib/systemd/system/mariadb.service
fedora,mariadb10.11-server,/usr/lib/systemd/system/mariadb@.service
fedora,mariadb10.11-server,/usr/lib/systemd/system/mariadb@bootstrap.service.d/use_galera_new_cluster.conf
fedora,mariadb10.11-server,/usr/lib/systemd/system/mysql.service
fedora,mariadb10.11-server,/usr/lib/systemd/system/mysqld.service
fedora,mariadb12.3-server,/usr/lib/systemd/system/mariadb.service
fedora,mariadb12.3-server,/usr/lib/systemd/system/mariadb@.service
fedora,mariadb12.3-server,/usr/lib/systemd/system/mariadb@bootstrap.service.d/use_galera_new_cluster.conf
fedora,mariadb12.3-server,/usr/lib/systemd/system/mysql.service
fedora,mariadb12.3-server,/usr/lib/systemd/system/mysqld.service
fedora,matrix-synapse,/usr/lib/systemd/system/synapse.service
fedora,matterbridge,/usr/lib/systemd/system/matterbridge.service
fedora,mcelog,/usr/lib/systemd/system/mcelog.service
fedora,mcstrans,/usr/lib/systemd/system/mcstrans.service
fedora,mcstrans,/usr/lib/systemd/system/mcstransd.service
fedora,mdadm,/usr/lib/systemd/system/mdadm-grow-continue@.service
fedora,mdadm,/usr/lib/systemd/system/mdadm-last-resort@.service
fedora,mdadm,/usr/lib/systemd/system/mdcheck_continue.service
fedora,mdadm,/usr/lib/systemd/system/mdcheck_start.service
fedora,mdadm,/usr/lib/systemd/system/mdmon@.service
fedora,mdadm,/usr/lib/systemd/system/mdmonitor-oneshot.service
fedora,mdadm,/usr/lib/systemd/system/mdmonitor.service
fedora,mdadm,/usr/lib/systemd/system/raid-check.service
fedora,mdns-repeater,/usr/lib/systemd/system/mdns-repeater.service
fedora,mediaconch-server,/usr/lib/systemd/system/mediaconchd.service
fedora,memcached,/usr/lib/systemd/system/memcached.service
fedora,mgetty,/usr/lib/systemd/system/mgetty@.service
fedora,mgetty-sendfax,/usr/lib/systemd/system/faxrunqd.service
fedora,mgetty-voice,/usr/lib/systemd/system/vgetty@.service
fedora,milter-greylist,/usr/lib/systemd/system/milter-greylist.service
fedora,milter-regex,/usr/lib/systemd/system/milter-regex.service
fedora,mimedefang,/usr/lib/systemd/system/mimedefang-multiplexor.service
fedora,mimedefang,/usr/lib/systemd/system/mimedefang.service
fedora,minetest-server,/usr/lib/systemd/system/minetest@.service
fedora,minidlna,/usr/lib/systemd/system/minidlna.service
fedora,miniupnpd,/usr/lib/systemd/system/miniupnpd.service
fedora,moby-engine,/usr/lib/systemd/system/docker.service
fedora,mod_ssl,/usr/lib/systemd/system/httpd-init.service
fedora,mogilefsd,/usr/lib/systemd/system/mogilefsd.service
fedora,mogstored,/usr/lib/systemd/system/mogstored.service
fedora,mon,/usr/lib/systemd/system/mon.service
fedora,monit,/usr/lib/systemd/system/monit.service
fedora,monitord-exporter,/usr/lib/systemd/system/monitord-exporter.service
fedora,monitorix,/usr/lib/systemd/system/monitorix.service
fedora,monotone-server,/usr/lib/systemd/system/monotone.service
fedora,moodle,/usr/lib/systemd/system/moodle.service
fedora,moolticute,/usr/lib/systemd/system/moolticuted.service
fedora,mopidy,/usr/lib/systemd/system/mopidy.service
fedora,mosquitto,/usr/lib/systemd/system/mosquitto.service
fedora,mpd,/usr/lib/systemd/system/mpd.service
fedora,mpdscribble,/usr/lib/systemd/system/mpdscribble.service
fedora,mptcpd,/usr/lib/systemd/system/mptcp.service
fedora,mrtg,/usr/lib/systemd/system/mrtg.service
fedora,mt-st,/usr/lib/systemd/system/stinit.service
fedora,mumble-server,/usr/lib/systemd/system/murmur.service
fedora,munge,/usr/lib/systemd/system/munge.service
fedora,munin,/usr/lib/systemd/system/munin-rrdcached.service
fedora,munin,/usr/lib/systemd/system/munin.service
fedora,munin-cgi,/usr/lib/systemd/system/munin-cgi-graph.service
fedora,munin-cgi,/usr/lib/systemd/system/munin-cgi-html.service
fedora,munin-node,/usr/lib/systemd/system/munin-asyncd.service
fedora,munin-node,/usr/lib/systemd/system/munin-node.service
fedora,myproxy-server,/usr/lib/systemd/system/myproxy-server.service
fedora,mysql-mmm-agent,/usr/lib/systemd/system/mysql-mmm-agent.service
fedora,mysql-mmm-monitor,/usr/lib/systemd/system/mysql-mmm-monitor.service
fedora,mysql-server,/usr/lib/systemd/system/mysqld.service
fedora,mysql-server,/usr/lib/systemd/system/mysqld@.service
fedora,mysql8.0-server,/usr/lib/systemd/system/mysqld.service
fedora,mysql8.0-server,/usr/lib/systemd/system/mysqld@.service
fedora,mysql9.7-server,/usr/lib/systemd/system/mysqld.service
fedora,mysql9.7-server,/usr/lib/systemd/system/mysqld@.service
fedora,nagios,/usr/lib/systemd/system/nagios.service
fedora,nas,/usr/lib/systemd/system/nasd.service
fedora,nbd,/usr/lib/systemd/system/nbd-server.service
fedora,nbd,/usr/lib/systemd/system/nbd@.service
fedora,nbd,/usr/lib/systemd/system/nbd@.service.d/modprobe.conf
fedora,ncid,/usr/lib/systemd/system/ncidd.service
fedora,ncid-client,/usr/lib/systemd/system/ncid-initmodem.service
fedora,ncid-client,/usr/lib/systemd/system/ncid-notify.service
fedora,ncid-client,/usr/lib/systemd/system/ncid-page.service
fedora,ncid-client,/usr/lib/systemd/system/ncid-yac.service
fedora,ncid-gateways,/usr/lib/systemd/system/artech2ncid.service
fedora,ncid-gateways,/usr/lib/systemd/system/cideasy2ncid.service
fedora,ncid-gateways,/usr/lib/systemd/system/ncid2ncid.service
fedora,ncid-gateways,/usr/lib/systemd/system/obi2ncid.service
fedora,ncid-gateways,/usr/lib/systemd/system/rn2ncid.service
fedora,ncid-gateways,/usr/lib/systemd/system/sip2ncid.service
fedora,ncid-gateways,/usr/lib/systemd/system/wc2ncid.service
fedora,ncid-gateways,/usr/lib/systemd/system/xdmf2ncid.service
fedora,ncid-gateways,/usr/lib/systemd/system/yac2ncid.service
fedora,ncid-mysql,/usr/lib/systemd/system/ncid-mysql.service
fedora,ncid-mythtv,/usr/lib/systemd/system/ncid-mythtv.service
fedora,ncid-samba,/usr/lib/systemd/system/ncid-samba.service
fedora,ncid-speak,/usr/lib/systemd/system/ncid-speak.service
fedora,ndctl,/usr/lib/systemd/system/ndctl-monitor.service
fedora,ndppd,/usr/lib/systemd/system/ndppd.service
fedora,ndtpd,/lib/systemd/system/ndtpd@.service
fedora,neard,/usr/lib/systemd/system/neard.service
fedora,nebula,/usr/lib/systemd/system/nebula.service
fedora,net-snmp,/usr/lib/systemd/system/snmpd.service
fedora,net-snmp,/usr/lib/systemd/system/snmptrapd.service
fedora,net-tools,/usr/lib/systemd/system/arp-ethers.service
fedora,netatalk,/usr/lib/systemd/system/netatalk.service
fedora,netatalk-appletalk,/usr/lib/systemd/system/a2boot.service
fedora,netatalk-appletalk,/usr/lib/systemd/system/atalkd.service
fedora,netatalk-appletalk,/usr/lib/systemd/system/macipgw.service
fedora,netatalk-appletalk,/usr/lib/systemd/system/papd.service
fedora,netatalk-appletalk,/usr/lib/systemd/system/timelord.service
fedora,netavark,/usr/lib/systemd/system/netavark-dhcp-proxy.service
fedora,netavark,/usr/lib/systemd/system/netavark-firewalld-reload.service
fedora,netavark,/usr/lib/systemd/system/netavark-nftables-reload.service
fedora,netbsd-iscsi,/usr/lib/systemd/system/netbsd-iscsi.service
fedora,netconsole-service,/usr/lib/systemd/system/netconsole.service
fedora,netlabel_tools,/usr/lib/systemd/system/netlabel.service
fedora,netopeer2-server,/usr/lib/systemd/system/netopeer2-server.service
fedora,netperf,/usr/lib/systemd/system/netserver.service
fedora,netplan,/usr/lib/systemd/system/netplan-configure.service
fedora,netplug,/usr/lib/systemd/system/netplugd.service
fedora,newscache,/usr/lib/systemd/system/newscache.service
fedora,nextcloud,/usr/lib/systemd/system/nextcloud-cron.service
fedora,nfs-common-utils,/usr/lib/systemd/system/auth-rpcgss-module.service
fedora,nfs-common-utils,/usr/lib/systemd/system/rpc-gssd.service
fedora,nfs-common-utils,/usr/lib/systemd/system/rpc-statd-notify.service
fedora,nfs-ganesha,/usr/lib/systemd/system/nfs-ganesha-config.service
fedora,nfs-ganesha,/usr/lib/systemd/system/nfs-ganesha-lock.service
fedora,nfs-ganesha,/usr/lib/systemd/system/nfs-ganesha-lock.service.d/rpc-statd.conf
fedora,nfs-ganesha,/usr/lib/systemd/system/nfs-ganesha.service
fedora,nfs-utils,/usr/lib/systemd/system/fsidd.service
fedora,nfs-utils,/usr/lib/systemd/system/nfs-idmapd.service
fedora,nfs-utils,/usr/lib/systemd/system/nfs-mountd.service
fedora,nfs-utils,/usr/lib/systemd/system/nfs-server.service
fedora,nfs-utils,/usr/lib/systemd/system/nfs-utils.service
fedora,nfs-utils,/usr/lib/systemd/system/nfsdcld.service
fedora,nfsv3-client-utils,/usr/lib/systemd/system/rpc-statd.service
fedora,nftables-services,/usr/lib/systemd/system/nftables.service
fedora,nghttp2,/usr/lib/systemd/system/nghttpx.service
fedora,nginx,/usr/lib/systemd/system/nginx.service
fedora,nginx,/usr/lib/systemd/system/nginx@.service
fedora,ngircd,/usr/lib/systemd/system/ngircd.service
fedora,nix-daemon,/usr/lib/systemd/system/nix-daemon.service
fedora,nmstate,/usr/lib/systemd/system/nmstate.service
fedora,node-exporter,/usr/lib/systemd/system/node_exporter.service
fedora,node-exporter,/usr/lib/systemd/system/prometheus-node-exporter.service
fedora,noggin,/usr/lib/systemd/system/noggin.service
fedora,noip,/usr/lib/systemd/system/noip.service
fedora,nordugrid-arc-arex,/usr/lib/systemd/system/arc-arex-ws.service
fedora,nordugrid-arc-arex,/usr/lib/systemd/system/arc-arex.service
fedora,nordugrid-arc-datadelivery-service,/usr/lib/systemd/system/arc-datadelivery-service.service
fedora,nordugrid-arc-hed,/usr/lib/systemd/system/arched.service
fedora,nordugrid-arc-infosys-ldap,/usr/lib/systemd/system/arc-infosys-ldap-slapd.service
fedora,nordugrid-arc-infosys-ldap,/usr/lib/systemd/system/arc-infosys-ldap.service
fedora,nrpe,/usr/lib/systemd/system/nrpe.service
fedora,nsca,/usr/lib/systemd/system/nsca.service
fedora,nsca-ng-server,/usr/lib/systemd/system/nsca-ng.service
fedora,nsd,/usr/lib/systemd/system/nsd.service
fedora,nss-pam-ldapd,/usr/lib/systemd/system/nslcd.service
fedora,nss_nis,/usr/lib/systemd/system/systemd-logind.service.d/nss_nis.conf
fedora,nss_nis,/usr/lib/systemd/system/systemd-userdbd.service.d/nss_nis.conf
fedora,ntp-refclock,/usr/lib/systemd/system/ntp-refclock.service
fedora,ntp-refclock,/usr/lib/systemd/system/pps-ldattach@.service
fedora,ntpd-rs,/usr/lib/systemd/system/ntpd-rs-metrics.service
fedora,ntpd-rs,/usr/lib/systemd/system/ntpd-rs.service
fedora,ntpsec,/usr/lib/systemd/system/ntp-wait.service
fedora,ntpsec,/usr/lib/systemd/system/ntpd.service
fedora,ntpsec,/usr/lib/systemd/system/ntplogtemp.service
fedora,ntpsec,/usr/lib/systemd/system/ntpviz-daily.service
fedora,ntpsec,/usr/lib/systemd/system/ntpviz-weekly.service
fedora,numad,/usr/lib/systemd/system/numad.service
fedora,nut,/usr/lib/systemd/system/nut-driver-enumerator-daemon-activator.service
fedora,nut,/usr/lib/systemd/system/nut-driver-enumerator-daemon.service
fedora,nut,/usr/lib/systemd/system/nut-driver-enumerator.service
fedora,nut,/usr/lib/systemd/system/nut-driver@.service
fedora,nut,/usr/lib/systemd/system/nut-logger.service
fedora,nut,/usr/lib/systemd/system/nut-server.service
fedora,nut,/usr/lib/systemd/system/nut-udev-settle.service
fedora,nut-client,/usr/lib/systemd/system/nut-monitor.service
fedora,nuttcp,/usr/lib/systemd/system/nuttcp@.service
fedora,nvme-cli,/usr/lib/systemd/system/nvmefc-boot-connections.service
fedora,nvme-cli,/usr/lib/systemd/system/nvmf-autoconnect.service
fedora,nvme-cli,/usr/lib/systemd/system/nvmf-connect-nbft.service
fedora,nvme-cli,/usr/lib/systemd/system/nvmf-connect@.service
fedora,nvme-stas,/usr/lib/systemd/system/stacd.service
fedora,nvme-stas,/usr/lib/systemd/system/stafd.service
fedora,nvme-stas,/usr/lib/systemd/system/stas-config@.service
fedora,nvmetcli,/usr/lib/systemd/system/nvmet.service
fedora,obs-signd,/usr/lib/systemd/system/signd.service
fedora,ocfs2-tools,/usr/lib/systemd/system/o2cb.service
fedora,ocfs2-tools,/usr/lib/systemd/system/ocfs2.service
fedora,ocserv,/usr/lib/systemd/system/ocserv.service
fedora,ocsinventory-agent,/usr/lib/systemd/system/ocsinventory-agent.service
fedora,ocspd,/usr/lib/systemd/system/ocspd.service
fedora,oddjob,/usr/lib/systemd/system/oddjobd.service
fedora,odhcp6c,/usr/lib/systemd/system/odhcp6c@.service
fedora,ofono,/usr/lib/systemd/system/ofono.service
fedora,oidentd,/usr/lib/systemd/system/oidentd.service
fedora,oidentd,/usr/lib/systemd/system/oidentd@.service
fedora,ollama,/usr/lib/systemd/system/ollama.service
fedora,omniORB-servers,/usr/lib/systemd/system/omniNames.service
fedora,onedrive,/usr/lib/systemd/system/onedrive@.service
fedora,oomd,/usr/lib/systemd/system/oomd.service
fedora,opae,/usr/lib/systemd/system/fpgad.service
fedora,open-vm-tools,/usr/lib/systemd/system/vgauthd.service
fedora,open-vm-tools,/usr/lib/systemd/system/vmtoolsd.service
fedora,openarc,/usr/lib/systemd/system/openarc.service
fedora,openbao,/usr/lib/systemd/system/openbao.service
fedora,openbao-vault-compat,/usr/lib/systemd/system/vault.service
fedora,openbgpd,/usr/lib/systemd/system/bgpd.service
fedora,opencryptoki,/usr/lib/systemd/system/pkcsslotd.service
fedora,opendkim,/usr/lib/systemd/system/opendkim.service
fedora,opendmarc,/usr/lib/systemd/system/opendmarc.service
fedora,opendnssec,/usr/lib/systemd/system/ods-enforcerd.service
fedora,opendnssec,/usr/lib/systemd/system/ods-signerd.service
fedora,openelp,/usr/lib/systemd/system/openelp.service
fedora,openfortivpn,/usr/lib/systemd/system/openfortivpn@.service
fedora,openiked,/usr/lib/systemd/system/openiked-keygen.service
fedora,openiked,/usr/lib/systemd/system/openiked.service
fedora,openldap-servers,/usr/lib/systemd/system/slapd.service
fedora,openqa,/usr/lib/systemd/system/openqa-enqueue-asset-cleanup.service
fedora,openqa,/usr/lib/systemd/system/openqa-enqueue-audit-event-cleanup.service
fedora,openqa,/usr/lib/systemd/system/openqa-enqueue-bug-cleanup.service
fedora,openqa,/usr/lib/systemd/system/openqa-enqueue-git-auto-update.service
fedora,openqa,/usr/lib/systemd/system/openqa-enqueue-needle-ref-cleanup.service
fedora,openqa,/usr/lib/systemd/system/openqa-enqueue-result-cleanup.service
fedora,openqa,/usr/lib/systemd/system/openqa-enqueue-scheduled-product-cleanup.service
fedora,openqa,/usr/lib/systemd/system/openqa-gru.service
fedora,openqa,/usr/lib/systemd/system/openqa-livehandler.service
fedora,openqa,/usr/lib/systemd/system/openqa-scheduler.service
fedora,openqa,/usr/lib/systemd/system/openqa-websockets.service
fedora,openqa,/usr/lib/systemd/system/openqa-webui.service
fedora,openqa-common,/usr/lib/systemd/system/openqa-minion-restart.service
fedora,openqa-local-db,/usr/lib/systemd/system/openqa-dump-db.service
fedora,openqa-local-db,/usr/lib/systemd/system/openqa-gru.service.requires/postgresql.service
fedora,openqa-local-db,/usr/lib/systemd/system/openqa-scheduler.service.requires/postgresql.service
fedora,openqa-local-db,/usr/lib/systemd/system/openqa-setup-db.service
fedora,openqa-local-db,/usr/lib/systemd/system/openqa-websockets.service.requires/postgresql.service
fedora,openqa-worker,/usr/lib/systemd/system/openqa-reload-worker-auto-restart@.service
fedora,openqa-worker,/usr/lib/systemd/system/openqa-slirpvde.service
fedora,openqa-worker,/usr/lib/systemd/system/openqa-vde_switch.service
fedora,openqa-worker,/usr/lib/systemd/system/openqa-worker-auto-restart@.service
fedora,openqa-worker,/usr/lib/systemd/system/openqa-worker-cacheservice-minion.service
fedora,openqa-worker,/usr/lib/systemd/system/openqa-worker-cacheservice.service
fedora,openqa-worker,/usr/lib/systemd/system/openqa-worker-no-cleanup@.service
fedora,openqa-worker,/usr/lib/systemd/system/openqa-worker-plain@.service
fedora,openqa-worker,/usr/lib/systemd/system/openqa-worker@.service
fedora,openrgb,/usr/lib/systemd/system/openrgb.service
fedora,opensips,/usr/lib/systemd/system/opensips.service
fedora,openslp-server,/usr/lib/systemd/system/slpd.service
fedora,opensm,/usr/lib/systemd/system/opensm.service
fedora,opensmtpd,/usr/lib/systemd/system/opensmtpd.service
fedora,openssh-server,/usr/lib/systemd/system/ssh-host-keys-migration.service
fedora,openssh-server,/usr/lib/systemd/system/sshd-keygen@.service
fedora,openssh-server,/usr/lib/systemd/system/sshd.service
fedora,openssh-server,/usr/lib/systemd/system/sshd@.service
fedora,openvpn,/usr/lib/systemd/system/openvpn-client@.service
fedora,openvpn,/usr/lib/systemd/system/openvpn-server@.service
fedora,openvswitch,/usr/lib/systemd/system/openvswitch.service
fedora,openvswitch,/usr/lib/systemd/system/ovs-delete-transient-ports.service
fedora,openvswitch,/usr/lib/systemd/system/ovs-vswitchd.service
fedora,openvswitch,/usr/lib/systemd/system/ovsdb-server.service
fedora,openvswitch-ipsec,/usr/lib/systemd/system/openvswitch-ipsec.service
fedora,openwsman-server,/usr/lib/systemd/system/openwsmand.service
fedora,orangefs,/usr/lib/systemd/system/orangefs-client.service
fedora,orangefs-server,/usr/lib/systemd/system/orangefs-server.service
fedora,os-autoinst-openvswitch,/usr/lib/systemd/system/os-autoinst-openvswitch.service
fedora,osbuild-composer,/usr/lib/systemd/system/osbuild-composer.service
fedora,osbuild-composer-worker,/usr/lib/systemd/system/osbuild-remote-worker@.service
fedora,osbuild-composer-worker,/usr/lib/systemd/system/osbuild-worker@.service
fedora,oscillatord,/usr/lib/systemd/system/oscillatord.service
fedora,osh-hub,/usr/lib/systemd/system/osh-retention.service
fedora,osh-hub,/usr/lib/systemd/system/osh-stats.service
fedora,osh-worker,/usr/lib/systemd/system/osh-worker.service
fedora,ostree,/usr/lib/systemd/system/ostree-boot-complete.service
fedora,ostree,/usr/lib/systemd/system/ostree-finalize-staged-hold.service
fedora,ostree,/usr/lib/systemd/system/ostree-finalize-staged.service
fedora,ostree,/usr/lib/systemd/system/ostree-prepare-root.service
fedora,ostree,/usr/lib/systemd/system/ostree-remount.service
fedora,ostree,/usr/lib/systemd/system/ostree-state-overlay@.service
fedora,ovn-br-controller,/usr/lib/systemd/system/ovn-br-controller.service
fedora,ovn-br-controller,/usr/lib/systemd/system/ovn-br-db.service
fedora,ovn-central,/usr/lib/systemd/system/ovn-northd.service
fedora,ovn-host,/usr/lib/systemd/system/ovn-controller.service
fedora,ovn-vtep,/usr/lib/systemd/system/ovn-controller-vtep.service
fedora,owfs-fs,/usr/lib/systemd/system/owfs.service
fedora,owfs-ftpd,/usr/lib/systemd/system/owftpd.service
fedora,owfs-httpd,/usr/lib/systemd/system/owhttpd.service
fedora,owfs-server,/usr/lib/systemd/system/owserver.service
fedora,pacemaker,/usr/lib/systemd/system/pacemaker.service
fedora,pacemaker-cli,/usr/lib/systemd/system/crm_mon.service
fedora,pacemaker-remote,/usr/lib/systemd/system/pacemaker_remote.service
fedora,pads,/usr/lib/systemd/system/pads.service
fedora,painless-password-rotation,/usr/lib/systemd/system/rotate-password.service
fedora,painless-password-rotation,/usr/lib/systemd/system/rotate-password@.service
fedora,pam,/usr/lib/systemd/system/pam_namespace.service
fedora,passim,/usr/lib/systemd/system/passim.service
fedora,pcm,/usr/lib/systemd/system/pcm-sensor-server.service
fedora,pcp,/usr/lib/systemd/system/pcp-reboot-init.service
fedora,pcp,/usr/lib/systemd/system/pmcd.service
fedora,pcp,/usr/lib/systemd/system/pmfind.service
fedora,pcp,/usr/lib/systemd/system/pmie.service
fedora,pcp,/usr/lib/systemd/system/pmie_check.service
fedora,pcp,/usr/lib/systemd/system/pmie_daily.service
fedora,pcp,/usr/lib/systemd/system/pmie_farm.service
fedora,pcp,/usr/lib/systemd/system/pmie_farm_check.service
fedora,pcp,/usr/lib/systemd/system/pmlogger.service
fedora,pcp,/usr/lib/systemd/system/pmlogger_check.service
fedora,pcp,/usr/lib/systemd/system/pmlogger_daily.service
fedora,pcp,/usr/lib/systemd/system/pmlogger_farm.service
fedora,pcp,/usr/lib/systemd/system/pmlogger_farm_check.service
fedora,pcp,/usr/lib/systemd/system/pmproxy.service
fedora,pcp,/usr/lib/systemd/system/pmproxy_check.service
fedora,pcp,/usr/lib/systemd/system/pmproxy_daily.service
fedora,pcp-atop,/usr/lib/systemd/system/atop-daily.service
fedora,pcp-atop,/usr/lib/systemd/system/atop.service
fedora,pcp-geolocate,/usr/lib/systemd/system/pcp-geolocate.service
fedora,pcp-import-pmseries,/usr/lib/systemd/system/pmseries_import.service
fedora,pcs,/usr/lib/systemd/system/pcsd-ruby.service
fedora,pcs,/usr/lib/systemd/system/pcsd.service
fedora,pcs-snmp,/usr/lib/systemd/system/pcs_snmp_agent.service
fedora,pcsc-lite,/usr/lib/systemd/system/pcscd.service
fedora,pdns,/usr/lib/systemd/system/pdns.service
fedora,pdns,/usr/lib/systemd/system/pdns@.service
fedora,pdns-ixfrdist,/usr/lib/systemd/system/ixfrdist.service
fedora,pdns-ixfrdist,/usr/lib/systemd/system/ixfrdist@.service
fedora,pdns-recursor,/usr/lib/systemd/system/pdns-recursor.service
fedora,pdns-recursor,/usr/lib/systemd/system/pdns-recursor@.service
fedora,perfetto,/usr/lib/systemd/system/traced-probes.service
fedora,perfetto,/usr/lib/systemd/system/traced.service
fedora,perl-Pinto,/usr/lib/systemd/system/pintod.service
fedora,perl-Web-Paste-Simple-server,/usr/lib/systemd/system/web-paste-simple.service
fedora,pesign,/usr/lib/systemd/system/pesign.service
fedora,pgbouncer,/usr/lib/systemd/system/pgbouncer.service
fedora,phoronix-test-suite,/usr/lib/systemd/system/phoromatic-client.service
fedora,phoronix-test-suite,/usr/lib/systemd/system/phoromatic-server.service
fedora,phoronix-test-suite,/usr/lib/systemd/system/phoronix-result-server.service
fedora,phosh-devel,/usr/lib/systemd/system/phosh.service
fedora,php-fpm,/usr/lib/systemd/system/httpd.service.d/php-fpm.conf
fedora,php-fpm,/usr/lib/systemd/system/nginx.service.d/php-fpm.conf
fedora,php-fpm,/usr/lib/systemd/system/php-fpm.service
fedora,phrog,/usr/lib/systemd/system/phrog.service
fedora,pimd,/usr/lib/systemd/system/pimd.service
fedora,plasma-drkonqi,/usr/lib/systemd/system/drkonqi-coredump-processor@.service
fedora,plasma-drkonqi,/usr/lib/systemd/system/systemd-coredump@.service.wants/drkonqi-coredump-processor@.service
fedora,plasma-login-manager,/usr/lib/systemd/system/plasmalogin.service
fedora,plasma-setup,/usr/lib/systemd/system/plasma-setup.service
fedora,plocate,/usr/lib/systemd/system/plocate-updatedb.service
fedora,plymouth,/usr/lib/systemd/system/halt.target.wants/plymouth-halt.service
fedora,plymouth,/usr/lib/systemd/system/halt.target.wants/plymouth-switch-root-initramfs.service
fedora,plymouth,/usr/lib/systemd/system/initrd-switch-root.target.wants/plymouth-start.service
fedora,plymouth,/usr/lib/systemd/system/initrd-switch-root.target.wants/plymouth-switch-root.service
fedora,plymouth,/usr/lib/systemd/system/kexec.target.wants/plymouth-kexec.service
fedora,plymouth,/usr/lib/systemd/system/kexec.target.wants/plymouth-switch-root-initramfs.service
fedora,plymouth,/usr/lib/systemd/system/multi-user.target.wants/plymouth-quit-wait.service
fedora,plymouth,/usr/lib/systemd/system/multi-user.target.wants/plymouth-quit.service
fedora,plymouth,/usr/lib/systemd/system/plymouth-halt.service
fedora,plymouth,/usr/lib/systemd/system/plymouth-kexec.service
fedora,plymouth,/usr/lib/systemd/system/plymouth-poweroff.service
fedora,plymouth,/usr/lib/systemd/system/plymouth-quit-wait.service
fedora,plymouth,/usr/lib/systemd/system/plymouth-quit.service
fedora,plymouth,/usr/lib/systemd/system/plymouth-read-write.service
fedora,plymouth,/usr/lib/systemd/system/plymouth-reboot.service
fedora,plymouth,/usr/lib/systemd/system/plymouth-start.service
fedora,plymouth,/usr/lib/systemd/system/plymouth-switch-root-initramfs.service
fedora,plymouth,/usr/lib/systemd/system/plymouth-switch-root.service
fedora,plymouth,/usr/lib/systemd/system/poweroff.target.wants/plymouth-poweroff.service
fedora,plymouth,/usr/lib/systemd/system/poweroff.target.wants/plymouth-switch-root-initramfs.service
fedora,plymouth,/usr/lib/systemd/system/reboot.target.wants/plymouth-reboot.service
fedora,plymouth,/usr/lib/systemd/system/reboot.target.wants/plymouth-switch-root-initramfs.service
fedora,plymouth,/usr/lib/systemd/system/sysinit.target.wants/plymouth-read-write.service
fedora,plymouth,/usr/lib/systemd/system/sysinit.target.wants/plymouth-start.service
fedora,plymouth,/usr/lib/systemd/system/systemd-ask-password-plymouth.service
fedora,podman,/usr/lib/systemd/system/podman-auto-update.service
fedora,podman,/usr/lib/systemd/system/podman-clean-transient.service
fedora,podman,/usr/lib/systemd/system/podman-kube@.service
fedora,podman,/usr/lib/systemd/system/podman-restart.service
fedora,podman,/usr/lib/systemd/system/podman.service
fedora,policycoreutils,/usr/lib/systemd/system/selinux-autorelabel-mark.service
fedora,policycoreutils,/usr/lib/systemd/system/selinux-autorelabel.service
fedora,policycoreutils-restorecond,/usr/lib/systemd/system/restorecond.service
fedora,polkit,/usr/lib/systemd/system/polkit-agent-helper@.service
fedora,polkit,/usr/lib/systemd/system/polkit.service
fedora,popub-local,/usr/lib/systemd/system/popub-local@.service
fedora,popub-relay,/usr/lib/systemd/system/popub-relay@.service
fedora,portreserve,/usr/lib/systemd/system/portreserve.service
fedora,portsentry,/usr/lib/systemd/system/portsentry.service
fedora,postfix,/usr/lib/systemd/system/postfix.service
fedora,postfix-mta-sts-resolver,/usr/lib/systemd/system/postfix-mta-sts-resolver.service
fedora,postfwd,/usr/lib/systemd/system/postfwd.service
fedora,postgresql-pgpool-II,/usr/lib/systemd/system/pgpool.service
fedora,postgresql-server,/usr/lib/systemd/system/postgresql.service
fedora,postgresql-server,/usr/lib/systemd/system/postgresql@.service
fedora,postgresql16-server,/usr/lib/systemd/system/postgresql.service
fedora,postgresql16-server,/usr/lib/systemd/system/postgresql@.service
fedora,postgresql17-server,/usr/lib/systemd/system/postgresql.service
fedora,postgresql17-server,/usr/lib/systemd/system/postgresql@.service
fedora,postgrey,/usr/lib/systemd/system/postgrey.service
fedora,power-profiles-daemon,/usr/lib/systemd/system/power-profiles-daemon.service
fedora,powertop,/usr/lib/systemd/system/powertop.service
fedora,pptpd,/usr/lib/systemd/system/pptpd.service
fedora,privoxy,/usr/lib/systemd/system/privoxy.service
fedora,proftpd,/usr/lib/systemd/system/proftpd.service
fedora,proftpd,/usr/lib/systemd/system/proftpd@.service
fedora,prometheus,/usr/lib/systemd/system/prometheus.service
fedora,prometheus-foomuuri-exporter,/usr/lib/systemd/system/prometheus-foomuuri-exporter.service
fedora,prometheus-podman-exporter,/usr/lib/systemd/system/prometheus-podman-exporter.service
fedora,prosody,/usr/lib/systemd/system/prosody.service
fedora,proxysql,/usr/lib/systemd/system/proxysql-initial.service
fedora,proxysql,/usr/lib/systemd/system/proxysql.service
fedora,psacct,/usr/lib/systemd/system/psacct.service
fedora,psad,/usr/lib/systemd/system/psad.service
fedora,puppet,/usr/lib/systemd/system/puppet.service
fedora,pure-ftpd,/usr/lib/systemd/system/pure-ftpd-init.service
fedora,pure-ftpd,/usr/lib/systemd/system/pure-ftpd.service
fedora,pypolicyd-spf-milter,/usr/lib/systemd/system/pyspf-milter.service
fedora,pysysbot,/usr/lib/systemd/system/pysysbot.service
fedora,python3-carbon,/usr/lib/systemd/system/carbon-aggregator.service
fedora,python3-carbon,/usr/lib/systemd/system/carbon-aggregator@.service
fedora,python3-carbon,/usr/lib/systemd/system/carbon-cache.service
fedora,python3-carbon,/usr/lib/systemd/system/carbon-cache@.service
fedora,python3-carbon,/usr/lib/systemd/system/carbon-relay.service
fedora,python3-carbon,/usr/lib/systemd/system/carbon-relay@.service
fedora,python3-dnf-plugins-core,/usr/lib/systemd/system/dnf-system-upgrade-cleanup.service
fedora,python3-dnf-plugins-core,/usr/lib/systemd/system/dnf-system-upgrade.service
fedora,python3-dnf-plugins-core,/usr/lib/systemd/system/system-update.target.wants/dnf-system-upgrade.service
fedora,python3-onionbalance,/usr/lib/systemd/system/onionbalance.service
fedora,python3-virtualbmc,/usr/lib/systemd/system/vbmcd.service
fedora,qatlib-service,/usr/lib/systemd/system/qat.service
fedora,qbittorrent-nox,/usr/lib/systemd/system/qbittorrent-nox@.service
fedora,qbootctl,/usr/lib/systemd/system/qbootctl.service
fedora,qemu-guest-agent,/usr/lib/systemd/system/qemu-guest-agent.service
fedora,qemu-pr-helper,/usr/lib/systemd/system/qemu-pr-helper.service
fedora,qemu-system-x86-core,/usr/lib/systemd/system/qemu-vmsr-helper.service
fedora,quassel-core,/usr/lib/systemd/system/quasselcore.service
fedora,quota-nld,/usr/lib/systemd/system/quota_nld.service
fedora,quota-rpc,/usr/lib/systemd/system/rpc-rquotad.service
fedora,rabbitmq-server,/usr/lib/systemd/system/rabbitmq-server.service
fedora,radicale3,/usr/lib/systemd/system/radicale.service
fedora,radsecproxy,/usr/lib/systemd/system/radsecproxy.service
fedora,radvd,/usr/lib/systemd/system/radvd.service
fedora,ramond,/usr/lib/systemd/system/ramond.service
fedora,rarpd,/usr/lib/systemd/system/rarpd.service
fedora,rasdaemon,/usr/lib/systemd/system/ras-mc-ctl.service
fedora,rasdaemon,/usr/lib/systemd/system/rasdaemon.service
fedora,ratools,/usr/lib/systemd/system/ratools-rad.service
fedora,ravada,/usr/lib/systemd/system/rvd_back.service
fedora,ravada,/usr/lib/systemd/system/rvd_front.service
fedora,rbd-mirror,/usr/lib/systemd/system/ceph-rbd-mirror@.service
fedora,rdma-core,/usr/lib/systemd/system/rdma-load-modules@.service
fedora,rdma-core,/usr/lib/systemd/system/rdma-ndd.service
fedora,readonly-root,/usr/lib/systemd/system/readonly-root.service
fedora,realmd,/usr/lib/systemd/system/realmd.service
fedora,realtime-setup,/usr/lib/systemd/system/realtime-entsk.service
fedora,realtime-setup,/usr/lib/systemd/system/realtime-setup.service
fedora,recap,/usr/lib/systemd/system/recap-onboot.service
fedora,recap,/usr/lib/systemd/system/recap.service
fedora,recap,/usr/lib/systemd/system/recaplog.service
fedora,recoll,/usr/lib/systemd/system/recollindex@.service
fedora,redfish-finder,/usr/lib/systemd/system/redfish-finder.service
fedora,redict,/usr/lib/systemd/system/redict-sentinel.service
fedora,redict,/usr/lib/systemd/system/redict-sentinel.service.d/limit.conf
fedora,redict,/usr/lib/systemd/system/redict.service
fedora,redict,/usr/lib/systemd/system/redict.service.d/limit.conf
fedora,redlib,/usr/lib/systemd/system/redlib.service
fedora,redsocks,/usr/lib/systemd/system/redsocks.service
fedora,regina-rexx,/usr/lib/systemd/system/rxstack.service
fedora,resalloc-agent-spawner,/usr/lib/systemd/system/resalloc-agent-spawner.service
fedora,resalloc-server,/usr/lib/systemd/system/resalloc.service
fedora,restmbmaster,/usr/lib/systemd/system/restmbmaster@.service
fedora,rhc,/usr/lib/systemd/system/rhc-canonical-facts.service
fedora,rhc,/usr/lib/systemd/system/rhc-collector-com.redhat.minimal.service
fedora,rhc,/usr/lib/systemd/system/rhc-server.service
fedora,rmtfs,/usr/lib/systemd/system/rmtfs-dir.service
fedora,rmtfs,/usr/lib/systemd/system/rmtfs.service
fedora,rng-tools,/usr/lib/systemd/system/rngd.service
fedora,rpcbind,/usr/lib/systemd/system/rpcbind.service
fedora,rpki-client,/usr/lib/systemd/system/rpki-client.service
fedora,rpld,/usr/lib/systemd/system/rpld.service
fedora,rpm,/usr/lib/systemd/system/rpmdb-rebuild.service
fedora,rpm-ostree,/usr/lib/systemd/system/rpm-ostree-bootstatus.service
fedora,rpm-ostree,/usr/lib/systemd/system/rpm-ostree-countme.service
fedora,rpm-ostree,/usr/lib/systemd/system/rpm-ostree-fix-shadow-mode.service
fedora,rpm-ostree,/usr/lib/systemd/system/rpm-ostreed-automatic.service
fedora,rpm-ostree,/usr/lib/systemd/system/rpm-ostreed.service
fedora,rrdtool,/usr/lib/systemd/system/rrdcached.service
fedora,rsh-server,/usr/lib/systemd/system/rexec@.service
fedora,rsh-server,/usr/lib/systemd/system/rlogin@.service
fedora,rsh-server,/usr/lib/systemd/system/rsh@.service
fedora,rshim,/usr/lib/systemd/system/rshim.service
fedora,rsync-daemon,/usr/lib/systemd/system/rsyncd.service
fedora,rsync-daemon,/usr/lib/systemd/system/rsyncd@.service
fedora,rsyslog,/usr/lib/systemd/system/rsyslog.service
fedora,rtkit,/usr/lib/systemd/system/rtkit-daemon.service
fedora,rtpproxy,/usr/lib/systemd/system/rtpproxy.service
fedora,rusers-server,/usr/lib/systemd/system/rstatd.service
fedora,rusers-server,/usr/lib/systemd/system/rusersd.service
fedora,rwall-server,/usr/lib/systemd/system/rwalld.service
fedora,rwho,/usr/lib/systemd/system/rwhod.service
fedora,rwhoisd,/usr/lib/systemd/system/rwhoisd.service
fedora,sagator-core,/usr/lib/systemd/system/sagator.service
fedora,salt-api,/usr/lib/systemd/system/salt-api.service
fedora,salt-master,/usr/lib/systemd/system/salt-master.service
fedora,salt-minion,/usr/lib/systemd/system/salt-minion.service
fedora,salt-minion,/usr/lib/systemd/system/salt-proxy@.service
fedora,salt-syndic,/usr/lib/systemd/system/salt-syndic.service
fedora,samba,/usr/lib/systemd/system/nmb.service
fedora,samba,/usr/lib/systemd/system/samba-bgqd.service
fedora,samba,/usr/lib/systemd/system/smb.service
fedora,samba-dc,/usr/lib/systemd/system/samba.service
fedora,samba-winbind,/usr/lib/systemd/system/winbind.service
fedora,sane-backends-daemon,/usr/lib/systemd/system/saned@.service
fedora,sanlock,/usr/lib/systemd/system/sanlock.service
fedora,sanlock,/usr/lib/systemd/system/wdmd.service
fedora,sbd,/usr/lib/systemd/system/sbd.service
fedora,sbd,/usr/lib/systemd/system/sbd_remote.service
fedora,sblim-gather,/usr/lib/systemd/system/gatherer.service
fedora,sblim-gather,/usr/lib/systemd/system/reposd.service
fedora,sblim-sfcb,/usr/lib/systemd/system/sblim-sfcb.service
fedora,scsi-target-utils,/usr/lib/systemd/system/tgtd.service
fedora,sddm,/usr/lib/systemd/system/sddm.service
fedora,seatd,/usr/lib/systemd/system/seatd.service
fedora,sec,/usr/lib/systemd/system/sec.service
fedora,sec,/usr/lib/systemd/system/sec@.service
fedora,selinux-policy,/usr/lib/systemd/system/selinux-check-proper-disable.service
fedora,sendmail,/usr/lib/systemd/system/sendmail.service
fedora,sendmail,/usr/lib/systemd/system/sm-client.service
fedora,ser2net,/usr/lib/systemd/system/ser2net.service
fedora,setroubleshoot-server,/usr/lib/systemd/system/setroubleshootd.service
fedora,sgx-aesm,/usr/lib/systemd/system/aesmd.service
fedora,sgx-mpa,/usr/lib/systemd/system/mpa_registration.service
fedora,sgx-pccs,/usr/lib/systemd/system/pccs.service
fedora,shairplay,/usr/lib/systemd/system/shairplay.service
fedora,shairport-sync,/usr/lib/systemd/system/shairport-sync.service
fedora,sheepdog,/usr/lib/systemd/system/sheepdog.service
fedora,shellinabox,/usr/lib/systemd/system/shellinaboxd.service
fedora,shorewall,/usr/lib/systemd/system/shorewall.service
fedora,shorewall-init,/usr/lib/systemd/system/shorewall-init.service
fedora,shorewall-lite,/usr/lib/systemd/system/shorewall-lite.service
fedora,shorewall6,/usr/lib/systemd/system/shorewall6.service
fedora,shorewall6-lite,/usr/lib/systemd/system/shorewall6-lite.service
fedora,sid,/usr/lib/systemd/system/sid.service
fedora,sigul-bridge,/usr/lib/systemd/system/sigul_bridge.service
fedora,sigul-pesign-bridge,/usr/lib/systemd/system/sigul-pesign-bridge.service
fedora,sigul-server,/usr/lib/systemd/system/sigul_server.service
fedora,siguldry,/usr/lib/systemd/system/siguldry-bridge.service
fedora,siguldry,/usr/lib/systemd/system/siguldry-client-proxy@.service
fedora,siguldry,/usr/lib/systemd/system/siguldry-client-shared-proxy.service
fedora,siguldry,/usr/lib/systemd/system/siguldry-server.service
fedora,siguldry,/usr/lib/systemd/system/siguldry-signer@.service
fedora,sip-redirect,/usr/lib/systemd/system/sip-redirect.service
fedora,slim,/usr/lib/systemd/system/slim.service
fedora,slurm-slurmctld,/usr/lib/systemd/system/slurmctld.service
fedora,slurm-slurmd,/usr/lib/systemd/system/slurmd.service
fedora,slurm-slurmdbd,/usr/lib/systemd/system/slurmdbd.service
fedora,slurm-slurmrestd,/usr/lib/systemd/system/slurmrestd.service
fedora,smartmontools,/usr/lib/systemd/system/smartd.service
fedora,smcroute,/usr/lib/systemd/system/smcroute.service
fedora,smf-spf,/usr/lib/systemd/system/smf-spf.service
fedora,smokeping,/usr/lib/systemd/system/smokeping.service
fedora,smtprelay,/usr/lib/systemd/system/smtprelay.service
fedora,snapd,/usr/lib/systemd/system/snapd.apparmor.service
fedora,snapd,/usr/lib/systemd/system/snapd.seeded.service
fedora,snapd,/usr/lib/systemd/system/snapd.service
fedora,snapm,/usr/lib/systemd/system/snapm-create@.service
fedora,snapm,/usr/lib/systemd/system/snapm-gc@.service
fedora,snapper,/usr/lib/systemd/system/snapper-boot.service
fedora,snapper,/usr/lib/systemd/system/snapper-cleanup.service
fedora,snapper,/usr/lib/systemd/system/snapper-timeline.service
fedora,snapper,/usr/lib/systemd/system/snapperd.service
fedora,snapper-backup,/usr/lib/systemd/system/snapper-backup.service
fedora,soundmodem,/usr/lib/systemd/system/soundmodem.service
fedora,spacenavd,/usr/lib/systemd/system/spacenavd.service
fedora,spamass-milter,/usr/lib/systemd/system/spamass-milter-root.service
fedora,spamass-milter,/usr/lib/systemd/system/spamass-milter.service
fedora,spamassassin,/usr/lib/systemd/system/sa-update.service
fedora,spamassassin,/usr/lib/systemd/system/spamassassin.service
fedora,spampd,/usr/lib/systemd/system/spampd.service
fedora,spausedd,/usr/lib/systemd/system/spausedd.service
fedora,speakersafetyd,/usr/lib/systemd/system/speakersafetyd.service
fedora,speech-dispatcher,/usr/lib/systemd/system/speech-dispatcherd.service
fedora,sphinx,/usr/lib/systemd/system/searchd.service
fedora,spice-vdagent,/usr/lib/systemd/system/spice-vdagentd.service
fedora,spice-webdavd,/usr/lib/systemd/system/spice-webdavd.service
fedora,spindown,/usr/lib/systemd/system/spindown.service
fedora,sqlgrey,/usr/lib/systemd/system/sqlgrey.service
fedora,sqm-scripts,/usr/lib/systemd/system/sqm@.service
fedora,squeezelite,/usr/lib/systemd/system/squeezelite.service
fedora,squid,/usr/lib/systemd/system/squid.service
fedora,squidGuard,/usr/lib/systemd/system/squidGuard.service
fedora,squidGuard,/usr/lib/systemd/system/transparent-proxying.service
fedora,srcpd,/usr/lib/systemd/system/srcpd.service
fedora,srp_daemon,/usr/lib/systemd/system/srp_daemon.service
fedora,srp_daemon,/usr/lib/systemd/system/srp_daemon_port@.service
fedora,sshguard,/usr/lib/systemd/system/sshguard.service
fedora,sslh,/usr/lib/systemd/system/sslh.service
fedora,sssd-common,/usr/lib/systemd/system/sssd-autofs.service
fedora,sssd-common,/usr/lib/systemd/system/sssd-nss.service
fedora,sssd-common,/usr/lib/systemd/system/sssd-pac.service
fedora,sssd-common,/usr/lib/systemd/system/sssd-pam.service
fedora,sssd-common,/usr/lib/systemd/system/sssd-ssh.service
fedora,sssd-common,/usr/lib/systemd/system/sssd-sudo.service
fedora,sssd-common,/usr/lib/systemd/system/sssd.service
fedora,sssd-dbus,/usr/lib/systemd/system/sssd-ifp.service
fedora,sssd-kcm,/usr/lib/systemd/system/sssd-kcm.service
fedora,stalld,/usr/lib/systemd/system/stalld.service
fedora,stansoft,/usr/lib/systemd/system/stansoft.service
fedora,stargz-snapshotter,/usr/lib/systemd/system/stargz-store.service
fedora,statsd-perl,/usr/lib/systemd/system/statsd-perl.service
fedora,stratisd,/usr/lib/systemd/system/stratis-fstab-setup-with-network@.service
fedora,stratisd,/usr/lib/systemd/system/stratis-fstab-setup@.service
fedora,stratisd,/usr/lib/systemd/system/stratisd-min-postinitrd.service
fedora,stratisd,/usr/lib/systemd/system/stratisd.service
fedora,strongswan,/usr/lib/systemd/system/strongswan-starter.service
fedora,strongswan,/usr/lib/systemd/system/strongswan.service
fedora,stubby,/usr/lib/systemd/system/stubby.service
fedora,stunnel,/usr/lib/systemd/system/stunnel.service
fedora,stunnel,/usr/lib/systemd/system/stunnel@.service
fedora,subscription-manager,/usr/lib/systemd/system/rhsm-facts.service
fedora,subscription-manager,/usr/lib/systemd/system/rhsm.service
fedora,subscription-manager,/usr/lib/systemd/system/rhsmcertd.service
fedora,subversion,/usr/lib/systemd/system/svnserve.service
fedora,supervisor,/usr/lib/systemd/system/supervisord.service
fedora,suricata,/usr/lib/systemd/system/suricata.service
fedora,suseconnect-ng,/usr/lib/systemd/system/suseconnect-keepalive.service
fedora,svxlink-reflector,/usr/lib/systemd/system/svxreflector.service
fedora,svxlink-server,/usr/lib/systemd/system/remotetrx.service
fedora,svxlink-server,/usr/lib/systemd/system/svxlink.service
fedora,svxlink-server,/usr/lib/systemd/system/svxlink_gpio_setup.service
fedora,switcheroo-control,/usr/lib/systemd/system/switcheroo-control.service
fedora,sxhkd,/usr/lib/systemd/system/sxhkd.service
fedora,sympa,/usr/lib/systemd/system/sympa-archive.service
fedora,sympa,/usr/lib/systemd/system/sympa-bounce.service
fedora,sympa,/usr/lib/systemd/system/sympa-outgoing.service
fedora,sympa,/usr/lib/systemd/system/sympa-task.service
fedora,sympa,/usr/lib/systemd/system/sympa.service
fedora,sympa,/usr/lib/systemd/system/sympa.service.d/dependencies.conf
fedora,sympa-httpd,/usr/lib/systemd/system/sympasoap.service
fedora,sympa-httpd,/usr/lib/systemd/system/wwsympa.service
fedora,sympa-nginx,/usr/lib/systemd/system/sympasoap.service
fedora,sympa-nginx,/usr/lib/systemd/system/wwsympa.service
fedora,synce4l,/usr/lib/systemd/system/synce4l.service
fedora,syncthing,/usr/lib/systemd/system/syncthing@.service
fedora,syslog-ng,/usr/lib/systemd/system/syslog-ng.service
fedora,sysprof-cli,/usr/lib/systemd/system/sysprof3.service
fedora,sysrepo-plugind,/usr/lib/systemd/system/sysrepo-plugind.service
fedora,sysstat,/usr/lib/systemd/system/sysstat-collect.service
fedora,sysstat,/usr/lib/systemd/system/sysstat-rotate.service
fedora,sysstat,/usr/lib/systemd/system/sysstat-summary.service
fedora,sysstat,/usr/lib/systemd/system/sysstat.service
fedora,system-config-printer-udev,/usr/lib/systemd/system/configure-printer@.service
fedora,systemd,/usr/lib/systemd/system/autovt@.service
fedora,systemd,/usr/lib/systemd/system/breakpoint-pre-basic.service
fedora,systemd,/usr/lib/systemd/system/breakpoint-pre-mount.service
fedora,systemd,/usr/lib/systemd/system/breakpoint-pre-switch-root.service
fedora,systemd,/usr/lib/systemd/system/capsule@.service
fedora,systemd,/usr/lib/systemd/system/console-getty.service
fedora,systemd,/usr/lib/systemd/system/container-getty@.service
fedora,systemd,/usr/lib/systemd/system/dbus-org.freedesktop.hostname1.service
fedora,systemd,/usr/lib/systemd/system/dbus-org.freedesktop.locale1.service
fedora,systemd,/usr/lib/systemd/system/dbus-org.freedesktop.login1.service
fedora,systemd,/usr/lib/systemd/system/dbus-org.freedesktop.timedate1.service
fedora,systemd,/usr/lib/systemd/system/debug-shell.service
fedora,systemd,/usr/lib/systemd/system/emergency.service
fedora,systemd,/usr/lib/systemd/system/factory-reset.target.wants/systemd-factory-reset-request.service
fedora,systemd,/usr/lib/systemd/system/getty@.service
fedora,systemd,/usr/lib/systemd/system/ldconfig.service
fedora,systemd,/usr/lib/systemd/system/modprobe@.service
fedora,systemd,/usr/lib/systemd/system/multi-user.target.wants/systemd-logind.service
fedora,systemd,/usr/lib/systemd/system/multi-user.target.wants/systemd-user-sessions.service
fedora,systemd,/usr/lib/systemd/system/rc-local.service
fedora,systemd,/usr/lib/systemd/system/rescue.service
fedora,systemd,/usr/lib/systemd/system/serial-getty@.service
fedora,systemd,/usr/lib/systemd/system/sysinit.target.wants/ldconfig.service
fedora,systemd,/usr/lib/systemd/system/sysinit.target.wants/systemd-firstboot.service
fedora,systemd,/usr/lib/systemd/system/sysinit.target.wants/systemd-journal-catalog-update.service
fedora,systemd,/usr/lib/systemd/system/sysinit.target.wants/systemd-journal-flush.service
fedora,systemd,/usr/lib/systemd/system/sysinit.target.wants/systemd-journald.service
fedora,systemd,/usr/lib/systemd/system/sysinit.target.wants/systemd-machine-id-commit.service
fedora,systemd,/usr/lib/systemd/system/sysinit.target.wants/systemd-sysusers.service
fedora,systemd,/usr/lib/systemd/system/sysinit.target.wants/systemd-tmpfiles-setup.service
fedora,systemd,/usr/lib/systemd/system/sysinit.target.wants/systemd-tpm2-setup-early.service
fedora,systemd,/usr/lib/systemd/system/sysinit.target.wants/systemd-tpm2-setup.service
fedora,systemd,/usr/lib/systemd/system/sysinit.target.wants/systemd-update-done.service
fedora,systemd,/usr/lib/systemd/system/sysinit.target.wants/systemd-update-utmp.service
fedora,systemd,/usr/lib/systemd/system/system-update-cleanup.service
fedora,systemd,/usr/lib/systemd/system/systemd-ask-password-console.service
fedora,systemd,/usr/lib/systemd/system/systemd-ask-password-wall.service
fedora,systemd,/usr/lib/systemd/system/systemd-ask-password@.service
fedora,systemd,/usr/lib/systemd/system/systemd-battery-check.service
fedora,systemd,/usr/lib/systemd/system/systemd-boot-check-no-failures.service
fedora,systemd,/usr/lib/systemd/system/systemd-boot-clear-sysfail.service
fedora,systemd,/usr/lib/systemd/system/systemd-confext-initrd.service
fedora,systemd,/usr/lib/systemd/system/systemd-confext.service
fedora,systemd,/usr/lib/systemd/system/systemd-creds@.service
fedora,systemd,/usr/lib/systemd/system/systemd-exit.service
fedora,systemd,/usr/lib/systemd/system/systemd-factory-reset-complete.service
fedora,systemd,/usr/lib/systemd/system/systemd-factory-reset-reboot.service
fedora,systemd,/usr/lib/systemd/system/systemd-factory-reset-request.service
fedora,systemd,/usr/lib/systemd/system/systemd-factory-reset@.service
fedora,systemd,/usr/lib/systemd/system/systemd-firstboot.service
fedora,systemd,/usr/lib/systemd/system/systemd-halt.service
fedora,systemd,/usr/lib/systemd/system/systemd-hostnamed.service
fedora,systemd,/usr/lib/systemd/system/systemd-journal-catalog-update.service
fedora,systemd,/usr/lib/systemd/system/systemd-journal-flush.service
fedora,systemd,/usr/lib/systemd/system/systemd-journald-sync@.service
fedora,systemd,/usr/lib/systemd/system/systemd-journald.service
fedora,systemd,/usr/lib/systemd/system/systemd-journald@.service
fedora,systemd,/usr/lib/systemd/system/systemd-kexec.service
fedora,systemd,/usr/lib/systemd/system/systemd-localed.service
fedora,systemd,/usr/lib/systemd/system/systemd-logind.service
fedora,systemd,/usr/lib/systemd/system/systemd-loop@.service
fedora,systemd,/usr/lib/systemd/system/systemd-machine-id-commit.service
fedora,systemd,/usr/lib/systemd/system/systemd-mute-console@.service
fedora,systemd,/usr/lib/systemd/system/systemd-poweroff.service
fedora,systemd,/usr/lib/systemd/system/systemd-reboot.service
fedora,systemd,/usr/lib/systemd/system/systemd-soft-reboot.service
fedora,systemd,/usr/lib/systemd/system/systemd-storagetm.service
fedora,systemd,/usr/lib/systemd/system/systemd-sysext-initrd.service
fedora,systemd,/usr/lib/systemd/system/systemd-sysext.service
fedora,systemd,/usr/lib/systemd/system/systemd-sysext@.service
fedora,systemd,/usr/lib/systemd/system/systemd-sysusers.service
fedora,systemd,/usr/lib/systemd/system/systemd-time-wait-sync.service
fedora,systemd,/usr/lib/systemd/system/systemd-timedated.service
fedora,systemd,/usr/lib/systemd/system/systemd-tmpfiles-clean.service
fedora,systemd,/usr/lib/systemd/system/systemd-tmpfiles-setup.service
fedora,systemd,/usr/lib/systemd/system/systemd-tpm2-clear.service
fedora,systemd,/usr/lib/systemd/system/systemd-tpm2-setup-early.service
fedora,systemd,/usr/lib/systemd/system/systemd-tpm2-setup.service
fedora,systemd,/usr/lib/systemd/system/systemd-update-done.service
fedora,systemd,/usr/lib/systemd/system/systemd-update-utmp.service
fedora,systemd,/usr/lib/systemd/system/systemd-user-sessions.service
fedora,systemd,/usr/lib/systemd/system/systemd-userdb-load-credentials.service
fedora,systemd,/usr/lib/systemd/system/systemd-userdbd.service
fedora,systemd,/usr/lib/systemd/system/systemd-validatefs@.service
fedora,systemd,/usr/lib/systemd/system/user-runtime-dir@.service
fedora,systemd,/usr/lib/systemd/system/user@.service
fedora,systemd,/usr/lib/systemd/system/user@.service.d/10-login-barrier.conf
fedora,systemd,/usr/lib/systemd/system/user@0.service.d/10-login-barrier.conf
fedora,systemd-bootchart,/usr/lib/systemd/system/systemd-bootchart.service
fedora,systemd-container,/usr/lib/systemd/system/dbus-org.freedesktop.import1.service
fedora,systemd-container,/usr/lib/systemd/system/dbus-org.freedesktop.machine1.service
fedora,systemd-container,/usr/lib/systemd/system/systemd-importd.service
fedora,systemd-container,/usr/lib/systemd/system/systemd-machined.service
fedora,systemd-container,/usr/lib/systemd/system/systemd-mountfsd.service
fedora,systemd-container,/usr/lib/systemd/system/systemd-nspawn@.service
fedora,systemd-container,/usr/lib/systemd/system/systemd-nsresourced.service
fedora,systemd-container,/usr/lib/systemd/system/systemd-vmspawn@.service
fedora,systemd-journal-remote,/usr/lib/systemd/system/systemd-journal-gatewayd.service
fedora,systemd-journal-remote,/usr/lib/systemd/system/systemd-journal-remote.service
fedora,systemd-journal-remote,/usr/lib/systemd/system/systemd-journal-upload.service
fedora,systemd-networkd,/usr/lib/systemd/system/systemd-network-generator.service
fedora,systemd-networkd,/usr/lib/systemd/system/systemd-networkd-persistent-storage.service
fedora,systemd-networkd,/usr/lib/systemd/system/systemd-networkd-wait-online.service
fedora,systemd-networkd,/usr/lib/systemd/system/systemd-networkd-wait-online@.service
fedora,systemd-networkd,/usr/lib/systemd/system/systemd-networkd.service
fedora,systemd-resolved,/usr/lib/systemd/system/systemd-resolved.service
fedora,systemd-swap,/usr/lib/systemd/system/systemd-swap.service
fedora,systemd-udev,/usr/lib/systemd/system/breakpoint-pre-udev.service
fedora,systemd-udev,/usr/lib/systemd/system/dbus-org.freedesktop.portable1.service
fedora,systemd-udev,/usr/lib/systemd/system/dbus-org.freedesktop.sysupdate1.service
fedora,systemd-udev,/usr/lib/systemd/system/factory-reset.target.wants/systemd-pcrphase-factory-reset.service
fedora,systemd-udev,/usr/lib/systemd/system/initrd-cleanup.service
fedora,systemd-udev,/usr/lib/systemd/system/initrd-parse-etc.service
fedora,systemd-udev,/usr/lib/systemd/system/initrd-root-fs.target.wants/systemd-repart.service
fedora,systemd-udev,/usr/lib/systemd/system/initrd-switch-root.service
fedora,systemd-udev,/usr/lib/systemd/system/initrd-udevadm-cleanup-db.service
fedora,systemd-udev,/usr/lib/systemd/system/initrd.target.wants/systemd-battery-check.service
fedora,systemd-udev,/usr/lib/systemd/system/initrd.target.wants/systemd-bsod.service
fedora,systemd-udev,/usr/lib/systemd/system/initrd.target.wants/systemd-confext-initrd.service
fedora,systemd-udev,/usr/lib/systemd/system/initrd.target.wants/systemd-pcrphase-initrd.service
fedora,systemd-udev,/usr/lib/systemd/system/initrd.target.wants/systemd-sysext-initrd.service
fedora,systemd-udev,/usr/lib/systemd/system/kmod-static-nodes.service
fedora,systemd-udev,/usr/lib/systemd/system/quotaon-root.service
fedora,systemd-udev,/usr/lib/systemd/system/quotaon@.service
fedora,systemd-udev,/usr/lib/systemd/system/storage-target-mode.target.wants/systemd-pcrphase-storage-target-mode.service
fedora,systemd-udev,/usr/lib/systemd/system/sysinit.target.wants/kmod-static-nodes.service
fedora,systemd-udev,/usr/lib/systemd/system/sysinit.target.wants/systemd-binfmt.service
fedora,systemd-udev,/usr/lib/systemd/system/sysinit.target.wants/systemd-boot-random-seed.service
fedora,systemd-udev,/usr/lib/systemd/system/sysinit.target.wants/systemd-hibernate-clear.service
fedora,systemd-udev,/usr/lib/systemd/system/sysinit.target.wants/systemd-hwdb-update.service
fedora,systemd-udev,/usr/lib/systemd/system/sysinit.target.wants/systemd-modules-load.service
fedora,systemd-udev,/usr/lib/systemd/system/sysinit.target.wants/systemd-pcrmachine.service
fedora,systemd-udev,/usr/lib/systemd/system/sysinit.target.wants/systemd-pcrnvdone.service
fedora,systemd-udev,/usr/lib/systemd/system/sysinit.target.wants/systemd-pcrphase-sysinit.service
fedora,systemd-udev,/usr/lib/systemd/system/sysinit.target.wants/systemd-pcrphase.service
fedora,systemd-udev,/usr/lib/systemd/system/sysinit.target.wants/systemd-pcrproduct.service
fedora,systemd-udev,/usr/lib/systemd/system/sysinit.target.wants/systemd-random-seed.service
fedora,systemd-udev,/usr/lib/systemd/system/sysinit.target.wants/systemd-repart.service
fedora,systemd-udev,/usr/lib/systemd/system/sysinit.target.wants/systemd-sysctl.service
fedora,systemd-udev,/usr/lib/systemd/system/sysinit.target.wants/systemd-tmpfiles-setup-dev-early.service
fedora,systemd-udev,/usr/lib/systemd/system/sysinit.target.wants/systemd-tmpfiles-setup-dev.service
fedora,systemd-udev,/usr/lib/systemd/system/sysinit.target.wants/systemd-udev-trigger.service
fedora,systemd-udev,/usr/lib/systemd/system/sysinit.target.wants/systemd-udevd.service
fedora,systemd-udev,/usr/lib/systemd/system/systemd-backlight@.service
fedora,systemd-udev,/usr/lib/systemd/system/systemd-binfmt.service
fedora,systemd-udev,/usr/lib/systemd/system/systemd-bless-boot.service
fedora,systemd-udev,/usr/lib/systemd/system/systemd-boot-random-seed.service
fedora,systemd-udev,/usr/lib/systemd/system/systemd-boot-update.service
fedora,systemd-udev,/usr/lib/systemd/system/systemd-bootctl@.service
fedora,systemd-udev,/usr/lib/systemd/system/systemd-bsod.service
fedora,systemd-udev,/usr/lib/systemd/system/systemd-coredump@.service
fedora,systemd-udev,/usr/lib/systemd/system/systemd-fsck-root.service
fedora,systemd-udev,/usr/lib/systemd/system/systemd-fsck@.service
fedora,systemd-udev,/usr/lib/systemd/system/systemd-growfs-root.service
fedora,systemd-udev,/usr/lib/systemd/system/systemd-growfs@.service
fedora,systemd-udev,/usr/lib/systemd/system/systemd-hibernate-clear.service
fedora,systemd-udev,/usr/lib/systemd/system/systemd-hibernate-resume.service
fedora,systemd-udev,/usr/lib/systemd/system/systemd-hibernate.service
fedora,systemd-udev,/usr/lib/systemd/system/systemd-homed-activate.service
fedora,systemd-udev,/usr/lib/systemd/system/systemd-homed-firstboot.service
fedora,systemd-udev,/usr/lib/systemd/system/systemd-homed.service
fedora,systemd-udev,/usr/lib/systemd/system/systemd-hwdb-update.service
fedora,systemd-udev,/usr/lib/systemd/system/systemd-hybrid-sleep.service
fedora,systemd-udev,/usr/lib/systemd/system/systemd-modules-load.service
fedora,systemd-udev,/usr/lib/systemd/system/systemd-network-generator.service
fedora,systemd-udev,/usr/lib/systemd/system/systemd-oomd.service
fedora,systemd-udev,/usr/lib/systemd/system/systemd-pcrextend@.service
fedora,systemd-udev,/usr/lib/systemd/system/systemd-pcrfs-root.service
fedora,systemd-udev,/usr/lib/systemd/system/systemd-pcrfs@.service
fedora,systemd-udev,/usr/lib/systemd/system/systemd-pcrlock-file-system.service
fedora,systemd-udev,/usr/lib/systemd/system/systemd-pcrlock-firmware-code.service
fedora,systemd-udev,/usr/lib/systemd/system/systemd-pcrlock-firmware-config.service
fedora,systemd-udev,/usr/lib/systemd/system/systemd-pcrlock-machine-id.service
fedora,systemd-udev,/usr/lib/systemd/system/systemd-pcrlock-make-policy.service
fedora,systemd-udev,/usr/lib/systemd/system/systemd-pcrlock-secureboot-authority.service
fedora,systemd-udev,/usr/lib/systemd/system/systemd-pcrlock-secureboot-policy.service
fedora,systemd-udev,/usr/lib/systemd/system/systemd-pcrlock@.service
fedora,systemd-udev,/usr/lib/systemd/system/systemd-pcrmachine.service
fedora,systemd-udev,/usr/lib/systemd/system/systemd-pcrnvdone.service
fedora,systemd-udev,/usr/lib/systemd/system/systemd-pcrphase-factory-reset.service
fedora,systemd-udev,/usr/lib/systemd/system/systemd-pcrphase-initrd.service
fedora,systemd-udev,/usr/lib/systemd/system/systemd-pcrphase-storage-target-mode.service
fedora,systemd-udev,/usr/lib/systemd/system/systemd-pcrphase-sysinit.service
fedora,systemd-udev,/usr/lib/systemd/system/systemd-pcrphase.service
fedora,systemd-udev,/usr/lib/systemd/system/systemd-pcrproduct.service
fedora,systemd-udev,/usr/lib/systemd/system/systemd-portabled.service
fedora,systemd-udev,/usr/lib/systemd/system/systemd-pstore.service
fedora,systemd-udev,/usr/lib/systemd/system/systemd-quotacheck-root.service
fedora,systemd-udev,/usr/lib/systemd/system/systemd-quotacheck@.service
fedora,systemd-udev,/usr/lib/systemd/system/systemd-random-seed.service
fedora,systemd-udev,/usr/lib/systemd/system/systemd-remount-fs.service
fedora,systemd-udev,/usr/lib/systemd/system/systemd-repart.service
fedora,systemd-udev,/usr/lib/systemd/system/systemd-repart@.service
fedora,systemd-udev,/usr/lib/systemd/system/systemd-rfkill.service
fedora,systemd-udev,/usr/lib/systemd/system/systemd-suspend-then-hibernate.service
fedora,systemd-udev,/usr/lib/systemd/system/systemd-suspend.service
fedora,systemd-udev,/usr/lib/systemd/system/systemd-sysctl.service
fedora,systemd-udev,/usr/lib/systemd/system/systemd-sysupdate-reboot.service
fedora,systemd-udev,/usr/lib/systemd/system/systemd-sysupdate.service
fedora,systemd-udev,/usr/lib/systemd/system/systemd-sysupdated.service
fedora,systemd-udev,/usr/lib/systemd/system/systemd-timesyncd.service
fedora,systemd-udev,/usr/lib/systemd/system/systemd-tmpfiles-setup-dev-early.service
fedora,systemd-udev,/usr/lib/systemd/system/systemd-tmpfiles-setup-dev.service
fedora,systemd-udev,/usr/lib/systemd/system/systemd-udev-load-credentials.service
fedora,systemd-udev,/usr/lib/systemd/system/systemd-udev-settle.service
fedora,systemd-udev,/usr/lib/systemd/system/systemd-udev-trigger.service
fedora,systemd-udev,/usr/lib/systemd/system/systemd-udev-trigger.service.d/systemd-udev-trigger-no-reload.conf
fedora,systemd-udev,/usr/lib/systemd/system/systemd-udevd.service
fedora,systemd-udev,/usr/lib/systemd/system/systemd-vconsole-setup.service
fedora,systemd-udev,/usr/lib/systemd/system/systemd-volatile-root.service
fedora,systemtap-exporter,/usr/lib/systemd/system/stap-exporter.service
fedora,systemtap-initscript,/usr/lib/systemd/system/systemtap.service
fedora,systemtap-runtime-virtguest,/usr/lib/systemd/system/stapsh@.service
fedora,systemtap-server,/usr/lib/systemd/system/stap-server.service
fedora,tailscale,/usr/lib/systemd/system/tailscaled.service
fedora,talk-server,/usr/lib/systemd/system/ntalk.service
fedora,tang,/usr/lib/systemd/system/tangd@.service
fedora,tarantool,/usr/lib/systemd/system/tarantool@.service
fedora,target-isns,/usr/lib/systemd/system/target-isns.service
fedora,target-restore,/usr/lib/systemd/system/target.service
fedora,targetcli,/usr/lib/systemd/system/targetclid.service
fedora,targetd,/usr/lib/systemd/system/targetd.service
fedora,taskd,/usr/lib/systemd/system/taskd.service
fedora,tayga,/usr/lib/systemd/system/tayga.service
fedora,tayga,/usr/lib/systemd/system/tayga@.service
fedora,tcmu-runner,/usr/lib/systemd/system/tcmu-runner.service
fedora,tcpcrypt,/usr/lib/systemd/system/tcpcryptd.service
fedora,tdx-qgs,/usr/lib/systemd/system/qgs.service
fedora,teamd,/usr/lib/systemd/system/teamd@.service
fedora,teeworlds-server,/usr/lib/systemd/system/teeworlds-server@.service
fedora,telnet-server,/usr/lib/systemd/system/telnet@.service
fedora,tetrinetx,/usr/lib/systemd/system/tetrinetx.service
fedora,tftp-server,/usr/lib/systemd/system/tftp.service
fedora,thermald,/usr/lib/systemd/system/thermald.service
fedora,thinkfan,/usr/lib/systemd/system/thinkfan-sleep.service
fedora,thinkfan,/usr/lib/systemd/system/thinkfan-wakeup.service
fedora,thinkfan,/usr/lib/systemd/system/thinkfan.service
fedora,thttpd,/usr/lib/systemd/system/thttpd.service
fedora,tigervnc-x11-server,/usr/lib/systemd/system/vncserver@.service
fedora,tigervnc-x11-server,/usr/lib/systemd/system/xvnc@.service
fedora,tinc,/usr/lib/systemd/system/tinc.service
fedora,tinc,/usr/lib/systemd/system/tinc@.service
fedora,tiny-dfr,/usr/lib/systemd/system/tiny-dfr.service
fedora,tinyproxy,/usr/lib/systemd/system/tinyproxy.service
fedora,tlp,/usr/lib/systemd/system/tlp.service
fedora,tlp-pd,/usr/lib/systemd/system/tlp-pd.service
fedora,tmux,/usr/lib/systemd/system/tmux@.service
fedora,tntnet,/usr/lib/systemd/system/tntnet.service
fedora,tog-pegasus,/usr/lib/systemd/system/tog-pegasus.service
fedora,tomcat,/usr/lib/systemd/system/tomcat.service
fedora,tomcat,/usr/lib/systemd/system/tomcat@.service
fedora,tor,/usr/lib/systemd/system/tor-master.service
fedora,tor,/usr/lib/systemd/system/tor.service
fedora,tor,/usr/lib/systemd/system/tor@.service
fedora,touchegg,/usr/lib/systemd/system/touchegg.service
fedora,toxiproxy,/usr/lib/systemd/system/toxiproxy.service
fedora,tpm2-abrmd,/usr/lib/systemd/system/tpm2-abrmd.service
fedora,tqftpserv,/usr/lib/systemd/system/tqftpserv.service
fedora,trace-cmd,/usr/lib/systemd/system/trace-cmd.service
fedora,trafficserver,/usr/lib/systemd/system/trafficserver-10-update.service
fedora,trafficserver,/usr/lib/systemd/system/trafficserver.service
fedora,transmission-daemon,/usr/lib/systemd/system/transmission-daemon.service
fedora,trojan,/usr/lib/systemd/system/trojan.service
fedora,trojan,/usr/lib/systemd/system/trojan@.service
fedora,trousers,/usr/lib/systemd/system/tcsd.service
fedora,tukit,/usr/lib/systemd/system/create-dirs-from-rpmdb.service
fedora,tukit,/usr/lib/systemd/system/prepare-nextroot-for-softreboot.service
fedora,tukitd,/usr/lib/systemd/system/tukitd.service
fedora,tuned,/usr/lib/systemd/system/tuned.service
fedora,tuned-ppd,/usr/lib/systemd/system/tuned-ppd.service
fedora,tuptime,/usr/lib/systemd/system/tuptime-sync.service
fedora,tuptime,/usr/lib/systemd/system/tuptime.service
fedora,udisks,/usr/lib/systemd/system/udisks.service
fedora,udisks2,/usr/lib/systemd/system/udisks2.service
fedora,udpxy,/usr/lib/systemd/system/udpxy.service
fedora,ufdbGuard,/usr/lib/systemd/system/ufdbguard.service
fedora,ufw,/usr/lib/systemd/system/ufw.service
fedora,uki-direct,/usr/lib/systemd/system/kernel-bootcfg-boot-successful.service
fedora,ukiboot,/usr/lib/systemd/system/ukiboot-set-success.service
fedora,unbound,/usr/lib/systemd/system/unbound-keygen.service
fedora,unbound,/usr/lib/systemd/system/unbound.service
fedora,unbound-anchor,/usr/lib/systemd/system/unbound-anchor.service
fedora,unrealircd,/usr/lib/systemd/system/unrealircd.service
fedora,up-imapproxy,/usr/lib/systemd/system/imapproxy.service
fedora,upower,/usr/lib/systemd/system/upower.service
fedora,uptimed,/usr/lib/systemd/system/uptimed.service
fedora,uresourced,/usr/lib/systemd/system/uresourced.service
fedora,uresourced,/usr/lib/systemd/system/user@.service.d/00-uresourced.conf
fedora,uronode,/usr/lib/systemd/system/flexd.service
fedora,uronode,/usr/lib/systemd/system/uronode@.service
fedora,usb_modeswitch,/usr/lib/systemd/system/usb_modeswitch@.service
fedora,usbguard,/usr/lib/systemd/system/usbguard.service
fedora,usbguard-dbus,/usr/lib/systemd/system/usbguard-dbus.service
fedora,usbip,/usr/lib/systemd/system/usbip-client.service
fedora,usbip,/usr/lib/systemd/system/usbip-server.service
fedora,usbmuxd,/usr/lib/systemd/system/usbmuxd.service
fedora,usbrelay-mqtt,/usr/lib/systemd/system/usbrelayd.service
fedora,util-linux,/usr/lib/systemd/system/fstrim.service
fedora,uucp,/usr/lib/systemd/system/uucp@.service
fedora,uuidd,/usr/lib/systemd/system/uuidd.service
fedora,uwsgi,/usr/lib/systemd/system/uwsgi.service
fedora,valkey,/usr/lib/systemd/system/valkey-sentinel.service
fedora,valkey,/usr/lib/systemd/system/valkey.service
fedora,valkey-compat-redis,/usr/lib/systemd/system/redis-sentinel.service
fedora,valkey-compat-redis,/usr/lib/systemd/system/redis.service
fedora,varnish,/usr/lib/systemd/system/varnish.service
fedora,varnish,/usr/lib/systemd/system/varnishncsa.service
fedora,vaultwarden,/usr/lib/systemd/system/vaultwarden.service
fedora,vdr,/usr/lib/systemd/system/vdr.service
fedora,vdr-epg-daemon,/usr/lib/systemd/system/epgd.service
fedora,vdr-epg-daemon,/usr/lib/systemd/system/epghttpd.service
fedora,vfrnav-validatorservice,/lib/systemd/system/cfmuvalidate.service
fedora,vfrnav-webservice,/lib/systemd/system/cfmuautoroute@.service
fedora,vhostmd,/usr/lib/systemd/system/vhostmd.service
fedora,virt-who,/usr/lib/systemd/system/virt-who.service
fedora,virtualbox-guest-additions,/usr/lib/systemd/system/vboxclient.service
fedora,virtualbox-guest-additions,/usr/lib/systemd/system/vboxservice.service
fedora,vnstat,/usr/lib/systemd/system/vnstat.service
fedora,voms-server,/usr/lib/systemd/system/voms@.service
fedora,vpnc,/usr/lib/systemd/system/vpnc@.service
fedora,vrpn,/usr/lib/systemd/system/vrpn.service
fedora,vsftpd,/usr/lib/systemd/system/vsftpd.service
fedora,vsftpd,/usr/lib/systemd/system/vsftpd@.service
fedora,vsomeip3-routingmanager,/usr/lib/systemd/system/routingmanagerd.service
fedora,watchdog,/usr/lib/systemd/system/watchdog-ping.service
fedora,watchdog,/usr/lib/systemd/system/watchdog.service
fedora,waydroid,/usr/lib/systemd/system/waydroid-container.service
fedora,wesnoth-server,/usr/lib/systemd/system/wesnothd.service
fedora,wfview,/usr/lib/systemd/system/wfserver.service
fedora,whatsup-pingd,/usr/lib/systemd/system/whatsup-pingd.service
fedora,wicked,/usr/lib/systemd/system/wicked.service
fedora,wicked,/usr/lib/systemd/system/wickedd-auto4.service
fedora,wicked,/usr/lib/systemd/system/wickedd-dhcp4.service
fedora,wicked,/usr/lib/systemd/system/wickedd-dhcp6.service
fedora,wicked,/usr/lib/systemd/system/wickedd-nanny.service
fedora,wicked,/usr/lib/systemd/system/wickedd-pppd@.service
fedora,wicked,/usr/lib/systemd/system/wickedd.service
fedora,wide-dhcpv6,/usr/lib/systemd/system/dhcp6c@.service
fedora,wireguard-tools,/usr/lib/systemd/system/wg-quick@.service
fedora,wmbusmeters,/usr/lib/systemd/system/wmbusmeters.service
fedora,wpa_supplicant,/usr/lib/systemd/system/wpa_supplicant.service
fedora,wsdd,/usr/lib/systemd/system/wsdd.service
fedora,wsl-setup,/usr/lib/systemd/system/systemd-firstboot.service.d/override.conf
fedora,x2goserver,/usr/lib/systemd/system/x2gocleansessions.service
fedora,x509watch,/usr/lib/systemd/system/x509watch.service
fedora,xe-guest-utilities-latest,/usr/lib/systemd/system/xe-linux-distribution.service
fedora,xen,/usr/lib/systemd/system/xendomains.service
fedora,xen-ocaml,/usr/lib/systemd/system/oxenstored.service
fedora,xen-runtime,/usr/lib/systemd/system/xen-qemu-dom0-disk-backend.service
fedora,xen-runtime,/usr/lib/systemd/system/xen-watchdog.service
fedora,xen-runtime,/usr/lib/systemd/system/xenconsoled.service
fedora,xen-runtime,/usr/lib/systemd/system/xendriverdomain.service
fedora,xen-runtime,/usr/lib/systemd/system/xenstored.service
fedora,xfsprogs,/usr/lib/systemd/system/xfs_healer@.service
fedora,xfsprogs,/usr/lib/systemd/system/xfs_healer_start.service
fedora,xfsprogs-xfs_scrub,/usr/lib/systemd/system/xfs_scrub@.service
fedora,xfsprogs-xfs_scrub,/usr/lib/systemd/system/xfs_scrub_all.service
fedora,xfsprogs-xfs_scrub,/usr/lib/systemd/system/xfs_scrub_all_fail.service
fedora,xfsprogs-xfs_scrub,/usr/lib/systemd/system/xfs_scrub_fail@.service
fedora,xfsprogs-xfs_scrub,/usr/lib/systemd/system/xfs_scrub_media@.service
fedora,xfsprogs-xfs_scrub,/usr/lib/systemd/system/xfs_scrub_media_fail@.service
fedora,xorg-x11-drv-wacom-serial-support,/usr/lib/systemd/system/wacom-inputattach@.service
fedora,xorg-x11-xdm,/usr/lib/systemd/system/xdm.service
fedora,xpilot-ng-server,/lib/systemd/system/xpilot-ng-server.service
fedora,xpra,/usr/lib/systemd/system/xpra-encoder.service
fedora,xpra,/usr/lib/systemd/system/xpra.service
fedora,xrdp,/usr/lib/systemd/system/xrdp-sesman.service
fedora,xrdp,/usr/lib/systemd/system/xrdp.service
fedora,xrootd-server,/usr/lib/systemd/system/cmsd@.service
fedora,xrootd-server,/usr/lib/systemd/system/frm_purged@.service
fedora,xrootd-server,/usr/lib/systemd/system/frm_xfrd@.service
fedora,xrootd-server,/usr/lib/systemd/system/xrootd@.service
fedora,xtide,/usr/lib/systemd/system/xttpd.service
fedora,yadifa,/usr/lib/systemd/system/yadifad.service
fedora,ydotool,/usr/lib/systemd/system/ydotool.service
fedora,yggdrasil,/usr/lib/systemd/system/yggdrasil-bus@.service
fedora,yggdrasil,/usr/lib/systemd/system/yggdrasil.service
fedora,yggdrasil,/usr/lib/systemd/system/yggdrasil@.service
fedora,yggdrasil-examples,/usr/lib/systemd/system/com.redhat.Yggdrasil1.Worker1.echo.service
fedora,yggdrasil-worker-package-manager,/usr/lib/systemd/system/com.redhat.Yggdrasil1.Worker1.package_manager.service
fedora,ypbind,/usr/lib/systemd/system/ypbind.service
fedora,ypserv,/usr/lib/systemd/system/yppasswdd.service
fedora,ypserv,/usr/lib/systemd/system/ypserv.service
fedora,ypserv,/usr/lib/systemd/system/ypxfrd.service
fedora,yubihsm-connector,/usr/lib/systemd/system/yubihsm-connector.service
fedora,zabbix-agent,/usr/lib/systemd/system/zabbix-agent.service
fedora,zabbix-proxy,/usr/lib/systemd/system/zabbix-proxy.service
fedora,zabbix-proxy-mysql,/usr/lib/systemd/system/zabbix-proxy-mysql.service
fedora,zabbix-proxy-pgsql,/usr/lib/systemd/system/zabbix-proxy-pgsql.service
fedora,zabbix-proxy-sqlite3,/usr/lib/systemd/system/zabbix-proxy-sqlite3.service
fedora,zabbix-server,/usr/lib/systemd/system/zabbix-server.service
fedora,zabbix-server-mysql,/usr/lib/systemd/system/zabbix-server-mysql.service
fedora,zabbix-server-pgsql,/usr/lib/systemd/system/zabbix-server-pgsql.service
fedora,zcfan,/usr/lib/systemd/system/zcfan.service
fedora,zincati,/usr/lib/systemd/system/zincati.service
fedora,znc,/usr/lib/systemd/system/znc.service
fedora,zram,/usr/lib/systemd/system/zram-swap.service
fedora,zram-generator,/usr/lib/systemd/system/systemd-zram-setup@.service
fedora,zswap-cli,/usr/lib/systemd/system/zswap-cli.service
fedora,zvbi,/usr/lib/systemd/system/zvbid.service
arch,389-ds-base,usr/lib/systemd/system/dirsrv-snmp.service
arch,389-ds-base,usr/lib/systemd/system/dirsrv@.service
arch,389-ds-base,usr/lib/systemd/system/dirsrv@.service.d/
arch,389-ds-base,usr/lib/systemd/system/dirsrv@.service.d/custom.conf
arch,accountsservice,usr/lib/systemd/system/accounts-daemon.service
arch,acme-redirect,usr/lib/systemd/system/acme-redirect-renew.service
arch,acme-redirect,usr/lib/systemd/system/acme-redirect.service
arch,acme-user,usr/lib/systemd/system/acme.service
arch,acpid,usr/lib/systemd/system/acpid.service
arch,adguardhome,usr/lib/systemd/system/adguardhome.service
arch,alertmanager,usr/lib/systemd/system/alertmanager.service
arch,alsa-utils,usr/lib/systemd/system/alsa-card-wait@.service
arch,alsa-utils,usr/lib/systemd/system/alsa-restore.service
arch,alsa-utils,usr/lib/systemd/system/alsa-state.service
arch,alsa-utils,usr/lib/systemd/system/sound.target.wants/alsa-restore.service
arch,alsa-utils,usr/lib/systemd/system/sound.target.wants/alsa-state.service
arch,amavisd-milter,usr/lib/systemd/system/amavisd-milter.service
arch,amavisd-new,usr/lib/systemd/system/amavisd.service
arch,amule,usr/lib/systemd/system/amuled.service
arch,amule,usr/lib/systemd/system/amuleweb.service
arch,ananicy-cpp,usr/lib/systemd/system/ananicy-cpp.service
arch,anubis,usr/lib/systemd/system/anubis@.service
arch,anything-sync-daemon,usr/lib/systemd/system/asd-resync.service
arch,anything-sync-daemon,usr/lib/systemd/system/asd.service
arch,apache,etc/systemd/system/httpd.service.d/
arch,apache,etc/systemd/system/httpd.service.d/hardening.conf
arch,apache,usr/lib/systemd/system/httpd.service
arch,apcupsd,usr/lib/systemd/system/apcupsd.service
arch,apparmor,usr/lib/systemd/system/apparmor.service
arch,arch-audit,usr/lib/systemd/system/arch-audit.service
arch,arch-release-promotion,usr/lib/systemd/system/arch-release-sync.service
arch,archivetools,usr/lib/systemd/system/archive-hardlink.service
arch,archivetools,usr/lib/systemd/system/archive.service
arch,archlinux-keyring,usr/lib/systemd/system/archlinux-keyring-wkd-sync.service
arch,arpwatch,usr/lib/systemd/system/arpwatch@.service
arch,at,usr/lib/systemd/system/atd.service
arch,atftp,usr/lib/systemd/system/atftpd.service
arch,atop,usr/lib/systemd/system/atop-rotate.service
arch,atop,usr/lib/systemd/system/atop.service
arch,atop,usr/lib/systemd/system/atopacct.service
arch,atop,usr/lib/systemd/system/atopgpu.service
arch,atuin-server,usr/lib/systemd/system/atuin-server.service
arch,audiobookshelf,usr/lib/systemd/system/audiobookshelf.service
arch,audit,usr/lib/systemd/system/audit-rules.service
arch,audit,usr/lib/systemd/system/auditd.service
arch,autorandr,usr/lib/systemd/system/autorandr-lid-listener.service
arch,autorandr,usr/lib/systemd/system/autorandr.service
arch,avahi,usr/lib/systemd/system/avahi-daemon.service
arch,avahi,usr/lib/systemd/system/avahi-dnsconfd.service
arch,babeld,usr/lib/systemd/system/babeld.service
arch,backuppc,usr/lib/systemd/system/backuppc.service
arch,badvpn,usr/lib/systemd/system/badvpn-ncd.service
arch,badvpn,usr/lib/systemd/system/badvpn-udpgw.service
arch,bcachefs-tools,usr/lib/systemd/system/bcachefs-wait-devices@.service
arch,bees,usr/lib/systemd/system/beesd@.service
arch,bftpd,usr/lib/systemd/system/bftpd.service
arch,bftpd,usr/lib/systemd/system/bftpd@.service
arch,bind,usr/lib/systemd/system/named.service
arch,bird,usr/lib/systemd/system/bird.service
arch,bitcoin-daemon,usr/lib/systemd/system/bitcoind.service
arch,blinksocks,usr/lib/systemd/system/blinksocks@.service
arch,blueman,usr/lib/systemd/system/blueman-mechanism.service
arch,bluez,usr/lib/systemd/system/bluetooth.service
arch,bluez-mesh,usr/lib/systemd/system/bluetooth-mesh.service
arch,boinc,usr/lib/systemd/system/boinc-client.service
arch,boinc-nox,usr/lib/systemd/system/boinc-client.service
arch,bolt,usr/lib/systemd/system/bolt.service
arch,borgmatic,usr/lib/systemd/system/borgmatic.service
arch,brltty,usr/lib/systemd/system/brltty-device@.service
arch,brltty,usr/lib/systemd/system/brltty@.service
arch,btrbk,usr/lib/systemd/system/btrbk.service
arch,btrfs-progs,usr/lib/systemd/system/btrfs-scrub@.service
arch,btrfsmaintenance,usr/lib/systemd/system/btrfs-balance.service
arch,btrfsmaintenance,usr/lib/systemd/system/btrfs-defrag.service
arch,btrfsmaintenance,usr/lib/systemd/system/btrfs-scrub.service
arch,btrfsmaintenance,usr/lib/systemd/system/btrfs-trim.service
arch,btrfsmaintenance,usr/lib/systemd/system/btrfsmaintenance-refresh.service
arch,buildkit,usr/lib/systemd/system/buildkit.service
arch,bumblebee,usr/lib/systemd/system/bumblebeed.service
arch,caddy,usr/lib/systemd/system/caddy-api.service
arch,caddy,usr/lib/systemd/system/caddy.service
arch,certbot,usr/lib/systemd/system/certbot-renew.service
arch,charm,usr/lib/systemd/system/charm.service
arch,chrony,usr/lib/systemd/system/chrony-wait.service
arch,chrony,usr/lib/systemd/system/chronyd.service
arch,cjdns,usr/lib/systemd/system/cjdns-resume.service
arch,cjdns,usr/lib/systemd/system/cjdns.service
arch,ckb-next,usr/lib/systemd/system/ckb-next-daemon.service
arch,clamav,usr/lib/systemd/system/clamav-clamonacc.service
arch,clamav,usr/lib/systemd/system/clamav-daemon.service
arch,clamav,usr/lib/systemd/system/clamav-freshclam-once.service
arch,clamav,usr/lib/systemd/system/clamav-freshclam.service
arch,clevis,usr/lib/systemd/system/clevis-luks-askpass.service
arch,clevis,usr/lib/systemd/system/clevis-luks-pkcs11-askpass.service
arch,cloud-init,usr/lib/systemd/system/cloud-config.service
arch,cloud-init,usr/lib/systemd/system/cloud-final.service
arch,cloud-init,usr/lib/systemd/system/cloud-init-hotplugd.service
arch,cloud-init,usr/lib/systemd/system/cloud-init-local.service
arch,cloud-init,usr/lib/systemd/system/cloud-init-main.service
arch,cloud-init,usr/lib/systemd/system/cloud-init-network.service
arch,cni-plugins,usr/lib/systemd/system/cni-dhcp.service
arch,cockpit,usr/lib/systemd/system/cockpit-issue.service
arch,cockpit,usr/lib/systemd/system/cockpit-session-socket-user.service
arch,cockpit,usr/lib/systemd/system/cockpit-session@.service
arch,cockpit,usr/lib/systemd/system/cockpit-wsinstance-http.service
arch,cockpit,usr/lib/systemd/system/cockpit-wsinstance-https-factory@.service
arch,cockpit,usr/lib/systemd/system/cockpit-wsinstance-https@.service
arch,cockpit,usr/lib/systemd/system/cockpit-wsinstance-socket-user.service
arch,cockpit,usr/lib/systemd/system/cockpit.service
arch,colord,usr/lib/systemd/system/colord.service
arch,connman,usr/lib/systemd/system/connman-vpn.service
arch,connman,usr/lib/systemd/system/connman-wait-online.service
arch,connman,usr/lib/systemd/system/connman.service
arch,conntrack-tools,usr/lib/systemd/system/conntrackd.service
arch,consul,usr/lib/systemd/system/consul.service
arch,consul-template,usr/lib/systemd/system/consul-template.service
arch,containerd,usr/lib/systemd/system/containerd.service
arch,copyparty,usr/lib/systemd/system/copyparty@.service
arch,copyparty,usr/lib/systemd/system/prisonparty@.service
arch,cosmic-greeter,usr/lib/systemd/system/cosmic-greeter-daemon.service
arch,cosmic-greeter,usr/lib/systemd/system/cosmic-greeter.service
arch,coturn,usr/lib/systemd/system/coturn.service
arch,coturn,usr/lib/systemd/system/turnserver.service
arch,couchdb,usr/lib/systemd/system/couchdb.service
arch,cozy-stack,usr/lib/systemd/system/cozy-stack.service
arch,cpupower,usr/lib/systemd/system/cpupower.service
arch,cri-o,usr/lib/systemd/system/crio-wipe.service
arch,cri-o,usr/lib/systemd/system/crio.service
arch,croc,usr/lib/systemd/system/croc.service
arch,cronie,usr/lib/systemd/system/cronie.service
arch,cups,usr/lib/systemd/system/cups-lpd@.service
arch,cups,usr/lib/systemd/system/cups.service
arch,cups-browsed,usr/lib/systemd/system/cups-browsed.service
arch,cyrus-sasl,usr/lib/systemd/system/saslauthd.service
arch,dae,usr/lib/systemd/system/dae.service
arch,dante,usr/lib/systemd/system/sockd.service
arch,darkhttpd,usr/lib/systemd/system/darkhttpd.service
arch,darkhttpd,usr/lib/systemd/system/darkhttpd@.service
arch,darkstat,usr/lib/systemd/system/darkstat.service
arch,dbmail,usr/lib/systemd/system/dbmail-imapd.service
arch,dbmail,usr/lib/systemd/system/dbmail-lmtpd.service
arch,dbmail,usr/lib/systemd/system/dbmail-pop3d.service
arch,dbmail,usr/lib/systemd/system/dbmail-sieved.service
arch,dbus,usr/lib/systemd/system/multi-user.target.wants/dbus.service
arch,dbus-broker,usr/lib/systemd/system/dbus-broker.service
arch,dbus-broker-units,usr/lib/systemd/system/dbus.service
arch,dbus-daemon-units,usr/lib/systemd/system/dbus.service
arch,dbxtool,usr/lib/systemd/system/dbxtool.service
arch,dcd,usr/lib/systemd/system/dcd.service
arch,ddclient,usr/lib/systemd/system/ddclient.service
arch,ddm,usr/lib/systemd/system/ddm.service
arch,deepin-anything,usr/lib/systemd/system/deepin-anything-server.service
arch,deepin-api,usr/lib/systemd/system/deepin-api-device.service
arch,deepin-api,usr/lib/systemd/system/deepin-login-sound.service
arch,deepin-api,usr/lib/systemd/system/deepin-shutdown-sound.service
arch,deepin-api,usr/lib/systemd/system/deepin-sound-theme-player.service
arch,deepin-app-services,usr/lib/systemd/system/dde-dconfig-daemon.service
arch,deepin-application-manager,usr/lib/systemd/system/org.desktopspec.ApplicationUpdateNotifier1.service
arch,deepin-boot-maker,usr/lib/systemd/system/deepin-boot-maker.service
arch,deepin-daemon,usr/lib/systemd/system/dde-backlight-helper.service
arch,deepin-daemon,usr/lib/systemd/system/dde-greeter-setter.service
arch,deepin-daemon,usr/lib/systemd/system/dde-lock-service.service
arch,deepin-daemon,usr/lib/systemd/system/dde-system-daemon.service
arch,deepin-daemon,usr/lib/systemd/system/deepin-grub2.service
arch,deepin-file-manager,etc/systemd/system/deepin-service-group@.service.d/
arch,deepin-file-manager,etc/systemd/system/deepin-service-group@.service.d/dde-file-manage-service-override.conf
arch,deepin-printer,usr/lib/systemd/system/dde-printer-manager.service
arch,deepin-pw-check,usr/lib/systemd/system/deepin-passwd-conf.service
arch,deepin-seatd,usr/lib/systemd/system/dde-seatd.service
arch,deepin-service-manager,usr/lib/systemd/system/deepin-service-group@.service
arch,deepin-service-manager,usr/lib/systemd/system/deepin-service-group@deepin-daemon.service.d/
arch,deepin-service-manager,usr/lib/systemd/system/deepin-service-group@deepin-daemon.service.d/override.conf
arch,deepin-service-manager,usr/lib/systemd/system/deepin-service-manager.service
arch,deepin-service-manager,usr/lib/systemd/system/deepin-service-plugin@.service
arch,deepin-service-manager,usr/lib/systemd/system/multi-user.target.wants/deepin-service-manager.service
arch,deepin-services,usr/lib/systemd/system/deepin-service-plugin@org.deepin.dde.WallpaperCache.service.d/
arch,deepin-services,usr/lib/systemd/system/deepin-service-plugin@org.deepin.dde.WallpaperCache.service.d/override.conf
arch,deepin-system-monitor,usr/lib/systemd/system/deepin-system-monitor-system-server.service
arch,dehydrated,usr/lib/systemd/system/dehydrated.service
arch,deluge,usr/lib/systemd/system/deluge-web.service
arch,deluge,usr/lib/systemd/system/deluge-web.service.d/
arch,deluge,usr/lib/systemd/system/deluge-web.service.d/user.conf
arch,deluge,usr/lib/systemd/system/deluged.service
arch,deluge,usr/lib/systemd/system/deluged.service.d/
arch,deluge,usr/lib/systemd/system/deluged.service.d/user.conf
arch,device-mapper,usr/lib/systemd/system/dm-event.service
arch,dhclient,usr/lib/systemd/system/dhclient@.service
arch,dhcp,usr/lib/systemd/system/dhcpd4.service
arch,dhcp,usr/lib/systemd/system/dhcpd6.service
arch,dhcp-helper,usr/lib/systemd/system/dhcp-helper.service
arch,dhcpcd,usr/lib/systemd/system/dhcpcd.service
arch,dhcpcd,usr/lib/systemd/system/dhcpcd@.service
arch,dictd,usr/lib/systemd/system/dictd.service
arch,distcc,usr/lib/systemd/system/distccd.service
arch,dkfilter,usr/lib/systemd/system/dkfilter-in.service
arch,dkfilter,usr/lib/systemd/system/dkfilter-out.service
arch,dmraid,usr/lib/systemd/system/dmraid.service
arch,dnf,usr/lib/systemd/system/dnf-automatic-download.service
arch,dnf,usr/lib/systemd/system/dnf-automatic-install.service
arch,dnf,usr/lib/systemd/system/dnf-automatic-notifyonly.service
arch,dnf,usr/lib/systemd/system/dnf-automatic.service
arch,dnf,usr/lib/systemd/system/dnf-makecache.service
arch,dnf5,usr/lib/systemd/system/dnf-automatic.service
arch,dnf5,usr/lib/systemd/system/dnf5-automatic.service
arch,dnf5,usr/lib/systemd/system/dnf5-makecache.service
arch,dnf5,usr/lib/systemd/system/dnf5-offline-transaction-cleanup.service
arch,dnf5,usr/lib/systemd/system/dnf5-offline-transaction.service
arch,dnf5,usr/lib/systemd/system/dnf5daemon-server.service
arch,dns-over-https,usr/lib/systemd/system/doh-client.service
arch,dns-over-https,usr/lib/systemd/system/doh-server.service
arch,dnscrypt-proxy,usr/lib/systemd/system/dnscrypt-proxy.service
arch,dnscrypt-wrapper,usr/lib/systemd/system/dnscrypt-wrapper.service
arch,dnsdist,usr/lib/systemd/system/dnsdist.service
arch,dnsdist,usr/lib/systemd/system/dnsdist@.service
arch,dnsmasq,usr/lib/systemd/system/dnsmasq.service
arch,dnsproxy,usr/lib/systemd/system/dnsproxy.service
arch,dnssec-tools,usr/lib/systemd/system/donutsd.service
arch,dnssec-tools,usr/lib/systemd/system/rollerd.service
arch,docker,usr/lib/systemd/system/docker.service
arch,dokuwiki,etc/systemd/system/php-fpm-legacy.service.d/
arch,dokuwiki,etc/systemd/system/php-fpm-legacy.service.d/dokuwiki.conf
arch,dokuwiki,etc/systemd/system/php-fpm.service.d/
arch,dokuwiki,etc/systemd/system/php-fpm.service.d/dokuwiki.conf
arch,dopewars,usr/lib/systemd/system/dopewars.service
arch,dovecot,usr/lib/systemd/system/dovecot.service
arch,dovecot23,usr/lib/systemd/system/dovecot.service
arch,dracut,usr/lib/systemd/system/dracut-cmdline.service
arch,dracut,usr/lib/systemd/system/dracut-initqueue.service
arch,dracut,usr/lib/systemd/system/dracut-mount.service
arch,dracut,usr/lib/systemd/system/dracut-pre-mount.service
arch,dracut,usr/lib/systemd/system/dracut-pre-pivot.service
arch,dracut,usr/lib/systemd/system/dracut-pre-trigger.service
arch,dracut,usr/lib/systemd/system/dracut-pre-udev.service
arch,dracut,usr/lib/systemd/system/dracut-shutdown-onfailure.service
arch,dracut,usr/lib/systemd/system/dracut-shutdown.service
arch,dracut,usr/lib/systemd/system/initrd.target.wants/dracut-cmdline.service
arch,dracut,usr/lib/systemd/system/initrd.target.wants/dracut-initqueue.service
arch,dracut,usr/lib/systemd/system/initrd.target.wants/dracut-mount.service
arch,dracut,usr/lib/systemd/system/initrd.target.wants/dracut-pre-mount.service
arch,dracut,usr/lib/systemd/system/initrd.target.wants/dracut-pre-pivot.service
arch,dracut,usr/lib/systemd/system/initrd.target.wants/dracut-pre-trigger.service
arch,dracut,usr/lib/systemd/system/initrd.target.wants/dracut-pre-udev.service
arch,dracut,usr/lib/systemd/system/sysinit.target.wants/dracut-shutdown.service
arch,drkonqi,usr/lib/systemd/system/drkonqi-coredump-processor@.service
arch,drkonqi,usr/lib/systemd/system/systemd-coredump@.service.wants/drkonqi-coredump-processor@.service
arch,drone,usr/lib/systemd/system/drone.service
arch,drone-oss,usr/lib/systemd/system/drone-oss.service
arch,drone-runner-docker,usr/lib/systemd/system/drone-runner-docker.service
arch,drone-runner-ssh,usr/lib/systemd/system/drone-runner-ssh.service
arch,dropbear,usr/lib/systemd/system/dropbear.service
arch,e2fsprogs,usr/lib/systemd/system/e2scrub@.service
arch,e2fsprogs,usr/lib/systemd/system/e2scrub_all.service
arch,e2fsprogs,usr/lib/systemd/system/e2scrub_fail@.service
arch,e2fsprogs,usr/lib/systemd/system/e2scrub_reap.service
arch,earlyoom,usr/lib/systemd/system/earlyoom.service
arch,ejabberd,usr/lib/systemd/system/ejabberd.service
arch,emby-server,usr/lib/systemd/system/emby-server.service
arch,emptty,usr/lib/systemd/system/emptty.service
arch,erlang-core,usr/lib/systemd/system/epmd.service
arch,espeakup,usr/lib/systemd/system/espeakup.service
arch,etcd,usr/lib/systemd/system/etcd.service
arch,etcd,usr/lib/systemd/system/etcd.service.d/
arch,etcd,usr/lib/systemd/system/etcd.service.d/10-EnvironmentFile.conf
arch,etckeeper,usr/lib/systemd/system/etckeeper.service
arch,exim,usr/lib/systemd/system/exim-submission@.service
arch,exim,usr/lib/systemd/system/exim.service
arch,exim,usr/lib/systemd/system/exim@.service
arch,fail2ban,usr/lib/systemd/system/fail2ban.service
arch,fastd,usr/lib/systemd/system/fastd@.service
arch,fcgiwrap,usr/lib/systemd/system/fcgiwrap.service
arch,fcron,usr/lib/systemd/system/fcron.service
arch,fcron,usr/lib/systemd/system/fcronreboot.service
arch,ferm,usr/lib/systemd/system/ferm.service
arch,fetchmail,usr/lib/systemd/system/fetchmail.service
arch,fetchmail,usr/lib/systemd/system/fetchmail@.service
arch,filebin,usr/lib/systemd/system/filebin-file-cron.service
arch,filebin,usr/lib/systemd/system/filebin-user-cron.service
arch,firewalld,usr/lib/systemd/system/firewalld.service
arch,flatpak,usr/lib/systemd/system/flatpak-system-helper.service
arch,forgejo,usr/lib/systemd/system/forgejo.service
arch,forgejo-runner,usr/lib/systemd/system/forgejo-runner.service
arch,fossil,usr/lib/systemd/system/fossil@.service
arch,fprintd,usr/lib/systemd/system/fprintd.service
arch,freeipmi,usr/lib/systemd/system/bmc-watchdog.service
arch,freeipmi,usr/lib/systemd/system/ipmidetectd.service
arch,freeipmi,usr/lib/systemd/system/ipmiseld.service
arch,freeradius,usr/lib/systemd/system/freeradius.service
arch,fwknop,usr/lib/systemd/system/fwknopd.service
arch,fwupd,usr/lib/systemd/system/fwupd-refresh.service
arch,fwupd,usr/lib/systemd/system/fwupd.service
arch,gammu,usr/lib/systemd/system/gammu-smsd.service
arch,garage,usr/lib/systemd/system/garage.service
arch,gdm,usr/lib/systemd/system/gdm.service
arch,gdm,usr/lib/systemd/system/gnome-headless-session@.service
arch,gdnsd,usr/lib/systemd/system/gdnsd.service
arch,gearmand,usr/lib/systemd/system/gearmand.service
arch,geoclue,usr/lib/systemd/system/geoclue.service
arch,geoipupdate,usr/lib/systemd/system/geoipupdate.service
arch,gerbera,usr/lib/systemd/system/gerbera.service
arch,git,usr/lib/systemd/system/git-daemon@.service
arch,gitea,usr/lib/systemd/system/gitea.service
arch,gitea-runner,usr/lib/systemd/system/gitea-runner.service
arch,gitlab,usr/lib/systemd/system/gitlab-backup.service
arch,gitlab,usr/lib/systemd/system/gitlab-mailroom.service
arch,gitlab,usr/lib/systemd/system/gitlab-puma.service
arch,gitlab,usr/lib/systemd/system/gitlab-sidekiq.service
arch,gitlab,usr/lib/systemd/system/gitlab-workhorse.service
arch,gitlab-container-registry,usr/lib/systemd/system/gitlab-container-registry.service
arch,gitlab-gitaly,usr/lib/systemd/system/gitlab-gitaly.service
arch,gitlab-pages,usr/lib/systemd/system/gitlab-pages.service
arch,gitlab-runner,usr/lib/systemd/system/gitlab-runner.service
arch,glances,usr/lib/systemd/system/glances-web.service
arch,glances,usr/lib/systemd/system/glances.service
arch,glider,usr/lib/systemd/system/glider@.service
arch,glusterfs,usr/lib/systemd/system/gluster-ta-volume.service
arch,glusterfs,usr/lib/systemd/system/glusterd.service
arch,glusterfs,usr/lib/systemd/system/glustereventsd.service
arch,glusterfs,usr/lib/systemd/system/glusterfssharedstorage.service
arch,gnome-remote-desktop,usr/lib/systemd/system/gnome-remote-desktop-configuration.service
arch,gnome-remote-desktop,usr/lib/systemd/system/gnome-remote-desktop.service
arch,gnupg,usr/lib/systemd/system/dirmngr@.service
arch,gnupg,usr/lib/systemd/system/gpg-agent@.service
arch,gnupg,usr/lib/systemd/system/keyboxd@.service
arch,goaurrpc,usr/lib/systemd/system/goaurrpc.service
arch,gotosocial,usr/lib/systemd/system/gotosocial.service
arch,gpm,usr/lib/systemd/system/gpm.service
arch,gpsd,usr/lib/systemd/system/gpsd.service
arch,gpsd,usr/lib/systemd/system/gpsdctl@.service
arch,grafana,usr/lib/systemd/system/grafana.service
arch,grafana-agent,usr/lib/systemd/system/grafana-agent.service
arch,grafana-alloy,usr/lib/systemd/system/grafana-alloy.service
arch,greetd,usr/lib/systemd/system/greetd.service
arch,grub-btrfs,usr/lib/systemd/system/grub-btrfsd.service
arch,gssproxy,usr/lib/systemd/system/gssproxy.service
arch,haproxy,usr/lib/systemd/system/haproxy.service
arch,hardinfo2,usr/lib/systemd/system/hardinfo2.service
arch,haveged,usr/lib/systemd/system/haveged-once.service
arch,haveged,usr/lib/systemd/system/haveged.service
arch,hblock,usr/lib/systemd/system/hblock.service
arch,hdapsd,usr/lib/systemd/system/hdapsd@.service
arch,hddtemp,usr/lib/systemd/system/hddtemp.service
arch,headscale,usr/lib/systemd/system/headscale.service
arch,hedgedoc,usr/lib/systemd/system/hedgedoc.service
arch,hefur,usr/lib/systemd/system/hefurd.service
arch,hostapd,usr/lib/systemd/system/hostapd.service
arch,hostapd,usr/lib/systemd/system/hostapd@.service
arch,hound,usr/lib/systemd/system/hound.service
arch,hplip,usr/lib/systemd/system/hplip-printer@.service
arch,hyperkitty,usr/lib/systemd/system/hyperkitty-qcluster.service
arch,hyperv,usr/lib/systemd/system/hv_kvp_daemon.service
arch,hyperv,usr/lib/systemd/system/hv_vss_daemon.service
arch,i2pd,usr/lib/systemd/system/i2pd.service
arch,ifplugd,usr/lib/systemd/system/ifplugd@.service
arch,igmpproxy,usr/lib/systemd/system/igmpproxy.service
arch,iio-sensor-proxy,usr/lib/systemd/system/iio-sensor-proxy.service
arch,illuminanced,usr/lib/systemd/system/illuminanced.service
arch,illuminanced,usr/lib/systemd/system/illuminanced.service.d/
arch,illuminanced,usr/lib/systemd/system/illuminanced.service.d/override.conf
arch,imaginary,usr/lib/systemd/system/imaginary.service
arch,incron,usr/lib/systemd/system/incrond.service
arch,incus,usr/lib/systemd/system/incus-user.service
arch,incus,usr/lib/systemd/system/incus.service
arch,inetutils,usr/lib/systemd/system/ftpd.service
arch,inetutils,usr/lib/systemd/system/rlogin@.service
arch,inetutils,usr/lib/systemd/system/rsh@.service
arch,inetutils,usr/lib/systemd/system/talk.service
arch,inetutils,usr/lib/systemd/system/telnet@.service
arch,influxdb,usr/lib/systemd/system/influxdb.service
arch,inn,usr/lib/systemd/system/innd.service
arch,innernet,usr/lib/systemd/system/innernet-server@.service
arch,innernet,usr/lib/systemd/system/innernet@.service
arch,inputplumber,usr/lib/systemd/system/inputplumber-suspend.service
arch,inputplumber,usr/lib/systemd/system/inputplumber.service
arch,intel-lpmd,usr/lib/systemd/system/intel_lpmd.service
arch,intel-undervolt,usr/lib/systemd/system/intel-undervolt-loop.service
arch,intel-undervolt,usr/lib/systemd/system/intel-undervolt.service
arch,interception-tools,usr/lib/systemd/system/udevmon.service
arch,iodine,usr/lib/systemd/system/iodined.service
arch,iperf,usr/lib/systemd/system/iperf-tcp.service
arch,iperf,usr/lib/systemd/system/iperf-udp.service
arch,iperf3,usr/lib/systemd/system/iperf3.service
arch,ipp-usb,usr/lib/systemd/system/ipp-usb.service
arch,ipset,usr/lib/systemd/system/ipset.service
arch,iptables,usr/lib/systemd/system/arptables.service
arch,iptables,usr/lib/systemd/system/ebtables.service
arch,iptables,usr/lib/systemd/system/ip6tables.service
arch,iptables,usr/lib/systemd/system/iptables.service
arch,iptables-legacy,usr/lib/systemd/system/ip6tables.service
arch,iptables-legacy,usr/lib/systemd/system/iptables.service
arch,ipvsadm,usr/lib/systemd/system/ipvsadm.service
arch,irker,usr/lib/systemd/system/irkerd.service
arch,irqbalance,usr/lib/systemd/system/irqbalance.service
arch,isatapd,usr/lib/systemd/system/isatapd@.service
arch,iwd,usr/lib/systemd/system/ead.service
arch,iwd,usr/lib/systemd/system/iwd.service
arch,jellyfin-server,usr/lib/systemd/system/jellyfin.service
arch,jenkins,usr/lib/systemd/system/jenkins.service
arch,kafka,usr/lib/systemd/system/kafka.service
arch,kea,usr/lib/systemd/system/kea-ctrl-agent.service
arch,kea,usr/lib/systemd/system/kea-dhcp-ddns.service
arch,kea,usr/lib/systemd/system/kea-dhcp4.service
arch,kea,usr/lib/systemd/system/kea-dhcp6.service
arch,keepalived,usr/lib/systemd/system/keepalived.service
arch,kernel-modules-hook,usr/lib/systemd/system/linux-modules-cleanup.service
arch,keycloak,usr/lib/systemd/system/keycloak.service
arch,keyd,usr/lib/systemd/system/keyd.service
arch,klipper,usr/lib/systemd/system/klipper.service
arch,klipperscreen,usr/lib/systemd/system/klipperscreen.service
arch,kmonad,usr/lib/systemd/system/kmonad@.service
arch,kmscon,usr/lib/systemd/system/kmscon.service
arch,kmscon,usr/lib/systemd/system/kmsconvt@.service
arch,knockd,usr/lib/systemd/system/knockd.service
arch,knot,usr/lib/systemd/system/knot.service
arch,knot-resolver,usr/lib/systemd/system/knot-resolver.service
arch,krb5,usr/lib/systemd/system/krb5-kadmind.service
arch,krb5,usr/lib/systemd/system/krb5-kdc.service
arch,krb5,usr/lib/systemd/system/krb5-kpropd.service
arch,krb5,usr/lib/systemd/system/krb5-kpropd@.service
arch,kresus,usr/lib/systemd/system/kresus.service
arch,kube-apiserver,usr/lib/systemd/system/kube-apiserver.service
arch,kube-controller-manager,usr/lib/systemd/system/kube-controller-manager.service
arch,kube-proxy,usr/lib/systemd/system/kube-proxy.service
arch,kube-scheduler,usr/lib/systemd/system/kube-scheduler.service
arch,kubeadm,usr/lib/systemd/system/kubelet.service.d/
arch,kubeadm,usr/lib/systemd/system/kubelet.service.d/10-kubeadm.conf
arch,kubelet,usr/lib/systemd/system/kubelet.service
arch,kubo,usr/lib/systemd/system/ipfs@.service
arch,lact,usr/lib/systemd/system/lactd.service
arch,languagetool,usr/lib/systemd/system/languagetool.service
arch,lcdproc,usr/lib/systemd/system/lcdd.service
arch,lcdproc,usr/lib/systemd/system/lcdproc.service
arch,lemonade-server,usr/lib/systemd/system/lemond.service
arch,lemurs,usr/lib/systemd/system/lemurs.service
arch,lib32-pcsclite,usr/lib/systemd/system/pcscd-32.service
arch,lib32-sndio,usr/lib/systemd/system/sndiod32.service
arch,libcanberra,usr/lib/systemd/system/canberra-system-bootup.service
arch,libcanberra,usr/lib/systemd/system/canberra-system-shutdown-reboot.service
arch,libcanberra,usr/lib/systemd/system/canberra-system-shutdown.service
arch,libiio,usr/lib/systemd/system/iiod.service
arch,libldm,usr/lib/systemd/system/ldmtool.service
arch,libratbag,usr/lib/systemd/system/ratbagd.service
arch,librespot,usr/lib/systemd/system/librespot.service
arch,libteam,usr/lib/systemd/system/teamd@.service
arch,libvirt,usr/lib/systemd/system/libvirt-guests.service
arch,libvirt,usr/lib/systemd/system/libvirtd.service
arch,libvirt,usr/lib/systemd/system/libvirtd.service.d/
arch,libvirt,usr/lib/systemd/system/libvirtd.service.d/10-secret.conf
arch,libvirt,usr/lib/systemd/system/virt-secret-init-encryption.service
arch,libvirt,usr/lib/systemd/system/virtchd.service
arch,libvirt,usr/lib/systemd/system/virtinterfaced.service
arch,libvirt,usr/lib/systemd/system/virtlockd.service
arch,libvirt,usr/lib/systemd/system/virtlogd.service
arch,libvirt,usr/lib/systemd/system/virtlxcd.service
arch,libvirt,usr/lib/systemd/system/virtnetworkd.service
arch,libvirt,usr/lib/systemd/system/virtnodedevd.service
arch,libvirt,usr/lib/systemd/system/virtnwfilterd.service
arch,libvirt,usr/lib/systemd/system/virtproxyd.service
arch,libvirt,usr/lib/systemd/system/virtqemud.service
arch,libvirt,usr/lib/systemd/system/virtsecretd.service
arch,libvirt,usr/lib/systemd/system/virtstoraged.service
arch,libvirt,usr/lib/systemd/system/virtvboxd.service
arch,libvirt-dbus,usr/lib/systemd/system/libvirt-dbus.service
arch,lightdm,usr/lib/systemd/system/lightdm.service
arch,lighttpd,usr/lib/systemd/system/lighttpd.service
arch,linuxconsole,usr/lib/systemd/system/inputattach.service
arch,linyaps,usr/lib/systemd/system/org.deepin.linglong.PackageManager.service
arch,lirc,usr/lib/systemd/system/irexec.service
arch,lirc,usr/lib/systemd/system/lircd-setup.service
arch,lirc,usr/lib/systemd/system/lircd-uinput.service
arch,lirc,usr/lib/systemd/system/lircd.service
arch,lirc,usr/lib/systemd/system/lircmd.service
arch,llama-cpp,usr/lib/systemd/system/llama-server.service
arch,lldpd,usr/lib/systemd/system/lldpd.service
arch,lm_sensors,usr/lib/systemd/system/fancontrol.service
arch,lm_sensors,usr/lib/systemd/system/healthd.service
arch,lm_sensors,usr/lib/systemd/system/lm_sensors.service
arch,lm_sensors,usr/lib/systemd/system/sensord.service
arch,logrotate,usr/lib/systemd/system/logrotate.service
arch,logwatch,usr/lib/systemd/system/logwatch.service
arch,loki,usr/lib/systemd/system/loki.service
arch,lprint,usr/lib/systemd/system/lprint.service
arch,luanti-server,usr/lib/systemd/system/luanti@.service
arch,lvm2,usr/lib/systemd/system/blk-availability.service
arch,lvm2,usr/lib/systemd/system/lvm-devices-import.service
arch,lvm2,usr/lib/systemd/system/lvm2-lvmpolld.service
arch,lvm2,usr/lib/systemd/system/lvm2-monitor.service
arch,lvm2,usr/lib/systemd/system/sysinit.target.wants/lvm2-monitor.service
arch,lxc,usr/lib/systemd/system/lxc-auto.service
arch,lxc,usr/lib/systemd/system/lxc-monitord.service
arch,lxc,usr/lib/systemd/system/lxc-net.service
arch,lxc,usr/lib/systemd/system/lxc.service
arch,lxc,usr/lib/systemd/system/lxc@.service
arch,lxcfs,usr/lib/systemd/system/lxcfs.service
arch,lxd,usr/lib/systemd/system/lxd.service
arch,lxdm,usr/lib/systemd/system/lxdm.service
arch,ly,usr/lib/systemd/system/ly-kmsconvt@.service
arch,ly,usr/lib/systemd/system/ly@.service
arch,lynis,usr/lib/systemd/system/lynis.service
arch,mailman-web,usr/lib/systemd/system/mailman-web-qcluster.service
arch,mailman3,usr/lib/systemd/system/mailman3-digests.service
arch,mailman3,usr/lib/systemd/system/mailman3-gatenews.service
arch,mailman3,usr/lib/systemd/system/mailman3-notify.service
arch,mailman3,usr/lib/systemd/system/mailman3.service
arch,malcontent,usr/lib/systemd/system/malcontent-timer-extension-agent.service
arch,malcontent,usr/lib/systemd/system/malcontent-timerd.service
arch,malcontent,usr/lib/systemd/system/malcontent-webd-update.service
arch,malcontent,usr/lib/systemd/system/malcontent-webd.service
arch,man-db,usr/lib/systemd/system/man-db.service
arch,mandoc,usr/lib/systemd/system/mandoc.service
arch,mariadb,usr/lib/systemd/system/mariadb.service
arch,mariadb,usr/lib/systemd/system/mariadb.service.d/
arch,mariadb,usr/lib/systemd/system/mariadb.service.d/galera.conf
arch,mariadb,usr/lib/systemd/system/mariadb@.service
arch,mariadb,usr/lib/systemd/system/mysql.service
arch,mariadb,usr/lib/systemd/system/mysqld.service
arch,mariadb-lts,usr/lib/systemd/system/mariadb.service
arch,mariadb-lts,usr/lib/systemd/system/mariadb@.service
arch,mariadb-lts,usr/lib/systemd/system/mysql.service
arch,mariadb-lts,usr/lib/systemd/system/mysqld.service
arch,matrix-appservice-irc,usr/lib/systemd/system/matrix-appservice-irc.service
arch,matrix-authentication-service,usr/lib/systemd/system/matrix-authentication-service-worker.service
arch,matrix-authentication-service,usr/lib/systemd/system/matrix-authentication-service.service
arch,matrix-synapse,usr/lib/systemd/system/synapse-worker@.service
arch,matrix-synapse,usr/lib/systemd/system/synapse-worker@.service.d/
arch,matrix-synapse,usr/lib/systemd/system/synapse-worker@.service.d/override-hardened.conf
arch,matrix-synapse,usr/lib/systemd/system/synapse.service
arch,matrix-synapse,usr/lib/systemd/system/synapse.service.d/
arch,matrix-synapse,usr/lib/systemd/system/synapse.service.d/override-hardened.conf
arch,matterbridge,usr/lib/systemd/system/matterbridge.service
arch,mattermost,usr/lib/systemd/system/mattermost.service
arch,mdadm,usr/lib/systemd/system/mdadm-grow-continue@.service
arch,mdadm,usr/lib/systemd/system/mdadm-last-resort@.service
arch,mdadm,usr/lib/systemd/system/mdcheck_continue.service
arch,mdadm,usr/lib/systemd/system/mdcheck_start.service
arch,mdadm,usr/lib/systemd/system/mdmon@.service
arch,mdadm,usr/lib/systemd/system/mdmonitor-oneshot.service
arch,mdadm,usr/lib/systemd/system/mdmonitor.service
arch,meilisearch,usr/lib/systemd/system/meilisearch.service
arch,memcached,usr/lib/systemd/system/memcached.service
arch,memcached,usr/lib/systemd/system/memcached@.service
arch,meshbird,usr/lib/systemd/system/meshbird.service
arch,metalog,usr/lib/systemd/system/metalog.service
arch,mimir,usr/lib/systemd/system/mimir.service
arch,minidlna,usr/lib/systemd/system/minidlna.service
arch,minieap,usr/lib/systemd/system/minieap.service
arch,miniflux,usr/lib/systemd/system/miniflux.service
arch,miniserve,usr/lib/systemd/system/miniserve@.service
arch,miniupnpd,usr/lib/systemd/system/miniupnpd.service
arch,mirro-rs,usr/lib/systemd/system/mirro-rs.service
arch,mkinitcpio,usr/lib/systemd/system/halt.target.wants/mkinitcpio-generate-shutdown-ramfs.service
arch,mkinitcpio,usr/lib/systemd/system/kexec.target.wants/mkinitcpio-generate-shutdown-ramfs.service
arch,mkinitcpio,usr/lib/systemd/system/mkinitcpio-generate-shutdown-ramfs.service
arch,mkinitcpio,usr/lib/systemd/system/poweroff.target.wants/mkinitcpio-generate-shutdown-ramfs.service
arch,mkinitcpio,usr/lib/systemd/system/reboot.target.wants/mkinitcpio-generate-shutdown-ramfs.service
arch,mkinitcpio-systemd-tool,usr/lib/systemd/system/initrd-cryptsetup.service
arch,mkinitcpio-systemd-tool,usr/lib/systemd/system/initrd-debug-progs.service
arch,mkinitcpio-systemd-tool,usr/lib/systemd/system/initrd-debug-shell.service
arch,mkinitcpio-systemd-tool,usr/lib/systemd/system/initrd-dropbear.service
arch,mkinitcpio-systemd-tool,usr/lib/systemd/system/initrd-emergency.service
arch,mkinitcpio-systemd-tool,usr/lib/systemd/system/initrd-network.service
arch,mkinitcpio-systemd-tool,usr/lib/systemd/system/initrd-nftables.service
arch,mkinitcpio-systemd-tool,usr/lib/systemd/system/initrd-ntpd.service
arch,mkinitcpio-systemd-tool,usr/lib/systemd/system/initrd-plymouth.service
arch,mkinitcpio-systemd-tool,usr/lib/systemd/system/initrd-shell.service
arch,mkinitcpio-systemd-tool,usr/lib/systemd/system/initrd-sysroot-mount.service
arch,mkinitcpio-systemd-tool,usr/lib/systemd/system/initrd-tinysshd.service
arch,mkinitcpio-systemd-tool,usr/lib/systemd/system/initrd-util-pc-beep.service
arch,mkinitcpio-systemd-tool,usr/lib/systemd/system/initrd-util-usb-hcd.service
arch,modemmanager,usr/lib/systemd/system/ModemManager.service
arch,monero,usr/lib/systemd/system/monerod.service
arch,monit,usr/lib/systemd/system/monit.service
arch,moosefs,usr/lib/systemd/system/moosefs-chunkserver.service
arch,moosefs,usr/lib/systemd/system/moosefs-chunkserver@.service
arch,moosefs,usr/lib/systemd/system/moosefs-gui.service
arch,moosefs,usr/lib/systemd/system/moosefs-gui@.service
arch,moosefs,usr/lib/systemd/system/moosefs-master.service
arch,moosefs,usr/lib/systemd/system/moosefs-master@.service
arch,moosefs,usr/lib/systemd/system/moosefs-metalogger.service
arch,moosefs,usr/lib/systemd/system/moosefs-metalogger@.service
arch,mopidy,usr/lib/systemd/system/mopidy.service
arch,mosquitto,usr/lib/systemd/system/mosquitto.service
arch,motion,usr/lib/systemd/system/motion.service
arch,mpd,usr/lib/systemd/system/mpd.service
arch,mpd,usr/lib/systemd/system/mpd.service.d/
arch,mpd,usr/lib/systemd/system/mpd.service.d/00-arch.conf
arch,mpdscribble,usr/lib/systemd/system/mpdscribble.service
arch,mpdscribble,usr/lib/systemd/system/mpdscribble@.service
arch,mullvad-vpn-daemon,usr/lib/systemd/system/mullvad-daemon.service
arch,mullvad-vpn-daemon,usr/lib/systemd/system/mullvad-early-boot-blocking.service
arch,multipath-tools,usr/lib/systemd/system/multipathd-queueing.service
arch,multipath-tools,usr/lib/systemd/system/multipathd.service
arch,mumble-server,usr/lib/systemd/system/mumble-server.service
arch,munge,usr/lib/systemd/system/munge.service
arch,munin,usr/lib/systemd/system/munin-graph.service
arch,munin,usr/lib/systemd/system/munin-html.service
arch,munin-node,usr/lib/systemd/system/munin-async.service
arch,munin-node,usr/lib/systemd/system/munin-node.service
arch,mympd,usr/lib/systemd/system/mympd.service
arch,n2n,usr/lib/systemd/system/edge.service
arch,n2n,usr/lib/systemd/system/edge@.service
arch,n2n,usr/lib/systemd/system/supernode.service
arch,navidrome,usr/lib/systemd/system/navidrome.service
arch,nbd,usr/lib/systemd/system/nbd.service
arch,nbd,usr/lib/systemd/system/nbd@.service
arch,ndctl,usr/lib/systemd/system/cxl-monitor.service
arch,ndctl,usr/lib/systemd/system/daxdev-reconfigure@.service
arch,ndctl,usr/lib/systemd/system/ndctl-monitor.service
arch,ndisc6,usr/lib/systemd/system/rdnssd@.service
arch,nebula,usr/lib/systemd/system/nebula.service
arch,net-snmp,usr/lib/systemd/system/snmpd.service
arch,net-snmp,usr/lib/systemd/system/snmptrapd.service
arch,netavark,usr/lib/systemd/system/netavark-dhcp-proxy.service
arch,netavark,usr/lib/systemd/system/netavark-firewalld-reload.service
arch,netavark,usr/lib/systemd/system/netavark-nftables-reload.service
arch,netctl,usr/lib/systemd/system/netctl-auto@.service
arch,netctl,usr/lib/systemd/system/netctl-ifplugd@.service
arch,netctl,usr/lib/systemd/system/netctl-sleep.service
arch,netctl,usr/lib/systemd/system/netctl-wait-online.service
arch,netctl,usr/lib/systemd/system/netctl.service
arch,netctl,usr/lib/systemd/system/netctl@.service
arch,netdata,usr/lib/systemd/system/netdata.service
arch,netperf,usr/lib/systemd/system/netserver.service
arch,netplan,usr/lib/systemd/system/netplan-configure.service
arch,networkmanager,usr/lib/systemd/system/NetworkManager-config-initrd.service
arch,networkmanager,usr/lib/systemd/system/NetworkManager-dispatcher.service
arch,networkmanager,usr/lib/systemd/system/NetworkManager-initrd.service
arch,networkmanager,usr/lib/systemd/system/NetworkManager-wait-online-initrd.service
arch,networkmanager,usr/lib/systemd/system/NetworkManager-wait-online.service
arch,networkmanager,usr/lib/systemd/system/NetworkManager.service
arch,networkmanager,usr/lib/systemd/system/nm-priv-helper.service
arch,nextcloud,usr/lib/systemd/system/nextcloud-cron.service
arch,nextcloud-app-notify_push,usr/lib/systemd/system/nextcloud-app-notify_push.service
arch,nfs-utils,usr/lib/systemd/system/auth-rpcgss-module.service
arch,nfs-utils,usr/lib/systemd/system/fsidd.service
arch,nfs-utils,usr/lib/systemd/system/nfs-idmapd.service
arch,nfs-utils,usr/lib/systemd/system/nfs-mountd.service
arch,nfs-utils,usr/lib/systemd/system/nfs-server.service
arch,nfs-utils,usr/lib/systemd/system/nfs-utils.service
arch,nfs-utils,usr/lib/systemd/system/nfsdcld.service
arch,nfs-utils,usr/lib/systemd/system/nfsv4-exportd.service
arch,nfs-utils,usr/lib/systemd/system/nfsv4-server.service
arch,nfs-utils,usr/lib/systemd/system/rpc-gssd.service
arch,nfs-utils,usr/lib/systemd/system/rpc-statd-notify.service
arch,nfs-utils,usr/lib/systemd/system/rpc-statd.service
arch,nftables,usr/lib/systemd/system/nftables.service
arch,nginx,usr/lib/systemd/system/nginx.service
arch,nginx-mainline,usr/lib/systemd/system/nginx.service
arch,nginx-prometheus-exporter,usr/lib/systemd/system/nginx-prometheus-exporter.service
arch,nix,usr/lib/systemd/system/nix-daemon.service
arch,nm-cloud-setup,usr/lib/systemd/system/nm-cloud-setup.service
arch,nodm,usr/lib/systemd/system/nodm.service
arch,nomad,usr/lib/systemd/system/nomad.service
arch,nominatim,usr/lib/systemd/system/nominatim-updates.service
arch,nominatim,usr/lib/systemd/system/nominatim.service
arch,nqptp,usr/lib/systemd/system/nqptp.service
arch,nsd,usr/lib/systemd/system/nsd.service
arch,nss-pam-ldapd,usr/lib/systemd/system/nslcd.service
arch,ntp,usr/lib/systemd/system/ntpd.service
arch,ntp,usr/lib/systemd/system/ntpdate.service
arch,ntpd-rs,usr/lib/systemd/system/ntpd-rs-metrics.service
arch,ntpd-rs,usr/lib/systemd/system/ntpd-rs.service
arch,nullmailer,usr/lib/systemd/system/nullmailer.service
arch,numa,usr/lib/systemd/system/numa.service
arch,nut,usr/lib/systemd/system/nut-driver-enumerator-daemon-activator.service
arch,nut,usr/lib/systemd/system/nut-driver-enumerator-daemon.service
arch,nut,usr/lib/systemd/system/nut-driver-enumerator.service
arch,nut,usr/lib/systemd/system/nut-driver@.service
arch,nut,usr/lib/systemd/system/nut-logger.service
arch,nut,usr/lib/systemd/system/nut-monitor.service
arch,nut,usr/lib/systemd/system/nut-server.service
arch,nut,usr/lib/systemd/system/nut-udev-settle.service
arch,nvidia-utils,usr/lib/systemd/system/nvidia-hibernate.service
arch,nvidia-utils,usr/lib/systemd/system/nvidia-persistenced.service
arch,nvidia-utils,usr/lib/systemd/system/nvidia-powerd.service
arch,nvidia-utils,usr/lib/systemd/system/nvidia-resume.service
arch,nvidia-utils,usr/lib/systemd/system/nvidia-suspend-then-hibernate.service
arch,nvidia-utils,usr/lib/systemd/system/nvidia-suspend.service
arch,nvidia-utils,usr/lib/systemd/system/systemd-hibernate.service.d/
arch,nvidia-utils,usr/lib/systemd/system/systemd-hibernate.service.d/10-nvidia-no-freeze-session.conf
arch,nvidia-utils,usr/lib/systemd/system/systemd-homed.service.d/
arch,nvidia-utils,usr/lib/systemd/system/systemd-homed.service.d/10-nvidia-no-freeze-session.conf
arch,nvidia-utils,usr/lib/systemd/system/systemd-hybrid-sleep.service.d/
arch,nvidia-utils,usr/lib/systemd/system/systemd-hybrid-sleep.service.d/10-nvidia-no-freeze-session.conf
arch,nvidia-utils,usr/lib/systemd/system/systemd-suspend-then-hibernate.service.d/
arch,nvidia-utils,usr/lib/systemd/system/systemd-suspend-then-hibernate.service.d/10-nvidia-no-freeze-session.conf
arch,nvidia-utils,usr/lib/systemd/system/systemd-suspend.service.d/
arch,nvidia-utils,usr/lib/systemd/system/systemd-suspend.service.d/10-nvidia-no-freeze-session.conf
arch,nvme-cli,usr/lib/systemd/system/nvmefc-boot-connections.service
arch,nvme-cli,usr/lib/systemd/system/nvmf-autoconnect.service
arch,nvme-cli,usr/lib/systemd/system/nvmf-connect-nbft.service
arch,nvme-cli,usr/lib/systemd/system/nvmf-connect@.service
arch,nvmetcli,usr/lib/systemd/system/nvmet.service
arch,nyancat,usr/lib/systemd/system/nyancat@.service
arch,nzbget,usr/lib/systemd/system/nzbget.service
arch,oidentd,usr/lib/systemd/system/oidentd@.service
arch,ollama,usr/lib/systemd/system/ollama.service
arch,open-iscsi,usr/lib/systemd/system/iscsi-init.service
arch,open-iscsi,usr/lib/systemd/system/iscsi.service
arch,open-iscsi,usr/lib/systemd/system/iscsid.service
arch,open-iscsi,usr/lib/systemd/system/iscsiuio.service
arch,open-isns,usr/lib/systemd/system/isnsd.service
arch,open-vm-tools,usr/lib/systemd/system/vmtoolsd.service
arch,open-vm-tools,usr/lib/systemd/system/vmware-vmblock-fuse.service
arch,openbao,usr/lib/systemd/system/openbao.service
arch,opencloud,usr/lib/systemd/system/opencloud.service
arch,opendht,usr/lib/systemd/system/dhtcluster.service
arch,opendht,usr/lib/systemd/system/dhtnode.service
arch,opendkim,usr/lib/systemd/system/opendkim.service
arch,opendmarc,usr/lib/systemd/system/opendmarc.service
arch,openfire,usr/lib/systemd/system/openfire.service
arch,openfortivpn,usr/lib/systemd/system/openfortivpn@.service
arch,openldap,usr/lib/systemd/system/slapd.service
arch,openntpd,usr/lib/systemd/system/openntpd.service
arch,openobserve,usr/lib/systemd/system/openobserve.service
arch,openpgp-ca-restd,usr/lib/systemd/system/openpgp-ca-restd.service
arch,openrgb,usr/lib/systemd/system/openrgb.service
arch,opensearch,usr/lib/systemd/system/opensearch-keystore.service
arch,opensearch,usr/lib/systemd/system/opensearch-keystore@.service
arch,opensearch,usr/lib/systemd/system/opensearch.service
arch,opensearch,usr/lib/systemd/system/opensearch@.service
arch,opensearch-dashboards,usr/lib/systemd/system/opensearch-dashboards.service
arch,opensips,usr/lib/systemd/system/opensips.service
arch,opensmtpd,usr/lib/systemd/system/smtpd.service
arch,opensnitch,usr/lib/systemd/system/opensnitchd.service
arch,openssh,usr/lib/systemd/system/sshd.service
arch,openssh,usr/lib/systemd/system/sshd@.service
arch,openssh,usr/lib/systemd/system/sshdgenkeys.service
arch,openvox,usr/lib/systemd/system/puppet.service
arch,openvpn,usr/lib/systemd/system/openvpn-client@.service
arch,openvpn,usr/lib/systemd/system/openvpn-server@.service
arch,openvswitch,usr/lib/systemd/system/ovs-vswitchd.service
arch,openvswitch,usr/lib/systemd/system/ovsdb-server.service
arch,osquery,usr/lib/systemd/system/osqueryd.service
arch,ossp,usr/lib/systemd/system/osspd.service
arch,ostree,usr/lib/systemd/system/ostree-boot-complete.service
arch,ostree,usr/lib/systemd/system/ostree-finalize-staged-hold.service
arch,ostree,usr/lib/systemd/system/ostree-finalize-staged.service
arch,ostree,usr/lib/systemd/system/ostree-prepare-root.service
arch,ostree,usr/lib/systemd/system/ostree-remount.service
arch,ostree,usr/lib/systemd/system/ostree-state-overlay@.service
arch,packagekit,usr/lib/systemd/system/packagekit-offline-update.service
arch,packagekit,usr/lib/systemd/system/packagekit.service
arch,packagekit,usr/lib/systemd/system/system-update.target.wants/packagekit-offline-update.service
arch,pacman-contrib,usr/lib/systemd/system/paccache.service
arch,pacman-contrib,usr/lib/systemd/system/pacman-filesdb-refresh.service
arch,pacman-offline,usr/lib/systemd/system/pacman-offline-clean-prepare.service
arch,pacman-offline,usr/lib/systemd/system/pacman-offline-done-poweroff.service
arch,pacman-offline,usr/lib/systemd/system/pacman-offline-done-reboot.service
arch,pacman-offline,usr/lib/systemd/system/pacman-offline-prepare.service
arch,pacman-offline,usr/lib/systemd/system/pacman-offline.service
arch,pacman-offline,usr/lib/systemd/system/system-update.target.wants/pacman-offline.service
arch,pacoloco,usr/lib/systemd/system/pacoloco.service
arch,pacredir,usr/lib/systemd/system/pacredir.service
arch,pacredir,usr/lib/systemd/system/pacserve.service
arch,pacredir-avahi,usr/lib/systemd/system/pacserve-announce.service
arch,pacredir-avahi,usr/lib/systemd/system/pacserve.service.d/
arch,pacredir-avahi,usr/lib/systemd/system/pacserve.service.d/avahi.conf
arch,pacrunner,usr/lib/systemd/system/pacrunner.service
arch,pam,usr/lib/systemd/system/pam_namespace.service
arch,pam-u2f,usr/lib/systemd/system/polkit-agent-helper@.service.d/
arch,pam-u2f,usr/lib/systemd/system/polkit-agent-helper@.service.d/pam-u2f.conf
arch,pantheon-settings-daemon,usr/lib/systemd/system/io.elementary.settings-daemon.check-for-firmware-updates.service
arch,partimage,usr/lib/systemd/system/partimaged.service
arch,passim,usr/lib/systemd/system/passim.service
arch,pcp,usr/lib/systemd/system/pcp-geolocate.service
arch,pcp,usr/lib/systemd/system/pcp-reboot-init.service
arch,pcp,usr/lib/systemd/system/pmcd.service
arch,pcp,usr/lib/systemd/system/pmfind.service
arch,pcp,usr/lib/systemd/system/pmie.service
arch,pcp,usr/lib/systemd/system/pmie_check.service
arch,pcp,usr/lib/systemd/system/pmie_daily.service
arch,pcp,usr/lib/systemd/system/pmie_farm.service
arch,pcp,usr/lib/systemd/system/pmie_farm_check.service
arch,pcp,usr/lib/systemd/system/pmlogger.service
arch,pcp,usr/lib/systemd/system/pmlogger_check.service
arch,pcp,usr/lib/systemd/system/pmlogger_daily.service
arch,pcp,usr/lib/systemd/system/pmlogger_farm.service
arch,pcp,usr/lib/systemd/system/pmlogger_farm_check.service
arch,pcp,usr/lib/systemd/system/pmproxy.service
arch,pcp,usr/lib/systemd/system/pmproxy_check.service
arch,pcp,usr/lib/systemd/system/pmproxy_daily.service
arch,pcp,usr/lib/systemd/system/pmseries_import.service
arch,pcp-atop,usr/lib/systemd/system/atop-daily.service
arch,pcp-atop,usr/lib/systemd/system/atop.service
arch,pcsclite,usr/lib/systemd/system/pcscd.service
arch,pdnsd,usr/lib/systemd/system/pdnsd.service
arch,percona-server,usr/lib/systemd/system/mysqld.service
arch,percona-server,usr/lib/systemd/system/mysqld@.service
arch,percona-server,usr/lib/systemd/system/mysqlrouter.service
arch,pesign,usr/lib/systemd/system/pesign-create-db.service
arch,pesign,usr/lib/systemd/system/pesign.service
arch,pgbouncer,usr/lib/systemd/system/pgbouncer.service
arch,phodav,usr/lib/systemd/system/spice-webdavd.service
arch,php-fpm,usr/lib/systemd/system/php-fpm.service
arch,php-legacy-fpm,usr/lib/systemd/system/php-fpm-legacy.service
arch,php-legacy-fpm,usr/lib/systemd/system/php-legacy-fpm.service
arch,phpldapadmin,usr/lib/systemd/system/phpldapadmin.service
arch,piping-server,usr/lib/systemd/system/piping-server.service
arch,pkgfile,usr/lib/systemd/system/pkgfile-update.service
arch,pkgfile,usr/lib/systemd/system/pkgfiled.service
arch,pkgstats,usr/lib/systemd/system/pkgstats.service
arch,plantuml,usr/lib/systemd/system/plantuml@.service
arch,plantuml-server,usr/lib/systemd/system/plantuml-server.service
arch,plasma-login-manager,usr/lib/systemd/system/plasmalogin.service
arch,plocate,usr/lib/systemd/system/plocate-updatedb.service
arch,plymouth,usr/lib/systemd/system/halt.target.wants/plymouth-halt.service
arch,plymouth,usr/lib/systemd/system/halt.target.wants/plymouth-switch-root-initramfs.service
arch,plymouth,usr/lib/systemd/system/initrd-switch-root.target.wants/plymouth-start.service
arch,plymouth,usr/lib/systemd/system/initrd-switch-root.target.wants/plymouth-switch-root.service
arch,plymouth,usr/lib/systemd/system/kexec.target.wants/plymouth-kexec.service
arch,plymouth,usr/lib/systemd/system/kexec.target.wants/plymouth-switch-root-initramfs.service
arch,plymouth,usr/lib/systemd/system/multi-user.target.wants/plymouth-quit-wait.service
arch,plymouth,usr/lib/systemd/system/multi-user.target.wants/plymouth-quit.service
arch,plymouth,usr/lib/systemd/system/plymouth-halt.service
arch,plymouth,usr/lib/systemd/system/plymouth-kexec.service
arch,plymouth,usr/lib/systemd/system/plymouth-poweroff.service
arch,plymouth,usr/lib/systemd/system/plymouth-quit-wait.service
arch,plymouth,usr/lib/systemd/system/plymouth-quit.service
arch,plymouth,usr/lib/systemd/system/plymouth-read-write.service
arch,plymouth,usr/lib/systemd/system/plymouth-reboot.service
arch,plymouth,usr/lib/systemd/system/plymouth-start.service
arch,plymouth,usr/lib/systemd/system/plymouth-switch-root-initramfs.service
arch,plymouth,usr/lib/systemd/system/plymouth-switch-root.service
arch,plymouth,usr/lib/systemd/system/poweroff.target.wants/plymouth-poweroff.service
arch,plymouth,usr/lib/systemd/system/poweroff.target.wants/plymouth-switch-root-initramfs.service
arch,plymouth,usr/lib/systemd/system/reboot.target.wants/plymouth-reboot.service
arch,plymouth,usr/lib/systemd/system/reboot.target.wants/plymouth-switch-root-initramfs.service
arch,plymouth,usr/lib/systemd/system/sysinit.target.wants/plymouth-read-write.service
arch,plymouth,usr/lib/systemd/system/sysinit.target.wants/plymouth-start.service
arch,plymouth,usr/lib/systemd/system/systemd-ask-password-plymouth.service
arch,pm2,usr/lib/systemd/system/pm2.service
arch,podman,usr/lib/systemd/system/podman-auto-update.service
arch,podman,usr/lib/systemd/system/podman-clean-transient.service
arch,podman,usr/lib/systemd/system/podman-kube@.service
arch,podman,usr/lib/systemd/system/podman-restart.service
arch,podman,usr/lib/systemd/system/podman.service
arch,polkit,usr/lib/systemd/system/polkit-agent-helper@.service
arch,polkit,usr/lib/systemd/system/polkit.service
arch,postfix,usr/lib/systemd/system/postfix.service
arch,postfix-tlspol,usr/lib/systemd/system/postfix-tlspol.service
arch,postfwd,usr/lib/systemd/system/postfwd.service
arch,postfwd,usr/lib/systemd/system/postfwd2.service
arch,postgresql,usr/lib/systemd/system/postgresql.service
arch,postgrey,usr/lib/systemd/system/postgrey.service
arch,power-profiles-daemon,usr/lib/systemd/system/power-profiles-daemon.service
arch,powerdns,usr/lib/systemd/system/ixfrdist.service
arch,powerdns,usr/lib/systemd/system/ixfrdist@.service
arch,powerdns,usr/lib/systemd/system/pdns.service
arch,powerdns,usr/lib/systemd/system/pdns@.service
arch,powerdns-recursor,usr/lib/systemd/system/pdns-recursor.service
arch,powerdns-recursor,usr/lib/systemd/system/pdns-recursor@.service
arch,ppp,usr/lib/systemd/system/ppp@.service
arch,pptpd,usr/lib/systemd/system/pptpd.service
arch,privoxy,usr/lib/systemd/system/privoxy.service
arch,prometheus,usr/lib/systemd/system/prometheus.service
arch,prometheus-bird-exporter,usr/lib/systemd/system/prometheus-bird-exporter.service
arch,prometheus-blackbox-exporter,usr/lib/systemd/system/prometheus-blackbox-exporter.service
arch,prometheus-elasticsearch-exporter,usr/lib/systemd/system/prometheus-elasticsearch-exporter.service
arch,prometheus-fastly-exporter,usr/lib/systemd/system/prometheus-fastly-exporter.service
arch,prometheus-ipmi-exporter,usr/lib/systemd/system/prometheus-ipmi-exporter.service
arch,prometheus-json-exporter,usr/lib/systemd/system/prometheus-json-exporter.service
arch,prometheus-memcached-exporter,usr/lib/systemd/system/prometheus-memcached-exporter.service
arch,prometheus-mysqld-exporter,usr/lib/systemd/system/prometheus-mysqld-exporter.service
arch,prometheus-node-exporter,usr/lib/systemd/system/prometheus-node-exporter.service
arch,prometheus-nut-exporter,usr/lib/systemd/system/prometheus-nut-exporter.service
arch,prometheus-postgres-exporter,usr/lib/systemd/system/prometheus-postgres-exporter.service
arch,prometheus-redis-exporter,usr/lib/systemd/system/prometheus-redis-exporter.service
arch,prometheus-smartctl-exporter,usr/lib/systemd/system/prometheus-smartctl-exporter.service
arch,prometheus-smokeping-prober,usr/lib/systemd/system/prometheus-smokeping-prober.service
arch,prometheus-snmp-exporter,usr/lib/systemd/system/prometheus-snmp-exporter.service
arch,prometheus-ssl-exporter,usr/lib/systemd/system/prometheus-ssl-exporter.service
arch,prometheus-systemd-exporter,usr/lib/systemd/system/prometheus-systemd-exporter.service
arch,prometheus-unbound-exporter,usr/lib/systemd/system/prometheus-unbound-exporter.service
arch,prometheus-varnish-exporter,usr/lib/systemd/system/prometheus-varnish-exporter.service
arch,prometheus-wireguard-exporter,usr/lib/systemd/system/prometheus-wireguard-exporter.service
arch,promtail,usr/lib/systemd/system/promtail.service
arch,prosody,usr/lib/systemd/system/prosody.service
arch,proton-vpn-daemon,usr/lib/systemd/system/proton.VPN.service
arch,ptunnel,usr/lib/systemd/system/ptunnel.service
arch,puppet,usr/lib/systemd/system/puppet.service
arch,python-geoipsets,usr/lib/systemd/system/update-geoipsets.service
arch,python-location,usr/lib/systemd/system/location-update.service
arch,qbittorrent-nox,usr/lib/systemd/system/qbittorrent-nox.service
arch,qbittorrent-nox,usr/lib/systemd/system/qbittorrent-nox@.service
arch,qemu-guest-agent,usr/lib/systemd/system/qemu-guest-agent.service
arch,qemu-pr-helper,usr/lib/systemd/system/qemu-pr-helper.service
arch,qemu-vmsr-helper,usr/lib/systemd/system/qemu-vmsr-helper.service
arch,quassel-core,usr/lib/systemd/system/quassel.service
arch,rabbitmq,usr/lib/systemd/system/rabbitmq.service
arch,radicale,usr/lib/systemd/system/radicale.service
arch,radvd,usr/lib/systemd/system/radvd.service
arch,rauc,usr/lib/systemd/system/rauc.service
arch,rdma-core,usr/lib/systemd/system/ibacm.service
arch,rdma-core,usr/lib/systemd/system/iwpmd.service
arch,rdma-core,usr/lib/systemd/system/rdma-load-modules@.service
arch,rdma-core,usr/lib/systemd/system/rdma-ndd.service
arch,rdma-core,usr/lib/systemd/system/srp_daemon.service
arch,rdma-core,usr/lib/systemd/system/srp_daemon_port@.service
arch,rebuilderd,usr/lib/systemd/system/rebuilderd-sync@.service
arch,rebuilderd,usr/lib/systemd/system/rebuilderd-worker@.service
arch,rebuilderd,usr/lib/systemd/system/rebuilderd.service
arch,recoll,usr/lib/systemd/system/recollindex@.service
arch,redmine,usr/lib/systemd/system/redmine.service
arch,reflector,usr/lib/systemd/system/reflector.service
arch,rng-tools,usr/lib/systemd/system/rngd.service
arch,rpcbind,usr/lib/systemd/system/rpcbind.service
arch,rrdtool,usr/lib/systemd/system/rrdcached.service
arch,rspamd,usr/lib/systemd/system/rspamd-dmarc-report.service
arch,rspamd,usr/lib/systemd/system/rspamd.service
arch,rsync,usr/lib/systemd/system/rsyncd.service
arch,rsync,usr/lib/systemd/system/rsyncd@.service
arch,rtirq,usr/lib/systemd/system/rtirq-resume.service
arch,rtirq,usr/lib/systemd/system/rtirq.service
arch,rtkit,usr/lib/systemd/system/rtkit-daemon.service
arch,rustic,usr/lib/systemd/system/rustic-backup@.service
arch,rustic,usr/lib/systemd/system/rustic-forget@.service
arch,rustypaste,usr/lib/systemd/system/rustypaste.service
arch,samba,usr/lib/systemd/system/nmb.service
arch,samba,usr/lib/systemd/system/samba-bgqd.service
arch,samba,usr/lib/systemd/system/samba.service
arch,samba,usr/lib/systemd/system/smb.service
arch,samba,usr/lib/systemd/system/winbind.service
arch,sane,usr/lib/systemd/system/saned@.service
arch,sauerbraten,usr/lib/systemd/system/sauerbraten.service
arch,sccache,usr/lib/systemd/system/sccache-scheduler.service
arch,sccache,usr/lib/systemd/system/sccache-server.service
arch,scx-tools,usr/lib/systemd/system/scx_loader.service
arch,sddm,usr/lib/systemd/system/sddm.service
arch,seatd,usr/lib/systemd/system/seatd.service
arch,ser2net,usr/lib/systemd/system/ser2net.service
arch,shadow,usr/lib/systemd/system/shadow.service
arch,shadowsocks-rust,usr/lib/systemd/system/shadowsocks-rust-server@.service
arch,shadowsocks-rust,usr/lib/systemd/system/shadowsocks-rust@.service
arch,shairport-sync,usr/lib/systemd/system/shairport-sync.service
arch,slim,usr/lib/systemd/system/slim.service
arch,slurm-llnl,usr/lib/systemd/system/slurmctld.service
arch,slurm-llnl,usr/lib/systemd/system/slurmd.service
arch,slurm-llnl,usr/lib/systemd/system/slurmdbd.service
arch,smartdns,usr/lib/systemd/system/smartdns.service
arch,smartmontools,usr/lib/systemd/system/smartd.service
arch,smbnetfs,usr/lib/systemd/system/smbnetfs.service
arch,smokeping,usr/lib/systemd/system/smokeping.service
arch,snapper,usr/lib/systemd/system/snapper-backup.service
arch,snapper,usr/lib/systemd/system/snapper-boot.service
arch,snapper,usr/lib/systemd/system/snapper-cleanup.service
arch,snapper,usr/lib/systemd/system/snapper-timeline.service
arch,snapper,usr/lib/systemd/system/snapperd.service
arch,sndio,usr/lib/systemd/system/sndiod.service
arch,sniproxy,usr/lib/systemd/system/sniproxy.service
arch,soapyremote,usr/lib/systemd/system/SoapySDRServer.service
arch,soft-serve,usr/lib/systemd/system/soft-serve.service
arch,soju,usr/lib/systemd/system/soju.service
arch,solr,usr/lib/systemd/system/solr.service
arch,sonic,usr/lib/systemd/system/sonic.service
arch,spamassassin,usr/lib/systemd/system/spamassassin-update.service
arch,spamassassin,usr/lib/systemd/system/spamassassin.service
arch,speech-dispatcher,usr/lib/systemd/system/speech-dispatcherd.service
arch,spice-vdagent,usr/lib/systemd/system/spice-vdagentd.service
arch,squid,usr/lib/systemd/system/squid-rotate.service
arch,squid,usr/lib/systemd/system/squid.service
arch,srs,usr/lib/systemd/system/srs.service
arch,ssh-tpm-agent,usr/lib/systemd/system/ssh-tpm-agent.service
arch,ssh-tpm-agent,usr/lib/systemd/system/ssh-tpm-genkeys.service
arch,sshguard,usr/lib/systemd/system/sshguard.service
arch,sshuttle,usr/lib/systemd/system/sshuttle.service
arch,sslh,usr/lib/systemd/system/sslh-fork.service
arch,sslh,usr/lib/systemd/system/sslh-select.service
arch,sslh,usr/lib/systemd/system/sslh.service
arch,sssd,usr/lib/systemd/system/sssd-autofs.service
arch,sssd,usr/lib/systemd/system/sssd-ifp.service
arch,sssd,usr/lib/systemd/system/sssd-kcm.service
arch,sssd,usr/lib/systemd/system/sssd-nss.service
arch,sssd,usr/lib/systemd/system/sssd-pac.service
arch,sssd,usr/lib/systemd/system/sssd-pam.service
arch,sssd,usr/lib/systemd/system/sssd-ssh.service
arch,sssd,usr/lib/systemd/system/sssd-sudo.service
arch,sssd,usr/lib/systemd/system/sssd.service
arch,stalwart,usr/lib/systemd/system/stalwart.service
arch,stalwart-proxy,usr/lib/systemd/system/stalwart-proxy.service
arch,step-ca,usr/lib/systemd/system/step-ca.service
arch,strongswan,usr/lib/systemd/system/strongswan-starter.service
arch,strongswan,usr/lib/systemd/system/strongswan.service
arch,stubby,usr/lib/systemd/system/stubby.service
arch,stunnel,usr/lib/systemd/system/stunnel.service
arch,subversion,usr/lib/systemd/system/svnserve.service
arch,sudo,usr/lib/systemd/system/sudo_logsrvd.service
arch,supervisor,usr/lib/systemd/system/supervisord.service
arch,swayosd,usr/lib/systemd/system/swayosd-libinput-backend.service
arch,switchboard-plug-parental-controls,usr/lib/systemd/system/pantheon-parental-controls.service
arch,switcheroo-control,usr/lib/systemd/system/switcheroo-control.service
arch,syncplay,usr/lib/systemd/system/syncplay@.service
arch,syncthing,usr/lib/systemd/system/syncthing@.service
arch,syncthing-discosrv,usr/lib/systemd/system/syncthing-discosrv.service
arch,syncthing-relaysrv,usr/lib/systemd/system/syncthing-relaysrv.service
arch,syslog-ng,usr/lib/systemd/system/syslog-ng@.service
arch,sysprof,usr/lib/systemd/system/sysprof3.service
arch,sysstat,usr/lib/systemd/system/sysstat-collect.service
arch,sysstat,usr/lib/systemd/system/sysstat-rotate.service
arch,sysstat,usr/lib/systemd/system/sysstat-summary.service
arch,sysstat,usr/lib/systemd/system/sysstat.service
arch,system-config-printer,usr/lib/systemd/system/configure-printer@.service
arch,system76-firmware,usr/lib/systemd/system/system76-firmware-daemon.service
arch,system76-scheduler,usr/lib/systemd/system/com.system76.Scheduler.service
arch,systemd,usr/lib/systemd/system/breakpoint-pre-basic.service
arch,systemd,usr/lib/systemd/system/breakpoint-pre-mount.service
arch,systemd,usr/lib/systemd/system/breakpoint-pre-switch-root.service
arch,systemd,usr/lib/systemd/system/breakpoint-pre-udev.service
arch,systemd,usr/lib/systemd/system/capsule@.service
arch,systemd,usr/lib/systemd/system/console-getty.service
arch,systemd,usr/lib/systemd/system/container-getty@.service
arch,systemd,usr/lib/systemd/system/dbus-org.freedesktop.hostname1.service
arch,systemd,usr/lib/systemd/system/dbus-org.freedesktop.import1.service
arch,systemd,usr/lib/systemd/system/dbus-org.freedesktop.locale1.service
arch,systemd,usr/lib/systemd/system/dbus-org.freedesktop.login1.service
arch,systemd,usr/lib/systemd/system/dbus-org.freedesktop.machine1.service
arch,systemd,usr/lib/systemd/system/dbus-org.freedesktop.portable1.service
arch,systemd,usr/lib/systemd/system/dbus-org.freedesktop.sysupdate1.service
arch,systemd,usr/lib/systemd/system/dbus-org.freedesktop.timedate1.service
arch,systemd,usr/lib/systemd/system/debug-shell.service
arch,systemd,usr/lib/systemd/system/emergency.service
arch,systemd,usr/lib/systemd/system/factory-reset.target.wants/systemd-factory-reset-request.service
arch,systemd,usr/lib/systemd/system/factory-reset.target.wants/systemd-pcrphase-factory-reset.service
arch,systemd,usr/lib/systemd/system/getty@.service
arch,systemd,usr/lib/systemd/system/initrd-cleanup.service
arch,systemd,usr/lib/systemd/system/initrd-parse-etc.service
arch,systemd,usr/lib/systemd/system/initrd-root-fs.target.wants/systemd-repart.service
arch,systemd,usr/lib/systemd/system/initrd-switch-root.service
arch,systemd,usr/lib/systemd/system/initrd-udevadm-cleanup-db.service
arch,systemd,usr/lib/systemd/system/initrd.target.wants/systemd-battery-check.service
arch,systemd,usr/lib/systemd/system/initrd.target.wants/systemd-bsod.service
arch,systemd,usr/lib/systemd/system/initrd.target.wants/systemd-confext-initrd.service
arch,systemd,usr/lib/systemd/system/initrd.target.wants/systemd-pcrphase-initrd.service
arch,systemd,usr/lib/systemd/system/initrd.target.wants/systemd-sysext-initrd.service
arch,systemd,usr/lib/systemd/system/kmod-static-nodes.service
arch,systemd,usr/lib/systemd/system/ldconfig.service
arch,systemd,usr/lib/systemd/system/modprobe@.service
arch,systemd,usr/lib/systemd/system/multi-user.target.wants/systemd-logind.service
arch,systemd,usr/lib/systemd/system/multi-user.target.wants/systemd-user-sessions.service
arch,systemd,usr/lib/systemd/system/quotaon-root.service
arch,systemd,usr/lib/systemd/system/quotaon@.service
arch,systemd,usr/lib/systemd/system/rescue.service
arch,systemd,usr/lib/systemd/system/serial-getty@.service
arch,systemd,usr/lib/systemd/system/storage-target-mode.target.wants/systemd-pcrphase-storage-target-mode.service
arch,systemd,usr/lib/systemd/system/sysinit.target.wants/kmod-static-nodes.service
arch,systemd,usr/lib/systemd/system/sysinit.target.wants/ldconfig.service
arch,systemd,usr/lib/systemd/system/sysinit.target.wants/systemd-binfmt.service
arch,systemd,usr/lib/systemd/system/sysinit.target.wants/systemd-boot-random-seed.service
arch,systemd,usr/lib/systemd/system/sysinit.target.wants/systemd-firstboot.service
arch,systemd,usr/lib/systemd/system/sysinit.target.wants/systemd-hibernate-clear.service
arch,systemd,usr/lib/systemd/system/sysinit.target.wants/systemd-hwdb-update.service
arch,systemd,usr/lib/systemd/system/sysinit.target.wants/systemd-journal-catalog-update.service
arch,systemd,usr/lib/systemd/system/sysinit.target.wants/systemd-journal-flush.service
arch,systemd,usr/lib/systemd/system/sysinit.target.wants/systemd-journald.service
arch,systemd,usr/lib/systemd/system/sysinit.target.wants/systemd-machine-id-commit.service
arch,systemd,usr/lib/systemd/system/sysinit.target.wants/systemd-modules-load.service
arch,systemd,usr/lib/systemd/system/sysinit.target.wants/systemd-pcrmachine.service
arch,systemd,usr/lib/systemd/system/sysinit.target.wants/systemd-pcrnvdone.service
arch,systemd,usr/lib/systemd/system/sysinit.target.wants/systemd-pcrosseparator.service
arch,systemd,usr/lib/systemd/system/sysinit.target.wants/systemd-pcrphase-sysinit.service
arch,systemd,usr/lib/systemd/system/sysinit.target.wants/systemd-pcrphase.service
arch,systemd,usr/lib/systemd/system/sysinit.target.wants/systemd-pcrproduct.service
arch,systemd,usr/lib/systemd/system/sysinit.target.wants/systemd-random-seed.service
arch,systemd,usr/lib/systemd/system/sysinit.target.wants/systemd-repart.service
arch,systemd,usr/lib/systemd/system/sysinit.target.wants/systemd-sysctl.service
arch,systemd,usr/lib/systemd/system/sysinit.target.wants/systemd-sysusers.service
arch,systemd,usr/lib/systemd/system/sysinit.target.wants/systemd-tmpfiles-setup-dev-early.service
arch,systemd,usr/lib/systemd/system/sysinit.target.wants/systemd-tmpfiles-setup-dev.service
arch,systemd,usr/lib/systemd/system/sysinit.target.wants/systemd-tmpfiles-setup.service
arch,systemd,usr/lib/systemd/system/sysinit.target.wants/systemd-tpm2-setup-early.service
arch,systemd,usr/lib/systemd/system/sysinit.target.wants/systemd-tpm2-setup.service
arch,systemd,usr/lib/systemd/system/sysinit.target.wants/systemd-udev-trigger.service
arch,systemd,usr/lib/systemd/system/sysinit.target.wants/systemd-udevd.service
arch,systemd,usr/lib/systemd/system/sysinit.target.wants/systemd-update-done.service
arch,systemd,usr/lib/systemd/system/sysinit.target.wants/systemd-update-utmp.service
arch,systemd,usr/lib/systemd/system/system-install.target.wants/systemd-sysinstall.service
arch,systemd,usr/lib/systemd/system/system-update-cleanup.service
arch,systemd,usr/lib/systemd/system/systemd-ask-password-console.service
arch,systemd,usr/lib/systemd/system/systemd-ask-password-wall.service
arch,systemd,usr/lib/systemd/system/systemd-ask-password@.service
arch,systemd,usr/lib/systemd/system/systemd-backlight@.service
arch,systemd,usr/lib/systemd/system/systemd-battery-check.service
arch,systemd,usr/lib/systemd/system/systemd-binfmt.service
arch,systemd,usr/lib/systemd/system/systemd-bless-boot.service
arch,systemd,usr/lib/systemd/system/systemd-boot-check-no-failures.service
arch,systemd,usr/lib/systemd/system/systemd-boot-clear-sysfail.service
arch,systemd,usr/lib/systemd/system/systemd-boot-random-seed.service
arch,systemd,usr/lib/systemd/system/systemd-boot-update.service
arch,systemd,usr/lib/systemd/system/systemd-bootctl@.service
arch,systemd,usr/lib/systemd/system/systemd-bsod.service
arch,systemd,usr/lib/systemd/system/systemd-confext-initrd.service
arch,systemd,usr/lib/systemd/system/systemd-confext-sysroot.service
arch,systemd,usr/lib/systemd/system/systemd-confext.service
arch,systemd,usr/lib/systemd/system/systemd-coredump@.service
arch,systemd,usr/lib/systemd/system/systemd-creds@.service
arch,systemd,usr/lib/systemd/system/systemd-exit.service
arch,systemd,usr/lib/systemd/system/systemd-factory-reset-complete.service
arch,systemd,usr/lib/systemd/system/systemd-factory-reset-reboot.service
arch,systemd,usr/lib/systemd/system/systemd-factory-reset-request.service
arch,systemd,usr/lib/systemd/system/systemd-factory-reset@.service
arch,systemd,usr/lib/systemd/system/systemd-firstboot.service
arch,systemd,usr/lib/systemd/system/systemd-fsck-root.service
arch,systemd,usr/lib/systemd/system/systemd-fsck@.service
arch,systemd,usr/lib/systemd/system/systemd-growfs-root.service
arch,systemd,usr/lib/systemd/system/systemd-growfs@.service
arch,systemd,usr/lib/systemd/system/systemd-halt.service
arch,systemd,usr/lib/systemd/system/systemd-hibernate-clear.service
arch,systemd,usr/lib/systemd/system/systemd-hibernate-resume.service
arch,systemd,usr/lib/systemd/system/systemd-hibernate.service
arch,systemd,usr/lib/systemd/system/systemd-homed-activate.service
arch,systemd,usr/lib/systemd/system/systemd-homed-firstboot.service
arch,systemd,usr/lib/systemd/system/systemd-homed.service
arch,systemd,usr/lib/systemd/system/systemd-hostnamed.service
arch,systemd,usr/lib/systemd/system/systemd-hwdb-update.service
arch,systemd,usr/lib/systemd/system/systemd-hybrid-sleep.service
arch,systemd,usr/lib/systemd/system/systemd-imds-early-network.service
arch,systemd,usr/lib/systemd/system/systemd-imds-import.service
arch,systemd,usr/lib/systemd/system/systemd-imdsd@.service
arch,systemd,usr/lib/systemd/system/systemd-importd.service
arch,systemd,usr/lib/systemd/system/systemd-journal-catalog-update.service
arch,systemd,usr/lib/systemd/system/systemd-journal-flush.service
arch,systemd,usr/lib/systemd/system/systemd-journal-gatewayd.service
arch,systemd,usr/lib/systemd/system/systemd-journal-remote.service
arch,systemd,usr/lib/systemd/system/systemd-journal-upload.service
arch,systemd,usr/lib/systemd/system/systemd-journalctl@.service
arch,systemd,usr/lib/systemd/system/systemd-journald-sync@.service
arch,systemd,usr/lib/systemd/system/systemd-journald.service
arch,systemd,usr/lib/systemd/system/systemd-journald@.service
arch,systemd,usr/lib/systemd/system/systemd-kexec.service
arch,systemd,usr/lib/systemd/system/systemd-localed.service
arch,systemd,usr/lib/systemd/system/systemd-logind.service
arch,systemd,usr/lib/systemd/system/systemd-loop@.service
arch,systemd,usr/lib/systemd/system/systemd-machine-id-commit.service
arch,systemd,usr/lib/systemd/system/systemd-machined.service
arch,systemd,usr/lib/systemd/system/systemd-modules-load.service
arch,systemd,usr/lib/systemd/system/systemd-mountfsd.service
arch,systemd,usr/lib/systemd/system/systemd-mute-console@.service
arch,systemd,usr/lib/systemd/system/systemd-network-generator.service
arch,systemd,usr/lib/systemd/system/systemd-networkd-persistent-storage.service
arch,systemd,usr/lib/systemd/system/systemd-networkd-wait-online.service
arch,systemd,usr/lib/systemd/system/systemd-networkd-wait-online@.service
arch,systemd,usr/lib/systemd/system/systemd-networkd.service
arch,systemd,usr/lib/systemd/system/systemd-nspawn@.service
arch,systemd,usr/lib/systemd/system/systemd-nsresourced.service
arch,systemd,usr/lib/systemd/system/systemd-oomd.service
arch,systemd,usr/lib/systemd/system/systemd-pcrextend@.service
arch,systemd,usr/lib/systemd/system/systemd-pcrfs-root.service
arch,systemd,usr/lib/systemd/system/systemd-pcrfs@.service
arch,systemd,usr/lib/systemd/system/systemd-pcrlock-file-system.service
arch,systemd,usr/lib/systemd/system/systemd-pcrlock-firmware-code.service
arch,systemd,usr/lib/systemd/system/systemd-pcrlock-firmware-config.service
arch,systemd,usr/lib/systemd/system/systemd-pcrlock-machine-id.service
arch,systemd,usr/lib/systemd/system/systemd-pcrlock-make-policy.service
arch,systemd,usr/lib/systemd/system/systemd-pcrlock-secureboot-authority.service
arch,systemd,usr/lib/systemd/system/systemd-pcrlock-secureboot-policy.service
arch,systemd,usr/lib/systemd/system/systemd-pcrlock@.service
arch,systemd,usr/lib/systemd/system/systemd-pcrlogin@.service
arch,systemd,usr/lib/systemd/system/systemd-pcrmachine.service
arch,systemd,usr/lib/systemd/system/systemd-pcrnvdone.service
arch,systemd,usr/lib/systemd/system/systemd-pcrosseparator.service
arch,systemd,usr/lib/systemd/system/systemd-pcrphase-factory-reset.service
arch,systemd,usr/lib/systemd/system/systemd-pcrphase-initrd.service
arch,systemd,usr/lib/systemd/system/systemd-pcrphase-storage-target-mode.service
arch,systemd,usr/lib/systemd/system/systemd-pcrphase-sysinit.service
arch,systemd,usr/lib/systemd/system/systemd-pcrphase.service
arch,systemd,usr/lib/systemd/system/systemd-pcrproduct.service
arch,systemd,usr/lib/systemd/system/systemd-portabled.service
arch,systemd,usr/lib/systemd/system/systemd-poweroff.service
arch,systemd,usr/lib/systemd/system/systemd-pstore.service
arch,systemd,usr/lib/systemd/system/systemd-quotacheck-root.service
arch,systemd,usr/lib/systemd/system/systemd-quotacheck@.service
arch,systemd,usr/lib/systemd/system/systemd-random-seed.service
arch,systemd,usr/lib/systemd/system/systemd-reboot.service
arch,systemd,usr/lib/systemd/system/systemd-remount-fs.service
arch,systemd,usr/lib/systemd/system/systemd-repart.service
arch,systemd,usr/lib/systemd/system/systemd-repart@.service
arch,systemd,usr/lib/systemd/system/systemd-report-basic@.service
arch,systemd,usr/lib/systemd/system/systemd-report-cgroup@.service
arch,systemd,usr/lib/systemd/system/systemd-resolved.service
arch,systemd,usr/lib/systemd/system/systemd-rfkill.service
arch,systemd,usr/lib/systemd/system/systemd-soft-reboot.service
arch,systemd,usr/lib/systemd/system/systemd-storage-block@.service
arch,systemd,usr/lib/systemd/system/systemd-storage-fs@.service
arch,systemd,usr/lib/systemd/system/systemd-storagetm.service
arch,systemd,usr/lib/systemd/system/systemd-suspend-then-hibernate.service
arch,systemd,usr/lib/systemd/system/systemd-suspend.service
arch,systemd,usr/lib/systemd/system/systemd-sysctl.service
arch,systemd,usr/lib/systemd/system/systemd-sysext-initrd.service
arch,systemd,usr/lib/systemd/system/systemd-sysext-sysroot.service
arch,systemd,usr/lib/systemd/system/systemd-sysext.service
arch,systemd,usr/lib/systemd/system/systemd-sysext@.service
arch,systemd,usr/lib/systemd/system/systemd-sysinstall.service
arch,systemd,usr/lib/systemd/system/systemd-sysupdate-reboot.service
arch,systemd,usr/lib/systemd/system/systemd-sysupdate.service
arch,systemd,usr/lib/systemd/system/systemd-sysupdated.service
arch,systemd,usr/lib/systemd/system/systemd-sysusers.service
arch,systemd,usr/lib/systemd/system/systemd-time-wait-sync.service
arch,systemd,usr/lib/systemd/system/systemd-timedated.service
arch,systemd,usr/lib/systemd/system/systemd-timesyncd.service
arch,systemd,usr/lib/systemd/system/systemd-tmpfiles-clean.service
arch,systemd,usr/lib/systemd/system/systemd-tmpfiles-setup-dev-early.service
arch,systemd,usr/lib/systemd/system/systemd-tmpfiles-setup-dev.service
arch,systemd,usr/lib/systemd/system/systemd-tmpfiles-setup.service
arch,systemd,usr/lib/systemd/system/systemd-tpm2-clear.service
arch,systemd,usr/lib/systemd/system/systemd-tpm2-setup-early.service
arch,systemd,usr/lib/systemd/system/systemd-tpm2-setup.service
arch,systemd,usr/lib/systemd/system/systemd-tpm2-swtpm.service
arch,systemd,usr/lib/systemd/system/systemd-udev-load-credentials.service
arch,systemd,usr/lib/systemd/system/systemd-udev-settle.service
arch,systemd,usr/lib/systemd/system/systemd-udev-trigger.service
arch,systemd,usr/lib/systemd/system/systemd-udevd.service
arch,systemd,usr/lib/systemd/system/systemd-update-done.service
arch,systemd,usr/lib/systemd/system/systemd-update-utmp.service
arch,systemd,usr/lib/systemd/system/systemd-user-sessions.service
arch,systemd,usr/lib/systemd/system/systemd-userdb-load-credentials.service
arch,systemd,usr/lib/systemd/system/systemd-userdbd.service
arch,systemd,usr/lib/systemd/system/systemd-validatefs@.service
arch,systemd,usr/lib/systemd/system/systemd-vconsole-setup.service
arch,systemd,usr/lib/systemd/system/systemd-vmspawn@.service
arch,systemd,usr/lib/systemd/system/systemd-volatile-root.service
arch,systemd,usr/lib/systemd/system/user-runtime-dir@.service
arch,systemd,usr/lib/systemd/system/user@.service
arch,systemd,usr/lib/systemd/system/user@.service.d/
arch,systemd,usr/lib/systemd/system/user@.service.d/10-login-barrier.conf
arch,systemd,usr/lib/systemd/system/user@0.service.d/
arch,systemd,usr/lib/systemd/system/user@0.service.d/10-login-barrier.conf
arch,systemd-bootchart,usr/lib/systemd/system/systemd-bootchart.service
arch,systemtap,usr/lib/systemd/system/stap-exporter.service
arch,tailscale,usr/lib/systemd/system/tailscale-wait-online.service
arch,tailscale,usr/lib/systemd/system/tailscaled.service
arch,tang,usr/lib/systemd/system/tangd@.service
arch,teamspeak3-server,usr/lib/systemd/system/teamspeak3-server.service
arch,tempo,usr/lib/systemd/system/tempo.service
arch,tftp-hpa,usr/lib/systemd/system/tftpd.service
arch,tgt,usr/lib/systemd/system/tgtd.service
arch,thermald,usr/lib/systemd/system/thermald.service
arch,throttled,usr/lib/systemd/system/throttled.service
arch,tigervnc,usr/lib/systemd/system/vncserver@.service
arch,tinc,usr/lib/systemd/system/tinc.service
arch,tinc,usr/lib/systemd/system/tinc@.service
arch,tinyproxy,usr/lib/systemd/system/tinyproxy.service
arch,tinyssh,usr/lib/systemd/system/tinyssh@.service
arch,tinyssh,usr/lib/systemd/system/tinysshgenkeys.service
arch,tlp,usr/lib/systemd/system/tlp.service
arch,tlp-pd,usr/lib/systemd/system/tlp-pd.service
arch,tlsrpt-reporter,usr/lib/systemd/system/tlsrpt-collectd.service
arch,tlsrpt-reporter,usr/lib/systemd/system/tlsrpt-reportd.service
arch,tomcat10,usr/lib/systemd/system/tomcat10.service
arch,tomcat9,usr/lib/systemd/system/tomcat9.service
arch,tor,usr/lib/systemd/system/tor.service
arch,touchegg,usr/lib/systemd/system/touchegg.service
arch,toxcore,usr/lib/systemd/system/tox-bootstrapd.service
arch,tpm2-abrmd,usr/lib/systemd/system/tpm2-abrmd.service
arch,traefik,usr/lib/systemd/system/traefik.service
arch,transmission-cli,usr/lib/systemd/system/transmission-daemon.service
arch,treeland,usr/lib/systemd/system/treeland.service
arch,trojan,usr/lib/systemd/system/trojan.service
arch,trojan,usr/lib/systemd/system/trojan@.service
arch,tt-rss,usr/lib/systemd/system/tt-rss.service
arch,tuned,usr/lib/systemd/system/tuned.service
arch,tuned-ppd,usr/lib/systemd/system/tuned-ppd.service
arch,tuntox,usr/lib/systemd/system/tuntox.service
arch,ucarp,usr/lib/systemd/system/ucarp.service
arch,udisks2,usr/lib/systemd/system/udisks2.service
arch,udp2raw,usr/lib/systemd/system/udp2raw@.service
arch,udp514-journal,usr/lib/systemd/system/udp514-journal.service
arch,udpxy,usr/lib/systemd/system/udpxy.service
arch,ufw,usr/lib/systemd/system/ufw.service
arch,ulogd,usr/lib/systemd/system/ulogd.service
arch,umurmur,usr/lib/systemd/system/umurmur.service
arch,unbound,usr/lib/systemd/system/unbound.service
arch,unrealircd,usr/lib/systemd/system/unrealircd.service
arch,upmpdcli,usr/lib/systemd/system/upmpdcli.service
arch,upower,usr/lib/systemd/system/upower.service
arch,upterm,usr/lib/systemd/system/uptermd.service
arch,uptimed,usr/lib/systemd/system/uptimed.service
arch,usb_modeswitch,usr/lib/systemd/system/usb_modeswitch@.service
arch,usbctl,usr/lib/systemd/system/deny-new-usb.service
arch,usbguard,usr/lib/systemd/system/usbguard-dbus.service
arch,usbguard,usr/lib/systemd/system/usbguard.service
arch,usbip,usr/lib/systemd/system/usbipd.service
arch,usbmuxd,usr/lib/systemd/system/usbmuxd.service
arch,util-linux,usr/lib/systemd/system/fstrim.service
arch,util-linux,usr/lib/systemd/system/lastlog2-import.service
arch,util-linux,usr/lib/systemd/system/rfkill-block@.service
arch,util-linux,usr/lib/systemd/system/rfkill-unblock@.service
arch,util-linux,usr/lib/systemd/system/uuidd.service
arch,uwsgi,usr/lib/systemd/system/emperor.uwsgi.service
arch,uwsgi,usr/lib/systemd/system/uwsgi@.service
arch,v2ray,usr/lib/systemd/system/v2ray.service
arch,v2ray,usr/lib/systemd/system/v2ray@.service
arch,v4l-utils,usr/lib/systemd/system/systemd-udevd.service.d/
arch,v4l-utils,usr/lib/systemd/system/systemd-udevd.service.d/50-rc_keymap.conf
arch,valkey,usr/lib/systemd/system/redis-sentinel.service
arch,valkey,usr/lib/systemd/system/redis.service
arch,valkey,usr/lib/systemd/system/valkey-sentinel.service
arch,valkey,usr/lib/systemd/system/valkey.service
arch,vault,usr/lib/systemd/system/vault.service
arch,vaultwarden,usr/lib/systemd/system/vaultwarden.service
arch,vector,usr/lib/systemd/system/hardened-vector.service
arch,vector,usr/lib/systemd/system/vector.service
arch,vinyl-cache,usr/lib/systemd/system/vinyl-cache.service
arch,vinyl-cache,usr/lib/systemd/system/vinylncsa.service
arch,virtualbox,usr/lib/systemd/system/vboxweb.service
arch,virtualbox-guest-utils,usr/lib/systemd/system/vboxservice.service
arch,virtualbox-guest-utils-nox,usr/lib/systemd/system/vboxservice.service
arch,vnstat,usr/lib/systemd/system/vnstat.service
arch,vpnc,usr/lib/systemd/system/vpnc@.service
arch,vsftpd,usr/lib/systemd/system/vsftpd.service
arch,vsftpd,usr/lib/systemd/system/vsftpd@.service
arch,waydroid,usr/lib/systemd/system/waydroid-container.service
arch,webhook,usr/lib/systemd/system/webhook.service
arch,wesnoth,usr/lib/systemd/system/wesnothd.service
arch,wireguard-tools,usr/lib/systemd/system/wg-quick@.service
arch,wireproxy,usr/lib/systemd/system/wireproxy.service
arch,wireproxy,usr/lib/systemd/system/wireproxy@.service
arch,wiresmith,usr/lib/systemd/system/wiresmith.service
arch,woodpecker-agent,usr/lib/systemd/system/woodpecker-agent.service
arch,woodpecker-server,usr/lib/systemd/system/woodpecker-server.service
arch,wpa_supplicant,usr/lib/systemd/system/wpa_supplicant-nl80211@.service
arch,wpa_supplicant,usr/lib/systemd/system/wpa_supplicant-wired@.service
arch,wpa_supplicant,usr/lib/systemd/system/wpa_supplicant.service
arch,wpa_supplicant,usr/lib/systemd/system/wpa_supplicant@.service
arch,wsdd,usr/lib/systemd/system/wsdd-discovery.service
arch,wsdd,usr/lib/systemd/system/wsdd.service
arch,x11vnc,usr/lib/systemd/system/x11vnc.service
arch,xdm-archlinux,usr/lib/systemd/system/xdm-archlinux.service
arch,xf86-input-wacom,usr/lib/systemd/system/wacom-inputattach@.service
arch,xfsprogs,usr/lib/systemd/system/xfs_healer@.service
arch,xfsprogs,usr/lib/systemd/system/xfs_healer_start.service
arch,xfsprogs,usr/lib/systemd/system/xfs_scrub@.service
arch,xfsprogs,usr/lib/systemd/system/xfs_scrub_all.service
arch,xfsprogs,usr/lib/systemd/system/xfs_scrub_all_fail.service
arch,xfsprogs,usr/lib/systemd/system/xfs_scrub_fail@.service
arch,xfsprogs,usr/lib/systemd/system/xfs_scrub_media@.service
arch,xfsprogs,usr/lib/systemd/system/xfs_scrub_media_fail@.service
arch,xl2tpd,usr/lib/systemd/system/xl2tpd.service
arch,xmms2,usr/lib/systemd/system/xmms2d.service
arch,xmrig,usr/lib/systemd/system/xmrig@.service
arch,xorg-xdm,usr/lib/systemd/system/xdm.service
arch,xpra,usr/lib/systemd/system/xpra-encoder.service
arch,xpra,usr/lib/systemd/system/xpra.service
arch,yate,usr/lib/systemd/system/yate.service
arch,yggdrasil,usr/lib/systemd/system/yggdrasil-default-config.service
arch,yggdrasil,usr/lib/systemd/system/yggdrasil.service
arch,yrd,usr/lib/systemd/system/yrd.service
arch,yubikey-full-disk-encryption,usr/lib/systemd/system/ykfde-suspend.service
arch,zabbix-agent,usr/lib/systemd/system/zabbix-agent.service
arch,zabbix-agent2,usr/lib/systemd/system/zabbix-agent2.service
arch,zabbix-proxy,usr/lib/systemd/system/zabbix-proxy-mysql.service
arch,zabbix-proxy,usr/lib/systemd/system/zabbix-proxy-pgsql.service
arch,zabbix-proxy,usr/lib/systemd/system/zabbix-proxy-sqlite.service
arch,zabbix-server,usr/lib/systemd/system/zabbix-server-mysql.service
arch,zabbix-server,usr/lib/systemd/system/zabbix-server-pgsql.service
arch,zabbix-web-service,usr/lib/systemd/system/zabbix-web-service.service
arch,zeroc-ice,usr/lib/systemd/system/glacier2router.service
arch,zeroc-ice,usr/lib/systemd/system/icegridnode.service
arch,zeroc-ice,usr/lib/systemd/system/icegridregistry.service
arch,zerotier-one,usr/lib/systemd/system/zerotier-one.service
arch,zerotier-one-full,usr/lib/systemd/system/zerotier-one.service
arch,zigbee2mqtt,usr/lib/systemd/system/zigbee2mqtt.service
arch,znc,usr/lib/systemd/system/znc.service
arch,zram-generator,usr/lib/systemd/system/systemd-zram-setup@.service
