lineage_id,canonical_upstream_id,distribution,binary_package_id,unit_path,unit_basename,match_tier,lineage_match_mode,match_status,match_evidence_uri_or_path,normalized_exec_lineage,candidate_count,distribution_count,upstream_source_revision,upstream_artifact_identity,upstream_artifact_hash,ambiguity_count_before_acceptance
https://apps.gnome.org/Sysprof::sysprofd,https://apps.gnome.org/Sysprof,arch,sysprof,usr/lib/systemd/system/sysprof3.service,sysprof3.service,A,UNAMBIGUOUS_EXECUTABLE_LINEAGE,MATCHED,usr/lib/systemd/system/sysprof3.service,sysprofd,1,3,,,,1
https://apps.gnome.org/Sysprof::sysprofd,https://apps.gnome.org/Sysprof,debian,sysprof,usr/lib/systemd/system/sysprof3.service,sysprof3.service,A,UNAMBIGUOUS_EXECUTABLE_LINEAGE,MATCHED,usr/lib/systemd/system/sysprof3.service,sysprofd,1,3,,,,1
https://apps.gnome.org/Sysprof::sysprofd,https://apps.gnome.org/Sysprof,ubuntu,sysprof,usr/lib/systemd/system/sysprof3.service,sysprof3.service,A,UNAMBIGUOUS_EXECUTABLE_LINEAGE,MATCHED,usr/lib/systemd/system/sysprof3.service,sysprofd,1,3,,,,1
https://arthurdejong.org/nss-pam-ldapd::nslcd,https://arthurdejong.org/nss-pam-ldapd,arch,nss-pam-ldapd,usr/lib/systemd/system/nslcd.service,nslcd.service,A,UNAMBIGUOUS_EXECUTABLE_LINEAGE,MATCHED,usr/lib/systemd/system/nslcd.service,nslcd,1,4,,,,1
https://arthurdejong.org/nss-pam-ldapd::nslcd,https://arthurdejong.org/nss-pam-ldapd,debian,nslcd,usr/lib/systemd/system/nslcd.service,nslcd.service,A,UNAMBIGUOUS_EXECUTABLE_LINEAGE,MATCHED,usr/lib/systemd/system/nslcd.service,nslcd,1,4,,,,1
https://arthurdejong.org/nss-pam-ldapd::nslcd,https://arthurdejong.org/nss-pam-ldapd,fedora,nss-pam-ldapd,usr/lib/systemd/system/nslcd.service,nslcd.service,A,UNAMBIGUOUS_EXECUTABLE_LINEAGE,MATCHED,usr/lib/systemd/system/nslcd.service,nslcd,1,4,,,,1
https://arthurdejong.org/nss-pam-ldapd::nslcd,https://arthurdejong.org/nss-pam-ldapd,ubuntu,nslcd,usr/lib/systemd/system/nslcd.service,nslcd.service,A,UNAMBIGUOUS_EXECUTABLE_LINEAGE,MATCHED,usr/lib/systemd/system/nslcd.service,nslcd,1,4,,,,1
https://avahi.org::avahi-daemon,https://avahi.org,debian,avahi-daemon,usr/lib/systemd/system/avahi-daemon.service,avahi-daemon.service,A,UNAMBIGUOUS_EXECUTABLE_LINEAGE,MATCHED,usr/lib/systemd/system/avahi-daemon.service,avahi-daemon,1,3,,,,1
https://avahi.org::avahi-daemon,https://avahi.org,fedora,avahi,usr/lib/systemd/system/avahi-daemon.service,avahi-daemon.service,A,UNAMBIGUOUS_EXECUTABLE_LINEAGE,MATCHED,usr/lib/systemd/system/avahi-daemon.service,avahi-daemon,1,3,,,,1
https://avahi.org::avahi-daemon,https://avahi.org,ubuntu,avahi-daemon,usr/lib/systemd/system/avahi-daemon.service,avahi-daemon.service,A,UNAMBIGUOUS_EXECUTABLE_LINEAGE,MATCHED,usr/lib/systemd/system/avahi-daemon.service,avahi-daemon,1,3,,,,1
https://avahi.org::avahi-dnsconfd,https://avahi.org,debian,avahi-dnsconfd,usr/lib/systemd/system/avahi-dnsconfd.service,avahi-dnsconfd.service,A,UNAMBIGUOUS_EXECUTABLE_LINEAGE,MATCHED,usr/lib/systemd/system/avahi-dnsconfd.service,avahi-dnsconfd,1,3,,,,1
https://avahi.org::avahi-dnsconfd,https://avahi.org,fedora,avahi-dnsconfd,usr/lib/systemd/system/avahi-dnsconfd.service,avahi-dnsconfd.service,A,UNAMBIGUOUS_EXECUTABLE_LINEAGE,MATCHED,usr/lib/systemd/system/avahi-dnsconfd.service,avahi-dnsconfd,1,3,,,,1
https://avahi.org::avahi-dnsconfd,https://avahi.org,ubuntu,avahi-dnsconfd,usr/lib/systemd/system/avahi-dnsconfd.service,avahi-dnsconfd.service,A,UNAMBIGUOUS_EXECUTABLE_LINEAGE,MATCHED,usr/lib/systemd/system/avahi-dnsconfd.service,avahi-dnsconfd,1,3,,,,1
https://bird.network.cz::bird,https://bird.network.cz,arch,bird,usr/lib/systemd/system/bird.service,bird.service,UNRESOLVED,UNAMBIGUOUS_EXECUTABLE_LINEAGE,SERVICE_LINEAGE_AMBIGUOUS,usr/lib/systemd/system/bird.service,bird,1,3,,,,1
https://bird.network.cz::bird,https://bird.network.cz,debian,bird2,usr/lib/systemd/system/bird.service,bird.service,UNRESOLVED,UNAMBIGUOUS_EXECUTABLE_LINEAGE,SERVICE_LINEAGE_AMBIGUOUS,usr/lib/systemd/system/bird.service,bird,2,3,,,,2
https://bird.network.cz::bird,https://bird.network.cz,debian,bird3,usr/lib/systemd/system/bird.service,bird.service,UNRESOLVED,UNAMBIGUOUS_EXECUTABLE_LINEAGE,SERVICE_LINEAGE_AMBIGUOUS,usr/lib/systemd/system/bird.service,bird,2,3,,,,2
https://bird.network.cz::bird,https://bird.network.cz,ubuntu,bird2,usr/lib/systemd/system/bird.service,bird.service,UNRESOLVED,UNAMBIGUOUS_EXECUTABLE_LINEAGE,SERVICE_LINEAGE_AMBIGUOUS,usr/lib/systemd/system/bird.service,bird,2,3,,,,2
https://bird.network.cz::bird,https://bird.network.cz,ubuntu,bird3,usr/lib/systemd/system/bird.service,bird.service,UNRESOLVED,UNAMBIGUOUS_EXECUTABLE_LINEAGE,SERVICE_LINEAGE_AMBIGUOUS,usr/lib/systemd/system/bird.service,bird,2,3,,,,2
https://boinc.berkeley.edu::boinc,https://boinc.berkeley.edu,arch,boinc,usr/lib/systemd/system/boinc-client.service,boinc-client.service,UNRESOLVED,UNAMBIGUOUS_EXECUTABLE_LINEAGE,SERVICE_LINEAGE_AMBIGUOUS,usr/lib/systemd/system/boinc-client.service,boinc,2,4,,,,2
https://boinc.berkeley.edu::boinc,https://boinc.berkeley.edu,arch,boinc-nox,usr/lib/systemd/system/boinc-client.service,boinc-client.service,UNRESOLVED,UNAMBIGUOUS_EXECUTABLE_LINEAGE,SERVICE_LINEAGE_AMBIGUOUS,usr/lib/systemd/system/boinc-client.service,boinc,2,4,,,,2
https://boinc.berkeley.edu::boinc,https://boinc.berkeley.edu,debian,boinc-client,usr/lib/systemd/system/boinc-client.service,boinc-client.service,UNRESOLVED,UNAMBIGUOUS_EXECUTABLE_LINEAGE,SERVICE_LINEAGE_AMBIGUOUS,usr/lib/systemd/system/boinc-client.service,boinc,1,4,,,,1
https://boinc.berkeley.edu::boinc,https://boinc.berkeley.edu,fedora,boinc-client,usr/lib/systemd/system/boinc-client.service,boinc-client.service,UNRESOLVED,UNAMBIGUOUS_EXECUTABLE_LINEAGE,SERVICE_LINEAGE_AMBIGUOUS,usr/lib/systemd/system/boinc-client.service,boinc,1,4,,,,1
https://boinc.berkeley.edu::boinc,https://boinc.berkeley.edu,ubuntu,boinc-client,usr/lib/systemd/system/boinc-client.service,boinc-client.service,UNRESOLVED,UNAMBIGUOUS_EXECUTABLE_LINEAGE,SERVICE_LINEAGE_AMBIGUOUS,usr/lib/systemd/system/boinc-client.service,boinc,1,4,,,,1
https://bpfilter.io::upstream-unit::src/bpfilter/bpfilter.service,https://bpfilter.io,fedora,bpfilter,usr/lib/systemd/system/bpfilter.service,bpfilter.service,A,EXACT_UPSTREAM_UNIT_IDENTITY,MATCHED,/home/emrecan/github/ecylmz/unittrace/artifacts/full/roots/sources/fedora/bpfilter/bpfilter-0.6.0-5.fc44.src.rpm/bpfilter-0.6.0/src/bpfilter/bpfilter.service.in,bpfilter,1,2,bpfilter-0.6.0-5.fc44.src.rpm,src/bpfilter/bpfilter.service,9372d7bccff4897a067d869c9ff909aeceb0900af74f337e7ac8dfcab44f2f00,1
https://bpfilter.io::upstream-unit::src/bpfilter/bpfilter.service,https://bpfilter.io,ubuntu,bpfilter,usr/lib/systemd/system/bpfilter.service,bpfilter.service,A,EXACT_UPSTREAM_UNIT_IDENTITY,MATCHED,/home/emrecan/github/ecylmz/unittrace/artifacts/full/roots/sources/ubuntu/bpfilter/0.5.2-1/bpfilter-0.5.2/src/bpfilter/bpfilter.service.in,bpfilter,1,2,0.5.2-1,src/bpfilter/bpfilter.service,9372d7bccff4897a067d869c9ff909aeceb0900af74f337e7ac8dfcab44f2f00,1
https://c-icap.sourceforge.net::c-icap,https://c-icap.sourceforge.net,debian,c-icap,usr/lib/systemd/system/c-icap.service,c-icap.service,A,UNAMBIGUOUS_EXECUTABLE_LINEAGE,MATCHED,usr/lib/systemd/system/c-icap.service,c-icap,1,3,,,,1
https://c-icap.sourceforge.net::c-icap,https://c-icap.sourceforge.net,fedora,c-icap,usr/lib/systemd/system/c-icap.service,c-icap.service,A,UNAMBIGUOUS_EXECUTABLE_LINEAGE,MATCHED,usr/lib/systemd/system/c-icap.service,c-icap,1,3,,,,1
https://c-icap.sourceforge.net::c-icap,https://c-icap.sourceforge.net,ubuntu,c-icap,usr/lib/systemd/system/c-icap.service,c-icap.service,A,UNAMBIGUOUS_EXECUTABLE_LINEAGE,MATCHED,usr/lib/systemd/system/c-icap.service,c-icap,1,3,,,,1
https://ceph.com::ceph-crash,https://ceph.com,debian,ceph-base,usr/lib/systemd/system/ceph-crash.service,ceph-crash.service,A,UNAMBIGUOUS_EXECUTABLE_LINEAGE,MATCHED,usr/lib/systemd/system/ceph-crash.service,ceph-crash,1,3,,,,1
https://ceph.com::ceph-crash,https://ceph.com,fedora,ceph-base,usr/lib/systemd/system/ceph-crash.service,ceph-crash.service,A,UNAMBIGUOUS_EXECUTABLE_LINEAGE,MATCHED,usr/lib/systemd/system/ceph-crash.service,ceph-crash,1,3,,,,1
https://ceph.com::ceph-crash,https://ceph.com,ubuntu,ceph-base,lib/systemd/system/ceph-crash.service,ceph-crash.service,A,UNAMBIGUOUS_EXECUTABLE_LINEAGE,MATCHED,lib/systemd/system/ceph-crash.service,ceph-crash,1,3,,,,1
https://ceph.com::ceph-mon,https://ceph.com,debian,ceph-mon,usr/lib/systemd/system/ceph-mon.service,ceph-mon.service,A,UNAMBIGUOUS_EXECUTABLE_LINEAGE,MATCHED,usr/lib/systemd/system/ceph-mon.service,ceph-mon,1,2,,,,1
https://ceph.com::ceph-mon,https://ceph.com,ubuntu,ceph-mon,lib/systemd/system/ceph-mon.service,ceph-mon.service,A,UNAMBIGUOUS_EXECUTABLE_LINEAGE,MATCHED,lib/systemd/system/ceph-mon.service,ceph-mon,1,2,,,,1
https://ceph.com::rbdmap,https://ceph.com,debian,ceph-common,usr/lib/systemd/system/rbdmap.service,rbdmap.service,A,UNAMBIGUOUS_EXECUTABLE_LINEAGE,MATCHED,usr/lib/systemd/system/rbdmap.service,rbdmap,1,3,,,,1
https://ceph.com::rbdmap,https://ceph.com,fedora,ceph-common,usr/lib/systemd/system/rbdmap.service,rbdmap.service,A,UNAMBIGUOUS_EXECUTABLE_LINEAGE,MATCHED,usr/lib/systemd/system/rbdmap.service,rbdmap,1,3,,,,1
https://ceph.com::rbdmap,https://ceph.com,ubuntu,ceph-common,lib/systemd/system/rbdmap.service,rbdmap.service,A,UNAMBIGUOUS_EXECUTABLE_LINEAGE,MATCHED,lib/systemd/system/rbdmap.service,rbdmap,1,3,,,,1
https://certbot.eff.org::certbot,https://certbot.eff.org,arch,certbot,usr/lib/systemd/system/certbot-renew.service,certbot-renew.service,A,UNAMBIGUOUS_EXECUTABLE_LINEAGE,MATCHED,usr/lib/systemd/system/certbot-renew.service,certbot,1,2,,,,1
https://certbot.eff.org::certbot,https://certbot.eff.org,ubuntu,certbot,usr/lib/systemd/system/certbot.service,certbot.service,A,UNAMBIGUOUS_EXECUTABLE_LINEAGE,MATCHED,usr/lib/systemd/system/certbot.service,certbot,1,2,,,,1
https://christophe.varoqui.free.fr::multipathd,https://christophe.varoqui.free.fr,debian,multipath-tools,usr/lib/systemd/system/multipathd.service,multipathd.service,A,UNAMBIGUOUS_EXECUTABLE_LINEAGE,MATCHED,usr/lib/systemd/system/multipathd.service,multipathd,1,3,,,,1
https://christophe.varoqui.free.fr::multipathd,https://christophe.varoqui.free.fr,fedora,device-mapper-multipath,usr/lib/systemd/system/multipathd.service,multipathd.service,A,UNAMBIGUOUS_EXECUTABLE_LINEAGE,MATCHED,usr/lib/systemd/system/multipathd.service,multipathd,1,3,,,,1
https://christophe.varoqui.free.fr::multipathd,https://christophe.varoqui.free.fr,ubuntu,multipath-tools,usr/lib/systemd/system/multipathd.service,multipathd.service,A,UNAMBIGUOUS_EXECUTABLE_LINEAGE,MATCHED,usr/lib/systemd/system/multipathd.service,multipathd,1,3,,,,1
https://christophe.varoqui.free.fr::true,https://christophe.varoqui.free.fr,fedora,device-mapper-multipath,usr/lib/systemd/system/multipathd-queueing.service,multipathd-queueing.service,A,UNAMBIGUOUS_EXECUTABLE_LINEAGE,MATCHED,usr/lib/systemd/system/multipathd-queueing.service,true,1,2,,,,1
https://christophe.varoqui.free.fr::true,https://christophe.varoqui.free.fr,ubuntu,multipath-tools,usr/lib/systemd/system/multipathd-queueing.service,multipathd-queueing.service,A,UNAMBIGUOUS_EXECUTABLE_LINEAGE,MATCHED,usr/lib/systemd/system/multipathd-queueing.service,true,1,2,,,,1
https://chrony-project.org::chronyd,https://chrony-project.org,arch,chrony,usr/lib/systemd/system/chronyd.service,chronyd.service,UNRESOLVED,UNAMBIGUOUS_EXECUTABLE_LINEAGE,SERVICE_LINEAGE_AMBIGUOUS,usr/lib/systemd/system/chronyd.service,chronyd,1,3,,,,1
https://chrony-project.org::chronyd,https://chrony-project.org,debian,chrony,usr/lib/systemd/system/chrony.service,chrony.service,UNRESOLVED,UNAMBIGUOUS_EXECUTABLE_LINEAGE,SERVICE_LINEAGE_AMBIGUOUS,usr/lib/systemd/system/chrony.service,chronyd,2,3,,,,2
https://chrony-project.org::chronyd,https://chrony-project.org,debian,chrony,usr/lib/systemd/system/chronyd-restricted.service,chronyd-restricted.service,UNRESOLVED,UNAMBIGUOUS_EXECUTABLE_LINEAGE,SERVICE_LINEAGE_AMBIGUOUS,usr/lib/systemd/system/chronyd-restricted.service,chronyd,2,3,,,,2
https://chrony-project.org::chronyd,https://chrony-project.org,fedora,chrony,usr/lib/systemd/system/chronyd-restricted.service,chronyd-restricted.service,UNRESOLVED,UNAMBIGUOUS_EXECUTABLE_LINEAGE,SERVICE_LINEAGE_AMBIGUOUS,usr/lib/systemd/system/chronyd-restricted.service,chronyd,2,3,,,,2
https://chrony-project.org::chronyd,https://chrony-project.org,fedora,chrony,usr/lib/systemd/system/chronyd.service,chronyd.service,UNRESOLVED,UNAMBIGUOUS_EXECUTABLE_LINEAGE,SERVICE_LINEAGE_AMBIGUOUS,usr/lib/systemd/system/chronyd.service,chronyd,2,3,,,,2
https://chrony-project.org::upstream-unit::examples/chrony-wait.service,https://chrony-project.org,arch,chrony,usr/lib/systemd/system/chrony-wait.service,chrony-wait.service,A,EXACT_UPSTREAM_UNIT_IDENTITY,MATCHED,/home/emrecan/github/ecylmz/unittrace/artifacts/full/roots/sources/arch/chrony/4.8-3/chrony-9e8541e3c4c89bfb7a60b404f646fab57c69ce59/examples/chrony-wait.service,chronyc,1,4,4.8-3,examples/chrony-wait.service,0b2e66c4d562bf520286c0a7dbe720460e13087f0c1fb9bf8da98c360bdd7c4f,1
https://chrony-project.org::upstream-unit::examples/chrony-wait.service,https://chrony-project.org,debian,chrony,usr/lib/systemd/system/chrony-wait.service,chrony-wait.service,A,EXACT_UPSTREAM_UNIT_IDENTITY,MATCHED,/home/emrecan/github/ecylmz/unittrace/artifacts/full/roots/sources/debian/chrony/4.6.1-3+deb13u2/chrony-4.6.1/examples/chrony-wait.service,chronyc,1,4,4.6.1-3+deb13u2,examples/chrony-wait.service,0b2e66c4d562bf520286c0a7dbe720460e13087f0c1fb9bf8da98c360bdd7c4f,1
https://chrony-project.org::upstream-unit::examples/chrony-wait.service,https://chrony-project.org,fedora,chrony,usr/lib/systemd/system/chrony-wait.service,chrony-wait.service,A,EXACT_UPSTREAM_UNIT_IDENTITY,MATCHED,/home/emrecan/github/ecylmz/unittrace/artifacts/full/roots/sources/fedora/chrony/chrony-4.8-5.fc44.src.rpm/chrony-4.8/examples/chrony-wait.service,chronyc,1,4,chrony-4.8-5.fc44.src.rpm,examples/chrony-wait.service,0b2e66c4d562bf520286c0a7dbe720460e13087f0c1fb9bf8da98c360bdd7c4f,1
https://chrony-project.org::upstream-unit::examples/chrony-wait.service,https://chrony-project.org,ubuntu,chrony,usr/lib/systemd/system/chrony-wait.service,chrony-wait.service,A,EXACT_UPSTREAM_UNIT_IDENTITY,MATCHED,/home/emrecan/github/ecylmz/unittrace/artifacts/full/roots/sources/ubuntu/chrony/4.8-2ubuntu1/chrony-4.8/examples/chrony-wait.service,chronyc,1,4,4.8-2ubuntu1,examples/chrony-wait.service,0b2e66c4d562bf520286c0a7dbe720460e13087f0c1fb9bf8da98c360bdd7c4f,1
https://cisofy.com/lynis::lynis,https://cisofy.com/lynis,arch,lynis,usr/lib/systemd/system/lynis.service,lynis.service,A,UNAMBIGUOUS_EXECUTABLE_LINEAGE,MATCHED,usr/lib/systemd/system/lynis.service,lynis,1,2,,,,1
https://cisofy.com/lynis::lynis,https://cisofy.com/lynis,ubuntu,lynis,usr/lib/systemd/system/lynis.service,lynis.service,A,UNAMBIGUOUS_EXECUTABLE_LINEAGE,MATCHED,usr/lib/systemd/system/lynis.service,lynis,1,2,,,,1
https://cloud-init.io::cloud-init,https://cloud-init.io,arch,cloud-init,usr/lib/systemd/system/cloud-init-main.service,cloud-init-main.service,A,UNAMBIGUOUS_EXECUTABLE_LINEAGE,MATCHED,usr/lib/systemd/system/cloud-init-main.service,cloud-init,1,2,,,,1
https://cloud-init.io::cloud-init,https://cloud-init.io,ubuntu,cloud-init-base,usr/lib/systemd/system/cloud-init-main.service,cloud-init-main.service,A,UNAMBIGUOUS_EXECUTABLE_LINEAGE,MATCHED,usr/lib/systemd/system/cloud-init-main.service,cloud-init,1,2,,,,1
https://cloud-init.io::sh,https://cloud-init.io,arch,cloud-init,usr/lib/systemd/system/cloud-init-local.service,cloud-init-local.service,UNRESOLVED,UNAMBIGUOUS_EXECUTABLE_LINEAGE,SERVICE_LINEAGE_AMBIGUOUS,usr/lib/systemd/system/cloud-init-local.service,sh,2,2,,,,2
https://cloud-init.io::sh,https://cloud-init.io,arch,cloud-init,usr/lib/systemd/system/cloud-init-network.service,cloud-init-network.service,UNRESOLVED,UNAMBIGUOUS_EXECUTABLE_LINEAGE,SERVICE_LINEAGE_AMBIGUOUS,usr/lib/systemd/system/cloud-init-network.service,sh,2,2,,,,2
https://cloud-init.io::sh,https://cloud-init.io,ubuntu,cloud-init-base,usr/lib/systemd/system/cloud-init-local.service,cloud-init-local.service,UNRESOLVED,UNAMBIGUOUS_EXECUTABLE_LINEAGE,SERVICE_LINEAGE_AMBIGUOUS,usr/lib/systemd/system/cloud-init-local.service,sh,2,2,,,,2
https://cloud-init.io::sh,https://cloud-init.io,ubuntu,cloud-init-base,usr/lib/systemd/system/cloud-init-network.service,cloud-init-network.service,UNRESOLVED,UNAMBIGUOUS_EXECUTABLE_LINEAGE,SERVICE_LINEAGE_AMBIGUOUS,usr/lib/systemd/system/cloud-init-network.service,sh,2,2,,,,2
https://cloud-init.io::upstream-unit::systemd/cloud-config.service,https://cloud-init.io,arch,cloud-init,usr/lib/systemd/system/cloud-config.service,cloud-config.service,A,EXACT_UPSTREAM_UNIT_IDENTITY,MATCHED,/home/emrecan/github/ecylmz/unittrace/artifacts/full/roots/sources/arch/cloud-init/26.1-1/cloud-init-26.1/systemd/cloud-config.service,sh,1,2,26.1-1,systemd/cloud-config.service,6cd84a65fdf53697f552fae5527b38f10863372aa58bfcbf9aa15b87ebc20e43,1
https://cloud-init.io::upstream-unit::systemd/cloud-config.service,https://cloud-init.io,ubuntu,cloud-init-base,usr/lib/systemd/system/cloud-config.service,cloud-config.service,A,EXACT_UPSTREAM_UNIT_IDENTITY,MATCHED,/home/emrecan/github/ecylmz/unittrace/artifacts/full/roots/sources/ubuntu/cloud-init/26.1-0ubuntu2/cloud-init-26.1/systemd/cloud-config.service,sh,1,2,26.1-0ubuntu2,systemd/cloud-config.service,6cd84a65fdf53697f552fae5527b38f10863372aa58bfcbf9aa15b87ebc20e43,1
https://cloud-init.io::upstream-unit::systemd/cloud-final.service,https://cloud-init.io,arch,cloud-init,usr/lib/systemd/system/cloud-final.service,cloud-final.service,A,EXACT_UPSTREAM_UNIT_IDENTITY,MATCHED,/home/emrecan/github/ecylmz/unittrace/artifacts/full/roots/sources/arch/cloud-init/26.1-1/cloud-init-26.1/systemd/cloud-final.service,sh,1,2,26.1-1,systemd/cloud-final.service,3c2de66f60b26e3482d441f1580068fd2019ee2623fe648ca9a4f5d8e406ce14,1
https://cloud-init.io::upstream-unit::systemd/cloud-final.service,https://cloud-init.io,ubuntu,cloud-init-base,usr/lib/systemd/system/cloud-final.service,cloud-final.service,A,EXACT_UPSTREAM_UNIT_IDENTITY,MATCHED,/home/emrecan/github/ecylmz/unittrace/artifacts/full/roots/sources/ubuntu/cloud-init/26.1-0ubuntu2/cloud-init-26.1/systemd/cloud-final.service,sh,1,2,26.1-0ubuntu2,systemd/cloud-final.service,3c2de66f60b26e3482d441f1580068fd2019ee2623fe648ca9a4f5d8e406ce14,1
https://cloud-init.io::upstream-unit::systemd/cloud-init-hotplugd.service,https://cloud-init.io,arch,cloud-init,usr/lib/systemd/system/cloud-init-hotplugd.service,cloud-init-hotplugd.service,A,EXACT_UPSTREAM_UNIT_IDENTITY,MATCHED,/home/emrecan/github/ecylmz/unittrace/artifacts/full/roots/sources/arch/cloud-init/26.1-1/cloud-init-26.1/systemd/cloud-init-hotplugd.service,bash,1,2,26.1-1,systemd/cloud-init-hotplugd.service,256c9f14673a5a642da2036e36914a45c34e7ad8a944f2f55fbd1b7beb8e6f62,1
https://cloud-init.io::upstream-unit::systemd/cloud-init-hotplugd.service,https://cloud-init.io,ubuntu,cloud-init-base,usr/lib/systemd/system/cloud-init-hotplugd.service,cloud-init-hotplugd.service,A,EXACT_UPSTREAM_UNIT_IDENTITY,MATCHED,/home/emrecan/github/ecylmz/unittrace/artifacts/full/roots/sources/ubuntu/cloud-init/26.1-0ubuntu2/cloud-init-26.1/systemd/cloud-init-hotplugd.service,bash,1,2,26.1-0ubuntu2,systemd/cloud-init-hotplugd.service,256c9f14673a5a642da2036e36914a45c34e7ad8a944f2f55fbd1b7beb8e6f62,1
https://cockpit-project.org::cockpit-tls,https://cockpit-project.org,arch,cockpit,usr/lib/systemd/system/cockpit.service,cockpit.service,A,UNAMBIGUOUS_EXECUTABLE_LINEAGE,MATCHED,usr/lib/systemd/system/cockpit.service,cockpit-tls,1,4,,,,1
https://cockpit-project.org::cockpit-tls,https://cockpit-project.org,debian,cockpit-ws,usr/lib/systemd/system/cockpit.service,cockpit.service,A,UNAMBIGUOUS_EXECUTABLE_LINEAGE,MATCHED,usr/lib/systemd/system/cockpit.service,cockpit-tls,1,4,,,,1
https://cockpit-project.org::cockpit-tls,https://cockpit-project.org,fedora,cockpit-ws,usr/lib/systemd/system/cockpit.service,cockpit.service,A,UNAMBIGUOUS_EXECUTABLE_LINEAGE,MATCHED,usr/lib/systemd/system/cockpit.service,cockpit-tls,1,4,,,,1
https://cockpit-project.org::cockpit-tls,https://cockpit-project.org,ubuntu,cockpit-ws,usr/lib/systemd/system/cockpit.service,cockpit.service,A,UNAMBIGUOUS_EXECUTABLE_LINEAGE,MATCHED,usr/lib/systemd/system/cockpit.service,cockpit-tls,1,4,,,,1
https://cockpit-project.org::cockpit-ws,https://cockpit-project.org,arch,cockpit,usr/lib/systemd/system/cockpit-wsinstance-http.service,cockpit-wsinstance-http.service,A,UNAMBIGUOUS_EXECUTABLE_LINEAGE,MATCHED,usr/lib/systemd/system/cockpit-wsinstance-http.service,cockpit-ws,1,4,,,,1
https://cockpit-project.org::cockpit-ws,https://cockpit-project.org,debian,cockpit-ws,usr/lib/systemd/system/cockpit-wsinstance-http.service,cockpit-wsinstance-http.service,A,UNAMBIGUOUS_EXECUTABLE_LINEAGE,MATCHED,usr/lib/systemd/system/cockpit-wsinstance-http.service,cockpit-ws,1,4,,,,1
https://cockpit-project.org::cockpit-ws,https://cockpit-project.org,fedora,cockpit-ws,usr/lib/systemd/system/cockpit-wsinstance-http.service,cockpit-wsinstance-http.service,A,UNAMBIGUOUS_EXECUTABLE_LINEAGE,MATCHED,usr/lib/systemd/system/cockpit-wsinstance-http.service,cockpit-ws,1,4,,,,1
https://cockpit-project.org::cockpit-ws,https://cockpit-project.org,ubuntu,cockpit-ws,usr/lib/systemd/system/cockpit-wsinstance-http.service,cockpit-wsinstance-http.service,A,UNAMBIGUOUS_EXECUTABLE_LINEAGE,MATCHED,usr/lib/systemd/system/cockpit-wsinstance-http.service,cockpit-ws,1,4,,,,1
https://cockpit-project.org::update-issue,https://cockpit-project.org,arch,cockpit,usr/lib/systemd/system/cockpit-issue.service,cockpit-issue.service,A,UNAMBIGUOUS_EXECUTABLE_LINEAGE,MATCHED,usr/lib/systemd/system/cockpit-issue.service,update-issue,1,4,,,,1
https://cockpit-project.org::update-issue,https://cockpit-project.org,debian,cockpit-ws,usr/lib/systemd/system/cockpit-issue.service,cockpit-issue.service,A,UNAMBIGUOUS_EXECUTABLE_LINEAGE,MATCHED,usr/lib/systemd/system/cockpit-issue.service,update-issue,1,4,,,,1
https://cockpit-project.org::update-issue,https://cockpit-project.org,fedora,cockpit-ws,usr/lib/systemd/system/cockpit-issue.service,cockpit-issue.service,A,UNAMBIGUOUS_EXECUTABLE_LINEAGE,MATCHED,usr/lib/systemd/system/cockpit-issue.service,update-issue,1,4,,,,1
https://cockpit-project.org::update-issue,https://cockpit-project.org,ubuntu,cockpit-ws,usr/lib/systemd/system/cockpit-issue.service,cockpit-issue.service,A,UNAMBIGUOUS_EXECUTABLE_LINEAGE,MATCHED,usr/lib/systemd/system/cockpit-issue.service,update-issue,1,4,,,,1
https://cockpit-project.org::upstream-unit::src/systemd/cockpit-session-socket-user.service,https://cockpit-project.org,arch,cockpit,usr/lib/systemd/system/cockpit-session-socket-user.service,cockpit-session-socket-user.service,A,EXACT_UPSTREAM_UNIT_IDENTITY,MATCHED,/home/emrecan/github/ecylmz/unittrace/artifacts/full/roots/sources/arch/cockpit/365-2/cockpit-365/src/systemd/cockpit-session-socket-user.service,true,1,4,365-2,src/systemd/cockpit-session-socket-user.service,1df551d1c4ba0217dc3b5673216abfaf9f70f7993f21a40581f7c7c47379a53f,1
https://cockpit-project.org::upstream-unit::src/systemd/cockpit-session-socket-user.service,https://cockpit-project.org,debian,cockpit-ws,usr/lib/systemd/system/cockpit-session-socket-user.service,cockpit-session-socket-user.service,A,EXACT_UPSTREAM_UNIT_IDENTITY,MATCHED,/home/emrecan/github/ecylmz/unittrace/artifacts/full/roots/sources/debian/cockpit/337-1+deb13u1/cockpit-337/src/systemd/cockpit-session-socket-user.service,true,1,4,337-1+deb13u1,src/systemd/cockpit-session-socket-user.service,f01a08833c04121ade06b1dab4b4f199932df8b93bf282a86b15bc5a4adb115d,1
https://cockpit-project.org::upstream-unit::src/systemd/cockpit-session-socket-user.service,https://cockpit-project.org,fedora,cockpit-ws,usr/lib/systemd/system/cockpit-session-socket-user.service,cockpit-session-socket-user.service,A,EXACT_UPSTREAM_UNIT_IDENTITY,MATCHED,/home/emrecan/github/ecylmz/unittrace/artifacts/full/roots/sources/fedora/cockpit/cockpit-365-1.fc44.src.rpm/cockpit-365/src/systemd/cockpit-session-socket-user.service,true,1,4,cockpit-365-1.fc44.src.rpm,src/systemd/cockpit-session-socket-user.service,1df551d1c4ba0217dc3b5673216abfaf9f70f7993f21a40581f7c7c47379a53f,1
https://cockpit-project.org::upstream-unit::src/systemd/cockpit-session-socket-user.service,https://cockpit-project.org,ubuntu,cockpit-ws,usr/lib/systemd/system/cockpit-session-socket-user.service,cockpit-session-socket-user.service,A,EXACT_UPSTREAM_UNIT_IDENTITY,MATCHED,/home/emrecan/github/ecylmz/unittrace/artifacts/full/roots/sources/ubuntu/cockpit/360-1/cockpit-360/src/systemd/cockpit-session-socket-user.service,true,1,4,360-1,src/systemd/cockpit-session-socket-user.service,1df551d1c4ba0217dc3b5673216abfaf9f70f7993f21a40581f7c7c47379a53f,1
https://cockpit-project.org::upstream-unit::src/systemd/cockpit-wsinstance-socket-user.service,https://cockpit-project.org,arch,cockpit,usr/lib/systemd/system/cockpit-wsinstance-socket-user.service,cockpit-wsinstance-socket-user.service,A,EXACT_UPSTREAM_UNIT_IDENTITY,MATCHED,/home/emrecan/github/ecylmz/unittrace/artifacts/full/roots/sources/arch/cockpit/365-2/cockpit-365/src/systemd/cockpit-wsinstance-socket-user.service,true,1,4,365-2,src/systemd/cockpit-wsinstance-socket-user.service,646c859cde5177dd952ac5c772d1f92bb8c87e61ea05c5ef75667f9111fb30c5,1
https://cockpit-project.org::upstream-unit::src/systemd/cockpit-wsinstance-socket-user.service,https://cockpit-project.org,debian,cockpit-ws,usr/lib/systemd/system/cockpit-wsinstance-socket-user.service,cockpit-wsinstance-socket-user.service,A,EXACT_UPSTREAM_UNIT_IDENTITY,MATCHED,/home/emrecan/github/ecylmz/unittrace/artifacts/full/roots/sources/debian/cockpit/337-1+deb13u1/cockpit-337/src/systemd/cockpit-wsinstance-socket-user.service,true,1,4,337-1+deb13u1,src/systemd/cockpit-wsinstance-socket-user.service,ae22dd2fe26c3775ee3efd9f3d863cb1d058109ef747e32c1ad6a38b82c9328d,1
https://cockpit-project.org::upstream-unit::src/systemd/cockpit-wsinstance-socket-user.service,https://cockpit-project.org,fedora,cockpit-ws,usr/lib/systemd/system/cockpit-wsinstance-socket-user.service,cockpit-wsinstance-socket-user.service,A,EXACT_UPSTREAM_UNIT_IDENTITY,MATCHED,/home/emrecan/github/ecylmz/unittrace/artifacts/full/roots/sources/fedora/cockpit/cockpit-365-1.fc44.src.rpm/cockpit-365/src/systemd/cockpit-wsinstance-socket-user.service,true,1,4,cockpit-365-1.fc44.src.rpm,src/systemd/cockpit-wsinstance-socket-user.service,646c859cde5177dd952ac5c772d1f92bb8c87e61ea05c5ef75667f9111fb30c5,1
https://cockpit-project.org::upstream-unit::src/systemd/cockpit-wsinstance-socket-user.service,https://cockpit-project.org,ubuntu,cockpit-ws,usr/lib/systemd/system/cockpit-wsinstance-socket-user.service,cockpit-wsinstance-socket-user.service,A,EXACT_UPSTREAM_UNIT_IDENTITY,MATCHED,/home/emrecan/github/ecylmz/unittrace/artifacts/full/roots/sources/ubuntu/cockpit/360-1/cockpit-360/src/systemd/cockpit-wsinstance-socket-user.service,true,1,4,360-1,src/systemd/cockpit-wsinstance-socket-user.service,edc7c0b742729cdc7012420f56f6419108b16e900e997cb55e21ad2ff0b5714a,1
https://code.forgejo.org/forgejo/runner::forgejo-runner,https://code.forgejo.org/forgejo/runner,arch,forgejo-runner,usr/lib/systemd/system/forgejo-runner.service,forgejo-runner.service,A,UNAMBIGUOUS_EXECUTABLE_LINEAGE,MATCHED,usr/lib/systemd/system/forgejo-runner.service,forgejo-runner,1,2,,,,1
https://code.forgejo.org/forgejo/runner::forgejo-runner,https://code.forgejo.org/forgejo/runner,fedora,forgejo-runner,usr/lib/systemd/system/forgejo-runner.service,forgejo-runner.service,A,UNAMBIGUOUS_EXECUTABLE_LINEAGE,MATCHED,usr/lib/systemd/system/forgejo-runner.service,forgejo-runner,1,2,,,,1
https://code.kryo.se/iodine::iodined,https://code.kryo.se/iodine,arch,iodine,usr/lib/systemd/system/iodined.service,iodined.service,A,UNAMBIGUOUS_EXECUTABLE_LINEAGE,MATCHED,usr/lib/systemd/system/iodined.service,iodined,1,4,,,,1
https://code.kryo.se/iodine::iodined,https://code.kryo.se/iodine,debian,iodine,usr/lib/systemd/system/iodined.service,iodined.service,A,UNAMBIGUOUS_EXECUTABLE_LINEAGE,MATCHED,usr/lib/systemd/system/iodined.service,iodined,1,4,,,,1
https://code.kryo.se/iodine::iodined,https://code.kryo.se/iodine,fedora,iodine-server,usr/lib/systemd/system/iodine-server.service,iodine-server.service,A,UNAMBIGUOUS_EXECUTABLE_LINEAGE,MATCHED,usr/lib/systemd/system/iodine-server.service,iodined,1,4,,,,1
https://code.kryo.se/iodine::iodined,https://code.kryo.se/iodine,ubuntu,iodine,usr/lib/systemd/system/iodined.service,iodined.service,A,UNAMBIGUOUS_EXECUTABLE_LINEAGE,MATCHED,usr/lib/systemd/system/iodined.service,iodined,1,4,,,,1
https://collectd.org::collectd,https://collectd.org,debian,collectd-core,usr/lib/systemd/system/collectd.service,collectd.service,A,UNAMBIGUOUS_EXECUTABLE_LINEAGE,MATCHED,usr/lib/systemd/system/collectd.service,collectd,1,3,,,,1
https://collectd.org::collectd,https://collectd.org,fedora,collectd,usr/lib/systemd/system/collectd.service,collectd.service,A,UNAMBIGUOUS_EXECUTABLE_LINEAGE,MATCHED,usr/lib/systemd/system/collectd.service,collectd,1,3,,,,1
https://collectd.org::collectd,https://collectd.org,ubuntu,collectd-core,usr/lib/systemd/system/collectd.service,collectd.service,A,UNAMBIGUOUS_EXECUTABLE_LINEAGE,MATCHED,usr/lib/systemd/system/collectd.service,collectd,1,3,,,,1
https://conntrack-tools.netfilter.org::conntrackd,https://conntrack-tools.netfilter.org,debian,conntrackd,usr/lib/systemd/system/conntrackd.service,conntrackd.service,A,UNAMBIGUOUS_EXECUTABLE_LINEAGE,MATCHED,usr/lib/systemd/system/conntrackd.service,conntrackd,1,3,,,,1
https://conntrack-tools.netfilter.org::conntrackd,https://conntrack-tools.netfilter.org,fedora,conntrack-tools,usr/lib/systemd/system/conntrackd.service,conntrackd.service,A,UNAMBIGUOUS_EXECUTABLE_LINEAGE,MATCHED,usr/lib/systemd/system/conntrackd.service,conntrackd,1,3,,,,1
https://conntrack-tools.netfilter.org::conntrackd,https://conntrack-tools.netfilter.org,ubuntu,conntrackd,usr/lib/systemd/system/conntrackd.service,conntrackd.service,A,UNAMBIGUOUS_EXECUTABLE_LINEAGE,MATCHED,usr/lib/systemd/system/conntrackd.service,conntrackd,1,3,,,,1
https://containerd.io::containerd,https://containerd.io,arch,containerd,usr/lib/systemd/system/containerd.service,containerd.service,UNRESOLVED,UNAMBIGUOUS_EXECUTABLE_LINEAGE,SERVICE_LINEAGE_AMBIGUOUS,usr/lib/systemd/system/containerd.service,containerd,1,3,,,,1
https://containerd.io::containerd,https://containerd.io,debian,containerd,usr/lib/systemd/system/containerd.service,containerd.service,UNRESOLVED,UNAMBIGUOUS_EXECUTABLE_LINEAGE,SERVICE_LINEAGE_AMBIGUOUS,usr/lib/systemd/system/containerd.service,containerd,1,3,,,,1
https://containerd.io::containerd,https://containerd.io,ubuntu,containerd,usr/lib/systemd/system/containerd.service,containerd.service,UNRESOLVED,UNAMBIGUOUS_EXECUTABLE_LINEAGE,SERVICE_LINEAGE_AMBIGUOUS,usr/lib/systemd/system/containerd.service,containerd,2,3,,,,2
https://containerd.io::containerd,https://containerd.io,ubuntu,containerd-stable,usr/lib/systemd/system/containerd.service,containerd.service,UNRESOLVED,UNAMBIGUOUS_EXECUTABLE_LINEAGE,SERVICE_LINEAGE_AMBIGUOUS,usr/lib/systemd/system/containerd.service,containerd,2,3,,,,2
https://corosync.github.io/corosync::corosync,https://corosync.github.io/corosync,debian,corosync,usr/lib/systemd/system/corosync.service,corosync.service,A,UNAMBIGUOUS_EXECUTABLE_LINEAGE,MATCHED,usr/lib/systemd/system/corosync.service,corosync,1,3,,,,1
https://corosync.github.io/corosync::corosync,https://corosync.github.io/corosync,fedora,corosync,usr/lib/systemd/system/corosync.service,corosync.service,A,UNAMBIGUOUS_EXECUTABLE_LINEAGE,MATCHED,usr/lib/systemd/system/corosync.service,corosync,1,3,,,,1
https://corosync.github.io/corosync::corosync,https://corosync.github.io/corosync,ubuntu,corosync,usr/lib/systemd/system/corosync.service,corosync.service,A,UNAMBIGUOUS_EXECUTABLE_LINEAGE,MATCHED,usr/lib/systemd/system/corosync.service,corosync,1,3,,,,1
https://corosync.github.io/corosync::corosync-notifyd,https://corosync.github.io/corosync,debian,corosync-notifyd,usr/lib/systemd/system/corosync-notifyd.service,corosync-notifyd.service,A,UNAMBIGUOUS_EXECUTABLE_LINEAGE,MATCHED,usr/lib/systemd/system/corosync-notifyd.service,corosync-notifyd,1,3,,,,1
https://corosync.github.io/corosync::corosync-notifyd,https://corosync.github.io/corosync,fedora,corosync,usr/lib/systemd/system/corosync-notifyd.service,corosync-notifyd.service,A,UNAMBIGUOUS_EXECUTABLE_LINEAGE,MATCHED,usr/lib/systemd/system/corosync-notifyd.service,corosync-notifyd,1,3,,,,1
https://corosync.github.io/corosync::corosync-notifyd,https://corosync.github.io/corosync,ubuntu,corosync-notifyd,usr/lib/systemd/system/corosync-notifyd.service,corosync-notifyd.service,A,UNAMBIGUOUS_EXECUTABLE_LINEAGE,MATCHED,usr/lib/systemd/system/corosync-notifyd.service,corosync-notifyd,1,3,,,,1
https://crossfire.real-time.com::crossfire-server,https://crossfire.real-time.com,debian,crossfire-server,usr/lib/systemd/system/crossfire-server.service,crossfire-server.service,A,UNAMBIGUOUS_EXECUTABLE_LINEAGE,MATCHED,usr/lib/systemd/system/crossfire-server.service,crossfire-server,1,2,,,,1
https://crossfire.real-time.com::crossfire-server,https://crossfire.real-time.com,ubuntu,crossfire-server,usr/lib/systemd/system/crossfire-server.service,crossfire-server.service,A,UNAMBIGUOUS_EXECUTABLE_LINEAGE,MATCHED,usr/lib/systemd/system/crossfire-server.service,crossfire-server,1,2,,,,1
https://ddclient.net::ddclient,https://ddclient.net,fedora,ddclient,usr/lib/systemd/system/ddclient.service,ddclient.service,A,UNAMBIGUOUS_EXECUTABLE_LINEAGE,MATCHED,usr/lib/systemd/system/ddclient.service,ddclient,1,2,,,,1
https://ddclient.net::ddclient,https://ddclient.net,ubuntu,ddclient,usr/lib/systemd/system/ddclient.service,ddclient.service,A,UNAMBIGUOUS_EXECUTABLE_LINEAGE,MATCHED,usr/lib/systemd/system/ddclient.service,ddclient,1,2,,,,1
https://deluge-torrent.org::deluge-web,https://deluge-torrent.org,arch,deluge,usr/lib/systemd/system/deluge-web.service,deluge-web.service,A,UNAMBIGUOUS_EXECUTABLE_LINEAGE,MATCHED,usr/lib/systemd/system/deluge-web.service,deluge-web,1,3,,,,1
https://deluge-torrent.org::deluge-web,https://deluge-torrent.org,fedora,deluge-web,usr/lib/systemd/system/deluge-web.service,deluge-web.service,A,UNAMBIGUOUS_EXECUTABLE_LINEAGE,MATCHED,usr/lib/systemd/system/deluge-web.service,deluge-web,1,3,,,,1
https://deluge-torrent.org::deluge-web,https://deluge-torrent.org,ubuntu,deluge-web,usr/lib/systemd/system/deluge-web.service,deluge-web.service,A,UNAMBIGUOUS_EXECUTABLE_LINEAGE,MATCHED,usr/lib/systemd/system/deluge-web.service,deluge-web,1,3,,,,1
https://deluge-torrent.org::deluged,https://deluge-torrent.org,arch,deluge,usr/lib/systemd/system/deluged.service,deluged.service,A,UNAMBIGUOUS_EXECUTABLE_LINEAGE,MATCHED,usr/lib/systemd/system/deluged.service,deluged,1,3,,,,1
https://deluge-torrent.org::deluged,https://deluge-torrent.org,fedora,deluge-daemon,usr/lib/systemd/system/deluge-daemon.service,deluge-daemon.service,A,UNAMBIGUOUS_EXECUTABLE_LINEAGE,MATCHED,usr/lib/systemd/system/deluge-daemon.service,deluged,1,3,,,,1
https://deluge-torrent.org::deluged,https://deluge-torrent.org,ubuntu,deluged,usr/lib/systemd/system/deluged.service,deluged.service,A,UNAMBIGUOUS_EXECUTABLE_LINEAGE,MATCHED,usr/lib/systemd/system/deluged.service,deluged,1,3,,,,1
https://devel.freebsoft.org/speechd::speech-dispatcher,https://devel.freebsoft.org/speechd,debian,speech-dispatcher,usr/lib/systemd/system/speech-dispatcherd.service,speech-dispatcherd.service,A,UNAMBIGUOUS_EXECUTABLE_LINEAGE,MATCHED,usr/lib/systemd/system/speech-dispatcherd.service,speech-dispatcher,1,3,,,,1
https://devel.freebsoft.org/speechd::speech-dispatcher,https://devel.freebsoft.org/speechd,fedora,speech-dispatcher,usr/lib/systemd/system/speech-dispatcherd.service,speech-dispatcherd.service,A,UNAMBIGUOUS_EXECUTABLE_LINEAGE,MATCHED,usr/lib/systemd/system/speech-dispatcherd.service,speech-dispatcher,1,3,,,,1
https://devel.freebsoft.org/speechd::speech-dispatcher,https://devel.freebsoft.org/speechd,ubuntu,speech-dispatcher,usr/lib/systemd/system/speech-dispatcherd.service,speech-dispatcherd.service,A,UNAMBIGUOUS_EXECUTABLE_LINEAGE,MATCHED,usr/lib/systemd/system/speech-dispatcherd.service,speech-dispatcher,1,3,,,,1
https://digint.ch/btrbk::btrbk,https://digint.ch/btrbk,fedora,btrbk,usr/lib/systemd/system/btrbk.service,btrbk.service,A,UNAMBIGUOUS_EXECUTABLE_LINEAGE,MATCHED,usr/lib/systemd/system/btrbk.service,btrbk,1,2,,,,1
https://digint.ch/btrbk::btrbk,https://digint.ch/btrbk,ubuntu,btrbk,usr/lib/systemd/system/btrbk.service,btrbk.service,A,UNAMBIGUOUS_EXECUTABLE_LINEAGE,MATCHED,usr/lib/systemd/system/btrbk.service,btrbk,1,2,,,,1
https://dnsdist.org::dnsdist,https://dnsdist.org,arch,dnsdist,usr/lib/systemd/system/dnsdist.service,dnsdist.service,A,UNAMBIGUOUS_EXECUTABLE_LINEAGE,MATCHED,usr/lib/systemd/system/dnsdist.service,dnsdist,1,4,,,,1
https://dnsdist.org::dnsdist,https://dnsdist.org,debian,dnsdist,usr/lib/systemd/system/dnsdist.service,dnsdist.service,A,UNAMBIGUOUS_EXECUTABLE_LINEAGE,MATCHED,usr/lib/systemd/system/dnsdist.service,dnsdist,1,4,,,,1
https://dnsdist.org::dnsdist,https://dnsdist.org,fedora,dnsdist,usr/lib/systemd/system/dnsdist.service,dnsdist.service,A,UNAMBIGUOUS_EXECUTABLE_LINEAGE,MATCHED,usr/lib/systemd/system/dnsdist.service,dnsdist,1,4,,,,1
https://dnsdist.org::dnsdist,https://dnsdist.org,ubuntu,dnsdist,usr/lib/systemd/system/dnsdist.service,dnsdist.service,A,UNAMBIGUOUS_EXECUTABLE_LINEAGE,MATCHED,usr/lib/systemd/system/dnsdist.service,dnsdist,1,4,,,,1
https://dovecot.org::dovecot,https://dovecot.org,arch,dovecot,usr/lib/systemd/system/dovecot.service,dovecot.service,UNRESOLVED,UNAMBIGUOUS_EXECUTABLE_LINEAGE,SERVICE_LINEAGE_AMBIGUOUS,usr/lib/systemd/system/dovecot.service,dovecot,2,3,,,,2
https://dovecot.org::dovecot,https://dovecot.org,arch,dovecot23,usr/lib/systemd/system/dovecot.service,dovecot.service,UNRESOLVED,UNAMBIGUOUS_EXECUTABLE_LINEAGE,SERVICE_LINEAGE_AMBIGUOUS,usr/lib/systemd/system/dovecot.service,dovecot,2,3,,,,2
https://dovecot.org::dovecot,https://dovecot.org,debian,dovecot-core,usr/lib/systemd/system/dovecot.service,dovecot.service,UNRESOLVED,UNAMBIGUOUS_EXECUTABLE_LINEAGE,SERVICE_LINEAGE_AMBIGUOUS,usr/lib/systemd/system/dovecot.service,dovecot,1,3,,,,1
https://dovecot.org::dovecot,https://dovecot.org,ubuntu,dovecot-core,usr/lib/systemd/system/dovecot.service,dovecot.service,UNRESOLVED,UNAMBIGUOUS_EXECUTABLE_LINEAGE,SERVICE_LINEAGE_AMBIGUOUS,usr/lib/systemd/system/dovecot.service,dovecot,1,3,,,,1
https://dun.github.io/munge::munged,https://dun.github.io/munge,debian,munge,usr/lib/systemd/system/munge.service,munge.service,A,UNAMBIGUOUS_EXECUTABLE_LINEAGE,MATCHED,usr/lib/systemd/system/munge.service,munged,1,3,,,,1
https://dun.github.io/munge::munged,https://dun.github.io/munge,fedora,munge,usr/lib/systemd/system/munge.service,munge.service,A,UNAMBIGUOUS_EXECUTABLE_LINEAGE,MATCHED,usr/lib/systemd/system/munge.service,munged,1,3,,,,1
https://dun.github.io/munge::munged,https://dun.github.io/munge,ubuntu,munge,usr/lib/systemd/system/munge.service,munge.service,A,UNAMBIGUOUS_EXECUTABLE_LINEAGE,MATCHED,usr/lib/systemd/system/munge.service,munged,1,3,,,,1
https://e2fsprogs.sourceforge.net::e2scrub_all,https://e2fsprogs.sourceforge.net,arch,e2fsprogs,usr/lib/systemd/system/e2scrub_all.service,e2scrub_all.service,UNRESOLVED,UNAMBIGUOUS_EXECUTABLE_LINEAGE,SERVICE_LINEAGE_AMBIGUOUS,usr/lib/systemd/system/e2scrub_all.service,e2scrub_all,2,4,,,,2
https://e2fsprogs.sourceforge.net::e2scrub_all,https://e2fsprogs.sourceforge.net,arch,e2fsprogs,usr/lib/systemd/system/e2scrub_reap.service,e2scrub_reap.service,UNRESOLVED,UNAMBIGUOUS_EXECUTABLE_LINEAGE,SERVICE_LINEAGE_AMBIGUOUS,usr/lib/systemd/system/e2scrub_reap.service,e2scrub_all,2,4,,,,2
https://e2fsprogs.sourceforge.net::e2scrub_all,https://e2fsprogs.sourceforge.net,debian,e2fsprogs,usr/lib/systemd/system/e2scrub_all.service,e2scrub_all.service,UNRESOLVED,UNAMBIGUOUS_EXECUTABLE_LINEAGE,SERVICE_LINEAGE_AMBIGUOUS,usr/lib/systemd/system/e2scrub_all.service,e2scrub_all,2,4,,,,2
https://e2fsprogs.sourceforge.net::e2scrub_all,https://e2fsprogs.sourceforge.net,debian,e2fsprogs,usr/lib/systemd/system/e2scrub_reap.service,e2scrub_reap.service,UNRESOLVED,UNAMBIGUOUS_EXECUTABLE_LINEAGE,SERVICE_LINEAGE_AMBIGUOUS,usr/lib/systemd/system/e2scrub_reap.service,e2scrub_all,2,4,,,,2
https://e2fsprogs.sourceforge.net::e2scrub_all,https://e2fsprogs.sourceforge.net,fedora,e2scrub,usr/lib/systemd/system/e2scrub_all.service,e2scrub_all.service,UNRESOLVED,UNAMBIGUOUS_EXECUTABLE_LINEAGE,SERVICE_LINEAGE_AMBIGUOUS,usr/lib/systemd/system/e2scrub_all.service,e2scrub_all,2,4,,,,2
https://e2fsprogs.sourceforge.net::e2scrub_all,https://e2fsprogs.sourceforge.net,fedora,e2scrub,usr/lib/systemd/system/e2scrub_reap.service,e2scrub_reap.service,UNRESOLVED,UNAMBIGUOUS_EXECUTABLE_LINEAGE,SERVICE_LINEAGE_AMBIGUOUS,usr/lib/systemd/system/e2scrub_reap.service,e2scrub_all,2,4,,,,2
https://e2fsprogs.sourceforge.net::e2scrub_all,https://e2fsprogs.sourceforge.net,ubuntu,e2fsprogs,usr/lib/systemd/system/e2scrub_all.service,e2scrub_all.service,UNRESOLVED,UNAMBIGUOUS_EXECUTABLE_LINEAGE,SERVICE_LINEAGE_AMBIGUOUS,usr/lib/systemd/system/e2scrub_all.service,e2scrub_all,2,4,,,,2
https://e2fsprogs.sourceforge.net::e2scrub_all,https://e2fsprogs.sourceforge.net,ubuntu,e2fsprogs,usr/lib/systemd/system/e2scrub_reap.service,e2scrub_reap.service,UNRESOLVED,UNAMBIGUOUS_EXECUTABLE_LINEAGE,SERVICE_LINEAGE_AMBIGUOUS,usr/lib/systemd/system/e2scrub_reap.service,e2scrub_all,2,4,,,,2
https://ee.lbl.gov::true,https://ee.lbl.gov,debian,arpwatch,usr/lib/systemd/system/arpwatch.service,arpwatch.service,A,UNAMBIGUOUS_EXECUTABLE_LINEAGE,MATCHED,usr/lib/systemd/system/arpwatch.service,true,1,2,,,,1
https://ee.lbl.gov::true,https://ee.lbl.gov,ubuntu,arpwatch,usr/lib/systemd/system/arpwatch.service,arpwatch.service,A,UNAMBIGUOUS_EXECUTABLE_LINEAGE,MATCHED,usr/lib/systemd/system/arpwatch.service,true,1,2,,,,1
https://etckeeper.branchable.com::upstream-unit::systemd/etckeeper.service,https://etckeeper.branchable.com,fedora,etckeeper,usr/lib/systemd/system/etckeeper.service,etckeeper.service,A,EXACT_UPSTREAM_UNIT_IDENTITY,MATCHED,/home/emrecan/github/ecylmz/unittrace/artifacts/full/roots/sources/fedora/etckeeper/etckeeper-1.18.22-7.fc44.src.rpm/etckeeper-1.18.22/systemd/etckeeper.service,daily,1,2,etckeeper-1.18.22-7.fc44.src.rpm,systemd/etckeeper.service,2942714e2d41939dd55af64b298561cffe9b88ac972767d0c07ea4fe31e318c9,1
https://etckeeper.branchable.com::upstream-unit::systemd/etckeeper.service,https://etckeeper.branchable.com,ubuntu,etckeeper,usr/lib/systemd/system/etckeeper.service,etckeeper.service,A,EXACT_UPSTREAM_UNIT_IDENTITY,MATCHED,/home/emrecan/github/ecylmz/unittrace/artifacts/full/roots/sources/ubuntu/etckeeper/1.18.23-2build1/etckeeper-1.18.23/systemd/etckeeper.service,daily,1,2,1.18.23-2build1,systemd/etckeeper.service,2942714e2d41939dd55af64b298561cffe9b88ac972767d0c07ea4fe31e318c9,1
https://fastnetmon.com::upstream-unit::src/packaging/fedora/fastnetmon.service,https://fastnetmon.com,debian,fastnetmon,usr/lib/systemd/system/fastnetmon.service,fastnetmon.service,A,EXACT_UPSTREAM_UNIT_IDENTITY,MATCHED,/home/emrecan/github/ecylmz/unittrace/artifacts/full/roots/sources/debian/fastnetmon/1.2.9-0+deb13u1/pavel-odintsov-fastnetmon-394fbe0/src/packaging/fedora/fastnetmon.service,fastnetmon,1,3,1.2.9-0+deb13u1,src/packaging/fedora/fastnetmon.service,7e55a09607cab7b2513224cd9b07ad2086f2c6c063209bc31803cd2521f6c5fc,1
https://fastnetmon.com::upstream-unit::src/packaging/fedora/fastnetmon.service,https://fastnetmon.com,fedora,fastnetmon,usr/lib/systemd/system/fastnetmon.service,fastnetmon.service,A,EXACT_UPSTREAM_UNIT_IDENTITY,MATCHED,/home/emrecan/github/ecylmz/unittrace/artifacts/full/roots/sources/fedora/fastnetmon/fastnetmon-1.2.9-1.fc44.src.rpm/fastnetmon-1.2.9/src/packaging/fedora/fastnetmon.service,fastnetmon,1,3,fastnetmon-1.2.9-1.fc44.src.rpm,src/packaging/fedora/fastnetmon.service,7e55a09607cab7b2513224cd9b07ad2086f2c6c063209bc31803cd2521f6c5fc,1
https://fastnetmon.com::upstream-unit::src/packaging/fedora/fastnetmon.service,https://fastnetmon.com,ubuntu,fastnetmon,usr/lib/systemd/system/fastnetmon.service,fastnetmon.service,A,EXACT_UPSTREAM_UNIT_IDENTITY,MATCHED,/home/emrecan/github/ecylmz/unittrace/artifacts/full/roots/sources/ubuntu/fastnetmon/1.2.8+git20250911-2/upstream-fastnetmon/src/packaging/fedora/fastnetmon.service,fastnetmon,1,3,1.2.8+git20250911-2,src/packaging/fedora/fastnetmon.service,7e55a09607cab7b2513224cd9b07ad2086f2c6c063209bc31803cd2521f6c5fc,1
https://flatpak.org::flatpak-system-helper,https://flatpak.org,arch,flatpak,usr/lib/systemd/system/flatpak-system-helper.service,flatpak-system-helper.service,A,UNAMBIGUOUS_EXECUTABLE_LINEAGE,MATCHED,usr/lib/systemd/system/flatpak-system-helper.service,flatpak-system-helper,1,4,,,,1
https://flatpak.org::flatpak-system-helper,https://flatpak.org,debian,flatpak,usr/lib/systemd/system/flatpak-system-helper.service,flatpak-system-helper.service,A,UNAMBIGUOUS_EXECUTABLE_LINEAGE,MATCHED,usr/lib/systemd/system/flatpak-system-helper.service,flatpak-system-helper,1,4,,,,1
https://flatpak.org::flatpak-system-helper,https://flatpak.org,fedora,flatpak,usr/lib/systemd/system/flatpak-system-helper.service,flatpak-system-helper.service,A,UNAMBIGUOUS_EXECUTABLE_LINEAGE,MATCHED,usr/lib/systemd/system/flatpak-system-helper.service,flatpak-system-helper,1,4,,,,1
https://flatpak.org::flatpak-system-helper,https://flatpak.org,ubuntu,flatpak,usr/lib/systemd/system/flatpak-system-helper.service,flatpak-system-helper.service,A,UNAMBIGUOUS_EXECUTABLE_LINEAGE,MATCHED,usr/lib/systemd/system/flatpak-system-helper.service,flatpak-system-helper,1,4,,,,1
https://forgejo.org::forgejo,https://forgejo.org,arch,forgejo,usr/lib/systemd/system/forgejo.service,forgejo.service,A,UNAMBIGUOUS_EXECUTABLE_LINEAGE,MATCHED,usr/lib/systemd/system/forgejo.service,forgejo,1,2,,,,1
https://forgejo.org::forgejo,https://forgejo.org,fedora,forgejo,usr/lib/systemd/system/forgejo.service,forgejo.service,A,UNAMBIGUOUS_EXECUTABLE_LINEAGE,MATCHED,usr/lib/systemd/system/forgejo.service,forgejo,1,2,,,,1
https://fusioninventory.org::fusioninventory-agent,https://fusioninventory.org,fedora,fusioninventory-agent,usr/lib/systemd/system/fusioninventory-agent.service,fusioninventory-agent.service,A,UNAMBIGUOUS_EXECUTABLE_LINEAGE,MATCHED,usr/lib/systemd/system/fusioninventory-agent.service,fusioninventory-agent,1,2,,,,1
https://fusioninventory.org::fusioninventory-agent,https://fusioninventory.org,ubuntu,fusioninventory-agent,usr/lib/systemd/system/fusioninventory-agent.service,fusioninventory-agent.service,A,UNAMBIGUOUS_EXECUTABLE_LINEAGE,MATCHED,usr/lib/systemd/system/fusioninventory-agent.service,fusioninventory-agent,1,2,,,,1
https://gdnsd.org::gdnsd,https://gdnsd.org,arch,gdnsd,usr/lib/systemd/system/gdnsd.service,gdnsd.service,A,UNAMBIGUOUS_EXECUTABLE_LINEAGE,MATCHED,usr/lib/systemd/system/gdnsd.service,gdnsd,1,3,,,,1
https://gdnsd.org::gdnsd,https://gdnsd.org,debian,gdnsd,usr/lib/systemd/system/gdnsd.service,gdnsd.service,A,UNAMBIGUOUS_EXECUTABLE_LINEAGE,MATCHED,usr/lib/systemd/system/gdnsd.service,gdnsd,1,3,,,,1
https://gdnsd.org::gdnsd,https://gdnsd.org,ubuntu,gdnsd,usr/lib/systemd/system/gdnsd.service,gdnsd.service,A,UNAMBIGUOUS_EXECUTABLE_LINEAGE,MATCHED,usr/lib/systemd/system/gdnsd.service,gdnsd,1,3,,,,1
https://gerbera.io::gerbera,https://gerbera.io,debian,gerbera,usr/lib/systemd/system/gerbera.service,gerbera.service,A,UNAMBIGUOUS_EXECUTABLE_LINEAGE,MATCHED,usr/lib/systemd/system/gerbera.service,gerbera,1,3,,,,1
https://gerbera.io::gerbera,https://gerbera.io,fedora,gerbera,usr/lib/systemd/system/gerbera.service,gerbera.service,A,UNAMBIGUOUS_EXECUTABLE_LINEAGE,MATCHED,usr/lib/systemd/system/gerbera.service,gerbera,1,3,,,,1
https://gerbera.io::gerbera,https://gerbera.io,ubuntu,gerbera,usr/lib/systemd/system/gerbera.service,gerbera.service,A,UNAMBIGUOUS_EXECUTABLE_LINEAGE,MATCHED,usr/lib/systemd/system/gerbera.service,gerbera,1,3,,,,1
https://git.kernel.org/pub/scm/network/connman/connman::connman-vpnd,https://git.kernel.org/pub/scm/network/connman/connman,arch,connman,usr/lib/systemd/system/connman-vpn.service,connman-vpn.service,A,UNAMBIGUOUS_EXECUTABLE_LINEAGE,MATCHED,usr/lib/systemd/system/connman-vpn.service,connman-vpnd,1,3,,,,1
https://git.kernel.org/pub/scm/network/connman/connman::connman-vpnd,https://git.kernel.org/pub/scm/network/connman/connman,debian,connman-vpn,usr/lib/systemd/system/connman-vpn.service,connman-vpn.service,A,UNAMBIGUOUS_EXECUTABLE_LINEAGE,MATCHED,usr/lib/systemd/system/connman-vpn.service,connman-vpnd,1,3,,,,1
https://git.kernel.org/pub/scm/network/connman/connman::connman-vpnd,https://git.kernel.org/pub/scm/network/connman/connman,ubuntu,connman-vpn,usr/lib/systemd/system/connman-vpn.service,connman-vpn.service,A,UNAMBIGUOUS_EXECUTABLE_LINEAGE,MATCHED,usr/lib/systemd/system/connman-vpn.service,connman-vpnd,1,3,,,,1
https://git.kernel.org/pub/scm/network/connman/connman::connmand,https://git.kernel.org/pub/scm/network/connman/connman,arch,connman,usr/lib/systemd/system/connman.service,connman.service,A,UNAMBIGUOUS_EXECUTABLE_LINEAGE,MATCHED,usr/lib/systemd/system/connman.service,connmand,1,3,,,,1
https://git.kernel.org/pub/scm/network/connman/connman::connmand,https://git.kernel.org/pub/scm/network/connman/connman,debian,connman,usr/lib/systemd/system/connman.service,connman.service,A,UNAMBIGUOUS_EXECUTABLE_LINEAGE,MATCHED,usr/lib/systemd/system/connman.service,connmand,1,3,,,,1
https://git.kernel.org/pub/scm/network/connman/connman::connmand,https://git.kernel.org/pub/scm/network/connman/connman,ubuntu,connman,usr/lib/systemd/system/connman.service,connman.service,A,UNAMBIGUOUS_EXECUTABLE_LINEAGE,MATCHED,usr/lib/systemd/system/connman.service,connmand,1,3,,,,1
https://git.kernel.org/pub/scm/network/connman/connman::connmand-wait-online,https://git.kernel.org/pub/scm/network/connman/connman,arch,connman,usr/lib/systemd/system/connman-wait-online.service,connman-wait-online.service,A,UNAMBIGUOUS_EXECUTABLE_LINEAGE,MATCHED,usr/lib/systemd/system/connman-wait-online.service,connmand-wait-online,1,3,,,,1
https://git.kernel.org/pub/scm/network/connman/connman::connmand-wait-online,https://git.kernel.org/pub/scm/network/connman/connman,debian,connman,usr/lib/systemd/system/connman-wait-online.service,connman-wait-online.service,A,UNAMBIGUOUS_EXECUTABLE_LINEAGE,MATCHED,usr/lib/systemd/system/connman-wait-online.service,connmand-wait-online,1,3,,,,1
https://git.kernel.org/pub/scm/network/connman/connman::connmand-wait-online,https://git.kernel.org/pub/scm/network/connman/connman,ubuntu,connman,usr/lib/systemd/system/connman-wait-online.service,connman-wait-online.service,A,UNAMBIGUOUS_EXECUTABLE_LINEAGE,MATCHED,usr/lib/systemd/system/connman-wait-online.service,connmand-wait-online,1,3,,,,1
https://github.com/42wim/matterbridge::matterbridge,https://github.com/42wim/matterbridge,arch,matterbridge,usr/lib/systemd/system/matterbridge.service,matterbridge.service,A,UNAMBIGUOUS_EXECUTABLE_LINEAGE,MATCHED,usr/lib/systemd/system/matterbridge.service,matterbridge,1,2,,,,1
https://github.com/42wim/matterbridge::matterbridge,https://github.com/42wim/matterbridge,fedora,matterbridge,usr/lib/systemd/system/matterbridge.service,matterbridge.service,A,UNAMBIGUOUS_EXECUTABLE_LINEAGE,MATCHED,usr/lib/systemd/system/matterbridge.service,matterbridge,1,2,,,,1
https://github.com/AsahiLinux/asahi-scripts::upstream-unit::macsmc-battery/systemd/macsmc-battery-charge-control-end-threshold.service,https://github.com/AsahiLinux/asahi-scripts,fedora,asahi-battery,usr/lib/systemd/system/macsmc-battery-charge-control-end-threshold.service,macsmc-battery-charge-control-end-threshold.service,A,EXACT_UPSTREAM_UNIT_IDENTITY,MATCHED,/home/emrecan/github/ecylmz/unittrace/artifacts/full/roots/sources/fedora/asahi-scripts/asahi-scripts-20250713-7.fc44.src.rpm/asahi-scripts-20250713/macsmc-battery/systemd/macsmc-battery-charge-control-end-threshold.service,sh,1,2,asahi-scripts-20250713-7.fc44.src.rpm,macsmc-battery/systemd/macsmc-battery-charge-control-end-threshold.service,fb26a61a0157b1dd3ccbe6437dc25477717482c45da1f2113f0f034f69b8734c,1
https://github.com/AsahiLinux/asahi-scripts::upstream-unit::macsmc-battery/systemd/macsmc-battery-charge-control-end-threshold.service,https://github.com/AsahiLinux/asahi-scripts,ubuntu,asahi-scripts,usr/lib/systemd/system/macsmc-battery-charge-control-end-threshold.service,macsmc-battery-charge-control-end-threshold.service,A,EXACT_UPSTREAM_UNIT_IDENTITY,MATCHED,/home/emrecan/github/ecylmz/unittrace/artifacts/full/roots/sources/ubuntu/asahi-scripts/20250713-1ubuntu1/asahi-scripts-20250713/macsmc-battery/systemd/macsmc-battery-charge-control-end-threshold.service,sh,1,2,20250713-1ubuntu1,macsmc-battery/systemd/macsmc-battery-charge-control-end-threshold.service,fb26a61a0157b1dd3ccbe6437dc25477717482c45da1f2113f0f034f69b8734c,1
https://github.com/COVESA/dlt-daemon::dlt-daemon,https://github.com/COVESA/dlt-daemon,debian,dlt-daemon,usr/lib/systemd/system/dlt.service,dlt.service,A,UNAMBIGUOUS_EXECUTABLE_LINEAGE,MATCHED,usr/lib/systemd/system/dlt.service,dlt-daemon,1,3,,,,1
https://github.com/COVESA/dlt-daemon::dlt-daemon,https://github.com/COVESA/dlt-daemon,fedora,dlt-daemon,usr/lib/systemd/system/dlt.service,dlt.service,A,UNAMBIGUOUS_EXECUTABLE_LINEAGE,MATCHED,usr/lib/systemd/system/dlt.service,dlt-daemon,1,3,,,,1
https://github.com/COVESA/dlt-daemon::dlt-daemon,https://github.com/COVESA/dlt-daemon,ubuntu,dlt-daemon,usr/lib/systemd/system/dlt.service,dlt.service,A,UNAMBIGUOUS_EXECUTABLE_LINEAGE,MATCHED,usr/lib/systemd/system/dlt.service,dlt-daemon,1,3,,,,1
https://github.com/COVESA/dlt-daemon::dlt-dbus,https://github.com/COVESA/dlt-daemon,debian,dlt-tools,usr/lib/systemd/system/dlt-dbus.service,dlt-dbus.service,A,UNAMBIGUOUS_EXECUTABLE_LINEAGE,MATCHED,usr/lib/systemd/system/dlt-dbus.service,dlt-dbus,1,2,,,,1
https://github.com/COVESA/dlt-daemon::dlt-dbus,https://github.com/COVESA/dlt-daemon,ubuntu,dlt-tools,usr/lib/systemd/system/dlt-dbus.service,dlt-dbus.service,A,UNAMBIGUOUS_EXECUTABLE_LINEAGE,MATCHED,usr/lib/systemd/system/dlt-dbus.service,dlt-dbus,1,2,,,,1
https://github.com/COVESA/dlt-daemon::dlt-system,https://github.com/COVESA/dlt-daemon,debian,dlt-tools,usr/lib/systemd/system/dlt-system.service,dlt-system.service,A,UNAMBIGUOUS_EXECUTABLE_LINEAGE,MATCHED,usr/lib/systemd/system/dlt-system.service,dlt-system,1,3,,,,1
https://github.com/COVESA/dlt-daemon::dlt-system,https://github.com/COVESA/dlt-daemon,fedora,dlt-tools,usr/lib/systemd/system/dlt-system.service,dlt-system.service,A,UNAMBIGUOUS_EXECUTABLE_LINEAGE,MATCHED,usr/lib/systemd/system/dlt-system.service,dlt-system,1,3,,,,1
https://github.com/COVESA/dlt-daemon::dlt-system,https://github.com/COVESA/dlt-daemon,ubuntu,dlt-tools,usr/lib/systemd/system/dlt-system.service,dlt-system.service,A,UNAMBIGUOUS_EXECUTABLE_LINEAGE,MATCHED,usr/lib/systemd/system/dlt-system.service,dlt-system,1,3,,,,1
https://github.com/ClusterLabs/booth::boothd,https://github.com/ClusterLabs/booth,debian,booth,usr/lib/systemd/system/booth-arbitrator.service,booth-arbitrator.service,A,UNAMBIGUOUS_EXECUTABLE_LINEAGE,MATCHED,usr/lib/systemd/system/booth-arbitrator.service,boothd,1,3,,,,1
https://github.com/ClusterLabs/booth::boothd,https://github.com/ClusterLabs/booth,fedora,booth-arbitrator,usr/lib/systemd/system/booth-arbitrator.service,booth-arbitrator.service,A,UNAMBIGUOUS_EXECUTABLE_LINEAGE,MATCHED,usr/lib/systemd/system/booth-arbitrator.service,boothd,1,3,,,,1
https://github.com/ClusterLabs/booth::boothd,https://github.com/ClusterLabs/booth,ubuntu,booth,usr/lib/systemd/system/booth-arbitrator.service,booth-arbitrator.service,A,UNAMBIGUOUS_EXECUTABLE_LINEAGE,MATCHED,usr/lib/systemd/system/booth-arbitrator.service,boothd,1,3,,,,1
https://github.com/ClusterLabs/booth::true,https://github.com/ClusterLabs/booth,debian,booth,usr/lib/systemd/system/booth.service,booth.service,A,UNAMBIGUOUS_EXECUTABLE_LINEAGE,MATCHED,usr/lib/systemd/system/booth.service,true,1,2,,,,1
https://github.com/ClusterLabs/booth::true,https://github.com/ClusterLabs/booth,ubuntu,booth,usr/lib/systemd/system/booth.service,booth.service,A,UNAMBIGUOUS_EXECUTABLE_LINEAGE,MATCHED,usr/lib/systemd/system/booth.service,true,1,2,,,,1
https://github.com/ClusterLabs/fence-agents::fence_virtd,https://github.com/ClusterLabs/fence-agents,debian,fence-virtd,usr/lib/systemd/system/fence_virtd.service,fence_virtd.service,A,UNAMBIGUOUS_EXECUTABLE_LINEAGE,MATCHED,usr/lib/systemd/system/fence_virtd.service,fence_virtd,1,3,,,,1
https://github.com/ClusterLabs/fence-agents::fence_virtd,https://github.com/ClusterLabs/fence-agents,fedora,fence-virtd,usr/lib/systemd/system/fence_virtd.service,fence_virtd.service,A,UNAMBIGUOUS_EXECUTABLE_LINEAGE,MATCHED,usr/lib/systemd/system/fence_virtd.service,fence_virtd,1,3,,,,1
https://github.com/ClusterLabs/fence-agents::fence_virtd,https://github.com/ClusterLabs/fence-agents,ubuntu,fence-virtd,usr/lib/systemd/system/fence_virtd.service,fence_virtd.service,A,UNAMBIGUOUS_EXECUTABLE_LINEAGE,MATCHED,usr/lib/systemd/system/fence_virtd.service,fence_virtd,1,3,,,,1
https://github.com/ClusterLabs/pcs::pcs_snmp_agent,https://github.com/ClusterLabs/pcs,fedora,pcs-snmp,usr/lib/systemd/system/pcs_snmp_agent.service,pcs_snmp_agent.service,A,UNAMBIGUOUS_EXECUTABLE_LINEAGE,MATCHED,usr/lib/systemd/system/pcs_snmp_agent.service,pcs_snmp_agent,1,2,,,,1
https://github.com/ClusterLabs/pcs::pcs_snmp_agent,https://github.com/ClusterLabs/pcs,ubuntu,pcs-snmp,usr/lib/systemd/system/pcs_snmp_agent.service,pcs_snmp_agent.service,A,UNAMBIGUOUS_EXECUTABLE_LINEAGE,MATCHED,usr/lib/systemd/system/pcs_snmp_agent.service,pcs_snmp_agent,1,2,,,,1
https://github.com/ClusterLabs/pcs::pcsd,https://github.com/ClusterLabs/pcs,fedora,pcs,usr/lib/systemd/system/pcsd-ruby.service,pcsd-ruby.service,UNRESOLVED,UNAMBIGUOUS_EXECUTABLE_LINEAGE,SERVICE_LINEAGE_AMBIGUOUS,usr/lib/systemd/system/pcsd-ruby.service,pcsd,2,2,,,,2
https://github.com/ClusterLabs/pcs::pcsd,https://github.com/ClusterLabs/pcs,fedora,pcs,usr/lib/systemd/system/pcsd.service,pcsd.service,UNRESOLVED,UNAMBIGUOUS_EXECUTABLE_LINEAGE,SERVICE_LINEAGE_AMBIGUOUS,usr/lib/systemd/system/pcsd.service,pcsd,2,2,,,,2
https://github.com/ClusterLabs/pcs::pcsd,https://github.com/ClusterLabs/pcs,ubuntu,pcs,usr/lib/systemd/system/pcsd-ruby.service,pcsd-ruby.service,UNRESOLVED,UNAMBIGUOUS_EXECUTABLE_LINEAGE,SERVICE_LINEAGE_AMBIGUOUS,usr/lib/systemd/system/pcsd-ruby.service,pcsd,2,2,,,,2
https://github.com/ClusterLabs/pcs::pcsd,https://github.com/ClusterLabs/pcs,ubuntu,pcs,usr/lib/systemd/system/pcsd.service,pcsd.service,UNRESOLVED,UNAMBIGUOUS_EXECUTABLE_LINEAGE,SERVICE_LINEAGE_AMBIGUOUS,usr/lib/systemd/system/pcsd.service,pcsd,2,2,,,,2
https://github.com/ClusterLabs/resource-agents::ldirectord,https://github.com/ClusterLabs/resource-agents,fedora,ldirectord,usr/lib/systemd/system/ldirectord.service,ldirectord.service,A,UNAMBIGUOUS_EXECUTABLE_LINEAGE,MATCHED,usr/lib/systemd/system/ldirectord.service,ldirectord,1,2,,,,1
https://github.com/ClusterLabs/resource-agents::ldirectord,https://github.com/ClusterLabs/resource-agents,ubuntu,ldirectord,usr/lib/systemd/system/ldirectord.service,ldirectord.service,A,UNAMBIGUOUS_EXECUTABLE_LINEAGE,MATCHED,usr/lib/systemd/system/ldirectord.service,ldirectord,1,2,,,,1
https://github.com/DNSCrypt/dnscrypt-proxy::dnscrypt-proxy,https://github.com/DNSCrypt/dnscrypt-proxy,arch,dnscrypt-proxy,usr/lib/systemd/system/dnscrypt-proxy.service,dnscrypt-proxy.service,A,UNAMBIGUOUS_EXECUTABLE_LINEAGE,MATCHED,usr/lib/systemd/system/dnscrypt-proxy.service,dnscrypt-proxy,1,3,,,,1
https://github.com/DNSCrypt/dnscrypt-proxy::dnscrypt-proxy,https://github.com/DNSCrypt/dnscrypt-proxy,debian,dnscrypt-proxy,usr/lib/systemd/system/dnscrypt-proxy.service,dnscrypt-proxy.service,A,UNAMBIGUOUS_EXECUTABLE_LINEAGE,MATCHED,usr/lib/systemd/system/dnscrypt-proxy.service,dnscrypt-proxy,1,3,,,,1
https://github.com/DNSCrypt/dnscrypt-proxy::dnscrypt-proxy,https://github.com/DNSCrypt/dnscrypt-proxy,ubuntu,dnscrypt-proxy,usr/lib/systemd/system/dnscrypt-proxy.service,dnscrypt-proxy.service,A,UNAMBIGUOUS_EXECUTABLE_LINEAGE,MATCHED,usr/lib/systemd/system/dnscrypt-proxy.service,dnscrypt-proxy,1,3,,,,1
https://github.com/DNSCrypt/dnscrypt-proxy::sh,https://github.com/DNSCrypt/dnscrypt-proxy,debian,dnscrypt-proxy,usr/lib/systemd/system/dnscrypt-proxy-resolvconf.service,dnscrypt-proxy-resolvconf.service,A,UNAMBIGUOUS_EXECUTABLE_LINEAGE,MATCHED,usr/lib/systemd/system/dnscrypt-proxy-resolvconf.service,sh,1,2,,,,1
https://github.com/DNSCrypt/dnscrypt-proxy::sh,https://github.com/DNSCrypt/dnscrypt-proxy,ubuntu,dnscrypt-proxy,usr/lib/systemd/system/dnscrypt-proxy-resolvconf.service,dnscrypt-proxy-resolvconf.service,A,UNAMBIGUOUS_EXECUTABLE_LINEAGE,MATCHED,usr/lib/systemd/system/dnscrypt-proxy-resolvconf.service,sh,1,2,,,,1
https://github.com/EGI-Federation/bdii::bdii-slapd-start,https://github.com/EGI-Federation/bdii,fedora,bdii,usr/lib/systemd/system/bdii-slapd.service,bdii-slapd.service,A,UNAMBIGUOUS_EXECUTABLE_LINEAGE,MATCHED,usr/lib/systemd/system/bdii-slapd.service,bdii-slapd-start,1,2,,,,1
https://github.com/EGI-Federation/bdii::bdii-slapd-start,https://github.com/EGI-Federation/bdii,ubuntu,bdii,usr/lib/systemd/system/bdii-slapd.service,bdii-slapd.service,A,UNAMBIGUOUS_EXECUTABLE_LINEAGE,MATCHED,usr/lib/systemd/system/bdii-slapd.service,bdii-slapd-start,1,2,,,,1
https://github.com/EGI-Federation/bdii::sh,https://github.com/EGI-Federation/bdii,fedora,bdii,usr/lib/systemd/system/bdii.service,bdii.service,A,UNAMBIGUOUS_EXECUTABLE_LINEAGE,MATCHED,usr/lib/systemd/system/bdii.service,sh,1,2,,,,1
https://github.com/EGI-Federation/bdii::sh,https://github.com/EGI-Federation/bdii,ubuntu,bdii,usr/lib/systemd/system/bdii.service,bdii.service,A,UNAMBIGUOUS_EXECUTABLE_LINEAGE,MATCHED,usr/lib/systemd/system/bdii.service,sh,1,2,,,,1
https://github.com/ErikReider/SwayOSD::swayosd-libinput-backend,https://github.com/ErikReider/SwayOSD,arch,swayosd,usr/lib/systemd/system/swayosd-libinput-backend.service,swayosd-libinput-backend.service,A,UNAMBIGUOUS_EXECUTABLE_LINEAGE,MATCHED,usr/lib/systemd/system/swayosd-libinput-backend.service,swayosd-libinput-backend,1,3,,,,1
https://github.com/ErikReider/SwayOSD::swayosd-libinput-backend,https://github.com/ErikReider/SwayOSD,debian,swayosd,usr/lib/systemd/system/swayosd-libinput-backend.service,swayosd-libinput-backend.service,A,UNAMBIGUOUS_EXECUTABLE_LINEAGE,MATCHED,usr/lib/systemd/system/swayosd-libinput-backend.service,swayosd-libinput-backend,1,3,,,,1
https://github.com/ErikReider/SwayOSD::swayosd-libinput-backend,https://github.com/ErikReider/SwayOSD,ubuntu,swayosd,usr/lib/systemd/system/swayosd-libinput-backend.service,swayosd-libinput-backend.service,A,UNAMBIGUOUS_EXECUTABLE_LINEAGE,MATCHED,usr/lib/systemd/system/swayosd-libinput-backend.service,swayosd-libinput-backend,1,3,,,,1
https://github.com/Exa-Networks/exabgp::exabgp,https://github.com/Exa-Networks/exabgp,fedora,exabgp,usr/lib/systemd/system/exabgp.service,exabgp.service,A,UNAMBIGUOUS_EXECUTABLE_LINEAGE,MATCHED,usr/lib/systemd/system/exabgp.service,exabgp,1,2,,,,1
https://github.com/Exa-Networks/exabgp::exabgp,https://github.com/Exa-Networks/exabgp,ubuntu,exabgp,usr/lib/systemd/system/exabgp.service,exabgp.service,A,UNAMBIGUOUS_EXECUTABLE_LINEAGE,MATCHED,usr/lib/systemd/system/exabgp.service,exabgp,1,2,,,,1
https://github.com/FoobarOy/foomuuri::upstream-unit::systemd/foomuuri-boot.service,https://github.com/FoobarOy/foomuuri,fedora,foomuuri,usr/lib/systemd/system/foomuuri-boot.service,foomuuri-boot.service,A,EXACT_UPSTREAM_UNIT_IDENTITY,MATCHED,/home/emrecan/github/ecylmz/unittrace/artifacts/full/roots/sources/fedora/foomuuri/foomuuri-0.33-2.fc44.src.rpm/foomuuri-0.33/systemd/foomuuri-boot.service,sh,1,2,foomuuri-0.33-2.fc44.src.rpm,systemd/foomuuri-boot.service,e8b764b4cb76f27a54ef5a9bdff9a61a03f8ca792e2be70268d4800f3106e1c6,1
https://github.com/FoobarOy/foomuuri::upstream-unit::systemd/foomuuri-boot.service,https://github.com/FoobarOy/foomuuri,ubuntu,foomuuri,usr/lib/systemd/system/foomuuri-boot.service,foomuuri-boot.service,A,EXACT_UPSTREAM_UNIT_IDENTITY,MATCHED,/home/emrecan/github/ecylmz/unittrace/artifacts/full/roots/sources/ubuntu/foomuuri/0.31-1/foomuuri-0.31/systemd/foomuuri-boot.service,sh,1,2,0.31-1,systemd/foomuuri-boot.service,c82d64928b3989e092da2610b2e75a01bbc3d408ce71180f4b17c8c398614ddf,1
https://github.com/FoobarOy/foomuuri::upstream-unit::systemd/foomuuri-dbus.service,https://github.com/FoobarOy/foomuuri,fedora,foomuuri,usr/lib/systemd/system/foomuuri-dbus.service,foomuuri-dbus.service,A,EXACT_UPSTREAM_UNIT_IDENTITY,MATCHED,/home/emrecan/github/ecylmz/unittrace/artifacts/full/roots/sources/fedora/foomuuri/foomuuri-0.33-2.fc44.src.rpm/foomuuri-0.33/systemd/foomuuri-dbus.service,foomuuri,1,2,foomuuri-0.33-2.fc44.src.rpm,systemd/foomuuri-dbus.service,6ffe5ee5d616761ab807815c0f9dacea6ca4091bffe4bd833d5b60b3eb3a0bdc,1
https://github.com/FoobarOy/foomuuri::upstream-unit::systemd/foomuuri-dbus.service,https://github.com/FoobarOy/foomuuri,ubuntu,foomuuri,usr/lib/systemd/system/foomuuri-dbus.service,foomuuri-dbus.service,A,EXACT_UPSTREAM_UNIT_IDENTITY,MATCHED,/home/emrecan/github/ecylmz/unittrace/artifacts/full/roots/sources/ubuntu/foomuuri/0.31-1/foomuuri-0.31/systemd/foomuuri-dbus.service,foomuuri,1,2,0.31-1,systemd/foomuuri-dbus.service,da26b421517ff5a80e6f0853375292a7d016f09019d000aa03556537a3a9a32b,1
https://github.com/FoobarOy/foomuuri::upstream-unit::systemd/foomuuri-iplist.service,https://github.com/FoobarOy/foomuuri,fedora,foomuuri,usr/lib/systemd/system/foomuuri-iplist.service,foomuuri-iplist.service,A,EXACT_UPSTREAM_UNIT_IDENTITY,MATCHED,/home/emrecan/github/ecylmz/unittrace/artifacts/full/roots/sources/fedora/foomuuri/foomuuri-0.33-2.fc44.src.rpm/foomuuri-0.33/systemd/foomuuri-iplist.service,foomuuri,1,2,foomuuri-0.33-2.fc44.src.rpm,systemd/foomuuri-iplist.service,30e4d589ad23b24d8093fdd8c2e4014e5a4319b795c643a25fe7cecaeb622cf7,1
https://github.com/FoobarOy/foomuuri::upstream-unit::systemd/foomuuri-iplist.service,https://github.com/FoobarOy/foomuuri,ubuntu,foomuuri,usr/lib/systemd/system/foomuuri-iplist.service,foomuuri-iplist.service,A,EXACT_UPSTREAM_UNIT_IDENTITY,MATCHED,/home/emrecan/github/ecylmz/unittrace/artifacts/full/roots/sources/ubuntu/foomuuri/0.31-1/foomuuri-0.31/systemd/foomuuri-iplist.service,foomuuri,1,2,0.31-1,systemd/foomuuri-iplist.service,165acb6f60bcd77f1fb69a0ed808da7351c5fda098eb91c9201cd3ccea9cd1b3,1
https://github.com/FoobarOy/foomuuri::upstream-unit::systemd/foomuuri-monitor.service,https://github.com/FoobarOy/foomuuri,fedora,foomuuri,usr/lib/systemd/system/foomuuri-monitor.service,foomuuri-monitor.service,A,EXACT_UPSTREAM_UNIT_IDENTITY,MATCHED,/home/emrecan/github/ecylmz/unittrace/artifacts/full/roots/sources/fedora/foomuuri/foomuuri-0.33-2.fc44.src.rpm/foomuuri-0.33/systemd/foomuuri-monitor.service,foomuuri,1,2,foomuuri-0.33-2.fc44.src.rpm,systemd/foomuuri-monitor.service,5159da4b162bd6ff91c0e19d36379dc03ffea2d6fa0c1d0a1967968fa30d1ec7,1
https://github.com/FoobarOy/foomuuri::upstream-unit::systemd/foomuuri-monitor.service,https://github.com/FoobarOy/foomuuri,ubuntu,foomuuri,usr/lib/systemd/system/foomuuri-monitor.service,foomuuri-monitor.service,A,EXACT_UPSTREAM_UNIT_IDENTITY,MATCHED,/home/emrecan/github/ecylmz/unittrace/artifacts/full/roots/sources/ubuntu/foomuuri/0.31-1/foomuuri-0.31/systemd/foomuuri-monitor.service,foomuuri,1,2,0.31-1,systemd/foomuuri-monitor.service,9fd1da15d6d5954a0bdab5eb762a4c1cb821aa9685190bae5c73cd84f25a760d,1
https://github.com/FoobarOy/foomuuri::upstream-unit::systemd/foomuuri.service,https://github.com/FoobarOy/foomuuri,fedora,foomuuri,usr/lib/systemd/system/foomuuri.service,foomuuri.service,A,EXACT_UPSTREAM_UNIT_IDENTITY,MATCHED,/home/emrecan/github/ecylmz/unittrace/artifacts/full/roots/sources/fedora/foomuuri/foomuuri-0.33-2.fc44.src.rpm/foomuuri-0.33/systemd/foomuuri.service,foomuuri,1,2,foomuuri-0.33-2.fc44.src.rpm,systemd/foomuuri.service,8233dfca015609dbfaeeeb2006baec3f8426f7963201852a04a9d43c55be303e,1
https://github.com/FoobarOy/foomuuri::upstream-unit::systemd/foomuuri.service,https://github.com/FoobarOy/foomuuri,ubuntu,foomuuri,usr/lib/systemd/system/foomuuri.service,foomuuri.service,A,EXACT_UPSTREAM_UNIT_IDENTITY,MATCHED,/home/emrecan/github/ecylmz/unittrace/artifacts/full/roots/sources/ubuntu/foomuuri/0.31-1/foomuuri-0.31/systemd/foomuuri.service,foomuuri,1,2,0.31-1,systemd/foomuuri.service,4a5086f1556bb40b2adeb3bdf34b6fb12396d6f4e7dbc247deac722004c1d45f,1
https://github.com/GoogleCloudPlatform/guest-agent::true,https://github.com/GoogleCloudPlatform/guest-agent,debian,google-guest-agent,usr/lib/systemd/system/google-shutdown-scripts.service,google-shutdown-scripts.service,A,UNAMBIGUOUS_EXECUTABLE_LINEAGE,MATCHED,usr/lib/systemd/system/google-shutdown-scripts.service,true,1,3,,,,1
https://github.com/GoogleCloudPlatform/guest-agent::true,https://github.com/GoogleCloudPlatform/guest-agent,fedora,google-guest-agent,usr/lib/systemd/system/google-shutdown-scripts.service,google-shutdown-scripts.service,A,UNAMBIGUOUS_EXECUTABLE_LINEAGE,MATCHED,usr/lib/systemd/system/google-shutdown-scripts.service,true,1,3,,,,1
https://github.com/GoogleCloudPlatform/guest-agent::true,https://github.com/GoogleCloudPlatform/guest-agent,ubuntu,google-guest-agent,lib/systemd/system/google-shutdown-scripts.service,google-shutdown-scripts.service,A,UNAMBIGUOUS_EXECUTABLE_LINEAGE,MATCHED,lib/systemd/system/google-shutdown-scripts.service,true,1,3,,,,1
https://github.com/GoogleCloudPlatform/guest-agent::upstream-unit::google-guest-agent.service,https://github.com/GoogleCloudPlatform/guest-agent,fedora,google-guest-agent,usr/lib/systemd/system/google-guest-agent.service,google-guest-agent.service,A,EXACT_UPSTREAM_UNIT_IDENTITY,MATCHED,/home/emrecan/github/ecylmz/unittrace/artifacts/full/roots/sources/fedora/google-guest-agent/google-guest-agent-20250821.00-6.fc44.src.rpm/guest-agent-20250821.00/google-guest-agent.service,google_guest_agent,1,2,google-guest-agent-20250821.00-6.fc44.src.rpm,google-guest-agent.service,6efea6b1f0753561cbaaa05642c3752daeeb24981aa59415337ad106887116e1,1
https://github.com/GoogleCloudPlatform/guest-agent::upstream-unit::google-guest-agent.service,https://github.com/GoogleCloudPlatform/guest-agent,ubuntu,google-guest-agent,lib/systemd/system/google-guest-agent.service,google-guest-agent.service,A,EXACT_UPSTREAM_UNIT_IDENTITY,MATCHED,/home/emrecan/github/ecylmz/unittrace/artifacts/full/roots/sources/ubuntu/google-guest-agent/20250506.01-0ubuntu2/guest-agent-20250506.01/google-guest-agent.service,google_guest_agent,1,2,20250506.01-0ubuntu2,google-guest-agent.service,6efea6b1f0753561cbaaa05642c3752daeeb24981aa59415337ad106887116e1,1
https://github.com/GoogleCloudPlatform/osconfig::google_osconfig_agent,https://github.com/GoogleCloudPlatform/osconfig,fedora,google-osconfig-agent,usr/lib/systemd/system/google-osconfig-agent.service,google-osconfig-agent.service,A,UNAMBIGUOUS_EXECUTABLE_LINEAGE,MATCHED,usr/lib/systemd/system/google-osconfig-agent.service,google_osconfig_agent,1,2,,,,1
https://github.com/GoogleCloudPlatform/osconfig::google_osconfig_agent,https://github.com/GoogleCloudPlatform/osconfig,ubuntu,google-osconfig-agent,lib/systemd/system/google-osconfig-agent.service,google-osconfig-agent.service,A,UNAMBIGUOUS_EXECUTABLE_LINEAGE,MATCHED,lib/systemd/system/google-osconfig-agent.service,google_osconfig_agent,1,2,,,,1
https://github.com/HewlettPackard/netperf::netserver,https://github.com/HewlettPackard/netperf,arch,netperf,usr/lib/systemd/system/netserver.service,netserver.service,A,UNAMBIGUOUS_EXECUTABLE_LINEAGE,MATCHED,usr/lib/systemd/system/netserver.service,netserver,1,3,,,,1
https://github.com/HewlettPackard/netperf::netserver,https://github.com/HewlettPackard/netperf,debian,netperf,usr/lib/systemd/system/netperf.service,netperf.service,A,UNAMBIGUOUS_EXECUTABLE_LINEAGE,MATCHED,usr/lib/systemd/system/netperf.service,netserver,1,3,,,,1
https://github.com/HewlettPackard/netperf::netserver,https://github.com/HewlettPackard/netperf,ubuntu,netperf,usr/lib/systemd/system/netperf.service,netperf.service,A,UNAMBIGUOUS_EXECUTABLE_LINEAGE,MATCHED,usr/lib/systemd/system/netperf.service,netserver,1,3,,,,1
https://github.com/Irqbalance/irqbalance::irqbalance,https://github.com/Irqbalance/irqbalance,debian,irqbalance,usr/lib/systemd/system/irqbalance.service,irqbalance.service,A,UNAMBIGUOUS_EXECUTABLE_LINEAGE,MATCHED,usr/lib/systemd/system/irqbalance.service,irqbalance,1,3,,,,1
https://github.com/Irqbalance/irqbalance::irqbalance,https://github.com/Irqbalance/irqbalance,fedora,irqbalance,usr/lib/systemd/system/irqbalance.service,irqbalance.service,A,UNAMBIGUOUS_EXECUTABLE_LINEAGE,MATCHED,usr/lib/systemd/system/irqbalance.service,irqbalance,1,3,,,,1
https://github.com/Irqbalance/irqbalance::irqbalance,https://github.com/Irqbalance/irqbalance,ubuntu,irqbalance,usr/lib/systemd/system/irqbalance.service,irqbalance.service,A,UNAMBIGUOUS_EXECUTABLE_LINEAGE,MATCHED,usr/lib/systemd/system/irqbalance.service,irqbalance,1,3,,,,1
https://github.com/JoseExposito/touchegg::touchegg,https://github.com/JoseExposito/touchegg,arch,touchegg,usr/lib/systemd/system/touchegg.service,touchegg.service,A,UNAMBIGUOUS_EXECUTABLE_LINEAGE,MATCHED,usr/lib/systemd/system/touchegg.service,touchegg,1,2,,,,1
https://github.com/JoseExposito/touchegg::touchegg,https://github.com/JoseExposito/touchegg,fedora,touchegg,usr/lib/systemd/system/touchegg.service,touchegg.service,A,UNAMBIGUOUS_EXECUTABLE_LINEAGE,MATCHED,usr/lib/systemd/system/touchegg.service,touchegg,1,2,,,,1
https://github.com/NetworkBlockDevice/nbd::nbd-server,https://github.com/NetworkBlockDevice/nbd,arch,nbd,usr/lib/systemd/system/nbd.service,nbd.service,A,UNAMBIGUOUS_EXECUTABLE_LINEAGE,MATCHED,usr/lib/systemd/system/nbd.service,nbd-server,1,2,,,,1
https://github.com/NetworkBlockDevice/nbd::nbd-server,https://github.com/NetworkBlockDevice/nbd,fedora,nbd,usr/lib/systemd/system/nbd-server.service,nbd-server.service,A,UNAMBIGUOUS_EXECUTABLE_LINEAGE,MATCHED,usr/lib/systemd/system/nbd-server.service,nbd-server,1,2,,,,1
https://github.com/OpenMandrivaSoftware/ossp::osspd,https://github.com/OpenMandrivaSoftware/ossp,arch,ossp,usr/lib/systemd/system/osspd.service,osspd.service,A,UNAMBIGUOUS_EXECUTABLE_LINEAGE,MATCHED,usr/lib/systemd/system/osspd.service,osspd,1,3,,,,1
https://github.com/OpenMandrivaSoftware/ossp::osspd,https://github.com/OpenMandrivaSoftware/ossp,debian,osspd,usr/lib/systemd/system/osspd.service,osspd.service,A,UNAMBIGUOUS_EXECUTABLE_LINEAGE,MATCHED,usr/lib/systemd/system/osspd.service,osspd,1,3,,,,1
https://github.com/OpenMandrivaSoftware/ossp::osspd,https://github.com/OpenMandrivaSoftware/ossp,ubuntu,osspd,usr/lib/systemd/system/osspd.service,osspd.service,A,UNAMBIGUOUS_EXECUTABLE_LINEAGE,MATCHED,usr/lib/systemd/system/osspd.service,osspd,1,3,,,,1
https://github.com/OpenPrinting/ipp-usb::ipp-usb,https://github.com/OpenPrinting/ipp-usb,arch,ipp-usb,usr/lib/systemd/system/ipp-usb.service,ipp-usb.service,A,UNAMBIGUOUS_EXECUTABLE_LINEAGE,MATCHED,usr/lib/systemd/system/ipp-usb.service,ipp-usb,1,4,,,,1
https://github.com/OpenPrinting/ipp-usb::ipp-usb,https://github.com/OpenPrinting/ipp-usb,debian,ipp-usb,usr/lib/systemd/system/ipp-usb.service,ipp-usb.service,A,UNAMBIGUOUS_EXECUTABLE_LINEAGE,MATCHED,usr/lib/systemd/system/ipp-usb.service,ipp-usb,1,4,,,,1
https://github.com/OpenPrinting/ipp-usb::ipp-usb,https://github.com/OpenPrinting/ipp-usb,fedora,ipp-usb,usr/lib/systemd/system/ipp-usb.service,ipp-usb.service,A,UNAMBIGUOUS_EXECUTABLE_LINEAGE,MATCHED,usr/lib/systemd/system/ipp-usb.service,ipp-usb,1,4,,,,1
https://github.com/OpenPrinting/ipp-usb::ipp-usb,https://github.com/OpenPrinting/ipp-usb,ubuntu,ipp-usb,usr/lib/systemd/system/ipp-usb.service,ipp-usb.service,A,UNAMBIGUOUS_EXECUTABLE_LINEAGE,MATCHED,usr/lib/systemd/system/ipp-usb.service,ipp-usb,1,4,,,,1
https://github.com/OpenPrinting/pappl-retrofit::upstream-unit::legacy/legacy-printer-app.service,https://github.com/OpenPrinting/pappl-retrofit,fedora,legacy-printer-app,usr/lib/systemd/system/legacy-printer-app.service,legacy-printer-app.service,A,EXACT_UPSTREAM_UNIT_IDENTITY,MATCHED,/home/emrecan/github/ecylmz/unittrace/artifacts/full/roots/sources/fedora/pappl-retrofit/pappl-retrofit-1.0b2-11.fc44.src.rpm/pappl-retrofit-1.0b2/legacy/legacy-printer-app.service,legacy-printer-app,1,2,pappl-retrofit-1.0b2-11.fc44.src.rpm,legacy/legacy-printer-app.service,838e0789a873cf21bc0574fcc37c0500112a38a7a4796495f5b2efdc540ed84a,1
https://github.com/OpenPrinting/pappl-retrofit::upstream-unit::legacy/legacy-printer-app.service,https://github.com/OpenPrinting/pappl-retrofit,ubuntu,legacy-printer-app,usr/lib/systemd/system/legacy-printer-app.service,legacy-printer-app.service,A,EXACT_UPSTREAM_UNIT_IDENTITY,MATCHED,/home/emrecan/github/ecylmz/unittrace/artifacts/full/roots/sources/ubuntu/pappl-retrofit/1.0~b2-0ubuntu8/pappl-retrofit-1.0b2/legacy/legacy-printer-app.service,legacy-printer-app,1,2,1.0~b2-0ubuntu8,legacy/legacy-printer-app.service,838e0789a873cf21bc0574fcc37c0500112a38a7a4796495f5b2efdc540ed84a,1
https://github.com/PixlOne/logiops::logid,https://github.com/PixlOne/logiops,debian,logiops,usr/lib/systemd/system/logid.service,logid.service,A,UNAMBIGUOUS_EXECUTABLE_LINEAGE,MATCHED,usr/lib/systemd/system/logid.service,logid,1,3,,,,1
https://github.com/PixlOne/logiops::logid,https://github.com/PixlOne/logiops,fedora,logiops,usr/lib/systemd/system/logid.service,logid.service,A,UNAMBIGUOUS_EXECUTABLE_LINEAGE,MATCHED,usr/lib/systemd/system/logid.service,logid,1,3,,,,1
https://github.com/PixlOne/logiops::logid,https://github.com/PixlOne/logiops,ubuntu,logiops,usr/lib/systemd/system/logid.service,logid.service,A,UNAMBIGUOUS_EXECUTABLE_LINEAGE,MATCHED,usr/lib/systemd/system/logid.service,logid,1,3,,,,1
https://github.com/SSSD/sssd::sssd,https://github.com/SSSD/sssd,arch,sssd,usr/lib/systemd/system/sssd.service,sssd.service,A,UNAMBIGUOUS_EXECUTABLE_LINEAGE,MATCHED,usr/lib/systemd/system/sssd.service,sssd,1,4,,,,1
https://github.com/SSSD/sssd::sssd,https://github.com/SSSD/sssd,debian,sssd-common,usr/lib/systemd/system/sssd.service,sssd.service,A,UNAMBIGUOUS_EXECUTABLE_LINEAGE,MATCHED,usr/lib/systemd/system/sssd.service,sssd,1,4,,,,1
https://github.com/SSSD/sssd::sssd,https://github.com/SSSD/sssd,fedora,sssd-common,usr/lib/systemd/system/sssd.service,sssd.service,A,UNAMBIGUOUS_EXECUTABLE_LINEAGE,MATCHED,usr/lib/systemd/system/sssd.service,sssd,1,4,,,,1
https://github.com/SSSD/sssd::sssd,https://github.com/SSSD/sssd,ubuntu,sssd-common,usr/lib/systemd/system/sssd.service,sssd.service,A,UNAMBIGUOUS_EXECUTABLE_LINEAGE,MATCHED,usr/lib/systemd/system/sssd.service,sssd,1,4,,,,1
https://github.com/SSSD/sssd::sssd_autofs,https://github.com/SSSD/sssd,arch,sssd,usr/lib/systemd/system/sssd-autofs.service,sssd-autofs.service,A,UNAMBIGUOUS_EXECUTABLE_LINEAGE,MATCHED,usr/lib/systemd/system/sssd-autofs.service,sssd_autofs,1,4,,,,1
https://github.com/SSSD/sssd::sssd_autofs,https://github.com/SSSD/sssd,debian,sssd-common,usr/lib/systemd/system/sssd-autofs.service,sssd-autofs.service,A,UNAMBIGUOUS_EXECUTABLE_LINEAGE,MATCHED,usr/lib/systemd/system/sssd-autofs.service,sssd_autofs,1,4,,,,1
https://github.com/SSSD/sssd::sssd_autofs,https://github.com/SSSD/sssd,fedora,sssd-common,usr/lib/systemd/system/sssd-autofs.service,sssd-autofs.service,A,UNAMBIGUOUS_EXECUTABLE_LINEAGE,MATCHED,usr/lib/systemd/system/sssd-autofs.service,sssd_autofs,1,4,,,,1
https://github.com/SSSD/sssd::sssd_autofs,https://github.com/SSSD/sssd,ubuntu,sssd-common,usr/lib/systemd/system/sssd-autofs.service,sssd-autofs.service,A,UNAMBIGUOUS_EXECUTABLE_LINEAGE,MATCHED,usr/lib/systemd/system/sssd-autofs.service,sssd_autofs,1,4,,,,1
https://github.com/SSSD/sssd::sssd_ifp,https://github.com/SSSD/sssd,arch,sssd,usr/lib/systemd/system/sssd-ifp.service,sssd-ifp.service,A,UNAMBIGUOUS_EXECUTABLE_LINEAGE,MATCHED,usr/lib/systemd/system/sssd-ifp.service,sssd_ifp,1,4,,,,1
https://github.com/SSSD/sssd::sssd_ifp,https://github.com/SSSD/sssd,debian,sssd-dbus,usr/lib/systemd/system/sssd-ifp.service,sssd-ifp.service,A,UNAMBIGUOUS_EXECUTABLE_LINEAGE,MATCHED,usr/lib/systemd/system/sssd-ifp.service,sssd_ifp,1,4,,,,1
https://github.com/SSSD/sssd::sssd_ifp,https://github.com/SSSD/sssd,fedora,sssd-dbus,usr/lib/systemd/system/sssd-ifp.service,sssd-ifp.service,A,UNAMBIGUOUS_EXECUTABLE_LINEAGE,MATCHED,usr/lib/systemd/system/sssd-ifp.service,sssd_ifp,1,4,,,,1
https://github.com/SSSD/sssd::sssd_ifp,https://github.com/SSSD/sssd,ubuntu,sssd-dbus,usr/lib/systemd/system/sssd-ifp.service,sssd-ifp.service,A,UNAMBIGUOUS_EXECUTABLE_LINEAGE,MATCHED,usr/lib/systemd/system/sssd-ifp.service,sssd_ifp,1,4,,,,1
https://github.com/SSSD/sssd::sssd_kcm,https://github.com/SSSD/sssd,arch,sssd,usr/lib/systemd/system/sssd-kcm.service,sssd-kcm.service,A,UNAMBIGUOUS_EXECUTABLE_LINEAGE,MATCHED,usr/lib/systemd/system/sssd-kcm.service,sssd_kcm,1,4,,,,1
https://github.com/SSSD/sssd::sssd_kcm,https://github.com/SSSD/sssd,debian,sssd-kcm,usr/lib/systemd/system/sssd-kcm.service,sssd-kcm.service,A,UNAMBIGUOUS_EXECUTABLE_LINEAGE,MATCHED,usr/lib/systemd/system/sssd-kcm.service,sssd_kcm,1,4,,,,1
https://github.com/SSSD/sssd::sssd_kcm,https://github.com/SSSD/sssd,fedora,sssd-kcm,usr/lib/systemd/system/sssd-kcm.service,sssd-kcm.service,A,UNAMBIGUOUS_EXECUTABLE_LINEAGE,MATCHED,usr/lib/systemd/system/sssd-kcm.service,sssd_kcm,1,4,,,,1
https://github.com/SSSD/sssd::sssd_kcm,https://github.com/SSSD/sssd,ubuntu,sssd-kcm,usr/lib/systemd/system/sssd-kcm.service,sssd-kcm.service,A,UNAMBIGUOUS_EXECUTABLE_LINEAGE,MATCHED,usr/lib/systemd/system/sssd-kcm.service,sssd_kcm,1,4,,,,1
https://github.com/SSSD/sssd::sssd_nss,https://github.com/SSSD/sssd,arch,sssd,usr/lib/systemd/system/sssd-nss.service,sssd-nss.service,A,UNAMBIGUOUS_EXECUTABLE_LINEAGE,MATCHED,usr/lib/systemd/system/sssd-nss.service,sssd_nss,1,4,,,,1
https://github.com/SSSD/sssd::sssd_nss,https://github.com/SSSD/sssd,debian,sssd-common,usr/lib/systemd/system/sssd-nss.service,sssd-nss.service,A,UNAMBIGUOUS_EXECUTABLE_LINEAGE,MATCHED,usr/lib/systemd/system/sssd-nss.service,sssd_nss,1,4,,,,1
https://github.com/SSSD/sssd::sssd_nss,https://github.com/SSSD/sssd,fedora,sssd-common,usr/lib/systemd/system/sssd-nss.service,sssd-nss.service,A,UNAMBIGUOUS_EXECUTABLE_LINEAGE,MATCHED,usr/lib/systemd/system/sssd-nss.service,sssd_nss,1,4,,,,1
https://github.com/SSSD/sssd::sssd_nss,https://github.com/SSSD/sssd,ubuntu,sssd-common,usr/lib/systemd/system/sssd-nss.service,sssd-nss.service,A,UNAMBIGUOUS_EXECUTABLE_LINEAGE,MATCHED,usr/lib/systemd/system/sssd-nss.service,sssd_nss,1,4,,,,1
https://github.com/SSSD/sssd::sssd_pac,https://github.com/SSSD/sssd,arch,sssd,usr/lib/systemd/system/sssd-pac.service,sssd-pac.service,A,UNAMBIGUOUS_EXECUTABLE_LINEAGE,MATCHED,usr/lib/systemd/system/sssd-pac.service,sssd_pac,1,4,,,,1
https://github.com/SSSD/sssd::sssd_pac,https://github.com/SSSD/sssd,debian,sssd-ad-common,usr/lib/systemd/system/sssd-pac.service,sssd-pac.service,A,UNAMBIGUOUS_EXECUTABLE_LINEAGE,MATCHED,usr/lib/systemd/system/sssd-pac.service,sssd_pac,1,4,,,,1
https://github.com/SSSD/sssd::sssd_pac,https://github.com/SSSD/sssd,fedora,sssd-common,usr/lib/systemd/system/sssd-pac.service,sssd-pac.service,A,UNAMBIGUOUS_EXECUTABLE_LINEAGE,MATCHED,usr/lib/systemd/system/sssd-pac.service,sssd_pac,1,4,,,,1
https://github.com/SSSD/sssd::sssd_pac,https://github.com/SSSD/sssd,ubuntu,sssd-ad-common,usr/lib/systemd/system/sssd-pac.service,sssd-pac.service,A,UNAMBIGUOUS_EXECUTABLE_LINEAGE,MATCHED,usr/lib/systemd/system/sssd-pac.service,sssd_pac,1,4,,,,1
https://github.com/SSSD/sssd::sssd_pam,https://github.com/SSSD/sssd,arch,sssd,usr/lib/systemd/system/sssd-pam.service,sssd-pam.service,A,UNAMBIGUOUS_EXECUTABLE_LINEAGE,MATCHED,usr/lib/systemd/system/sssd-pam.service,sssd_pam,1,4,,,,1
https://github.com/SSSD/sssd::sssd_pam,https://github.com/SSSD/sssd,debian,sssd-common,usr/lib/systemd/system/sssd-pam.service,sssd-pam.service,A,UNAMBIGUOUS_EXECUTABLE_LINEAGE,MATCHED,usr/lib/systemd/system/sssd-pam.service,sssd_pam,1,4,,,,1
https://github.com/SSSD/sssd::sssd_pam,https://github.com/SSSD/sssd,fedora,sssd-common,usr/lib/systemd/system/sssd-pam.service,sssd-pam.service,A,UNAMBIGUOUS_EXECUTABLE_LINEAGE,MATCHED,usr/lib/systemd/system/sssd-pam.service,sssd_pam,1,4,,,,1
https://github.com/SSSD/sssd::sssd_pam,https://github.com/SSSD/sssd,ubuntu,sssd-common,usr/lib/systemd/system/sssd-pam.service,sssd-pam.service,A,UNAMBIGUOUS_EXECUTABLE_LINEAGE,MATCHED,usr/lib/systemd/system/sssd-pam.service,sssd_pam,1,4,,,,1
https://github.com/SSSD/sssd::sssd_ssh,https://github.com/SSSD/sssd,arch,sssd,usr/lib/systemd/system/sssd-ssh.service,sssd-ssh.service,A,UNAMBIGUOUS_EXECUTABLE_LINEAGE,MATCHED,usr/lib/systemd/system/sssd-ssh.service,sssd_ssh,1,4,,,,1
https://github.com/SSSD/sssd::sssd_ssh,https://github.com/SSSD/sssd,debian,sssd-common,usr/lib/systemd/system/sssd-ssh.service,sssd-ssh.service,A,UNAMBIGUOUS_EXECUTABLE_LINEAGE,MATCHED,usr/lib/systemd/system/sssd-ssh.service,sssd_ssh,1,4,,,,1
https://github.com/SSSD/sssd::sssd_ssh,https://github.com/SSSD/sssd,fedora,sssd-common,usr/lib/systemd/system/sssd-ssh.service,sssd-ssh.service,A,UNAMBIGUOUS_EXECUTABLE_LINEAGE,MATCHED,usr/lib/systemd/system/sssd-ssh.service,sssd_ssh,1,4,,,,1
https://github.com/SSSD/sssd::sssd_ssh,https://github.com/SSSD/sssd,ubuntu,sssd-common,usr/lib/systemd/system/sssd-ssh.service,sssd-ssh.service,A,UNAMBIGUOUS_EXECUTABLE_LINEAGE,MATCHED,usr/lib/systemd/system/sssd-ssh.service,sssd_ssh,1,4,,,,1
https://github.com/SSSD/sssd::sssd_sudo,https://github.com/SSSD/sssd,arch,sssd,usr/lib/systemd/system/sssd-sudo.service,sssd-sudo.service,A,UNAMBIGUOUS_EXECUTABLE_LINEAGE,MATCHED,usr/lib/systemd/system/sssd-sudo.service,sssd_sudo,1,4,,,,1
https://github.com/SSSD/sssd::sssd_sudo,https://github.com/SSSD/sssd,debian,sssd-common,usr/lib/systemd/system/sssd-sudo.service,sssd-sudo.service,A,UNAMBIGUOUS_EXECUTABLE_LINEAGE,MATCHED,usr/lib/systemd/system/sssd-sudo.service,sssd_sudo,1,4,,,,1
https://github.com/SSSD/sssd::sssd_sudo,https://github.com/SSSD/sssd,fedora,sssd-common,usr/lib/systemd/system/sssd-sudo.service,sssd-sudo.service,A,UNAMBIGUOUS_EXECUTABLE_LINEAGE,MATCHED,usr/lib/systemd/system/sssd-sudo.service,sssd_sudo,1,4,,,,1
https://github.com/SSSD/sssd::sssd_sudo,https://github.com/SSSD/sssd,ubuntu,sssd-common,usr/lib/systemd/system/sssd-sudo.service,sssd-sudo.service,A,UNAMBIGUOUS_EXECUTABLE_LINEAGE,MATCHED,usr/lib/systemd/system/sssd-sudo.service,sssd_sudo,1,4,,,,1
https://github.com/Snawoot/postfix-mta-sts-resolver::mta-sts-daemon,https://github.com/Snawoot/postfix-mta-sts-resolver,fedora,postfix-mta-sts-resolver,usr/lib/systemd/system/postfix-mta-sts-resolver.service,postfix-mta-sts-resolver.service,A,UNAMBIGUOUS_EXECUTABLE_LINEAGE,MATCHED,usr/lib/systemd/system/postfix-mta-sts-resolver.service,mta-sts-daemon,1,2,,,,1
https://github.com/Snawoot/postfix-mta-sts-resolver::mta-sts-daemon,https://github.com/Snawoot/postfix-mta-sts-resolver,ubuntu,postfix-mta-sts-resolver,usr/lib/systemd/system/postfix-mta-sts-resolver.service,postfix-mta-sts-resolver.service,A,UNAMBIGUOUS_EXECUTABLE_LINEAGE,MATCHED,usr/lib/systemd/system/postfix-mta-sts-resolver.service,mta-sts-daemon,1,2,,,,1
https://github.com/SuperQ/smokeping_prober::prometheus-smokeping-prober,https://github.com/SuperQ/smokeping_prober,arch,prometheus-smokeping-prober,usr/lib/systemd/system/prometheus-smokeping-prober.service,prometheus-smokeping-prober.service,A,UNAMBIGUOUS_EXECUTABLE_LINEAGE,MATCHED,usr/lib/systemd/system/prometheus-smokeping-prober.service,prometheus-smokeping-prober,1,3,,,,1
https://github.com/SuperQ/smokeping_prober::prometheus-smokeping-prober,https://github.com/SuperQ/smokeping_prober,debian,prometheus-smokeping-prober,usr/lib/systemd/system/prometheus-smokeping-prober.service,prometheus-smokeping-prober.service,A,UNAMBIGUOUS_EXECUTABLE_LINEAGE,MATCHED,usr/lib/systemd/system/prometheus-smokeping-prober.service,prometheus-smokeping-prober,1,3,,,,1
https://github.com/SuperQ/smokeping_prober::prometheus-smokeping-prober,https://github.com/SuperQ/smokeping_prober,ubuntu,prometheus-smokeping-prober,usr/lib/systemd/system/prometheus-smokeping-prober.service,prometheus-smokeping-prober.service,A,UNAMBIGUOUS_EXECUTABLE_LINEAGE,MATCHED,usr/lib/systemd/system/prometheus-smokeping-prober.service,prometheus-smokeping-prober,1,3,,,,1
https://github.com/adnanh/webhook::webhook,https://github.com/adnanh/webhook,arch,webhook,usr/lib/systemd/system/webhook.service,webhook.service,A,UNAMBIGUOUS_EXECUTABLE_LINEAGE,MATCHED,usr/lib/systemd/system/webhook.service,webhook,1,3,,,,1
https://github.com/adnanh/webhook::webhook,https://github.com/adnanh/webhook,debian,webhook,usr/lib/systemd/system/webhook.service,webhook.service,A,UNAMBIGUOUS_EXECUTABLE_LINEAGE,MATCHED,usr/lib/systemd/system/webhook.service,webhook,1,3,,,,1
https://github.com/adnanh/webhook::webhook,https://github.com/adnanh/webhook,ubuntu,webhook,lib/systemd/system/webhook.service,webhook.service,A,UNAMBIGUOUS_EXECUTABLE_LINEAGE,MATCHED,lib/systemd/system/webhook.service,webhook,1,3,,,,1
https://github.com/analogdevicesinc/libiio::iiod,https://github.com/analogdevicesinc/libiio,arch,libiio,usr/lib/systemd/system/iiod.service,iiod.service,A,UNAMBIGUOUS_EXECUTABLE_LINEAGE,MATCHED,usr/lib/systemd/system/iiod.service,iiod,1,3,,,,1
https://github.com/analogdevicesinc/libiio::iiod,https://github.com/analogdevicesinc/libiio,debian,iiod,usr/lib/systemd/system/iiod.service,iiod.service,A,UNAMBIGUOUS_EXECUTABLE_LINEAGE,MATCHED,usr/lib/systemd/system/iiod.service,iiod,1,3,,,,1
https://github.com/analogdevicesinc/libiio::iiod,https://github.com/analogdevicesinc/libiio,ubuntu,iiod,usr/lib/systemd/system/iiod.service,iiod.service,A,UNAMBIGUOUS_EXECUTABLE_LINEAGE,MATCHED,usr/lib/systemd/system/iiod.service,iiod,1,3,,,,1
https://github.com/ar-/incron::incrond,https://github.com/ar-/incron,arch,incron,usr/lib/systemd/system/incrond.service,incrond.service,A,UNAMBIGUOUS_EXECUTABLE_LINEAGE,MATCHED,usr/lib/systemd/system/incrond.service,incrond,1,4,,,,1
https://github.com/ar-/incron::incrond,https://github.com/ar-/incron,debian,incron,usr/lib/systemd/system/incron.service,incron.service,A,UNAMBIGUOUS_EXECUTABLE_LINEAGE,MATCHED,usr/lib/systemd/system/incron.service,incrond,1,4,,,,1
https://github.com/ar-/incron::incrond,https://github.com/ar-/incron,fedora,incron,usr/lib/systemd/system/incrond.service,incrond.service,A,UNAMBIGUOUS_EXECUTABLE_LINEAGE,MATCHED,usr/lib/systemd/system/incrond.service,incrond,1,4,,,,1
https://github.com/ar-/incron::incrond,https://github.com/ar-/incron,ubuntu,incron,usr/lib/systemd/system/incron.service,incron.service,A,UNAMBIGUOUS_EXECUTABLE_LINEAGE,MATCHED,usr/lib/systemd/system/incron.service,incrond,1,4,,,,1
https://github.com/authselect/authselect::upstream-unit::systemd/authselect-apply-changes.service,https://github.com/authselect/authselect,fedora,authselect-libs,usr/lib/systemd/system/authselect-apply-changes.service,authselect-apply-changes.service,A,EXACT_UPSTREAM_UNIT_IDENTITY,MATCHED,/home/emrecan/github/ecylmz/unittrace/artifacts/full/roots/sources/fedora/authselect/authselect-1.7.1-1.fc44.src.rpm/authselect-1.7.1/systemd/authselect-apply-changes.service,authselect,1,2,authselect-1.7.1-1.fc44.src.rpm,systemd/authselect-apply-changes.service,b08d209719e17ac474d2fddb92dda9ddbb0851842e79c1c30477466139e07723,1
https://github.com/authselect/authselect::upstream-unit::systemd/authselect-apply-changes.service,https://github.com/authselect/authselect,ubuntu,authselect,usr/lib/systemd/system/authselect-apply-changes.service,authselect-apply-changes.service,A,EXACT_UPSTREAM_UNIT_IDENTITY,MATCHED,/home/emrecan/github/ecylmz/unittrace/artifacts/full/roots/sources/ubuntu/authselect/1.7.1-1/authselect-1.7.1/systemd/authselect-apply-changes.service,authselect,1,2,1.7.1-1,systemd/authselect-apply-changes.service,b08d209719e17ac474d2fddb92dda9ddbb0851842e79c1c30477466139e07723,1
https://github.com/blueman-project/blueman::blueman-mechanism,https://github.com/blueman-project/blueman,arch,blueman,usr/lib/systemd/system/blueman-mechanism.service,blueman-mechanism.service,A,UNAMBIGUOUS_EXECUTABLE_LINEAGE,MATCHED,usr/lib/systemd/system/blueman-mechanism.service,blueman-mechanism,1,4,,,,1
https://github.com/blueman-project/blueman::blueman-mechanism,https://github.com/blueman-project/blueman,debian,blueman,usr/lib/systemd/system/blueman-mechanism.service,blueman-mechanism.service,A,UNAMBIGUOUS_EXECUTABLE_LINEAGE,MATCHED,usr/lib/systemd/system/blueman-mechanism.service,blueman-mechanism,1,4,,,,1
https://github.com/blueman-project/blueman::blueman-mechanism,https://github.com/blueman-project/blueman,fedora,blueman,usr/lib/systemd/system/blueman-mechanism.service,blueman-mechanism.service,A,UNAMBIGUOUS_EXECUTABLE_LINEAGE,MATCHED,usr/lib/systemd/system/blueman-mechanism.service,blueman-mechanism,1,4,,,,1
https://github.com/blueman-project/blueman::blueman-mechanism,https://github.com/blueman-project/blueman,ubuntu,blueman,usr/lib/systemd/system/blueman-mechanism.service,blueman-mechanism.service,A,UNAMBIGUOUS_EXECUTABLE_LINEAGE,MATCHED,usr/lib/systemd/system/blueman-mechanism.service,blueman-mechanism,1,4,,,,1
https://github.com/bus1/dbus-broker::dbus-broker-launch,https://github.com/bus1/dbus-broker,arch,dbus-broker,usr/lib/systemd/system/dbus-broker.service,dbus-broker.service,A,UNAMBIGUOUS_EXECUTABLE_LINEAGE,MATCHED,usr/lib/systemd/system/dbus-broker.service,dbus-broker-launch,1,4,,,,1
https://github.com/bus1/dbus-broker::dbus-broker-launch,https://github.com/bus1/dbus-broker,debian,dbus-broker,usr/lib/systemd/system/dbus-broker.service,dbus-broker.service,A,UNAMBIGUOUS_EXECUTABLE_LINEAGE,MATCHED,usr/lib/systemd/system/dbus-broker.service,dbus-broker-launch,1,4,,,,1
https://github.com/bus1/dbus-broker::dbus-broker-launch,https://github.com/bus1/dbus-broker,fedora,dbus-broker,usr/lib/systemd/system/dbus-broker.service,dbus-broker.service,A,UNAMBIGUOUS_EXECUTABLE_LINEAGE,MATCHED,usr/lib/systemd/system/dbus-broker.service,dbus-broker-launch,1,4,,,,1
https://github.com/bus1/dbus-broker::dbus-broker-launch,https://github.com/bus1/dbus-broker,ubuntu,dbus-broker,usr/lib/systemd/system/dbus-broker.service,dbus-broker.service,A,UNAMBIGUOUS_EXECUTABLE_LINEAGE,MATCHED,usr/lib/systemd/system/dbus-broker.service,dbus-broker-launch,1,4,,,,1
https://github.com/caddyserver/caddy::caddy,https://github.com/caddyserver/caddy,arch,caddy,usr/lib/systemd/system/caddy-api.service,caddy-api.service,UNRESOLVED,UNAMBIGUOUS_EXECUTABLE_LINEAGE,SERVICE_LINEAGE_AMBIGUOUS,usr/lib/systemd/system/caddy-api.service,caddy,2,3,,,,2
https://github.com/caddyserver/caddy::caddy,https://github.com/caddyserver/caddy,arch,caddy,usr/lib/systemd/system/caddy.service,caddy.service,UNRESOLVED,UNAMBIGUOUS_EXECUTABLE_LINEAGE,SERVICE_LINEAGE_AMBIGUOUS,usr/lib/systemd/system/caddy.service,caddy,2,3,,,,2
https://github.com/caddyserver/caddy::caddy,https://github.com/caddyserver/caddy,debian,caddy,usr/lib/systemd/system/caddy-api.service,caddy-api.service,UNRESOLVED,UNAMBIGUOUS_EXECUTABLE_LINEAGE,SERVICE_LINEAGE_AMBIGUOUS,usr/lib/systemd/system/caddy-api.service,caddy,2,3,,,,2
https://github.com/caddyserver/caddy::caddy,https://github.com/caddyserver/caddy,debian,caddy,usr/lib/systemd/system/caddy.service,caddy.service,UNRESOLVED,UNAMBIGUOUS_EXECUTABLE_LINEAGE,SERVICE_LINEAGE_AMBIGUOUS,usr/lib/systemd/system/caddy.service,caddy,2,3,,,,2
https://github.com/caddyserver/caddy::caddy,https://github.com/caddyserver/caddy,ubuntu,caddy,usr/lib/systemd/system/caddy-api.service,caddy-api.service,UNRESOLVED,UNAMBIGUOUS_EXECUTABLE_LINEAGE,SERVICE_LINEAGE_AMBIGUOUS,usr/lib/systemd/system/caddy-api.service,caddy,2,3,,,,2
https://github.com/caddyserver/caddy::caddy,https://github.com/caddyserver/caddy,ubuntu,caddy,usr/lib/systemd/system/caddy.service,caddy.service,UNRESOLVED,UNAMBIGUOUS_EXECUTABLE_LINEAGE,SERVICE_LINEAGE_AMBIGUOUS,usr/lib/systemd/system/caddy.service,caddy,2,3,,,,2
https://github.com/cdown/zcfan::zcfan,https://github.com/cdown/zcfan,debian,zcfan,usr/lib/systemd/system/zcfan.service,zcfan.service,A,UNAMBIGUOUS_EXECUTABLE_LINEAGE,MATCHED,usr/lib/systemd/system/zcfan.service,zcfan,1,3,,,,1
https://github.com/cdown/zcfan::zcfan,https://github.com/cdown/zcfan,fedora,zcfan,usr/lib/systemd/system/zcfan.service,zcfan.service,A,UNAMBIGUOUS_EXECUTABLE_LINEAGE,MATCHED,usr/lib/systemd/system/zcfan.service,zcfan,1,3,,,,1
https://github.com/cdown/zcfan::zcfan,https://github.com/cdown/zcfan,ubuntu,zcfan,usr/lib/systemd/system/zcfan.service,zcfan.service,A,UNAMBIGUOUS_EXECUTABLE_LINEAGE,MATCHED,usr/lib/systemd/system/zcfan.service,zcfan,1,3,,,,1
https://github.com/christgau/wsdd::wsdd,https://github.com/christgau/wsdd,arch,wsdd,usr/lib/systemd/system/wsdd-discovery.service,wsdd-discovery.service,UNRESOLVED,UNAMBIGUOUS_EXECUTABLE_LINEAGE,SERVICE_LINEAGE_AMBIGUOUS,usr/lib/systemd/system/wsdd-discovery.service,wsdd,2,3,,,,2
https://github.com/christgau/wsdd::wsdd,https://github.com/christgau/wsdd,arch,wsdd,usr/lib/systemd/system/wsdd.service,wsdd.service,UNRESOLVED,UNAMBIGUOUS_EXECUTABLE_LINEAGE,SERVICE_LINEAGE_AMBIGUOUS,usr/lib/systemd/system/wsdd.service,wsdd,2,3,,,,2
https://github.com/christgau/wsdd::wsdd,https://github.com/christgau/wsdd,fedora,wsdd,usr/lib/systemd/system/wsdd.service,wsdd.service,UNRESOLVED,UNAMBIGUOUS_EXECUTABLE_LINEAGE,SERVICE_LINEAGE_AMBIGUOUS,usr/lib/systemd/system/wsdd.service,wsdd,1,3,,,,1
https://github.com/christgau/wsdd::wsdd,https://github.com/christgau/wsdd,ubuntu,wsdd-server,usr/lib/systemd/system/wsdd-server.service,wsdd-server.service,UNRESOLVED,UNAMBIGUOUS_EXECUTABLE_LINEAGE,SERVICE_LINEAGE_AMBIGUOUS,usr/lib/systemd/system/wsdd-server.service,wsdd,1,3,,,,1
https://github.com/ckb-next/ckb-next::ckb-next-daemon,https://github.com/ckb-next/ckb-next,arch,ckb-next,usr/lib/systemd/system/ckb-next-daemon.service,ckb-next-daemon.service,A,UNAMBIGUOUS_EXECUTABLE_LINEAGE,MATCHED,usr/lib/systemd/system/ckb-next-daemon.service,ckb-next-daemon,1,4,,,,1
https://github.com/ckb-next/ckb-next::ckb-next-daemon,https://github.com/ckb-next/ckb-next,debian,ckb-next,usr/lib/systemd/system/ckb-next-daemon.service,ckb-next-daemon.service,A,UNAMBIGUOUS_EXECUTABLE_LINEAGE,MATCHED,usr/lib/systemd/system/ckb-next-daemon.service,ckb-next-daemon,1,4,,,,1
https://github.com/ckb-next/ckb-next::ckb-next-daemon,https://github.com/ckb-next/ckb-next,fedora,ckb-next,usr/lib/systemd/system/ckb-next-daemon.service,ckb-next-daemon.service,A,UNAMBIGUOUS_EXECUTABLE_LINEAGE,MATCHED,usr/lib/systemd/system/ckb-next-daemon.service,ckb-next-daemon,1,4,,,,1
https://github.com/ckb-next/ckb-next::ckb-next-daemon,https://github.com/ckb-next/ckb-next,ubuntu,ckb-next,usr/lib/systemd/system/ckb-next-daemon.service,ckb-next-daemon.service,A,UNAMBIGUOUS_EXECUTABLE_LINEAGE,MATCHED,usr/lib/systemd/system/ckb-next-daemon.service,ckb-next-daemon,1,4,,,,1
https://github.com/cminyard/ser2net::ser2net,https://github.com/cminyard/ser2net,debian,ser2net,usr/lib/systemd/system/ser2net.service,ser2net.service,A,UNAMBIGUOUS_EXECUTABLE_LINEAGE,MATCHED,usr/lib/systemd/system/ser2net.service,ser2net,1,3,,,,1
https://github.com/cminyard/ser2net::ser2net,https://github.com/cminyard/ser2net,fedora,ser2net,usr/lib/systemd/system/ser2net.service,ser2net.service,A,UNAMBIGUOUS_EXECUTABLE_LINEAGE,MATCHED,usr/lib/systemd/system/ser2net.service,ser2net,1,3,,,,1
https://github.com/cminyard/ser2net::ser2net,https://github.com/cminyard/ser2net,ubuntu,ser2net,usr/lib/systemd/system/ser2net.service,ser2net.service,A,UNAMBIGUOUS_EXECUTABLE_LINEAGE,MATCHED,usr/lib/systemd/system/ser2net.service,ser2net,1,3,,,,1
https://github.com/containernetworking/plugins::dhcp,https://github.com/containernetworking/plugins,arch,cni-plugins,usr/lib/systemd/system/cni-dhcp.service,cni-dhcp.service,A,UNAMBIGUOUS_EXECUTABLE_LINEAGE,MATCHED,usr/lib/systemd/system/cni-dhcp.service,dhcp,1,4,,,,1
https://github.com/containernetworking/plugins::dhcp,https://github.com/containernetworking/plugins,debian,containernetworking-plugins,usr/lib/systemd/system/cni-dhcp.service,cni-dhcp.service,A,UNAMBIGUOUS_EXECUTABLE_LINEAGE,MATCHED,usr/lib/systemd/system/cni-dhcp.service,dhcp,1,4,,,,1
https://github.com/containernetworking/plugins::dhcp,https://github.com/containernetworking/plugins,fedora,containernetworking-plugins,usr/lib/systemd/system/cni-dhcp.service,cni-dhcp.service,A,UNAMBIGUOUS_EXECUTABLE_LINEAGE,MATCHED,usr/lib/systemd/system/cni-dhcp.service,dhcp,1,4,,,,1
https://github.com/containernetworking/plugins::dhcp,https://github.com/containernetworking/plugins,ubuntu,containernetworking-plugins,usr/lib/systemd/system/cni-dhcp.service,cni-dhcp.service,A,UNAMBIGUOUS_EXECUTABLE_LINEAGE,MATCHED,usr/lib/systemd/system/cni-dhcp.service,dhcp,1,4,,,,1
https://github.com/containers/netavark::netavark,https://github.com/containers/netavark,arch,netavark,usr/lib/systemd/system/netavark-dhcp-proxy.service,netavark-dhcp-proxy.service,UNRESOLVED,UNAMBIGUOUS_EXECUTABLE_LINEAGE,SERVICE_LINEAGE_AMBIGUOUS,usr/lib/systemd/system/netavark-dhcp-proxy.service,netavark,3,4,,,,3
https://github.com/containers/netavark::netavark,https://github.com/containers/netavark,arch,netavark,usr/lib/systemd/system/netavark-firewalld-reload.service,netavark-firewalld-reload.service,UNRESOLVED,UNAMBIGUOUS_EXECUTABLE_LINEAGE,SERVICE_LINEAGE_AMBIGUOUS,usr/lib/systemd/system/netavark-firewalld-reload.service,netavark,3,4,,,,3
https://github.com/containers/netavark::netavark,https://github.com/containers/netavark,arch,netavark,usr/lib/systemd/system/netavark-nftables-reload.service,netavark-nftables-reload.service,UNRESOLVED,UNAMBIGUOUS_EXECUTABLE_LINEAGE,SERVICE_LINEAGE_AMBIGUOUS,usr/lib/systemd/system/netavark-nftables-reload.service,netavark,3,4,,,,3
https://github.com/containers/netavark::netavark,https://github.com/containers/netavark,debian,netavark,usr/lib/systemd/system/netavark-dhcp-proxy.service,netavark-dhcp-proxy.service,UNRESOLVED,UNAMBIGUOUS_EXECUTABLE_LINEAGE,SERVICE_LINEAGE_AMBIGUOUS,usr/lib/systemd/system/netavark-dhcp-proxy.service,netavark,2,4,,,,2
https://github.com/containers/netavark::netavark,https://github.com/containers/netavark,debian,netavark,usr/lib/systemd/system/netavark-firewalld-reload.service,netavark-firewalld-reload.service,UNRESOLVED,UNAMBIGUOUS_EXECUTABLE_LINEAGE,SERVICE_LINEAGE_AMBIGUOUS,usr/lib/systemd/system/netavark-firewalld-reload.service,netavark,2,4,,,,2
https://github.com/containers/netavark::netavark,https://github.com/containers/netavark,fedora,netavark,usr/lib/systemd/system/netavark-dhcp-proxy.service,netavark-dhcp-proxy.service,UNRESOLVED,UNAMBIGUOUS_EXECUTABLE_LINEAGE,SERVICE_LINEAGE_AMBIGUOUS,usr/lib/systemd/system/netavark-dhcp-proxy.service,netavark,3,4,,,,3
https://github.com/containers/netavark::netavark,https://github.com/containers/netavark,fedora,netavark,usr/lib/systemd/system/netavark-firewalld-reload.service,netavark-firewalld-reload.service,UNRESOLVED,UNAMBIGUOUS_EXECUTABLE_LINEAGE,SERVICE_LINEAGE_AMBIGUOUS,usr/lib/systemd/system/netavark-firewalld-reload.service,netavark,3,4,,,,3
https://github.com/containers/netavark::netavark,https://github.com/containers/netavark,fedora,netavark,usr/lib/systemd/system/netavark-nftables-reload.service,netavark-nftables-reload.service,UNRESOLVED,UNAMBIGUOUS_EXECUTABLE_LINEAGE,SERVICE_LINEAGE_AMBIGUOUS,usr/lib/systemd/system/netavark-nftables-reload.service,netavark,3,4,,,,3
https://github.com/containers/netavark::netavark,https://github.com/containers/netavark,ubuntu,netavark,usr/lib/systemd/system/netavark-dhcp-proxy.service,netavark-dhcp-proxy.service,UNRESOLVED,UNAMBIGUOUS_EXECUTABLE_LINEAGE,SERVICE_LINEAGE_AMBIGUOUS,usr/lib/systemd/system/netavark-dhcp-proxy.service,netavark,2,4,,,,2
https://github.com/containers/netavark::netavark,https://github.com/containers/netavark,ubuntu,netavark,usr/lib/systemd/system/netavark-firewalld-reload.service,netavark-firewalld-reload.service,UNRESOLVED,UNAMBIGUOUS_EXECUTABLE_LINEAGE,SERVICE_LINEAGE_AMBIGUOUS,usr/lib/systemd/system/netavark-firewalld-reload.service,netavark,2,4,,,,2
https://github.com/corosync/corosync-qdevice::corosync-qdevice,https://github.com/corosync/corosync-qdevice,debian,corosync-qdevice,usr/lib/systemd/system/corosync-qdevice.service,corosync-qdevice.service,A,UNAMBIGUOUS_EXECUTABLE_LINEAGE,MATCHED,usr/lib/systemd/system/corosync-qdevice.service,corosync-qdevice,1,3,,,,1
https://github.com/corosync/corosync-qdevice::corosync-qdevice,https://github.com/corosync/corosync-qdevice,fedora,corosync-qdevice,usr/lib/systemd/system/corosync-qdevice.service,corosync-qdevice.service,A,UNAMBIGUOUS_EXECUTABLE_LINEAGE,MATCHED,usr/lib/systemd/system/corosync-qdevice.service,corosync-qdevice,1,3,,,,1
https://github.com/corosync/corosync-qdevice::corosync-qdevice,https://github.com/corosync/corosync-qdevice,ubuntu,corosync-qdevice,usr/lib/systemd/system/corosync-qdevice.service,corosync-qdevice.service,A,UNAMBIGUOUS_EXECUTABLE_LINEAGE,MATCHED,usr/lib/systemd/system/corosync-qdevice.service,corosync-qdevice,1,3,,,,1
https://github.com/corosync/corosync-qdevice::corosync-qnetd,https://github.com/corosync/corosync-qdevice,debian,corosync-qnetd,usr/lib/systemd/system/corosync-qnetd.service,corosync-qnetd.service,A,UNAMBIGUOUS_EXECUTABLE_LINEAGE,MATCHED,usr/lib/systemd/system/corosync-qnetd.service,corosync-qnetd,1,3,,,,1
https://github.com/corosync/corosync-qdevice::corosync-qnetd,https://github.com/corosync/corosync-qdevice,fedora,corosync-qnetd,usr/lib/systemd/system/corosync-qnetd.service,corosync-qnetd.service,A,UNAMBIGUOUS_EXECUTABLE_LINEAGE,MATCHED,usr/lib/systemd/system/corosync-qnetd.service,corosync-qnetd,1,3,,,,1
https://github.com/corosync/corosync-qdevice::corosync-qnetd,https://github.com/corosync/corosync-qdevice,ubuntu,corosync-qnetd,usr/lib/systemd/system/corosync-qnetd.service,corosync-qnetd.service,A,UNAMBIGUOUS_EXECUTABLE_LINEAGE,MATCHED,usr/lib/systemd/system/corosync-qnetd.service,corosync-qnetd,1,3,,,,1
https://github.com/coturn/coturn::turnserver,https://github.com/coturn/coturn,arch,coturn,usr/lib/systemd/system/turnserver.service,turnserver.service,A,UNAMBIGUOUS_EXECUTABLE_LINEAGE,MATCHED,usr/lib/systemd/system/turnserver.service,turnserver,1,3,,,,1
https://github.com/coturn/coturn::turnserver,https://github.com/coturn/coturn,debian,coturn,usr/lib/systemd/system/coturn.service,coturn.service,A,UNAMBIGUOUS_EXECUTABLE_LINEAGE,MATCHED,usr/lib/systemd/system/coturn.service,turnserver,1,3,,,,1
https://github.com/coturn/coturn::turnserver,https://github.com/coturn/coturn,ubuntu,coturn,usr/lib/systemd/system/coturn.service,coturn.service,A,UNAMBIGUOUS_EXECUTABLE_LINEAGE,MATCHED,usr/lib/systemd/system/coturn.service,turnserver,1,3,,,,1
https://github.com/cri-o/cri-o::crio,https://github.com/cri-o/cri-o,arch,cri-o,usr/lib/systemd/system/crio-wipe.service,crio-wipe.service,UNRESOLVED,UNAMBIGUOUS_EXECUTABLE_LINEAGE,SERVICE_LINEAGE_AMBIGUOUS,usr/lib/systemd/system/crio-wipe.service,crio,2,2,,,,2
https://github.com/cri-o/cri-o::crio,https://github.com/cri-o/cri-o,arch,cri-o,usr/lib/systemd/system/crio.service,crio.service,UNRESOLVED,UNAMBIGUOUS_EXECUTABLE_LINEAGE,SERVICE_LINEAGE_AMBIGUOUS,usr/lib/systemd/system/crio.service,crio,2,2,,,,2
https://github.com/cri-o/cri-o::crio,https://github.com/cri-o/cri-o,fedora,cri-o,usr/lib/systemd/system/crio-wipe.service,crio-wipe.service,UNRESOLVED,UNAMBIGUOUS_EXECUTABLE_LINEAGE,SERVICE_LINEAGE_AMBIGUOUS,usr/lib/systemd/system/crio-wipe.service,crio,10,2,,,,10
https://github.com/cri-o/cri-o::crio,https://github.com/cri-o/cri-o,fedora,cri-o,usr/lib/systemd/system/crio.service,crio.service,UNRESOLVED,UNAMBIGUOUS_EXECUTABLE_LINEAGE,SERVICE_LINEAGE_AMBIGUOUS,usr/lib/systemd/system/crio.service,crio,10,2,,,,10
https://github.com/cri-o/cri-o::crio,https://github.com/cri-o/cri-o,fedora,cri-o1.33,usr/lib/systemd/system/crio-wipe.service,crio-wipe.service,UNRESOLVED,UNAMBIGUOUS_EXECUTABLE_LINEAGE,SERVICE_LINEAGE_AMBIGUOUS,usr/lib/systemd/system/crio-wipe.service,crio,10,2,,,,10
https://github.com/cri-o/cri-o::crio,https://github.com/cri-o/cri-o,fedora,cri-o1.33,usr/lib/systemd/system/crio.service,crio.service,UNRESOLVED,UNAMBIGUOUS_EXECUTABLE_LINEAGE,SERVICE_LINEAGE_AMBIGUOUS,usr/lib/systemd/system/crio.service,crio,10,2,,,,10
https://github.com/cri-o/cri-o::crio,https://github.com/cri-o/cri-o,fedora,cri-o1.34,usr/lib/systemd/system/crio-wipe.service,crio-wipe.service,UNRESOLVED,UNAMBIGUOUS_EXECUTABLE_LINEAGE,SERVICE_LINEAGE_AMBIGUOUS,usr/lib/systemd/system/crio-wipe.service,crio,10,2,,,,10
https://github.com/cri-o/cri-o::crio,https://github.com/cri-o/cri-o,fedora,cri-o1.34,usr/lib/systemd/system/crio.service,crio.service,UNRESOLVED,UNAMBIGUOUS_EXECUTABLE_LINEAGE,SERVICE_LINEAGE_AMBIGUOUS,usr/lib/systemd/system/crio.service,crio,10,2,,,,10
https://github.com/cri-o/cri-o::crio,https://github.com/cri-o/cri-o,fedora,cri-o1.35,usr/lib/systemd/system/crio-wipe.service,crio-wipe.service,UNRESOLVED,UNAMBIGUOUS_EXECUTABLE_LINEAGE,SERVICE_LINEAGE_AMBIGUOUS,usr/lib/systemd/system/crio-wipe.service,crio,10,2,,,,10
https://github.com/cri-o/cri-o::crio,https://github.com/cri-o/cri-o,fedora,cri-o1.35,usr/lib/systemd/system/crio.service,crio.service,UNRESOLVED,UNAMBIGUOUS_EXECUTABLE_LINEAGE,SERVICE_LINEAGE_AMBIGUOUS,usr/lib/systemd/system/crio.service,crio,10,2,,,,10
https://github.com/cri-o/cri-o::crio,https://github.com/cri-o/cri-o,fedora,cri-o1.36,usr/lib/systemd/system/crio-wipe.service,crio-wipe.service,UNRESOLVED,UNAMBIGUOUS_EXECUTABLE_LINEAGE,SERVICE_LINEAGE_AMBIGUOUS,usr/lib/systemd/system/crio-wipe.service,crio,10,2,,,,10
https://github.com/cri-o/cri-o::crio,https://github.com/cri-o/cri-o,fedora,cri-o1.36,usr/lib/systemd/system/crio.service,crio.service,UNRESOLVED,UNAMBIGUOUS_EXECUTABLE_LINEAGE,SERVICE_LINEAGE_AMBIGUOUS,usr/lib/systemd/system/crio.service,crio,10,2,,,,10
https://github.com/cronie-crond/cronie::crond,https://github.com/cronie-crond/cronie,arch,cronie,usr/lib/systemd/system/cronie.service,cronie.service,A,UNAMBIGUOUS_EXECUTABLE_LINEAGE,MATCHED,usr/lib/systemd/system/cronie.service,crond,1,4,,,,1
https://github.com/cronie-crond/cronie::crond,https://github.com/cronie-crond/cronie,debian,cronie,usr/lib/systemd/system/cronie.service,cronie.service,A,UNAMBIGUOUS_EXECUTABLE_LINEAGE,MATCHED,usr/lib/systemd/system/cronie.service,crond,1,4,,,,1
https://github.com/cronie-crond/cronie::crond,https://github.com/cronie-crond/cronie,fedora,cronie,usr/lib/systemd/system/crond.service,crond.service,A,UNAMBIGUOUS_EXECUTABLE_LINEAGE,MATCHED,usr/lib/systemd/system/crond.service,crond,1,4,,,,1
https://github.com/cronie-crond/cronie::crond,https://github.com/cronie-crond/cronie,ubuntu,cronie,usr/lib/systemd/system/cronie.service,cronie.service,A,UNAMBIGUOUS_EXECUTABLE_LINEAGE,MATCHED,usr/lib/systemd/system/cronie.service,crond,1,4,,,,1
https://github.com/czerwonk/bird_exporter::prometheus-bird-exporter,https://github.com/czerwonk/bird_exporter,arch,prometheus-bird-exporter,usr/lib/systemd/system/prometheus-bird-exporter.service,prometheus-bird-exporter.service,A,UNAMBIGUOUS_EXECUTABLE_LINEAGE,MATCHED,usr/lib/systemd/system/prometheus-bird-exporter.service,prometheus-bird-exporter,1,3,,,,1
https://github.com/czerwonk/bird_exporter::prometheus-bird-exporter,https://github.com/czerwonk/bird_exporter,debian,prometheus-bird-exporter,usr/lib/systemd/system/prometheus-bird-exporter.service,prometheus-bird-exporter.service,A,UNAMBIGUOUS_EXECUTABLE_LINEAGE,MATCHED,usr/lib/systemd/system/prometheus-bird-exporter.service,prometheus-bird-exporter,1,3,,,,1
https://github.com/czerwonk/bird_exporter::prometheus-bird-exporter,https://github.com/czerwonk/bird_exporter,ubuntu,prometheus-bird-exporter,usr/lib/systemd/system/prometheus-bird-exporter.service,prometheus-bird-exporter.service,A,UNAMBIGUOUS_EXECUTABLE_LINEAGE,MATCHED,usr/lib/systemd/system/prometheus-bird-exporter.service,prometheus-bird-exporter,1,3,,,,1
https://github.com/dani-garcia/vaultwarden::vaultwarden,https://github.com/dani-garcia/vaultwarden,arch,vaultwarden,usr/lib/systemd/system/vaultwarden.service,vaultwarden.service,A,UNAMBIGUOUS_EXECUTABLE_LINEAGE,MATCHED,usr/lib/systemd/system/vaultwarden.service,vaultwarden,1,2,,,,1
https://github.com/dani-garcia/vaultwarden::vaultwarden,https://github.com/dani-garcia/vaultwarden,fedora,vaultwarden,usr/lib/systemd/system/vaultwarden.service,vaultwarden.service,A,UNAMBIGUOUS_EXECUTABLE_LINEAGE,MATCHED,usr/lib/systemd/system/vaultwarden.service,vaultwarden,1,2,,,,1
https://github.com/darrylb123/usbrelay::python3,https://github.com/darrylb123/usbrelay,fedora,usbrelay-mqtt,usr/lib/systemd/system/usbrelayd.service,usbrelayd.service,A,UNAMBIGUOUS_EXECUTABLE_LINEAGE,MATCHED,usr/lib/systemd/system/usbrelayd.service,python3,1,2,,,,1
https://github.com/darrylb123/usbrelay::python3,https://github.com/darrylb123/usbrelay,ubuntu,usbrelayd,usr/lib/systemd/system/usbrelayd.service,usbrelayd.service,A,UNAMBIGUOUS_EXECUTABLE_LINEAGE,MATCHED,usr/lib/systemd/system/usbrelayd.service,python3,1,2,,,,1
https://github.com/ddccontrol/ddccontrol::ddccontrol_service,https://github.com/ddccontrol/ddccontrol,debian,ddccontrol,usr/lib/systemd/system/ddccontrol.service,ddccontrol.service,A,UNAMBIGUOUS_EXECUTABLE_LINEAGE,MATCHED,usr/lib/systemd/system/ddccontrol.service,ddccontrol_service,1,3,,,,1
https://github.com/ddccontrol/ddccontrol::ddccontrol_service,https://github.com/ddccontrol/ddccontrol,fedora,ddccontrol,usr/lib/systemd/system/ddccontrol.service,ddccontrol.service,A,UNAMBIGUOUS_EXECUTABLE_LINEAGE,MATCHED,usr/lib/systemd/system/ddccontrol.service,ddccontrol_service,1,3,,,,1
https://github.com/ddccontrol/ddccontrol::ddccontrol_service,https://github.com/ddccontrol/ddccontrol,ubuntu,ddccontrol,usr/lib/systemd/system/ddccontrol.service,ddccontrol.service,A,UNAMBIGUOUS_EXECUTABLE_LINEAGE,MATCHED,usr/lib/systemd/system/ddccontrol.service,ddccontrol_service,1,3,,,,1
https://github.com/distcc/distcc::distccd,https://github.com/distcc/distcc,arch,distcc,usr/lib/systemd/system/distccd.service,distccd.service,A,UNAMBIGUOUS_EXECUTABLE_LINEAGE,MATCHED,usr/lib/systemd/system/distccd.service,distccd,1,2,,,,1
https://github.com/distcc/distcc::distccd,https://github.com/distcc/distcc,fedora,distcc-server,usr/lib/systemd/system/distccd.service,distccd.service,A,UNAMBIGUOUS_EXECUTABLE_LINEAGE,MATCHED,usr/lib/systemd/system/distccd.service,distccd,1,2,,,,1
https://github.com/dlundquist/sniproxy::sniproxy,https://github.com/dlundquist/sniproxy,arch,sniproxy,usr/lib/systemd/system/sniproxy.service,sniproxy.service,A,UNAMBIGUOUS_EXECUTABLE_LINEAGE,MATCHED,usr/lib/systemd/system/sniproxy.service,sniproxy,1,3,,,,1
https://github.com/dlundquist/sniproxy::sniproxy,https://github.com/dlundquist/sniproxy,debian,sniproxy,usr/lib/systemd/system/sniproxy.service,sniproxy.service,A,UNAMBIGUOUS_EXECUTABLE_LINEAGE,MATCHED,usr/lib/systemd/system/sniproxy.service,sniproxy,1,3,,,,1
https://github.com/dlundquist/sniproxy::sniproxy,https://github.com/dlundquist/sniproxy,ubuntu,sniproxy,usr/lib/systemd/system/sniproxy.service,sniproxy.service,A,UNAMBIGUOUS_EXECUTABLE_LINEAGE,MATCHED,usr/lib/systemd/system/sniproxy.service,sniproxy,1,3,,,,1
https://github.com/element-hq/synapse::python3,https://github.com/element-hq/synapse,arch,matrix-synapse,usr/lib/systemd/system/synapse.service,synapse.service,A,UNAMBIGUOUS_EXECUTABLE_LINEAGE,MATCHED,usr/lib/systemd/system/synapse.service,python3,1,2,,,,1
https://github.com/element-hq/synapse::python3,https://github.com/element-hq/synapse,fedora,matrix-synapse,usr/lib/systemd/system/synapse.service,synapse.service,A,UNAMBIGUOUS_EXECUTABLE_LINEAGE,MATCHED,usr/lib/systemd/system/synapse.service,python3,1,2,,,,1
https://github.com/elementary/settings-daemon::busctl,https://github.com/elementary/settings-daemon,arch,pantheon-settings-daemon,usr/lib/systemd/system/io.elementary.settings-daemon.check-for-firmware-updates.service,io.elementary.settings-daemon.check-for-firmware-updates.service,A,UNAMBIGUOUS_EXECUTABLE_LINEAGE,MATCHED,usr/lib/systemd/system/io.elementary.settings-daemon.check-for-firmware-updates.service,busctl,1,2,,,,1
https://github.com/elementary/settings-daemon::busctl,https://github.com/elementary/settings-daemon,fedora,elementary-settings-daemon,usr/lib/systemd/system/io.elementary.settings-daemon.check-for-firmware-updates.service,io.elementary.settings-daemon.check-for-firmware-updates.service,A,UNAMBIGUOUS_EXECUTABLE_LINEAGE,MATCHED,usr/lib/systemd/system/io.elementary.settings-daemon.check-for-firmware-updates.service,busctl,1,2,,,,1
https://github.com/evgeni/hdapsd::hdapsd,https://github.com/evgeni/hdapsd,debian,hdapsd,usr/lib/systemd/system/hdapsd.service,hdapsd.service,A,UNAMBIGUOUS_EXECUTABLE_LINEAGE,MATCHED,usr/lib/systemd/system/hdapsd.service,hdapsd,1,2,,,,1
https://github.com/evgeni/hdapsd::hdapsd,https://github.com/evgeni/hdapsd,ubuntu,hdapsd,usr/lib/systemd/system/hdapsd.service,hdapsd.service,A,UNAMBIGUOUS_EXECUTABLE_LINEAGE,MATCHED,usr/lib/systemd/system/hdapsd.service,hdapsd,1,2,,,,1
https://github.com/evilsocket/opensnitch::opensnitchd,https://github.com/evilsocket/opensnitch,arch,opensnitch,usr/lib/systemd/system/opensnitchd.service,opensnitchd.service,A,UNAMBIGUOUS_EXECUTABLE_LINEAGE,MATCHED,usr/lib/systemd/system/opensnitchd.service,opensnitchd,1,3,,,,1
https://github.com/evilsocket/opensnitch::opensnitchd,https://github.com/evilsocket/opensnitch,debian,opensnitch,usr/lib/systemd/system/opensnitch.service,opensnitch.service,A,UNAMBIGUOUS_EXECUTABLE_LINEAGE,MATCHED,usr/lib/systemd/system/opensnitch.service,opensnitchd,1,3,,,,1
https://github.com/evilsocket/opensnitch::opensnitchd,https://github.com/evilsocket/opensnitch,ubuntu,opensnitch,usr/lib/systemd/system/opensnitch.service,opensnitch.service,A,UNAMBIGUOUS_EXECUTABLE_LINEAGE,MATCHED,usr/lib/systemd/system/opensnitch.service,opensnitchd,1,3,,,,1
https://github.com/facebookincubator/oomd::oomd,https://github.com/facebookincubator/oomd,debian,oomd,usr/lib/systemd/system/oomd.service,oomd.service,A,UNAMBIGUOUS_EXECUTABLE_LINEAGE,MATCHED,usr/lib/systemd/system/oomd.service,oomd,1,3,,,,1
https://github.com/facebookincubator/oomd::oomd,https://github.com/facebookincubator/oomd,fedora,oomd,usr/lib/systemd/system/oomd.service,oomd.service,A,UNAMBIGUOUS_EXECUTABLE_LINEAGE,MATCHED,usr/lib/systemd/system/oomd.service,oomd,1,3,,,,1
https://github.com/facebookincubator/oomd::oomd,https://github.com/facebookincubator/oomd,ubuntu,oomd,usr/lib/systemd/system/oomd.service,oomd.service,A,UNAMBIGUOUS_EXECUTABLE_LINEAGE,MATCHED,usr/lib/systemd/system/oomd.service,oomd,1,3,,,,1
https://github.com/freeipa/freeipa-healthcheck::upstream-unit::systemd/ipa-healthcheck.service,https://github.com/freeipa/freeipa-healthcheck,fedora,freeipa-healthcheck,usr/lib/systemd/system/ipa-healthcheck.service,ipa-healthcheck.service,A,EXACT_UPSTREAM_UNIT_IDENTITY,MATCHED,/home/emrecan/github/ecylmz/unittrace/artifacts/full/roots/sources/fedora/freeipa-healthcheck/freeipa-healthcheck-0.19-4.fc44.src.rpm/freeipa-healthcheck-0.19/systemd/ipa-healthcheck.service,ipa-healthcheck.sh,1,2,freeipa-healthcheck-0.19-4.fc44.src.rpm,systemd/ipa-healthcheck.service,5bf059a70bb3c9aa3413a8e9e22281578896a16f149056476adead489c9b0f39,1
https://github.com/freeipa/freeipa-healthcheck::upstream-unit::systemd/ipa-healthcheck.service,https://github.com/freeipa/freeipa-healthcheck,ubuntu,freeipa-healthcheck,usr/lib/systemd/system/ipa-healthcheck.service,ipa-healthcheck.service,A,EXACT_UPSTREAM_UNIT_IDENTITY,MATCHED,/home/emrecan/github/ecylmz/unittrace/artifacts/full/roots/sources/ubuntu/freeipa-healthcheck/0.16-2build1/freeipa-healthcheck-0.16/systemd/ipa-healthcheck.service,ipa-healthcheck.sh,1,2,0.16-2build1,systemd/ipa-healthcheck.service,5bf059a70bb3c9aa3413a8e9e22281578896a16f149056476adead489c9b0f39,1
https://github.com/fujita/tgt::tgtd,https://github.com/fujita/tgt,arch,tgt,usr/lib/systemd/system/tgtd.service,tgtd.service,A,UNAMBIGUOUS_EXECUTABLE_LINEAGE,MATCHED,usr/lib/systemd/system/tgtd.service,tgtd,1,3,,,,1
https://github.com/fujita/tgt::tgtd,https://github.com/fujita/tgt,debian,tgt,usr/lib/systemd/system/tgt.service,tgt.service,A,UNAMBIGUOUS_EXECUTABLE_LINEAGE,MATCHED,usr/lib/systemd/system/tgt.service,tgtd,1,3,,,,1
https://github.com/fujita/tgt::tgtd,https://github.com/fujita/tgt,ubuntu,tgt,usr/lib/systemd/system/tgt.service,tgt.service,A,UNAMBIGUOUS_EXECUTABLE_LINEAGE,MATCHED,usr/lib/systemd/system/tgt.service,tgtd,1,3,,,,1
https://github.com/fwupd/fwupd::fwupd,https://github.com/fwupd/fwupd,arch,fwupd,usr/lib/systemd/system/fwupd.service,fwupd.service,A,UNAMBIGUOUS_EXECUTABLE_LINEAGE,MATCHED,usr/lib/systemd/system/fwupd.service,fwupd,1,4,,,,1
https://github.com/fwupd/fwupd::fwupd,https://github.com/fwupd/fwupd,debian,fwupd,usr/lib/systemd/system/fwupd.service,fwupd.service,A,UNAMBIGUOUS_EXECUTABLE_LINEAGE,MATCHED,usr/lib/systemd/system/fwupd.service,fwupd,1,4,,,,1
https://github.com/fwupd/fwupd::fwupd,https://github.com/fwupd/fwupd,fedora,fwupd,usr/lib/systemd/system/fwupd.service,fwupd.service,A,UNAMBIGUOUS_EXECUTABLE_LINEAGE,MATCHED,usr/lib/systemd/system/fwupd.service,fwupd,1,4,,,,1
https://github.com/fwupd/fwupd::fwupd,https://github.com/fwupd/fwupd,ubuntu,fwupd,usr/lib/systemd/system/fwupd.service,fwupd.service,A,UNAMBIGUOUS_EXECUTABLE_LINEAGE,MATCHED,usr/lib/systemd/system/fwupd.service,fwupd,1,4,,,,1
https://github.com/fwupd/fwupd::fwupdmgr,https://github.com/fwupd/fwupd,arch,fwupd,usr/lib/systemd/system/fwupd-refresh.service,fwupd-refresh.service,A,UNAMBIGUOUS_EXECUTABLE_LINEAGE,MATCHED,usr/lib/systemd/system/fwupd-refresh.service,fwupdmgr,1,4,,,,1
https://github.com/fwupd/fwupd::fwupdmgr,https://github.com/fwupd/fwupd,debian,fwupd,usr/lib/systemd/system/fwupd-refresh.service,fwupd-refresh.service,A,UNAMBIGUOUS_EXECUTABLE_LINEAGE,MATCHED,usr/lib/systemd/system/fwupd-refresh.service,fwupdmgr,1,4,,,,1
https://github.com/fwupd/fwupd::fwupdmgr,https://github.com/fwupd/fwupd,fedora,fwupd,usr/lib/systemd/system/fwupd-refresh.service,fwupd-refresh.service,A,UNAMBIGUOUS_EXECUTABLE_LINEAGE,MATCHED,usr/lib/systemd/system/fwupd-refresh.service,fwupdmgr,1,4,,,,1
https://github.com/fwupd/fwupd::fwupdmgr,https://github.com/fwupd/fwupd,ubuntu,fwupd,usr/lib/systemd/system/fwupd-refresh.service,fwupd-refresh.service,A,UNAMBIGUOUS_EXECUTABLE_LINEAGE,MATCHED,usr/lib/systemd/system/fwupd-refresh.service,fwupdmgr,1,4,,,,1
https://github.com/ggml-org/llama.cpp::llama-server,https://github.com/ggml-org/llama.cpp,arch,llama-cpp,usr/lib/systemd/system/llama-server.service,llama-server.service,A,UNAMBIGUOUS_EXECUTABLE_LINEAGE,MATCHED,usr/lib/systemd/system/llama-server.service,llama-server,1,2,,,,1
https://github.com/ggml-org/llama.cpp::llama-server,https://github.com/ggml-org/llama.cpp,ubuntu,llama.cpp-tools,usr/lib/systemd/system/llama-server.service,llama-server.service,A,UNAMBIGUOUS_EXECUTABLE_LINEAGE,MATCHED,usr/lib/systemd/system/llama-server.service,llama-server,1,2,,,,1
https://github.com/gnosek/fcgiwrap::fcgiwrap,https://github.com/gnosek/fcgiwrap,debian,fcgiwrap,usr/lib/systemd/system/fcgiwrap.service,fcgiwrap.service,A,UNAMBIGUOUS_EXECUTABLE_LINEAGE,MATCHED,usr/lib/systemd/system/fcgiwrap.service,fcgiwrap,1,2,,,,1
https://github.com/gnosek/fcgiwrap::fcgiwrap,https://github.com/gnosek/fcgiwrap,ubuntu,fcgiwrap,usr/lib/systemd/system/fcgiwrap.service,fcgiwrap.service,A,UNAMBIGUOUS_EXECUTABLE_LINEAGE,MATCHED,usr/lib/systemd/system/fcgiwrap.service,fcgiwrap,1,2,,,,1
https://github.com/graphite-project/carbon::carbon-cache,https://github.com/graphite-project/carbon,fedora,python3-carbon,usr/lib/systemd/system/carbon-cache.service,carbon-cache.service,A,UNAMBIGUOUS_EXECUTABLE_LINEAGE,MATCHED,usr/lib/systemd/system/carbon-cache.service,carbon-cache,1,2,,,,1
https://github.com/graphite-project/carbon::carbon-cache,https://github.com/graphite-project/carbon,ubuntu,graphite-carbon,usr/lib/systemd/system/carbon-cache.service,carbon-cache.service,A,UNAMBIGUOUS_EXECUTABLE_LINEAGE,MATCHED,usr/lib/systemd/system/carbon-cache.service,carbon-cache,1,2,,,,1
https://github.com/gridcf/gct::globus-gridftp-server,https://github.com/gridcf/gct,debian,globus-gridftp-server-progs,usr/lib/systemd/system/globus-gridftp-server.service,globus-gridftp-server.service,A,UNAMBIGUOUS_EXECUTABLE_LINEAGE,MATCHED,usr/lib/systemd/system/globus-gridftp-server.service,globus-gridftp-server,1,3,,,,1
https://github.com/gridcf/gct::globus-gridftp-server,https://github.com/gridcf/gct,fedora,globus-gridftp-server-progs,usr/lib/systemd/system/globus-gridftp-server.service,globus-gridftp-server.service,A,UNAMBIGUOUS_EXECUTABLE_LINEAGE,MATCHED,usr/lib/systemd/system/globus-gridftp-server.service,globus-gridftp-server,1,3,,,,1
https://github.com/gridcf/gct::globus-gridftp-server,https://github.com/gridcf/gct,ubuntu,globus-gridftp-server-progs,usr/lib/systemd/system/globus-gridftp-server.service,globus-gridftp-server.service,A,UNAMBIGUOUS_EXECUTABLE_LINEAGE,MATCHED,usr/lib/systemd/system/globus-gridftp-server.service,globus-gridftp-server,1,3,,,,1
https://github.com/gridcf/gct::sh,https://github.com/gridcf/gct,debian,globus-gatekeeper,usr/lib/systemd/system/globus-gatekeeper.service,globus-gatekeeper.service,UNRESOLVED,UNAMBIGUOUS_EXECUTABLE_LINEAGE,SERVICE_LINEAGE_AMBIGUOUS,usr/lib/systemd/system/globus-gatekeeper.service,sh,2,3,,,,2
https://github.com/gridcf/gct::sh,https://github.com/gridcf/gct,debian,globus-gridftp-server-progs,usr/lib/systemd/system/globus-gridftp-sshftp.service,globus-gridftp-sshftp.service,UNRESOLVED,UNAMBIGUOUS_EXECUTABLE_LINEAGE,SERVICE_LINEAGE_AMBIGUOUS,usr/lib/systemd/system/globus-gridftp-sshftp.service,sh,2,3,,,,2
https://github.com/gridcf/gct::sh,https://github.com/gridcf/gct,fedora,globus-gatekeeper,usr/lib/systemd/system/globus-gatekeeper.service,globus-gatekeeper.service,UNRESOLVED,UNAMBIGUOUS_EXECUTABLE_LINEAGE,SERVICE_LINEAGE_AMBIGUOUS,usr/lib/systemd/system/globus-gatekeeper.service,sh,2,3,,,,2
https://github.com/gridcf/gct::sh,https://github.com/gridcf/gct,fedora,globus-gridftp-server-progs,usr/lib/systemd/system/globus-gridftp-sshftp.service,globus-gridftp-sshftp.service,UNRESOLVED,UNAMBIGUOUS_EXECUTABLE_LINEAGE,SERVICE_LINEAGE_AMBIGUOUS,usr/lib/systemd/system/globus-gridftp-sshftp.service,sh,2,3,,,,2
https://github.com/gridcf/gct::sh,https://github.com/gridcf/gct,ubuntu,globus-gatekeeper,usr/lib/systemd/system/globus-gatekeeper.service,globus-gatekeeper.service,UNRESOLVED,UNAMBIGUOUS_EXECUTABLE_LINEAGE,SERVICE_LINEAGE_AMBIGUOUS,usr/lib/systemd/system/globus-gatekeeper.service,sh,2,3,,,,2
https://github.com/gridcf/gct::sh,https://github.com/gridcf/gct,ubuntu,globus-gridftp-server-progs,usr/lib/systemd/system/globus-gridftp-sshftp.service,globus-gridftp-sshftp.service,UNRESOLVED,UNAMBIGUOUS_EXECUTABLE_LINEAGE,SERVICE_LINEAGE_AMBIGUOUS,usr/lib/systemd/system/globus-gridftp-sshftp.service,sh,2,3,,,,2
https://github.com/grondo/edac-utils::edac-ctl,https://github.com/grondo/edac-utils,fedora,edac-ctl,usr/lib/systemd/system/edac.service,edac.service,A,UNAMBIGUOUS_EXECUTABLE_LINEAGE,MATCHED,usr/lib/systemd/system/edac.service,edac-ctl,1,2,,,,1
https://github.com/grondo/edac-utils::edac-ctl,https://github.com/grondo/edac-utils,ubuntu,edac-utils,usr/lib/systemd/system/edac.service,edac.service,A,UNAMBIGUOUS_EXECUTABLE_LINEAGE,MATCHED,usr/lib/systemd/system/edac.service,edac-ctl,1,2,,,,1
https://github.com/gssapi/gssproxy::gssproxy,https://github.com/gssapi/gssproxy,arch,gssproxy,usr/lib/systemd/system/gssproxy.service,gssproxy.service,A,UNAMBIGUOUS_EXECUTABLE_LINEAGE,MATCHED,usr/lib/systemd/system/gssproxy.service,gssproxy,1,4,,,,1
https://github.com/gssapi/gssproxy::gssproxy,https://github.com/gssapi/gssproxy,debian,gssproxy,usr/lib/systemd/system/gssproxy.service,gssproxy.service,A,UNAMBIGUOUS_EXECUTABLE_LINEAGE,MATCHED,usr/lib/systemd/system/gssproxy.service,gssproxy,1,4,,,,1
https://github.com/gssapi/gssproxy::gssproxy,https://github.com/gssapi/gssproxy,fedora,gssproxy,usr/lib/systemd/system/gssproxy.service,gssproxy.service,A,UNAMBIGUOUS_EXECUTABLE_LINEAGE,MATCHED,usr/lib/systemd/system/gssproxy.service,gssproxy,1,4,,,,1
https://github.com/gssapi/gssproxy::gssproxy,https://github.com/gssapi/gssproxy,ubuntu,gssproxy,usr/lib/systemd/system/gssproxy.service,gssproxy.service,A,UNAMBIGUOUS_EXECUTABLE_LINEAGE,MATCHED,usr/lib/systemd/system/gssproxy.service,gssproxy,1,4,,,,1
https://github.com/hardinfo2/hardinfo2::upstream-unit::tools/hardinfo2.service,https://github.com/hardinfo2/hardinfo2,debian,hardinfo2,usr/lib/systemd/system/hardinfo2.service,hardinfo2.service,A,EXACT_UPSTREAM_UNIT_IDENTITY,MATCHED,/home/emrecan/github/ecylmz/unittrace/artifacts/full/roots/sources/debian/hardinfo/2.2.10-1/hardinfo2-hardinfo2-6212610/tools/hardinfo2.service,hwinfo2_fetch_sysdata,1,3,2.2.10-1,tools/hardinfo2.service,47facf76e83342ba453251e84b39277cc75a6f5373aa363e9ca88713fc4d9599,1
https://github.com/hardinfo2/hardinfo2::upstream-unit::tools/hardinfo2.service,https://github.com/hardinfo2/hardinfo2,fedora,hardinfo2,usr/lib/systemd/system/hardinfo2.service,hardinfo2.service,A,EXACT_UPSTREAM_UNIT_IDENTITY,MATCHED,/home/emrecan/github/ecylmz/unittrace/artifacts/full/roots/sources/fedora/hardinfo2/hardinfo2-2.2.16-2.fc44.src.rpm/hardinfo2-release-2.2.16/tools/hardinfo2.service,hwinfo2_fetch_sysdata,1,3,hardinfo2-2.2.16-2.fc44.src.rpm,tools/hardinfo2.service,47facf76e83342ba453251e84b39277cc75a6f5373aa363e9ca88713fc4d9599,1
https://github.com/hardinfo2/hardinfo2::upstream-unit::tools/hardinfo2.service,https://github.com/hardinfo2/hardinfo2,ubuntu,hardinfo2,usr/lib/systemd/system/hardinfo2.service,hardinfo2.service,A,EXACT_UPSTREAM_UNIT_IDENTITY,MATCHED,/home/emrecan/github/ecylmz/unittrace/artifacts/full/roots/sources/ubuntu/hardinfo/2.2.16-1/hardinfo-2.2.16/tools/hardinfo2.service,hwinfo2_fetch_sysdata,1,3,2.2.16-1,tools/hardinfo2.service,47facf76e83342ba453251e84b39277cc75a6f5373aa363e9ca88713fc4d9599,1
https://github.com/hughsie/passim::passimd,https://github.com/hughsie/passim,arch,passim,usr/lib/systemd/system/passim.service,passim.service,A,UNAMBIGUOUS_EXECUTABLE_LINEAGE,MATCHED,usr/lib/systemd/system/passim.service,passimd,1,3,,,,1
https://github.com/hughsie/passim::passimd,https://github.com/hughsie/passim,fedora,passim,usr/lib/systemd/system/passim.service,passim.service,A,UNAMBIGUOUS_EXECUTABLE_LINEAGE,MATCHED,usr/lib/systemd/system/passim.service,passimd,1,3,,,,1
https://github.com/hughsie/passim::passimd,https://github.com/hughsie/passim,ubuntu,passim,usr/lib/systemd/system/passim.service,passim.service,A,UNAMBIGUOUS_EXECUTABLE_LINEAGE,MATCHED,usr/lib/systemd/system/passim.service,passimd,1,3,,,,1
https://github.com/intel/intel-lpmd::intel_lpmd,https://github.com/intel/intel-lpmd,arch,intel-lpmd,usr/lib/systemd/system/intel_lpmd.service,intel_lpmd.service,A,UNAMBIGUOUS_EXECUTABLE_LINEAGE,MATCHED,usr/lib/systemd/system/intel_lpmd.service,intel_lpmd,1,3,,,,1
https://github.com/intel/intel-lpmd::intel_lpmd,https://github.com/intel/intel-lpmd,fedora,intel-lpmd,usr/lib/systemd/system/intel_lpmd.service,intel_lpmd.service,A,UNAMBIGUOUS_EXECUTABLE_LINEAGE,MATCHED,usr/lib/systemd/system/intel_lpmd.service,intel_lpmd,1,3,,,,1
https://github.com/intel/intel-lpmd::intel_lpmd,https://github.com/intel/intel-lpmd,ubuntu,intel-lpmd,usr/lib/systemd/system/intel_lpmd.service,intel_lpmd.service,A,UNAMBIGUOUS_EXECUTABLE_LINEAGE,MATCHED,usr/lib/systemd/system/intel_lpmd.service,intel_lpmd,1,3,,,,1
https://github.com/intel/ledmon::ledmon,https://github.com/intel/ledmon,debian,ledmon,usr/lib/systemd/system/ledmon.service,ledmon.service,A,UNAMBIGUOUS_EXECUTABLE_LINEAGE,MATCHED,usr/lib/systemd/system/ledmon.service,ledmon,1,3,,,,1
https://github.com/intel/ledmon::ledmon,https://github.com/intel/ledmon,fedora,ledmon,usr/lib/systemd/system/ledmon.service,ledmon.service,A,UNAMBIGUOUS_EXECUTABLE_LINEAGE,MATCHED,usr/lib/systemd/system/ledmon.service,ledmon,1,3,,,,1
https://github.com/intel/ledmon::ledmon,https://github.com/intel/ledmon,ubuntu,ledmon,usr/lib/systemd/system/ledmon.service,ledmon.service,A,UNAMBIGUOUS_EXECUTABLE_LINEAGE,MATCHED,usr/lib/systemd/system/ledmon.service,ledmon,1,3,,,,1
https://github.com/intel/qatlib::qatmgr,https://github.com/intel/qatlib,debian,qatlib-service,usr/lib/systemd/system/qat.service,qat.service,A,UNAMBIGUOUS_EXECUTABLE_LINEAGE,MATCHED,usr/lib/systemd/system/qat.service,qatmgr,1,3,,,,1
https://github.com/intel/qatlib::qatmgr,https://github.com/intel/qatlib,fedora,qatlib-service,usr/lib/systemd/system/qat.service,qat.service,A,UNAMBIGUOUS_EXECUTABLE_LINEAGE,MATCHED,usr/lib/systemd/system/qat.service,qatmgr,1,3,,,,1
https://github.com/intel/qatlib::qatmgr,https://github.com/intel/qatlib,ubuntu,qatlib-service,usr/lib/systemd/system/qat.service,qat.service,A,UNAMBIGUOUS_EXECUTABLE_LINEAGE,MATCHED,usr/lib/systemd/system/qat.service,qatmgr,1,3,,,,1
https://github.com/intel/thermal_daemon::thermald,https://github.com/intel/thermal_daemon,arch,thermald,usr/lib/systemd/system/thermald.service,thermald.service,A,UNAMBIGUOUS_EXECUTABLE_LINEAGE,MATCHED,usr/lib/systemd/system/thermald.service,thermald,1,3,,,,1
https://github.com/intel/thermal_daemon::thermald,https://github.com/intel/thermal_daemon,debian,thermald,usr/lib/systemd/system/thermald.service,thermald.service,A,UNAMBIGUOUS_EXECUTABLE_LINEAGE,MATCHED,usr/lib/systemd/system/thermald.service,thermald,1,3,,,,1
https://github.com/intel/thermal_daemon::thermald,https://github.com/intel/thermal_daemon,ubuntu,thermald,usr/lib/systemd/system/thermald.service,thermald.service,A,UNAMBIGUOUS_EXECUTABLE_LINEAGE,MATCHED,usr/lib/systemd/system/thermald.service,thermald,1,3,,,,1
https://github.com/jirka-h/haveged::haveged,https://github.com/jirka-h/haveged,arch,haveged,usr/lib/systemd/system/haveged-once.service,haveged-once.service,UNRESOLVED,UNAMBIGUOUS_EXECUTABLE_LINEAGE,SERVICE_LINEAGE_AMBIGUOUS,usr/lib/systemd/system/haveged-once.service,haveged,2,2,,,,2
https://github.com/jirka-h/haveged::haveged,https://github.com/jirka-h/haveged,arch,haveged,usr/lib/systemd/system/haveged.service,haveged.service,UNRESOLVED,UNAMBIGUOUS_EXECUTABLE_LINEAGE,SERVICE_LINEAGE_AMBIGUOUS,usr/lib/systemd/system/haveged.service,haveged,2,2,,,,2
https://github.com/jirka-h/haveged::haveged,https://github.com/jirka-h/haveged,fedora,haveged,usr/lib/systemd/system/haveged-once.service,haveged-once.service,UNRESOLVED,UNAMBIGUOUS_EXECUTABLE_LINEAGE,SERVICE_LINEAGE_AMBIGUOUS,usr/lib/systemd/system/haveged-once.service,haveged,3,2,,,,3
https://github.com/jirka-h/haveged::haveged,https://github.com/jirka-h/haveged,fedora,haveged,usr/lib/systemd/system/haveged-switch-root.service,haveged-switch-root.service,UNRESOLVED,UNAMBIGUOUS_EXECUTABLE_LINEAGE,SERVICE_LINEAGE_AMBIGUOUS,usr/lib/systemd/system/haveged-switch-root.service,haveged,3,2,,,,3
https://github.com/jirka-h/haveged::haveged,https://github.com/jirka-h/haveged,fedora,haveged,usr/lib/systemd/system/haveged.service,haveged.service,UNRESOLVED,UNAMBIGUOUS_EXECUTABLE_LINEAGE,SERVICE_LINEAGE_AMBIGUOUS,usr/lib/systemd/system/haveged.service,haveged,3,2,,,,3
https://github.com/jonnenauha/prometheus_varnish_exporter::prometheus-varnish-exporter,https://github.com/jonnenauha/prometheus_varnish_exporter,arch,prometheus-varnish-exporter,usr/lib/systemd/system/prometheus-varnish-exporter.service,prometheus-varnish-exporter.service,A,UNAMBIGUOUS_EXECUTABLE_LINEAGE,MATCHED,usr/lib/systemd/system/prometheus-varnish-exporter.service,prometheus-varnish-exporter,1,3,,,,1
https://github.com/jonnenauha/prometheus_varnish_exporter::prometheus-varnish-exporter,https://github.com/jonnenauha/prometheus_varnish_exporter,debian,prometheus-varnish-exporter,usr/lib/systemd/system/prometheus-varnish-exporter.service,prometheus-varnish-exporter.service,A,UNAMBIGUOUS_EXECUTABLE_LINEAGE,MATCHED,usr/lib/systemd/system/prometheus-varnish-exporter.service,prometheus-varnish-exporter,1,3,,,,1
https://github.com/jonnenauha/prometheus_varnish_exporter::prometheus-varnish-exporter,https://github.com/jonnenauha/prometheus_varnish_exporter,ubuntu,prometheus-varnish-exporter,usr/lib/systemd/system/prometheus-varnish-exporter.service,prometheus-varnish-exporter.service,A,UNAMBIGUOUS_EXECUTABLE_LINEAGE,MATCHED,usr/lib/systemd/system/prometheus-varnish-exporter.service,prometheus-varnish-exporter,1,3,,,,1
https://github.com/juanfont/headscale::headscale,https://github.com/juanfont/headscale,arch,headscale,usr/lib/systemd/system/headscale.service,headscale.service,A,UNAMBIGUOUS_EXECUTABLE_LINEAGE,MATCHED,usr/lib/systemd/system/headscale.service,headscale,1,2,,,,1
https://github.com/juanfont/headscale::headscale,https://github.com/juanfont/headscale,fedora,headscale,usr/lib/systemd/system/headscale.service,headscale.service,A,UNAMBIGUOUS_EXECUTABLE_LINEAGE,MATCHED,usr/lib/systemd/system/headscale.service,headscale,1,2,,,,1
https://github.com/kdave/btrfsmaintenance::btrfsmaintenance-refresh-cron.sh,https://github.com/kdave/btrfsmaintenance,arch,btrfsmaintenance,usr/lib/systemd/system/btrfsmaintenance-refresh.service,btrfsmaintenance-refresh.service,A,UNAMBIGUOUS_EXECUTABLE_LINEAGE,MATCHED,usr/lib/systemd/system/btrfsmaintenance-refresh.service,btrfsmaintenance-refresh-cron.sh,1,3,,,,1
https://github.com/kdave/btrfsmaintenance::btrfsmaintenance-refresh-cron.sh,https://github.com/kdave/btrfsmaintenance,fedora,btrfsmaintenance,usr/lib/systemd/system/btrfsmaintenance-refresh.service,btrfsmaintenance-refresh.service,A,UNAMBIGUOUS_EXECUTABLE_LINEAGE,MATCHED,usr/lib/systemd/system/btrfsmaintenance-refresh.service,btrfsmaintenance-refresh-cron.sh,1,3,,,,1
https://github.com/kdave/btrfsmaintenance::btrfsmaintenance-refresh-cron.sh,https://github.com/kdave/btrfsmaintenance,ubuntu,btrfsmaintenance,usr/lib/systemd/system/btrfsmaintenance-refresh.service,btrfsmaintenance-refresh.service,A,UNAMBIGUOUS_EXECUTABLE_LINEAGE,MATCHED,usr/lib/systemd/system/btrfsmaintenance-refresh.service,btrfsmaintenance-refresh-cron.sh,1,3,,,,1
https://github.com/kdave/btrfsmaintenance::upstream-unit::btrfs-balance.service,https://github.com/kdave/btrfsmaintenance,arch,btrfsmaintenance,usr/lib/systemd/system/btrfs-balance.service,btrfs-balance.service,A,EXACT_UPSTREAM_UNIT_IDENTITY,MATCHED,/home/emrecan/github/ecylmz/unittrace/artifacts/full/roots/sources/arch/btrfsmaintenance/0.5.2-3/btrfsmaintenance-0.5.2/btrfs-balance.service,btrfs-balance.sh,1,3,0.5.2-3,btrfs-balance.service,62ca4fa0817aab500cd5fff2412a1aa3f413952bfc17c7ce23d428876cadbae1,1
https://github.com/kdave/btrfsmaintenance::upstream-unit::btrfs-balance.service,https://github.com/kdave/btrfsmaintenance,fedora,btrfsmaintenance,usr/lib/systemd/system/btrfs-balance.service,btrfs-balance.service,A,EXACT_UPSTREAM_UNIT_IDENTITY,MATCHED,/home/emrecan/github/ecylmz/unittrace/artifacts/full/roots/sources/fedora/btrfsmaintenance/btrfsmaintenance-0.5.2-6.fc44.src.rpm/btrfsmaintenance-0.5.2/btrfs-balance.service,btrfs-balance.sh,1,3,btrfsmaintenance-0.5.2-6.fc44.src.rpm,btrfs-balance.service,62ca4fa0817aab500cd5fff2412a1aa3f413952bfc17c7ce23d428876cadbae1,1
https://github.com/kdave/btrfsmaintenance::upstream-unit::btrfs-balance.service,https://github.com/kdave/btrfsmaintenance,ubuntu,btrfsmaintenance,usr/lib/systemd/system/btrfs-balance.service,btrfs-balance.service,A,EXACT_UPSTREAM_UNIT_IDENTITY,MATCHED,/home/emrecan/github/ecylmz/unittrace/artifacts/full/roots/sources/ubuntu/btrfsmaintenance/0.5.2-1build1/btrfsmaintenance-0.5.2/btrfs-balance.service,btrfs-balance.sh,1,3,0.5.2-1build1,btrfs-balance.service,62ca4fa0817aab500cd5fff2412a1aa3f413952bfc17c7ce23d428876cadbae1,1
https://github.com/kdave/btrfsmaintenance::upstream-unit::btrfs-defrag.service,https://github.com/kdave/btrfsmaintenance,arch,btrfsmaintenance,usr/lib/systemd/system/btrfs-defrag.service,btrfs-defrag.service,A,EXACT_UPSTREAM_UNIT_IDENTITY,MATCHED,/home/emrecan/github/ecylmz/unittrace/artifacts/full/roots/sources/arch/btrfsmaintenance/0.5.2-3/btrfsmaintenance-0.5.2/btrfs-defrag.service,btrfs-defrag.sh,1,3,0.5.2-3,btrfs-defrag.service,ef547a925fd05c1f8582277f123e5e39fef8505e8a2b30a9368a7b1f2740e23b,1
https://github.com/kdave/btrfsmaintenance::upstream-unit::btrfs-defrag.service,https://github.com/kdave/btrfsmaintenance,fedora,btrfsmaintenance,usr/lib/systemd/system/btrfs-defrag.service,btrfs-defrag.service,A,EXACT_UPSTREAM_UNIT_IDENTITY,MATCHED,/home/emrecan/github/ecylmz/unittrace/artifacts/full/roots/sources/fedora/btrfsmaintenance/btrfsmaintenance-0.5.2-6.fc44.src.rpm/btrfsmaintenance-0.5.2/btrfs-defrag.service,btrfs-defrag.sh,1,3,btrfsmaintenance-0.5.2-6.fc44.src.rpm,btrfs-defrag.service,ef547a925fd05c1f8582277f123e5e39fef8505e8a2b30a9368a7b1f2740e23b,1
https://github.com/kdave/btrfsmaintenance::upstream-unit::btrfs-defrag.service,https://github.com/kdave/btrfsmaintenance,ubuntu,btrfsmaintenance,usr/lib/systemd/system/btrfs-defrag.service,btrfs-defrag.service,A,EXACT_UPSTREAM_UNIT_IDENTITY,MATCHED,/home/emrecan/github/ecylmz/unittrace/artifacts/full/roots/sources/ubuntu/btrfsmaintenance/0.5.2-1build1/btrfsmaintenance-0.5.2/btrfs-defrag.service,btrfs-defrag.sh,1,3,0.5.2-1build1,btrfs-defrag.service,ef547a925fd05c1f8582277f123e5e39fef8505e8a2b30a9368a7b1f2740e23b,1
https://github.com/kdave/btrfsmaintenance::upstream-unit::btrfs-scrub.service,https://github.com/kdave/btrfsmaintenance,arch,btrfsmaintenance,usr/lib/systemd/system/btrfs-scrub.service,btrfs-scrub.service,A,EXACT_UPSTREAM_UNIT_IDENTITY,MATCHED,/home/emrecan/github/ecylmz/unittrace/artifacts/full/roots/sources/arch/btrfsmaintenance/0.5.2-3/btrfsmaintenance-0.5.2/btrfs-scrub.service,btrfs-scrub.sh,1,3,0.5.2-3,btrfs-scrub.service,2efd0912523b442ae74e608d5b5187621f9d48285a731ab437be16f71c0a0172,1
https://github.com/kdave/btrfsmaintenance::upstream-unit::btrfs-scrub.service,https://github.com/kdave/btrfsmaintenance,fedora,btrfsmaintenance,usr/lib/systemd/system/btrfs-scrub.service,btrfs-scrub.service,A,EXACT_UPSTREAM_UNIT_IDENTITY,MATCHED,/home/emrecan/github/ecylmz/unittrace/artifacts/full/roots/sources/fedora/btrfsmaintenance/btrfsmaintenance-0.5.2-6.fc44.src.rpm/btrfsmaintenance-0.5.2/btrfs-scrub.service,btrfs-scrub.sh,1,3,btrfsmaintenance-0.5.2-6.fc44.src.rpm,btrfs-scrub.service,2efd0912523b442ae74e608d5b5187621f9d48285a731ab437be16f71c0a0172,1
https://github.com/kdave/btrfsmaintenance::upstream-unit::btrfs-scrub.service,https://github.com/kdave/btrfsmaintenance,ubuntu,btrfsmaintenance,usr/lib/systemd/system/btrfs-scrub.service,btrfs-scrub.service,A,EXACT_UPSTREAM_UNIT_IDENTITY,MATCHED,/home/emrecan/github/ecylmz/unittrace/artifacts/full/roots/sources/ubuntu/btrfsmaintenance/0.5.2-1build1/btrfsmaintenance-0.5.2/btrfs-scrub.service,btrfs-scrub.sh,1,3,0.5.2-1build1,btrfs-scrub.service,2efd0912523b442ae74e608d5b5187621f9d48285a731ab437be16f71c0a0172,1
https://github.com/kdave/btrfsmaintenance::upstream-unit::btrfs-trim.service,https://github.com/kdave/btrfsmaintenance,arch,btrfsmaintenance,usr/lib/systemd/system/btrfs-trim.service,btrfs-trim.service,A,EXACT_UPSTREAM_UNIT_IDENTITY,MATCHED,/home/emrecan/github/ecylmz/unittrace/artifacts/full/roots/sources/arch/btrfsmaintenance/0.5.2-3/btrfsmaintenance-0.5.2/btrfs-trim.service,btrfs-trim.sh,1,3,0.5.2-3,btrfs-trim.service,4c20ffce4b72de850f2119d4174f9aa67d4b3b347faa31d7d44f6c8cfa2dbe50,1
https://github.com/kdave/btrfsmaintenance::upstream-unit::btrfs-trim.service,https://github.com/kdave/btrfsmaintenance,fedora,btrfsmaintenance,usr/lib/systemd/system/btrfs-trim.service,btrfs-trim.service,A,EXACT_UPSTREAM_UNIT_IDENTITY,MATCHED,/home/emrecan/github/ecylmz/unittrace/artifacts/full/roots/sources/fedora/btrfsmaintenance/btrfsmaintenance-0.5.2-6.fc44.src.rpm/btrfsmaintenance-0.5.2/btrfs-trim.service,btrfs-trim.sh,1,3,btrfsmaintenance-0.5.2-6.fc44.src.rpm,btrfs-trim.service,4c20ffce4b72de850f2119d4174f9aa67d4b3b347faa31d7d44f6c8cfa2dbe50,1
https://github.com/kdave/btrfsmaintenance::upstream-unit::btrfs-trim.service,https://github.com/kdave/btrfsmaintenance,ubuntu,btrfsmaintenance,usr/lib/systemd/system/btrfs-trim.service,btrfs-trim.service,A,EXACT_UPSTREAM_UNIT_IDENTITY,MATCHED,/home/emrecan/github/ecylmz/unittrace/artifacts/full/roots/sources/ubuntu/btrfsmaintenance/0.5.2-1build1/btrfsmaintenance-0.5.2/btrfs-trim.service,btrfs-trim.sh,1,3,0.5.2-1build1,btrfs-trim.service,4c20ffce4b72de850f2119d4174f9aa67d4b3b347faa31d7d44f6c8cfa2dbe50,1
https://github.com/kitsunyan/intel-undervolt::intel-undervolt,https://github.com/kitsunyan/intel-undervolt,arch,intel-undervolt,usr/lib/systemd/system/intel-undervolt-loop.service,intel-undervolt-loop.service,UNRESOLVED,UNAMBIGUOUS_EXECUTABLE_LINEAGE,SERVICE_LINEAGE_AMBIGUOUS,usr/lib/systemd/system/intel-undervolt-loop.service,intel-undervolt,2,2,,,,2
https://github.com/kitsunyan/intel-undervolt::intel-undervolt,https://github.com/kitsunyan/intel-undervolt,arch,intel-undervolt,usr/lib/systemd/system/intel-undervolt.service,intel-undervolt.service,UNRESOLVED,UNAMBIGUOUS_EXECUTABLE_LINEAGE,SERVICE_LINEAGE_AMBIGUOUS,usr/lib/systemd/system/intel-undervolt.service,intel-undervolt,2,2,,,,2
https://github.com/kitsunyan/intel-undervolt::intel-undervolt,https://github.com/kitsunyan/intel-undervolt,fedora,intel-undervolt,usr/lib/systemd/system/intel-undervolt-loop.service,intel-undervolt-loop.service,UNRESOLVED,UNAMBIGUOUS_EXECUTABLE_LINEAGE,SERVICE_LINEAGE_AMBIGUOUS,usr/lib/systemd/system/intel-undervolt-loop.service,intel-undervolt,2,2,,,,2
https://github.com/kitsunyan/intel-undervolt::intel-undervolt,https://github.com/kitsunyan/intel-undervolt,fedora,intel-undervolt,usr/lib/systemd/system/intel-undervolt.service,intel-undervolt.service,UNRESOLVED,UNAMBIGUOUS_EXECUTABLE_LINEAGE,SERVICE_LINEAGE_AMBIGUOUS,usr/lib/systemd/system/intel-undervolt.service,intel-undervolt,2,2,,,,2
https://github.com/kmscon/kmscon::kmscon,https://github.com/kmscon/kmscon,arch,kmscon,usr/lib/systemd/system/kmscon.service,kmscon.service,A,UNAMBIGUOUS_EXECUTABLE_LINEAGE,MATCHED,usr/lib/systemd/system/kmscon.service,kmscon,1,2,,,,1
https://github.com/kmscon/kmscon::kmscon,https://github.com/kmscon/kmscon,fedora,kmscon,usr/lib/systemd/system/kmscon.service,kmscon.service,A,UNAMBIGUOUS_EXECUTABLE_LINEAGE,MATCHED,usr/lib/systemd/system/kmscon.service,kmscon,1,2,,,,1
https://github.com/ksmtuned/ksmtuned::ksmctl,https://github.com/ksmtuned/ksmtuned,debian,ksmtuned,usr/lib/systemd/system/ksm.service,ksm.service,A,UNAMBIGUOUS_EXECUTABLE_LINEAGE,MATCHED,usr/lib/systemd/system/ksm.service,ksmctl,1,3,,,,1
https://github.com/ksmtuned/ksmtuned::ksmctl,https://github.com/ksmtuned/ksmtuned,fedora,ksmtuned,usr/lib/systemd/system/ksm.service,ksm.service,A,UNAMBIGUOUS_EXECUTABLE_LINEAGE,MATCHED,usr/lib/systemd/system/ksm.service,ksmctl,1,3,,,,1
https://github.com/ksmtuned/ksmtuned::ksmctl,https://github.com/ksmtuned/ksmtuned,ubuntu,ksmtuned,usr/lib/systemd/system/ksm.service,ksm.service,A,UNAMBIGUOUS_EXECUTABLE_LINEAGE,MATCHED,usr/lib/systemd/system/ksm.service,ksmctl,1,3,,,,1
https://github.com/ksmtuned/ksmtuned::ksmtuned,https://github.com/ksmtuned/ksmtuned,debian,ksmtuned,usr/lib/systemd/system/ksmtuned.service,ksmtuned.service,A,UNAMBIGUOUS_EXECUTABLE_LINEAGE,MATCHED,usr/lib/systemd/system/ksmtuned.service,ksmtuned,1,3,,,,1
https://github.com/ksmtuned/ksmtuned::ksmtuned,https://github.com/ksmtuned/ksmtuned,fedora,ksmtuned,usr/lib/systemd/system/ksmtuned.service,ksmtuned.service,A,UNAMBIGUOUS_EXECUTABLE_LINEAGE,MATCHED,usr/lib/systemd/system/ksmtuned.service,ksmtuned,1,3,,,,1
https://github.com/ksmtuned/ksmtuned::ksmtuned,https://github.com/ksmtuned/ksmtuned,ubuntu,ksmtuned,usr/lib/systemd/system/ksmtuned.service,ksmtuned.service,A,UNAMBIGUOUS_EXECUTABLE_LINEAGE,MATCHED,usr/lib/systemd/system/ksmtuned.service,ksmtuned,1,3,,,,1
https://github.com/latchset/clevis::clevis-luks-askpass,https://github.com/latchset/clevis,arch,clevis,usr/lib/systemd/system/clevis-luks-askpass.service,clevis-luks-askpass.service,A,UNAMBIGUOUS_EXECUTABLE_LINEAGE,MATCHED,usr/lib/systemd/system/clevis-luks-askpass.service,clevis-luks-askpass,1,4,,,,1
https://github.com/latchset/clevis::clevis-luks-askpass,https://github.com/latchset/clevis,debian,clevis-systemd,usr/lib/systemd/system/clevis-luks-askpass.service,clevis-luks-askpass.service,A,UNAMBIGUOUS_EXECUTABLE_LINEAGE,MATCHED,usr/lib/systemd/system/clevis-luks-askpass.service,clevis-luks-askpass,1,4,,,,1
https://github.com/latchset/clevis::clevis-luks-askpass,https://github.com/latchset/clevis,fedora,clevis-systemd,usr/lib/systemd/system/clevis-luks-askpass.service,clevis-luks-askpass.service,A,UNAMBIGUOUS_EXECUTABLE_LINEAGE,MATCHED,usr/lib/systemd/system/clevis-luks-askpass.service,clevis-luks-askpass,1,4,,,,1
https://github.com/latchset/clevis::clevis-luks-askpass,https://github.com/latchset/clevis,ubuntu,clevis-systemd,usr/lib/systemd/system/clevis-luks-askpass.service,clevis-luks-askpass.service,A,UNAMBIGUOUS_EXECUTABLE_LINEAGE,MATCHED,usr/lib/systemd/system/clevis-luks-askpass.service,clevis-luks-askpass,1,4,,,,1
https://github.com/latchset/clevis::upstream-unit::src/luks/systemd/clevis-luks-pkcs11-askpass.service,https://github.com/latchset/clevis,arch,clevis,usr/lib/systemd/system/clevis-luks-pkcs11-askpass.service,clevis-luks-pkcs11-askpass.service,A,EXACT_UPSTREAM_UNIT_IDENTITY,MATCHED,/home/emrecan/github/ecylmz/unittrace/artifacts/full/roots/sources/arch/clevis/21-1/clevis-29debf6a227ad467b6827eb9818ae5f2243c257c/src/luks/systemd/clevis-luks-pkcs11-askpass.service.in,clevis-luks-pkcs11-askpass,1,2,21-1,src/luks/systemd/clevis-luks-pkcs11-askpass.service,81d7c9f7f820bde2842b74e7a2bb856318125534a380e9920c697a816b494a63,1
https://github.com/latchset/clevis::upstream-unit::src/luks/systemd/clevis-luks-pkcs11-askpass.service,https://github.com/latchset/clevis,fedora,clevis-pin-pkcs11,usr/lib/systemd/system/clevis-luks-pkcs11-askpass.service,clevis-luks-pkcs11-askpass.service,A,EXACT_UPSTREAM_UNIT_IDENTITY,MATCHED,/home/emrecan/github/ecylmz/unittrace/artifacts/full/roots/sources/fedora/clevis/clevis-21-14.fc44.src.rpm/clevis-21/src/luks/systemd/clevis-luks-pkcs11-askpass.service.in,clevis-luks-pkcs11-askpass,1,2,clevis-21-14.fc44.src.rpm,src/luks/systemd/clevis-luks-pkcs11-askpass.service,81d7c9f7f820bde2842b74e7a2bb856318125534a380e9920c697a816b494a63,1
https://github.com/libratbag/libratbag::ratbagd,https://github.com/libratbag/libratbag,arch,libratbag,usr/lib/systemd/system/ratbagd.service,ratbagd.service,A,UNAMBIGUOUS_EXECUTABLE_LINEAGE,MATCHED,usr/lib/systemd/system/ratbagd.service,ratbagd,1,4,,,,1
https://github.com/libratbag/libratbag::ratbagd,https://github.com/libratbag/libratbag,debian,ratbagd,usr/lib/systemd/system/ratbagd.service,ratbagd.service,A,UNAMBIGUOUS_EXECUTABLE_LINEAGE,MATCHED,usr/lib/systemd/system/ratbagd.service,ratbagd,1,4,,,,1
https://github.com/libratbag/libratbag::ratbagd,https://github.com/libratbag/libratbag,fedora,libratbag-ratbagd,usr/lib/systemd/system/ratbagd.service,ratbagd.service,A,UNAMBIGUOUS_EXECUTABLE_LINEAGE,MATCHED,usr/lib/systemd/system/ratbagd.service,ratbagd,1,4,,,,1
https://github.com/libratbag/libratbag::ratbagd,https://github.com/libratbag/libratbag,ubuntu,ratbagd,usr/lib/systemd/system/ratbagd.service,ratbagd.service,A,UNAMBIGUOUS_EXECUTABLE_LINEAGE,MATCHED,usr/lib/systemd/system/ratbagd.service,ratbagd,1,4,,,,1
https://github.com/linux-application-whitelisting/fapolicyd::upstream-unit::init/fapolicyd.service,https://github.com/linux-application-whitelisting/fapolicyd,debian,fapolicyd,usr/lib/systemd/system/fapolicyd.service,fapolicyd.service,A,EXACT_UPSTREAM_UNIT_IDENTITY,MATCHED,/home/emrecan/github/ecylmz/unittrace/artifacts/full/roots/sources/debian/fapolicyd/1.3.4-1/fapolicyd-1.3.4/init/fapolicyd.service,fapolicyd,1,2,1.3.4-1,init/fapolicyd.service,5f7d3673b5b128a4171fbacad511fde34b04412b425c319fc9d912e33412498a,1
https://github.com/linux-application-whitelisting/fapolicyd::upstream-unit::init/fapolicyd.service,https://github.com/linux-application-whitelisting/fapolicyd,ubuntu,fapolicyd,usr/lib/systemd/system/fapolicyd.service,fapolicyd.service,A,EXACT_UPSTREAM_UNIT_IDENTITY,MATCHED,/home/emrecan/github/ecylmz/unittrace/artifacts/full/roots/sources/ubuntu/fapolicyd/1.3.6-1/fapolicyd-1.3.6/init/fapolicyd.service,fapolicyd,1,2,1.3.6-1,init/fapolicyd.service,0879e17974035aafd0034c41f8867e95b4fbf4ed48ed48263a5b932a7da43eca,1
https://github.com/linux-audit/audit-userspace::auditd,https://github.com/linux-audit/audit-userspace,arch,audit,usr/lib/systemd/system/auditd.service,auditd.service,A,UNAMBIGUOUS_EXECUTABLE_LINEAGE,MATCHED,usr/lib/systemd/system/auditd.service,auditd,1,2,,,,1
https://github.com/linux-audit/audit-userspace::auditd,https://github.com/linux-audit/audit-userspace,fedora,audit,usr/lib/systemd/system/auditd.service,auditd.service,A,UNAMBIGUOUS_EXECUTABLE_LINEAGE,MATCHED,usr/lib/systemd/system/auditd.service,auditd,1,2,,,,1
https://github.com/linux-audit/audit-userspace::augenrules,https://github.com/linux-audit/audit-userspace,arch,audit,usr/lib/systemd/system/audit-rules.service,audit-rules.service,A,UNAMBIGUOUS_EXECUTABLE_LINEAGE,MATCHED,usr/lib/systemd/system/audit-rules.service,augenrules,1,2,,,,1
https://github.com/linux-audit/audit-userspace::augenrules,https://github.com/linux-audit/audit-userspace,fedora,audit-rules,usr/lib/systemd/system/audit-rules.service,audit-rules.service,A,UNAMBIGUOUS_EXECUTABLE_LINEAGE,MATCHED,usr/lib/systemd/system/audit-rules.service,augenrules,1,2,,,,1
https://github.com/linux-msm/qbootctl::qbootctl,https://github.com/linux-msm/qbootctl,debian,qbootctl,usr/lib/systemd/system/qbootctl.service,qbootctl.service,A,UNAMBIGUOUS_EXECUTABLE_LINEAGE,MATCHED,usr/lib/systemd/system/qbootctl.service,qbootctl,1,3,,,,1
https://github.com/linux-msm/qbootctl::qbootctl,https://github.com/linux-msm/qbootctl,fedora,qbootctl,usr/lib/systemd/system/qbootctl.service,qbootctl.service,A,UNAMBIGUOUS_EXECUTABLE_LINEAGE,MATCHED,usr/lib/systemd/system/qbootctl.service,qbootctl,1,3,,,,1
https://github.com/linux-msm/qbootctl::qbootctl,https://github.com/linux-msm/qbootctl,ubuntu,qbootctl,usr/lib/systemd/system/qbootctl.service,qbootctl.service,A,UNAMBIGUOUS_EXECUTABLE_LINEAGE,MATCHED,usr/lib/systemd/system/qbootctl.service,qbootctl,1,3,,,,1
https://github.com/linux-msm/rmtfs::rmtfs,https://github.com/linux-msm/rmtfs,debian,rmtfs,usr/lib/systemd/system/rmtfs.service,rmtfs.service,UNRESOLVED,UNAMBIGUOUS_EXECUTABLE_LINEAGE,SERVICE_LINEAGE_AMBIGUOUS,usr/lib/systemd/system/rmtfs.service,rmtfs,1,3,,,,1
https://github.com/linux-msm/rmtfs::rmtfs,https://github.com/linux-msm/rmtfs,fedora,rmtfs,usr/lib/systemd/system/rmtfs-dir.service,rmtfs-dir.service,UNRESOLVED,UNAMBIGUOUS_EXECUTABLE_LINEAGE,SERVICE_LINEAGE_AMBIGUOUS,usr/lib/systemd/system/rmtfs-dir.service,rmtfs,2,3,,,,2
https://github.com/linux-msm/rmtfs::rmtfs,https://github.com/linux-msm/rmtfs,fedora,rmtfs,usr/lib/systemd/system/rmtfs.service,rmtfs.service,UNRESOLVED,UNAMBIGUOUS_EXECUTABLE_LINEAGE,SERVICE_LINEAGE_AMBIGUOUS,usr/lib/systemd/system/rmtfs.service,rmtfs,2,3,,,,2
https://github.com/linux-msm/rmtfs::rmtfs,https://github.com/linux-msm/rmtfs,ubuntu,rmtfs,usr/lib/systemd/system/rmtfs-dir.service,rmtfs-dir.service,UNRESOLVED,UNAMBIGUOUS_EXECUTABLE_LINEAGE,SERVICE_LINEAGE_AMBIGUOUS,usr/lib/systemd/system/rmtfs-dir.service,rmtfs,2,3,,,,2
https://github.com/linux-msm/rmtfs::rmtfs,https://github.com/linux-msm/rmtfs,ubuntu,rmtfs,usr/lib/systemd/system/rmtfs.service,rmtfs.service,UNRESOLVED,UNAMBIGUOUS_EXECUTABLE_LINEAGE,SERVICE_LINEAGE_AMBIGUOUS,usr/lib/systemd/system/rmtfs.service,rmtfs,2,3,,,,2
https://github.com/linux-msm/tqftpserv::tqftpserv,https://github.com/linux-msm/tqftpserv,debian,tqftpserv,usr/lib/systemd/system/tqftpserv.service,tqftpserv.service,A,UNAMBIGUOUS_EXECUTABLE_LINEAGE,MATCHED,usr/lib/systemd/system/tqftpserv.service,tqftpserv,1,3,,,,1
https://github.com/linux-msm/tqftpserv::tqftpserv,https://github.com/linux-msm/tqftpserv,fedora,tqftpserv,usr/lib/systemd/system/tqftpserv.service,tqftpserv.service,A,UNAMBIGUOUS_EXECUTABLE_LINEAGE,MATCHED,usr/lib/systemd/system/tqftpserv.service,tqftpserv,1,3,,,,1
https://github.com/linux-msm/tqftpserv::tqftpserv,https://github.com/linux-msm/tqftpserv,ubuntu,tqftpserv,usr/lib/systemd/system/tqftpserv.service,tqftpserv.service,A,UNAMBIGUOUS_EXECUTABLE_LINEAGE,MATCHED,usr/lib/systemd/system/tqftpserv.service,tqftpserv,1,3,,,,1
https://github.com/linux-nvme/nvme-cli::nvme,https://github.com/linux-nvme/nvme-cli,arch,nvme-cli,usr/lib/systemd/system/nvmf-autoconnect.service,nvmf-autoconnect.service,UNRESOLVED,UNAMBIGUOUS_EXECUTABLE_LINEAGE,SERVICE_LINEAGE_AMBIGUOUS,usr/lib/systemd/system/nvmf-autoconnect.service,nvme,2,4,,,,2
https://github.com/linux-nvme/nvme-cli::nvme,https://github.com/linux-nvme/nvme-cli,arch,nvme-cli,usr/lib/systemd/system/nvmf-connect-nbft.service,nvmf-connect-nbft.service,UNRESOLVED,UNAMBIGUOUS_EXECUTABLE_LINEAGE,SERVICE_LINEAGE_AMBIGUOUS,usr/lib/systemd/system/nvmf-connect-nbft.service,nvme,2,4,,,,2
https://github.com/linux-nvme/nvme-cli::nvme,https://github.com/linux-nvme/nvme-cli,debian,nvme-cli,usr/lib/systemd/system/nvmf-autoconnect.service,nvmf-autoconnect.service,UNRESOLVED,UNAMBIGUOUS_EXECUTABLE_LINEAGE,SERVICE_LINEAGE_AMBIGUOUS,usr/lib/systemd/system/nvmf-autoconnect.service,nvme,2,4,,,,2
https://github.com/linux-nvme/nvme-cli::nvme,https://github.com/linux-nvme/nvme-cli,debian,nvme-cli,usr/lib/systemd/system/nvmf-connect-nbft.service,nvmf-connect-nbft.service,UNRESOLVED,UNAMBIGUOUS_EXECUTABLE_LINEAGE,SERVICE_LINEAGE_AMBIGUOUS,usr/lib/systemd/system/nvmf-connect-nbft.service,nvme,2,4,,,,2
https://github.com/linux-nvme/nvme-cli::nvme,https://github.com/linux-nvme/nvme-cli,fedora,nvme-cli,usr/lib/systemd/system/nvmf-autoconnect.service,nvmf-autoconnect.service,UNRESOLVED,UNAMBIGUOUS_EXECUTABLE_LINEAGE,SERVICE_LINEAGE_AMBIGUOUS,usr/lib/systemd/system/nvmf-autoconnect.service,nvme,2,4,,,,2
https://github.com/linux-nvme/nvme-cli::nvme,https://github.com/linux-nvme/nvme-cli,fedora,nvme-cli,usr/lib/systemd/system/nvmf-connect-nbft.service,nvmf-connect-nbft.service,UNRESOLVED,UNAMBIGUOUS_EXECUTABLE_LINEAGE,SERVICE_LINEAGE_AMBIGUOUS,usr/lib/systemd/system/nvmf-connect-nbft.service,nvme,2,4,,,,2
https://github.com/linux-nvme/nvme-cli::nvme,https://github.com/linux-nvme/nvme-cli,ubuntu,nvme-cli,usr/lib/systemd/system/nvmf-autoconnect.service,nvmf-autoconnect.service,UNRESOLVED,UNAMBIGUOUS_EXECUTABLE_LINEAGE,SERVICE_LINEAGE_AMBIGUOUS,usr/lib/systemd/system/nvmf-autoconnect.service,nvme,2,4,,,,2
https://github.com/linux-nvme/nvme-cli::nvme,https://github.com/linux-nvme/nvme-cli,ubuntu,nvme-cli,usr/lib/systemd/system/nvmf-connect-nbft.service,nvmf-connect-nbft.service,UNRESOLVED,UNAMBIGUOUS_EXECUTABLE_LINEAGE,SERVICE_LINEAGE_AMBIGUOUS,usr/lib/systemd/system/nvmf-connect-nbft.service,nvme,2,4,,,,2
https://github.com/linux-nvme/nvme-cli::upstream-unit::nvmf-autoconnect/systemd/nvmefc-boot-connections.service,https://github.com/linux-nvme/nvme-cli,arch,nvme-cli,usr/lib/systemd/system/nvmefc-boot-connections.service,nvmefc-boot-connections.service,A,EXACT_UPSTREAM_UNIT_IDENTITY,MATCHED,/home/emrecan/github/ecylmz/unittrace/artifacts/full/roots/sources/arch/nvme-cli/2.16-2/nvme-cli-2.16/nvmf-autoconnect/systemd/nvmefc-boot-connections.service.in,sh,1,4,2.16-2,nvmf-autoconnect/systemd/nvmefc-boot-connections.service,cd802c1d800c2c4e07a4de3fc7a00bceb40abdceac5ab49af2a61fdfbc0e6306,1
https://github.com/linux-nvme/nvme-cli::upstream-unit::nvmf-autoconnect/systemd/nvmefc-boot-connections.service,https://github.com/linux-nvme/nvme-cli,debian,nvme-cli,usr/lib/systemd/system/nvmefc-boot-connections.service,nvmefc-boot-connections.service,A,EXACT_UPSTREAM_UNIT_IDENTITY,MATCHED,/home/emrecan/github/ecylmz/unittrace/artifacts/full/roots/sources/debian/nvme-cli/2.13-2/nvme-cli-2.13/nvmf-autoconnect/systemd/nvmefc-boot-connections.service.in,sh,1,4,2.13-2,nvmf-autoconnect/systemd/nvmefc-boot-connections.service,cd802c1d800c2c4e07a4de3fc7a00bceb40abdceac5ab49af2a61fdfbc0e6306,1
https://github.com/linux-nvme/nvme-cli::upstream-unit::nvmf-autoconnect/systemd/nvmefc-boot-connections.service,https://github.com/linux-nvme/nvme-cli,fedora,nvme-cli,usr/lib/systemd/system/nvmefc-boot-connections.service,nvmefc-boot-connections.service,A,EXACT_UPSTREAM_UNIT_IDENTITY,MATCHED,/home/emrecan/github/ecylmz/unittrace/artifacts/full/roots/sources/fedora/nvme-cli/nvme-cli-2.16-2.fc44.src.rpm/nvme-cli-2.16/nvmf-autoconnect/systemd/nvmefc-boot-connections.service.in,sh,1,4,nvme-cli-2.16-2.fc44.src.rpm,nvmf-autoconnect/systemd/nvmefc-boot-connections.service,cd802c1d800c2c4e07a4de3fc7a00bceb40abdceac5ab49af2a61fdfbc0e6306,1
https://github.com/linux-nvme/nvme-cli::upstream-unit::nvmf-autoconnect/systemd/nvmefc-boot-connections.service,https://github.com/linux-nvme/nvme-cli,ubuntu,nvme-cli,usr/lib/systemd/system/nvmefc-boot-connections.service,nvmefc-boot-connections.service,A,EXACT_UPSTREAM_UNIT_IDENTITY,MATCHED,/home/emrecan/github/ecylmz/unittrace/artifacts/full/roots/sources/ubuntu/nvme-cli/2.16-1/nvme-cli-2.16/nvmf-autoconnect/systemd/nvmefc-boot-connections.service.in,sh,1,4,2.16-1,nvmf-autoconnect/systemd/nvmefc-boot-connections.service,cd802c1d800c2c4e07a4de3fc7a00bceb40abdceac5ab49af2a61fdfbc0e6306,1
https://github.com/linux-nvme/nvme-stas::python3,https://github.com/linux-nvme/nvme-stas,fedora,nvme-stas,usr/lib/systemd/system/stacd.service,stacd.service,UNRESOLVED,UNAMBIGUOUS_EXECUTABLE_LINEAGE,SERVICE_LINEAGE_AMBIGUOUS,usr/lib/systemd/system/stacd.service,python3,2,2,,,,2
https://github.com/linux-nvme/nvme-stas::python3,https://github.com/linux-nvme/nvme-stas,fedora,nvme-stas,usr/lib/systemd/system/stafd.service,stafd.service,UNRESOLVED,UNAMBIGUOUS_EXECUTABLE_LINEAGE,SERVICE_LINEAGE_AMBIGUOUS,usr/lib/systemd/system/stafd.service,python3,2,2,,,,2
https://github.com/linux-nvme/nvme-stas::python3,https://github.com/linux-nvme/nvme-stas,ubuntu,nvme-stas,usr/lib/systemd/system/stacd.service,stacd.service,UNRESOLVED,UNAMBIGUOUS_EXECUTABLE_LINEAGE,SERVICE_LINEAGE_AMBIGUOUS,usr/lib/systemd/system/stacd.service,python3,2,2,,,,2
https://github.com/linux-nvme/nvme-stas::python3,https://github.com/linux-nvme/nvme-stas,ubuntu,nvme-stas,usr/lib/systemd/system/stafd.service,stafd.service,UNRESOLVED,UNAMBIGUOUS_EXECUTABLE_LINEAGE,SERVICE_LINEAGE_AMBIGUOUS,usr/lib/systemd/system/stafd.service,python3,2,2,,,,2
https://github.com/linux-rdma/opensm::sh,https://github.com/linux-rdma/opensm,debian,opensm,usr/lib/systemd/system/opensm.service,opensm.service,A,UNAMBIGUOUS_EXECUTABLE_LINEAGE,MATCHED,usr/lib/systemd/system/opensm.service,sh,1,2,,,,1
https://github.com/linux-rdma/opensm::sh,https://github.com/linux-rdma/opensm,ubuntu,opensm,usr/lib/systemd/system/opensm.service,opensm.service,A,UNAMBIGUOUS_EXECUTABLE_LINEAGE,MATCHED,usr/lib/systemd/system/opensm.service,sh,1,2,,,,1
https://github.com/linux-rdma/rdma-core::ibacm,https://github.com/linux-rdma/rdma-core,arch,rdma-core,usr/lib/systemd/system/ibacm.service,ibacm.service,A,UNAMBIGUOUS_EXECUTABLE_LINEAGE,MATCHED,usr/lib/systemd/system/ibacm.service,ibacm,1,4,,,,1
https://github.com/linux-rdma/rdma-core::ibacm,https://github.com/linux-rdma/rdma-core,debian,ibacm,usr/lib/systemd/system/ibacm.service,ibacm.service,A,UNAMBIGUOUS_EXECUTABLE_LINEAGE,MATCHED,usr/lib/systemd/system/ibacm.service,ibacm,1,4,,,,1
https://github.com/linux-rdma/rdma-core::ibacm,https://github.com/linux-rdma/rdma-core,fedora,ibacm,usr/lib/systemd/system/ibacm.service,ibacm.service,A,UNAMBIGUOUS_EXECUTABLE_LINEAGE,MATCHED,usr/lib/systemd/system/ibacm.service,ibacm,1,4,,,,1
https://github.com/linux-rdma/rdma-core::ibacm,https://github.com/linux-rdma/rdma-core,ubuntu,ibacm,usr/lib/systemd/system/ibacm.service,ibacm.service,A,UNAMBIGUOUS_EXECUTABLE_LINEAGE,MATCHED,usr/lib/systemd/system/ibacm.service,ibacm,1,4,,,,1
https://github.com/linux-rdma/rdma-core::iwpmd,https://github.com/linux-rdma/rdma-core,arch,rdma-core,usr/lib/systemd/system/iwpmd.service,iwpmd.service,A,UNAMBIGUOUS_EXECUTABLE_LINEAGE,MATCHED,usr/lib/systemd/system/iwpmd.service,iwpmd,1,4,,,,1
https://github.com/linux-rdma/rdma-core::iwpmd,https://github.com/linux-rdma/rdma-core,debian,rdma-core,usr/lib/systemd/system/iwpmd.service,iwpmd.service,A,UNAMBIGUOUS_EXECUTABLE_LINEAGE,MATCHED,usr/lib/systemd/system/iwpmd.service,iwpmd,1,4,,,,1
https://github.com/linux-rdma/rdma-core::iwpmd,https://github.com/linux-rdma/rdma-core,fedora,iwpmd,usr/lib/systemd/system/iwpmd.service,iwpmd.service,A,UNAMBIGUOUS_EXECUTABLE_LINEAGE,MATCHED,usr/lib/systemd/system/iwpmd.service,iwpmd,1,4,,,,1
https://github.com/linux-rdma/rdma-core::iwpmd,https://github.com/linux-rdma/rdma-core,ubuntu,rdma-core,usr/lib/systemd/system/iwpmd.service,iwpmd.service,A,UNAMBIGUOUS_EXECUTABLE_LINEAGE,MATCHED,usr/lib/systemd/system/iwpmd.service,iwpmd,1,4,,,,1
https://github.com/linux-rdma/rdma-core::rdma-ndd,https://github.com/linux-rdma/rdma-core,arch,rdma-core,usr/lib/systemd/system/rdma-ndd.service,rdma-ndd.service,A,UNAMBIGUOUS_EXECUTABLE_LINEAGE,MATCHED,usr/lib/systemd/system/rdma-ndd.service,rdma-ndd,1,4,,,,1
https://github.com/linux-rdma/rdma-core::rdma-ndd,https://github.com/linux-rdma/rdma-core,debian,rdma-core,usr/lib/systemd/system/rdma-ndd.service,rdma-ndd.service,A,UNAMBIGUOUS_EXECUTABLE_LINEAGE,MATCHED,usr/lib/systemd/system/rdma-ndd.service,rdma-ndd,1,4,,,,1
https://github.com/linux-rdma/rdma-core::rdma-ndd,https://github.com/linux-rdma/rdma-core,fedora,rdma-core,usr/lib/systemd/system/rdma-ndd.service,rdma-ndd.service,A,UNAMBIGUOUS_EXECUTABLE_LINEAGE,MATCHED,usr/lib/systemd/system/rdma-ndd.service,rdma-ndd,1,4,,,,1
https://github.com/linux-rdma/rdma-core::rdma-ndd,https://github.com/linux-rdma/rdma-core,ubuntu,rdma-core,usr/lib/systemd/system/rdma-ndd.service,rdma-ndd.service,A,UNAMBIGUOUS_EXECUTABLE_LINEAGE,MATCHED,usr/lib/systemd/system/rdma-ndd.service,rdma-ndd,1,4,,,,1
https://github.com/linux-rdma/rdma-core::start_on_all_ports,https://github.com/linux-rdma/rdma-core,arch,rdma-core,usr/lib/systemd/system/srp_daemon.service,srp_daemon.service,A,UNAMBIGUOUS_EXECUTABLE_LINEAGE,MATCHED,usr/lib/systemd/system/srp_daemon.service,start_on_all_ports,1,4,,,,1
https://github.com/linux-rdma/rdma-core::start_on_all_ports,https://github.com/linux-rdma/rdma-core,debian,srptools,usr/lib/systemd/system/srp_daemon.service,srp_daemon.service,A,UNAMBIGUOUS_EXECUTABLE_LINEAGE,MATCHED,usr/lib/systemd/system/srp_daemon.service,start_on_all_ports,1,4,,,,1
https://github.com/linux-rdma/rdma-core::start_on_all_ports,https://github.com/linux-rdma/rdma-core,fedora,srp_daemon,usr/lib/systemd/system/srp_daemon.service,srp_daemon.service,A,UNAMBIGUOUS_EXECUTABLE_LINEAGE,MATCHED,usr/lib/systemd/system/srp_daemon.service,start_on_all_ports,1,4,,,,1
https://github.com/linux-rdma/rdma-core::start_on_all_ports,https://github.com/linux-rdma/rdma-core,ubuntu,srptools,usr/lib/systemd/system/srp_daemon.service,srp_daemon.service,A,UNAMBIGUOUS_EXECUTABLE_LINEAGE,MATCHED,usr/lib/systemd/system/srp_daemon.service,start_on_all_ports,1,4,,,,1
https://github.com/linuxdeepin/dde-api::upstream-unit::misc/systemd/system/deepin-api-device.service,https://github.com/linuxdeepin/dde-api,arch,deepin-api,usr/lib/systemd/system/deepin-api-device.service,deepin-api-device.service,A,EXACT_UPSTREAM_UNIT_IDENTITY,MATCHED,/home/emrecan/github/ecylmz/unittrace/artifacts/full/roots/sources/arch/deepin-api/6.0.45-1/dde-api-a189a86675fbdba9eea953f5cdc19f9880d11f0a/misc/systemd/system/deepin-api-device.service,device,1,2,6.0.45-1,misc/systemd/system/deepin-api-device.service,bc71b153cda060c05d75c8ba9ab4a9740ac151c65ae1c0f3474c84cfc37adfc6,1
https://github.com/linuxdeepin/dde-api::upstream-unit::misc/systemd/system/deepin-api-device.service,https://github.com/linuxdeepin/dde-api,fedora,deepin-api,usr/lib/systemd/system/deepin-api-device.service,deepin-api-device.service,A,EXACT_UPSTREAM_UNIT_IDENTITY,MATCHED,/home/emrecan/github/ecylmz/unittrace/artifacts/full/roots/sources/fedora/deepin-api/deepin-api-6.0.34-2.fc44.src.rpm/dde-api-6.0.34/misc/systemd/system/deepin-api-device.service,device,1,2,deepin-api-6.0.34-2.fc44.src.rpm,misc/systemd/system/deepin-api-device.service,bc71b153cda060c05d75c8ba9ab4a9740ac151c65ae1c0f3474c84cfc37adfc6,1
https://github.com/linuxdeepin/dde-api::upstream-unit::misc/systemd/system/deepin-login-sound.service,https://github.com/linuxdeepin/dde-api,arch,deepin-api,usr/lib/systemd/system/deepin-login-sound.service,deepin-login-sound.service,A,EXACT_UPSTREAM_UNIT_IDENTITY,MATCHED,/home/emrecan/github/ecylmz/unittrace/artifacts/full/roots/sources/arch/deepin-api/6.0.45-1/dde-api-a189a86675fbdba9eea953f5cdc19f9880d11f0a/misc/systemd/system/deepin-login-sound.service,deepin-boot-sound.sh,1,2,6.0.45-1,misc/systemd/system/deepin-login-sound.service,67a693e85657b6c140c8066c3e57de13899116a0f6bc7fe0ed901e9117e2c604,1
https://github.com/linuxdeepin/dde-api::upstream-unit::misc/systemd/system/deepin-login-sound.service,https://github.com/linuxdeepin/dde-api,fedora,deepin-api,usr/lib/systemd/system/deepin-login-sound.service,deepin-login-sound.service,A,EXACT_UPSTREAM_UNIT_IDENTITY,MATCHED,/home/emrecan/github/ecylmz/unittrace/artifacts/full/roots/sources/fedora/deepin-api/deepin-api-6.0.34-2.fc44.src.rpm/dde-api-6.0.34/misc/systemd/system/deepin-login-sound.service,deepin-boot-sound.sh,1,2,deepin-api-6.0.34-2.fc44.src.rpm,misc/systemd/system/deepin-login-sound.service,67a693e85657b6c140c8066c3e57de13899116a0f6bc7fe0ed901e9117e2c604,1
https://github.com/linuxdeepin/dde-api::upstream-unit::misc/systemd/system/deepin-shutdown-sound.service,https://github.com/linuxdeepin/dde-api,arch,deepin-api,usr/lib/systemd/system/deepin-shutdown-sound.service,deepin-shutdown-sound.service,A,EXACT_UPSTREAM_UNIT_IDENTITY,MATCHED,/home/emrecan/github/ecylmz/unittrace/artifacts/full/roots/sources/arch/deepin-api/6.0.45-1/dde-api-a189a86675fbdba9eea953f5cdc19f9880d11f0a/misc/systemd/system/deepin-shutdown-sound.service,true,1,2,6.0.45-1,misc/systemd/system/deepin-shutdown-sound.service,9a0e3bdeb617c4a363053d912d254ebea3362ef8190934938d965bd512435f6a,1
https://github.com/linuxdeepin/dde-api::upstream-unit::misc/systemd/system/deepin-shutdown-sound.service,https://github.com/linuxdeepin/dde-api,fedora,deepin-api,usr/lib/systemd/system/deepin-shutdown-sound.service,deepin-shutdown-sound.service,A,EXACT_UPSTREAM_UNIT_IDENTITY,MATCHED,/home/emrecan/github/ecylmz/unittrace/artifacts/full/roots/sources/fedora/deepin-api/deepin-api-6.0.34-2.fc44.src.rpm/dde-api-6.0.34/misc/systemd/system/deepin-shutdown-sound.service,true,1,2,deepin-api-6.0.34-2.fc44.src.rpm,misc/systemd/system/deepin-shutdown-sound.service,9a0e3bdeb617c4a363053d912d254ebea3362ef8190934938d965bd512435f6a,1
https://github.com/linuxdeepin/dde-api::upstream-unit::misc/systemd/system/deepin-sound-theme-player.service,https://github.com/linuxdeepin/dde-api,arch,deepin-api,usr/lib/systemd/system/deepin-sound-theme-player.service,deepin-sound-theme-player.service,A,EXACT_UPSTREAM_UNIT_IDENTITY,MATCHED,/home/emrecan/github/ecylmz/unittrace/artifacts/full/roots/sources/arch/deepin-api/6.0.45-1/dde-api-a189a86675fbdba9eea953f5cdc19f9880d11f0a/misc/systemd/system/deepin-sound-theme-player.service,sound-theme-player,1,2,6.0.45-1,misc/systemd/system/deepin-sound-theme-player.service,81a7605b8cff1fe09f4434f4f88abcf5a1cf30c39206b2d5130c67cf0f1de3d3,1
https://github.com/linuxdeepin/dde-api::upstream-unit::misc/systemd/system/deepin-sound-theme-player.service,https://github.com/linuxdeepin/dde-api,fedora,deepin-api,usr/lib/systemd/system/deepin-sound-theme-player.service,deepin-sound-theme-player.service,A,EXACT_UPSTREAM_UNIT_IDENTITY,MATCHED,/home/emrecan/github/ecylmz/unittrace/artifacts/full/roots/sources/fedora/deepin-api/deepin-api-6.0.34-2.fc44.src.rpm/dde-api-6.0.34/misc/systemd/system/deepin-sound-theme-player.service,sound-theme-player,1,2,deepin-api-6.0.34-2.fc44.src.rpm,misc/systemd/system/deepin-sound-theme-player.service,81a7605b8cff1fe09f4434f4f88abcf5a1cf30c39206b2d5130c67cf0f1de3d3,1
https://github.com/linuxdeepin/deepin-boot-maker::upstream-unit::src/service/data/deepin-boot-maker.service,https://github.com/linuxdeepin/deepin-boot-maker,arch,deepin-boot-maker,usr/lib/systemd/system/deepin-boot-maker.service,deepin-boot-maker.service,A,EXACT_UPSTREAM_UNIT_IDENTITY,MATCHED,/home/emrecan/github/ecylmz/unittrace/artifacts/full/roots/sources/arch/deepin-boot-maker/6.0.19-1/deepin-boot-maker-48288a89efe8ac0f60a8b5b93d67cf0dcb9bfea7/src/service/data/deepin-boot-maker.service,deepin-boot-maker-service,1,3,6.0.19-1,src/service/data/deepin-boot-maker.service,5b20fe7fcdc1971a0510f3b69818929a4fb6b4a788fb392c931618a23755e7fe,1
https://github.com/linuxdeepin/deepin-boot-maker::upstream-unit::src/service/data/deepin-boot-maker.service,https://github.com/linuxdeepin/deepin-boot-maker,debian,deepin-boot-maker,usr/lib/systemd/system/deepin-boot-maker.service,deepin-boot-maker.service,A,EXACT_UPSTREAM_UNIT_IDENTITY,MATCHED,/home/emrecan/github/ecylmz/unittrace/artifacts/full/roots/sources/debian/deepin-boot-maker/5.10.0+dfsg2-2/deepin-boot-maker-5.10.0+dfsg2/src/service/data/deepin-boot-maker.service,deepin-boot-maker-service,1,3,5.10.0+dfsg2-2,src/service/data/deepin-boot-maker.service,195622fa4236752b80934171bba120cfc34f61fea4253c03a93df0ed3dc0551a,1
https://github.com/linuxdeepin/deepin-boot-maker::upstream-unit::src/service/data/deepin-boot-maker.service,https://github.com/linuxdeepin/deepin-boot-maker,ubuntu,deepin-boot-maker,usr/lib/systemd/system/deepin-boot-maker.service,deepin-boot-maker.service,A,EXACT_UPSTREAM_UNIT_IDENTITY,MATCHED,/home/emrecan/github/ecylmz/unittrace/artifacts/full/roots/sources/ubuntu/deepin-boot-maker/5.10.0+dfsg2-2build1/deepin-boot-maker-5.10.0+dfsg2/src/service/data/deepin-boot-maker.service,deepin-boot-maker-service,1,3,5.10.0+dfsg2-2build1,src/service/data/deepin-boot-maker.service,195622fa4236752b80934171bba120cfc34f61fea4253c03a93df0ed3dc0551a,1
https://github.com/linuxdeepin/deepin-pw-check::upstream-unit::misc/systemd-service/deepin-passwd-conf.service,https://github.com/linuxdeepin/deepin-pw-check,arch,deepin-pw-check,usr/lib/systemd/system/deepin-passwd-conf.service,deepin-passwd-conf.service,A,EXACT_UPSTREAM_UNIT_IDENTITY,MATCHED,/home/emrecan/github/ecylmz/unittrace/artifacts/full/roots/sources/arch/deepin-pw-check/6.0.12-1/deepin-pw-check-feeb637c12e7f2c5f749d6e9be62bcaf9129675e/misc/systemd-service/deepin-passwd-conf.service,deepin-pw-check,1,2,6.0.12-1,misc/systemd-service/deepin-passwd-conf.service,adc882866af86a5fbc73c9974e33a6293ec4ac2d68b9ddff2fb6d56014d39884,1
https://github.com/linuxdeepin/deepin-pw-check::upstream-unit::misc/systemd-service/deepin-passwd-conf.service,https://github.com/linuxdeepin/deepin-pw-check,fedora,deepin-pw-check,usr/lib/systemd/system/deepin-passwd-conf.service,deepin-passwd-conf.service,A,EXACT_UPSTREAM_UNIT_IDENTITY,MATCHED,/home/emrecan/github/ecylmz/unittrace/artifacts/full/roots/sources/fedora/deepin-pw-check/deepin-pw-check-6.0.6-5.fc44.src.rpm/deepin-pw-check-6.0.6/misc/systemd-service/deepin-passwd-conf.service,deepin-pw-check,1,2,deepin-pw-check-6.0.6-5.fc44.src.rpm,misc/systemd-service/deepin-passwd-conf.service,ee0ad4757602f01f6bd05097b55a61740c3d658b61aad2b5685a5ea4b7a4b931,1
https://github.com/linuxdeepin/deepin-system-monitor::upstream-unit::deepin-system-monitor-system-server/misc/deepin-system-monitor-system-server.service,https://github.com/linuxdeepin/deepin-system-monitor,arch,deepin-system-monitor,usr/lib/systemd/system/deepin-system-monitor-system-server.service,deepin-system-monitor-system-server.service,A,EXACT_UPSTREAM_UNIT_IDENTITY,MATCHED,/home/emrecan/github/ecylmz/unittrace/artifacts/full/roots/sources/arch/deepin-system-monitor/6.5.46-1/deepin-system-monitor-6401c099232ec9fdaaa68ca26c58daf810457f45/deepin-system-monitor-system-server/misc/deepin-system-monitor-system-server.service,deepin-system-monitor-system-server,1,2,6.5.46-1,deepin-system-monitor-system-server/misc/deepin-system-monitor-system-server.service,a5324b4beda547accf2128fd67dbaed418d0d4fd6ee696c47b0cd9ac7558d353,1
https://github.com/linuxdeepin/deepin-system-monitor::upstream-unit::deepin-system-monitor-system-server/misc/deepin-system-monitor-system-server.service,https://github.com/linuxdeepin/deepin-system-monitor,fedora,deepin-system-monitor,usr/lib/systemd/system/deepin-system-monitor-system-server.service,deepin-system-monitor-system-server.service,A,EXACT_UPSTREAM_UNIT_IDENTITY,MATCHED,/home/emrecan/github/ecylmz/unittrace/artifacts/full/roots/sources/fedora/deepin-system-monitor/deepin-system-monitor-6.5.37-3.fc44.src.rpm/deepin-system-monitor-6.5.37/deepin-system-monitor-system-server/misc/deepin-system-monitor-system-server.service,deepin-system-monitor-system-server,1,2,deepin-system-monitor-6.5.37-3.fc44.src.rpm,deepin-system-monitor-system-server/misc/deepin-system-monitor-system-server.service,cd8f914e6761efd05631599a5d5de9f272ffa3c4cac8bd81259432b5d3aa39f0,1
https://github.com/logrotate/logrotate::upstream-unit::examples/logrotate.service,https://github.com/logrotate/logrotate,arch,logrotate,usr/lib/systemd/system/logrotate.service,logrotate.service,A,EXACT_UPSTREAM_UNIT_IDENTITY,MATCHED,/home/emrecan/github/ecylmz/unittrace/artifacts/full/roots/sources/arch/logrotate/3.22.0-1/logrotate-3.22.0/examples/logrotate.service,logrotate,1,4,3.22.0-1,examples/logrotate.service,cc5c35e740bce405c1177903f675e8beb471c2fba394732eaf8100e4e9a5e0fb,1
https://github.com/logrotate/logrotate::upstream-unit::examples/logrotate.service,https://github.com/logrotate/logrotate,debian,logrotate,usr/lib/systemd/system/logrotate.service,logrotate.service,A,EXACT_UPSTREAM_UNIT_IDENTITY,MATCHED,/home/emrecan/github/ecylmz/unittrace/artifacts/full/roots/sources/debian/logrotate/3.22.0-1/logrotate-3.22.0/examples/logrotate.service,logrotate,1,4,3.22.0-1,examples/logrotate.service,cc5c35e740bce405c1177903f675e8beb471c2fba394732eaf8100e4e9a5e0fb,1
https://github.com/logrotate/logrotate::upstream-unit::examples/logrotate.service,https://github.com/logrotate/logrotate,fedora,logrotate,usr/lib/systemd/system/logrotate.service,logrotate.service,A,EXACT_UPSTREAM_UNIT_IDENTITY,MATCHED,/home/emrecan/github/ecylmz/unittrace/artifacts/full/roots/sources/fedora/logrotate/logrotate-3.22.0-5.fc44.src.rpm/logrotate-3.22.0/examples/logrotate.service,logrotate,1,4,logrotate-3.22.0-5.fc44.src.rpm,examples/logrotate.service,cc5c35e740bce405c1177903f675e8beb471c2fba394732eaf8100e4e9a5e0fb,1
https://github.com/logrotate/logrotate::upstream-unit::examples/logrotate.service,https://github.com/logrotate/logrotate,ubuntu,logrotate,usr/lib/systemd/system/logrotate.service,logrotate.service,A,EXACT_UPSTREAM_UNIT_IDENTITY,MATCHED,/home/emrecan/github/ecylmz/unittrace/artifacts/full/roots/sources/ubuntu/logrotate/3.22.0-1build1/logrotate-3.22.0/examples/logrotate.service,logrotate,1,4,3.22.0-1build1,examples/logrotate.service,cc5c35e740bce405c1177903f675e8beb471c2fba394732eaf8100e4e9a5e0fb,1
https://github.com/mikebrady/shairport-sync::shairport-sync,https://github.com/mikebrady/shairport-sync,arch,shairport-sync,usr/lib/systemd/system/shairport-sync.service,shairport-sync.service,A,UNAMBIGUOUS_EXECUTABLE_LINEAGE,MATCHED,usr/lib/systemd/system/shairport-sync.service,shairport-sync,1,4,,,,1
https://github.com/mikebrady/shairport-sync::shairport-sync,https://github.com/mikebrady/shairport-sync,debian,shairport-sync,usr/lib/systemd/system/shairport-sync.service,shairport-sync.service,A,UNAMBIGUOUS_EXECUTABLE_LINEAGE,MATCHED,usr/lib/systemd/system/shairport-sync.service,shairport-sync,1,4,,,,1
https://github.com/mikebrady/shairport-sync::shairport-sync,https://github.com/mikebrady/shairport-sync,fedora,shairport-sync,usr/lib/systemd/system/shairport-sync.service,shairport-sync.service,A,UNAMBIGUOUS_EXECUTABLE_LINEAGE,MATCHED,usr/lib/systemd/system/shairport-sync.service,shairport-sync,1,4,,,,1
https://github.com/mikebrady/shairport-sync::shairport-sync,https://github.com/mikebrady/shairport-sync,ubuntu,shairport-sync,usr/lib/systemd/system/shairport-sync.service,shairport-sync.service,A,UNAMBIGUOUS_EXECUTABLE_LINEAGE,MATCHED,usr/lib/systemd/system/shairport-sync.service,shairport-sync,1,4,,,,1
https://github.com/nfs-ganesha/nfs-ganesha::bash,https://github.com/nfs-ganesha/nfs-ganesha,debian,nfs-ganesha,usr/lib/systemd/system/nfs-ganesha.service,nfs-ganesha.service,A,UNAMBIGUOUS_EXECUTABLE_LINEAGE,MATCHED,usr/lib/systemd/system/nfs-ganesha.service,bash,1,3,,,,1
https://github.com/nfs-ganesha/nfs-ganesha::bash,https://github.com/nfs-ganesha/nfs-ganesha,fedora,nfs-ganesha,usr/lib/systemd/system/nfs-ganesha.service,nfs-ganesha.service,A,UNAMBIGUOUS_EXECUTABLE_LINEAGE,MATCHED,usr/lib/systemd/system/nfs-ganesha.service,bash,1,3,,,,1
https://github.com/nfs-ganesha/nfs-ganesha::bash,https://github.com/nfs-ganesha/nfs-ganesha,ubuntu,nfs-ganesha,usr/lib/systemd/system/nfs-ganesha.service,nfs-ganesha.service,A,UNAMBIGUOUS_EXECUTABLE_LINEAGE,MATCHED,usr/lib/systemd/system/nfs-ganesha.service,bash,1,3,,,,1
https://github.com/nfs-ganesha/nfs-ganesha::nfs-ganesha-config.sh,https://github.com/nfs-ganesha/nfs-ganesha,debian,nfs-ganesha,usr/lib/systemd/system/nfs-ganesha-config.service,nfs-ganesha-config.service,A,UNAMBIGUOUS_EXECUTABLE_LINEAGE,MATCHED,usr/lib/systemd/system/nfs-ganesha-config.service,nfs-ganesha-config.sh,1,3,,,,1
https://github.com/nfs-ganesha/nfs-ganesha::nfs-ganesha-config.sh,https://github.com/nfs-ganesha/nfs-ganesha,fedora,nfs-ganesha,usr/lib/systemd/system/nfs-ganesha-config.service,nfs-ganesha-config.service,A,UNAMBIGUOUS_EXECUTABLE_LINEAGE,MATCHED,usr/lib/systemd/system/nfs-ganesha-config.service,nfs-ganesha-config.sh,1,3,,,,1
https://github.com/nfs-ganesha/nfs-ganesha::nfs-ganesha-config.sh,https://github.com/nfs-ganesha/nfs-ganesha,ubuntu,nfs-ganesha,usr/lib/systemd/system/nfs-ganesha-config.service,nfs-ganesha-config.service,A,UNAMBIGUOUS_EXECUTABLE_LINEAGE,MATCHED,usr/lib/systemd/system/nfs-ganesha-config.service,nfs-ganesha-config.sh,1,3,,,,1
https://github.com/nhorman/rng-tools::rngd,https://github.com/nhorman/rng-tools,arch,rng-tools,usr/lib/systemd/system/rngd.service,rngd.service,A,UNAMBIGUOUS_EXECUTABLE_LINEAGE,MATCHED,usr/lib/systemd/system/rngd.service,rngd,1,2,,,,1
https://github.com/nhorman/rng-tools::rngd,https://github.com/nhorman/rng-tools,fedora,rng-tools,usr/lib/systemd/system/rngd.service,rngd.service,A,UNAMBIGUOUS_EXECUTABLE_LINEAGE,MATCHED,usr/lib/systemd/system/rngd.service,rngd,1,2,,,,1
https://github.com/oliver006/redis_exporter::prometheus-redis-exporter,https://github.com/oliver006/redis_exporter,arch,prometheus-redis-exporter,usr/lib/systemd/system/prometheus-redis-exporter.service,prometheus-redis-exporter.service,A,UNAMBIGUOUS_EXECUTABLE_LINEAGE,MATCHED,usr/lib/systemd/system/prometheus-redis-exporter.service,prometheus-redis-exporter,1,3,,,,1
https://github.com/oliver006/redis_exporter::prometheus-redis-exporter,https://github.com/oliver006/redis_exporter,debian,prometheus-redis-exporter,usr/lib/systemd/system/prometheus-redis-exporter.service,prometheus-redis-exporter.service,A,UNAMBIGUOUS_EXECUTABLE_LINEAGE,MATCHED,usr/lib/systemd/system/prometheus-redis-exporter.service,prometheus-redis-exporter,1,3,,,,1
https://github.com/oliver006/redis_exporter::prometheus-redis-exporter,https://github.com/oliver006/redis_exporter,ubuntu,prometheus-redis-exporter,usr/lib/systemd/system/prometheus-redis-exporter.service,prometheus-redis-exporter.service,A,UNAMBIGUOUS_EXECUTABLE_LINEAGE,MATCHED,usr/lib/systemd/system/prometheus-redis-exporter.service,prometheus-redis-exporter,1,3,,,,1
https://github.com/ollama/ollama::ollama,https://github.com/ollama/ollama,arch,ollama,usr/lib/systemd/system/ollama.service,ollama.service,A,UNAMBIGUOUS_EXECUTABLE_LINEAGE,MATCHED,usr/lib/systemd/system/ollama.service,ollama,1,2,,,,1
https://github.com/ollama/ollama::ollama,https://github.com/ollama/ollama,fedora,ollama,usr/lib/systemd/system/ollama.service,ollama.service,A,UNAMBIGUOUS_EXECUTABLE_LINEAGE,MATCHED,usr/lib/systemd/system/ollama.service,ollama,1,2,,,,1
https://github.com/open-iscsi/open-isns::isnsd,https://github.com/open-iscsi/open-isns,debian,open-isns-server,usr/lib/systemd/system/isnsd.service,isnsd.service,A,UNAMBIGUOUS_EXECUTABLE_LINEAGE,MATCHED,usr/lib/systemd/system/isnsd.service,isnsd,1,3,,,,1
https://github.com/open-iscsi/open-isns::isnsd,https://github.com/open-iscsi/open-isns,fedora,isns-utils,usr/lib/systemd/system/isnsd.service,isnsd.service,A,UNAMBIGUOUS_EXECUTABLE_LINEAGE,MATCHED,usr/lib/systemd/system/isnsd.service,isnsd,1,3,,,,1
https://github.com/open-iscsi/open-isns::isnsd,https://github.com/open-iscsi/open-isns,ubuntu,open-isns-server,usr/lib/systemd/system/isnsd.service,isnsd.service,A,UNAMBIGUOUS_EXECUTABLE_LINEAGE,MATCHED,usr/lib/systemd/system/isnsd.service,isnsd,1,3,,,,1
https://github.com/open-iscsi/open-isns::isnsdd,https://github.com/open-iscsi/open-isns,debian,open-isns-discoveryd,usr/lib/systemd/system/isnsdd.service,isnsdd.service,A,UNAMBIGUOUS_EXECUTABLE_LINEAGE,MATCHED,usr/lib/systemd/system/isnsdd.service,isnsdd,1,2,,,,1
https://github.com/open-iscsi/open-isns::isnsdd,https://github.com/open-iscsi/open-isns,ubuntu,open-isns-discoveryd,usr/lib/systemd/system/isnsdd.service,isnsdd.service,A,UNAMBIGUOUS_EXECUTABLE_LINEAGE,MATCHED,usr/lib/systemd/system/isnsdd.service,isnsdd,1,2,,,,1
https://github.com/open-iscsi/rtslib-fb::upstream-unit::systemd/target.service,https://github.com/open-iscsi/rtslib-fb,fedora,target-restore,usr/lib/systemd/system/target.service,target.service,A,EXACT_UPSTREAM_UNIT_IDENTITY,MATCHED,/home/emrecan/github/ecylmz/unittrace/artifacts/full/roots/sources/fedora/python-rtslib/python-rtslib-2.2.4-1.fc44.src.rpm/rtslib-fb-2.2.4/systemd/target.service,targetctl,1,2,python-rtslib-2.2.4-1.fc44.src.rpm,systemd/target.service,74b9e5c11eab1781aa8b43680b429080ae800fbcdafd29626791b5426a4cdea8,1
https://github.com/open-iscsi/rtslib-fb::upstream-unit::systemd/target.service,https://github.com/open-iscsi/rtslib-fb,ubuntu,python3-rtslib-fb,lib/systemd/system/target.service,target.service,A,EXACT_UPSTREAM_UNIT_IDENTITY,MATCHED,/home/emrecan/github/ecylmz/unittrace/artifacts/full/roots/sources/ubuntu/python-rtslib-fb/2.1.74-0ubuntu6/rtslib-fb-2.1.74/systemd/target.service,targetctl,1,2,2.1.74-0ubuntu6,systemd/target.service,98d293a0e6061310551f735f768f0bb8bbca273762e2051782be723544b5da6b,1
https://github.com/open-iscsi/targetcli-fb::upstream-unit::systemd/targetclid.service,https://github.com/open-iscsi/targetcli-fb,fedora,targetcli,usr/lib/systemd/system/targetclid.service,targetclid.service,A,EXACT_UPSTREAM_UNIT_IDENTITY,MATCHED,/home/emrecan/github/ecylmz/unittrace/artifacts/full/roots/sources/fedora/targetcli/targetcli-3.0.1-5.fc44.src.rpm/targetcli-fb-3.0.1/systemd/targetclid.service,targetclid,1,2,targetcli-3.0.1-5.fc44.src.rpm,systemd/targetclid.service,7c3bae9722b62ea7dac917ff13d077db2353e10ca3710cfbea960f5bd2d753de,1
https://github.com/open-iscsi/targetcli-fb::upstream-unit::systemd/targetclid.service,https://github.com/open-iscsi/targetcli-fb,ubuntu,targetcli-fb,usr/lib/systemd/system/targetclid.service,targetclid.service,A,EXACT_UPSTREAM_UNIT_IDENTITY,MATCHED,/home/emrecan/github/ecylmz/unittrace/artifacts/full/roots/sources/ubuntu/targetcli-fb/3.0.1-0.1build1/targetcli-fb-3.0.1/systemd/targetclid.service,targetclid,1,2,1:3.0.1-0.1build1,systemd/targetclid.service,7c3bae9722b62ea7dac917ff13d077db2353e10ca3710cfbea960f5bd2d753de,1
https://github.com/open-iscsi/tcmu-runner::upstream-unit::tcmu-runner.service,https://github.com/open-iscsi/tcmu-runner,debian,tcmu-runner,usr/lib/systemd/system/tcmu-runner.service,tcmu-runner.service,A,EXACT_UPSTREAM_UNIT_IDENTITY,MATCHED,/home/emrecan/github/ecylmz/unittrace/artifacts/full/roots/sources/debian/tcmu/1.5.4-9/tcmu-1.5.4/tcmu-runner.service,tcmu-runner,1,3,1.5.4-9,tcmu-runner.service,57afeff6fefa0a01036d2fc77508dedbb9837c7d212f82932f424a69bc9b4933,1
https://github.com/open-iscsi/tcmu-runner::upstream-unit::tcmu-runner.service,https://github.com/open-iscsi/tcmu-runner,fedora,tcmu-runner,usr/lib/systemd/system/tcmu-runner.service,tcmu-runner.service,A,EXACT_UPSTREAM_UNIT_IDENTITY,MATCHED,/home/emrecan/github/ecylmz/unittrace/artifacts/full/roots/sources/fedora/tcmu-runner/tcmu-runner-1.5.4-14.fc44.src.rpm/tcmu-runner-1.5.4/tcmu-runner.service,tcmu-runner,1,3,tcmu-runner-1.5.4-14.fc44.src.rpm,tcmu-runner.service,57afeff6fefa0a01036d2fc77508dedbb9837c7d212f82932f424a69bc9b4933,1
https://github.com/open-iscsi/tcmu-runner::upstream-unit::tcmu-runner.service,https://github.com/open-iscsi/tcmu-runner,ubuntu,tcmu-runner,usr/lib/systemd/system/tcmu-runner.service,tcmu-runner.service,A,EXACT_UPSTREAM_UNIT_IDENTITY,MATCHED,/home/emrecan/github/ecylmz/unittrace/artifacts/full/roots/sources/ubuntu/tcmu/1.5.4-10/tcmu-1.5.4/tcmu-runner.service,tcmu-runner,1,3,1.5.4-10,tcmu-runner.service,57afeff6fefa0a01036d2fc77508dedbb9837c7d212f82932f424a69bc9b4933,1
https://github.com/opencryptoki/opencryptoki::pkcsslotd,https://github.com/opencryptoki/opencryptoki,debian,opencryptoki,usr/lib/systemd/system/pkcsslotd.service,pkcsslotd.service,A,UNAMBIGUOUS_EXECUTABLE_LINEAGE,MATCHED,usr/lib/systemd/system/pkcsslotd.service,pkcsslotd,1,3,,,,1
https://github.com/opencryptoki/opencryptoki::pkcsslotd,https://github.com/opencryptoki/opencryptoki,fedora,opencryptoki,usr/lib/systemd/system/pkcsslotd.service,pkcsslotd.service,A,UNAMBIGUOUS_EXECUTABLE_LINEAGE,MATCHED,usr/lib/systemd/system/pkcsslotd.service,pkcsslotd,1,3,,,,1
https://github.com/opencryptoki/opencryptoki::pkcsslotd,https://github.com/opencryptoki/opencryptoki,ubuntu,opencryptoki,usr/lib/systemd/system/pkcsslotd.service,pkcsslotd.service,A,UNAMBIGUOUS_EXECUTABLE_LINEAGE,MATCHED,usr/lib/systemd/system/pkcsslotd.service,pkcsslotd,1,3,,,,1
https://github.com/oracle/ktls-utils::upstream-unit::systemd/tlshd.service,https://github.com/oracle/ktls-utils,debian,ktls-utils,usr/lib/systemd/system/tlshd.service,tlshd.service,A,EXACT_UPSTREAM_UNIT_IDENTITY,MATCHED,/home/emrecan/github/ecylmz/unittrace/artifacts/full/roots/sources/debian/ktls-utils/1.0.0-1/ktls-utils-1.0.0/systemd/tlshd.service,tlshd,1,3,1.0.0-1,systemd/tlshd.service,35537197fdabec4117db9ea05de374a8b6316b772721e2a3a2504b54137f5651,1
https://github.com/oracle/ktls-utils::upstream-unit::systemd/tlshd.service,https://github.com/oracle/ktls-utils,fedora,ktls-utils,usr/lib/systemd/system/tlshd.service,tlshd.service,A,EXACT_UPSTREAM_UNIT_IDENTITY,MATCHED,/home/emrecan/github/ecylmz/unittrace/artifacts/full/roots/sources/fedora/ktls-utils/ktls-utils-1.4.0-1.fc44.src.rpm/ktls-utils-1.4.0/systemd/tlshd.service,tlshd,1,3,ktls-utils-1.4.0-1.fc44.src.rpm,systemd/tlshd.service,35537197fdabec4117db9ea05de374a8b6316b772721e2a3a2504b54137f5651,1
https://github.com/oracle/ktls-utils::upstream-unit::systemd/tlshd.service,https://github.com/oracle/ktls-utils,ubuntu,ktls-utils,usr/lib/systemd/system/tlshd.service,tlshd.service,A,EXACT_UPSTREAM_UNIT_IDENTITY,MATCHED,/home/emrecan/github/ecylmz/unittrace/artifacts/full/roots/sources/ubuntu/ktls-utils/1.3.0-2/ktls-utils-1.3.0/systemd/tlshd.service,tlshd,1,3,1.3.0-2,systemd/tlshd.service,35537197fdabec4117db9ea05de374a8b6316b772721e2a3a2504b54137f5651,1
https://github.com/pcherenkov/udpxy::udpxy,https://github.com/pcherenkov/udpxy,arch,udpxy,usr/lib/systemd/system/udpxy.service,udpxy.service,A,UNAMBIGUOUS_EXECUTABLE_LINEAGE,MATCHED,usr/lib/systemd/system/udpxy.service,udpxy,1,2,,,,1
https://github.com/pcherenkov/udpxy::udpxy,https://github.com/pcherenkov/udpxy,fedora,udpxy,usr/lib/systemd/system/udpxy.service,udpxy.service,A,UNAMBIGUOUS_EXECUTABLE_LINEAGE,MATCHED,usr/lib/systemd/system/udpxy.service,udpxy,1,2,,,,1
https://github.com/pendulum-project/ntpd-rs::ntp-daemon,https://github.com/pendulum-project/ntpd-rs,debian,ntpd-rs,usr/lib/systemd/system/ntpd-rs.service,ntpd-rs.service,A,UNAMBIGUOUS_EXECUTABLE_LINEAGE,MATCHED,usr/lib/systemd/system/ntpd-rs.service,ntp-daemon,1,3,,,,1
https://github.com/pendulum-project/ntpd-rs::ntp-daemon,https://github.com/pendulum-project/ntpd-rs,fedora,ntpd-rs,usr/lib/systemd/system/ntpd-rs.service,ntpd-rs.service,A,UNAMBIGUOUS_EXECUTABLE_LINEAGE,MATCHED,usr/lib/systemd/system/ntpd-rs.service,ntp-daemon,1,3,,,,1
https://github.com/pendulum-project/ntpd-rs::ntp-daemon,https://github.com/pendulum-project/ntpd-rs,ubuntu,ntpd-rs,usr/lib/systemd/system/ntpd-rs.service,ntpd-rs.service,A,UNAMBIGUOUS_EXECUTABLE_LINEAGE,MATCHED,usr/lib/systemd/system/ntpd-rs.service,ntp-daemon,1,3,,,,1
https://github.com/pendulum-project/ntpd-rs::upstream-unit::docs/examples/conf/ntpd-rs-metrics.service,https://github.com/pendulum-project/ntpd-rs,debian,ntpd-rs-metrics,usr/lib/systemd/system/ntpd-rs-metrics.service,ntpd-rs-metrics.service,A,EXACT_UPSTREAM_UNIT_IDENTITY,MATCHED,/home/emrecan/github/ecylmz/unittrace/artifacts/full/roots/sources/debian/rust-ntpd/1.4.0-6/ntpd-1.4.0/docs/examples/conf/ntpd-rs-metrics.service,ntp-metrics-exporter,1,3,1.4.0-6,docs/examples/conf/ntpd-rs-metrics.service,cc983caf85aa40452b5c861640142e89cf12b800fbd77ab96de32b8a7526ab72,1
https://github.com/pendulum-project/ntpd-rs::upstream-unit::docs/examples/conf/ntpd-rs-metrics.service,https://github.com/pendulum-project/ntpd-rs,fedora,ntpd-rs,usr/lib/systemd/system/ntpd-rs-metrics.service,ntpd-rs-metrics.service,A,EXACT_UPSTREAM_UNIT_IDENTITY,MATCHED,/home/emrecan/github/ecylmz/unittrace/artifacts/full/roots/sources/fedora/ntpd-rs/ntpd-rs-1.7.2-1.fc44.src.rpm/ntpd-rs-1.7.2/docs/examples/conf/ntpd-rs-metrics.service,ntp-metrics-exporter,1,3,ntpd-rs-1.7.2-1.fc44.src.rpm,docs/examples/conf/ntpd-rs-metrics.service,cc983caf85aa40452b5c861640142e89cf12b800fbd77ab96de32b8a7526ab72,1
https://github.com/pendulum-project/ntpd-rs::upstream-unit::docs/examples/conf/ntpd-rs-metrics.service,https://github.com/pendulum-project/ntpd-rs,ubuntu,ntpd-rs-metrics,usr/lib/systemd/system/ntpd-rs-metrics.service,ntpd-rs-metrics.service,A,EXACT_UPSTREAM_UNIT_IDENTITY,MATCHED,/home/emrecan/github/ecylmz/unittrace/artifacts/full/roots/sources/ubuntu/rust-ntpd/1.7.1-1/ntpd-1.7.1/docs/examples/conf/ntpd-rs-metrics.service,ntp-metrics-exporter,1,3,1.7.1-1,docs/examples/conf/ntpd-rs-metrics.service,cc983caf85aa40452b5c861640142e89cf12b800fbd77ab96de32b8a7526ab72,1
https://github.com/phillipberndt/autorandr::upstream-unit::contrib/systemd/autorandr-lid-listener.service,https://github.com/phillipberndt/autorandr,arch,autorandr,usr/lib/systemd/system/autorandr-lid-listener.service,autorandr-lid-listener.service,A,EXACT_UPSTREAM_UNIT_IDENTITY,MATCHED,/home/emrecan/github/ecylmz/unittrace/artifacts/full/roots/sources/arch/autorandr/1.15-2/autorandr-1.15/contrib/systemd/autorandr-lid-listener.service,sh,1,3,1.15-2,contrib/systemd/autorandr-lid-listener.service,d911127b69c5bcf4eff046a8ad6a1498b164f582ac1d1185a8b6474b3f9b55b3,1
https://github.com/phillipberndt/autorandr::upstream-unit::contrib/systemd/autorandr-lid-listener.service,https://github.com/phillipberndt/autorandr,fedora,autorandr,usr/lib/systemd/system/autorandr-lid-listener.service,autorandr-lid-listener.service,A,EXACT_UPSTREAM_UNIT_IDENTITY,MATCHED,/home/emrecan/github/ecylmz/unittrace/artifacts/full/roots/sources/fedora/autorandr/autorandr-1.15-5.fc44.src.rpm/autorandr-1.15/contrib/systemd/autorandr-lid-listener.service,sh,1,3,autorandr-1.15-5.fc44.src.rpm,contrib/systemd/autorandr-lid-listener.service,d911127b69c5bcf4eff046a8ad6a1498b164f582ac1d1185a8b6474b3f9b55b3,1
https://github.com/phillipberndt/autorandr::upstream-unit::contrib/systemd/autorandr-lid-listener.service,https://github.com/phillipberndt/autorandr,ubuntu,autorandr,usr/lib/systemd/system/autorandr-lid-listener.service,autorandr-lid-listener.service,A,EXACT_UPSTREAM_UNIT_IDENTITY,MATCHED,/home/emrecan/github/ecylmz/unittrace/artifacts/full/roots/sources/ubuntu/autorandr/1.15-1build1/autorandr-1.15/contrib/systemd/autorandr-lid-listener.service,sh,1,3,1.15-1build1,contrib/systemd/autorandr-lid-listener.service,d911127b69c5bcf4eff046a8ad6a1498b164f582ac1d1185a8b6474b3f9b55b3,1
https://github.com/phillipberndt/autorandr::upstream-unit::contrib/systemd/autorandr.service,https://github.com/phillipberndt/autorandr,arch,autorandr,usr/lib/systemd/system/autorandr.service,autorandr.service,A,EXACT_UPSTREAM_UNIT_IDENTITY,MATCHED,/home/emrecan/github/ecylmz/unittrace/artifacts/full/roots/sources/arch/autorandr/1.15-2/autorandr-1.15/contrib/systemd/autorandr.service,autorandr,1,3,1.15-2,contrib/systemd/autorandr.service,6980f05d07be4cb1a62a21385910deb81b04cf0f82564daa9790e609cd2240e8,1
https://github.com/phillipberndt/autorandr::upstream-unit::contrib/systemd/autorandr.service,https://github.com/phillipberndt/autorandr,fedora,autorandr,usr/lib/systemd/system/autorandr.service,autorandr.service,A,EXACT_UPSTREAM_UNIT_IDENTITY,MATCHED,/home/emrecan/github/ecylmz/unittrace/artifacts/full/roots/sources/fedora/autorandr/autorandr-1.15-5.fc44.src.rpm/autorandr-1.15/contrib/systemd/autorandr.service,autorandr,1,3,autorandr-1.15-5.fc44.src.rpm,contrib/systemd/autorandr.service,6980f05d07be4cb1a62a21385910deb81b04cf0f82564daa9790e609cd2240e8,1
https://github.com/phillipberndt/autorandr::upstream-unit::contrib/systemd/autorandr.service,https://github.com/phillipberndt/autorandr,ubuntu,autorandr,usr/lib/systemd/system/autorandr.service,autorandr.service,A,EXACT_UPSTREAM_UNIT_IDENTITY,MATCHED,/home/emrecan/github/ecylmz/unittrace/artifacts/full/roots/sources/ubuntu/autorandr/1.15-1build1/autorandr-1.15/contrib/systemd/autorandr.service,autorandr,1,3,1.15-1build1,contrib/systemd/autorandr.service,6980f05d07be4cb1a62a21385910deb81b04cf0f82564daa9790e609cd2240e8,1
https://github.com/pmem/ndctl::upstream-unit::cxl/cxl-monitor.service,https://github.com/pmem/ndctl,arch,ndctl,usr/lib/systemd/system/cxl-monitor.service,cxl-monitor.service,A,EXACT_UPSTREAM_UNIT_IDENTITY,MATCHED,/home/emrecan/github/ecylmz/unittrace/artifacts/full/roots/sources/arch/ndctl/85-1/ndctl-15e932c4e1318a9608ad9b799ad83a32a8b5970d/cxl/cxl-monitor.service,cxl,1,4,85-1,cxl/cxl-monitor.service,775e75229ccdd1502cf5b5c96d12d0aa5ae0a4be6f664edd50d041647885a947,1
https://github.com/pmem/ndctl::upstream-unit::cxl/cxl-monitor.service,https://github.com/pmem/ndctl,debian,cxl,usr/lib/systemd/system/cxl-monitor.service,cxl-monitor.service,A,EXACT_UPSTREAM_UNIT_IDENTITY,MATCHED,/home/emrecan/github/ecylmz/unittrace/artifacts/full/roots/sources/debian/ndctl/81-1/ndctl-81/cxl/cxl-monitor.service,cxl,1,4,81-1,cxl/cxl-monitor.service,775e75229ccdd1502cf5b5c96d12d0aa5ae0a4be6f664edd50d041647885a947,1
https://github.com/pmem/ndctl::upstream-unit::cxl/cxl-monitor.service,https://github.com/pmem/ndctl,fedora,cxl-cli,usr/lib/systemd/system/cxl-monitor.service,cxl-monitor.service,A,EXACT_UPSTREAM_UNIT_IDENTITY,MATCHED,/home/emrecan/github/ecylmz/unittrace/artifacts/full/roots/sources/fedora/ndctl/ndctl-85-1.fc44.src.rpm/ndctl-85/cxl/cxl-monitor.service,cxl,1,4,ndctl-85-1.fc44.src.rpm,cxl/cxl-monitor.service,775e75229ccdd1502cf5b5c96d12d0aa5ae0a4be6f664edd50d041647885a947,1
https://github.com/pmem/ndctl::upstream-unit::cxl/cxl-monitor.service,https://github.com/pmem/ndctl,ubuntu,cxl,usr/lib/systemd/system/cxl-monitor.service,cxl-monitor.service,A,EXACT_UPSTREAM_UNIT_IDENTITY,MATCHED,/home/emrecan/github/ecylmz/unittrace/artifacts/full/roots/sources/ubuntu/ndctl/81-1ubuntu1/ndctl-81/cxl/cxl-monitor.service,cxl,1,4,81-1ubuntu1,cxl/cxl-monitor.service,775e75229ccdd1502cf5b5c96d12d0aa5ae0a4be6f664edd50d041647885a947,1
https://github.com/pmem/ndctl::upstream-unit::ndctl/ndctl-monitor.service,https://github.com/pmem/ndctl,arch,ndctl,usr/lib/systemd/system/ndctl-monitor.service,ndctl-monitor.service,A,EXACT_UPSTREAM_UNIT_IDENTITY,MATCHED,/home/emrecan/github/ecylmz/unittrace/artifacts/full/roots/sources/arch/ndctl/85-1/ndctl-15e932c4e1318a9608ad9b799ad83a32a8b5970d/ndctl/ndctl-monitor.service,ndctl,1,4,85-1,ndctl/ndctl-monitor.service,80f419550655c7a59d0b8982d387bc89bdd10f42ac151c8b3fe0f7f236f48671,1
https://github.com/pmem/ndctl::upstream-unit::ndctl/ndctl-monitor.service,https://github.com/pmem/ndctl,debian,ndctl,usr/lib/systemd/system/ndctl-monitor.service,ndctl-monitor.service,A,EXACT_UPSTREAM_UNIT_IDENTITY,MATCHED,/home/emrecan/github/ecylmz/unittrace/artifacts/full/roots/sources/debian/ndctl/81-1/ndctl-81/ndctl/ndctl-monitor.service,ndctl,1,4,81-1,ndctl/ndctl-monitor.service,80f419550655c7a59d0b8982d387bc89bdd10f42ac151c8b3fe0f7f236f48671,1
https://github.com/pmem/ndctl::upstream-unit::ndctl/ndctl-monitor.service,https://github.com/pmem/ndctl,fedora,ndctl,usr/lib/systemd/system/ndctl-monitor.service,ndctl-monitor.service,A,EXACT_UPSTREAM_UNIT_IDENTITY,MATCHED,/home/emrecan/github/ecylmz/unittrace/artifacts/full/roots/sources/fedora/ndctl/ndctl-85-1.fc44.src.rpm/ndctl-85/ndctl/ndctl-monitor.service,ndctl,1,4,ndctl-85-1.fc44.src.rpm,ndctl/ndctl-monitor.service,80f419550655c7a59d0b8982d387bc89bdd10f42ac151c8b3fe0f7f236f48671,1
https://github.com/pmem/ndctl::upstream-unit::ndctl/ndctl-monitor.service,https://github.com/pmem/ndctl,ubuntu,ndctl,usr/lib/systemd/system/ndctl-monitor.service,ndctl-monitor.service,A,EXACT_UPSTREAM_UNIT_IDENTITY,MATCHED,/home/emrecan/github/ecylmz/unittrace/artifacts/full/roots/sources/ubuntu/ndctl/81-1ubuntu1/ndctl-81/ndctl/ndctl-monitor.service,ndctl,1,4,81-1ubuntu1,ndctl/ndctl-monitor.service,80f419550655c7a59d0b8982d387bc89bdd10f42ac151c8b3fe0f7f236f48671,1
https://github.com/polkit-org/polkit::polkitd,https://github.com/polkit-org/polkit,arch,polkit,usr/lib/systemd/system/polkit.service,polkit.service,A,UNAMBIGUOUS_EXECUTABLE_LINEAGE,MATCHED,usr/lib/systemd/system/polkit.service,polkitd,1,4,,,,1
https://github.com/polkit-org/polkit::polkitd,https://github.com/polkit-org/polkit,debian,polkitd,usr/lib/systemd/system/polkit.service,polkit.service,A,UNAMBIGUOUS_EXECUTABLE_LINEAGE,MATCHED,usr/lib/systemd/system/polkit.service,polkitd,1,4,,,,1
https://github.com/polkit-org/polkit::polkitd,https://github.com/polkit-org/polkit,fedora,polkit,usr/lib/systemd/system/polkit.service,polkit.service,A,UNAMBIGUOUS_EXECUTABLE_LINEAGE,MATCHED,usr/lib/systemd/system/polkit.service,polkitd,1,4,,,,1
https://github.com/polkit-org/polkit::polkitd,https://github.com/polkit-org/polkit,ubuntu,polkitd,usr/lib/systemd/system/polkit.service,polkit.service,A,UNAMBIGUOUS_EXECUTABLE_LINEAGE,MATCHED,usr/lib/systemd/system/polkit.service,polkitd,1,4,,,,1
https://github.com/pop-os/cosmic-greeter::greetd,https://github.com/pop-os/cosmic-greeter,arch,cosmic-greeter,usr/lib/systemd/system/cosmic-greeter.service,cosmic-greeter.service,A,UNAMBIGUOUS_EXECUTABLE_LINEAGE,MATCHED,usr/lib/systemd/system/cosmic-greeter.service,greetd,1,2,,,,1
https://github.com/pop-os/cosmic-greeter::greetd,https://github.com/pop-os/cosmic-greeter,fedora,cosmic-greeter,usr/lib/systemd/system/cosmic-greeter.service,cosmic-greeter.service,A,UNAMBIGUOUS_EXECUTABLE_LINEAGE,MATCHED,usr/lib/systemd/system/cosmic-greeter.service,greetd,1,2,,,,1
https://github.com/pop-os/cosmic-greeter::upstream-unit::debian/cosmic-greeter-daemon.service,https://github.com/pop-os/cosmic-greeter,arch,cosmic-greeter,usr/lib/systemd/system/cosmic-greeter-daemon.service,cosmic-greeter-daemon.service,A,EXACT_UPSTREAM_UNIT_IDENTITY,MATCHED,/home/emrecan/github/ecylmz/unittrace/artifacts/full/roots/sources/arch/cosmic-greeter/1:1.5.0-1/cosmic-greeter-d39915ae2381424d406cd511a2310ef928144f4c/debian/cosmic-greeter-daemon.service,cosmic-greeter-daemon,1,2,1:1.5.0-1,debian/cosmic-greeter-daemon.service,347e4fc3ab251d1ac62eb07837a25b9abc2792cebb7dcaa1cddb78d82b124d59,1
https://github.com/pop-os/cosmic-greeter::upstream-unit::debian/cosmic-greeter-daemon.service,https://github.com/pop-os/cosmic-greeter,fedora,cosmic-greeter,usr/lib/systemd/system/cosmic-greeter-daemon.service,cosmic-greeter-daemon.service,A,EXACT_UPSTREAM_UNIT_IDENTITY,MATCHED,/home/emrecan/github/ecylmz/unittrace/artifacts/full/roots/sources/fedora/cosmic-greeter/cosmic-greeter-1.5.0-1.fc44.src.rpm/cosmic-greeter-epoch-1.5.0/debian/cosmic-greeter-daemon.service,cosmic-greeter-daemon,1,2,cosmic-greeter-1.5.0-1.fc44.src.rpm,debian/cosmic-greeter-daemon.service,347e4fc3ab251d1ac62eb07837a25b9abc2792cebb7dcaa1cddb78d82b124d59,1
https://github.com/pothosware/SoapyRemote::SoapySDRServer,https://github.com/pothosware/SoapyRemote,arch,soapyremote,usr/lib/systemd/system/SoapySDRServer.service,SoapySDRServer.service,A,UNAMBIGUOUS_EXECUTABLE_LINEAGE,MATCHED,usr/lib/systemd/system/SoapySDRServer.service,SoapySDRServer,1,3,,,,1
https://github.com/pothosware/SoapyRemote::SoapySDRServer,https://github.com/pothosware/SoapyRemote,debian,soapyremote-server,usr/lib/systemd/system/soapyremote-server.service,soapyremote-server.service,A,UNAMBIGUOUS_EXECUTABLE_LINEAGE,MATCHED,usr/lib/systemd/system/soapyremote-server.service,SoapySDRServer,1,3,,,,1
https://github.com/pothosware/SoapyRemote::SoapySDRServer,https://github.com/pothosware/SoapyRemote,ubuntu,soapyremote-server,usr/lib/systemd/system/soapyremote-server.service,soapyremote-server.service,A,UNAMBIGUOUS_EXECUTABLE_LINEAGE,MATCHED,usr/lib/systemd/system/soapyremote-server.service,SoapySDRServer,1,3,,,,1
https://github.com/prehor/amavisd-milter::amavisd-milter,https://github.com/prehor/amavisd-milter,fedora,amavisd-milter,usr/lib/systemd/system/amavisd-milter.service,amavisd-milter.service,A,UNAMBIGUOUS_EXECUTABLE_LINEAGE,MATCHED,usr/lib/systemd/system/amavisd-milter.service,amavisd-milter,1,2,,,,1
https://github.com/prehor/amavisd-milter::amavisd-milter,https://github.com/prehor/amavisd-milter,ubuntu,amavisd-milter,usr/lib/systemd/system/amavisd-milter.service,amavisd-milter.service,A,UNAMBIGUOUS_EXECUTABLE_LINEAGE,MATCHED,usr/lib/systemd/system/amavisd-milter.service,amavisd-milter,1,2,,,,1
https://github.com/prometheus-community/elasticsearch_exporter::prometheus-elasticsearch-exporter,https://github.com/prometheus-community/elasticsearch_exporter,arch,prometheus-elasticsearch-exporter,usr/lib/systemd/system/prometheus-elasticsearch-exporter.service,prometheus-elasticsearch-exporter.service,A,UNAMBIGUOUS_EXECUTABLE_LINEAGE,MATCHED,usr/lib/systemd/system/prometheus-elasticsearch-exporter.service,prometheus-elasticsearch-exporter,1,3,,,,1
https://github.com/prometheus-community/elasticsearch_exporter::prometheus-elasticsearch-exporter,https://github.com/prometheus-community/elasticsearch_exporter,debian,prometheus-elasticsearch-exporter,usr/lib/systemd/system/prometheus-elasticsearch-exporter.service,prometheus-elasticsearch-exporter.service,A,UNAMBIGUOUS_EXECUTABLE_LINEAGE,MATCHED,usr/lib/systemd/system/prometheus-elasticsearch-exporter.service,prometheus-elasticsearch-exporter,1,3,,,,1
https://github.com/prometheus-community/elasticsearch_exporter::prometheus-elasticsearch-exporter,https://github.com/prometheus-community/elasticsearch_exporter,ubuntu,prometheus-elasticsearch-exporter,usr/lib/systemd/system/prometheus-elasticsearch-exporter.service,prometheus-elasticsearch-exporter.service,A,UNAMBIGUOUS_EXECUTABLE_LINEAGE,MATCHED,usr/lib/systemd/system/prometheus-elasticsearch-exporter.service,prometheus-elasticsearch-exporter,1,3,,,,1
https://github.com/prometheus-community/ipmi_exporter::prometheus-ipmi-exporter,https://github.com/prometheus-community/ipmi_exporter,arch,prometheus-ipmi-exporter,usr/lib/systemd/system/prometheus-ipmi-exporter.service,prometheus-ipmi-exporter.service,A,UNAMBIGUOUS_EXECUTABLE_LINEAGE,MATCHED,usr/lib/systemd/system/prometheus-ipmi-exporter.service,prometheus-ipmi-exporter,1,3,,,,1
https://github.com/prometheus-community/ipmi_exporter::prometheus-ipmi-exporter,https://github.com/prometheus-community/ipmi_exporter,debian,prometheus-ipmi-exporter,usr/lib/systemd/system/prometheus-ipmi-exporter.service,prometheus-ipmi-exporter.service,A,UNAMBIGUOUS_EXECUTABLE_LINEAGE,MATCHED,usr/lib/systemd/system/prometheus-ipmi-exporter.service,prometheus-ipmi-exporter,1,3,,,,1
https://github.com/prometheus-community/ipmi_exporter::prometheus-ipmi-exporter,https://github.com/prometheus-community/ipmi_exporter,ubuntu,prometheus-ipmi-exporter,usr/lib/systemd/system/prometheus-ipmi-exporter.service,prometheus-ipmi-exporter.service,A,UNAMBIGUOUS_EXECUTABLE_LINEAGE,MATCHED,usr/lib/systemd/system/prometheus-ipmi-exporter.service,prometheus-ipmi-exporter,1,3,,,,1
https://github.com/prometheus-community/postgres_exporter::prometheus-postgres-exporter,https://github.com/prometheus-community/postgres_exporter,arch,prometheus-postgres-exporter,usr/lib/systemd/system/prometheus-postgres-exporter.service,prometheus-postgres-exporter.service,A,UNAMBIGUOUS_EXECUTABLE_LINEAGE,MATCHED,usr/lib/systemd/system/prometheus-postgres-exporter.service,prometheus-postgres-exporter,1,3,,,,1
https://github.com/prometheus-community/postgres_exporter::prometheus-postgres-exporter,https://github.com/prometheus-community/postgres_exporter,debian,prometheus-postgres-exporter,usr/lib/systemd/system/prometheus-postgres-exporter.service,prometheus-postgres-exporter.service,A,UNAMBIGUOUS_EXECUTABLE_LINEAGE,MATCHED,usr/lib/systemd/system/prometheus-postgres-exporter.service,prometheus-postgres-exporter,1,3,,,,1
https://github.com/prometheus-community/postgres_exporter::prometheus-postgres-exporter,https://github.com/prometheus-community/postgres_exporter,ubuntu,prometheus-postgres-exporter,usr/lib/systemd/system/prometheus-postgres-exporter.service,prometheus-postgres-exporter.service,A,UNAMBIGUOUS_EXECUTABLE_LINEAGE,MATCHED,usr/lib/systemd/system/prometheus-postgres-exporter.service,prometheus-postgres-exporter,1,3,,,,1
https://github.com/prometheus/alertmanager::prometheus-alertmanager,https://github.com/prometheus/alertmanager,debian,prometheus-alertmanager,usr/lib/systemd/system/prometheus-alertmanager.service,prometheus-alertmanager.service,UNRESOLVED,UNAMBIGUOUS_EXECUTABLE_LINEAGE,SERVICE_LINEAGE_AMBIGUOUS,usr/lib/systemd/system/prometheus-alertmanager.service,prometheus-alertmanager,1,3,,,,1
https://github.com/prometheus/alertmanager::prometheus-alertmanager,https://github.com/prometheus/alertmanager,fedora,alertmanager,usr/lib/systemd/system/prometheus-alertmanager.service,prometheus-alertmanager.service,UNRESOLVED,UNAMBIGUOUS_EXECUTABLE_LINEAGE,SERVICE_LINEAGE_AMBIGUOUS,usr/lib/systemd/system/prometheus-alertmanager.service,prometheus-alertmanager,2,3,,,,2
https://github.com/prometheus/alertmanager::prometheus-alertmanager,https://github.com/prometheus/alertmanager,fedora,golang-github-prometheus-alertmanager,usr/lib/systemd/system/prometheus-alertmanager.service,prometheus-alertmanager.service,UNRESOLVED,UNAMBIGUOUS_EXECUTABLE_LINEAGE,SERVICE_LINEAGE_AMBIGUOUS,usr/lib/systemd/system/prometheus-alertmanager.service,prometheus-alertmanager,2,3,,,,2
https://github.com/prometheus/alertmanager::prometheus-alertmanager,https://github.com/prometheus/alertmanager,ubuntu,prometheus-alertmanager,usr/lib/systemd/system/prometheus-alertmanager.service,prometheus-alertmanager.service,UNRESOLVED,UNAMBIGUOUS_EXECUTABLE_LINEAGE,SERVICE_LINEAGE_AMBIGUOUS,usr/lib/systemd/system/prometheus-alertmanager.service,prometheus-alertmanager,1,3,,,,1
https://github.com/prometheus/blackbox_exporter::prometheus-blackbox-exporter,https://github.com/prometheus/blackbox_exporter,arch,prometheus-blackbox-exporter,usr/lib/systemd/system/prometheus-blackbox-exporter.service,prometheus-blackbox-exporter.service,A,UNAMBIGUOUS_EXECUTABLE_LINEAGE,MATCHED,usr/lib/systemd/system/prometheus-blackbox-exporter.service,prometheus-blackbox-exporter,1,3,,,,1
https://github.com/prometheus/blackbox_exporter::prometheus-blackbox-exporter,https://github.com/prometheus/blackbox_exporter,debian,prometheus-blackbox-exporter,usr/lib/systemd/system/prometheus-blackbox-exporter.service,prometheus-blackbox-exporter.service,A,UNAMBIGUOUS_EXECUTABLE_LINEAGE,MATCHED,usr/lib/systemd/system/prometheus-blackbox-exporter.service,prometheus-blackbox-exporter,1,3,,,,1
https://github.com/prometheus/blackbox_exporter::prometheus-blackbox-exporter,https://github.com/prometheus/blackbox_exporter,ubuntu,prometheus-blackbox-exporter,usr/lib/systemd/system/prometheus-blackbox-exporter.service,prometheus-blackbox-exporter.service,A,UNAMBIGUOUS_EXECUTABLE_LINEAGE,MATCHED,usr/lib/systemd/system/prometheus-blackbox-exporter.service,prometheus-blackbox-exporter,1,3,,,,1
https://github.com/prometheus/mysqld_exporter::prometheus-mysqld-exporter,https://github.com/prometheus/mysqld_exporter,arch,prometheus-mysqld-exporter,usr/lib/systemd/system/prometheus-mysqld-exporter.service,prometheus-mysqld-exporter.service,A,UNAMBIGUOUS_EXECUTABLE_LINEAGE,MATCHED,usr/lib/systemd/system/prometheus-mysqld-exporter.service,prometheus-mysqld-exporter,1,3,,,,1
https://github.com/prometheus/mysqld_exporter::prometheus-mysqld-exporter,https://github.com/prometheus/mysqld_exporter,debian,prometheus-mysqld-exporter,usr/lib/systemd/system/prometheus-mysqld-exporter.service,prometheus-mysqld-exporter.service,A,UNAMBIGUOUS_EXECUTABLE_LINEAGE,MATCHED,usr/lib/systemd/system/prometheus-mysqld-exporter.service,prometheus-mysqld-exporter,1,3,,,,1
https://github.com/prometheus/mysqld_exporter::prometheus-mysqld-exporter,https://github.com/prometheus/mysqld_exporter,ubuntu,prometheus-mysqld-exporter,usr/lib/systemd/system/prometheus-mysqld-exporter.service,prometheus-mysqld-exporter.service,A,UNAMBIGUOUS_EXECUTABLE_LINEAGE,MATCHED,usr/lib/systemd/system/prometheus-mysqld-exporter.service,prometheus-mysqld-exporter,1,3,,,,1
https://github.com/prometheus/node_exporter::prometheus-node-exporter,https://github.com/prometheus/node_exporter,arch,prometheus-node-exporter,usr/lib/systemd/system/prometheus-node-exporter.service,prometheus-node-exporter.service,A,UNAMBIGUOUS_EXECUTABLE_LINEAGE,MATCHED,usr/lib/systemd/system/prometheus-node-exporter.service,prometheus-node-exporter,1,4,,,,1
https://github.com/prometheus/node_exporter::prometheus-node-exporter,https://github.com/prometheus/node_exporter,debian,prometheus-node-exporter,usr/lib/systemd/system/prometheus-node-exporter.service,prometheus-node-exporter.service,A,UNAMBIGUOUS_EXECUTABLE_LINEAGE,MATCHED,usr/lib/systemd/system/prometheus-node-exporter.service,prometheus-node-exporter,1,4,,,,1
https://github.com/prometheus/node_exporter::prometheus-node-exporter,https://github.com/prometheus/node_exporter,fedora,node-exporter,usr/lib/systemd/system/prometheus-node-exporter.service,prometheus-node-exporter.service,A,UNAMBIGUOUS_EXECUTABLE_LINEAGE,MATCHED,usr/lib/systemd/system/prometheus-node-exporter.service,prometheus-node-exporter,1,4,,,,1
https://github.com/prometheus/node_exporter::prometheus-node-exporter,https://github.com/prometheus/node_exporter,ubuntu,prometheus-node-exporter,usr/lib/systemd/system/prometheus-node-exporter.service,prometheus-node-exporter.service,A,UNAMBIGUOUS_EXECUTABLE_LINEAGE,MATCHED,usr/lib/systemd/system/prometheus-node-exporter.service,prometheus-node-exporter,1,4,,,,1
https://github.com/prometheus/snmp_exporter::prometheus-snmp-exporter,https://github.com/prometheus/snmp_exporter,arch,prometheus-snmp-exporter,usr/lib/systemd/system/prometheus-snmp-exporter.service,prometheus-snmp-exporter.service,A,UNAMBIGUOUS_EXECUTABLE_LINEAGE,MATCHED,usr/lib/systemd/system/prometheus-snmp-exporter.service,prometheus-snmp-exporter,1,3,,,,1
https://github.com/prometheus/snmp_exporter::prometheus-snmp-exporter,https://github.com/prometheus/snmp_exporter,debian,prometheus-snmp-exporter,usr/lib/systemd/system/prometheus-snmp-exporter.service,prometheus-snmp-exporter.service,A,UNAMBIGUOUS_EXECUTABLE_LINEAGE,MATCHED,usr/lib/systemd/system/prometheus-snmp-exporter.service,prometheus-snmp-exporter,1,3,,,,1
https://github.com/prometheus/snmp_exporter::prometheus-snmp-exporter,https://github.com/prometheus/snmp_exporter,ubuntu,prometheus-snmp-exporter,usr/lib/systemd/system/prometheus-snmp-exporter.service,prometheus-snmp-exporter.service,A,UNAMBIGUOUS_EXECUTABLE_LINEAGE,MATCHED,usr/lib/systemd/system/prometheus-snmp-exporter.service,prometheus-snmp-exporter,1,3,,,,1
https://github.com/pymumu/smartdns::smartdns,https://github.com/pymumu/smartdns,arch,smartdns,usr/lib/systemd/system/smartdns.service,smartdns.service,A,UNAMBIGUOUS_EXECUTABLE_LINEAGE,MATCHED,usr/lib/systemd/system/smartdns.service,smartdns,1,3,,,,1
https://github.com/pymumu/smartdns::smartdns,https://github.com/pymumu/smartdns,debian,smartdns,usr/lib/systemd/system/smartdns.service,smartdns.service,A,UNAMBIGUOUS_EXECUTABLE_LINEAGE,MATCHED,usr/lib/systemd/system/smartdns.service,smartdns,1,3,,,,1
https://github.com/pymumu/smartdns::smartdns,https://github.com/pymumu/smartdns,ubuntu,smartdns,usr/lib/systemd/system/smartdns.service,smartdns.service,A,UNAMBIGUOUS_EXECUTABLE_LINEAGE,MATCHED,usr/lib/systemd/system/smartdns.service,smartdns,1,3,,,,1
https://github.com/rfjakob/earlyoom::earlyoom,https://github.com/rfjakob/earlyoom,arch,earlyoom,usr/lib/systemd/system/earlyoom.service,earlyoom.service,A,UNAMBIGUOUS_EXECUTABLE_LINEAGE,MATCHED,usr/lib/systemd/system/earlyoom.service,earlyoom,1,4,,,,1
https://github.com/rfjakob/earlyoom::earlyoom,https://github.com/rfjakob/earlyoom,debian,earlyoom,usr/lib/systemd/system/earlyoom.service,earlyoom.service,A,UNAMBIGUOUS_EXECUTABLE_LINEAGE,MATCHED,usr/lib/systemd/system/earlyoom.service,earlyoom,1,4,,,,1
https://github.com/rfjakob/earlyoom::earlyoom,https://github.com/rfjakob/earlyoom,fedora,earlyoom,usr/lib/systemd/system/earlyoom.service,earlyoom.service,A,UNAMBIGUOUS_EXECUTABLE_LINEAGE,MATCHED,usr/lib/systemd/system/earlyoom.service,earlyoom,1,4,,,,1
https://github.com/rfjakob/earlyoom::earlyoom,https://github.com/rfjakob/earlyoom,ubuntu,earlyoom,usr/lib/systemd/system/earlyoom.service,earlyoom.service,A,UNAMBIGUOUS_EXECUTABLE_LINEAGE,MATCHED,usr/lib/systemd/system/earlyoom.service,earlyoom,1,4,,,,1
https://github.com/rfmoz/tuptime::tuptime,https://github.com/rfmoz/tuptime,fedora,tuptime,usr/lib/systemd/system/tuptime-sync.service,tuptime-sync.service,UNRESOLVED,UNAMBIGUOUS_EXECUTABLE_LINEAGE,SERVICE_LINEAGE_AMBIGUOUS,usr/lib/systemd/system/tuptime-sync.service,tuptime,2,2,,,,2
https://github.com/rfmoz/tuptime::tuptime,https://github.com/rfmoz/tuptime,fedora,tuptime,usr/lib/systemd/system/tuptime.service,tuptime.service,UNRESOLVED,UNAMBIGUOUS_EXECUTABLE_LINEAGE,SERVICE_LINEAGE_AMBIGUOUS,usr/lib/systemd/system/tuptime.service,tuptime,2,2,,,,2
https://github.com/rfmoz/tuptime::tuptime,https://github.com/rfmoz/tuptime,ubuntu,tuptime,usr/lib/systemd/system/tuptime-sync.service,tuptime-sync.service,UNRESOLVED,UNAMBIGUOUS_EXECUTABLE_LINEAGE,SERVICE_LINEAGE_AMBIGUOUS,usr/lib/systemd/system/tuptime-sync.service,tuptime,2,2,,,,2
https://github.com/rfmoz/tuptime::tuptime,https://github.com/rfmoz/tuptime,ubuntu,tuptime,usr/lib/systemd/system/tuptime.service,tuptime.service,UNRESOLVED,UNAMBIGUOUS_EXECUTABLE_LINEAGE,SERVICE_LINEAGE_AMBIGUOUS,usr/lib/systemd/system/tuptime.service,tuptime,2,2,,,,2
https://github.com/rhboot/pesign::pesign,https://github.com/rhboot/pesign,arch,pesign,usr/lib/systemd/system/pesign.service,pesign.service,A,UNAMBIGUOUS_EXECUTABLE_LINEAGE,MATCHED,usr/lib/systemd/system/pesign.service,pesign,1,2,,,,1
https://github.com/rhboot/pesign::pesign,https://github.com/rhboot/pesign,fedora,pesign,usr/lib/systemd/system/pesign.service,pesign.service,A,UNAMBIGUOUS_EXECUTABLE_LINEAGE,MATCHED,usr/lib/systemd/system/pesign.service,pesign,1,2,,,,1
https://github.com/rpm-software-management/dnf-plugins-core::upstream-unit::etc/systemd/dnf-system-upgrade-cleanup.service,https://github.com/rpm-software-management/dnf-plugins-core,fedora,python3-dnf-plugins-core,usr/lib/systemd/system/dnf-system-upgrade-cleanup.service,dnf-system-upgrade-cleanup.service,A,EXACT_UPSTREAM_UNIT_IDENTITY,MATCHED,/home/emrecan/github/ecylmz/unittrace/artifacts/full/roots/sources/fedora/dnf-plugins-core/dnf-plugins-core-4.10.1-9.fc44.src.rpm/dnf-plugins-core-4.10.1/etc/systemd/dnf-system-upgrade-cleanup.service,systemctl,1,2,dnf-plugins-core-4.10.1-9.fc44.src.rpm,etc/systemd/dnf-system-upgrade-cleanup.service,e4a9e9f39d493e8ebd490b54d827268bfb1e689f989a2bade019a1ffebd9b862,1
https://github.com/rpm-software-management/dnf-plugins-core::upstream-unit::etc/systemd/dnf-system-upgrade-cleanup.service,https://github.com/rpm-software-management/dnf-plugins-core,ubuntu,dnf-plugins-core,usr/lib/systemd/system/dnf-system-upgrade-cleanup.service,dnf-system-upgrade-cleanup.service,A,EXACT_UPSTREAM_UNIT_IDENTITY,MATCHED,/home/emrecan/github/ecylmz/unittrace/artifacts/full/roots/sources/ubuntu/dnf-plugins-core/4.10.1-5/dnf-plugins-core-4.10.1/etc/systemd/dnf-system-upgrade-cleanup.service,systemctl,1,2,4.10.1-5,etc/systemd/dnf-system-upgrade-cleanup.service,e4a9e9f39d493e8ebd490b54d827268bfb1e689f989a2bade019a1ffebd9b862,1
https://github.com/rpm-software-management/dnf-plugins-core::upstream-unit::etc/systemd/dnf-system-upgrade.service,https://github.com/rpm-software-management/dnf-plugins-core,fedora,python3-dnf-plugins-core,usr/lib/systemd/system/dnf-system-upgrade.service,dnf-system-upgrade.service,A,EXACT_UPSTREAM_UNIT_IDENTITY,MATCHED,/home/emrecan/github/ecylmz/unittrace/artifacts/full/roots/sources/fedora/dnf-plugins-core/dnf-plugins-core-4.10.1-9.fc44.src.rpm/dnf-plugins-core-4.10.1/etc/systemd/dnf-system-upgrade.service,dnf-3,1,2,dnf-plugins-core-4.10.1-9.fc44.src.rpm,etc/systemd/dnf-system-upgrade.service,853c4cde72fd514416722a0bd6af06c3fa86aac4884ee96f9ebbdcd867d0b102,1
https://github.com/rpm-software-management/dnf-plugins-core::upstream-unit::etc/systemd/dnf-system-upgrade.service,https://github.com/rpm-software-management/dnf-plugins-core,ubuntu,dnf-plugins-core,usr/lib/systemd/system/dnf-system-upgrade.service,dnf-system-upgrade.service,A,EXACT_UPSTREAM_UNIT_IDENTITY,MATCHED,/home/emrecan/github/ecylmz/unittrace/artifacts/full/roots/sources/ubuntu/dnf-plugins-core/4.10.1-5/dnf-plugins-core-4.10.1/etc/systemd/dnf-system-upgrade.service,dnf-3,1,2,4.10.1-5,etc/systemd/dnf-system-upgrade.service,853c4cde72fd514416722a0bd6af06c3fa86aac4884ee96f9ebbdcd867d0b102,1
https://github.com/rpm-software-management/dnf5::dnf5,https://github.com/rpm-software-management/dnf5,arch,dnf5,usr/lib/systemd/system/dnf5-automatic.service,dnf5-automatic.service,A,UNAMBIGUOUS_EXECUTABLE_LINEAGE,MATCHED,usr/lib/systemd/system/dnf5-automatic.service,dnf5,1,3,,,,1
https://github.com/rpm-software-management/dnf5::dnf5,https://github.com/rpm-software-management/dnf5,fedora,dnf5-plugin-automatic,usr/lib/systemd/system/dnf5-automatic.service,dnf5-automatic.service,A,UNAMBIGUOUS_EXECUTABLE_LINEAGE,MATCHED,usr/lib/systemd/system/dnf5-automatic.service,dnf5,1,3,,,,1
https://github.com/rpm-software-management/dnf5::dnf5,https://github.com/rpm-software-management/dnf5,ubuntu,dnf5-server,usr/lib/systemd/system/dnf5-automatic.service,dnf5-automatic.service,A,UNAMBIGUOUS_EXECUTABLE_LINEAGE,MATCHED,usr/lib/systemd/system/dnf5-automatic.service,dnf5,1,3,,,,1
https://github.com/rpm-software-management/dnf5::upstream-unit::dnf5/config/systemd/system/dnf5-offline-transaction-cleanup.service,https://github.com/rpm-software-management/dnf5,arch,dnf5,usr/lib/systemd/system/dnf5-offline-transaction-cleanup.service,dnf5-offline-transaction-cleanup.service,A,EXACT_UPSTREAM_UNIT_IDENTITY,MATCHED,/home/emrecan/github/ecylmz/unittrace/artifacts/full/roots/sources/arch/dnf5/5.4.2.1-1/dnf5-5.4.2.1/dnf5/config/systemd/system/dnf5-offline-transaction-cleanup.service,systemctl,1,3,5.4.2.1-1,dnf5/config/systemd/system/dnf5-offline-transaction-cleanup.service,174b2455054debdf4b350f6336822278d165597379831fb04b7591b4e659f34e,1
https://github.com/rpm-software-management/dnf5::upstream-unit::dnf5/config/systemd/system/dnf5-offline-transaction-cleanup.service,https://github.com/rpm-software-management/dnf5,fedora,dnf5,usr/lib/systemd/system/dnf5-offline-transaction-cleanup.service,dnf5-offline-transaction-cleanup.service,A,EXACT_UPSTREAM_UNIT_IDENTITY,MATCHED,/home/emrecan/github/ecylmz/unittrace/artifacts/full/roots/sources/fedora/dnf5/dnf5-5.4.2.1-1.fc44.src.rpm/dnf5-5.4.2.1/dnf5/config/systemd/system/dnf5-offline-transaction-cleanup.service,systemctl,1,3,dnf5-5.4.2.1-1.fc44.src.rpm,dnf5/config/systemd/system/dnf5-offline-transaction-cleanup.service,174b2455054debdf4b350f6336822278d165597379831fb04b7591b4e659f34e,1
https://github.com/rpm-software-management/dnf5::upstream-unit::dnf5/config/systemd/system/dnf5-offline-transaction-cleanup.service,https://github.com/rpm-software-management/dnf5,ubuntu,dnf5-server,usr/lib/systemd/system/dnf5-offline-transaction-cleanup.service,dnf5-offline-transaction-cleanup.service,A,EXACT_UPSTREAM_UNIT_IDENTITY,MATCHED,/home/emrecan/github/ecylmz/unittrace/artifacts/full/roots/sources/ubuntu/dnf5/5.4.0.0-1/dnf5-5.4.0.0/dnf5/config/systemd/system/dnf5-offline-transaction-cleanup.service,systemctl,1,3,5.4.0.0-1,dnf5/config/systemd/system/dnf5-offline-transaction-cleanup.service,174b2455054debdf4b350f6336822278d165597379831fb04b7591b4e659f34e,1
https://github.com/rpm-software-management/dnf5::upstream-unit::dnf5/config/systemd/system/dnf5-offline-transaction.service,https://github.com/rpm-software-management/dnf5,arch,dnf5,usr/lib/systemd/system/dnf5-offline-transaction.service,dnf5-offline-transaction.service,A,EXACT_UPSTREAM_UNIT_IDENTITY,MATCHED,/home/emrecan/github/ecylmz/unittrace/artifacts/full/roots/sources/arch/dnf5/5.4.2.1-1/dnf5-5.4.2.1/dnf5/config/systemd/system/dnf5-offline-transaction.service,dnf5,1,3,5.4.2.1-1,dnf5/config/systemd/system/dnf5-offline-transaction.service,fc0e8cac8f11c204e13656ef6a035cafee5ad43dc5eae2d6727bf0403401b37d,1
https://github.com/rpm-software-management/dnf5::upstream-unit::dnf5/config/systemd/system/dnf5-offline-transaction.service,https://github.com/rpm-software-management/dnf5,fedora,dnf5,usr/lib/systemd/system/dnf5-offline-transaction.service,dnf5-offline-transaction.service,A,EXACT_UPSTREAM_UNIT_IDENTITY,MATCHED,/home/emrecan/github/ecylmz/unittrace/artifacts/full/roots/sources/fedora/dnf5/dnf5-5.4.2.1-1.fc44.src.rpm/dnf5-5.4.2.1/dnf5/config/systemd/system/dnf5-offline-transaction.service,dnf5,1,3,dnf5-5.4.2.1-1.fc44.src.rpm,dnf5/config/systemd/system/dnf5-offline-transaction.service,fc0e8cac8f11c204e13656ef6a035cafee5ad43dc5eae2d6727bf0403401b37d,1
https://github.com/rpm-software-management/dnf5::upstream-unit::dnf5/config/systemd/system/dnf5-offline-transaction.service,https://github.com/rpm-software-management/dnf5,ubuntu,dnf5-server,usr/lib/systemd/system/dnf5-offline-transaction.service,dnf5-offline-transaction.service,A,EXACT_UPSTREAM_UNIT_IDENTITY,MATCHED,/home/emrecan/github/ecylmz/unittrace/artifacts/full/roots/sources/ubuntu/dnf5/5.4.0.0-1/dnf5-5.4.0.0/dnf5/config/systemd/system/dnf5-offline-transaction.service,dnf5,1,3,5.4.0.0-1,dnf5/config/systemd/system/dnf5-offline-transaction.service,fc0e8cac8f11c204e13656ef6a035cafee5ad43dc5eae2d6727bf0403401b37d,1
https://github.com/rpm-software-management/dnf5::upstream-unit::dnf5daemon-server/dbus/dnf5daemon-server.service,https://github.com/rpm-software-management/dnf5,arch,dnf5,usr/lib/systemd/system/dnf5daemon-server.service,dnf5daemon-server.service,A,EXACT_UPSTREAM_UNIT_IDENTITY,MATCHED,/home/emrecan/github/ecylmz/unittrace/artifacts/full/roots/sources/arch/dnf5/5.4.2.1-1/dnf5-5.4.2.1/dnf5daemon-server/dbus/dnf5daemon-server.service,dnf5daemon-server,1,3,5.4.2.1-1,dnf5daemon-server/dbus/dnf5daemon-server.service,d51b04b1e4a5f003bf8dc6d57c0b009efa6f58831434172c101bb62e3d98f82a,1
https://github.com/rpm-software-management/dnf5::upstream-unit::dnf5daemon-server/dbus/dnf5daemon-server.service,https://github.com/rpm-software-management/dnf5,fedora,dnf5daemon-server,usr/lib/systemd/system/dnf5daemon-server.service,dnf5daemon-server.service,A,EXACT_UPSTREAM_UNIT_IDENTITY,MATCHED,/home/emrecan/github/ecylmz/unittrace/artifacts/full/roots/sources/fedora/dnf5/dnf5-5.4.2.1-1.fc44.src.rpm/dnf5-5.4.2.1/dnf5daemon-server/dbus/dnf5daemon-server.service,dnf5daemon-server,1,3,dnf5-5.4.2.1-1.fc44.src.rpm,dnf5daemon-server/dbus/dnf5daemon-server.service,d51b04b1e4a5f003bf8dc6d57c0b009efa6f58831434172c101bb62e3d98f82a,1
https://github.com/rpm-software-management/dnf5::upstream-unit::dnf5daemon-server/dbus/dnf5daemon-server.service,https://github.com/rpm-software-management/dnf5,ubuntu,dnf5-server,usr/lib/systemd/system/dnf5daemon-server.service,dnf5daemon-server.service,A,EXACT_UPSTREAM_UNIT_IDENTITY,MATCHED,/home/emrecan/github/ecylmz/unittrace/artifacts/full/roots/sources/ubuntu/dnf5/5.4.0.0-1/dnf5-5.4.0.0/dnf5daemon-server/dbus/dnf5daemon-server.service,dnf5daemon-server,1,3,5.4.0.0-1,dnf5daemon-server/dbus/dnf5daemon-server.service,d51b04b1e4a5f003bf8dc6d57c0b009efa6f58831434172c101bb62e3d98f82a,1
https://github.com/rpm-software-management/dnf5::upstream-unit::etc/systemd/dnf5-makecache.service,https://github.com/rpm-software-management/dnf5,arch,dnf5,usr/lib/systemd/system/dnf5-makecache.service,dnf5-makecache.service,A,EXACT_UPSTREAM_UNIT_IDENTITY,MATCHED,/home/emrecan/github/ecylmz/unittrace/artifacts/full/roots/sources/arch/dnf5/5.4.2.1-1/dnf5-5.4.2.1/etc/systemd/dnf5-makecache.service,dnf5,1,3,5.4.2.1-1,etc/systemd/dnf5-makecache.service,d082e745a0555da1bdc4a1a985e47122a5bfda5a7f0a7e0f8319b7bb94f722ac,1
https://github.com/rpm-software-management/dnf5::upstream-unit::etc/systemd/dnf5-makecache.service,https://github.com/rpm-software-management/dnf5,fedora,dnf5,usr/lib/systemd/system/dnf-makecache.service,dnf-makecache.service,A,EXACT_UPSTREAM_UNIT_IDENTITY,MATCHED,/home/emrecan/github/ecylmz/unittrace/artifacts/full/roots/sources/fedora/dnf5/dnf5-5.4.2.1-1.fc44.src.rpm/dnf5-5.4.2.1/etc/systemd/dnf5-makecache.service,dnf5,1,3,dnf5-5.4.2.1-1.fc44.src.rpm,etc/systemd/dnf5-makecache.service,d082e745a0555da1bdc4a1a985e47122a5bfda5a7f0a7e0f8319b7bb94f722ac,1
https://github.com/rpm-software-management/dnf5::upstream-unit::etc/systemd/dnf5-makecache.service,https://github.com/rpm-software-management/dnf5,ubuntu,dnf5-server,usr/lib/systemd/system/dnf5-makecache.service,dnf5-makecache.service,A,EXACT_UPSTREAM_UNIT_IDENTITY,MATCHED,/home/emrecan/github/ecylmz/unittrace/artifacts/full/roots/sources/ubuntu/dnf5/5.4.0.0-1/dnf5-5.4.0.0/etc/systemd/dnf5-makecache.service,dnf5,1,3,5.4.0.0-1,etc/systemd/dnf5-makecache.service,d082e745a0555da1bdc4a1a985e47122a5bfda5a7f0a7e0f8319b7bb94f722ac,1
https://github.com/rpodgorny/uptimed::uptimed,https://github.com/rpodgorny/uptimed,arch,uptimed,usr/lib/systemd/system/uptimed.service,uptimed.service,A,UNAMBIGUOUS_EXECUTABLE_LINEAGE,MATCHED,usr/lib/systemd/system/uptimed.service,uptimed,1,4,,,,1
https://github.com/rpodgorny/uptimed::uptimed,https://github.com/rpodgorny/uptimed,debian,uptimed,usr/lib/systemd/system/uptimed.service,uptimed.service,A,UNAMBIGUOUS_EXECUTABLE_LINEAGE,MATCHED,usr/lib/systemd/system/uptimed.service,uptimed,1,4,,,,1
https://github.com/rpodgorny/uptimed::uptimed,https://github.com/rpodgorny/uptimed,fedora,uptimed,usr/lib/systemd/system/uptimed.service,uptimed.service,A,UNAMBIGUOUS_EXECUTABLE_LINEAGE,MATCHED,usr/lib/systemd/system/uptimed.service,uptimed,1,4,,,,1
https://github.com/rpodgorny/uptimed::uptimed,https://github.com/rpodgorny/uptimed,ubuntu,uptimed,usr/lib/systemd/system/uptimed.service,uptimed.service,A,UNAMBIGUOUS_EXECUTABLE_LINEAGE,MATCHED,usr/lib/systemd/system/uptimed.service,uptimed,1,4,,,,1
https://github.com/rvaiya/keyd::keyd.rvaiya,https://github.com/rvaiya/keyd,debian,keyd,usr/lib/systemd/system/keyd.service,keyd.service,A,UNAMBIGUOUS_EXECUTABLE_LINEAGE,MATCHED,usr/lib/systemd/system/keyd.service,keyd.rvaiya,1,2,,,,1
https://github.com/rvaiya/keyd::keyd.rvaiya,https://github.com/rvaiya/keyd,ubuntu,keyd,usr/lib/systemd/system/keyd.service,keyd.service,A,UNAMBIGUOUS_EXECUTABLE_LINEAGE,MATCHED,usr/lib/systemd/system/keyd.service,keyd.rvaiya,1,2,,,,1
https://github.com/schollz/croc::upstream-unit::croc.service,https://github.com/schollz/croc,arch,croc,usr/lib/systemd/system/croc.service,croc.service,A,EXACT_UPSTREAM_UNIT_IDENTITY,MATCHED,/home/emrecan/github/ecylmz/unittrace/artifacts/full/roots/sources/arch/croc/1:11.0.2-1/croc-v11.0.2/croc.service,croc,1,2,1:11.0.2-1,croc.service,a892f70b16b239a1f6caea1877c3f5d3747c1b3e3f5d94d49e21050d5b873ecc,1
https://github.com/schollz/croc::upstream-unit::croc.service,https://github.com/schollz/croc,fedora,croc,usr/lib/systemd/system/croc.service,croc.service,A,EXACT_UPSTREAM_UNIT_IDENTITY,MATCHED,/home/emrecan/github/ecylmz/unittrace/artifacts/full/roots/sources/fedora/golang-github-schollz-croc/golang-github-schollz-croc-9.6.4-7.fc41.src.rpm/croc-9.6.4/croc.service,croc,1,2,golang-github-schollz-croc-9.6.4-7.fc41.src.rpm,croc.service,3e800b1eba25d9c6a6ffe4da73e6616524c67f46d4d77fd849714687e7596c94,1
https://github.com/sddm/sddm::sddm,https://github.com/sddm/sddm,arch,sddm,usr/lib/systemd/system/sddm.service,sddm.service,A,UNAMBIGUOUS_EXECUTABLE_LINEAGE,MATCHED,usr/lib/systemd/system/sddm.service,sddm,1,4,,,,1
https://github.com/sddm/sddm::sddm,https://github.com/sddm/sddm,debian,sddm,usr/lib/systemd/system/sddm.service,sddm.service,A,UNAMBIGUOUS_EXECUTABLE_LINEAGE,MATCHED,usr/lib/systemd/system/sddm.service,sddm,1,4,,,,1
https://github.com/sddm/sddm::sddm,https://github.com/sddm/sddm,fedora,sddm,usr/lib/systemd/system/sddm.service,sddm.service,A,UNAMBIGUOUS_EXECUTABLE_LINEAGE,MATCHED,usr/lib/systemd/system/sddm.service,sddm,1,4,,,,1
https://github.com/sddm/sddm::sddm,https://github.com/sddm/sddm,ubuntu,sddm,usr/lib/systemd/system/sddm.service,sddm.service,A,UNAMBIGUOUS_EXECUTABLE_LINEAGE,MATCHED,usr/lib/systemd/system/sddm.service,sddm,1,4,,,,1
https://github.com/sezanzeb/input-remapper::upstream-unit::data/input-remapper.service,https://github.com/sezanzeb/input-remapper,fedora,input-remapper,usr/lib/systemd/system/input-remapper.service,input-remapper.service,A,EXACT_UPSTREAM_UNIT_IDENTITY,MATCHED,/home/emrecan/github/ecylmz/unittrace/artifacts/full/roots/sources/fedora/input-remapper/input-remapper-2.2.1-1.fc44.src.rpm/input-remapper-2.2.1/data/input-remapper.service,input-remapper-service,1,2,input-remapper-2.2.1-1.fc44.src.rpm,data/input-remapper.service,213de5e06cfc25991614cae2fa4ef514fa692b1cf0998a6329fa10e01443b79f,1
https://github.com/sezanzeb/input-remapper::upstream-unit::data/input-remapper.service,https://github.com/sezanzeb/input-remapper,ubuntu,input-remapper-daemon,usr/lib/systemd/system/input-remapper-daemon.service,input-remapper-daemon.service,A,EXACT_UPSTREAM_UNIT_IDENTITY,MATCHED,/home/emrecan/github/ecylmz/unittrace/artifacts/full/roots/sources/ubuntu/input-remapper/2.2.0-1/input-remapper-2.2.0/data/input-remapper.service,input-remapper-service,1,2,2.2.0-1,data/input-remapper.service,213de5e06cfc25991614cae2fa4ef514fa692b1cf0998a6329fa10e01443b79f,1
https://github.com/sharkcz/collectl::collectl,https://github.com/sharkcz/collectl,fedora,collectl,usr/lib/systemd/system/collectl.service,collectl.service,A,UNAMBIGUOUS_EXECUTABLE_LINEAGE,MATCHED,usr/lib/systemd/system/collectl.service,collectl,1,2,,,,1
https://github.com/sharkcz/collectl::collectl,https://github.com/sharkcz/collectl,ubuntu,collectl,usr/lib/systemd/system/collectl.service,collectl.service,A,UNAMBIGUOUS_EXECUTABLE_LINEAGE,MATCHED,usr/lib/systemd/system/collectl.service,collectl,1,2,,,,1
https://github.com/shellinabox/shellinabox::shellinaboxd,https://github.com/shellinabox/shellinabox,fedora,shellinabox,usr/lib/systemd/system/shellinaboxd.service,shellinaboxd.service,A,UNAMBIGUOUS_EXECUTABLE_LINEAGE,MATCHED,usr/lib/systemd/system/shellinaboxd.service,shellinaboxd,1,2,,,,1
https://github.com/shellinabox/shellinabox::shellinaboxd,https://github.com/shellinabox/shellinabox,ubuntu,shellinabox,usr/lib/systemd/system/shellinabox.service,shellinabox.service,A,UNAMBIGUOUS_EXECUTABLE_LINEAGE,MATCHED,usr/lib/systemd/system/shellinabox.service,shellinaboxd,1,2,,,,1
https://github.com/skeeto/endlessh::endlessh,https://github.com/skeeto/endlessh,debian,endlessh,usr/lib/systemd/system/endlessh.service,endlessh.service,A,UNAMBIGUOUS_EXECUTABLE_LINEAGE,MATCHED,usr/lib/systemd/system/endlessh.service,endlessh,1,3,,,,1
https://github.com/skeeto/endlessh::endlessh,https://github.com/skeeto/endlessh,fedora,endlessh,usr/lib/systemd/system/endlessh.service,endlessh.service,A,UNAMBIGUOUS_EXECUTABLE_LINEAGE,MATCHED,usr/lib/systemd/system/endlessh.service,endlessh,1,3,,,,1
https://github.com/skeeto/endlessh::endlessh,https://github.com/skeeto/endlessh,ubuntu,endlessh,usr/lib/systemd/system/endlessh.service,endlessh.service,A,UNAMBIGUOUS_EXECUTABLE_LINEAGE,MATCHED,usr/lib/systemd/system/endlessh.service,endlessh,1,3,,,,1
https://github.com/slackhq/nebula::nebula,https://github.com/slackhq/nebula,arch,nebula,usr/lib/systemd/system/nebula.service,nebula.service,A,UNAMBIGUOUS_EXECUTABLE_LINEAGE,MATCHED,usr/lib/systemd/system/nebula.service,nebula,1,2,,,,1
https://github.com/slackhq/nebula::nebula,https://github.com/slackhq/nebula,fedora,nebula,usr/lib/systemd/system/nebula.service,nebula.service,A,UNAMBIGUOUS_EXECUTABLE_LINEAGE,MATCHED,usr/lib/systemd/system/nebula.service,nebula,1,2,,,,1
https://github.com/snapcore/snapd::snap,https://github.com/snapcore/snapd,debian,snapd,usr/lib/systemd/system/snapd.seeded.service,snapd.seeded.service,UNRESOLVED,UNAMBIGUOUS_EXECUTABLE_LINEAGE,SERVICE_LINEAGE_AMBIGUOUS,usr/lib/systemd/system/snapd.seeded.service,snap,1,3,,,,1
https://github.com/snapcore/snapd::snap,https://github.com/snapcore/snapd,fedora,snapd,usr/lib/systemd/system/snapd.seeded.service,snapd.seeded.service,UNRESOLVED,UNAMBIGUOUS_EXECUTABLE_LINEAGE,SERVICE_LINEAGE_AMBIGUOUS,usr/lib/systemd/system/snapd.seeded.service,snap,1,3,,,,1
https://github.com/snapcore/snapd::snap,https://github.com/snapcore/snapd,ubuntu,snapd,lib/systemd/system/snapd.autoimport.service,snapd.autoimport.service,UNRESOLVED,UNAMBIGUOUS_EXECUTABLE_LINEAGE,SERVICE_LINEAGE_AMBIGUOUS,lib/systemd/system/snapd.autoimport.service,snap,2,3,,,,2
https://github.com/snapcore/snapd::snap,https://github.com/snapcore/snapd,ubuntu,snapd,lib/systemd/system/snapd.seeded.service,snapd.seeded.service,UNRESOLVED,UNAMBIGUOUS_EXECUTABLE_LINEAGE,SERVICE_LINEAGE_AMBIGUOUS,lib/systemd/system/snapd.seeded.service,snap,2,3,,,,2
https://github.com/snapcore/snapd::snap-bootstrap,https://github.com/snapcore/snapd,debian,snapd,usr/lib/systemd/system/snapd.recovery-chooser-trigger.service,snapd.recovery-chooser-trigger.service,A,UNAMBIGUOUS_EXECUTABLE_LINEAGE,MATCHED,usr/lib/systemd/system/snapd.recovery-chooser-trigger.service,snap-bootstrap,1,2,,,,1
https://github.com/snapcore/snapd::snap-bootstrap,https://github.com/snapcore/snapd,ubuntu,snapd,lib/systemd/system/snapd.recovery-chooser-trigger.service,snapd.recovery-chooser-trigger.service,A,UNAMBIGUOUS_EXECUTABLE_LINEAGE,MATCHED,lib/systemd/system/snapd.recovery-chooser-trigger.service,snap-bootstrap,1,2,,,,1
https://github.com/snapcore/snapd::snapd,https://github.com/snapcore/snapd,debian,snapd,usr/lib/systemd/system/snapd.service,snapd.service,A,UNAMBIGUOUS_EXECUTABLE_LINEAGE,MATCHED,usr/lib/systemd/system/snapd.service,snapd,1,3,,,,1
https://github.com/snapcore/snapd::snapd,https://github.com/snapcore/snapd,fedora,snapd,usr/lib/systemd/system/snapd.service,snapd.service,A,UNAMBIGUOUS_EXECUTABLE_LINEAGE,MATCHED,usr/lib/systemd/system/snapd.service,snapd,1,3,,,,1
https://github.com/snapcore/snapd::snapd,https://github.com/snapcore/snapd,ubuntu,snapd,lib/systemd/system/snapd.service,snapd.service,A,UNAMBIGUOUS_EXECUTABLE_LINEAGE,MATCHED,lib/systemd/system/snapd.service,snapd,1,3,,,,1
https://github.com/snapcore/snapd::snapd-apparmor,https://github.com/snapcore/snapd,debian,snapd,usr/lib/systemd/system/snapd.apparmor.service,snapd.apparmor.service,A,UNAMBIGUOUS_EXECUTABLE_LINEAGE,MATCHED,usr/lib/systemd/system/snapd.apparmor.service,snapd-apparmor,1,3,,,,1
https://github.com/snapcore/snapd::snapd-apparmor,https://github.com/snapcore/snapd,fedora,snapd,usr/lib/systemd/system/snapd.apparmor.service,snapd.apparmor.service,A,UNAMBIGUOUS_EXECUTABLE_LINEAGE,MATCHED,usr/lib/systemd/system/snapd.apparmor.service,snapd-apparmor,1,3,,,,1
https://github.com/snapcore/snapd::snapd-apparmor,https://github.com/snapcore/snapd,ubuntu,snapd,lib/systemd/system/snapd.apparmor.service,snapd.apparmor.service,A,UNAMBIGUOUS_EXECUTABLE_LINEAGE,MATCHED,lib/systemd/system/snapd.apparmor.service,snapd-apparmor,1,3,,,,1
https://github.com/spanezz/nodm::sh,https://github.com/spanezz/nodm,debian,nodm,usr/lib/systemd/system/nodm.service,nodm.service,A,UNAMBIGUOUS_EXECUTABLE_LINEAGE,MATCHED,usr/lib/systemd/system/nodm.service,sh,1,2,,,,1
https://github.com/spanezz/nodm::sh,https://github.com/spanezz/nodm,ubuntu,nodm,usr/lib/systemd/system/nodm.service,nodm.service,A,UNAMBIGUOUS_EXECUTABLE_LINEAGE,MATCHED,usr/lib/systemd/system/nodm.service,sh,1,2,,,,1
https://github.com/sysrepo/sysrepo::sysrepo-plugind,https://github.com/sysrepo/sysrepo,fedora,sysrepo-plugind,usr/lib/systemd/system/sysrepo-plugind.service,sysrepo-plugind.service,A,UNAMBIGUOUS_EXECUTABLE_LINEAGE,MATCHED,usr/lib/systemd/system/sysrepo-plugind.service,sysrepo-plugind,1,2,,,,1
https://github.com/sysrepo/sysrepo::sysrepo-plugind,https://github.com/sysrepo/sysrepo,ubuntu,sysrepo-plugind,usr/lib/systemd/system/sysrepo-plugind.service,sysrepo-plugind.service,A,UNAMBIGUOUS_EXECUTABLE_LINEAGE,MATCHED,usr/lib/systemd/system/sysrepo-plugind.service,sysrepo-plugind,1,2,,,,1
https://github.com/systemd/systemd-bootchart::systemd-bootchart,https://github.com/systemd/systemd-bootchart,arch,systemd-bootchart,usr/lib/systemd/system/systemd-bootchart.service,systemd-bootchart.service,A,UNAMBIGUOUS_EXECUTABLE_LINEAGE,MATCHED,usr/lib/systemd/system/systemd-bootchart.service,systemd-bootchart,1,4,,,,1
https://github.com/systemd/systemd-bootchart::systemd-bootchart,https://github.com/systemd/systemd-bootchart,debian,systemd-bootchart,usr/lib/systemd/system/systemd-bootchart.service,systemd-bootchart.service,A,UNAMBIGUOUS_EXECUTABLE_LINEAGE,MATCHED,usr/lib/systemd/system/systemd-bootchart.service,systemd-bootchart,1,4,,,,1
https://github.com/systemd/systemd-bootchart::systemd-bootchart,https://github.com/systemd/systemd-bootchart,fedora,systemd-bootchart,usr/lib/systemd/system/systemd-bootchart.service,systemd-bootchart.service,A,UNAMBIGUOUS_EXECUTABLE_LINEAGE,MATCHED,usr/lib/systemd/system/systemd-bootchart.service,systemd-bootchart,1,4,,,,1
https://github.com/systemd/systemd-bootchart::systemd-bootchart,https://github.com/systemd/systemd-bootchart,ubuntu,systemd-bootchart,usr/lib/systemd/system/systemd-bootchart.service,systemd-bootchart.service,A,UNAMBIGUOUS_EXECUTABLE_LINEAGE,MATCHED,usr/lib/systemd/system/systemd-bootchart.service,systemd-bootchart,1,4,,,,1
https://github.com/toreanderson/clatd::clatd,https://github.com/toreanderson/clatd,fedora,clatd,usr/lib/systemd/system/clatd.service,clatd.service,A,UNAMBIGUOUS_EXECUTABLE_LINEAGE,MATCHED,usr/lib/systemd/system/clatd.service,clatd,1,2,,,,1
https://github.com/toreanderson/clatd::clatd,https://github.com/toreanderson/clatd,ubuntu,clatd,usr/lib/systemd/system/clatd.service,clatd.service,A,UNAMBIGUOUS_EXECUTABLE_LINEAGE,MATCHED,usr/lib/systemd/system/clatd.service,clatd,1,2,,,,1
https://github.com/tpm2-software/tpm2-abrmd::tpm2-abrmd,https://github.com/tpm2-software/tpm2-abrmd,arch,tpm2-abrmd,usr/lib/systemd/system/tpm2-abrmd.service,tpm2-abrmd.service,A,UNAMBIGUOUS_EXECUTABLE_LINEAGE,MATCHED,usr/lib/systemd/system/tpm2-abrmd.service,tpm2-abrmd,1,2,,,,1
https://github.com/tpm2-software/tpm2-abrmd::tpm2-abrmd,https://github.com/tpm2-software/tpm2-abrmd,fedora,tpm2-abrmd,usr/lib/systemd/system/tpm2-abrmd.service,tpm2-abrmd.service,A,UNAMBIGUOUS_EXECUTABLE_LINEAGE,MATCHED,usr/lib/systemd/system/tpm2-abrmd.service,tpm2-abrmd,1,2,,,,1
https://github.com/trojan-gfw/trojan::trojan,https://github.com/trojan-gfw/trojan,arch,trojan,usr/lib/systemd/system/trojan.service,trojan.service,A,UNAMBIGUOUS_EXECUTABLE_LINEAGE,MATCHED,usr/lib/systemd/system/trojan.service,trojan,1,4,,,,1
https://github.com/trojan-gfw/trojan::trojan,https://github.com/trojan-gfw/trojan,debian,trojan,usr/lib/systemd/system/trojan.service,trojan.service,A,UNAMBIGUOUS_EXECUTABLE_LINEAGE,MATCHED,usr/lib/systemd/system/trojan.service,trojan,1,4,,,,1
https://github.com/trojan-gfw/trojan::trojan,https://github.com/trojan-gfw/trojan,fedora,trojan,usr/lib/systemd/system/trojan.service,trojan.service,A,UNAMBIGUOUS_EXECUTABLE_LINEAGE,MATCHED,usr/lib/systemd/system/trojan.service,trojan,1,4,,,,1
https://github.com/trojan-gfw/trojan::trojan,https://github.com/trojan-gfw/trojan,ubuntu,trojan,usr/lib/systemd/system/trojan.service,trojan.service,A,UNAMBIGUOUS_EXECUTABLE_LINEAGE,MATCHED,usr/lib/systemd/system/trojan.service,trojan,1,4,,,,1
https://github.com/util-linux/util-linux::fstrim,https://github.com/util-linux/util-linux,arch,util-linux,usr/lib/systemd/system/fstrim.service,fstrim.service,A,UNAMBIGUOUS_EXECUTABLE_LINEAGE,MATCHED,usr/lib/systemd/system/fstrim.service,fstrim,1,3,,,,1
https://github.com/util-linux/util-linux::fstrim,https://github.com/util-linux/util-linux,debian,util-linux,usr/lib/systemd/system/fstrim.service,fstrim.service,A,UNAMBIGUOUS_EXECUTABLE_LINEAGE,MATCHED,usr/lib/systemd/system/fstrim.service,fstrim,1,3,,,,1
https://github.com/util-linux/util-linux::fstrim,https://github.com/util-linux/util-linux,ubuntu,util-linux,usr/lib/systemd/system/fstrim.service,fstrim.service,A,UNAMBIGUOUS_EXECUTABLE_LINEAGE,MATCHED,usr/lib/systemd/system/fstrim.service,fstrim,1,3,,,,1
https://github.com/util-linux/util-linux::lastlog2,https://github.com/util-linux/util-linux,arch,util-linux,usr/lib/systemd/system/lastlog2-import.service,lastlog2-import.service,A,UNAMBIGUOUS_EXECUTABLE_LINEAGE,MATCHED,usr/lib/systemd/system/lastlog2-import.service,lastlog2,1,2,,,,1
https://github.com/util-linux/util-linux::lastlog2,https://github.com/util-linux/util-linux,debian,lastlog2,usr/lib/systemd/system/lastlog2-import.service,lastlog2-import.service,A,UNAMBIGUOUS_EXECUTABLE_LINEAGE,MATCHED,usr/lib/systemd/system/lastlog2-import.service,lastlog2,1,2,,,,1
https://github.com/util-linux/util-linux::uuidd,https://github.com/util-linux/util-linux,arch,util-linux,usr/lib/systemd/system/uuidd.service,uuidd.service,A,UNAMBIGUOUS_EXECUTABLE_LINEAGE,MATCHED,usr/lib/systemd/system/uuidd.service,uuidd,1,3,,,,1
https://github.com/util-linux/util-linux::uuidd,https://github.com/util-linux/util-linux,debian,uuid-runtime,usr/lib/systemd/system/uuidd.service,uuidd.service,A,UNAMBIGUOUS_EXECUTABLE_LINEAGE,MATCHED,usr/lib/systemd/system/uuidd.service,uuidd,1,3,,,,1
https://github.com/util-linux/util-linux::uuidd,https://github.com/util-linux/util-linux,ubuntu,uuid-runtime,usr/lib/systemd/system/uuidd.service,uuidd.service,A,UNAMBIGUOUS_EXECUTABLE_LINEAGE,MATCHED,usr/lib/systemd/system/uuidd.service,uuidd,1,3,,,,1
https://github.com/v2fly/v2ray-core::v2ray,https://github.com/v2fly/v2ray-core,arch,v2ray,usr/lib/systemd/system/v2ray.service,v2ray.service,A,UNAMBIGUOUS_EXECUTABLE_LINEAGE,MATCHED,usr/lib/systemd/system/v2ray.service,v2ray,1,3,,,,1
https://github.com/v2fly/v2ray-core::v2ray,https://github.com/v2fly/v2ray-core,debian,v2ray,usr/lib/systemd/system/v2ray.service,v2ray.service,A,UNAMBIGUOUS_EXECUTABLE_LINEAGE,MATCHED,usr/lib/systemd/system/v2ray.service,v2ray,1,3,,,,1
https://github.com/v2fly/v2ray-core::v2ray,https://github.com/v2fly/v2ray-core,ubuntu,v2ray,usr/lib/systemd/system/v2ray.service,v2ray.service,A,UNAMBIGUOUS_EXECUTABLE_LINEAGE,MATCHED,usr/lib/systemd/system/v2ray.service,v2ray,1,3,,,,1
https://github.com/vmatare/thinkfan::thinkfan,https://github.com/vmatare/thinkfan,debian,thinkfan,usr/lib/systemd/system/thinkfan.service,thinkfan.service,A,UNAMBIGUOUS_EXECUTABLE_LINEAGE,MATCHED,usr/lib/systemd/system/thinkfan.service,thinkfan,1,3,,,,1
https://github.com/vmatare/thinkfan::thinkfan,https://github.com/vmatare/thinkfan,fedora,thinkfan,usr/lib/systemd/system/thinkfan.service,thinkfan.service,A,UNAMBIGUOUS_EXECUTABLE_LINEAGE,MATCHED,usr/lib/systemd/system/thinkfan.service,thinkfan,1,3,,,,1
https://github.com/vmatare/thinkfan::thinkfan,https://github.com/vmatare/thinkfan,ubuntu,thinkfan,usr/lib/systemd/system/thinkfan.service,thinkfan.service,A,UNAMBIGUOUS_EXECUTABLE_LINEAGE,MATCHED,usr/lib/systemd/system/thinkfan.service,thinkfan,1,3,,,,1
https://github.com/vmatare/thinkfan::upstream-unit::rcscripts/systemd/thinkfan-sleep.service,https://github.com/vmatare/thinkfan,fedora,thinkfan,usr/lib/systemd/system/thinkfan-sleep.service,thinkfan-sleep.service,A,EXACT_UPSTREAM_UNIT_IDENTITY,MATCHED,/home/emrecan/github/ecylmz/unittrace/artifacts/full/roots/sources/fedora/thinkfan/thinkfan-2.0.0-3.fc44.src.rpm/thinkfan-2.0.0/rcscripts/systemd/thinkfan-sleep.service,sleep,1,2,thinkfan-2.0.0-3.fc44.src.rpm,rcscripts/systemd/thinkfan-sleep.service,ba514f87d56c78da39347421f964e195af9a00e1e54ddde94c2ec0db89f4e0cb,1
https://github.com/vmatare/thinkfan::upstream-unit::rcscripts/systemd/thinkfan-sleep.service,https://github.com/vmatare/thinkfan,ubuntu,thinkfan,usr/lib/systemd/system/thinkfan-sleep.service,thinkfan-sleep.service,A,EXACT_UPSTREAM_UNIT_IDENTITY,MATCHED,/home/emrecan/github/ecylmz/unittrace/artifacts/full/roots/sources/ubuntu/thinkfan/2.0.0-1/thinkfan-2.0.0/rcscripts/systemd/thinkfan-sleep.service,sleep,1,2,2.0.0-1,rcscripts/systemd/thinkfan-sleep.service,ba514f87d56c78da39347421f964e195af9a00e1e54ddde94c2ec0db89f4e0cb,1
https://github.com/vmatare/thinkfan::upstream-unit::rcscripts/systemd/thinkfan-wakeup.service,https://github.com/vmatare/thinkfan,debian,thinkfan,usr/lib/systemd/system/thinkfan-wakeup.service,thinkfan-wakeup.service,A,EXACT_UPSTREAM_UNIT_IDENTITY,MATCHED,/home/emrecan/github/ecylmz/unittrace/artifacts/full/roots/sources/debian/thinkfan/1.3.1-6/thinkfan-1.3.1/rcscripts/systemd/thinkfan-wakeup.service,pkill,1,3,1.3.1-6,rcscripts/systemd/thinkfan-wakeup.service,4cf259897b8a2e974ca599ee425d7aede7c44464eca55a781d2014b580aac0f7,1
https://github.com/vmatare/thinkfan::upstream-unit::rcscripts/systemd/thinkfan-wakeup.service,https://github.com/vmatare/thinkfan,fedora,thinkfan,usr/lib/systemd/system/thinkfan-wakeup.service,thinkfan-wakeup.service,A,EXACT_UPSTREAM_UNIT_IDENTITY,MATCHED,/home/emrecan/github/ecylmz/unittrace/artifacts/full/roots/sources/fedora/thinkfan/thinkfan-2.0.0-3.fc44.src.rpm/thinkfan-2.0.0/rcscripts/systemd/thinkfan-wakeup.service,pkill,1,3,thinkfan-2.0.0-3.fc44.src.rpm,rcscripts/systemd/thinkfan-wakeup.service,4cf259897b8a2e974ca599ee425d7aede7c44464eca55a781d2014b580aac0f7,1
https://github.com/vmatare/thinkfan::upstream-unit::rcscripts/systemd/thinkfan-wakeup.service,https://github.com/vmatare/thinkfan,ubuntu,thinkfan,usr/lib/systemd/system/thinkfan-wakeup.service,thinkfan-wakeup.service,A,EXACT_UPSTREAM_UNIT_IDENTITY,MATCHED,/home/emrecan/github/ecylmz/unittrace/artifacts/full/roots/sources/ubuntu/thinkfan/2.0.0-1/thinkfan-2.0.0/rcscripts/systemd/thinkfan-wakeup.service,pkill,1,3,2.0.0-1,rcscripts/systemd/thinkfan-wakeup.service,4cf259897b8a2e974ca599ee425d7aede7c44464eca55a781d2014b580aac0f7,1
https://github.com/vmware/open-vm-tools::VGAuthService,https://github.com/vmware/open-vm-tools,debian,open-vm-tools,usr/lib/systemd/system/vgauth.service,vgauth.service,A,UNAMBIGUOUS_EXECUTABLE_LINEAGE,MATCHED,usr/lib/systemd/system/vgauth.service,VGAuthService,1,3,,,,1
https://github.com/vmware/open-vm-tools::VGAuthService,https://github.com/vmware/open-vm-tools,fedora,open-vm-tools,usr/lib/systemd/system/vgauthd.service,vgauthd.service,A,UNAMBIGUOUS_EXECUTABLE_LINEAGE,MATCHED,usr/lib/systemd/system/vgauthd.service,VGAuthService,1,3,,,,1
https://github.com/vmware/open-vm-tools::VGAuthService,https://github.com/vmware/open-vm-tools,ubuntu,open-vm-tools,usr/lib/systemd/system/vgauth.service,vgauth.service,A,UNAMBIGUOUS_EXECUTABLE_LINEAGE,MATCHED,usr/lib/systemd/system/vgauth.service,VGAuthService,1,3,,,,1
https://github.com/vmware/open-vm-tools::vmtoolsd,https://github.com/vmware/open-vm-tools,arch,open-vm-tools,usr/lib/systemd/system/vmtoolsd.service,vmtoolsd.service,A,UNAMBIGUOUS_EXECUTABLE_LINEAGE,MATCHED,usr/lib/systemd/system/vmtoolsd.service,vmtoolsd,1,4,,,,1
https://github.com/vmware/open-vm-tools::vmtoolsd,https://github.com/vmware/open-vm-tools,debian,open-vm-tools,usr/lib/systemd/system/open-vm-tools.service,open-vm-tools.service,A,UNAMBIGUOUS_EXECUTABLE_LINEAGE,MATCHED,usr/lib/systemd/system/open-vm-tools.service,vmtoolsd,1,4,,,,1
https://github.com/vmware/open-vm-tools::vmtoolsd,https://github.com/vmware/open-vm-tools,fedora,open-vm-tools,usr/lib/systemd/system/vmtoolsd.service,vmtoolsd.service,A,UNAMBIGUOUS_EXECUTABLE_LINEAGE,MATCHED,usr/lib/systemd/system/vmtoolsd.service,vmtoolsd,1,4,,,,1
https://github.com/vmware/open-vm-tools::vmtoolsd,https://github.com/vmware/open-vm-tools,ubuntu,open-vm-tools,usr/lib/systemd/system/open-vm-tools.service,open-vm-tools.service,A,UNAMBIGUOUS_EXECUTABLE_LINEAGE,MATCHED,usr/lib/systemd/system/open-vm-tools.service,vmtoolsd,1,4,,,,1
https://github.com/wb2osz/direwolf::direwolf,https://github.com/wb2osz/direwolf,debian,direwolf,usr/lib/systemd/system/direwolf.service,direwolf.service,A,UNAMBIGUOUS_EXECUTABLE_LINEAGE,MATCHED,usr/lib/systemd/system/direwolf.service,direwolf,1,3,,,,1
https://github.com/wb2osz/direwolf::direwolf,https://github.com/wb2osz/direwolf,fedora,direwolf,usr/lib/systemd/system/direwolf.service,direwolf.service,A,UNAMBIGUOUS_EXECUTABLE_LINEAGE,MATCHED,usr/lib/systemd/system/direwolf.service,direwolf,1,3,,,,1
https://github.com/wb2osz/direwolf::direwolf,https://github.com/wb2osz/direwolf,ubuntu,direwolf,usr/lib/systemd/system/direwolf.service,direwolf.service,A,UNAMBIGUOUS_EXECUTABLE_LINEAGE,MATCHED,usr/lib/systemd/system/direwolf.service,direwolf,1,3,,,,1
https://github.com/ximion/btrfsd::btrfsd,https://github.com/ximion/btrfsd,debian,btrfsd,usr/lib/systemd/system/btrfsd.service,btrfsd.service,A,UNAMBIGUOUS_EXECUTABLE_LINEAGE,MATCHED,usr/lib/systemd/system/btrfsd.service,btrfsd,1,3,,,,1
https://github.com/ximion/btrfsd::btrfsd,https://github.com/ximion/btrfsd,fedora,btrfsd,usr/lib/systemd/system/btrfsd.service,btrfsd.service,A,UNAMBIGUOUS_EXECUTABLE_LINEAGE,MATCHED,usr/lib/systemd/system/btrfsd.service,btrfsd,1,3,,,,1
https://github.com/ximion/btrfsd::btrfsd,https://github.com/ximion/btrfsd,ubuntu,btrfsd,usr/lib/systemd/system/btrfsd.service,btrfsd.service,A,UNAMBIGUOUS_EXECUTABLE_LINEAGE,MATCHED,usr/lib/systemd/system/btrfsd.service,btrfsd,1,3,,,,1
https://github.com/yggdrasil-network/yggdrasil-go::yggdrasil,https://github.com/yggdrasil-network/yggdrasil-go,arch,yggdrasil,usr/lib/systemd/system/yggdrasil-default-config.service,yggdrasil-default-config.service,UNRESOLVED,UNAMBIGUOUS_EXECUTABLE_LINEAGE,SERVICE_LINEAGE_AMBIGUOUS,usr/lib/systemd/system/yggdrasil-default-config.service,yggdrasil,2,3,,,,2
https://github.com/yggdrasil-network/yggdrasil-go::yggdrasil,https://github.com/yggdrasil-network/yggdrasil-go,arch,yggdrasil,usr/lib/systemd/system/yggdrasil.service,yggdrasil.service,UNRESOLVED,UNAMBIGUOUS_EXECUTABLE_LINEAGE,SERVICE_LINEAGE_AMBIGUOUS,usr/lib/systemd/system/yggdrasil.service,yggdrasil,2,3,,,,2
https://github.com/yggdrasil-network/yggdrasil-go::yggdrasil,https://github.com/yggdrasil-network/yggdrasil-go,debian,yggdrasil,usr/lib/systemd/system/yggdrasil.service,yggdrasil.service,UNRESOLVED,UNAMBIGUOUS_EXECUTABLE_LINEAGE,SERVICE_LINEAGE_AMBIGUOUS,usr/lib/systemd/system/yggdrasil.service,yggdrasil,1,3,,,,1
https://github.com/yggdrasil-network/yggdrasil-go::yggdrasil,https://github.com/yggdrasil-network/yggdrasil-go,ubuntu,yggdrasil,usr/lib/systemd/system/yggdrasil.service,yggdrasil.service,UNRESOLVED,UNAMBIGUOUS_EXECUTABLE_LINEAGE,SERVICE_LINEAGE_AMBIGUOUS,usr/lib/systemd/system/yggdrasil.service,yggdrasil,1,3,,,,1
https://github.com/zhuyaliang/group-service::group-admin-daemon,https://github.com/zhuyaliang/group-service,debian,group-service,usr/lib/systemd/system/group-admin-daemon.service,group-admin-daemon.service,A,UNAMBIGUOUS_EXECUTABLE_LINEAGE,MATCHED,usr/lib/systemd/system/group-admin-daemon.service,group-admin-daemon,1,3,,,,1
https://github.com/zhuyaliang/group-service::group-admin-daemon,https://github.com/zhuyaliang/group-service,fedora,group-service,usr/lib/systemd/system/group-admin-daemon.service,group-admin-daemon.service,A,UNAMBIGUOUS_EXECUTABLE_LINEAGE,MATCHED,usr/lib/systemd/system/group-admin-daemon.service,group-admin-daemon,1,3,,,,1
https://github.com/zhuyaliang/group-service::group-admin-daemon,https://github.com/zhuyaliang/group-service,ubuntu,group-service,usr/lib/systemd/system/group-admin-daemon.service,group-admin-daemon.service,A,UNAMBIGUOUS_EXECUTABLE_LINEAGE,MATCHED,usr/lib/systemd/system/group-admin-daemon.service,group-admin-daemon,1,3,,,,1
https://gitlab.archlinux.org/archlinux/netctl::upstream-unit::services/netctl-sleep.service,https://gitlab.archlinux.org/archlinux/netctl,arch,netctl,usr/lib/systemd/system/netctl-sleep.service,netctl-sleep.service,A,EXACT_UPSTREAM_UNIT_IDENTITY,MATCHED,/home/emrecan/github/ecylmz/unittrace/artifacts/full/roots/sources/arch/netctl/1.29-2/netctl-1.29/services/netctl-sleep.service,netctl,1,2,1.29-2,services/netctl-sleep.service,b8d9f5828df94407811c85714d2f55432d1b9d7797ab738bf4283c499ee70525,1
https://gitlab.archlinux.org/archlinux/netctl::upstream-unit::services/netctl-sleep.service,https://gitlab.archlinux.org/archlinux/netctl,ubuntu,netctl,usr/lib/systemd/system/netctl-sleep.service,netctl-sleep.service,A,EXACT_UPSTREAM_UNIT_IDENTITY,MATCHED,/home/emrecan/github/ecylmz/unittrace/artifacts/full/roots/sources/ubuntu/netctl/1.29-1build1/netctl-1.29/services/netctl-sleep.service,netctl,1,2,1.29-1build1,services/netctl-sleep.service,b8d9f5828df94407811c85714d2f55432d1b9d7797ab738bf4283c499ee70525,1
https://gitlab.archlinux.org/archlinux/netctl::upstream-unit::services/netctl-wait-online.service,https://gitlab.archlinux.org/archlinux/netctl,arch,netctl,usr/lib/systemd/system/netctl-wait-online.service,netctl-wait-online.service,A,EXACT_UPSTREAM_UNIT_IDENTITY,MATCHED,/home/emrecan/github/ecylmz/unittrace/artifacts/full/roots/sources/arch/netctl/1.29-2/netctl-1.29/services/netctl-wait-online.service,network,1,2,1.29-2,services/netctl-wait-online.service,e994aa41304ff2da27c00ce8cafc552b0f16af423189e982d2f0b0a227421bb4,1
https://gitlab.archlinux.org/archlinux/netctl::upstream-unit::services/netctl-wait-online.service,https://gitlab.archlinux.org/archlinux/netctl,ubuntu,netctl,usr/lib/systemd/system/netctl-wait-online.service,netctl-wait-online.service,A,EXACT_UPSTREAM_UNIT_IDENTITY,MATCHED,/home/emrecan/github/ecylmz/unittrace/artifacts/full/roots/sources/ubuntu/netctl/1.29-1build1/netctl-1.29/services/netctl-wait-online.service,network,1,2,1.29-1build1,services/netctl-wait-online.service,e994aa41304ff2da27c00ce8cafc552b0f16af423189e982d2f0b0a227421bb4,1
https://gitlab.archlinux.org/archlinux/netctl::upstream-unit::services/netctl.service,https://gitlab.archlinux.org/archlinux/netctl,arch,netctl,usr/lib/systemd/system/netctl.service,netctl.service,A,EXACT_UPSTREAM_UNIT_IDENTITY,MATCHED,/home/emrecan/github/ecylmz/unittrace/artifacts/full/roots/sources/arch/netctl/1.29-2/netctl-1.29/services/netctl.service,netctl,1,2,1.29-2,services/netctl.service,74aaeec9e735b56b7a089cb006707c5992cbf7d8d0b09daec3050674ba2afa9a,1
https://gitlab.archlinux.org/archlinux/netctl::upstream-unit::services/netctl.service,https://gitlab.archlinux.org/archlinux/netctl,ubuntu,netctl,usr/lib/systemd/system/netctl.service,netctl.service,A,EXACT_UPSTREAM_UNIT_IDENTITY,MATCHED,/home/emrecan/github/ecylmz/unittrace/artifacts/full/roots/sources/ubuntu/netctl/1.29-1build1/netctl-1.29/services/netctl.service,netctl,1,2,1.29-1build1,services/netctl.service,74aaeec9e735b56b7a089cb006707c5992cbf7d8d0b09daec3050674ba2afa9a,1
https://gitlab.com/amavis/amavis::amavisd,https://gitlab.com/amavis/amavis,arch,amavisd-new,usr/lib/systemd/system/amavisd.service,amavisd.service,A,UNAMBIGUOUS_EXECUTABLE_LINEAGE,MATCHED,usr/lib/systemd/system/amavisd.service,amavisd,1,2,,,,1
https://gitlab.com/amavis/amavis::amavisd,https://gitlab.com/amavis/amavis,fedora,amavis,usr/lib/systemd/system/amavisd.service,amavisd.service,A,UNAMBIGUOUS_EXECUTABLE_LINEAGE,MATCHED,usr/lib/systemd/system/amavisd.service,amavisd,1,2,,,,1
https://gitlab.com/interception/linux/tools::upstream-unit::udevmon.service,https://gitlab.com/interception/linux/tools,arch,interception-tools,usr/lib/systemd/system/udevmon.service,udevmon.service,A,EXACT_UPSTREAM_UNIT_IDENTITY,MATCHED,/home/emrecan/github/ecylmz/unittrace/artifacts/full/roots/sources/arch/interception-tools/0.6.8-9/tools-v0.6.8/udevmon.service,udevmon,1,3,0.6.8-9,udevmon.service,a360e69aba2a21706cc04a3cc1c2ca3eb62a724246a31639722851bde08d034b,1
https://gitlab.com/interception/linux/tools::upstream-unit::udevmon.service,https://gitlab.com/interception/linux/tools,debian,interception-tools,usr/lib/systemd/system/udevmon.service,udevmon.service,A,EXACT_UPSTREAM_UNIT_IDENTITY,MATCHED,/home/emrecan/github/ecylmz/unittrace/artifacts/full/roots/sources/debian/interception-tools/0.6.8-3/interception-tools-0.6.8/udevmon.service,udevmon,1,3,0.6.8-3,udevmon.service,a360e69aba2a21706cc04a3cc1c2ca3eb62a724246a31639722851bde08d034b,1
https://gitlab.com/interception/linux/tools::upstream-unit::udevmon.service,https://gitlab.com/interception/linux/tools,ubuntu,interception-tools,usr/lib/systemd/system/udevmon.service,udevmon.service,A,EXACT_UPSTREAM_UNIT_IDENTITY,MATCHED,/home/emrecan/github/ecylmz/unittrace/artifacts/full/roots/sources/ubuntu/interception-tools/0.6.8-3.1/interception-tools-0.6.8/udevmon.service,udevmon,1,3,0.6.8-3.1,udevmon.service,a360e69aba2a21706cc04a3cc1c2ca3eb62a724246a31639722851bde08d034b,1
https://gitlab.freedesktop.org/bolt/bolt::boltd,https://gitlab.freedesktop.org/bolt/bolt,arch,bolt,usr/lib/systemd/system/bolt.service,bolt.service,A,UNAMBIGUOUS_EXECUTABLE_LINEAGE,MATCHED,usr/lib/systemd/system/bolt.service,boltd,1,4,,,,1
https://gitlab.freedesktop.org/bolt/bolt::boltd,https://gitlab.freedesktop.org/bolt/bolt,debian,bolt,usr/lib/systemd/system/bolt.service,bolt.service,A,UNAMBIGUOUS_EXECUTABLE_LINEAGE,MATCHED,usr/lib/systemd/system/bolt.service,boltd,1,4,,,,1
https://gitlab.freedesktop.org/bolt/bolt::boltd,https://gitlab.freedesktop.org/bolt/bolt,fedora,bolt,usr/lib/systemd/system/bolt.service,bolt.service,A,UNAMBIGUOUS_EXECUTABLE_LINEAGE,MATCHED,usr/lib/systemd/system/bolt.service,boltd,1,4,,,,1
https://gitlab.freedesktop.org/bolt/bolt::boltd,https://gitlab.freedesktop.org/bolt/bolt,ubuntu,bolt,usr/lib/systemd/system/bolt.service,bolt.service,A,UNAMBIGUOUS_EXECUTABLE_LINEAGE,MATCHED,usr/lib/systemd/system/bolt.service,boltd,1,4,,,,1
https://gitlab.freedesktop.org/hadess/iio-sensor-proxy::iio-sensor-proxy,https://gitlab.freedesktop.org/hadess/iio-sensor-proxy,arch,iio-sensor-proxy,usr/lib/systemd/system/iio-sensor-proxy.service,iio-sensor-proxy.service,A,UNAMBIGUOUS_EXECUTABLE_LINEAGE,MATCHED,usr/lib/systemd/system/iio-sensor-proxy.service,iio-sensor-proxy,1,4,,,,1
https://gitlab.freedesktop.org/hadess/iio-sensor-proxy::iio-sensor-proxy,https://gitlab.freedesktop.org/hadess/iio-sensor-proxy,debian,iio-sensor-proxy,usr/lib/systemd/system/iio-sensor-proxy.service,iio-sensor-proxy.service,A,UNAMBIGUOUS_EXECUTABLE_LINEAGE,MATCHED,usr/lib/systemd/system/iio-sensor-proxy.service,iio-sensor-proxy,1,4,,,,1
https://gitlab.freedesktop.org/hadess/iio-sensor-proxy::iio-sensor-proxy,https://gitlab.freedesktop.org/hadess/iio-sensor-proxy,fedora,iio-sensor-proxy,usr/lib/systemd/system/iio-sensor-proxy.service,iio-sensor-proxy.service,A,UNAMBIGUOUS_EXECUTABLE_LINEAGE,MATCHED,usr/lib/systemd/system/iio-sensor-proxy.service,iio-sensor-proxy,1,4,,,,1
https://gitlab.freedesktop.org/hadess/iio-sensor-proxy::iio-sensor-proxy,https://gitlab.freedesktop.org/hadess/iio-sensor-proxy,ubuntu,iio-sensor-proxy,usr/lib/systemd/system/iio-sensor-proxy.service,iio-sensor-proxy.service,A,UNAMBIGUOUS_EXECUTABLE_LINEAGE,MATCHED,usr/lib/systemd/system/iio-sensor-proxy.service,iio-sensor-proxy,1,4,,,,1
https://gitlab.freedesktop.org/hadess/low-memory-monitor::low-memory-monitor,https://gitlab.freedesktop.org/hadess/low-memory-monitor,debian,low-memory-monitor,usr/lib/systemd/system/low-memory-monitor.service,low-memory-monitor.service,A,UNAMBIGUOUS_EXECUTABLE_LINEAGE,MATCHED,usr/lib/systemd/system/low-memory-monitor.service,low-memory-monitor,1,3,,,,1
https://gitlab.freedesktop.org/hadess/low-memory-monitor::low-memory-monitor,https://gitlab.freedesktop.org/hadess/low-memory-monitor,fedora,low-memory-monitor,usr/lib/systemd/system/low-memory-monitor.service,low-memory-monitor.service,A,UNAMBIGUOUS_EXECUTABLE_LINEAGE,MATCHED,usr/lib/systemd/system/low-memory-monitor.service,low-memory-monitor,1,3,,,,1
https://gitlab.freedesktop.org/hadess/low-memory-monitor::low-memory-monitor,https://gitlab.freedesktop.org/hadess/low-memory-monitor,ubuntu,low-memory-monitor,usr/lib/systemd/system/low-memory-monitor.service,low-memory-monitor.service,A,UNAMBIGUOUS_EXECUTABLE_LINEAGE,MATCHED,usr/lib/systemd/system/low-memory-monitor.service,low-memory-monitor,1,3,,,,1
https://gitlab.freedesktop.org/hadess/switcheroo-control::switcheroo-control,https://gitlab.freedesktop.org/hadess/switcheroo-control,arch,switcheroo-control,usr/lib/systemd/system/switcheroo-control.service,switcheroo-control.service,A,UNAMBIGUOUS_EXECUTABLE_LINEAGE,MATCHED,usr/lib/systemd/system/switcheroo-control.service,switcheroo-control,1,4,,,,1
https://gitlab.freedesktop.org/hadess/switcheroo-control::switcheroo-control,https://gitlab.freedesktop.org/hadess/switcheroo-control,debian,switcheroo-control,usr/lib/systemd/system/switcheroo-control.service,switcheroo-control.service,A,UNAMBIGUOUS_EXECUTABLE_LINEAGE,MATCHED,usr/lib/systemd/system/switcheroo-control.service,switcheroo-control,1,4,,,,1
https://gitlab.freedesktop.org/hadess/switcheroo-control::switcheroo-control,https://gitlab.freedesktop.org/hadess/switcheroo-control,fedora,switcheroo-control,usr/lib/systemd/system/switcheroo-control.service,switcheroo-control.service,A,UNAMBIGUOUS_EXECUTABLE_LINEAGE,MATCHED,usr/lib/systemd/system/switcheroo-control.service,switcheroo-control,1,4,,,,1
https://gitlab.freedesktop.org/hadess/switcheroo-control::switcheroo-control,https://gitlab.freedesktop.org/hadess/switcheroo-control,ubuntu,switcheroo-control,usr/lib/systemd/system/switcheroo-control.service,switcheroo-control.service,A,UNAMBIGUOUS_EXECUTABLE_LINEAGE,MATCHED,usr/lib/systemd/system/switcheroo-control.service,switcheroo-control,1,4,,,,1
https://gitlab.freedesktop.org/pipewire/rtkit::rtkit-daemon,https://gitlab.freedesktop.org/pipewire/rtkit,arch,rtkit,usr/lib/systemd/system/rtkit-daemon.service,rtkit-daemon.service,A,UNAMBIGUOUS_EXECUTABLE_LINEAGE,MATCHED,usr/lib/systemd/system/rtkit-daemon.service,rtkit-daemon,1,2,,,,1
https://gitlab.freedesktop.org/pipewire/rtkit::rtkit-daemon,https://gitlab.freedesktop.org/pipewire/rtkit,ubuntu,rtkit,usr/lib/systemd/system/rtkit-daemon.service,rtkit-daemon.service,A,UNAMBIGUOUS_EXECUTABLE_LINEAGE,MATCHED,usr/lib/systemd/system/rtkit-daemon.service,rtkit-daemon,1,2,,,,1
https://gitlab.freedesktop.org/pwithnall/malcontent::malcontent-timer-extension-agent,https://gitlab.freedesktop.org/pwithnall/malcontent,arch,malcontent,usr/lib/systemd/system/malcontent-timer-extension-agent.service,malcontent-timer-extension-agent.service,A,UNAMBIGUOUS_EXECUTABLE_LINEAGE,MATCHED,usr/lib/systemd/system/malcontent-timer-extension-agent.service,malcontent-timer-extension-agent,1,3,,,,1
https://gitlab.freedesktop.org/pwithnall/malcontent::malcontent-timer-extension-agent,https://gitlab.freedesktop.org/pwithnall/malcontent,fedora,malcontent,usr/lib/systemd/system/malcontent-timer-extension-agent.service,malcontent-timer-extension-agent.service,A,UNAMBIGUOUS_EXECUTABLE_LINEAGE,MATCHED,usr/lib/systemd/system/malcontent-timer-extension-agent.service,malcontent-timer-extension-agent,1,3,,,,1
https://gitlab.freedesktop.org/pwithnall/malcontent::malcontent-timer-extension-agent,https://gitlab.freedesktop.org/pwithnall/malcontent,ubuntu,malcontent,usr/lib/systemd/system/malcontent-timer-extension-agent.service,malcontent-timer-extension-agent.service,A,UNAMBIGUOUS_EXECUTABLE_LINEAGE,MATCHED,usr/lib/systemd/system/malcontent-timer-extension-agent.service,malcontent-timer-extension-agent,1,3,,,,1
https://gitlab.freedesktop.org/pwithnall/malcontent::malcontent-timerd,https://gitlab.freedesktop.org/pwithnall/malcontent,arch,malcontent,usr/lib/systemd/system/malcontent-timerd.service,malcontent-timerd.service,A,UNAMBIGUOUS_EXECUTABLE_LINEAGE,MATCHED,usr/lib/systemd/system/malcontent-timerd.service,malcontent-timerd,1,3,,,,1
https://gitlab.freedesktop.org/pwithnall/malcontent::malcontent-timerd,https://gitlab.freedesktop.org/pwithnall/malcontent,fedora,malcontent,usr/lib/systemd/system/malcontent-timerd.service,malcontent-timerd.service,A,UNAMBIGUOUS_EXECUTABLE_LINEAGE,MATCHED,usr/lib/systemd/system/malcontent-timerd.service,malcontent-timerd,1,3,,,,1
https://gitlab.freedesktop.org/pwithnall/malcontent::malcontent-timerd,https://gitlab.freedesktop.org/pwithnall/malcontent,ubuntu,malcontent,usr/lib/systemd/system/malcontent-timerd.service,malcontent-timerd.service,A,UNAMBIGUOUS_EXECUTABLE_LINEAGE,MATCHED,usr/lib/systemd/system/malcontent-timerd.service,malcontent-timerd,1,3,,,,1
https://gitlab.freedesktop.org/pwithnall/malcontent::malcontent-webd,https://gitlab.freedesktop.org/pwithnall/malcontent,arch,malcontent,usr/lib/systemd/system/malcontent-webd.service,malcontent-webd.service,A,UNAMBIGUOUS_EXECUTABLE_LINEAGE,MATCHED,usr/lib/systemd/system/malcontent-webd.service,malcontent-webd,1,3,,,,1
https://gitlab.freedesktop.org/pwithnall/malcontent::malcontent-webd,https://gitlab.freedesktop.org/pwithnall/malcontent,fedora,malcontent,usr/lib/systemd/system/malcontent-webd.service,malcontent-webd.service,A,UNAMBIGUOUS_EXECUTABLE_LINEAGE,MATCHED,usr/lib/systemd/system/malcontent-webd.service,malcontent-webd,1,3,,,,1
https://gitlab.freedesktop.org/pwithnall/malcontent::malcontent-webd,https://gitlab.freedesktop.org/pwithnall/malcontent,ubuntu,malcontent,usr/lib/systemd/system/malcontent-webd.service,malcontent-webd.service,A,UNAMBIGUOUS_EXECUTABLE_LINEAGE,MATCHED,usr/lib/systemd/system/malcontent-webd.service,malcontent-webd,1,3,,,,1
https://gitlab.freedesktop.org/pwithnall/malcontent::malcontent-webd-update,https://gitlab.freedesktop.org/pwithnall/malcontent,arch,malcontent,usr/lib/systemd/system/malcontent-webd-update.service,malcontent-webd-update.service,A,UNAMBIGUOUS_EXECUTABLE_LINEAGE,MATCHED,usr/lib/systemd/system/malcontent-webd-update.service,malcontent-webd-update,1,3,,,,1
https://gitlab.freedesktop.org/pwithnall/malcontent::malcontent-webd-update,https://gitlab.freedesktop.org/pwithnall/malcontent,fedora,malcontent,usr/lib/systemd/system/malcontent-webd-update.service,malcontent-webd-update.service,A,UNAMBIGUOUS_EXECUTABLE_LINEAGE,MATCHED,usr/lib/systemd/system/malcontent-webd-update.service,malcontent-webd-update,1,3,,,,1
https://gitlab.freedesktop.org/pwithnall/malcontent::malcontent-webd-update,https://gitlab.freedesktop.org/pwithnall/malcontent,ubuntu,malcontent,usr/lib/systemd/system/malcontent-webd-update.service,malcontent-webd-update.service,A,UNAMBIGUOUS_EXECUTABLE_LINEAGE,MATCHED,usr/lib/systemd/system/malcontent-webd-update.service,malcontent-webd-update,1,3,,,,1
https://gitlab.freedesktop.org/upower/power-profiles-daemon::power-profiles-daemon,https://gitlab.freedesktop.org/upower/power-profiles-daemon,arch,power-profiles-daemon,usr/lib/systemd/system/power-profiles-daemon.service,power-profiles-daemon.service,A,UNAMBIGUOUS_EXECUTABLE_LINEAGE,MATCHED,usr/lib/systemd/system/power-profiles-daemon.service,power-profiles-daemon,1,4,,,,1
https://gitlab.freedesktop.org/upower/power-profiles-daemon::power-profiles-daemon,https://gitlab.freedesktop.org/upower/power-profiles-daemon,debian,power-profiles-daemon,usr/lib/systemd/system/power-profiles-daemon.service,power-profiles-daemon.service,A,UNAMBIGUOUS_EXECUTABLE_LINEAGE,MATCHED,usr/lib/systemd/system/power-profiles-daemon.service,power-profiles-daemon,1,4,,,,1
https://gitlab.freedesktop.org/upower/power-profiles-daemon::power-profiles-daemon,https://gitlab.freedesktop.org/upower/power-profiles-daemon,fedora,power-profiles-daemon,usr/lib/systemd/system/power-profiles-daemon.service,power-profiles-daemon.service,A,UNAMBIGUOUS_EXECUTABLE_LINEAGE,MATCHED,usr/lib/systemd/system/power-profiles-daemon.service,power-profiles-daemon,1,4,,,,1
https://gitlab.freedesktop.org/upower/power-profiles-daemon::power-profiles-daemon,https://gitlab.freedesktop.org/upower/power-profiles-daemon,ubuntu,power-profiles-daemon,usr/lib/systemd/system/power-profiles-daemon.service,power-profiles-daemon.service,A,UNAMBIGUOUS_EXECUTABLE_LINEAGE,MATCHED,usr/lib/systemd/system/power-profiles-daemon.service,power-profiles-daemon,1,4,,,,1
https://gitlab.gnome.org/GNOME/gnome-remote-desktop::gnome-remote-desktop-configuration-daemon,https://gitlab.gnome.org/GNOME/gnome-remote-desktop,arch,gnome-remote-desktop,usr/lib/systemd/system/gnome-remote-desktop-configuration.service,gnome-remote-desktop-configuration.service,A,UNAMBIGUOUS_EXECUTABLE_LINEAGE,MATCHED,usr/lib/systemd/system/gnome-remote-desktop-configuration.service,gnome-remote-desktop-configuration-daemon,1,2,,,,1
https://gitlab.gnome.org/GNOME/gnome-remote-desktop::gnome-remote-desktop-configuration-daemon,https://gitlab.gnome.org/GNOME/gnome-remote-desktop,fedora,gnome-remote-desktop,usr/lib/systemd/system/gnome-remote-desktop-configuration.service,gnome-remote-desktop-configuration.service,A,UNAMBIGUOUS_EXECUTABLE_LINEAGE,MATCHED,usr/lib/systemd/system/gnome-remote-desktop-configuration.service,gnome-remote-desktop-configuration-daemon,1,2,,,,1
https://gitlab.gnome.org/GNOME/gnome-remote-desktop::gnome-remote-desktop-daemon,https://gitlab.gnome.org/GNOME/gnome-remote-desktop,arch,gnome-remote-desktop,usr/lib/systemd/system/gnome-remote-desktop.service,gnome-remote-desktop.service,A,UNAMBIGUOUS_EXECUTABLE_LINEAGE,MATCHED,usr/lib/systemd/system/gnome-remote-desktop.service,gnome-remote-desktop-daemon,1,2,,,,1
https://gitlab.gnome.org/GNOME/gnome-remote-desktop::gnome-remote-desktop-daemon,https://gitlab.gnome.org/GNOME/gnome-remote-desktop,fedora,gnome-remote-desktop,usr/lib/systemd/system/gnome-remote-desktop.service,gnome-remote-desktop.service,A,UNAMBIGUOUS_EXECUTABLE_LINEAGE,MATCHED,usr/lib/systemd/system/gnome-remote-desktop.service,gnome-remote-desktop-daemon,1,2,,,,1
https://gkrellm.srcbox.net::gkrellmd,https://gkrellm.srcbox.net,fedora,gkrellm-daemon,usr/lib/systemd/system/gkrellmd.service,gkrellmd.service,A,UNAMBIGUOUS_EXECUTABLE_LINEAGE,MATCHED,usr/lib/systemd/system/gkrellmd.service,gkrellmd,1,2,,,,1
https://gkrellm.srcbox.net::gkrellmd,https://gkrellm.srcbox.net,ubuntu,gkrellmd,usr/lib/systemd/system/gkrellmd.service,gkrellmd.service,A,UNAMBIGUOUS_EXECUTABLE_LINEAGE,MATCHED,usr/lib/systemd/system/gkrellmd.service,gkrellmd,1,2,,,,1
https://grid.ncsa.illinois.edu/myproxy::upstream-unit::systemd/myproxy-server.service,https://grid.ncsa.illinois.edu/myproxy,debian,myproxy-server,usr/lib/systemd/system/myproxy-server.service,myproxy-server.service,A,EXACT_UPSTREAM_UNIT_IDENTITY,MATCHED,/home/emrecan/github/ecylmz/unittrace/artifacts/full/roots/sources/debian/myproxy/6.2.16-4/myproxy-6.2.16/systemd/myproxy-server.service,myproxy-server,1,3,6.2.16-4,systemd/myproxy-server.service,cd4f2e93bc11fa8a98416fee4955d08e1d2dc82b621f35baacfe8e92bc8d9e0d,1
https://grid.ncsa.illinois.edu/myproxy::upstream-unit::systemd/myproxy-server.service,https://grid.ncsa.illinois.edu/myproxy,fedora,myproxy-server,usr/lib/systemd/system/myproxy-server.service,myproxy-server.service,A,EXACT_UPSTREAM_UNIT_IDENTITY,MATCHED,/home/emrecan/github/ecylmz/unittrace/artifacts/full/roots/sources/fedora/myproxy/myproxy-6.2.20-2.fc44.src.rpm/myproxy-6.2.20/systemd/myproxy-server.service,myproxy-server,1,3,myproxy-6.2.20-2.fc44.src.rpm,systemd/myproxy-server.service,cd4f2e93bc11fa8a98416fee4955d08e1d2dc82b621f35baacfe8e92bc8d9e0d,1
https://grid.ncsa.illinois.edu/myproxy::upstream-unit::systemd/myproxy-server.service,https://grid.ncsa.illinois.edu/myproxy,ubuntu,myproxy-server,usr/lib/systemd/system/myproxy-server.service,myproxy-server.service,A,EXACT_UPSTREAM_UNIT_IDENTITY,MATCHED,/home/emrecan/github/ecylmz/unittrace/artifacts/full/roots/sources/ubuntu/myproxy/6.2.20-1/myproxy-6.2.20/systemd/myproxy-server.service,myproxy-server,1,3,6.2.20-1,systemd/myproxy-server.service,cd4f2e93bc11fa8a98416fee4955d08e1d2dc82b621f35baacfe8e92bc8d9e0d,1
https://hcpnet.free.fr/milter-greylist::milter-greylist,https://hcpnet.free.fr/milter-greylist,debian,milter-greylist,usr/lib/systemd/system/milter-greylist.service,milter-greylist.service,A,UNAMBIGUOUS_EXECUTABLE_LINEAGE,MATCHED,usr/lib/systemd/system/milter-greylist.service,milter-greylist,1,3,,,,1
https://hcpnet.free.fr/milter-greylist::milter-greylist,https://hcpnet.free.fr/milter-greylist,fedora,milter-greylist,usr/lib/systemd/system/milter-greylist.service,milter-greylist.service,A,UNAMBIGUOUS_EXECUTABLE_LINEAGE,MATCHED,usr/lib/systemd/system/milter-greylist.service,milter-greylist,1,3,,,,1
https://hcpnet.free.fr/milter-greylist::milter-greylist,https://hcpnet.free.fr/milter-greylist,ubuntu,milter-greylist,usr/lib/systemd/system/milter-greylist.service,milter-greylist.service,A,UNAMBIGUOUS_EXECUTABLE_LINEAGE,MATCHED,usr/lib/systemd/system/milter-greylist.service,milter-greylist,1,3,,,,1
https://hitch-tls.org::hitch,https://hitch-tls.org,debian,hitch,usr/lib/systemd/system/hitch.service,hitch.service,A,UNAMBIGUOUS_EXECUTABLE_LINEAGE,MATCHED,usr/lib/systemd/system/hitch.service,hitch,1,3,,,,1
https://hitch-tls.org::hitch,https://hitch-tls.org,fedora,hitch,usr/lib/systemd/system/hitch.service,hitch.service,A,UNAMBIGUOUS_EXECUTABLE_LINEAGE,MATCHED,usr/lib/systemd/system/hitch.service,hitch,1,3,,,,1
https://hitch-tls.org::hitch,https://hitch-tls.org,ubuntu,hitch,usr/lib/systemd/system/hitch.service,hitch.service,A,UNAMBIGUOUS_EXECUTABLE_LINEAGE,MATCHED,usr/lib/systemd/system/hitch.service,hitch,1,3,,,,1
https://htcondor.org::upstream-unit::src/condor_examples/condor-annex-ec2.service,https://htcondor.org,debian,condor-annex-ec2,usr/lib/systemd/system/condor-annex-ec2.service,condor-annex-ec2.service,A,EXACT_UPSTREAM_UNIT_IDENTITY,MATCHED,/home/emrecan/github/ecylmz/unittrace/artifacts/full/roots/sources/debian/condor/23.9.6+dfsg-2.1/htcondor-23.9.6/src/condor_examples/condor-annex-ec2.service,condor-annex-ec2,1,3,23.9.6+dfsg-2.1,src/condor_examples/condor-annex-ec2.service,e03d3e029684419f31b9330ff9a37b0c032d2b20df9e20cfbc8033d43a5eb4ef,1
https://htcondor.org::upstream-unit::src/condor_examples/condor-annex-ec2.service,https://htcondor.org,fedora,condor-annex-ec2,usr/lib/systemd/system/condor-annex-ec2.service,condor-annex-ec2.service,A,EXACT_UPSTREAM_UNIT_IDENTITY,MATCHED,/home/emrecan/github/ecylmz/unittrace/artifacts/full/roots/sources/fedora/condor/condor-23.9.6-15.fc44.src.rpm/condor-23.9.6/src/condor_examples/condor-annex-ec2.service,condor-annex-ec2,1,3,condor-23.9.6-15.fc44.src.rpm,src/condor_examples/condor-annex-ec2.service,e03d3e029684419f31b9330ff9a37b0c032d2b20df9e20cfbc8033d43a5eb4ef,1
https://htcondor.org::upstream-unit::src/condor_examples/condor-annex-ec2.service,https://htcondor.org,ubuntu,condor-annex-ec2,usr/lib/systemd/system/condor-annex-ec2.service,condor-annex-ec2.service,A,EXACT_UPSTREAM_UNIT_IDENTITY,MATCHED,/home/emrecan/github/ecylmz/unittrace/artifacts/full/roots/sources/ubuntu/condor/25.6.1+dfsg-1/htcondor-25.6.1/src/condor_examples/condor-annex-ec2.service,condor-annex-ec2,1,3,25.6.1+dfsg-1,src/condor_examples/condor-annex-ec2.service,e03d3e029684419f31b9330ff9a37b0c032d2b20df9e20cfbc8033d43a5eb4ef,1
https://htcondor.org::upstream-unit::src/condor_examples/condor.service,https://htcondor.org,debian,condor,usr/lib/systemd/system/condor.service,condor.service,A,EXACT_UPSTREAM_UNIT_IDENTITY,MATCHED,/home/emrecan/github/ecylmz/unittrace/artifacts/full/roots/sources/debian/condor/23.9.6+dfsg-2.1/htcondor-23.9.6/src/condor_examples/condor.service,condor_master,1,3,23.9.6+dfsg-2.1,src/condor_examples/condor.service,f9099c927b4321ab1bc6b0c8f77288c3d16e9d28fe7f9ab0429d15ed25f27c5c,1
https://htcondor.org::upstream-unit::src/condor_examples/condor.service,https://htcondor.org,fedora,condor,usr/lib/systemd/system/condor.service,condor.service,A,EXACT_UPSTREAM_UNIT_IDENTITY,MATCHED,/home/emrecan/github/ecylmz/unittrace/artifacts/full/roots/sources/fedora/condor/condor-23.9.6-15.fc44.src.rpm/condor-23.9.6/src/condor_examples/condor.service,condor_master,1,3,condor-23.9.6-15.fc44.src.rpm,src/condor_examples/condor.service,f9099c927b4321ab1bc6b0c8f77288c3d16e9d28fe7f9ab0429d15ed25f27c5c,1
https://htcondor.org::upstream-unit::src/condor_examples/condor.service,https://htcondor.org,ubuntu,condor,usr/lib/systemd/system/condor.service,condor.service,A,EXACT_UPSTREAM_UNIT_IDENTITY,MATCHED,/home/emrecan/github/ecylmz/unittrace/artifacts/full/roots/sources/ubuntu/condor/25.6.1+dfsg-1/htcondor-25.6.1/src/condor_examples/condor.service,condor_master,1,3,25.6.1+dfsg-1,src/condor_examples/condor.service,f9099c927b4321ab1bc6b0c8f77288c3d16e9d28fe7f9ab0429d15ed25f27c5c,1
https://httpd.apache.org::apachectl,https://httpd.apache.org,debian,apache2,usr/lib/systemd/system/apache2.service,apache2.service,A,UNAMBIGUOUS_EXECUTABLE_LINEAGE,MATCHED,usr/lib/systemd/system/apache2.service,apachectl,1,2,,,,1
https://httpd.apache.org::apachectl,https://httpd.apache.org,ubuntu,apache2,usr/lib/systemd/system/apache2.service,apache2.service,A,UNAMBIGUOUS_EXECUTABLE_LINEAGE,MATCHED,usr/lib/systemd/system/apache2.service,apachectl,1,2,,,,1
https://httpd.apache.org::htcacheclean,https://httpd.apache.org,debian,apache2,usr/lib/systemd/system/apache-htcacheclean.service,apache-htcacheclean.service,A,UNAMBIGUOUS_EXECUTABLE_LINEAGE,MATCHED,usr/lib/systemd/system/apache-htcacheclean.service,htcacheclean,1,3,,,,1
https://httpd.apache.org::htcacheclean,https://httpd.apache.org,fedora,httpd,usr/lib/systemd/system/htcacheclean.service,htcacheclean.service,A,UNAMBIGUOUS_EXECUTABLE_LINEAGE,MATCHED,usr/lib/systemd/system/htcacheclean.service,htcacheclean,1,3,,,,1
https://httpd.apache.org::htcacheclean,https://httpd.apache.org,ubuntu,apache2,usr/lib/systemd/system/apache-htcacheclean.service,apache-htcacheclean.service,A,UNAMBIGUOUS_EXECUTABLE_LINEAGE,MATCHED,usr/lib/systemd/system/apache-htcacheclean.service,htcacheclean,1,3,,,,1
https://humdi.net/vnstat::vnstatd,https://humdi.net/vnstat,arch,vnstat,usr/lib/systemd/system/vnstat.service,vnstat.service,A,UNAMBIGUOUS_EXECUTABLE_LINEAGE,MATCHED,usr/lib/systemd/system/vnstat.service,vnstatd,1,4,,,,1
https://humdi.net/vnstat::vnstatd,https://humdi.net/vnstat,debian,vnstat,usr/lib/systemd/system/vnstat.service,vnstat.service,A,UNAMBIGUOUS_EXECUTABLE_LINEAGE,MATCHED,usr/lib/systemd/system/vnstat.service,vnstatd,1,4,,,,1
https://humdi.net/vnstat::vnstatd,https://humdi.net/vnstat,fedora,vnstat,usr/lib/systemd/system/vnstat.service,vnstat.service,A,UNAMBIGUOUS_EXECUTABLE_LINEAGE,MATCHED,usr/lib/systemd/system/vnstat.service,vnstatd,1,4,,,,1
https://humdi.net/vnstat::vnstatd,https://humdi.net/vnstat,ubuntu,vnstat,usr/lib/systemd/system/vnstat.service,vnstat.service,A,UNAMBIGUOUS_EXECUTABLE_LINEAGE,MATCHED,usr/lib/systemd/system/vnstat.service,vnstatd,1,4,,,,1
https://i2pd.website::i2pd,https://i2pd.website,arch,i2pd,usr/lib/systemd/system/i2pd.service,i2pd.service,A,UNAMBIGUOUS_EXECUTABLE_LINEAGE,MATCHED,usr/lib/systemd/system/i2pd.service,i2pd,1,3,,,,1
https://i2pd.website::i2pd,https://i2pd.website,debian,i2pd,usr/lib/systemd/system/i2pd.service,i2pd.service,A,UNAMBIGUOUS_EXECUTABLE_LINEAGE,MATCHED,usr/lib/systemd/system/i2pd.service,i2pd,1,3,,,,1
https://i2pd.website::i2pd,https://i2pd.website,ubuntu,i2pd,usr/lib/systemd/system/i2pd.service,i2pd.service,A,UNAMBIGUOUS_EXECUTABLE_LINEAGE,MATCHED,usr/lib/systemd/system/i2pd.service,i2pd,1,3,,,,1
https://iwd.wiki.kernel.org::ead,https://iwd.wiki.kernel.org,fedora,iwd,usr/lib/systemd/system/ead.service,ead.service,A,UNAMBIGUOUS_EXECUTABLE_LINEAGE,MATCHED,usr/lib/systemd/system/ead.service,ead,1,2,,,,1
https://iwd.wiki.kernel.org::ead,https://iwd.wiki.kernel.org,ubuntu,ead,usr/lib/systemd/system/ead.service,ead.service,A,UNAMBIGUOUS_EXECUTABLE_LINEAGE,MATCHED,usr/lib/systemd/system/ead.service,ead,1,2,,,,1
https://iwd.wiki.kernel.org::iwd,https://iwd.wiki.kernel.org,debian,iwd,usr/lib/systemd/system/iwd.service,iwd.service,A,UNAMBIGUOUS_EXECUTABLE_LINEAGE,MATCHED,usr/lib/systemd/system/iwd.service,iwd,1,3,,,,1
https://iwd.wiki.kernel.org::iwd,https://iwd.wiki.kernel.org,fedora,iwd,usr/lib/systemd/system/iwd.service,iwd.service,A,UNAMBIGUOUS_EXECUTABLE_LINEAGE,MATCHED,usr/lib/systemd/system/iwd.service,iwd,1,3,,,,1
https://iwd.wiki.kernel.org::iwd,https://iwd.wiki.kernel.org,ubuntu,iwd,usr/lib/systemd/system/iwd.service,iwd.service,A,UNAMBIGUOUS_EXECUTABLE_LINEAGE,MATCHED,usr/lib/systemd/system/iwd.service,iwd,1,3,,,,1
https://jabberd2.org::jabberd2-c2s,https://jabberd2.org,debian,jabberd2,usr/lib/systemd/system/jabberd-c2s.service,jabberd-c2s.service,A,UNAMBIGUOUS_EXECUTABLE_LINEAGE,MATCHED,usr/lib/systemd/system/jabberd-c2s.service,jabberd2-c2s,1,2,,,,1
https://jabberd2.org::jabberd2-c2s,https://jabberd2.org,ubuntu,jabberd2,usr/lib/systemd/system/jabberd-c2s.service,jabberd-c2s.service,A,UNAMBIGUOUS_EXECUTABLE_LINEAGE,MATCHED,usr/lib/systemd/system/jabberd-c2s.service,jabberd2-c2s,1,2,,,,1
https://jabberd2.org::jabberd2-router,https://jabberd2.org,debian,jabberd2,usr/lib/systemd/system/jabberd-router.service,jabberd-router.service,A,UNAMBIGUOUS_EXECUTABLE_LINEAGE,MATCHED,usr/lib/systemd/system/jabberd-router.service,jabberd2-router,1,2,,,,1
https://jabberd2.org::jabberd2-router,https://jabberd2.org,ubuntu,jabberd2,usr/lib/systemd/system/jabberd-router.service,jabberd-router.service,A,UNAMBIGUOUS_EXECUTABLE_LINEAGE,MATCHED,usr/lib/systemd/system/jabberd-router.service,jabberd2-router,1,2,,,,1
https://jabberd2.org::jabberd2-s2s,https://jabberd2.org,debian,jabberd2,usr/lib/systemd/system/jabberd-s2s.service,jabberd-s2s.service,A,UNAMBIGUOUS_EXECUTABLE_LINEAGE,MATCHED,usr/lib/systemd/system/jabberd-s2s.service,jabberd2-s2s,1,2,,,,1
https://jabberd2.org::jabberd2-s2s,https://jabberd2.org,ubuntu,jabberd2,usr/lib/systemd/system/jabberd-s2s.service,jabberd-s2s.service,A,UNAMBIGUOUS_EXECUTABLE_LINEAGE,MATCHED,usr/lib/systemd/system/jabberd-s2s.service,jabberd2-s2s,1,2,,,,1
https://jabberd2.org::jabberd2-sm,https://jabberd2.org,debian,jabberd2,usr/lib/systemd/system/jabberd-sm.service,jabberd-sm.service,A,UNAMBIGUOUS_EXECUTABLE_LINEAGE,MATCHED,usr/lib/systemd/system/jabberd-sm.service,jabberd2-sm,1,2,,,,1
https://jabberd2.org::jabberd2-sm,https://jabberd2.org,ubuntu,jabberd2,usr/lib/systemd/system/jabberd-sm.service,jabberd-sm.service,A,UNAMBIGUOUS_EXECUTABLE_LINEAGE,MATCHED,usr/lib/systemd/system/jabberd-sm.service,jabberd2-sm,1,2,,,,1
https://jabberd2.org::true,https://jabberd2.org,debian,jabberd2,usr/lib/systemd/system/jabberd.service,jabberd.service,A,UNAMBIGUOUS_EXECUTABLE_LINEAGE,MATCHED,usr/lib/systemd/system/jabberd.service,true,1,3,,,,1
https://jabberd2.org::true,https://jabberd2.org,fedora,jabberd,usr/lib/systemd/system/jabberd.service,jabberd.service,A,UNAMBIGUOUS_EXECUTABLE_LINEAGE,MATCHED,usr/lib/systemd/system/jabberd.service,true,1,3,,,,1
https://jabberd2.org::true,https://jabberd2.org,ubuntu,jabberd2,usr/lib/systemd/system/jabberd.service,jabberd.service,A,UNAMBIGUOUS_EXECUTABLE_LINEAGE,MATCHED,usr/lib/systemd/system/jabberd.service,true,1,3,,,,1
https://janus.conf.meetecho.com::janus,https://janus.conf.meetecho.com,fedora,janus,usr/lib/systemd/system/janus.service,janus.service,A,UNAMBIGUOUS_EXECUTABLE_LINEAGE,MATCHED,usr/lib/systemd/system/janus.service,janus,1,2,,,,1
https://janus.conf.meetecho.com::janus,https://janus.conf.meetecho.com,ubuntu,janus,usr/lib/systemd/system/janus.service,janus.service,A,UNAMBIGUOUS_EXECUTABLE_LINEAGE,MATCHED,usr/lib/systemd/system/janus.service,janus,1,2,,,,1
https://kea.isc.org::kea-ctrl-agent,https://kea.isc.org,arch,kea,usr/lib/systemd/system/kea-ctrl-agent.service,kea-ctrl-agent.service,A,UNAMBIGUOUS_EXECUTABLE_LINEAGE,MATCHED,usr/lib/systemd/system/kea-ctrl-agent.service,kea-ctrl-agent,1,4,,,,1
https://kea.isc.org::kea-ctrl-agent,https://kea.isc.org,debian,kea-ctrl-agent,usr/lib/systemd/system/kea-ctrl-agent.service,kea-ctrl-agent.service,A,UNAMBIGUOUS_EXECUTABLE_LINEAGE,MATCHED,usr/lib/systemd/system/kea-ctrl-agent.service,kea-ctrl-agent,1,4,,,,1
https://kea.isc.org::kea-ctrl-agent,https://kea.isc.org,fedora,kea,usr/lib/systemd/system/kea-ctrl-agent.service,kea-ctrl-agent.service,A,UNAMBIGUOUS_EXECUTABLE_LINEAGE,MATCHED,usr/lib/systemd/system/kea-ctrl-agent.service,kea-ctrl-agent,1,4,,,,1
https://kea.isc.org::kea-ctrl-agent,https://kea.isc.org,ubuntu,kea-ctrl-agent,usr/lib/systemd/system/kea-ctrl-agent.service,kea-ctrl-agent.service,A,UNAMBIGUOUS_EXECUTABLE_LINEAGE,MATCHED,usr/lib/systemd/system/kea-ctrl-agent.service,kea-ctrl-agent,1,4,,,,1
https://kea.isc.org::kea-dhcp-ddns,https://kea.isc.org,arch,kea,usr/lib/systemd/system/kea-dhcp-ddns.service,kea-dhcp-ddns.service,A,UNAMBIGUOUS_EXECUTABLE_LINEAGE,MATCHED,usr/lib/systemd/system/kea-dhcp-ddns.service,kea-dhcp-ddns,1,4,,,,1
https://kea.isc.org::kea-dhcp-ddns,https://kea.isc.org,debian,kea-dhcp-ddns-server,usr/lib/systemd/system/kea-dhcp-ddns-server.service,kea-dhcp-ddns-server.service,A,UNAMBIGUOUS_EXECUTABLE_LINEAGE,MATCHED,usr/lib/systemd/system/kea-dhcp-ddns-server.service,kea-dhcp-ddns,1,4,,,,1
https://kea.isc.org::kea-dhcp-ddns,https://kea.isc.org,fedora,kea,usr/lib/systemd/system/kea-dhcp-ddns.service,kea-dhcp-ddns.service,A,UNAMBIGUOUS_EXECUTABLE_LINEAGE,MATCHED,usr/lib/systemd/system/kea-dhcp-ddns.service,kea-dhcp-ddns,1,4,,,,1
https://kea.isc.org::kea-dhcp-ddns,https://kea.isc.org,ubuntu,kea-dhcp-ddns-server,usr/lib/systemd/system/kea-dhcp-ddns-server.service,kea-dhcp-ddns-server.service,A,UNAMBIGUOUS_EXECUTABLE_LINEAGE,MATCHED,usr/lib/systemd/system/kea-dhcp-ddns-server.service,kea-dhcp-ddns,1,4,,,,1
https://kea.isc.org::kea-dhcp4,https://kea.isc.org,arch,kea,usr/lib/systemd/system/kea-dhcp4.service,kea-dhcp4.service,A,UNAMBIGUOUS_EXECUTABLE_LINEAGE,MATCHED,usr/lib/systemd/system/kea-dhcp4.service,kea-dhcp4,1,4,,,,1
https://kea.isc.org::kea-dhcp4,https://kea.isc.org,debian,kea-dhcp4-server,usr/lib/systemd/system/kea-dhcp4-server.service,kea-dhcp4-server.service,A,UNAMBIGUOUS_EXECUTABLE_LINEAGE,MATCHED,usr/lib/systemd/system/kea-dhcp4-server.service,kea-dhcp4,1,4,,,,1
https://kea.isc.org::kea-dhcp4,https://kea.isc.org,fedora,kea,usr/lib/systemd/system/kea-dhcp4.service,kea-dhcp4.service,A,UNAMBIGUOUS_EXECUTABLE_LINEAGE,MATCHED,usr/lib/systemd/system/kea-dhcp4.service,kea-dhcp4,1,4,,,,1
https://kea.isc.org::kea-dhcp4,https://kea.isc.org,ubuntu,kea-dhcp4-server,usr/lib/systemd/system/kea-dhcp4-server.service,kea-dhcp4-server.service,A,UNAMBIGUOUS_EXECUTABLE_LINEAGE,MATCHED,usr/lib/systemd/system/kea-dhcp4-server.service,kea-dhcp4,1,4,,,,1
https://kea.isc.org::kea-dhcp6,https://kea.isc.org,arch,kea,usr/lib/systemd/system/kea-dhcp6.service,kea-dhcp6.service,A,UNAMBIGUOUS_EXECUTABLE_LINEAGE,MATCHED,usr/lib/systemd/system/kea-dhcp6.service,kea-dhcp6,1,4,,,,1
https://kea.isc.org::kea-dhcp6,https://kea.isc.org,debian,kea-dhcp6-server,usr/lib/systemd/system/kea-dhcp6-server.service,kea-dhcp6-server.service,A,UNAMBIGUOUS_EXECUTABLE_LINEAGE,MATCHED,usr/lib/systemd/system/kea-dhcp6-server.service,kea-dhcp6,1,4,,,,1
https://kea.isc.org::kea-dhcp6,https://kea.isc.org,fedora,kea,usr/lib/systemd/system/kea-dhcp6.service,kea-dhcp6.service,A,UNAMBIGUOUS_EXECUTABLE_LINEAGE,MATCHED,usr/lib/systemd/system/kea-dhcp6.service,kea-dhcp6,1,4,,,,1
https://kea.isc.org::kea-dhcp6,https://kea.isc.org,ubuntu,kea-dhcp6-server,usr/lib/systemd/system/kea-dhcp6-server.service,kea-dhcp6-server.service,A,UNAMBIGUOUS_EXECUTABLE_LINEAGE,MATCHED,usr/lib/systemd/system/kea-dhcp6-server.service,kea-dhcp6,1,4,,,,1
https://launchpad.net/spf-engine::pyspf-milter,https://launchpad.net/spf-engine,fedora,pypolicyd-spf-milter,usr/lib/systemd/system/pyspf-milter.service,pyspf-milter.service,A,UNAMBIGUOUS_EXECUTABLE_LINEAGE,MATCHED,usr/lib/systemd/system/pyspf-milter.service,pyspf-milter,1,2,,,,1
https://launchpad.net/spf-engine::pyspf-milter,https://launchpad.net/spf-engine,ubuntu,pyspf-milter,usr/lib/systemd/system/pyspf-milter.service,pyspf-milter.service,A,UNAMBIGUOUS_EXECUTABLE_LINEAGE,MATCHED,usr/lib/systemd/system/pyspf-milter.service,pyspf-milter,1,2,,,,1
https://launchpad.net/ufw::ufw-init,https://launchpad.net/ufw,arch,ufw,usr/lib/systemd/system/ufw.service,ufw.service,A,UNAMBIGUOUS_EXECUTABLE_LINEAGE,MATCHED,usr/lib/systemd/system/ufw.service,ufw-init,1,3,,,,1
https://launchpad.net/ufw::ufw-init,https://launchpad.net/ufw,fedora,ufw,usr/lib/systemd/system/ufw.service,ufw.service,A,UNAMBIGUOUS_EXECUTABLE_LINEAGE,MATCHED,usr/lib/systemd/system/ufw.service,ufw-init,1,3,,,,1
https://launchpad.net/ufw::ufw-init,https://launchpad.net/ufw,ubuntu,ufw,usr/lib/systemd/system/ufw.service,ufw.service,A,UNAMBIGUOUS_EXECUTABLE_LINEAGE,MATCHED,usr/lib/systemd/system/ufw.service,ufw-init,1,3,,,,1
https://lemonldap-ng.org::llng-fastcgi-server,https://lemonldap-ng.org,fedora,lemonldap-ng-fastcgi-server,usr/lib/systemd/system/llng-fastcgi-server.service,llng-fastcgi-server.service,A,UNAMBIGUOUS_EXECUTABLE_LINEAGE,MATCHED,usr/lib/systemd/system/llng-fastcgi-server.service,llng-fastcgi-server,1,2,,,,1
https://lemonldap-ng.org::llng-fastcgi-server,https://lemonldap-ng.org,ubuntu,lemonldap-ng-fastcgi-server,usr/lib/systemd/system/lemonldap-ng-fastcgi-server.service,lemonldap-ng-fastcgi-server.service,A,UNAMBIGUOUS_EXECUTABLE_LINEAGE,MATCHED,usr/lib/systemd/system/lemonldap-ng-fastcgi-server.service,llng-fastcgi-server,1,2,,,,1
https://lemonldap-ng.org::purgeCentralCache,https://lemonldap-ng.org,fedora,lemonldap-ng-portal,usr/lib/systemd/system/lemonldap-ng-portal.service,lemonldap-ng-portal.service,A,UNAMBIGUOUS_EXECUTABLE_LINEAGE,MATCHED,usr/lib/systemd/system/lemonldap-ng-portal.service,purgeCentralCache,1,2,,,,1
https://lemonldap-ng.org::purgeCentralCache,https://lemonldap-ng.org,ubuntu,liblemonldap-ng-portal-perl,usr/lib/systemd/system/liblemonldap-ng-portal-perl.service,liblemonldap-ng-portal-perl.service,A,UNAMBIGUOUS_EXECUTABLE_LINEAGE,MATCHED,usr/lib/systemd/system/liblemonldap-ng-portal-perl.service,purgeCentralCache,1,2,,,,1
https://lemonldap-ng.org::purgeLocalCache,https://lemonldap-ng.org,fedora,lemonldap-ng-handler,usr/lib/systemd/system/lemonldap-ng-handler.service,lemonldap-ng-handler.service,A,UNAMBIGUOUS_EXECUTABLE_LINEAGE,MATCHED,usr/lib/systemd/system/lemonldap-ng-handler.service,purgeLocalCache,1,2,,,,1
https://lemonldap-ng.org::purgeLocalCache,https://lemonldap-ng.org,ubuntu,liblemonldap-ng-handler-perl,usr/lib/systemd/system/liblemonldap-ng-handler-perl.service,liblemonldap-ng-handler-perl.service,A,UNAMBIGUOUS_EXECUTABLE_LINEAGE,MATCHED,usr/lib/systemd/system/liblemonldap-ng-handler-perl.service,purgeLocalCache,1,2,,,,1
https://libreswan.org::pluto,https://libreswan.org,debian,libreswan,usr/lib/systemd/system/ipsec.service,ipsec.service,A,UNAMBIGUOUS_EXECUTABLE_LINEAGE,MATCHED,usr/lib/systemd/system/ipsec.service,pluto,1,3,,,,1
https://libreswan.org::pluto,https://libreswan.org,fedora,libreswan,usr/lib/systemd/system/ipsec.service,ipsec.service,A,UNAMBIGUOUS_EXECUTABLE_LINEAGE,MATCHED,usr/lib/systemd/system/ipsec.service,pluto,1,3,,,,1
https://libreswan.org::pluto,https://libreswan.org,ubuntu,libreswan,usr/lib/systemd/system/ipsec.service,ipsec.service,A,UNAMBIGUOUS_EXECUTABLE_LINEAGE,MATCHED,usr/lib/systemd/system/ipsec.service,pluto,1,3,,,,1
https://libvirt.org::libvirt-guests.sh,https://libvirt.org,arch,libvirt,usr/lib/systemd/system/libvirt-guests.service,libvirt-guests.service,UNRESOLVED,UNAMBIGUOUS_EXECUTABLE_LINEAGE,SERVICE_LINEAGE_AMBIGUOUS,usr/lib/systemd/system/libvirt-guests.service,libvirt-guests.sh,1,4,,,,1
https://libvirt.org::libvirt-guests.sh,https://libvirt.org,debian,libvirt-daemon-common,usr/lib/systemd/system/libvirt-guests.service,libvirt-guests.service,UNRESOLVED,UNAMBIGUOUS_EXECUTABLE_LINEAGE,SERVICE_LINEAGE_AMBIGUOUS,usr/lib/systemd/system/libvirt-guests.service,libvirt-guests.sh,1,4,,,,1
https://libvirt.org::libvirt-guests.sh,https://libvirt.org,fedora,libvirt-daemon-common,usr/lib/systemd/system/libvirt-guests.service,libvirt-guests.service,UNRESOLVED,UNAMBIGUOUS_EXECUTABLE_LINEAGE,SERVICE_LINEAGE_AMBIGUOUS,usr/lib/systemd/system/libvirt-guests.service,libvirt-guests.sh,1,4,,,,1
https://libvirt.org::libvirt-guests.sh,https://libvirt.org,ubuntu,libvirt-daemon-common,usr/lib/systemd/system/libvirt-guests.service,libvirt-guests.service,UNRESOLVED,UNAMBIGUOUS_EXECUTABLE_LINEAGE,SERVICE_LINEAGE_AMBIGUOUS,usr/lib/systemd/system/libvirt-guests.service,libvirt-guests.sh,2,4,,,,2
https://libvirt.org::libvirt-guests.sh,https://libvirt.org,ubuntu,libvirt-daemon-common-hwe,usr/lib/systemd/system/libvirt-guests.service,libvirt-guests.service,UNRESOLVED,UNAMBIGUOUS_EXECUTABLE_LINEAGE,SERVICE_LINEAGE_AMBIGUOUS,usr/lib/systemd/system/libvirt-guests.service,libvirt-guests.sh,2,4,,,,2
https://libvirt.org::libvirtd,https://libvirt.org,arch,libvirt,usr/lib/systemd/system/libvirtd.service,libvirtd.service,A,UNAMBIGUOUS_EXECUTABLE_LINEAGE,MATCHED,usr/lib/systemd/system/libvirtd.service,libvirtd,1,2,,,,1
https://libvirt.org::libvirtd,https://libvirt.org,fedora,libvirt-daemon,usr/lib/systemd/system/libvirtd.service,libvirtd.service,A,UNAMBIGUOUS_EXECUTABLE_LINEAGE,MATCHED,usr/lib/systemd/system/libvirtd.service,libvirtd,1,2,,,,1
https://libvirt.org::virtchd,https://libvirt.org,arch,libvirt,usr/lib/systemd/system/virtchd.service,virtchd.service,A,UNAMBIGUOUS_EXECUTABLE_LINEAGE,MATCHED,usr/lib/systemd/system/virtchd.service,virtchd,1,2,,,,1
https://libvirt.org::virtchd,https://libvirt.org,fedora,libvirt-daemon-driver-ch,usr/lib/systemd/system/virtchd.service,virtchd.service,A,UNAMBIGUOUS_EXECUTABLE_LINEAGE,MATCHED,usr/lib/systemd/system/virtchd.service,virtchd,1,2,,,,1
https://libvirt.org::virtinterfaced,https://libvirt.org,arch,libvirt,usr/lib/systemd/system/virtinterfaced.service,virtinterfaced.service,A,UNAMBIGUOUS_EXECUTABLE_LINEAGE,MATCHED,usr/lib/systemd/system/virtinterfaced.service,virtinterfaced,1,2,,,,1
https://libvirt.org::virtinterfaced,https://libvirt.org,fedora,libvirt-daemon-driver-interface,usr/lib/systemd/system/virtinterfaced.service,virtinterfaced.service,A,UNAMBIGUOUS_EXECUTABLE_LINEAGE,MATCHED,usr/lib/systemd/system/virtinterfaced.service,virtinterfaced,1,2,,,,1
https://libvirt.org::virtlockd,https://libvirt.org,arch,libvirt,usr/lib/systemd/system/virtlockd.service,virtlockd.service,A,UNAMBIGUOUS_EXECUTABLE_LINEAGE,MATCHED,usr/lib/systemd/system/virtlockd.service,virtlockd,1,2,,,,1
https://libvirt.org::virtlockd,https://libvirt.org,fedora,libvirt-daemon-lock,usr/lib/systemd/system/virtlockd.service,virtlockd.service,A,UNAMBIGUOUS_EXECUTABLE_LINEAGE,MATCHED,usr/lib/systemd/system/virtlockd.service,virtlockd,1,2,,,,1
https://libvirt.org::virtlogd,https://libvirt.org,arch,libvirt,usr/lib/systemd/system/virtlogd.service,virtlogd.service,A,UNAMBIGUOUS_EXECUTABLE_LINEAGE,MATCHED,usr/lib/systemd/system/virtlogd.service,virtlogd,1,2,,,,1
https://libvirt.org::virtlogd,https://libvirt.org,fedora,libvirt-daemon-log,usr/lib/systemd/system/virtlogd.service,virtlogd.service,A,UNAMBIGUOUS_EXECUTABLE_LINEAGE,MATCHED,usr/lib/systemd/system/virtlogd.service,virtlogd,1,2,,,,1
https://libvirt.org::virtlxcd,https://libvirt.org,arch,libvirt,usr/lib/systemd/system/virtlxcd.service,virtlxcd.service,A,UNAMBIGUOUS_EXECUTABLE_LINEAGE,MATCHED,usr/lib/systemd/system/virtlxcd.service,virtlxcd,1,2,,,,1
https://libvirt.org::virtlxcd,https://libvirt.org,fedora,libvirt-daemon-driver-lxc,usr/lib/systemd/system/virtlxcd.service,virtlxcd.service,A,UNAMBIGUOUS_EXECUTABLE_LINEAGE,MATCHED,usr/lib/systemd/system/virtlxcd.service,virtlxcd,1,2,,,,1
https://libvirt.org::virtnetworkd,https://libvirt.org,arch,libvirt,usr/lib/systemd/system/virtnetworkd.service,virtnetworkd.service,A,UNAMBIGUOUS_EXECUTABLE_LINEAGE,MATCHED,usr/lib/systemd/system/virtnetworkd.service,virtnetworkd,1,2,,,,1
https://libvirt.org::virtnetworkd,https://libvirt.org,fedora,libvirt-daemon-driver-network,usr/lib/systemd/system/virtnetworkd.service,virtnetworkd.service,A,UNAMBIGUOUS_EXECUTABLE_LINEAGE,MATCHED,usr/lib/systemd/system/virtnetworkd.service,virtnetworkd,1,2,,,,1
https://libvirt.org::virtnodedevd,https://libvirt.org,arch,libvirt,usr/lib/systemd/system/virtnodedevd.service,virtnodedevd.service,A,UNAMBIGUOUS_EXECUTABLE_LINEAGE,MATCHED,usr/lib/systemd/system/virtnodedevd.service,virtnodedevd,1,2,,,,1
https://libvirt.org::virtnodedevd,https://libvirt.org,fedora,libvirt-daemon-driver-nodedev,usr/lib/systemd/system/virtnodedevd.service,virtnodedevd.service,A,UNAMBIGUOUS_EXECUTABLE_LINEAGE,MATCHED,usr/lib/systemd/system/virtnodedevd.service,virtnodedevd,1,2,,,,1
https://libvirt.org::virtnwfilterd,https://libvirt.org,arch,libvirt,usr/lib/systemd/system/virtnwfilterd.service,virtnwfilterd.service,A,UNAMBIGUOUS_EXECUTABLE_LINEAGE,MATCHED,usr/lib/systemd/system/virtnwfilterd.service,virtnwfilterd,1,2,,,,1
https://libvirt.org::virtnwfilterd,https://libvirt.org,fedora,libvirt-daemon-driver-nwfilter,usr/lib/systemd/system/virtnwfilterd.service,virtnwfilterd.service,A,UNAMBIGUOUS_EXECUTABLE_LINEAGE,MATCHED,usr/lib/systemd/system/virtnwfilterd.service,virtnwfilterd,1,2,,,,1
https://libvirt.org::virtproxyd,https://libvirt.org,arch,libvirt,usr/lib/systemd/system/virtproxyd.service,virtproxyd.service,A,UNAMBIGUOUS_EXECUTABLE_LINEAGE,MATCHED,usr/lib/systemd/system/virtproxyd.service,virtproxyd,1,2,,,,1
https://libvirt.org::virtproxyd,https://libvirt.org,fedora,libvirt-daemon-proxy,usr/lib/systemd/system/virtproxyd.service,virtproxyd.service,A,UNAMBIGUOUS_EXECUTABLE_LINEAGE,MATCHED,usr/lib/systemd/system/virtproxyd.service,virtproxyd,1,2,,,,1
https://libvirt.org::virtqemud,https://libvirt.org,arch,libvirt,usr/lib/systemd/system/virtqemud.service,virtqemud.service,A,UNAMBIGUOUS_EXECUTABLE_LINEAGE,MATCHED,usr/lib/systemd/system/virtqemud.service,virtqemud,1,2,,,,1
https://libvirt.org::virtqemud,https://libvirt.org,fedora,libvirt-daemon-driver-qemu,usr/lib/systemd/system/virtqemud.service,virtqemud.service,A,UNAMBIGUOUS_EXECUTABLE_LINEAGE,MATCHED,usr/lib/systemd/system/virtqemud.service,virtqemud,1,2,,,,1
https://libvirt.org::virtsecretd,https://libvirt.org,arch,libvirt,usr/lib/systemd/system/virtsecretd.service,virtsecretd.service,A,UNAMBIGUOUS_EXECUTABLE_LINEAGE,MATCHED,usr/lib/systemd/system/virtsecretd.service,virtsecretd,1,2,,,,1
https://libvirt.org::virtsecretd,https://libvirt.org,fedora,libvirt-daemon-driver-secret,usr/lib/systemd/system/virtsecretd.service,virtsecretd.service,A,UNAMBIGUOUS_EXECUTABLE_LINEAGE,MATCHED,usr/lib/systemd/system/virtsecretd.service,virtsecretd,1,2,,,,1
https://libvirt.org::virtstoraged,https://libvirt.org,arch,libvirt,usr/lib/systemd/system/virtstoraged.service,virtstoraged.service,A,UNAMBIGUOUS_EXECUTABLE_LINEAGE,MATCHED,usr/lib/systemd/system/virtstoraged.service,virtstoraged,1,2,,,,1
https://libvirt.org::virtstoraged,https://libvirt.org,fedora,libvirt-daemon-driver-storage-core,usr/lib/systemd/system/virtstoraged.service,virtstoraged.service,A,UNAMBIGUOUS_EXECUTABLE_LINEAGE,MATCHED,usr/lib/systemd/system/virtstoraged.service,virtstoraged,1,2,,,,1
https://libvirt.org::virtvboxd,https://libvirt.org,arch,libvirt,usr/lib/systemd/system/virtvboxd.service,virtvboxd.service,A,UNAMBIGUOUS_EXECUTABLE_LINEAGE,MATCHED,usr/lib/systemd/system/virtvboxd.service,virtvboxd,1,2,,,,1
https://libvirt.org::virtvboxd,https://libvirt.org,fedora,libvirt-daemon-driver-vbox,usr/lib/systemd/system/virtvboxd.service,virtvboxd.service,A,UNAMBIGUOUS_EXECUTABLE_LINEAGE,MATCHED,usr/lib/systemd/system/virtvboxd.service,virtvboxd,1,2,,,,1
https://linrunner.de/tlp::tlp,https://linrunner.de/tlp,fedora,tlp,usr/lib/systemd/system/tlp.service,tlp.service,A,UNAMBIGUOUS_EXECUTABLE_LINEAGE,MATCHED,usr/lib/systemd/system/tlp.service,tlp,1,2,,,,1
https://linrunner.de/tlp::tlp,https://linrunner.de/tlp,ubuntu,tlp,usr/lib/systemd/system/tlp.service,tlp.service,A,UNAMBIGUOUS_EXECUTABLE_LINEAGE,MATCHED,usr/lib/systemd/system/tlp.service,tlp,1,2,,,,1
https://linux-nfs.org::rpc.gssd,https://linux-nfs.org,debian,nfs-common,usr/lib/systemd/system/rpc-gssd.service,rpc-gssd.service,A,UNAMBIGUOUS_EXECUTABLE_LINEAGE,MATCHED,usr/lib/systemd/system/rpc-gssd.service,rpc.gssd,1,3,,,,1
https://linux-nfs.org::rpc.gssd,https://linux-nfs.org,fedora,nfs-common-utils,usr/lib/systemd/system/rpc-gssd.service,rpc-gssd.service,A,UNAMBIGUOUS_EXECUTABLE_LINEAGE,MATCHED,usr/lib/systemd/system/rpc-gssd.service,rpc.gssd,1,3,,,,1
https://linux-nfs.org::rpc.gssd,https://linux-nfs.org,ubuntu,nfs-common,usr/lib/systemd/system/rpc-gssd.service,rpc-gssd.service,A,UNAMBIGUOUS_EXECUTABLE_LINEAGE,MATCHED,usr/lib/systemd/system/rpc-gssd.service,rpc.gssd,1,3,,,,1
https://linux-nfs.org::upstream-unit::systemd/auth-rpcgss-module.service,https://linux-nfs.org,debian,nfs-common,usr/lib/systemd/system/auth-rpcgss-module.service,auth-rpcgss-module.service,A,EXACT_UPSTREAM_UNIT_IDENTITY,MATCHED,/home/emrecan/github/ecylmz/unittrace/artifacts/full/roots/sources/debian/nfs-utils/2.8.3-1/nfs-utils-2.8.3/systemd/auth-rpcgss-module.service,modprobe,1,2,1:2.8.3-1,systemd/auth-rpcgss-module.service,3e0ca2e272425ef73eb9a39793982575109cde0e2d719813dbbc0cb47b0e132b,1
https://linux-nfs.org::upstream-unit::systemd/auth-rpcgss-module.service,https://linux-nfs.org,ubuntu,nfs-common,usr/lib/systemd/system/auth-rpcgss-module.service,auth-rpcgss-module.service,A,EXACT_UPSTREAM_UNIT_IDENTITY,MATCHED,/home/emrecan/github/ecylmz/unittrace/artifacts/full/roots/sources/ubuntu/nfs-utils/2.8.5-1ubuntu1/nfs-utils-2.8.5/systemd/auth-rpcgss-module.service,modprobe,1,2,1:2.8.5-1ubuntu1,systemd/auth-rpcgss-module.service,3e0ca2e272425ef73eb9a39793982575109cde0e2d719813dbbc0cb47b0e132b,1
https://linux-nfs.org::upstream-unit::systemd/fsidd.service,https://linux-nfs.org,debian,nfs-kernel-server,usr/lib/systemd/system/fsidd.service,fsidd.service,A,EXACT_UPSTREAM_UNIT_IDENTITY,MATCHED,/home/emrecan/github/ecylmz/unittrace/artifacts/full/roots/sources/debian/nfs-utils/2.8.3-1/nfs-utils-2.8.3/systemd/fsidd.service,fsidd,1,3,1:2.8.3-1,systemd/fsidd.service,a2ffc1131a30c150f2cba4082ce50fd901d93973f4554fde5ece76e6acecfc84,1
https://linux-nfs.org::upstream-unit::systemd/fsidd.service,https://linux-nfs.org,fedora,nfs-utils,usr/lib/systemd/system/fsidd.service,fsidd.service,A,EXACT_UPSTREAM_UNIT_IDENTITY,MATCHED,/home/emrecan/github/ecylmz/unittrace/artifacts/full/roots/sources/fedora/nfs-utils/nfs-utils-2.8.7-6.fc44.src.rpm/nfs-utils-2.8.7/systemd/fsidd.service,fsidd,1,3,nfs-utils-2.8.7-6.fc44.src.rpm,systemd/fsidd.service,a2ffc1131a30c150f2cba4082ce50fd901d93973f4554fde5ece76e6acecfc84,1
https://linux-nfs.org::upstream-unit::systemd/fsidd.service,https://linux-nfs.org,ubuntu,nfs-kernel-server,usr/lib/systemd/system/fsidd.service,fsidd.service,A,EXACT_UPSTREAM_UNIT_IDENTITY,MATCHED,/home/emrecan/github/ecylmz/unittrace/artifacts/full/roots/sources/ubuntu/nfs-utils/2.8.5-1ubuntu1/nfs-utils-2.8.5/systemd/fsidd.service,fsidd,1,3,1:2.8.5-1ubuntu1,systemd/fsidd.service,a2ffc1131a30c150f2cba4082ce50fd901d93973f4554fde5ece76e6acecfc84,1
https://linux-nfs.org::upstream-unit::systemd/nfs-idmapd.service,https://linux-nfs.org,debian,nfs-common,usr/lib/systemd/system/nfs-idmapd.service,nfs-idmapd.service,A,EXACT_UPSTREAM_UNIT_IDENTITY,MATCHED,/home/emrecan/github/ecylmz/unittrace/artifacts/full/roots/sources/debian/nfs-utils/2.8.3-1/nfs-utils-2.8.3/systemd/nfs-idmapd.service,rpc.idmapd,1,3,1:2.8.3-1,systemd/nfs-idmapd.service,44a600af2e64c81e82ef11acc8109eda8e64a2e9c9f00707ef97371e3c162c16,1
https://linux-nfs.org::upstream-unit::systemd/nfs-idmapd.service,https://linux-nfs.org,fedora,nfs-utils,usr/lib/systemd/system/nfs-idmapd.service,nfs-idmapd.service,A,EXACT_UPSTREAM_UNIT_IDENTITY,MATCHED,/home/emrecan/github/ecylmz/unittrace/artifacts/full/roots/sources/fedora/nfs-utils/nfs-utils-2.8.7-6.fc44.src.rpm/nfs-utils-2.8.7/systemd/nfs-idmapd.service,rpc.idmapd,1,3,nfs-utils-2.8.7-6.fc44.src.rpm,systemd/nfs-idmapd.service,9a751eb43e4328742c6032ed2bdb92a4f8074ce9ccae4ff8582abbb0d0f26698,1
https://linux-nfs.org::upstream-unit::systemd/nfs-idmapd.service,https://linux-nfs.org,ubuntu,nfs-common,usr/lib/systemd/system/nfs-idmapd.service,nfs-idmapd.service,A,EXACT_UPSTREAM_UNIT_IDENTITY,MATCHED,/home/emrecan/github/ecylmz/unittrace/artifacts/full/roots/sources/ubuntu/nfs-utils/2.8.5-1ubuntu1/nfs-utils-2.8.5/systemd/nfs-idmapd.service,rpc.idmapd,1,3,1:2.8.5-1ubuntu1,systemd/nfs-idmapd.service,9a751eb43e4328742c6032ed2bdb92a4f8074ce9ccae4ff8582abbb0d0f26698,1
https://linux-nfs.org::upstream-unit::systemd/nfs-mountd.service,https://linux-nfs.org,debian,nfs-kernel-server,usr/lib/systemd/system/nfs-mountd.service,nfs-mountd.service,A,EXACT_UPSTREAM_UNIT_IDENTITY,MATCHED,/home/emrecan/github/ecylmz/unittrace/artifacts/full/roots/sources/debian/nfs-utils/2.8.3-1/nfs-utils-2.8.3/systemd/nfs-mountd.service,rpc.mountd,1,3,1:2.8.3-1,systemd/nfs-mountd.service,e22a7ca8850331e223ff1fd40f712e7d4429674cd761513667ef606538608b0d,1
https://linux-nfs.org::upstream-unit::systemd/nfs-mountd.service,https://linux-nfs.org,fedora,nfs-utils,usr/lib/systemd/system/nfs-mountd.service,nfs-mountd.service,A,EXACT_UPSTREAM_UNIT_IDENTITY,MATCHED,/home/emrecan/github/ecylmz/unittrace/artifacts/full/roots/sources/fedora/nfs-utils/nfs-utils-2.8.7-6.fc44.src.rpm/nfs-utils-2.8.7/systemd/nfs-mountd.service,rpc.mountd,1,3,nfs-utils-2.8.7-6.fc44.src.rpm,systemd/nfs-mountd.service,e22a7ca8850331e223ff1fd40f712e7d4429674cd761513667ef606538608b0d,1
https://linux-nfs.org::upstream-unit::systemd/nfs-mountd.service,https://linux-nfs.org,ubuntu,nfs-kernel-server,usr/lib/systemd/system/nfs-mountd.service,nfs-mountd.service,A,EXACT_UPSTREAM_UNIT_IDENTITY,MATCHED,/home/emrecan/github/ecylmz/unittrace/artifacts/full/roots/sources/ubuntu/nfs-utils/2.8.5-1ubuntu1/nfs-utils-2.8.5/systemd/nfs-mountd.service,rpc.mountd,1,3,1:2.8.5-1ubuntu1,systemd/nfs-mountd.service,e22a7ca8850331e223ff1fd40f712e7d4429674cd761513667ef606538608b0d,1
https://linux-nfs.org::upstream-unit::systemd/nfs-server.service,https://linux-nfs.org,debian,nfs-kernel-server,usr/lib/systemd/system/nfs-server.service,nfs-server.service,A,EXACT_UPSTREAM_UNIT_IDENTITY,MATCHED,/home/emrecan/github/ecylmz/unittrace/artifacts/full/roots/sources/debian/nfs-utils/2.8.3-1/nfs-utils-2.8.3/systemd/nfs-server.service,sh,1,2,1:2.8.3-1,systemd/nfs-server.service,abd68bbfe5b39b7847e14eb9feb46bf5420540a74c733a7f67b86e76bee0875c,1
https://linux-nfs.org::upstream-unit::systemd/nfs-server.service,https://linux-nfs.org,ubuntu,nfs-kernel-server,usr/lib/systemd/system/nfs-server.service,nfs-server.service,A,EXACT_UPSTREAM_UNIT_IDENTITY,MATCHED,/home/emrecan/github/ecylmz/unittrace/artifacts/full/roots/sources/ubuntu/nfs-utils/2.8.5-1ubuntu1/nfs-utils-2.8.5/systemd/nfs-server.service,sh,1,2,1:2.8.5-1ubuntu1,systemd/nfs-server.service,abd68bbfe5b39b7847e14eb9feb46bf5420540a74c733a7f67b86e76bee0875c,1
https://linux-nfs.org::upstream-unit::systemd/nfs-utils.service,https://linux-nfs.org,debian,nfs-common,usr/lib/systemd/system/nfs-utils.service,nfs-utils.service,A,EXACT_UPSTREAM_UNIT_IDENTITY,MATCHED,/home/emrecan/github/ecylmz/unittrace/artifacts/full/roots/sources/debian/nfs-utils/2.8.3-1/nfs-utils-2.8.3/systemd/nfs-utils.service,true,1,3,1:2.8.3-1,systemd/nfs-utils.service,0e3045253bbab2403ad93e10de9104cfe98c2db9a3df5ec110721827bc9e85c7,1
https://linux-nfs.org::upstream-unit::systemd/nfs-utils.service,https://linux-nfs.org,fedora,nfs-utils,usr/lib/systemd/system/nfs-utils.service,nfs-utils.service,A,EXACT_UPSTREAM_UNIT_IDENTITY,MATCHED,/home/emrecan/github/ecylmz/unittrace/artifacts/full/roots/sources/fedora/nfs-utils/nfs-utils-2.8.7-6.fc44.src.rpm/nfs-utils-2.8.7/systemd/nfs-utils.service,true,1,3,nfs-utils-2.8.7-6.fc44.src.rpm,systemd/nfs-utils.service,0e3045253bbab2403ad93e10de9104cfe98c2db9a3df5ec110721827bc9e85c7,1
https://linux-nfs.org::upstream-unit::systemd/nfs-utils.service,https://linux-nfs.org,ubuntu,nfs-common,usr/lib/systemd/system/nfs-utils.service,nfs-utils.service,A,EXACT_UPSTREAM_UNIT_IDENTITY,MATCHED,/home/emrecan/github/ecylmz/unittrace/artifacts/full/roots/sources/ubuntu/nfs-utils/2.8.5-1ubuntu1/nfs-utils-2.8.5/systemd/nfs-utils.service,true,1,3,1:2.8.5-1ubuntu1,systemd/nfs-utils.service,0e3045253bbab2403ad93e10de9104cfe98c2db9a3df5ec110721827bc9e85c7,1
https://linux-nfs.org::upstream-unit::systemd/nfsdcld.service,https://linux-nfs.org,debian,nfs-kernel-server,usr/lib/systemd/system/nfsdcld.service,nfsdcld.service,A,EXACT_UPSTREAM_UNIT_IDENTITY,MATCHED,/home/emrecan/github/ecylmz/unittrace/artifacts/full/roots/sources/debian/nfs-utils/2.8.3-1/nfs-utils-2.8.3/systemd/nfsdcld.service,nfsdcld,1,3,1:2.8.3-1,systemd/nfsdcld.service,599b8add8d9f56c85b284d8eed4f6025bd79d73273d97146c1b6ee5042884f23,1
https://linux-nfs.org::upstream-unit::systemd/nfsdcld.service,https://linux-nfs.org,fedora,nfs-utils,usr/lib/systemd/system/nfsdcld.service,nfsdcld.service,A,EXACT_UPSTREAM_UNIT_IDENTITY,MATCHED,/home/emrecan/github/ecylmz/unittrace/artifacts/full/roots/sources/fedora/nfs-utils/nfs-utils-2.8.7-6.fc44.src.rpm/nfs-utils-2.8.7/systemd/nfsdcld.service,nfsdcld,1,3,nfs-utils-2.8.7-6.fc44.src.rpm,systemd/nfsdcld.service,599b8add8d9f56c85b284d8eed4f6025bd79d73273d97146c1b6ee5042884f23,1
https://linux-nfs.org::upstream-unit::systemd/nfsdcld.service,https://linux-nfs.org,ubuntu,nfs-kernel-server,usr/lib/systemd/system/nfsdcld.service,nfsdcld.service,A,EXACT_UPSTREAM_UNIT_IDENTITY,MATCHED,/home/emrecan/github/ecylmz/unittrace/artifacts/full/roots/sources/ubuntu/nfs-utils/2.8.5-1ubuntu1/nfs-utils-2.8.5/systemd/nfsdcld.service,nfsdcld,1,3,1:2.8.5-1ubuntu1,systemd/nfsdcld.service,599b8add8d9f56c85b284d8eed4f6025bd79d73273d97146c1b6ee5042884f23,1
https://linux-nfs.org::upstream-unit::systemd/rpc-statd-notify.service,https://linux-nfs.org,debian,nfs-common,usr/lib/systemd/system/rpc-statd-notify.service,rpc-statd-notify.service,A,EXACT_UPSTREAM_UNIT_IDENTITY,MATCHED,/home/emrecan/github/ecylmz/unittrace/artifacts/full/roots/sources/debian/nfs-utils/2.8.3-1/nfs-utils-2.8.3/systemd/rpc-statd-notify.service,sm-notify,1,3,1:2.8.3-1,systemd/rpc-statd-notify.service,66c508214211128c71b1480f13e37e031ceb299a02e031280226891d0df69af4,1
https://linux-nfs.org::upstream-unit::systemd/rpc-statd-notify.service,https://linux-nfs.org,fedora,nfs-common-utils,usr/lib/systemd/system/rpc-statd-notify.service,rpc-statd-notify.service,A,EXACT_UPSTREAM_UNIT_IDENTITY,MATCHED,/home/emrecan/github/ecylmz/unittrace/artifacts/full/roots/sources/fedora/nfs-utils/nfs-utils-2.8.7-6.fc44.src.rpm/nfs-utils-2.8.7/systemd/rpc-statd-notify.service,sm-notify,1,3,nfs-utils-2.8.7-6.fc44.src.rpm,systemd/rpc-statd-notify.service,342823041b66e7ff434790ce2b8da266ef33f3090289836bb6f0600c62361209,1
https://linux-nfs.org::upstream-unit::systemd/rpc-statd-notify.service,https://linux-nfs.org,ubuntu,nfs-common,usr/lib/systemd/system/rpc-statd-notify.service,rpc-statd-notify.service,A,EXACT_UPSTREAM_UNIT_IDENTITY,MATCHED,/home/emrecan/github/ecylmz/unittrace/artifacts/full/roots/sources/ubuntu/nfs-utils/2.8.5-1ubuntu1/nfs-utils-2.8.5/systemd/rpc-statd-notify.service,sm-notify,1,3,1:2.8.5-1ubuntu1,systemd/rpc-statd-notify.service,342823041b66e7ff434790ce2b8da266ef33f3090289836bb6f0600c62361209,1
https://linux-nfs.org::upstream-unit::systemd/rpc-statd.service,https://linux-nfs.org,debian,nfs-common,usr/lib/systemd/system/rpc-statd.service,rpc-statd.service,A,EXACT_UPSTREAM_UNIT_IDENTITY,MATCHED,/home/emrecan/github/ecylmz/unittrace/artifacts/full/roots/sources/debian/nfs-utils/2.8.3-1/nfs-utils-2.8.3/systemd/rpc-statd.service,rpc.statd,1,3,1:2.8.3-1,systemd/rpc-statd.service,1aa8b6ea2c4ab2d8ddb529e30b0488771d36a6d66c81f8832e98a511eca38fe3,1
https://linux-nfs.org::upstream-unit::systemd/rpc-statd.service,https://linux-nfs.org,fedora,nfsv3-client-utils,usr/lib/systemd/system/rpc-statd.service,rpc-statd.service,A,EXACT_UPSTREAM_UNIT_IDENTITY,MATCHED,/home/emrecan/github/ecylmz/unittrace/artifacts/full/roots/sources/fedora/nfs-utils/nfs-utils-2.8.7-6.fc44.src.rpm/nfs-utils-2.8.7/systemd/rpc-statd.service,rpc.statd,1,3,nfs-utils-2.8.7-6.fc44.src.rpm,systemd/rpc-statd.service,bf62466b2d0d27812bc2e40d566df405ddd2ab57dcf57ca482f44e0680b1e92a,1
https://linux-nfs.org::upstream-unit::systemd/rpc-statd.service,https://linux-nfs.org,ubuntu,nfs-common,usr/lib/systemd/system/rpc-statd.service,rpc-statd.service,A,EXACT_UPSTREAM_UNIT_IDENTITY,MATCHED,/home/emrecan/github/ecylmz/unittrace/artifacts/full/roots/sources/ubuntu/nfs-utils/2.8.5-1ubuntu1/nfs-utils-2.8.5/systemd/rpc-statd.service,rpc.statd,1,3,1:2.8.5-1ubuntu1,systemd/rpc-statd.service,bf62466b2d0d27812bc2e40d566df405ddd2ab57dcf57ca482f44e0680b1e92a,1
https://linux-nfs.org::upstream-unit::systemd/rpc-svcgssd.service,https://linux-nfs.org,debian,nfs-common,usr/lib/systemd/system/rpc-svcgssd.service,rpc-svcgssd.service,A,EXACT_UPSTREAM_UNIT_IDENTITY,MATCHED,/home/emrecan/github/ecylmz/unittrace/artifacts/full/roots/sources/debian/nfs-utils/2.8.3-1/nfs-utils-2.8.3/systemd/rpc-svcgssd.service,rpc.svcgssd,1,2,1:2.8.3-1,systemd/rpc-svcgssd.service,452800af5f4a26809b399ebce0a0b81b2e15f775c385bcd5d1861f0fd1a00c76,1
https://linux-nfs.org::upstream-unit::systemd/rpc-svcgssd.service,https://linux-nfs.org,ubuntu,nfs-common,usr/lib/systemd/system/rpc-svcgssd.service,rpc-svcgssd.service,A,EXACT_UPSTREAM_UNIT_IDENTITY,MATCHED,/home/emrecan/github/ecylmz/unittrace/artifacts/full/roots/sources/ubuntu/nfs-utils/2.8.5-1ubuntu1/nfs-utils-2.8.5/systemd/rpc-svcgssd.service,rpc.svcgssd,1,2,1:2.8.5-1ubuntu1,systemd/rpc-svcgssd.service,452800af5f4a26809b399ebce0a0b81b2e15f775c385bcd5d1861f0fd1a00c76,1
https://linuxcontainers.org/incus::incus-agent,https://linuxcontainers.org/incus,debian,incus-agent,usr/lib/systemd/system/incus-agent.service,incus-agent.service,A,UNAMBIGUOUS_EXECUTABLE_LINEAGE,MATCHED,usr/lib/systemd/system/incus-agent.service,incus-agent,1,2,,,,1
https://linuxcontainers.org/incus::incus-agent,https://linuxcontainers.org/incus,ubuntu,incus-agent,usr/lib/systemd/system/incus-agent.service,incus-agent.service,A,UNAMBIGUOUS_EXECUTABLE_LINEAGE,MATCHED,usr/lib/systemd/system/incus-agent.service,incus-agent,1,2,,,,1
https://linuxcontainers.org/incus::incus-user,https://linuxcontainers.org/incus,arch,incus,usr/lib/systemd/system/incus-user.service,incus-user.service,A,UNAMBIGUOUS_EXECUTABLE_LINEAGE,MATCHED,usr/lib/systemd/system/incus-user.service,incus-user,1,4,,,,1
https://linuxcontainers.org/incus::incus-user,https://linuxcontainers.org/incus,debian,incus-base,usr/lib/systemd/system/incus-user.service,incus-user.service,A,UNAMBIGUOUS_EXECUTABLE_LINEAGE,MATCHED,usr/lib/systemd/system/incus-user.service,incus-user,1,4,,,,1
https://linuxcontainers.org/incus::incus-user,https://linuxcontainers.org/incus,fedora,incus,usr/lib/systemd/system/incus-user.service,incus-user.service,A,UNAMBIGUOUS_EXECUTABLE_LINEAGE,MATCHED,usr/lib/systemd/system/incus-user.service,incus-user,1,4,,,,1
https://linuxcontainers.org/incus::incus-user,https://linuxcontainers.org/incus,ubuntu,incus-base,usr/lib/systemd/system/incus-user.service,incus-user.service,A,UNAMBIGUOUS_EXECUTABLE_LINEAGE,MATCHED,usr/lib/systemd/system/incus-user.service,incus-user,1,4,,,,1
https://linuxcontainers.org/incus::incusd,https://linuxcontainers.org/incus,arch,incus,usr/lib/systemd/system/incus.service,incus.service,UNRESOLVED,UNAMBIGUOUS_EXECUTABLE_LINEAGE,SERVICE_LINEAGE_AMBIGUOUS,usr/lib/systemd/system/incus.service,incusd,1,4,,,,1
https://linuxcontainers.org/incus::incusd,https://linuxcontainers.org/incus,debian,incus-base,usr/lib/systemd/system/incus-startup.service,incus-startup.service,UNRESOLVED,UNAMBIGUOUS_EXECUTABLE_LINEAGE,SERVICE_LINEAGE_AMBIGUOUS,usr/lib/systemd/system/incus-startup.service,incusd,1,4,,,,1
https://linuxcontainers.org/incus::incusd,https://linuxcontainers.org/incus,fedora,incus,usr/lib/systemd/system/incus-startup.service,incus-startup.service,UNRESOLVED,UNAMBIGUOUS_EXECUTABLE_LINEAGE,SERVICE_LINEAGE_AMBIGUOUS,usr/lib/systemd/system/incus-startup.service,incusd,2,4,,,,2
https://linuxcontainers.org/incus::incusd,https://linuxcontainers.org/incus,fedora,incus,usr/lib/systemd/system/incus.service,incus.service,UNRESOLVED,UNAMBIGUOUS_EXECUTABLE_LINEAGE,SERVICE_LINEAGE_AMBIGUOUS,usr/lib/systemd/system/incus.service,incusd,2,4,,,,2
https://linuxcontainers.org/incus::incusd,https://linuxcontainers.org/incus,ubuntu,incus-base,usr/lib/systemd/system/incus-startup.service,incus-startup.service,UNRESOLVED,UNAMBIGUOUS_EXECUTABLE_LINEAGE,SERVICE_LINEAGE_AMBIGUOUS,usr/lib/systemd/system/incus-startup.service,incusd,1,4,,,,1
https://linuxcontainers.org/incus::startup,https://linuxcontainers.org/incus,debian,incus-base,usr/lib/systemd/system/incus.service,incus.service,A,UNAMBIGUOUS_EXECUTABLE_LINEAGE,MATCHED,usr/lib/systemd/system/incus.service,startup,1,2,,,,1
https://linuxcontainers.org/incus::startup,https://linuxcontainers.org/incus,ubuntu,incus-base,usr/lib/systemd/system/incus.service,incus.service,A,UNAMBIGUOUS_EXECUTABLE_LINEAGE,MATCHED,usr/lib/systemd/system/incus.service,startup,1,2,,,,1
https://linuxcontainers.org::lxc-containers,https://linuxcontainers.org,arch,lxc,usr/lib/systemd/system/lxc.service,lxc.service,A,UNAMBIGUOUS_EXECUTABLE_LINEAGE,MATCHED,usr/lib/systemd/system/lxc.service,lxc-containers,1,3,,,,1
https://linuxcontainers.org::lxc-containers,https://linuxcontainers.org,debian,lxc,usr/lib/systemd/system/lxc.service,lxc.service,A,UNAMBIGUOUS_EXECUTABLE_LINEAGE,MATCHED,usr/lib/systemd/system/lxc.service,lxc-containers,1,3,,,,1
https://linuxcontainers.org::lxc-containers,https://linuxcontainers.org,ubuntu,lxc,usr/lib/systemd/system/lxc.service,lxc.service,A,UNAMBIGUOUS_EXECUTABLE_LINEAGE,MATCHED,usr/lib/systemd/system/lxc.service,lxc-containers,1,3,,,,1
https://linuxcontainers.org::lxc-monitord,https://linuxcontainers.org,arch,lxc,usr/lib/systemd/system/lxc-monitord.service,lxc-monitord.service,A,UNAMBIGUOUS_EXECUTABLE_LINEAGE,MATCHED,usr/lib/systemd/system/lxc-monitord.service,lxc-monitord,1,3,,,,1
https://linuxcontainers.org::lxc-monitord,https://linuxcontainers.org,debian,lxc,usr/lib/systemd/system/lxc-monitord.service,lxc-monitord.service,A,UNAMBIGUOUS_EXECUTABLE_LINEAGE,MATCHED,usr/lib/systemd/system/lxc-monitord.service,lxc-monitord,1,3,,,,1
https://linuxcontainers.org::lxc-monitord,https://linuxcontainers.org,ubuntu,lxc,usr/lib/systemd/system/lxc-monitord.service,lxc-monitord.service,A,UNAMBIGUOUS_EXECUTABLE_LINEAGE,MATCHED,usr/lib/systemd/system/lxc-monitord.service,lxc-monitord,1,3,,,,1
https://linuxcontainers.org::lxc-net,https://linuxcontainers.org,arch,lxc,usr/lib/systemd/system/lxc-net.service,lxc-net.service,A,UNAMBIGUOUS_EXECUTABLE_LINEAGE,MATCHED,usr/lib/systemd/system/lxc-net.service,lxc-net,1,3,,,,1
https://linuxcontainers.org::lxc-net,https://linuxcontainers.org,debian,lxc,usr/lib/systemd/system/lxc-net.service,lxc-net.service,A,UNAMBIGUOUS_EXECUTABLE_LINEAGE,MATCHED,usr/lib/systemd/system/lxc-net.service,lxc-net,1,3,,,,1
https://linuxcontainers.org::lxc-net,https://linuxcontainers.org,ubuntu,lxc,usr/lib/systemd/system/lxc-net.service,lxc-net.service,A,UNAMBIGUOUS_EXECUTABLE_LINEAGE,MATCHED,usr/lib/systemd/system/lxc-net.service,lxc-net,1,3,,,,1
https://linuxcontainers.org::lxcfs,https://linuxcontainers.org,arch,lxcfs,usr/lib/systemd/system/lxcfs.service,lxcfs.service,A,UNAMBIGUOUS_EXECUTABLE_LINEAGE,MATCHED,usr/lib/systemd/system/lxcfs.service,lxcfs,1,3,,,,1
https://linuxcontainers.org::lxcfs,https://linuxcontainers.org,debian,lxcfs,usr/lib/systemd/system/lxcfs.service,lxcfs.service,A,UNAMBIGUOUS_EXECUTABLE_LINEAGE,MATCHED,usr/lib/systemd/system/lxcfs.service,lxcfs,1,3,,,,1
https://linuxcontainers.org::lxcfs,https://linuxcontainers.org,ubuntu,lxcfs,usr/lib/systemd/system/lxcfs.service,lxcfs.service,A,UNAMBIGUOUS_EXECUTABLE_LINEAGE,MATCHED,usr/lib/systemd/system/lxcfs.service,lxcfs,1,3,,,,1
https://location.ipfire.org::location,https://location.ipfire.org,fedora,libloc-tools,usr/lib/systemd/system/location-update.service,location-update.service,A,UNAMBIGUOUS_EXECUTABLE_LINEAGE,MATCHED,usr/lib/systemd/system/location-update.service,location,1,2,,,,1
https://location.ipfire.org::location,https://location.ipfire.org,ubuntu,location,usr/lib/systemd/system/location-update.service,location-update.service,A,UNAMBIGUOUS_EXECUTABLE_LINEAGE,MATCHED,usr/lib/systemd/system/location-update.service,location,1,2,,,,1
https://lttng.org::lttng-sessiond,https://lttng.org,debian,lttng-tools,usr/lib/systemd/system/lttng-sessiond.service,lttng-sessiond.service,A,UNAMBIGUOUS_EXECUTABLE_LINEAGE,MATCHED,usr/lib/systemd/system/lttng-sessiond.service,lttng-sessiond,1,3,,,,1
https://lttng.org::lttng-sessiond,https://lttng.org,fedora,lttng-tools,usr/lib/systemd/system/lttng-sessiond.service,lttng-sessiond.service,A,UNAMBIGUOUS_EXECUTABLE_LINEAGE,MATCHED,usr/lib/systemd/system/lttng-sessiond.service,lttng-sessiond,1,3,,,,1
https://lttng.org::lttng-sessiond,https://lttng.org,ubuntu,lttng-tools,usr/lib/systemd/system/lttng-sessiond.service,lttng-sessiond.service,A,UNAMBIGUOUS_EXECUTABLE_LINEAGE,MATCHED,usr/lib/systemd/system/lttng-sessiond.service,lttng-sessiond,1,3,,,,1
https://mariadb.org::mariadbd,https://mariadb.org,arch,mariadb,usr/lib/systemd/system/mariadb.service,mariadb.service,UNRESOLVED,UNAMBIGUOUS_EXECUTABLE_LINEAGE,SERVICE_LINEAGE_AMBIGUOUS,usr/lib/systemd/system/mariadb.service,mariadbd,2,4,,,,2
https://mariadb.org::mariadbd,https://mariadb.org,arch,mariadb-lts,usr/lib/systemd/system/mariadb.service,mariadb.service,UNRESOLVED,UNAMBIGUOUS_EXECUTABLE_LINEAGE,SERVICE_LINEAGE_AMBIGUOUS,usr/lib/systemd/system/mariadb.service,mariadbd,2,4,,,,2
https://mariadb.org::mariadbd,https://mariadb.org,debian,mariadb-server,usr/lib/systemd/system/mariadb.service,mariadb.service,UNRESOLVED,UNAMBIGUOUS_EXECUTABLE_LINEAGE,SERVICE_LINEAGE_AMBIGUOUS,usr/lib/systemd/system/mariadb.service,mariadbd,1,4,,,,1
https://mariadb.org::mariadbd,https://mariadb.org,fedora,mariadb-server,usr/lib/systemd/system/mariadb.service,mariadb.service,UNRESOLVED,UNAMBIGUOUS_EXECUTABLE_LINEAGE,SERVICE_LINEAGE_AMBIGUOUS,usr/lib/systemd/system/mariadb.service,mariadbd,3,4,,,,3
https://mariadb.org::mariadbd,https://mariadb.org,fedora,mariadb10.11-server,usr/lib/systemd/system/mariadb.service,mariadb.service,UNRESOLVED,UNAMBIGUOUS_EXECUTABLE_LINEAGE,SERVICE_LINEAGE_AMBIGUOUS,usr/lib/systemd/system/mariadb.service,mariadbd,3,4,,,,3
https://mariadb.org::mariadbd,https://mariadb.org,fedora,mariadb12.3-server,usr/lib/systemd/system/mariadb.service,mariadb.service,UNRESOLVED,UNAMBIGUOUS_EXECUTABLE_LINEAGE,SERVICE_LINEAGE_AMBIGUOUS,usr/lib/systemd/system/mariadb.service,mariadbd,3,4,,,,3
https://mariadb.org::mariadbd,https://mariadb.org,ubuntu,mariadb-server,usr/lib/systemd/system/mariadb.service,mariadb.service,UNRESOLVED,UNAMBIGUOUS_EXECUTABLE_LINEAGE,SERVICE_LINEAGE_AMBIGUOUS,usr/lib/systemd/system/mariadb.service,mariadbd,1,4,,,,1
https://matt.ucc.asn.au/dropbear/dropbear.html::dropbear,https://matt.ucc.asn.au/dropbear/dropbear.html,fedora,dropbear,usr/lib/systemd/system/dropbear.service,dropbear.service,A,UNAMBIGUOUS_EXECUTABLE_LINEAGE,MATCHED,usr/lib/systemd/system/dropbear.service,dropbear,1,2,,,,1
https://matt.ucc.asn.au/dropbear/dropbear.html::dropbear,https://matt.ucc.asn.au/dropbear/dropbear.html,ubuntu,dropbear,usr/lib/systemd/system/dropbear.service,dropbear.service,A,UNAMBIGUOUS_EXECUTABLE_LINEAGE,MATCHED,usr/lib/systemd/system/dropbear.service,dropbear,1,2,,,,1
https://memcached.org::systemd-memcached-wrapper,https://memcached.org,debian,memcached,usr/lib/systemd/system/memcached.service,memcached.service,A,UNAMBIGUOUS_EXECUTABLE_LINEAGE,MATCHED,usr/lib/systemd/system/memcached.service,systemd-memcached-wrapper,1,2,,,,1
https://memcached.org::systemd-memcached-wrapper,https://memcached.org,ubuntu,memcached,usr/lib/systemd/system/memcached.service,memcached.service,A,UNAMBIGUOUS_EXECUTABLE_LINEAGE,MATCHED,usr/lib/systemd/system/memcached.service,systemd-memcached-wrapper,1,2,,,,1
https://metalog.sourceforge.net::metalog,https://metalog.sourceforge.net,arch,metalog,usr/lib/systemd/system/metalog.service,metalog.service,A,UNAMBIGUOUS_EXECUTABLE_LINEAGE,MATCHED,usr/lib/systemd/system/metalog.service,metalog,1,2,,,,1
https://metalog.sourceforge.net::metalog,https://metalog.sourceforge.net,ubuntu,metalog,usr/lib/systemd/system/metalog.service,metalog.service,A,UNAMBIGUOUS_EXECUTABLE_LINEAGE,MATCHED,usr/lib/systemd/system/metalog.service,metalog,1,2,,,,1
https://mgetty.greenie.net::faxrunqd,https://mgetty.greenie.net,debian,mgetty-fax,usr/lib/systemd/system/mgetty-fax.service,mgetty-fax.service,A,UNAMBIGUOUS_EXECUTABLE_LINEAGE,MATCHED,usr/lib/systemd/system/mgetty-fax.service,faxrunqd,1,3,,,,1
https://mgetty.greenie.net::faxrunqd,https://mgetty.greenie.net,fedora,mgetty-sendfax,usr/lib/systemd/system/faxrunqd.service,faxrunqd.service,A,UNAMBIGUOUS_EXECUTABLE_LINEAGE,MATCHED,usr/lib/systemd/system/faxrunqd.service,faxrunqd,1,3,,,,1
https://mgetty.greenie.net::faxrunqd,https://mgetty.greenie.net,ubuntu,mgetty-fax,usr/lib/systemd/system/mgetty-fax.service,mgetty-fax.service,A,UNAMBIGUOUS_EXECUTABLE_LINEAGE,MATCHED,usr/lib/systemd/system/mgetty-fax.service,faxrunqd,1,3,,,,1
https://miniflux.app::miniflux,https://miniflux.app,arch,miniflux,usr/lib/systemd/system/miniflux.service,miniflux.service,A,UNAMBIGUOUS_EXECUTABLE_LINEAGE,MATCHED,usr/lib/systemd/system/miniflux.service,miniflux,1,3,,,,1
https://miniflux.app::miniflux,https://miniflux.app,debian,miniflux,usr/lib/systemd/system/miniflux.service,miniflux.service,A,UNAMBIGUOUS_EXECUTABLE_LINEAGE,MATCHED,usr/lib/systemd/system/miniflux.service,miniflux,1,3,,,,1
https://miniflux.app::miniflux,https://miniflux.app,ubuntu,miniflux,usr/lib/systemd/system/miniflux.service,miniflux.service,A,UNAMBIGUOUS_EXECUTABLE_LINEAGE,MATCHED,usr/lib/systemd/system/miniflux.service,miniflux,1,3,,,,1
https://miniupnp.tuxfamily.org::miniupnpd,https://miniupnp.tuxfamily.org,arch,miniupnpd,usr/lib/systemd/system/miniupnpd.service,miniupnpd.service,A,UNAMBIGUOUS_EXECUTABLE_LINEAGE,MATCHED,usr/lib/systemd/system/miniupnpd.service,miniupnpd,1,3,,,,1
https://miniupnp.tuxfamily.org::miniupnpd,https://miniupnp.tuxfamily.org,fedora,miniupnpd,usr/lib/systemd/system/miniupnpd.service,miniupnpd.service,A,UNAMBIGUOUS_EXECUTABLE_LINEAGE,MATCHED,usr/lib/systemd/system/miniupnpd.service,miniupnpd,1,3,,,,1
https://miniupnp.tuxfamily.org::miniupnpd,https://miniupnp.tuxfamily.org,ubuntu,miniupnpd,usr/lib/systemd/system/miniupnpd.service,miniupnpd.service,A,UNAMBIGUOUS_EXECUTABLE_LINEAGE,MATCHED,usr/lib/systemd/system/miniupnpd.service,miniupnpd,1,3,,,,1
https://mmonit.com/monit::monit,https://mmonit.com/monit,arch,monit,usr/lib/systemd/system/monit.service,monit.service,A,UNAMBIGUOUS_EXECUTABLE_LINEAGE,MATCHED,usr/lib/systemd/system/monit.service,monit,1,4,,,,1
https://mmonit.com/monit::monit,https://mmonit.com/monit,debian,monit,usr/lib/systemd/system/monit.service,monit.service,A,UNAMBIGUOUS_EXECUTABLE_LINEAGE,MATCHED,usr/lib/systemd/system/monit.service,monit,1,4,,,,1
https://mmonit.com/monit::monit,https://mmonit.com/monit,fedora,monit,usr/lib/systemd/system/monit.service,monit.service,A,UNAMBIGUOUS_EXECUTABLE_LINEAGE,MATCHED,usr/lib/systemd/system/monit.service,monit,1,4,,,,1
https://mmonit.com/monit::monit,https://mmonit.com/monit,ubuntu,monit,usr/lib/systemd/system/monit.service,monit.service,A,UNAMBIGUOUS_EXECUTABLE_LINEAGE,MATCHED,usr/lib/systemd/system/monit.service,monit,1,4,,,,1
https://mopidy.com::mopidy,https://mopidy.com,fedora,mopidy,usr/lib/systemd/system/mopidy.service,mopidy.service,A,UNAMBIGUOUS_EXECUTABLE_LINEAGE,MATCHED,usr/lib/systemd/system/mopidy.service,mopidy,1,2,,,,1
https://mopidy.com::mopidy,https://mopidy.com,ubuntu,mopidy,usr/lib/systemd/system/mopidy.service,mopidy.service,A,UNAMBIGUOUS_EXECUTABLE_LINEAGE,MATCHED,usr/lib/systemd/system/mopidy.service,mopidy,1,2,,,,1
https://mosquitto.org::mosquitto,https://mosquitto.org,arch,mosquitto,usr/lib/systemd/system/mosquitto.service,mosquitto.service,A,UNAMBIGUOUS_EXECUTABLE_LINEAGE,MATCHED,usr/lib/systemd/system/mosquitto.service,mosquitto,1,4,,,,1
https://mosquitto.org::mosquitto,https://mosquitto.org,debian,mosquitto,usr/lib/systemd/system/mosquitto.service,mosquitto.service,A,UNAMBIGUOUS_EXECUTABLE_LINEAGE,MATCHED,usr/lib/systemd/system/mosquitto.service,mosquitto,1,4,,,,1
https://mosquitto.org::mosquitto,https://mosquitto.org,fedora,mosquitto,usr/lib/systemd/system/mosquitto.service,mosquitto.service,A,UNAMBIGUOUS_EXECUTABLE_LINEAGE,MATCHED,usr/lib/systemd/system/mosquitto.service,mosquitto,1,4,,,,1
https://mosquitto.org::mosquitto,https://mosquitto.org,ubuntu,mosquitto,usr/lib/systemd/system/mosquitto.service,mosquitto.service,A,UNAMBIGUOUS_EXECUTABLE_LINEAGE,MATCHED,usr/lib/systemd/system/mosquitto.service,mosquitto,1,4,,,,1
https://motion-project.github.io::motion,https://motion-project.github.io,arch,motion,usr/lib/systemd/system/motion.service,motion.service,A,UNAMBIGUOUS_EXECUTABLE_LINEAGE,MATCHED,usr/lib/systemd/system/motion.service,motion,1,3,,,,1
https://motion-project.github.io::motion,https://motion-project.github.io,debian,motion,usr/lib/systemd/system/motion.service,motion.service,A,UNAMBIGUOUS_EXECUTABLE_LINEAGE,MATCHED,usr/lib/systemd/system/motion.service,motion,1,3,,,,1
https://motion-project.github.io::motion,https://motion-project.github.io,ubuntu,motion,usr/lib/systemd/system/motion.service,motion.service,A,UNAMBIGUOUS_EXECUTABLE_LINEAGE,MATCHED,usr/lib/systemd/system/motion.service,motion,1,3,,,,1
https://munin-monitoring.org::munin-asyncd,https://munin-monitoring.org,arch,munin-node,usr/lib/systemd/system/munin-async.service,munin-async.service,A,UNAMBIGUOUS_EXECUTABLE_LINEAGE,MATCHED,usr/lib/systemd/system/munin-async.service,munin-asyncd,1,3,,,,1
https://munin-monitoring.org::munin-asyncd,https://munin-monitoring.org,fedora,munin-node,usr/lib/systemd/system/munin-asyncd.service,munin-asyncd.service,A,UNAMBIGUOUS_EXECUTABLE_LINEAGE,MATCHED,usr/lib/systemd/system/munin-asyncd.service,munin-asyncd,1,3,,,,1
https://munin-monitoring.org::munin-asyncd,https://munin-monitoring.org,ubuntu,munin-async,usr/lib/systemd/system/munin-async.service,munin-async.service,A,UNAMBIGUOUS_EXECUTABLE_LINEAGE,MATCHED,usr/lib/systemd/system/munin-async.service,munin-asyncd,1,3,,,,1
https://munin-monitoring.org::munin-cgi-graph,https://munin-monitoring.org,arch,munin,usr/lib/systemd/system/munin-graph.service,munin-graph.service,A,UNAMBIGUOUS_EXECUTABLE_LINEAGE,MATCHED,usr/lib/systemd/system/munin-graph.service,munin-cgi-graph,1,2,,,,1
https://munin-monitoring.org::munin-cgi-graph,https://munin-monitoring.org,fedora,munin-cgi,usr/lib/systemd/system/munin-cgi-graph.service,munin-cgi-graph.service,A,UNAMBIGUOUS_EXECUTABLE_LINEAGE,MATCHED,usr/lib/systemd/system/munin-cgi-graph.service,munin-cgi-graph,1,2,,,,1
https://munin-monitoring.org::munin-cgi-html,https://munin-monitoring.org,arch,munin,usr/lib/systemd/system/munin-html.service,munin-html.service,A,UNAMBIGUOUS_EXECUTABLE_LINEAGE,MATCHED,usr/lib/systemd/system/munin-html.service,munin-cgi-html,1,2,,,,1
https://munin-monitoring.org::munin-cgi-html,https://munin-monitoring.org,fedora,munin-cgi,usr/lib/systemd/system/munin-cgi-html.service,munin-cgi-html.service,A,UNAMBIGUOUS_EXECUTABLE_LINEAGE,MATCHED,usr/lib/systemd/system/munin-cgi-html.service,munin-cgi-html,1,2,,,,1
https://munin-monitoring.org::munin-node,https://munin-monitoring.org,arch,munin-node,usr/lib/systemd/system/munin-node.service,munin-node.service,A,UNAMBIGUOUS_EXECUTABLE_LINEAGE,MATCHED,usr/lib/systemd/system/munin-node.service,munin-node,1,3,,,,1
https://munin-monitoring.org::munin-node,https://munin-monitoring.org,fedora,munin-node,usr/lib/systemd/system/munin-node.service,munin-node.service,A,UNAMBIGUOUS_EXECUTABLE_LINEAGE,MATCHED,usr/lib/systemd/system/munin-node.service,munin-node,1,3,,,,1
https://munin-monitoring.org::munin-node,https://munin-monitoring.org,ubuntu,munin-node,usr/lib/systemd/system/munin-node.service,munin-node.service,A,UNAMBIGUOUS_EXECUTABLE_LINEAGE,MATCHED,usr/lib/systemd/system/munin-node.service,munin-node,1,3,,,,1
https://net-snmp.sourceforge.net::snmpd,https://net-snmp.sourceforge.net,debian,snmpd,usr/lib/systemd/system/snmpd.service,snmpd.service,A,UNAMBIGUOUS_EXECUTABLE_LINEAGE,MATCHED,usr/lib/systemd/system/snmpd.service,snmpd,1,3,,,,1
https://net-snmp.sourceforge.net::snmpd,https://net-snmp.sourceforge.net,fedora,net-snmp,usr/lib/systemd/system/snmpd.service,snmpd.service,A,UNAMBIGUOUS_EXECUTABLE_LINEAGE,MATCHED,usr/lib/systemd/system/snmpd.service,snmpd,1,3,,,,1
https://net-snmp.sourceforge.net::snmpd,https://net-snmp.sourceforge.net,ubuntu,snmpd,usr/lib/systemd/system/snmpd.service,snmpd.service,A,UNAMBIGUOUS_EXECUTABLE_LINEAGE,MATCHED,usr/lib/systemd/system/snmpd.service,snmpd,1,3,,,,1
https://net-snmp.sourceforge.net::snmptrapd,https://net-snmp.sourceforge.net,debian,snmptrapd,usr/lib/systemd/system/snmptrapd.service,snmptrapd.service,A,UNAMBIGUOUS_EXECUTABLE_LINEAGE,MATCHED,usr/lib/systemd/system/snmptrapd.service,snmptrapd,1,3,,,,1
https://net-snmp.sourceforge.net::snmptrapd,https://net-snmp.sourceforge.net,fedora,net-snmp,usr/lib/systemd/system/snmptrapd.service,snmptrapd.service,A,UNAMBIGUOUS_EXECUTABLE_LINEAGE,MATCHED,usr/lib/systemd/system/snmptrapd.service,snmptrapd,1,3,,,,1
https://net-snmp.sourceforge.net::snmptrapd,https://net-snmp.sourceforge.net,ubuntu,snmptrapd,usr/lib/systemd/system/snmptrapd.service,snmptrapd.service,A,UNAMBIGUOUS_EXECUTABLE_LINEAGE,MATCHED,usr/lib/systemd/system/snmptrapd.service,snmptrapd,1,3,,,,1
https://netfilter.org/projects/nftables::nft,https://netfilter.org/projects/nftables,arch,nftables,usr/lib/systemd/system/nftables.service,nftables.service,A,UNAMBIGUOUS_EXECUTABLE_LINEAGE,MATCHED,usr/lib/systemd/system/nftables.service,nft,1,2,,,,1
https://netfilter.org/projects/nftables::nft,https://netfilter.org/projects/nftables,fedora,nftables-services,usr/lib/systemd/system/nftables.service,nftables.service,A,UNAMBIGUOUS_EXECUTABLE_LINEAGE,MATCHED,usr/lib/systemd/system/nftables.service,nft,1,2,,,,1
https://netplan.io::configure,https://netplan.io,fedora,netplan,usr/lib/systemd/system/netplan-configure.service,netplan-configure.service,A,UNAMBIGUOUS_EXECUTABLE_LINEAGE,MATCHED,usr/lib/systemd/system/netplan-configure.service,configure,1,2,,,,1
https://netplan.io::configure,https://netplan.io,ubuntu,netplan-generator,usr/lib/systemd/system/netplan-configure.service,netplan-configure.service,A,UNAMBIGUOUS_EXECUTABLE_LINEAGE,MATCHED,usr/lib/systemd/system/netplan-configure.service,configure,1,2,,,,1
https://networkmanager.dev::NetworkManager,https://networkmanager.dev,arch,networkmanager,usr/lib/systemd/system/NetworkManager-initrd.service,NetworkManager-initrd.service,UNRESOLVED,UNAMBIGUOUS_EXECUTABLE_LINEAGE,SERVICE_LINEAGE_AMBIGUOUS,usr/lib/systemd/system/NetworkManager-initrd.service,NetworkManager,2,4,,,,2
https://networkmanager.dev::NetworkManager,https://networkmanager.dev,arch,networkmanager,usr/lib/systemd/system/NetworkManager.service,NetworkManager.service,UNRESOLVED,UNAMBIGUOUS_EXECUTABLE_LINEAGE,SERVICE_LINEAGE_AMBIGUOUS,usr/lib/systemd/system/NetworkManager.service,NetworkManager,2,4,,,,2
https://networkmanager.dev::NetworkManager,https://networkmanager.dev,debian,network-manager,usr/lib/systemd/system/NetworkManager.service,NetworkManager.service,UNRESOLVED,UNAMBIGUOUS_EXECUTABLE_LINEAGE,SERVICE_LINEAGE_AMBIGUOUS,usr/lib/systemd/system/NetworkManager.service,NetworkManager,1,4,,,,1
https://networkmanager.dev::NetworkManager,https://networkmanager.dev,fedora,NetworkManager,usr/lib/systemd/system/NetworkManager.service,NetworkManager.service,UNRESOLVED,UNAMBIGUOUS_EXECUTABLE_LINEAGE,SERVICE_LINEAGE_AMBIGUOUS,usr/lib/systemd/system/NetworkManager.service,NetworkManager,1,4,,,,1
https://networkmanager.dev::NetworkManager,https://networkmanager.dev,ubuntu,network-manager,usr/lib/systemd/system/NetworkManager.service,NetworkManager.service,UNRESOLVED,UNAMBIGUOUS_EXECUTABLE_LINEAGE,SERVICE_LINEAGE_AMBIGUOUS,usr/lib/systemd/system/NetworkManager.service,NetworkManager,1,4,,,,1
https://networkmanager.dev::nm-cloud-setup,https://networkmanager.dev,arch,nm-cloud-setup,usr/lib/systemd/system/nm-cloud-setup.service,nm-cloud-setup.service,A,UNAMBIGUOUS_EXECUTABLE_LINEAGE,MATCHED,usr/lib/systemd/system/nm-cloud-setup.service,nm-cloud-setup,1,2,,,,1
https://networkmanager.dev::nm-cloud-setup,https://networkmanager.dev,fedora,NetworkManager-cloud-setup,usr/lib/systemd/system/nm-cloud-setup.service,nm-cloud-setup.service,A,UNAMBIGUOUS_EXECUTABLE_LINEAGE,MATCHED,usr/lib/systemd/system/nm-cloud-setup.service,nm-cloud-setup,1,2,,,,1
https://networkmanager.dev::nm-dispatcher,https://networkmanager.dev,arch,networkmanager,usr/lib/systemd/system/NetworkManager-dispatcher.service,NetworkManager-dispatcher.service,A,UNAMBIGUOUS_EXECUTABLE_LINEAGE,MATCHED,usr/lib/systemd/system/NetworkManager-dispatcher.service,nm-dispatcher,1,4,,,,1
https://networkmanager.dev::nm-dispatcher,https://networkmanager.dev,debian,network-manager,usr/lib/systemd/system/NetworkManager-dispatcher.service,NetworkManager-dispatcher.service,A,UNAMBIGUOUS_EXECUTABLE_LINEAGE,MATCHED,usr/lib/systemd/system/NetworkManager-dispatcher.service,nm-dispatcher,1,4,,,,1
https://networkmanager.dev::nm-dispatcher,https://networkmanager.dev,fedora,NetworkManager,usr/lib/systemd/system/NetworkManager-dispatcher.service,NetworkManager-dispatcher.service,A,UNAMBIGUOUS_EXECUTABLE_LINEAGE,MATCHED,usr/lib/systemd/system/NetworkManager-dispatcher.service,nm-dispatcher,1,4,,,,1
https://networkmanager.dev::nm-dispatcher,https://networkmanager.dev,ubuntu,network-manager,usr/lib/systemd/system/NetworkManager-dispatcher.service,NetworkManager-dispatcher.service,A,UNAMBIGUOUS_EXECUTABLE_LINEAGE,MATCHED,usr/lib/systemd/system/NetworkManager-dispatcher.service,nm-dispatcher,1,4,,,,1
https://networkmanager.dev::nm-online,https://networkmanager.dev,arch,networkmanager,usr/lib/systemd/system/NetworkManager-wait-online-initrd.service,NetworkManager-wait-online-initrd.service,UNRESOLVED,UNAMBIGUOUS_EXECUTABLE_LINEAGE,SERVICE_LINEAGE_AMBIGUOUS,usr/lib/systemd/system/NetworkManager-wait-online-initrd.service,nm-online,2,4,,,,2
https://networkmanager.dev::nm-online,https://networkmanager.dev,arch,networkmanager,usr/lib/systemd/system/NetworkManager-wait-online.service,NetworkManager-wait-online.service,UNRESOLVED,UNAMBIGUOUS_EXECUTABLE_LINEAGE,SERVICE_LINEAGE_AMBIGUOUS,usr/lib/systemd/system/NetworkManager-wait-online.service,nm-online,2,4,,,,2
https://networkmanager.dev::nm-online,https://networkmanager.dev,debian,network-manager,usr/lib/systemd/system/NetworkManager-wait-online.service,NetworkManager-wait-online.service,UNRESOLVED,UNAMBIGUOUS_EXECUTABLE_LINEAGE,SERVICE_LINEAGE_AMBIGUOUS,usr/lib/systemd/system/NetworkManager-wait-online.service,nm-online,1,4,,,,1
https://networkmanager.dev::nm-online,https://networkmanager.dev,fedora,NetworkManager,usr/lib/systemd/system/NetworkManager-wait-online.service,NetworkManager-wait-online.service,UNRESOLVED,UNAMBIGUOUS_EXECUTABLE_LINEAGE,SERVICE_LINEAGE_AMBIGUOUS,usr/lib/systemd/system/NetworkManager-wait-online.service,nm-online,1,4,,,,1
https://networkmanager.dev::nm-online,https://networkmanager.dev,ubuntu,network-manager,usr/lib/systemd/system/NetworkManager-wait-online.service,NetworkManager-wait-online.service,UNRESOLVED,UNAMBIGUOUS_EXECUTABLE_LINEAGE,SERVICE_LINEAGE_AMBIGUOUS,usr/lib/systemd/system/NetworkManager-wait-online.service,nm-online,1,4,,,,1
https://networkmanager.dev::nm-priv-helper,https://networkmanager.dev,arch,networkmanager,usr/lib/systemd/system/nm-priv-helper.service,nm-priv-helper.service,A,UNAMBIGUOUS_EXECUTABLE_LINEAGE,MATCHED,usr/lib/systemd/system/nm-priv-helper.service,nm-priv-helper,1,4,,,,1
https://networkmanager.dev::nm-priv-helper,https://networkmanager.dev,debian,network-manager,usr/lib/systemd/system/nm-priv-helper.service,nm-priv-helper.service,A,UNAMBIGUOUS_EXECUTABLE_LINEAGE,MATCHED,usr/lib/systemd/system/nm-priv-helper.service,nm-priv-helper,1,4,,,,1
https://networkmanager.dev::nm-priv-helper,https://networkmanager.dev,fedora,NetworkManager,usr/lib/systemd/system/nm-priv-helper.service,nm-priv-helper.service,A,UNAMBIGUOUS_EXECUTABLE_LINEAGE,MATCHED,usr/lib/systemd/system/nm-priv-helper.service,nm-priv-helper,1,4,,,,1
https://networkmanager.dev::nm-priv-helper,https://networkmanager.dev,ubuntu,network-manager,usr/lib/systemd/system/nm-priv-helper.service,nm-priv-helper.service,A,UNAMBIGUOUS_EXECUTABLE_LINEAGE,MATCHED,usr/lib/systemd/system/nm-priv-helper.service,nm-priv-helper,1,4,,,,1
https://networkupstools.org::nut-driver-enumerator.sh,https://networkupstools.org,arch,nut,usr/lib/systemd/system/nut-driver-enumerator-daemon.service,nut-driver-enumerator-daemon.service,UNRESOLVED,UNAMBIGUOUS_EXECUTABLE_LINEAGE,SERVICE_LINEAGE_AMBIGUOUS,usr/lib/systemd/system/nut-driver-enumerator-daemon.service,nut-driver-enumerator.sh,2,3,,,,2
https://networkupstools.org::nut-driver-enumerator.sh,https://networkupstools.org,arch,nut,usr/lib/systemd/system/nut-driver-enumerator.service,nut-driver-enumerator.service,UNRESOLVED,UNAMBIGUOUS_EXECUTABLE_LINEAGE,SERVICE_LINEAGE_AMBIGUOUS,usr/lib/systemd/system/nut-driver-enumerator.service,nut-driver-enumerator.sh,2,3,,,,2
https://networkupstools.org::nut-driver-enumerator.sh,https://networkupstools.org,debian,nut-server,usr/lib/systemd/system/nut-driver-enumerator.service,nut-driver-enumerator.service,UNRESOLVED,UNAMBIGUOUS_EXECUTABLE_LINEAGE,SERVICE_LINEAGE_AMBIGUOUS,usr/lib/systemd/system/nut-driver-enumerator.service,nut-driver-enumerator.sh,1,3,,,,1
https://networkupstools.org::nut-driver-enumerator.sh,https://networkupstools.org,ubuntu,nut-server,usr/lib/systemd/system/nut-driver-enumerator-daemon.service,nut-driver-enumerator-daemon.service,UNRESOLVED,UNAMBIGUOUS_EXECUTABLE_LINEAGE,SERVICE_LINEAGE_AMBIGUOUS,usr/lib/systemd/system/nut-driver-enumerator-daemon.service,nut-driver-enumerator.sh,2,3,,,,2
https://networkupstools.org::nut-driver-enumerator.sh,https://networkupstools.org,ubuntu,nut-server,usr/lib/systemd/system/nut-driver-enumerator.service,nut-driver-enumerator.service,UNRESOLVED,UNAMBIGUOUS_EXECUTABLE_LINEAGE,SERVICE_LINEAGE_AMBIGUOUS,usr/lib/systemd/system/nut-driver-enumerator.service,nut-driver-enumerator.sh,2,3,,,,2
https://networkupstools.org::systemctl,https://networkupstools.org,arch,nut,usr/lib/systemd/system/nut-driver-enumerator-daemon-activator.service,nut-driver-enumerator-daemon-activator.service,A,UNAMBIGUOUS_EXECUTABLE_LINEAGE,MATCHED,usr/lib/systemd/system/nut-driver-enumerator-daemon-activator.service,systemctl,1,2,,,,1
https://networkupstools.org::systemctl,https://networkupstools.org,ubuntu,nut-server,usr/lib/systemd/system/nut-driver-enumerator-daemon-activator.service,nut-driver-enumerator-daemon-activator.service,A,UNAMBIGUOUS_EXECUTABLE_LINEAGE,MATCHED,usr/lib/systemd/system/nut-driver-enumerator-daemon-activator.service,systemctl,1,2,,,,1
https://networkupstools.org::udevadm,https://networkupstools.org,arch,nut,usr/lib/systemd/system/nut-udev-settle.service,nut-udev-settle.service,A,UNAMBIGUOUS_EXECUTABLE_LINEAGE,MATCHED,usr/lib/systemd/system/nut-udev-settle.service,udevadm,1,2,,,,1
https://networkupstools.org::udevadm,https://networkupstools.org,ubuntu,nut-server,usr/lib/systemd/system/nut-udev-settle.service,nut-udev-settle.service,A,UNAMBIGUOUS_EXECUTABLE_LINEAGE,MATCHED,usr/lib/systemd/system/nut-udev-settle.service,udevadm,1,2,,,,1
https://networkupstools.org::upsd,https://networkupstools.org,arch,nut,usr/lib/systemd/system/nut-server.service,nut-server.service,A,UNAMBIGUOUS_EXECUTABLE_LINEAGE,MATCHED,usr/lib/systemd/system/nut-server.service,upsd,1,3,,,,1
https://networkupstools.org::upsd,https://networkupstools.org,debian,nut-server,usr/lib/systemd/system/nut-server.service,nut-server.service,A,UNAMBIGUOUS_EXECUTABLE_LINEAGE,MATCHED,usr/lib/systemd/system/nut-server.service,upsd,1,3,,,,1
https://networkupstools.org::upsd,https://networkupstools.org,ubuntu,nut-server,usr/lib/systemd/system/nut-server.service,nut-server.service,A,UNAMBIGUOUS_EXECUTABLE_LINEAGE,MATCHED,usr/lib/systemd/system/nut-server.service,upsd,1,3,,,,1
https://networkupstools.org::upslog,https://networkupstools.org,arch,nut,usr/lib/systemd/system/nut-logger.service,nut-logger.service,A,UNAMBIGUOUS_EXECUTABLE_LINEAGE,MATCHED,usr/lib/systemd/system/nut-logger.service,upslog,1,2,,,,1
https://networkupstools.org::upslog,https://networkupstools.org,ubuntu,nut-client,usr/lib/systemd/system/nut-logger.service,nut-logger.service,A,UNAMBIGUOUS_EXECUTABLE_LINEAGE,MATCHED,usr/lib/systemd/system/nut-logger.service,upslog,1,2,,,,1
https://networkupstools.org::upsmon,https://networkupstools.org,arch,nut,usr/lib/systemd/system/nut-monitor.service,nut-monitor.service,A,UNAMBIGUOUS_EXECUTABLE_LINEAGE,MATCHED,usr/lib/systemd/system/nut-monitor.service,upsmon,1,3,,,,1
https://networkupstools.org::upsmon,https://networkupstools.org,debian,nut-client,usr/lib/systemd/system/nut-monitor.service,nut-monitor.service,A,UNAMBIGUOUS_EXECUTABLE_LINEAGE,MATCHED,usr/lib/systemd/system/nut-monitor.service,upsmon,1,3,,,,1
https://networkupstools.org::upsmon,https://networkupstools.org,ubuntu,nut-client,usr/lib/systemd/system/nut-monitor.service,nut-monitor.service,A,UNAMBIGUOUS_EXECUTABLE_LINEAGE,MATCHED,usr/lib/systemd/system/nut-monitor.service,upsmon,1,3,,,,1
https://nghttp2.org::nghttpx,https://nghttp2.org,debian,nghttp2-proxy,usr/lib/systemd/system/nghttpx.service,nghttpx.service,A,UNAMBIGUOUS_EXECUTABLE_LINEAGE,MATCHED,usr/lib/systemd/system/nghttpx.service,nghttpx,1,3,,,,1
https://nghttp2.org::nghttpx,https://nghttp2.org,fedora,nghttp2,usr/lib/systemd/system/nghttpx.service,nghttpx.service,A,UNAMBIGUOUS_EXECUTABLE_LINEAGE,MATCHED,usr/lib/systemd/system/nghttpx.service,nghttpx,1,3,,,,1
https://nghttp2.org::nghttpx,https://nghttp2.org,ubuntu,nghttp2-proxy,usr/lib/systemd/system/nghttpx.service,nghttpx.service,A,UNAMBIGUOUS_EXECUTABLE_LINEAGE,MATCHED,usr/lib/systemd/system/nghttpx.service,nghttpx,1,3,,,,1
https://nginx.org::nginx,https://nginx.org,arch,nginx,usr/lib/systemd/system/nginx.service,nginx.service,UNRESOLVED,UNAMBIGUOUS_EXECUTABLE_LINEAGE,SERVICE_LINEAGE_AMBIGUOUS,usr/lib/systemd/system/nginx.service,nginx,2,3,,,,2
https://nginx.org::nginx,https://nginx.org,arch,nginx-mainline,usr/lib/systemd/system/nginx.service,nginx.service,UNRESOLVED,UNAMBIGUOUS_EXECUTABLE_LINEAGE,SERVICE_LINEAGE_AMBIGUOUS,usr/lib/systemd/system/nginx.service,nginx,2,3,,,,2
https://nginx.org::nginx,https://nginx.org,fedora,nginx,usr/lib/systemd/system/nginx.service,nginx.service,UNRESOLVED,UNAMBIGUOUS_EXECUTABLE_LINEAGE,SERVICE_LINEAGE_AMBIGUOUS,usr/lib/systemd/system/nginx.service,nginx,1,3,,,,1
https://nginx.org::nginx,https://nginx.org,ubuntu,nginx-common,usr/lib/systemd/system/nginx.service,nginx.service,UNRESOLVED,UNAMBIGUOUS_EXECUTABLE_LINEAGE,SERVICE_LINEAGE_AMBIGUOUS,usr/lib/systemd/system/nginx.service,nginx,1,3,,,,1
https://ngircd.barton.de::ngircd,https://ngircd.barton.de,debian,ngircd,usr/lib/systemd/system/ngircd.service,ngircd.service,A,UNAMBIGUOUS_EXECUTABLE_LINEAGE,MATCHED,usr/lib/systemd/system/ngircd.service,ngircd,1,3,,,,1
https://ngircd.barton.de::ngircd,https://ngircd.barton.de,fedora,ngircd,usr/lib/systemd/system/ngircd.service,ngircd.service,A,UNAMBIGUOUS_EXECUTABLE_LINEAGE,MATCHED,usr/lib/systemd/system/ngircd.service,ngircd,1,3,,,,1
https://ngircd.barton.de::ngircd,https://ngircd.barton.de,ubuntu,ngircd,usr/lib/systemd/system/ngircd.service,ngircd.service,A,UNAMBIGUOUS_EXECUTABLE_LINEAGE,MATCHED,usr/lib/systemd/system/ngircd.service,ngircd,1,3,,,,1
https://nixos.org/nix::nix-daemon,https://nixos.org/nix,arch,nix,usr/lib/systemd/system/nix-daemon.service,nix-daemon.service,A,UNAMBIGUOUS_EXECUTABLE_LINEAGE,MATCHED,usr/lib/systemd/system/nix-daemon.service,nix-daemon,1,2,,,,1
https://nixos.org/nix::nix-daemon,https://nixos.org/nix,ubuntu,nix-setup-systemd,usr/lib/systemd/system/nix-daemon.service,nix-daemon.service,A,UNAMBIGUOUS_EXECUTABLE_LINEAGE,MATCHED,usr/lib/systemd/system/nix-daemon.service,nix-daemon,1,2,,,,1
https://oidentd.janikrabe.com::sh,https://oidentd.janikrabe.com,debian,oidentd,usr/lib/systemd/system/oidentd.service,oidentd.service,A,UNAMBIGUOUS_EXECUTABLE_LINEAGE,MATCHED,usr/lib/systemd/system/oidentd.service,sh,1,2,,,,1
https://oidentd.janikrabe.com::sh,https://oidentd.janikrabe.com,ubuntu,oidentd,usr/lib/systemd/system/oidentd.service,oidentd.service,A,UNAMBIGUOUS_EXECUTABLE_LINEAGE,MATCHED,usr/lib/systemd/system/oidentd.service,sh,1,2,,,,1
https://omniorb.sourceforge.net::omniNames,https://omniorb.sourceforge.net,debian,omniorb-nameserver,usr/lib/systemd/system/omniorb-nameserver.service,omniorb-nameserver.service,A,UNAMBIGUOUS_EXECUTABLE_LINEAGE,MATCHED,usr/lib/systemd/system/omniorb-nameserver.service,omniNames,1,3,,,,1
https://omniorb.sourceforge.net::omniNames,https://omniorb.sourceforge.net,fedora,omniORB-servers,usr/lib/systemd/system/omniNames.service,omniNames.service,A,UNAMBIGUOUS_EXECUTABLE_LINEAGE,MATCHED,usr/lib/systemd/system/omniNames.service,omniNames,1,3,,,,1
https://omniorb.sourceforge.net::omniNames,https://omniorb.sourceforge.net,ubuntu,omniorb-nameserver,usr/lib/systemd/system/omniorb-nameserver.service,omniorb-nameserver.service,A,UNAMBIGUOUS_EXECUTABLE_LINEAGE,MATCHED,usr/lib/systemd/system/omniorb-nameserver.service,omniNames,1,3,,,,1
https://openbao.org::bao,https://openbao.org,arch,openbao,usr/lib/systemd/system/openbao.service,openbao.service,A,UNAMBIGUOUS_EXECUTABLE_LINEAGE,MATCHED,usr/lib/systemd/system/openbao.service,bao,1,2,,,,1
https://openbao.org::bao,https://openbao.org,fedora,openbao,usr/lib/systemd/system/openbao.service,openbao.service,A,UNAMBIGUOUS_EXECUTABLE_LINEAGE,MATCHED,usr/lib/systemd/system/openbao.service,bao,1,2,,,,1
https://opendev.org/openstack/virtualbmc::vbmcd,https://opendev.org/openstack/virtualbmc,fedora,python3-virtualbmc,usr/lib/systemd/system/vbmcd.service,vbmcd.service,A,UNAMBIGUOUS_EXECUTABLE_LINEAGE,MATCHED,usr/lib/systemd/system/vbmcd.service,vbmcd,1,2,,,,1
https://opendev.org/openstack/virtualbmc::vbmcd,https://opendev.org/openstack/virtualbmc,ubuntu,virtualbmc,usr/lib/systemd/system/vbmcd.service,vbmcd.service,A,UNAMBIGUOUS_EXECUTABLE_LINEAGE,MATCHED,usr/lib/systemd/system/vbmcd.service,vbmcd,1,2,,,,1
https://openprinting.github.io/cups::cupsd,https://openprinting.github.io/cups,arch,cups,usr/lib/systemd/system/cups.service,cups.service,A,UNAMBIGUOUS_EXECUTABLE_LINEAGE,MATCHED,usr/lib/systemd/system/cups.service,cupsd,1,2,,,,1
https://openprinting.github.io/cups::cupsd,https://openprinting.github.io/cups,fedora,cups,usr/lib/systemd/system/cups.service,cups.service,A,UNAMBIGUOUS_EXECUTABLE_LINEAGE,MATCHED,usr/lib/systemd/system/cups.service,cupsd,1,2,,,,1
https://openvswitch.org::ovn-ctl,https://openvswitch.org,debian,ovn-central,usr/lib/systemd/system/ovn-northd.service,ovn-northd.service,UNRESOLVED,UNAMBIGUOUS_EXECUTABLE_LINEAGE,SERVICE_LINEAGE_AMBIGUOUS,usr/lib/systemd/system/ovn-northd.service,ovn-ctl,8,2,,,,8
https://openvswitch.org::ovn-ctl,https://openvswitch.org,debian,ovn-central,usr/lib/systemd/system/ovn-ovsdb-server-nb.service,ovn-ovsdb-server-nb.service,UNRESOLVED,UNAMBIGUOUS_EXECUTABLE_LINEAGE,SERVICE_LINEAGE_AMBIGUOUS,usr/lib/systemd/system/ovn-ovsdb-server-nb.service,ovn-ctl,8,2,,,,8
https://openvswitch.org::ovn-ctl,https://openvswitch.org,debian,ovn-central,usr/lib/systemd/system/ovn-ovsdb-server-sb.service,ovn-ovsdb-server-sb.service,UNRESOLVED,UNAMBIGUOUS_EXECUTABLE_LINEAGE,SERVICE_LINEAGE_AMBIGUOUS,usr/lib/systemd/system/ovn-ovsdb-server-sb.service,ovn-ctl,8,2,,,,8
https://openvswitch.org::ovn-ctl,https://openvswitch.org,debian,ovn-controller-vtep,usr/lib/systemd/system/ovn-controller-vtep.service,ovn-controller-vtep.service,UNRESOLVED,UNAMBIGUOUS_EXECUTABLE_LINEAGE,SERVICE_LINEAGE_AMBIGUOUS,usr/lib/systemd/system/ovn-controller-vtep.service,ovn-ctl,8,2,,,,8
https://openvswitch.org::ovn-ctl,https://openvswitch.org,debian,ovn-host,usr/lib/systemd/system/ovn-controller.service,ovn-controller.service,UNRESOLVED,UNAMBIGUOUS_EXECUTABLE_LINEAGE,SERVICE_LINEAGE_AMBIGUOUS,usr/lib/systemd/system/ovn-controller.service,ovn-ctl,8,2,,,,8
https://openvswitch.org::ovn-ctl,https://openvswitch.org,debian,ovn-ic,usr/lib/systemd/system/ovn-ic.service,ovn-ic.service,UNRESOLVED,UNAMBIGUOUS_EXECUTABLE_LINEAGE,SERVICE_LINEAGE_AMBIGUOUS,usr/lib/systemd/system/ovn-ic.service,ovn-ctl,8,2,,,,8
https://openvswitch.org::ovn-ctl,https://openvswitch.org,debian,ovn-ic-db,usr/lib/systemd/system/ovn-ovsdb-server-ic-nb.service,ovn-ovsdb-server-ic-nb.service,UNRESOLVED,UNAMBIGUOUS_EXECUTABLE_LINEAGE,SERVICE_LINEAGE_AMBIGUOUS,usr/lib/systemd/system/ovn-ovsdb-server-ic-nb.service,ovn-ctl,8,2,,,,8
https://openvswitch.org::ovn-ctl,https://openvswitch.org,debian,ovn-ic-db,usr/lib/systemd/system/ovn-ovsdb-server-ic-sb.service,ovn-ovsdb-server-ic-sb.service,UNRESOLVED,UNAMBIGUOUS_EXECUTABLE_LINEAGE,SERVICE_LINEAGE_AMBIGUOUS,usr/lib/systemd/system/ovn-ovsdb-server-ic-sb.service,ovn-ctl,8,2,,,,8
https://openvswitch.org::ovn-ctl,https://openvswitch.org,ubuntu,ovn-central,usr/lib/systemd/system/ovn-northd.service,ovn-northd.service,UNRESOLVED,UNAMBIGUOUS_EXECUTABLE_LINEAGE,SERVICE_LINEAGE_AMBIGUOUS,usr/lib/systemd/system/ovn-northd.service,ovn-ctl,10,2,,,,10
https://openvswitch.org::ovn-ctl,https://openvswitch.org,ubuntu,ovn-central,usr/lib/systemd/system/ovn-ovsdb-server-nb.service,ovn-ovsdb-server-nb.service,UNRESOLVED,UNAMBIGUOUS_EXECUTABLE_LINEAGE,SERVICE_LINEAGE_AMBIGUOUS,usr/lib/systemd/system/ovn-ovsdb-server-nb.service,ovn-ctl,10,2,,,,10
https://openvswitch.org::ovn-ctl,https://openvswitch.org,ubuntu,ovn-central,usr/lib/systemd/system/ovn-ovsdb-server-sb.service,ovn-ovsdb-server-sb.service,UNRESOLVED,UNAMBIGUOUS_EXECUTABLE_LINEAGE,SERVICE_LINEAGE_AMBIGUOUS,usr/lib/systemd/system/ovn-ovsdb-server-sb.service,ovn-ctl,10,2,,,,10
https://openvswitch.org::ovn-ctl,https://openvswitch.org,ubuntu,ovn-controller-vtep,usr/lib/systemd/system/ovn-controller-vtep.service,ovn-controller-vtep.service,UNRESOLVED,UNAMBIGUOUS_EXECUTABLE_LINEAGE,SERVICE_LINEAGE_AMBIGUOUS,usr/lib/systemd/system/ovn-controller-vtep.service,ovn-ctl,10,2,,,,10
https://openvswitch.org::ovn-ctl,https://openvswitch.org,ubuntu,ovn-host,usr/lib/systemd/system/ovn-br-controller.service,ovn-br-controller.service,UNRESOLVED,UNAMBIGUOUS_EXECUTABLE_LINEAGE,SERVICE_LINEAGE_AMBIGUOUS,usr/lib/systemd/system/ovn-br-controller.service,ovn-ctl,10,2,,,,10
https://openvswitch.org::ovn-ctl,https://openvswitch.org,ubuntu,ovn-host,usr/lib/systemd/system/ovn-controller.service,ovn-controller.service,UNRESOLVED,UNAMBIGUOUS_EXECUTABLE_LINEAGE,SERVICE_LINEAGE_AMBIGUOUS,usr/lib/systemd/system/ovn-controller.service,ovn-ctl,10,2,,,,10
https://openvswitch.org::ovn-ctl,https://openvswitch.org,ubuntu,ovn-host,usr/lib/systemd/system/ovn-ovsdb-server-br.service,ovn-ovsdb-server-br.service,UNRESOLVED,UNAMBIGUOUS_EXECUTABLE_LINEAGE,SERVICE_LINEAGE_AMBIGUOUS,usr/lib/systemd/system/ovn-ovsdb-server-br.service,ovn-ctl,10,2,,,,10
https://openvswitch.org::ovn-ctl,https://openvswitch.org,ubuntu,ovn-ic,usr/lib/systemd/system/ovn-ic.service,ovn-ic.service,UNRESOLVED,UNAMBIGUOUS_EXECUTABLE_LINEAGE,SERVICE_LINEAGE_AMBIGUOUS,usr/lib/systemd/system/ovn-ic.service,ovn-ctl,10,2,,,,10
https://openvswitch.org::ovn-ctl,https://openvswitch.org,ubuntu,ovn-ic-db,usr/lib/systemd/system/ovn-ovsdb-server-ic-nb.service,ovn-ovsdb-server-ic-nb.service,UNRESOLVED,UNAMBIGUOUS_EXECUTABLE_LINEAGE,SERVICE_LINEAGE_AMBIGUOUS,usr/lib/systemd/system/ovn-ovsdb-server-ic-nb.service,ovn-ctl,10,2,,,,10
https://openvswitch.org::ovn-ctl,https://openvswitch.org,ubuntu,ovn-ic-db,usr/lib/systemd/system/ovn-ovsdb-server-ic-sb.service,ovn-ovsdb-server-ic-sb.service,UNRESOLVED,UNAMBIGUOUS_EXECUTABLE_LINEAGE,SERVICE_LINEAGE_AMBIGUOUS,usr/lib/systemd/system/ovn-ovsdb-server-ic-sb.service,ovn-ctl,10,2,,,,10
https://openvswitch.org::ovs-ctl,https://openvswitch.org,debian,openvswitch-ipsec,usr/lib/systemd/system/openvswitch-ipsec.service,openvswitch-ipsec.service,UNRESOLVED,UNAMBIGUOUS_EXECUTABLE_LINEAGE,SERVICE_LINEAGE_AMBIGUOUS,usr/lib/systemd/system/openvswitch-ipsec.service,ovs-ctl,4,2,,,,4
https://openvswitch.org::ovs-ctl,https://openvswitch.org,debian,openvswitch-switch,usr/lib/systemd/system/ovs-record-hostname.service,ovs-record-hostname.service,UNRESOLVED,UNAMBIGUOUS_EXECUTABLE_LINEAGE,SERVICE_LINEAGE_AMBIGUOUS,usr/lib/systemd/system/ovs-record-hostname.service,ovs-ctl,4,2,,,,4
https://openvswitch.org::ovs-ctl,https://openvswitch.org,debian,openvswitch-switch,usr/lib/systemd/system/ovs-vswitchd.service,ovs-vswitchd.service,UNRESOLVED,UNAMBIGUOUS_EXECUTABLE_LINEAGE,SERVICE_LINEAGE_AMBIGUOUS,usr/lib/systemd/system/ovs-vswitchd.service,ovs-ctl,4,2,,,,4
https://openvswitch.org::ovs-ctl,https://openvswitch.org,debian,openvswitch-switch,usr/lib/systemd/system/ovsdb-server.service,ovsdb-server.service,UNRESOLVED,UNAMBIGUOUS_EXECUTABLE_LINEAGE,SERVICE_LINEAGE_AMBIGUOUS,usr/lib/systemd/system/ovsdb-server.service,ovs-ctl,4,2,,,,4
https://openvswitch.org::ovs-ctl,https://openvswitch.org,ubuntu,openvswitch-ipsec,usr/lib/systemd/system/openvswitch-ipsec.service,openvswitch-ipsec.service,UNRESOLVED,UNAMBIGUOUS_EXECUTABLE_LINEAGE,SERVICE_LINEAGE_AMBIGUOUS,usr/lib/systemd/system/openvswitch-ipsec.service,ovs-ctl,4,2,,,,4
https://openvswitch.org::ovs-ctl,https://openvswitch.org,ubuntu,openvswitch-switch,usr/lib/systemd/system/ovs-record-hostname.service,ovs-record-hostname.service,UNRESOLVED,UNAMBIGUOUS_EXECUTABLE_LINEAGE,SERVICE_LINEAGE_AMBIGUOUS,usr/lib/systemd/system/ovs-record-hostname.service,ovs-ctl,4,2,,,,4
https://openvswitch.org::ovs-ctl,https://openvswitch.org,ubuntu,openvswitch-switch,usr/lib/systemd/system/ovs-vswitchd.service,ovs-vswitchd.service,UNRESOLVED,UNAMBIGUOUS_EXECUTABLE_LINEAGE,SERVICE_LINEAGE_AMBIGUOUS,usr/lib/systemd/system/ovs-vswitchd.service,ovs-ctl,4,2,,,,4
https://openvswitch.org::ovs-ctl,https://openvswitch.org,ubuntu,openvswitch-switch,usr/lib/systemd/system/ovsdb-server.service,ovsdb-server.service,UNRESOLVED,UNAMBIGUOUS_EXECUTABLE_LINEAGE,SERVICE_LINEAGE_AMBIGUOUS,usr/lib/systemd/system/ovsdb-server.service,ovs-ctl,4,2,,,,4
https://openvswitch.org::true,https://openvswitch.org,debian,openvswitch-switch,usr/lib/systemd/system/openvswitch-switch.service,openvswitch-switch.service,UNRESOLVED,UNAMBIGUOUS_EXECUTABLE_LINEAGE,SERVICE_LINEAGE_AMBIGUOUS,usr/lib/systemd/system/openvswitch-switch.service,true,4,2,,,,4
https://openvswitch.org::true,https://openvswitch.org,debian,ovn-central,usr/lib/systemd/system/ovn-central.service,ovn-central.service,UNRESOLVED,UNAMBIGUOUS_EXECUTABLE_LINEAGE,SERVICE_LINEAGE_AMBIGUOUS,usr/lib/systemd/system/ovn-central.service,true,4,2,,,,4
https://openvswitch.org::true,https://openvswitch.org,debian,ovn-host,usr/lib/systemd/system/ovn-host.service,ovn-host.service,UNRESOLVED,UNAMBIGUOUS_EXECUTABLE_LINEAGE,SERVICE_LINEAGE_AMBIGUOUS,usr/lib/systemd/system/ovn-host.service,true,4,2,,,,4
https://openvswitch.org::true,https://openvswitch.org,debian,ovn-ic-db,usr/lib/systemd/system/ovn-ic-db.service,ovn-ic-db.service,UNRESOLVED,UNAMBIGUOUS_EXECUTABLE_LINEAGE,SERVICE_LINEAGE_AMBIGUOUS,usr/lib/systemd/system/ovn-ic-db.service,true,4,2,,,,4
https://openvswitch.org::true,https://openvswitch.org,ubuntu,openvswitch-switch,usr/lib/systemd/system/openvswitch-switch.service,openvswitch-switch.service,UNRESOLVED,UNAMBIGUOUS_EXECUTABLE_LINEAGE,SERVICE_LINEAGE_AMBIGUOUS,usr/lib/systemd/system/openvswitch-switch.service,true,4,2,,,,4
https://openvswitch.org::true,https://openvswitch.org,ubuntu,ovn-central,usr/lib/systemd/system/ovn-central.service,ovn-central.service,UNRESOLVED,UNAMBIGUOUS_EXECUTABLE_LINEAGE,SERVICE_LINEAGE_AMBIGUOUS,usr/lib/systemd/system/ovn-central.service,true,4,2,,,,4
https://openvswitch.org::true,https://openvswitch.org,ubuntu,ovn-host,usr/lib/systemd/system/ovn-host.service,ovn-host.service,UNRESOLVED,UNAMBIGUOUS_EXECUTABLE_LINEAGE,SERVICE_LINEAGE_AMBIGUOUS,usr/lib/systemd/system/ovn-host.service,true,4,2,,,,4
https://openvswitch.org::true,https://openvswitch.org,ubuntu,ovn-ic-db,usr/lib/systemd/system/ovn-ic-db.service,ovn-ic-db.service,UNRESOLVED,UNAMBIGUOUS_EXECUTABLE_LINEAGE,SERVICE_LINEAGE_AMBIGUOUS,usr/lib/systemd/system/ovn-ic-db.service,true,4,2,,,,4
https://oss.oetiker.ch/mrtg::upstream-unit::contrib/debian-systemd/mrtg.service,https://oss.oetiker.ch/mrtg,debian,mrtg,usr/lib/systemd/system/mrtg.service,mrtg.service,A,EXACT_UPSTREAM_UNIT_IDENTITY,MATCHED,/home/emrecan/github/ecylmz/unittrace/artifacts/full/roots/sources/debian/mrtg/2.17.10-13+deb13u1/mrtg-2.17.10/contrib/debian-systemd/mrtg.service,mrtg,1,2,2.17.10-13+deb13u1,contrib/debian-systemd/mrtg.service,be56155fdec1b0d7ef4ffaed83715fa2c90e30ae3c23820bffdb70e6ef02e82e,1
https://oss.oetiker.ch/mrtg::upstream-unit::contrib/debian-systemd/mrtg.service,https://oss.oetiker.ch/mrtg,ubuntu,mrtg,usr/lib/systemd/system/mrtg.service,mrtg.service,A,EXACT_UPSTREAM_UNIT_IDENTITY,MATCHED,/home/emrecan/github/ecylmz/unittrace/artifacts/full/roots/sources/ubuntu/mrtg/2.17.10-14/mrtg-2.17.10/contrib/debian-systemd/mrtg.service,mrtg,1,2,2.17.10-14,contrib/debian-systemd/mrtg.service,be56155fdec1b0d7ef4ffaed83715fa2c90e30ae3c23820bffdb70e6ef02e82e,1
https://oss.oetiker.ch/rrdtool::rrdcached,https://oss.oetiker.ch/rrdtool,fedora,rrdtool,usr/lib/systemd/system/rrdcached.service,rrdcached.service,A,UNAMBIGUOUS_EXECUTABLE_LINEAGE,MATCHED,usr/lib/systemd/system/rrdcached.service,rrdcached,1,2,,,,1
https://oss.oetiker.ch/rrdtool::rrdcached,https://oss.oetiker.ch/rrdtool,ubuntu,rrdcached,usr/lib/systemd/system/rrdcached.service,rrdcached.service,A,UNAMBIGUOUS_EXECUTABLE_LINEAGE,MATCHED,usr/lib/systemd/system/rrdcached.service,rrdcached,1,2,,,,1
https://oss.oetiker.ch/smokeping::smokeping,https://oss.oetiker.ch/smokeping,arch,smokeping,usr/lib/systemd/system/smokeping.service,smokeping.service,A,UNAMBIGUOUS_EXECUTABLE_LINEAGE,MATCHED,usr/lib/systemd/system/smokeping.service,smokeping,1,2,,,,1
https://oss.oetiker.ch/smokeping::smokeping,https://oss.oetiker.ch/smokeping,fedora,smokeping,usr/lib/systemd/system/smokeping.service,smokeping.service,A,UNAMBIGUOUS_EXECUTABLE_LINEAGE,MATCHED,usr/lib/systemd/system/smokeping.service,smokeping,1,2,,,,1
https://ostreedev.github.io/ostree::upstream-unit::src/boot/ostree-boot-complete.service,https://ostreedev.github.io/ostree,arch,ostree,usr/lib/systemd/system/ostree-boot-complete.service,ostree-boot-complete.service,A,EXACT_UPSTREAM_UNIT_IDENTITY,MATCHED,/home/emrecan/github/ecylmz/unittrace/artifacts/full/roots/sources/arch/ostree/2026.3-1/ostree-867d4e000137d466e06c5173691458e0b4a38a26/src/boot/ostree-boot-complete.service,ostree,1,2,2026.3-1,src/boot/ostree-boot-complete.service,44fd63a1f9929697a9416ebb19d2f3f91837fd877762ba167181a6f8b1e96d67,1
https://ostreedev.github.io/ostree::upstream-unit::src/boot/ostree-boot-complete.service,https://ostreedev.github.io/ostree,fedora,ostree,usr/lib/systemd/system/ostree-boot-complete.service,ostree-boot-complete.service,A,EXACT_UPSTREAM_UNIT_IDENTITY,MATCHED,/home/emrecan/github/ecylmz/unittrace/artifacts/full/roots/sources/fedora/ostree/ostree-2026.2-1.fc44.src.rpm/libostree-2026.2/src/boot/ostree-boot-complete.service,ostree,1,2,ostree-2026.2-1.fc44.src.rpm,src/boot/ostree-boot-complete.service,44fd63a1f9929697a9416ebb19d2f3f91837fd877762ba167181a6f8b1e96d67,1
https://ostreedev.github.io/ostree::upstream-unit::src/boot/ostree-finalize-staged-hold.service,https://ostreedev.github.io/ostree,arch,ostree,usr/lib/systemd/system/ostree-finalize-staged-hold.service,ostree-finalize-staged-hold.service,A,EXACT_UPSTREAM_UNIT_IDENTITY,MATCHED,/home/emrecan/github/ecylmz/unittrace/artifacts/full/roots/sources/arch/ostree/2026.3-1/ostree-867d4e000137d466e06c5173691458e0b4a38a26/src/boot/ostree-finalize-staged-hold.service,ostree,1,2,2026.3-1,src/boot/ostree-finalize-staged-hold.service,93ff7ecf00f38b6fab73114cdcc0e7948fa4b6362435e1957ce2502d17e10787,1
https://ostreedev.github.io/ostree::upstream-unit::src/boot/ostree-finalize-staged-hold.service,https://ostreedev.github.io/ostree,fedora,ostree,usr/lib/systemd/system/ostree-finalize-staged-hold.service,ostree-finalize-staged-hold.service,A,EXACT_UPSTREAM_UNIT_IDENTITY,MATCHED,/home/emrecan/github/ecylmz/unittrace/artifacts/full/roots/sources/fedora/ostree/ostree-2026.2-1.fc44.src.rpm/libostree-2026.2/src/boot/ostree-finalize-staged-hold.service,ostree,1,2,ostree-2026.2-1.fc44.src.rpm,src/boot/ostree-finalize-staged-hold.service,93ff7ecf00f38b6fab73114cdcc0e7948fa4b6362435e1957ce2502d17e10787,1
https://ostreedev.github.io/ostree::upstream-unit::src/boot/ostree-finalize-staged.service,https://ostreedev.github.io/ostree,arch,ostree,usr/lib/systemd/system/ostree-finalize-staged.service,ostree-finalize-staged.service,A,EXACT_UPSTREAM_UNIT_IDENTITY,MATCHED,/home/emrecan/github/ecylmz/unittrace/artifacts/full/roots/sources/arch/ostree/2026.3-1/ostree-867d4e000137d466e06c5173691458e0b4a38a26/src/boot/ostree-finalize-staged.service,,1,2,2026.3-1,src/boot/ostree-finalize-staged.service,d2a4d60f65e86ae4045324c45bf5dff3cc24803e5e39b46c4e22c1c262cbb825,1
https://ostreedev.github.io/ostree::upstream-unit::src/boot/ostree-finalize-staged.service,https://ostreedev.github.io/ostree,fedora,ostree,usr/lib/systemd/system/ostree-finalize-staged.service,ostree-finalize-staged.service,A,EXACT_UPSTREAM_UNIT_IDENTITY,MATCHED,/home/emrecan/github/ecylmz/unittrace/artifacts/full/roots/sources/fedora/ostree/ostree-2026.2-1.fc44.src.rpm/libostree-2026.2/src/boot/ostree-finalize-staged.service,,1,2,ostree-2026.2-1.fc44.src.rpm,src/boot/ostree-finalize-staged.service,d2a4d60f65e86ae4045324c45bf5dff3cc24803e5e39b46c4e22c1c262cbb825,1
https://ostreedev.github.io/ostree::upstream-unit::src/boot/ostree-prepare-root.service,https://ostreedev.github.io/ostree,arch,ostree,usr/lib/systemd/system/ostree-prepare-root.service,ostree-prepare-root.service,A,EXACT_UPSTREAM_UNIT_IDENTITY,MATCHED,/home/emrecan/github/ecylmz/unittrace/artifacts/full/roots/sources/arch/ostree/2026.3-1/ostree-867d4e000137d466e06c5173691458e0b4a38a26/src/boot/ostree-prepare-root.service,ostree-prepare-root,1,2,2026.3-1,src/boot/ostree-prepare-root.service,ec1e72fc226a64fb4402785c2346c8b3d058d6e46707fe329d34cfdbd20c8cea,1
https://ostreedev.github.io/ostree::upstream-unit::src/boot/ostree-prepare-root.service,https://ostreedev.github.io/ostree,fedora,ostree,usr/lib/systemd/system/ostree-prepare-root.service,ostree-prepare-root.service,A,EXACT_UPSTREAM_UNIT_IDENTITY,MATCHED,/home/emrecan/github/ecylmz/unittrace/artifacts/full/roots/sources/fedora/ostree/ostree-2026.2-1.fc44.src.rpm/libostree-2026.2/src/boot/ostree-prepare-root.service,ostree-prepare-root,1,2,ostree-2026.2-1.fc44.src.rpm,src/boot/ostree-prepare-root.service,ec1e72fc226a64fb4402785c2346c8b3d058d6e46707fe329d34cfdbd20c8cea,1
https://ostreedev.github.io/ostree::upstream-unit::src/boot/ostree-remount.service,https://ostreedev.github.io/ostree,arch,ostree,usr/lib/systemd/system/ostree-remount.service,ostree-remount.service,A,EXACT_UPSTREAM_UNIT_IDENTITY,MATCHED,/home/emrecan/github/ecylmz/unittrace/artifacts/full/roots/sources/arch/ostree/2026.3-1/ostree-867d4e000137d466e06c5173691458e0b4a38a26/src/boot/ostree-remount.service,ostree-remount,1,2,2026.3-1,src/boot/ostree-remount.service,db7a927fdb87d5b7e672e86bcd49955faba77c0b4a5f33547927c2d3dde3032a,1
https://ostreedev.github.io/ostree::upstream-unit::src/boot/ostree-remount.service,https://ostreedev.github.io/ostree,fedora,ostree,usr/lib/systemd/system/ostree-remount.service,ostree-remount.service,A,EXACT_UPSTREAM_UNIT_IDENTITY,MATCHED,/home/emrecan/github/ecylmz/unittrace/artifacts/full/roots/sources/fedora/ostree/ostree-2026.2-1.fc44.src.rpm/libostree-2026.2/src/boot/ostree-remount.service,ostree-remount,1,2,ostree-2026.2-1.fc44.src.rpm,src/boot/ostree-remount.service,db7a927fdb87d5b7e672e86bcd49955faba77c0b4a5f33547927c2d3dde3032a,1
https://pagure.io/certmonger::certmonger,https://pagure.io/certmonger,debian,certmonger,usr/lib/systemd/system/certmonger.service,certmonger.service,A,UNAMBIGUOUS_EXECUTABLE_LINEAGE,MATCHED,usr/lib/systemd/system/certmonger.service,certmonger,1,3,,,,1
https://pagure.io/certmonger::certmonger,https://pagure.io/certmonger,fedora,certmonger,usr/lib/systemd/system/certmonger.service,certmonger.service,A,UNAMBIGUOUS_EXECUTABLE_LINEAGE,MATCHED,usr/lib/systemd/system/certmonger.service,certmonger,1,3,,,,1
https://pagure.io/certmonger::certmonger,https://pagure.io/certmonger,ubuntu,certmonger,usr/lib/systemd/system/certmonger.service,certmonger.service,A,UNAMBIGUOUS_EXECUTABLE_LINEAGE,MATCHED,usr/lib/systemd/system/certmonger.service,certmonger,1,3,,,,1
https://pagure.io/dlm::dlm_controld,https://pagure.io/dlm,debian,dlm-controld,usr/lib/systemd/system/dlm.service,dlm.service,A,UNAMBIGUOUS_EXECUTABLE_LINEAGE,MATCHED,usr/lib/systemd/system/dlm.service,dlm_controld,1,3,,,,1
https://pagure.io/dlm::dlm_controld,https://pagure.io/dlm,fedora,dlm,usr/lib/systemd/system/dlm.service,dlm.service,A,UNAMBIGUOUS_EXECUTABLE_LINEAGE,MATCHED,usr/lib/systemd/system/dlm.service,dlm_controld,1,3,,,,1
https://pagure.io/dlm::dlm_controld,https://pagure.io/dlm,ubuntu,dlm-controld,usr/lib/systemd/system/dlm.service,dlm.service,A,UNAMBIGUOUS_EXECUTABLE_LINEAGE,MATCHED,usr/lib/systemd/system/dlm.service,dlm_controld,1,3,,,,1
https://pagure.io/numad::numad,https://pagure.io/numad,debian,numad,usr/lib/systemd/system/numad.service,numad.service,A,UNAMBIGUOUS_EXECUTABLE_LINEAGE,MATCHED,usr/lib/systemd/system/numad.service,numad,1,3,,,,1
https://pagure.io/numad::numad,https://pagure.io/numad,fedora,numad,usr/lib/systemd/system/numad.service,numad.service,A,UNAMBIGUOUS_EXECUTABLE_LINEAGE,MATCHED,usr/lib/systemd/system/numad.service,numad,1,3,,,,1
https://pagure.io/numad::numad,https://pagure.io/numad,ubuntu,numad,usr/lib/systemd/system/numad.service,numad.service,A,UNAMBIGUOUS_EXECUTABLE_LINEAGE,MATCHED,usr/lib/systemd/system/numad.service,numad,1,3,,,,1
https://pagure.io/oddjob::oddjobd,https://pagure.io/oddjob,debian,oddjob,usr/lib/systemd/system/oddjobd.service,oddjobd.service,A,UNAMBIGUOUS_EXECUTABLE_LINEAGE,MATCHED,usr/lib/systemd/system/oddjobd.service,oddjobd,1,3,,,,1
https://pagure.io/oddjob::oddjobd,https://pagure.io/oddjob,fedora,oddjob,usr/lib/systemd/system/oddjobd.service,oddjobd.service,A,UNAMBIGUOUS_EXECUTABLE_LINEAGE,MATCHED,usr/lib/systemd/system/oddjobd.service,oddjobd,1,3,,,,1
https://pagure.io/oddjob::oddjobd,https://pagure.io/oddjob,ubuntu,oddjob,usr/lib/systemd/system/oddjobd.service,oddjobd.service,A,UNAMBIGUOUS_EXECUTABLE_LINEAGE,MATCHED,usr/lib/systemd/system/oddjobd.service,oddjobd,1,3,,,,1
https://pcp.io::pcp-geolocate,https://pcp.io,arch,pcp,usr/lib/systemd/system/pcp-geolocate.service,pcp-geolocate.service,A,UNAMBIGUOUS_EXECUTABLE_LINEAGE,MATCHED,usr/lib/systemd/system/pcp-geolocate.service,pcp-geolocate,1,4,,,,1
https://pcp.io::pcp-geolocate,https://pcp.io,debian,pcp,usr/lib/systemd/system/pcp-geolocate.service,pcp-geolocate.service,A,UNAMBIGUOUS_EXECUTABLE_LINEAGE,MATCHED,usr/lib/systemd/system/pcp-geolocate.service,pcp-geolocate,1,4,,,,1
https://pcp.io::pcp-geolocate,https://pcp.io,fedora,pcp-geolocate,usr/lib/systemd/system/pcp-geolocate.service,pcp-geolocate.service,A,UNAMBIGUOUS_EXECUTABLE_LINEAGE,MATCHED,usr/lib/systemd/system/pcp-geolocate.service,pcp-geolocate,1,4,,,,1
https://pcp.io::pcp-geolocate,https://pcp.io,ubuntu,pcp,usr/lib/systemd/system/pcp-geolocate.service,pcp-geolocate.service,A,UNAMBIGUOUS_EXECUTABLE_LINEAGE,MATCHED,usr/lib/systemd/system/pcp-geolocate.service,pcp-geolocate,1,4,,,,1
https://pcp.io::pcp-reboot-init,https://pcp.io,debian,pcp,usr/lib/systemd/system/pcp-reboot-init.service,pcp-reboot-init.service,A,UNAMBIGUOUS_EXECUTABLE_LINEAGE,MATCHED,usr/lib/systemd/system/pcp-reboot-init.service,pcp-reboot-init,1,2,,,,1
https://pcp.io::pcp-reboot-init,https://pcp.io,ubuntu,pcp,usr/lib/systemd/system/pcp-reboot-init.service,pcp-reboot-init.service,A,UNAMBIGUOUS_EXECUTABLE_LINEAGE,MATCHED,usr/lib/systemd/system/pcp-reboot-init.service,pcp-reboot-init,1,2,,,,1
https://pcp.io::pmcd,https://pcp.io,arch,pcp,usr/lib/systemd/system/pmcd.service,pmcd.service,A,UNAMBIGUOUS_EXECUTABLE_LINEAGE,MATCHED,usr/lib/systemd/system/pmcd.service,pmcd,1,4,,,,1
https://pcp.io::pmcd,https://pcp.io,debian,pcp,usr/lib/systemd/system/pmcd.service,pmcd.service,A,UNAMBIGUOUS_EXECUTABLE_LINEAGE,MATCHED,usr/lib/systemd/system/pmcd.service,pmcd,1,4,,,,1
https://pcp.io::pmcd,https://pcp.io,fedora,pcp,usr/lib/systemd/system/pmcd.service,pmcd.service,A,UNAMBIGUOUS_EXECUTABLE_LINEAGE,MATCHED,usr/lib/systemd/system/pmcd.service,pmcd,1,4,,,,1
https://pcp.io::pmcd,https://pcp.io,ubuntu,pcp,usr/lib/systemd/system/pmcd.service,pmcd.service,A,UNAMBIGUOUS_EXECUTABLE_LINEAGE,MATCHED,usr/lib/systemd/system/pmcd.service,pmcd,1,4,,,,1
https://pcp.io::pmfind_check,https://pcp.io,arch,pcp,usr/lib/systemd/system/pmfind.service,pmfind.service,A,UNAMBIGUOUS_EXECUTABLE_LINEAGE,MATCHED,usr/lib/systemd/system/pmfind.service,pmfind_check,1,4,,,,1
https://pcp.io::pmfind_check,https://pcp.io,debian,pcp,usr/lib/systemd/system/pmfind.service,pmfind.service,A,UNAMBIGUOUS_EXECUTABLE_LINEAGE,MATCHED,usr/lib/systemd/system/pmfind.service,pmfind_check,1,4,,,,1
https://pcp.io::pmfind_check,https://pcp.io,fedora,pcp,usr/lib/systemd/system/pmfind.service,pmfind.service,A,UNAMBIGUOUS_EXECUTABLE_LINEAGE,MATCHED,usr/lib/systemd/system/pmfind.service,pmfind_check,1,4,,,,1
https://pcp.io::pmfind_check,https://pcp.io,ubuntu,pcp,usr/lib/systemd/system/pmfind.service,pmfind.service,A,UNAMBIGUOUS_EXECUTABLE_LINEAGE,MATCHED,usr/lib/systemd/system/pmfind.service,pmfind_check,1,4,,,,1
https://pcp.io::pmie,https://pcp.io,arch,pcp,usr/lib/systemd/system/pmie.service,pmie.service,A,UNAMBIGUOUS_EXECUTABLE_LINEAGE,MATCHED,usr/lib/systemd/system/pmie.service,pmie,1,3,,,,1
https://pcp.io::pmie,https://pcp.io,fedora,pcp,usr/lib/systemd/system/pmie.service,pmie.service,A,UNAMBIGUOUS_EXECUTABLE_LINEAGE,MATCHED,usr/lib/systemd/system/pmie.service,pmie,1,3,,,,1
https://pcp.io::pmie,https://pcp.io,ubuntu,pcp,usr/lib/systemd/system/pmie.service,pmie.service,A,UNAMBIGUOUS_EXECUTABLE_LINEAGE,MATCHED,usr/lib/systemd/system/pmie.service,pmie,1,3,,,,1
https://pcp.io::pmie_check,https://pcp.io,arch,pcp,usr/lib/systemd/system/pmie_check.service,pmie_check.service,A,UNAMBIGUOUS_EXECUTABLE_LINEAGE,MATCHED,usr/lib/systemd/system/pmie_check.service,pmie_check,1,4,,,,1
https://pcp.io::pmie_check,https://pcp.io,debian,pcp,usr/lib/systemd/system/pmie_check.service,pmie_check.service,A,UNAMBIGUOUS_EXECUTABLE_LINEAGE,MATCHED,usr/lib/systemd/system/pmie_check.service,pmie_check,1,4,,,,1
https://pcp.io::pmie_check,https://pcp.io,fedora,pcp,usr/lib/systemd/system/pmie_check.service,pmie_check.service,A,UNAMBIGUOUS_EXECUTABLE_LINEAGE,MATCHED,usr/lib/systemd/system/pmie_check.service,pmie_check,1,4,,,,1
https://pcp.io::pmie_check,https://pcp.io,ubuntu,pcp,usr/lib/systemd/system/pmie_check.service,pmie_check.service,A,UNAMBIGUOUS_EXECUTABLE_LINEAGE,MATCHED,usr/lib/systemd/system/pmie_check.service,pmie_check,1,4,,,,1
https://pcp.io::pmie_daily,https://pcp.io,arch,pcp,usr/lib/systemd/system/pmie_daily.service,pmie_daily.service,A,UNAMBIGUOUS_EXECUTABLE_LINEAGE,MATCHED,usr/lib/systemd/system/pmie_daily.service,pmie_daily,1,4,,,,1
https://pcp.io::pmie_daily,https://pcp.io,debian,pcp,usr/lib/systemd/system/pmie_daily.service,pmie_daily.service,A,UNAMBIGUOUS_EXECUTABLE_LINEAGE,MATCHED,usr/lib/systemd/system/pmie_daily.service,pmie_daily,1,4,,,,1
https://pcp.io::pmie_daily,https://pcp.io,fedora,pcp,usr/lib/systemd/system/pmie_daily.service,pmie_daily.service,A,UNAMBIGUOUS_EXECUTABLE_LINEAGE,MATCHED,usr/lib/systemd/system/pmie_daily.service,pmie_daily,1,4,,,,1
https://pcp.io::pmie_daily,https://pcp.io,ubuntu,pcp,usr/lib/systemd/system/pmie_daily.service,pmie_daily.service,A,UNAMBIGUOUS_EXECUTABLE_LINEAGE,MATCHED,usr/lib/systemd/system/pmie_daily.service,pmie_daily,1,4,,,,1
https://pcp.io::pmie_farm,https://pcp.io,arch,pcp,usr/lib/systemd/system/pmie_farm.service,pmie_farm.service,A,UNAMBIGUOUS_EXECUTABLE_LINEAGE,MATCHED,usr/lib/systemd/system/pmie_farm.service,pmie_farm,1,4,,,,1
https://pcp.io::pmie_farm,https://pcp.io,debian,pcp,usr/lib/systemd/system/pmie_farm.service,pmie_farm.service,A,UNAMBIGUOUS_EXECUTABLE_LINEAGE,MATCHED,usr/lib/systemd/system/pmie_farm.service,pmie_farm,1,4,,,,1
https://pcp.io::pmie_farm,https://pcp.io,fedora,pcp,usr/lib/systemd/system/pmie_farm.service,pmie_farm.service,A,UNAMBIGUOUS_EXECUTABLE_LINEAGE,MATCHED,usr/lib/systemd/system/pmie_farm.service,pmie_farm,1,4,,,,1
https://pcp.io::pmie_farm,https://pcp.io,ubuntu,pcp,usr/lib/systemd/system/pmie_farm.service,pmie_farm.service,A,UNAMBIGUOUS_EXECUTABLE_LINEAGE,MATCHED,usr/lib/systemd/system/pmie_farm.service,pmie_farm,1,4,,,,1
https://pcp.io::pmiectl,https://pcp.io,arch,pcp,usr/lib/systemd/system/pmie_farm_check.service,pmie_farm_check.service,A,UNAMBIGUOUS_EXECUTABLE_LINEAGE,MATCHED,usr/lib/systemd/system/pmie_farm_check.service,pmiectl,1,4,,,,1
https://pcp.io::pmiectl,https://pcp.io,debian,pcp,usr/lib/systemd/system/pmie_farm_check.service,pmie_farm_check.service,A,UNAMBIGUOUS_EXECUTABLE_LINEAGE,MATCHED,usr/lib/systemd/system/pmie_farm_check.service,pmiectl,1,4,,,,1
https://pcp.io::pmiectl,https://pcp.io,fedora,pcp,usr/lib/systemd/system/pmie_farm_check.service,pmie_farm_check.service,A,UNAMBIGUOUS_EXECUTABLE_LINEAGE,MATCHED,usr/lib/systemd/system/pmie_farm_check.service,pmiectl,1,4,,,,1
https://pcp.io::pmiectl,https://pcp.io,ubuntu,pcp,usr/lib/systemd/system/pmie_farm_check.service,pmie_farm_check.service,A,UNAMBIGUOUS_EXECUTABLE_LINEAGE,MATCHED,usr/lib/systemd/system/pmie_farm_check.service,pmiectl,1,4,,,,1
https://pcp.io::pmlogctl,https://pcp.io,arch,pcp,usr/lib/systemd/system/pmlogger_farm_check.service,pmlogger_farm_check.service,A,UNAMBIGUOUS_EXECUTABLE_LINEAGE,MATCHED,usr/lib/systemd/system/pmlogger_farm_check.service,pmlogctl,1,4,,,,1
https://pcp.io::pmlogctl,https://pcp.io,debian,pcp,usr/lib/systemd/system/pmlogger_farm_check.service,pmlogger_farm_check.service,A,UNAMBIGUOUS_EXECUTABLE_LINEAGE,MATCHED,usr/lib/systemd/system/pmlogger_farm_check.service,pmlogctl,1,4,,,,1
https://pcp.io::pmlogctl,https://pcp.io,fedora,pcp,usr/lib/systemd/system/pmlogger_farm_check.service,pmlogger_farm_check.service,A,UNAMBIGUOUS_EXECUTABLE_LINEAGE,MATCHED,usr/lib/systemd/system/pmlogger_farm_check.service,pmlogctl,1,4,,,,1
https://pcp.io::pmlogctl,https://pcp.io,ubuntu,pcp,usr/lib/systemd/system/pmlogger_farm_check.service,pmlogger_farm_check.service,A,UNAMBIGUOUS_EXECUTABLE_LINEAGE,MATCHED,usr/lib/systemd/system/pmlogger_farm_check.service,pmlogctl,1,4,,,,1
https://pcp.io::pmlogger,https://pcp.io,arch,pcp,usr/lib/systemd/system/pmlogger.service,pmlogger.service,A,UNAMBIGUOUS_EXECUTABLE_LINEAGE,MATCHED,usr/lib/systemd/system/pmlogger.service,pmlogger,1,3,,,,1
https://pcp.io::pmlogger,https://pcp.io,fedora,pcp,usr/lib/systemd/system/pmlogger.service,pmlogger.service,A,UNAMBIGUOUS_EXECUTABLE_LINEAGE,MATCHED,usr/lib/systemd/system/pmlogger.service,pmlogger,1,3,,,,1
https://pcp.io::pmlogger,https://pcp.io,ubuntu,pcp,usr/lib/systemd/system/pmlogger.service,pmlogger.service,A,UNAMBIGUOUS_EXECUTABLE_LINEAGE,MATCHED,usr/lib/systemd/system/pmlogger.service,pmlogger,1,3,,,,1
https://pcp.io::pmlogger_check,https://pcp.io,arch,pcp,usr/lib/systemd/system/pmlogger_check.service,pmlogger_check.service,A,UNAMBIGUOUS_EXECUTABLE_LINEAGE,MATCHED,usr/lib/systemd/system/pmlogger_check.service,pmlogger_check,1,4,,,,1
https://pcp.io::pmlogger_check,https://pcp.io,debian,pcp,usr/lib/systemd/system/pmlogger_check.service,pmlogger_check.service,A,UNAMBIGUOUS_EXECUTABLE_LINEAGE,MATCHED,usr/lib/systemd/system/pmlogger_check.service,pmlogger_check,1,4,,,,1
https://pcp.io::pmlogger_check,https://pcp.io,fedora,pcp,usr/lib/systemd/system/pmlogger_check.service,pmlogger_check.service,A,UNAMBIGUOUS_EXECUTABLE_LINEAGE,MATCHED,usr/lib/systemd/system/pmlogger_check.service,pmlogger_check,1,4,,,,1
https://pcp.io::pmlogger_check,https://pcp.io,ubuntu,pcp,usr/lib/systemd/system/pmlogger_check.service,pmlogger_check.service,A,UNAMBIGUOUS_EXECUTABLE_LINEAGE,MATCHED,usr/lib/systemd/system/pmlogger_check.service,pmlogger_check,1,4,,,,1
https://pcp.io::pmlogger_daily,https://pcp.io,arch,pcp,usr/lib/systemd/system/pmlogger_daily.service,pmlogger_daily.service,UNRESOLVED,UNAMBIGUOUS_EXECUTABLE_LINEAGE,SERVICE_LINEAGE_AMBIGUOUS,usr/lib/systemd/system/pmlogger_daily.service,pmlogger_daily,3,4,,,,3
https://pcp.io::pmlogger_daily,https://pcp.io,arch,pcp,usr/lib/systemd/system/pmproxy_check.service,pmproxy_check.service,UNRESOLVED,UNAMBIGUOUS_EXECUTABLE_LINEAGE,SERVICE_LINEAGE_AMBIGUOUS,usr/lib/systemd/system/pmproxy_check.service,pmlogger_daily,3,4,,,,3
https://pcp.io::pmlogger_daily,https://pcp.io,arch,pcp,usr/lib/systemd/system/pmproxy_daily.service,pmproxy_daily.service,UNRESOLVED,UNAMBIGUOUS_EXECUTABLE_LINEAGE,SERVICE_LINEAGE_AMBIGUOUS,usr/lib/systemd/system/pmproxy_daily.service,pmlogger_daily,3,4,,,,3
https://pcp.io::pmlogger_daily,https://pcp.io,debian,pcp,usr/lib/systemd/system/pmlogger_daily.service,pmlogger_daily.service,UNRESOLVED,UNAMBIGUOUS_EXECUTABLE_LINEAGE,SERVICE_LINEAGE_AMBIGUOUS,usr/lib/systemd/system/pmlogger_daily.service,pmlogger_daily,1,4,,,,1
https://pcp.io::pmlogger_daily,https://pcp.io,fedora,pcp,usr/lib/systemd/system/pmlogger_daily.service,pmlogger_daily.service,UNRESOLVED,UNAMBIGUOUS_EXECUTABLE_LINEAGE,SERVICE_LINEAGE_AMBIGUOUS,usr/lib/systemd/system/pmlogger_daily.service,pmlogger_daily,3,4,,,,3
https://pcp.io::pmlogger_daily,https://pcp.io,fedora,pcp,usr/lib/systemd/system/pmproxy_check.service,pmproxy_check.service,UNRESOLVED,UNAMBIGUOUS_EXECUTABLE_LINEAGE,SERVICE_LINEAGE_AMBIGUOUS,usr/lib/systemd/system/pmproxy_check.service,pmlogger_daily,3,4,,,,3
https://pcp.io::pmlogger_daily,https://pcp.io,fedora,pcp,usr/lib/systemd/system/pmproxy_daily.service,pmproxy_daily.service,UNRESOLVED,UNAMBIGUOUS_EXECUTABLE_LINEAGE,SERVICE_LINEAGE_AMBIGUOUS,usr/lib/systemd/system/pmproxy_daily.service,pmlogger_daily,3,4,,,,3
https://pcp.io::pmlogger_daily,https://pcp.io,ubuntu,pcp,usr/lib/systemd/system/pmlogger_daily.service,pmlogger_daily.service,UNRESOLVED,UNAMBIGUOUS_EXECUTABLE_LINEAGE,SERVICE_LINEAGE_AMBIGUOUS,usr/lib/systemd/system/pmlogger_daily.service,pmlogger_daily,3,4,,,,3
https://pcp.io::pmlogger_daily,https://pcp.io,ubuntu,pcp,usr/lib/systemd/system/pmproxy_check.service,pmproxy_check.service,UNRESOLVED,UNAMBIGUOUS_EXECUTABLE_LINEAGE,SERVICE_LINEAGE_AMBIGUOUS,usr/lib/systemd/system/pmproxy_check.service,pmlogger_daily,3,4,,,,3
https://pcp.io::pmlogger_daily,https://pcp.io,ubuntu,pcp,usr/lib/systemd/system/pmproxy_daily.service,pmproxy_daily.service,UNRESOLVED,UNAMBIGUOUS_EXECUTABLE_LINEAGE,SERVICE_LINEAGE_AMBIGUOUS,usr/lib/systemd/system/pmproxy_daily.service,pmlogger_daily,3,4,,,,3
https://pcp.io::pmlogger_farm,https://pcp.io,arch,pcp,usr/lib/systemd/system/pmlogger_farm.service,pmlogger_farm.service,A,UNAMBIGUOUS_EXECUTABLE_LINEAGE,MATCHED,usr/lib/systemd/system/pmlogger_farm.service,pmlogger_farm,1,4,,,,1
https://pcp.io::pmlogger_farm,https://pcp.io,debian,pcp,usr/lib/systemd/system/pmlogger_farm.service,pmlogger_farm.service,A,UNAMBIGUOUS_EXECUTABLE_LINEAGE,MATCHED,usr/lib/systemd/system/pmlogger_farm.service,pmlogger_farm,1,4,,,,1
https://pcp.io::pmlogger_farm,https://pcp.io,fedora,pcp,usr/lib/systemd/system/pmlogger_farm.service,pmlogger_farm.service,A,UNAMBIGUOUS_EXECUTABLE_LINEAGE,MATCHED,usr/lib/systemd/system/pmlogger_farm.service,pmlogger_farm,1,4,,,,1
https://pcp.io::pmlogger_farm,https://pcp.io,ubuntu,pcp,usr/lib/systemd/system/pmlogger_farm.service,pmlogger_farm.service,A,UNAMBIGUOUS_EXECUTABLE_LINEAGE,MATCHED,usr/lib/systemd/system/pmlogger_farm.service,pmlogger_farm,1,4,,,,1
https://pcp.io::pmproxy,https://pcp.io,arch,pcp,usr/lib/systemd/system/pmproxy.service,pmproxy.service,A,UNAMBIGUOUS_EXECUTABLE_LINEAGE,MATCHED,usr/lib/systemd/system/pmproxy.service,pmproxy,1,3,,,,1
https://pcp.io::pmproxy,https://pcp.io,fedora,pcp,usr/lib/systemd/system/pmproxy.service,pmproxy.service,A,UNAMBIGUOUS_EXECUTABLE_LINEAGE,MATCHED,usr/lib/systemd/system/pmproxy.service,pmproxy,1,3,,,,1
https://pcp.io::pmproxy,https://pcp.io,ubuntu,pcp,usr/lib/systemd/system/pmproxy.service,pmproxy.service,A,UNAMBIGUOUS_EXECUTABLE_LINEAGE,MATCHED,usr/lib/systemd/system/pmproxy.service,pmproxy,1,3,,,,1
https://pcp.io::pmseries_import,https://pcp.io,arch,pcp,usr/lib/systemd/system/pmseries_import.service,pmseries_import.service,A,UNAMBIGUOUS_EXECUTABLE_LINEAGE,MATCHED,usr/lib/systemd/system/pmseries_import.service,pmseries_import,1,3,,,,1
https://pcp.io::pmseries_import,https://pcp.io,fedora,pcp-import-pmseries,usr/lib/systemd/system/pmseries_import.service,pmseries_import.service,A,UNAMBIGUOUS_EXECUTABLE_LINEAGE,MATCHED,usr/lib/systemd/system/pmseries_import.service,pmseries_import,1,3,,,,1
https://pcp.io::pmseries_import,https://pcp.io,ubuntu,pcp,usr/lib/systemd/system/pmseries_import.service,pmseries_import.service,A,UNAMBIGUOUS_EXECUTABLE_LINEAGE,MATCHED,usr/lib/systemd/system/pmseries_import.service,pmseries_import,1,3,,,,1
https://pcp.io::reboot-init,https://pcp.io,arch,pcp,usr/lib/systemd/system/pcp-reboot-init.service,pcp-reboot-init.service,A,UNAMBIGUOUS_EXECUTABLE_LINEAGE,MATCHED,usr/lib/systemd/system/pcp-reboot-init.service,reboot-init,1,2,,,,1
https://pcp.io::reboot-init,https://pcp.io,fedora,pcp,usr/lib/systemd/system/pcp-reboot-init.service,pcp-reboot-init.service,A,UNAMBIGUOUS_EXECUTABLE_LINEAGE,MATCHED,usr/lib/systemd/system/pcp-reboot-init.service,reboot-init,1,2,,,,1
https://pcp.io::sh,https://pcp.io,arch,pcp-atop,usr/lib/systemd/system/atop.service,atop.service,A,UNAMBIGUOUS_EXECUTABLE_LINEAGE,MATCHED,usr/lib/systemd/system/atop.service,sh,1,2,,,,1
https://pcp.io::sh,https://pcp.io,fedora,pcp-atop,usr/lib/systemd/system/atop.service,atop.service,A,UNAMBIGUOUS_EXECUTABLE_LINEAGE,MATCHED,usr/lib/systemd/system/atop.service,sh,1,2,,,,1
https://pcp.io::upstream-unit::src/pcp/atop/atop-daily.service,https://pcp.io,arch,pcp-atop,usr/lib/systemd/system/atop-daily.service,atop-daily.service,A,EXACT_UPSTREAM_UNIT_IDENTITY,MATCHED,/home/emrecan/github/ecylmz/unittrace/artifacts/full/roots/sources/arch/pcp/7.2.0-2/pcp-7.2.0/src/pcp/atop/atop-daily.service,systemctl,1,2,7.2.0-2,src/pcp/atop/atop-daily.service,452b49cda7135c38e8a10b136e98612f7a1039917a4621792ec03e61e4924822,1
https://pcp.io::upstream-unit::src/pcp/atop/atop-daily.service,https://pcp.io,fedora,pcp-atop,usr/lib/systemd/system/atop-daily.service,atop-daily.service,A,EXACT_UPSTREAM_UNIT_IDENTITY,MATCHED,/home/emrecan/github/ecylmz/unittrace/artifacts/full/roots/sources/fedora/pcp/pcp-7.2.0-1.fc44.src.rpm/pcp-7.2.0/src/pcp/atop/atop-daily.service,systemctl,1,2,pcp-7.2.0-1.fc44.src.rpm,src/pcp/atop/atop-daily.service,452b49cda7135c38e8a10b136e98612f7a1039917a4621792ec03e61e4924822,1
https://pcsclite.apdu.fr::pcscd,https://pcsclite.apdu.fr,arch,pcsclite,usr/lib/systemd/system/pcscd.service,pcscd.service,A,UNAMBIGUOUS_EXECUTABLE_LINEAGE,MATCHED,usr/lib/systemd/system/pcscd.service,pcscd,1,4,,,,1
https://pcsclite.apdu.fr::pcscd,https://pcsclite.apdu.fr,debian,pcscd,usr/lib/systemd/system/pcscd.service,pcscd.service,A,UNAMBIGUOUS_EXECUTABLE_LINEAGE,MATCHED,usr/lib/systemd/system/pcscd.service,pcscd,1,4,,,,1
https://pcsclite.apdu.fr::pcscd,https://pcsclite.apdu.fr,fedora,pcsc-lite,usr/lib/systemd/system/pcscd.service,pcscd.service,A,UNAMBIGUOUS_EXECUTABLE_LINEAGE,MATCHED,usr/lib/systemd/system/pcscd.service,pcscd,1,4,,,,1
https://pcsclite.apdu.fr::pcscd,https://pcsclite.apdu.fr,ubuntu,pcscd,usr/lib/systemd/system/pcscd.service,pcscd.service,A,UNAMBIGUOUS_EXECUTABLE_LINEAGE,MATCHED,usr/lib/systemd/system/pcscd.service,pcscd,1,4,,,,1
https://perfetto.dev::traced,https://perfetto.dev,fedora,perfetto,usr/lib/systemd/system/traced.service,traced.service,A,UNAMBIGUOUS_EXECUTABLE_LINEAGE,MATCHED,usr/lib/systemd/system/traced.service,traced,1,2,,,,1
https://perfetto.dev::traced,https://perfetto.dev,ubuntu,perfetto,usr/lib/systemd/system/traced.service,traced.service,A,UNAMBIGUOUS_EXECUTABLE_LINEAGE,MATCHED,usr/lib/systemd/system/traced.service,traced,1,2,,,,1
https://perfetto.dev::traced_probes,https://perfetto.dev,fedora,perfetto,usr/lib/systemd/system/traced-probes.service,traced-probes.service,A,UNAMBIGUOUS_EXECUTABLE_LINEAGE,MATCHED,usr/lib/systemd/system/traced-probes.service,traced_probes,1,2,,,,1
https://perfetto.dev::traced_probes,https://perfetto.dev,ubuntu,perfetto,usr/lib/systemd/system/traced-probes.service,traced-probes.service,A,UNAMBIGUOUS_EXECUTABLE_LINEAGE,MATCHED,usr/lib/systemd/system/traced-probes.service,traced_probes,1,2,,,,1
https://plocate.sesse.net::updatedb,https://plocate.sesse.net,arch,plocate,usr/lib/systemd/system/plocate-updatedb.service,plocate-updatedb.service,A,UNAMBIGUOUS_EXECUTABLE_LINEAGE,MATCHED,usr/lib/systemd/system/plocate-updatedb.service,updatedb,1,2,,,,1
https://plocate.sesse.net::updatedb,https://plocate.sesse.net,fedora,plocate,usr/lib/systemd/system/plocate-updatedb.service,plocate-updatedb.service,A,UNAMBIGUOUS_EXECUTABLE_LINEAGE,MATCHED,usr/lib/systemd/system/plocate-updatedb.service,updatedb,1,2,,,,1
https://plocate.sesse.net::updatedb.plocate,https://plocate.sesse.net,debian,plocate,usr/lib/systemd/system/plocate-updatedb.service,plocate-updatedb.service,A,UNAMBIGUOUS_EXECUTABLE_LINEAGE,MATCHED,usr/lib/systemd/system/plocate-updatedb.service,updatedb.plocate,1,2,,,,1
https://plocate.sesse.net::updatedb.plocate,https://plocate.sesse.net,ubuntu,plocate,usr/lib/systemd/system/plocate-updatedb.service,plocate-updatedb.service,A,UNAMBIGUOUS_EXECUTABLE_LINEAGE,MATCHED,usr/lib/systemd/system/plocate-updatedb.service,updatedb.plocate,1,2,,,,1
https://poptop.sourceforge.net::pptpd,https://poptop.sourceforge.net,arch,pptpd,usr/lib/systemd/system/pptpd.service,pptpd.service,A,UNAMBIGUOUS_EXECUTABLE_LINEAGE,MATCHED,usr/lib/systemd/system/pptpd.service,pptpd,1,2,,,,1
https://poptop.sourceforge.net::pptpd,https://poptop.sourceforge.net,fedora,pptpd,usr/lib/systemd/system/pptpd.service,pptpd.service,A,UNAMBIGUOUS_EXECUTABLE_LINEAGE,MATCHED,usr/lib/systemd/system/pptpd.service,pptpd,1,2,,,,1
https://portsentry.xyz::portsentry,https://portsentry.xyz,fedora,portsentry,usr/lib/systemd/system/portsentry.service,portsentry.service,A,UNAMBIGUOUS_EXECUTABLE_LINEAGE,MATCHED,usr/lib/systemd/system/portsentry.service,portsentry,1,2,,,,1
https://portsentry.xyz::portsentry,https://portsentry.xyz,ubuntu,portsentry,usr/lib/systemd/system/portsentry.service,portsentry.service,A,UNAMBIGUOUS_EXECUTABLE_LINEAGE,MATCHED,usr/lib/systemd/system/portsentry.service,portsentry,1,2,,,,1
https://postfwd.org::postfwd,https://postfwd.org,arch,postfwd,usr/lib/systemd/system/postfwd.service,postfwd.service,A,UNAMBIGUOUS_EXECUTABLE_LINEAGE,MATCHED,usr/lib/systemd/system/postfwd.service,postfwd,1,2,,,,1
https://postfwd.org::postfwd,https://postfwd.org,fedora,postfwd,usr/lib/systemd/system/postfwd.service,postfwd.service,A,UNAMBIGUOUS_EXECUTABLE_LINEAGE,MATCHED,usr/lib/systemd/system/postfwd.service,postfwd,1,2,,,,1
https://postgrey.schweikert.ch::postgrey,https://postgrey.schweikert.ch,arch,postgrey,usr/lib/systemd/system/postgrey.service,postgrey.service,A,UNAMBIGUOUS_EXECUTABLE_LINEAGE,MATCHED,usr/lib/systemd/system/postgrey.service,postgrey,1,3,,,,1
https://postgrey.schweikert.ch::postgrey,https://postgrey.schweikert.ch,fedora,postgrey,usr/lib/systemd/system/postgrey.service,postgrey.service,A,UNAMBIGUOUS_EXECUTABLE_LINEAGE,MATCHED,usr/lib/systemd/system/postgrey.service,postgrey,1,3,,,,1
https://postgrey.schweikert.ch::postgrey,https://postgrey.schweikert.ch,ubuntu,postgrey,usr/lib/systemd/system/postgrey.service,postgrey.service,A,UNAMBIGUOUS_EXECUTABLE_LINEAGE,MATCHED,usr/lib/systemd/system/postgrey.service,postgrey,1,3,,,,1
https://prometheus.io::prometheus,https://prometheus.io,arch,prometheus,usr/lib/systemd/system/prometheus.service,prometheus.service,A,UNAMBIGUOUS_EXECUTABLE_LINEAGE,MATCHED,usr/lib/systemd/system/prometheus.service,prometheus,1,3,,,,1
https://prometheus.io::prometheus,https://prometheus.io,debian,prometheus,usr/lib/systemd/system/prometheus.service,prometheus.service,A,UNAMBIGUOUS_EXECUTABLE_LINEAGE,MATCHED,usr/lib/systemd/system/prometheus.service,prometheus,1,3,,,,1
https://prometheus.io::prometheus,https://prometheus.io,ubuntu,prometheus,usr/lib/systemd/system/prometheus.service,prometheus.service,A,UNAMBIGUOUS_EXECUTABLE_LINEAGE,MATCHED,usr/lib/systemd/system/prometheus.service,prometheus,1,3,,,,1
https://prosody.im::prosody,https://prosody.im,arch,prosody,usr/lib/systemd/system/prosody.service,prosody.service,A,UNAMBIGUOUS_EXECUTABLE_LINEAGE,MATCHED,usr/lib/systemd/system/prosody.service,prosody,1,2,,,,1
https://prosody.im::prosody,https://prosody.im,fedora,prosody,usr/lib/systemd/system/prosody.service,prosody.service,A,UNAMBIGUOUS_EXECUTABLE_LINEAGE,MATCHED,usr/lib/systemd/system/prosody.service,prosody,1,2,,,,1
https://qosient.com/argus::radium,https://qosient.com/argus,debian,argus-client,usr/lib/systemd/system/radium.service,radium.service,A,UNAMBIGUOUS_EXECUTABLE_LINEAGE,MATCHED,usr/lib/systemd/system/radium.service,radium,1,2,,,,1
https://qosient.com/argus::radium,https://qosient.com/argus,ubuntu,argus-client,usr/lib/systemd/system/radium.service,radium.service,A,UNAMBIGUOUS_EXECUTABLE_LINEAGE,MATCHED,usr/lib/systemd/system/radium.service,radium,1,2,,,,1
https://qosient.com/argus::rastream,https://qosient.com/argus,debian,argus-client,usr/lib/systemd/system/rastream.service,rastream.service,A,UNAMBIGUOUS_EXECUTABLE_LINEAGE,MATCHED,usr/lib/systemd/system/rastream.service,rastream,1,2,,,,1
https://qosient.com/argus::rastream,https://qosient.com/argus,ubuntu,argus-client,usr/lib/systemd/system/rastream.service,rastream.service,A,UNAMBIGUOUS_EXECUTABLE_LINEAGE,MATCHED,usr/lib/systemd/system/rastream.service,rastream,1,2,,,,1
https://quassel-irc.org::quasselcore,https://quassel-irc.org,arch,quassel-core,usr/lib/systemd/system/quassel.service,quassel.service,A,UNAMBIGUOUS_EXECUTABLE_LINEAGE,MATCHED,usr/lib/systemd/system/quassel.service,quasselcore,1,2,,,,1
https://quassel-irc.org::quasselcore,https://quassel-irc.org,fedora,quassel-core,usr/lib/systemd/system/quasselcore.service,quasselcore.service,A,UNAMBIGUOUS_EXECUTABLE_LINEAGE,MATCHED,usr/lib/systemd/system/quasselcore.service,quasselcore,1,2,,,,1
https://radicale.org::radicale,https://radicale.org,arch,radicale,usr/lib/systemd/system/radicale.service,radicale.service,A,UNAMBIGUOUS_EXECUTABLE_LINEAGE,MATCHED,usr/lib/systemd/system/radicale.service,radicale,1,3,,,,1
https://radicale.org::radicale,https://radicale.org,fedora,radicale3,usr/lib/systemd/system/radicale.service,radicale.service,A,UNAMBIGUOUS_EXECUTABLE_LINEAGE,MATCHED,usr/lib/systemd/system/radicale.service,radicale,1,3,,,,1
https://radicale.org::radicale,https://radicale.org,ubuntu,radicale,usr/lib/systemd/system/radicale.service,radicale.service,A,UNAMBIGUOUS_EXECUTABLE_LINEAGE,MATCHED,usr/lib/systemd/system/radicale.service,radicale,1,3,,,,1
https://radscan.com/nas.html::nasd,https://radscan.com/nas.html,fedora,nas,usr/lib/systemd/system/nasd.service,nasd.service,A,UNAMBIGUOUS_EXECUTABLE_LINEAGE,MATCHED,usr/lib/systemd/system/nasd.service,nasd,1,2,,,,1
https://radscan.com/nas.html::nasd,https://radscan.com/nas.html,ubuntu,nas,usr/lib/systemd/system/nas.service,nas.service,A,UNAMBIGUOUS_EXECUTABLE_LINEAGE,MATCHED,usr/lib/systemd/system/nas.service,nasd,1,2,,,,1
https://radsecproxy.github.io::radsecproxy,https://radsecproxy.github.io,debian,radsecproxy,usr/lib/systemd/system/radsecproxy.service,radsecproxy.service,A,UNAMBIGUOUS_EXECUTABLE_LINEAGE,MATCHED,usr/lib/systemd/system/radsecproxy.service,radsecproxy,1,3,,,,1
https://radsecproxy.github.io::radsecproxy,https://radsecproxy.github.io,fedora,radsecproxy,usr/lib/systemd/system/radsecproxy.service,radsecproxy.service,A,UNAMBIGUOUS_EXECUTABLE_LINEAGE,MATCHED,usr/lib/systemd/system/radsecproxy.service,radsecproxy,1,3,,,,1
https://radsecproxy.github.io::radsecproxy,https://radsecproxy.github.io,ubuntu,radsecproxy,usr/lib/systemd/system/radsecproxy.service,radsecproxy.service,A,UNAMBIGUOUS_EXECUTABLE_LINEAGE,MATCHED,usr/lib/systemd/system/radsecproxy.service,radsecproxy,1,3,,,,1
https://redict.io::redict-sentinel,https://redict.io,fedora,redict,usr/lib/systemd/system/redict-sentinel.service,redict-sentinel.service,A,UNAMBIGUOUS_EXECUTABLE_LINEAGE,MATCHED,usr/lib/systemd/system/redict-sentinel.service,redict-sentinel,1,2,,,,1
https://redict.io::redict-sentinel,https://redict.io,ubuntu,redict-sentinel,usr/lib/systemd/system/redict-sentinel.service,redict-sentinel.service,A,UNAMBIGUOUS_EXECUTABLE_LINEAGE,MATCHED,usr/lib/systemd/system/redict-sentinel.service,redict-sentinel,1,2,,,,1
https://redict.io::redict-server,https://redict.io,fedora,redict,usr/lib/systemd/system/redict.service,redict.service,A,UNAMBIGUOUS_EXECUTABLE_LINEAGE,MATCHED,usr/lib/systemd/system/redict.service,redict-server,1,2,,,,1
https://redict.io::redict-server,https://redict.io,ubuntu,redict-server,usr/lib/systemd/system/redict-server.service,redict-server.service,A,UNAMBIGUOUS_EXECUTABLE_LINEAGE,MATCHED,usr/lib/systemd/system/redict-server.service,redict-server,1,2,,,,1
https://roy.marples.name/projects/dhcpcd::dhcpcd,https://roy.marples.name/projects/dhcpcd,arch,dhcpcd,usr/lib/systemd/system/dhcpcd.service,dhcpcd.service,A,UNAMBIGUOUS_EXECUTABLE_LINEAGE,MATCHED,usr/lib/systemd/system/dhcpcd.service,dhcpcd,1,2,,,,1
https://roy.marples.name/projects/dhcpcd::dhcpcd,https://roy.marples.name/projects/dhcpcd,fedora,dhcpcd,usr/lib/systemd/system/dhcpcd.service,dhcpcd.service,A,UNAMBIGUOUS_EXECUTABLE_LINEAGE,MATCHED,usr/lib/systemd/system/dhcpcd.service,dhcpcd,1,2,,,,1
https://rspamd.com::upstream-unit::rspamd.service,https://rspamd.com,debian,rspamd,usr/lib/systemd/system/rspamd.service,rspamd.service,A,EXACT_UPSTREAM_UNIT_IDENTITY,MATCHED,/home/emrecan/github/ecylmz/unittrace/artifacts/full/roots/sources/debian/rspamd/3.12.1-1/rspamd-3.12.1/rspamd.service,rspamd,1,2,3.12.1-1,rspamd.service,8eb25a6315383def50c8fb65f089e648d6358c1b3f8af928319f09e9ae3844e9,1
https://rspamd.com::upstream-unit::rspamd.service,https://rspamd.com,ubuntu,rspamd,usr/lib/systemd/system/rspamd.service,rspamd.service,A,EXACT_UPSTREAM_UNIT_IDENTITY,MATCHED,/home/emrecan/github/ecylmz/unittrace/artifacts/full/roots/sources/ubuntu/rspamd/3.8.1-1.2ubuntu3/rspamd-3.8.1/rspamd.service,rspamd,1,2,3.8.1-1.2ubuntu3,rspamd.service,8eb25a6315383def50c8fb65f089e648d6358c1b3f8af928319f09e9ae3844e9,1
https://rsync.samba.org::upstream-unit::packaging/systemd/rsync.service,https://rsync.samba.org,arch,rsync,usr/lib/systemd/system/rsyncd.service,rsyncd.service,A,EXACT_UPSTREAM_UNIT_IDENTITY,MATCHED,/home/emrecan/github/ecylmz/unittrace/artifacts/full/roots/sources/arch/rsync/3.4.4-1/rsync-f26f747b8017b321d3776becc69f330dd889fa21/packaging/systemd/rsync.service,rsync,1,3,3.4.4-1,packaging/systemd/rsync.service,2e28030011f157a267bd85c101e6803ba14036844275680776fc81a905ebc4b3,1
https://rsync.samba.org::upstream-unit::packaging/systemd/rsync.service,https://rsync.samba.org,debian,rsync,usr/lib/systemd/system/rsync.service,rsync.service,A,EXACT_UPSTREAM_UNIT_IDENTITY,MATCHED,/home/emrecan/github/ecylmz/unittrace/artifacts/full/roots/sources/debian/rsync/3.4.1+ds1-5+deb13u4/rsync-3.4.1/packaging/systemd/rsync.service,rsync,1,3,3.4.1+ds1-5+deb13u4,packaging/systemd/rsync.service,2e28030011f157a267bd85c101e6803ba14036844275680776fc81a905ebc4b3,1
https://rsync.samba.org::upstream-unit::packaging/systemd/rsync.service,https://rsync.samba.org,ubuntu,rsync,usr/lib/systemd/system/rsync.service,rsync.service,A,EXACT_UPSTREAM_UNIT_IDENTITY,MATCHED,/home/emrecan/github/ecylmz/unittrace/artifacts/full/roots/sources/ubuntu/rsync/3.4.1+ds1-7/rsync-3.4.1/packaging/systemd/rsync.service,rsync,1,3,3.4.1+ds1-7,packaging/systemd/rsync.service,2e28030011f157a267bd85c101e6803ba14036844275680776fc81a905ebc4b3,1
https://salsa.debian.org/consolation-team/consolation::consolation,https://salsa.debian.org/consolation-team/consolation,debian,consolation,usr/lib/systemd/system/consolation.service,consolation.service,A,UNAMBIGUOUS_EXECUTABLE_LINEAGE,MATCHED,usr/lib/systemd/system/consolation.service,consolation,1,3,,,,1
https://salsa.debian.org/consolation-team/consolation::consolation,https://salsa.debian.org/consolation-team/consolation,fedora,consolation,usr/lib/systemd/system/consolation.service,consolation.service,A,UNAMBIGUOUS_EXECUTABLE_LINEAGE,MATCHED,usr/lib/systemd/system/consolation.service,consolation,1,3,,,,1
https://salsa.debian.org/consolation-team/consolation::consolation,https://salsa.debian.org/consolation-team/consolation,ubuntu,consolation,usr/lib/systemd/system/consolation.service,consolation.service,A,UNAMBIGUOUS_EXECUTABLE_LINEAGE,MATCHED,usr/lib/systemd/system/consolation.service,consolation,1,3,,,,1
https://savannah.nongnu.org/projects/hddtemp::hddtemp,https://savannah.nongnu.org/projects/hddtemp,arch,hddtemp,usr/lib/systemd/system/hddtemp.service,hddtemp.service,A,UNAMBIGUOUS_EXECUTABLE_LINEAGE,MATCHED,usr/lib/systemd/system/hddtemp.service,hddtemp,1,2,,,,1
https://savannah.nongnu.org/projects/hddtemp::hddtemp,https://savannah.nongnu.org/projects/hddtemp,fedora,hddtemp,usr/lib/systemd/system/hddtemp.service,hddtemp.service,A,UNAMBIGUOUS_EXECUTABLE_LINEAGE,MATCHED,usr/lib/systemd/system/hddtemp.service,hddtemp,1,2,,,,1
https://security.appspot.com/vsftpd.html::vsftpd,https://security.appspot.com/vsftpd.html,arch,vsftpd,usr/lib/systemd/system/vsftpd.service,vsftpd.service,A,UNAMBIGUOUS_EXECUTABLE_LINEAGE,MATCHED,usr/lib/systemd/system/vsftpd.service,vsftpd,1,2,,,,1
https://security.appspot.com/vsftpd.html::vsftpd,https://security.appspot.com/vsftpd.html,fedora,vsftpd,usr/lib/systemd/system/vsftpd.service,vsftpd.service,A,UNAMBIGUOUS_EXECUTABLE_LINEAGE,MATCHED,usr/lib/systemd/system/vsftpd.service,vsftpd,1,2,,,,1
https://slurm.schedmd.com::sackd,https://slurm.schedmd.com,debian,sackd,usr/lib/systemd/system/sackd.service,sackd.service,A,UNAMBIGUOUS_EXECUTABLE_LINEAGE,MATCHED,usr/lib/systemd/system/sackd.service,sackd,1,2,,,,1
https://slurm.schedmd.com::sackd,https://slurm.schedmd.com,ubuntu,sackd,usr/lib/systemd/system/sackd.service,sackd.service,A,UNAMBIGUOUS_EXECUTABLE_LINEAGE,MATCHED,usr/lib/systemd/system/sackd.service,sackd,1,2,,,,1
https://slurm.schedmd.com::slurmctld,https://slurm.schedmd.com,debian,slurmctld,usr/lib/systemd/system/slurmctld.service,slurmctld.service,A,UNAMBIGUOUS_EXECUTABLE_LINEAGE,MATCHED,usr/lib/systemd/system/slurmctld.service,slurmctld,1,3,,,,1
https://slurm.schedmd.com::slurmctld,https://slurm.schedmd.com,fedora,slurm-slurmctld,usr/lib/systemd/system/slurmctld.service,slurmctld.service,A,UNAMBIGUOUS_EXECUTABLE_LINEAGE,MATCHED,usr/lib/systemd/system/slurmctld.service,slurmctld,1,3,,,,1
https://slurm.schedmd.com::slurmctld,https://slurm.schedmd.com,ubuntu,slurmctld,usr/lib/systemd/system/slurmctld.service,slurmctld.service,A,UNAMBIGUOUS_EXECUTABLE_LINEAGE,MATCHED,usr/lib/systemd/system/slurmctld.service,slurmctld,1,3,,,,1
https://slurm.schedmd.com::slurmd,https://slurm.schedmd.com,debian,slurmd,usr/lib/systemd/system/slurmd.service,slurmd.service,A,UNAMBIGUOUS_EXECUTABLE_LINEAGE,MATCHED,usr/lib/systemd/system/slurmd.service,slurmd,1,3,,,,1
https://slurm.schedmd.com::slurmd,https://slurm.schedmd.com,fedora,slurm-slurmd,usr/lib/systemd/system/slurmd.service,slurmd.service,A,UNAMBIGUOUS_EXECUTABLE_LINEAGE,MATCHED,usr/lib/systemd/system/slurmd.service,slurmd,1,3,,,,1
https://slurm.schedmd.com::slurmd,https://slurm.schedmd.com,ubuntu,slurmd,usr/lib/systemd/system/slurmd.service,slurmd.service,A,UNAMBIGUOUS_EXECUTABLE_LINEAGE,MATCHED,usr/lib/systemd/system/slurmd.service,slurmd,1,3,,,,1
https://slurm.schedmd.com::slurmdbd,https://slurm.schedmd.com,debian,slurmdbd,usr/lib/systemd/system/slurmdbd.service,slurmdbd.service,A,UNAMBIGUOUS_EXECUTABLE_LINEAGE,MATCHED,usr/lib/systemd/system/slurmdbd.service,slurmdbd,1,3,,,,1
https://slurm.schedmd.com::slurmdbd,https://slurm.schedmd.com,fedora,slurm-slurmdbd,usr/lib/systemd/system/slurmdbd.service,slurmdbd.service,A,UNAMBIGUOUS_EXECUTABLE_LINEAGE,MATCHED,usr/lib/systemd/system/slurmdbd.service,slurmdbd,1,3,,,,1
https://slurm.schedmd.com::slurmdbd,https://slurm.schedmd.com,ubuntu,slurmdbd,usr/lib/systemd/system/slurmdbd.service,slurmdbd.service,A,UNAMBIGUOUS_EXECUTABLE_LINEAGE,MATCHED,usr/lib/systemd/system/slurmdbd.service,slurmdbd,1,3,,,,1
https://slurm.schedmd.com::slurmrestd,https://slurm.schedmd.com,debian,slurmrestd,usr/lib/systemd/system/slurmrestd.service,slurmrestd.service,A,UNAMBIGUOUS_EXECUTABLE_LINEAGE,MATCHED,usr/lib/systemd/system/slurmrestd.service,slurmrestd,1,3,,,,1
https://slurm.schedmd.com::slurmrestd,https://slurm.schedmd.com,fedora,slurm-slurmrestd,usr/lib/systemd/system/slurmrestd.service,slurmrestd.service,A,UNAMBIGUOUS_EXECUTABLE_LINEAGE,MATCHED,usr/lib/systemd/system/slurmrestd.service,slurmrestd,1,3,,,,1
https://slurm.schedmd.com::slurmrestd,https://slurm.schedmd.com,ubuntu,slurmrestd,usr/lib/systemd/system/slurmrestd.service,slurmrestd.service,A,UNAMBIGUOUS_EXECUTABLE_LINEAGE,MATCHED,usr/lib/systemd/system/slurmrestd.service,slurmrestd,1,3,,,,1
https://snapper.io::snapper,https://snapper.io,debian,snapper,usr/lib/systemd/system/snapper-boot.service,snapper-boot.service,A,UNAMBIGUOUS_EXECUTABLE_LINEAGE,MATCHED,usr/lib/systemd/system/snapper-boot.service,snapper,1,2,,,,1
https://snapper.io::snapper,https://snapper.io,ubuntu,snapper,usr/lib/systemd/system/snapper-boot.service,snapper-boot.service,A,UNAMBIGUOUS_EXECUTABLE_LINEAGE,MATCHED,usr/lib/systemd/system/snapper-boot.service,snapper,1,2,,,,1
https://snapper.io::snapperd,https://snapper.io,debian,snapper,usr/lib/systemd/system/snapperd.service,snapperd.service,A,UNAMBIGUOUS_EXECUTABLE_LINEAGE,MATCHED,usr/lib/systemd/system/snapperd.service,snapperd,1,2,,,,1
https://snapper.io::snapperd,https://snapper.io,ubuntu,snapper,usr/lib/systemd/system/snapperd.service,snapperd.service,A,UNAMBIGUOUS_EXECUTABLE_LINEAGE,MATCHED,usr/lib/systemd/system/snapperd.service,snapperd,1,2,,,,1
https://snapper.io::upstream-unit::data/backup.service,https://snapper.io,arch,snapper,usr/lib/systemd/system/snapper-backup.service,snapper-backup.service,A,EXACT_UPSTREAM_UNIT_IDENTITY,MATCHED,/home/emrecan/github/ecylmz/unittrace/artifacts/full/roots/sources/arch/snapper/0.13.1-2/snapper-8cfc33817b91dbf7194d7fd043dc378026d01db5/data/backup.service,snbk,1,2,0.13.1-2,data/backup.service,3d47a24de08f4e8da3d8866b9b9c2f378a34310e29236b36085220ab34d3ae6b,1
https://snapper.io::upstream-unit::data/backup.service,https://snapper.io,fedora,snapper-backup,usr/lib/systemd/system/snapper-backup.service,snapper-backup.service,A,EXACT_UPSTREAM_UNIT_IDENTITY,MATCHED,/home/emrecan/github/ecylmz/unittrace/artifacts/full/roots/sources/fedora/snapper/snapper-0.13.0-3.fc44.src.rpm/snapper-0.13.0/data/backup.service,snbk,1,2,snapper-0.13.0-3.fc44.src.rpm,data/backup.service,cb0e5514edda09e51fb40136e64f5c953c3e09e1b9f0c67957aba92cf8e1fcb4,1
https://snapper.io::upstream-unit::data/boot.service,https://snapper.io,arch,snapper,usr/lib/systemd/system/snapper-boot.service,snapper-boot.service,A,EXACT_UPSTREAM_UNIT_IDENTITY,MATCHED,/home/emrecan/github/ecylmz/unittrace/artifacts/full/roots/sources/arch/snapper/0.13.1-2/snapper-8cfc33817b91dbf7194d7fd043dc378026d01db5/data/boot.service,snapper,1,2,0.13.1-2,data/boot.service,b218b2ea7f34f8d6551d55fc52de210eacd8899761cf609bf70e721e418bbc6f,1
https://snapper.io::upstream-unit::data/boot.service,https://snapper.io,fedora,snapper,usr/lib/systemd/system/snapper-boot.service,snapper-boot.service,A,EXACT_UPSTREAM_UNIT_IDENTITY,MATCHED,/home/emrecan/github/ecylmz/unittrace/artifacts/full/roots/sources/fedora/snapper/snapper-0.13.0-3.fc44.src.rpm/snapper-0.13.0/data/boot.service,snapper,1,2,snapper-0.13.0-3.fc44.src.rpm,data/boot.service,b218b2ea7f34f8d6551d55fc52de210eacd8899761cf609bf70e721e418bbc6f,1
https://snapper.io::upstream-unit::data/cleanup.service,https://snapper.io,arch,snapper,usr/lib/systemd/system/snapper-cleanup.service,snapper-cleanup.service,A,EXACT_UPSTREAM_UNIT_IDENTITY,MATCHED,/home/emrecan/github/ecylmz/unittrace/artifacts/full/roots/sources/arch/snapper/0.13.1-2/snapper-8cfc33817b91dbf7194d7fd043dc378026d01db5/data/cleanup.service,systemd-helper,1,3,0.13.1-2,data/cleanup.service,8bca9d5a875e8b7ca2313c8d742abff6e1dcc74c4b5bb4d7a0283fe92ab02684,1
https://snapper.io::upstream-unit::data/cleanup.service,https://snapper.io,debian,snapper,usr/lib/systemd/system/snapper-cleanup.service,snapper-cleanup.service,A,EXACT_UPSTREAM_UNIT_IDENTITY,MATCHED,/home/emrecan/github/ecylmz/unittrace/artifacts/full/roots/sources/debian/snapper/0.10.6-1.2/snapper-0.10.6/data/cleanup.service,systemd-helper,1,3,0.10.6-1.2,data/cleanup.service,8bca9d5a875e8b7ca2313c8d742abff6e1dcc74c4b5bb4d7a0283fe92ab02684,1
https://snapper.io::upstream-unit::data/cleanup.service,https://snapper.io,ubuntu,snapper,usr/lib/systemd/system/snapper-cleanup.service,snapper-cleanup.service,A,EXACT_UPSTREAM_UNIT_IDENTITY,MATCHED,/home/emrecan/github/ecylmz/unittrace/artifacts/full/roots/sources/ubuntu/snapper/0.10.6-1.3/snapper-0.10.6/data/cleanup.service,systemd-helper,1,3,0.10.6-1.3,data/cleanup.service,8bca9d5a875e8b7ca2313c8d742abff6e1dcc74c4b5bb4d7a0283fe92ab02684,1
https://snapper.io::upstream-unit::data/snapperd.service,https://snapper.io,arch,snapper,usr/lib/systemd/system/snapperd.service,snapperd.service,A,EXACT_UPSTREAM_UNIT_IDENTITY,MATCHED,/home/emrecan/github/ecylmz/unittrace/artifacts/full/roots/sources/arch/snapper/0.13.1-2/snapper-8cfc33817b91dbf7194d7fd043dc378026d01db5/data/snapperd.service,snapperd,1,2,0.13.1-2,data/snapperd.service,20d019e8073af8be9642721a813bfe96ed24193506317e7b68b1b5ae1f5c43fc,1
https://snapper.io::upstream-unit::data/snapperd.service,https://snapper.io,fedora,snapper,usr/lib/systemd/system/snapperd.service,snapperd.service,A,EXACT_UPSTREAM_UNIT_IDENTITY,MATCHED,/home/emrecan/github/ecylmz/unittrace/artifacts/full/roots/sources/fedora/snapper/snapper-0.13.0-3.fc44.src.rpm/snapper-0.13.0/data/snapperd.service,snapperd,1,2,snapper-0.13.0-3.fc44.src.rpm,data/snapperd.service,20d019e8073af8be9642721a813bfe96ed24193506317e7b68b1b5ae1f5c43fc,1
https://snapper.io::upstream-unit::data/timeline.service,https://snapper.io,arch,snapper,usr/lib/systemd/system/snapper-timeline.service,snapper-timeline.service,A,EXACT_UPSTREAM_UNIT_IDENTITY,MATCHED,/home/emrecan/github/ecylmz/unittrace/artifacts/full/roots/sources/arch/snapper/0.13.1-2/snapper-8cfc33817b91dbf7194d7fd043dc378026d01db5/data/timeline.service,systemd-helper,1,3,0.13.1-2,data/timeline.service,0983e39478930b5c014beed46eb120e2da05253d48c24825e0be6cadcd1ea116,1
https://snapper.io::upstream-unit::data/timeline.service,https://snapper.io,debian,snapper,usr/lib/systemd/system/snapper-timeline.service,snapper-timeline.service,A,EXACT_UPSTREAM_UNIT_IDENTITY,MATCHED,/home/emrecan/github/ecylmz/unittrace/artifacts/full/roots/sources/debian/snapper/0.10.6-1.2/snapper-0.10.6/data/timeline.service,systemd-helper,1,3,0.10.6-1.2,data/timeline.service,0983e39478930b5c014beed46eb120e2da05253d48c24825e0be6cadcd1ea116,1
https://snapper.io::upstream-unit::data/timeline.service,https://snapper.io,ubuntu,snapper,usr/lib/systemd/system/snapper-timeline.service,snapper-timeline.service,A,EXACT_UPSTREAM_UNIT_IDENTITY,MATCHED,/home/emrecan/github/ecylmz/unittrace/artifacts/full/roots/sources/ubuntu/snapper/0.10.6-1.3/snapper-0.10.6/data/timeline.service,systemd-helper,1,3,0.10.6-1.3,data/timeline.service,0983e39478930b5c014beed46eb120e2da05253d48c24825e0be6cadcd1ea116,1
https://soju.im::soju,https://soju.im,arch,soju,usr/lib/systemd/system/soju.service,soju.service,A,UNAMBIGUOUS_EXECUTABLE_LINEAGE,MATCHED,usr/lib/systemd/system/soju.service,soju,1,3,,,,1
https://soju.im::soju,https://soju.im,debian,soju,usr/lib/systemd/system/soju.service,soju.service,A,UNAMBIGUOUS_EXECUTABLE_LINEAGE,MATCHED,usr/lib/systemd/system/soju.service,soju,1,3,,,,1
https://soju.im::soju,https://soju.im,ubuntu,soju,usr/lib/systemd/system/soju.service,soju.service,A,UNAMBIGUOUS_EXECUTABLE_LINEAGE,MATCHED,usr/lib/systemd/system/soju.service,soju,1,3,,,,1
https://sourceforge.net/projects/acpid2::acpid,https://sourceforge.net/projects/acpid2,arch,acpid,usr/lib/systemd/system/acpid.service,acpid.service,A,UNAMBIGUOUS_EXECUTABLE_LINEAGE,MATCHED,usr/lib/systemd/system/acpid.service,acpid,1,4,,,,1
https://sourceforge.net/projects/acpid2::acpid,https://sourceforge.net/projects/acpid2,debian,acpid,usr/lib/systemd/system/acpid.service,acpid.service,A,UNAMBIGUOUS_EXECUTABLE_LINEAGE,MATCHED,usr/lib/systemd/system/acpid.service,acpid,1,4,,,,1
https://sourceforge.net/projects/acpid2::acpid,https://sourceforge.net/projects/acpid2,fedora,acpid,usr/lib/systemd/system/acpid.service,acpid.service,A,UNAMBIGUOUS_EXECUTABLE_LINEAGE,MATCHED,usr/lib/systemd/system/acpid.service,acpid,1,4,,,,1
https://sourceforge.net/projects/acpid2::acpid,https://sourceforge.net/projects/acpid2,ubuntu,acpid,usr/lib/systemd/system/acpid.service,acpid.service,A,UNAMBIGUOUS_EXECUTABLE_LINEAGE,MATCHED,usr/lib/systemd/system/acpid.service,acpid,1,4,,,,1
https://sourceforge.net/projects/atftp::in.tftpd,https://sourceforge.net/projects/atftp,debian,atftpd,usr/lib/systemd/system/atftpd.service,atftpd.service,A,UNAMBIGUOUS_EXECUTABLE_LINEAGE,MATCHED,usr/lib/systemd/system/atftpd.service,in.tftpd,1,2,,,,1
https://sourceforge.net/projects/atftp::in.tftpd,https://sourceforge.net/projects/atftp,ubuntu,atftpd,usr/lib/systemd/system/atftpd.service,atftpd.service,A,UNAMBIGUOUS_EXECUTABLE_LINEAGE,MATCHED,usr/lib/systemd/system/atftpd.service,in.tftpd,1,2,,,,1
https://sourceforge.net/projects/dict::dictd,https://sourceforge.net/projects/dict,arch,dictd,usr/lib/systemd/system/dictd.service,dictd.service,A,UNAMBIGUOUS_EXECUTABLE_LINEAGE,MATCHED,usr/lib/systemd/system/dictd.service,dictd,1,2,,,,1
https://sourceforge.net/projects/dict::dictd,https://sourceforge.net/projects/dict,ubuntu,dictd,usr/lib/systemd/system/dictd.service,dictd.service,A,UNAMBIGUOUS_EXECUTABLE_LINEAGE,MATCHED,usr/lib/systemd/system/dictd.service,dictd,1,2,,,,1
https://sourceforge.net/projects/linuxquota::quota-initial-check.sh,https://sourceforge.net/projects/linuxquota,debian,quota,usr/lib/systemd/system/quota.service,quota.service,A,UNAMBIGUOUS_EXECUTABLE_LINEAGE,MATCHED,usr/lib/systemd/system/quota.service,quota-initial-check.sh,1,2,,,,1
https://sourceforge.net/projects/linuxquota::quota-initial-check.sh,https://sourceforge.net/projects/linuxquota,ubuntu,quota,usr/lib/systemd/system/quota.service,quota.service,A,UNAMBIGUOUS_EXECUTABLE_LINEAGE,MATCHED,usr/lib/systemd/system/quota.service,quota-initial-check.sh,1,2,,,,1
https://sourceforge.net/projects/linuxquota::quotarpc.sh,https://sourceforge.net/projects/linuxquota,debian,quota,usr/lib/systemd/system/quotarpc.service,quotarpc.service,A,UNAMBIGUOUS_EXECUTABLE_LINEAGE,MATCHED,usr/lib/systemd/system/quotarpc.service,quotarpc.sh,1,2,,,,1
https://sourceforge.net/projects/linuxquota::quotarpc.sh,https://sourceforge.net/projects/linuxquota,ubuntu,quota,usr/lib/systemd/system/quotarpc.service,quotarpc.service,A,UNAMBIGUOUS_EXECUTABLE_LINEAGE,MATCHED,usr/lib/systemd/system/quotarpc.service,quotarpc.sh,1,2,,,,1
https://sourceforge.net/projects/minidlna::minidlnad,https://sourceforge.net/projects/minidlna,arch,minidlna,usr/lib/systemd/system/minidlna.service,minidlna.service,A,UNAMBIGUOUS_EXECUTABLE_LINEAGE,MATCHED,usr/lib/systemd/system/minidlna.service,minidlnad,1,4,,,,1
https://sourceforge.net/projects/minidlna::minidlnad,https://sourceforge.net/projects/minidlna,debian,minidlna,usr/lib/systemd/system/minidlna.service,minidlna.service,A,UNAMBIGUOUS_EXECUTABLE_LINEAGE,MATCHED,usr/lib/systemd/system/minidlna.service,minidlnad,1,4,,,,1
https://sourceforge.net/projects/minidlna::minidlnad,https://sourceforge.net/projects/minidlna,fedora,minidlna,usr/lib/systemd/system/minidlna.service,minidlna.service,A,UNAMBIGUOUS_EXECUTABLE_LINEAGE,MATCHED,usr/lib/systemd/system/minidlna.service,minidlnad,1,4,,,,1
https://sourceforge.net/projects/minidlna::minidlnad,https://sourceforge.net/projects/minidlna,ubuntu,minidlna,usr/lib/systemd/system/minidlna.service,minidlna.service,A,UNAMBIGUOUS_EXECUTABLE_LINEAGE,MATCHED,usr/lib/systemd/system/minidlna.service,minidlnad,1,4,,,,1
https://sourceforge.net/projects/rpcbind::rpcbind,https://sourceforge.net/projects/rpcbind,debian,rpcbind,usr/lib/systemd/system/rpcbind.service,rpcbind.service,A,UNAMBIGUOUS_EXECUTABLE_LINEAGE,MATCHED,usr/lib/systemd/system/rpcbind.service,rpcbind,1,3,,,,1
https://sourceforge.net/projects/rpcbind::rpcbind,https://sourceforge.net/projects/rpcbind,fedora,rpcbind,usr/lib/systemd/system/rpcbind.service,rpcbind.service,A,UNAMBIGUOUS_EXECUTABLE_LINEAGE,MATCHED,usr/lib/systemd/system/rpcbind.service,rpcbind,1,3,,,,1
https://sourceforge.net/projects/rpcbind::rpcbind,https://sourceforge.net/projects/rpcbind,ubuntu,rpcbind,usr/lib/systemd/system/rpcbind.service,rpcbind.service,A,UNAMBIGUOUS_EXECUTABLE_LINEAGE,MATCHED,usr/lib/systemd/system/rpcbind.service,rpcbind,1,3,,,,1
https://sourceforge.net/projects/slim-fork::slim,https://sourceforge.net/projects/slim-fork,debian,slim,usr/lib/systemd/system/slim.service,slim.service,A,UNAMBIGUOUS_EXECUTABLE_LINEAGE,MATCHED,usr/lib/systemd/system/slim.service,slim,1,3,,,,1
https://sourceforge.net/projects/slim-fork::slim,https://sourceforge.net/projects/slim-fork,fedora,slim,usr/lib/systemd/system/slim.service,slim.service,A,UNAMBIGUOUS_EXECUTABLE_LINEAGE,MATCHED,usr/lib/systemd/system/slim.service,slim,1,3,,,,1
https://sourceforge.net/projects/slim-fork::slim,https://sourceforge.net/projects/slim-fork,ubuntu,slim,usr/lib/systemd/system/slim.service,slim.service,A,UNAMBIGUOUS_EXECUTABLE_LINEAGE,MATCHED,usr/lib/systemd/system/slim.service,slim,1,3,,,,1
https://sourceware.org/lvm2::dmeventd,https://sourceware.org/lvm2,debian,dmeventd,usr/lib/systemd/system/dm-event.service,dm-event.service,A,UNAMBIGUOUS_EXECUTABLE_LINEAGE,MATCHED,usr/lib/systemd/system/dm-event.service,dmeventd,1,3,,,,1
https://sourceware.org/lvm2::dmeventd,https://sourceware.org/lvm2,fedora,device-mapper-event,usr/lib/systemd/system/dm-event.service,dm-event.service,A,UNAMBIGUOUS_EXECUTABLE_LINEAGE,MATCHED,usr/lib/systemd/system/dm-event.service,dmeventd,1,3,,,,1
https://sourceware.org/lvm2::dmeventd,https://sourceware.org/lvm2,ubuntu,dmeventd,usr/lib/systemd/system/dm-event.service,dm-event.service,A,UNAMBIGUOUS_EXECUTABLE_LINEAGE,MATCHED,usr/lib/systemd/system/dm-event.service,dmeventd,1,3,,,,1
https://sourceware.org/lvm2::lvm,https://sourceware.org/lvm2,arch,lvm2,usr/lib/systemd/system/lvm2-monitor.service,lvm2-monitor.service,UNRESOLVED,UNAMBIGUOUS_EXECUTABLE_LINEAGE,SERVICE_LINEAGE_AMBIGUOUS,usr/lib/systemd/system/lvm2-monitor.service,lvm,1,4,,,,1
https://sourceware.org/lvm2::lvm,https://sourceware.org/lvm2,debian,lvm2,usr/lib/systemd/system/lvm2-monitor.service,lvm2-monitor.service,UNRESOLVED,UNAMBIGUOUS_EXECUTABLE_LINEAGE,SERVICE_LINEAGE_AMBIGUOUS,usr/lib/systemd/system/lvm2-monitor.service,lvm,2,4,,,,2
https://sourceware.org/lvm2::lvm,https://sourceware.org/lvm2,debian,lvm2-lockd,usr/lib/systemd/system/lvmlocks.service,lvmlocks.service,UNRESOLVED,UNAMBIGUOUS_EXECUTABLE_LINEAGE,SERVICE_LINEAGE_AMBIGUOUS,usr/lib/systemd/system/lvmlocks.service,lvm,2,4,,,,2
https://sourceware.org/lvm2::lvm,https://sourceware.org/lvm2,fedora,lvm2,usr/lib/systemd/system/lvm2-monitor.service,lvm2-monitor.service,UNRESOLVED,UNAMBIGUOUS_EXECUTABLE_LINEAGE,SERVICE_LINEAGE_AMBIGUOUS,usr/lib/systemd/system/lvm2-monitor.service,lvm,2,4,,,,2
https://sourceware.org/lvm2::lvm,https://sourceware.org/lvm2,fedora,lvm2-lockd,usr/lib/systemd/system/lvmlocks.service,lvmlocks.service,UNRESOLVED,UNAMBIGUOUS_EXECUTABLE_LINEAGE,SERVICE_LINEAGE_AMBIGUOUS,usr/lib/systemd/system/lvmlocks.service,lvm,2,4,,,,2
https://sourceware.org/lvm2::lvm,https://sourceware.org/lvm2,ubuntu,lvm2,usr/lib/systemd/system/lvm2-monitor.service,lvm2-monitor.service,UNRESOLVED,UNAMBIGUOUS_EXECUTABLE_LINEAGE,SERVICE_LINEAGE_AMBIGUOUS,usr/lib/systemd/system/lvm2-monitor.service,lvm,2,4,,,,2
https://sourceware.org/lvm2::lvm,https://sourceware.org/lvm2,ubuntu,lvm2-lockd,usr/lib/systemd/system/lvmlocks.service,lvmlocks.service,UNRESOLVED,UNAMBIGUOUS_EXECUTABLE_LINEAGE,SERVICE_LINEAGE_AMBIGUOUS,usr/lib/systemd/system/lvmlocks.service,lvm,2,4,,,,2
https://sourceware.org/lvm2::lvmdbusd,https://sourceware.org/lvm2,fedora,lvm2-dbusd,usr/lib/systemd/system/lvm2-lvmdbusd.service,lvm2-lvmdbusd.service,A,UNAMBIGUOUS_EXECUTABLE_LINEAGE,MATCHED,usr/lib/systemd/system/lvm2-lvmdbusd.service,lvmdbusd,1,2,,,,1
https://sourceware.org/lvm2::lvmdbusd,https://sourceware.org/lvm2,ubuntu,lvm2-dbusd,usr/lib/systemd/system/lvm2-lvmdbusd.service,lvm2-lvmdbusd.service,A,UNAMBIGUOUS_EXECUTABLE_LINEAGE,MATCHED,usr/lib/systemd/system/lvm2-lvmdbusd.service,lvmdbusd,1,2,,,,1
https://sourceware.org/lvm2::lvmlockd,https://sourceware.org/lvm2,debian,lvm2-lockd,usr/lib/systemd/system/lvmlockd.service,lvmlockd.service,A,UNAMBIGUOUS_EXECUTABLE_LINEAGE,MATCHED,usr/lib/systemd/system/lvmlockd.service,lvmlockd,1,3,,,,1
https://sourceware.org/lvm2::lvmlockd,https://sourceware.org/lvm2,fedora,lvm2-lockd,usr/lib/systemd/system/lvmlockd.service,lvmlockd.service,A,UNAMBIGUOUS_EXECUTABLE_LINEAGE,MATCHED,usr/lib/systemd/system/lvmlockd.service,lvmlockd,1,3,,,,1
https://sourceware.org/lvm2::lvmlockd,https://sourceware.org/lvm2,ubuntu,lvm2-lockd,usr/lib/systemd/system/lvmlockd.service,lvmlockd.service,A,UNAMBIGUOUS_EXECUTABLE_LINEAGE,MATCHED,usr/lib/systemd/system/lvmlockd.service,lvmlockd,1,3,,,,1
https://sourceware.org/lvm2::lvmpolld,https://sourceware.org/lvm2,arch,lvm2,usr/lib/systemd/system/lvm2-lvmpolld.service,lvm2-lvmpolld.service,A,UNAMBIGUOUS_EXECUTABLE_LINEAGE,MATCHED,usr/lib/systemd/system/lvm2-lvmpolld.service,lvmpolld,1,4,,,,1
https://sourceware.org/lvm2::lvmpolld,https://sourceware.org/lvm2,debian,lvm2,usr/lib/systemd/system/lvm2-lvmpolld.service,lvm2-lvmpolld.service,A,UNAMBIGUOUS_EXECUTABLE_LINEAGE,MATCHED,usr/lib/systemd/system/lvm2-lvmpolld.service,lvmpolld,1,4,,,,1
https://sourceware.org/lvm2::lvmpolld,https://sourceware.org/lvm2,fedora,lvm2,usr/lib/systemd/system/lvm2-lvmpolld.service,lvm2-lvmpolld.service,A,UNAMBIGUOUS_EXECUTABLE_LINEAGE,MATCHED,usr/lib/systemd/system/lvm2-lvmpolld.service,lvmpolld,1,4,,,,1
https://sourceware.org/lvm2::lvmpolld,https://sourceware.org/lvm2,ubuntu,lvm2,usr/lib/systemd/system/lvm2-lvmpolld.service,lvm2-lvmpolld.service,A,UNAMBIGUOUS_EXECUTABLE_LINEAGE,MATCHED,usr/lib/systemd/system/lvm2-lvmpolld.service,lvmpolld,1,4,,,,1
https://sourceware.org/lvm2::true,https://sourceware.org/lvm2,arch,lvm2,usr/lib/systemd/system/blk-availability.service,blk-availability.service,A,UNAMBIGUOUS_EXECUTABLE_LINEAGE,MATCHED,usr/lib/systemd/system/blk-availability.service,true,1,4,,,,1
https://sourceware.org/lvm2::true,https://sourceware.org/lvm2,debian,lvm2,usr/lib/systemd/system/blk-availability.service,blk-availability.service,A,UNAMBIGUOUS_EXECUTABLE_LINEAGE,MATCHED,usr/lib/systemd/system/blk-availability.service,true,1,4,,,,1
https://sourceware.org/lvm2::true,https://sourceware.org/lvm2,fedora,lvm2,usr/lib/systemd/system/blk-availability.service,blk-availability.service,A,UNAMBIGUOUS_EXECUTABLE_LINEAGE,MATCHED,usr/lib/systemd/system/blk-availability.service,true,1,4,,,,1
https://sourceware.org/lvm2::true,https://sourceware.org/lvm2,ubuntu,lvm2,usr/lib/systemd/system/blk-availability.service,blk-availability.service,A,UNAMBIGUOUS_EXECUTABLE_LINEAGE,MATCHED,usr/lib/systemd/system/blk-availability.service,true,1,4,,,,1
https://sourceware.org/lvm2::upstream-unit::scripts/lvm-devices-import.service,https://sourceware.org/lvm2,arch,lvm2,usr/lib/systemd/system/lvm-devices-import.service,lvm-devices-import.service,A,EXACT_UPSTREAM_UNIT_IDENTITY,MATCHED,/home/emrecan/github/ecylmz/unittrace/artifacts/full/roots/sources/arch/lvm2/2.03.42-1/lvm2-56bef2d3430fcc5d5b00f64c099251ea824ad16f/scripts/lvm-devices-import.service,vgimportdevices,1,2,2.03.42-1,scripts/lvm-devices-import.service,3577115e5c633f984678afad57bd4e548cda128684ee9a7aca8c72cc49f98cae,1
https://sourceware.org/lvm2::upstream-unit::scripts/lvm-devices-import.service,https://sourceware.org/lvm2,fedora,lvm2,usr/lib/systemd/system/lvm-devices-import.service,lvm-devices-import.service,A,EXACT_UPSTREAM_UNIT_IDENTITY,MATCHED,/home/emrecan/github/ecylmz/unittrace/artifacts/full/roots/sources/fedora/lvm2/lvm2-2.03.38-2.fc44.src.rpm/LVM2.2.03.38/scripts/lvm-devices-import.service,vgimportdevices,1,2,lvm2-2.03.38-2.fc44.src.rpm,scripts/lvm-devices-import.service,3577115e5c633f984678afad57bd4e548cda128684ee9a7aca8c72cc49f98cae,1
https://sourceware.org/systemtap::upstream-unit::stap-exporter/stap-exporter.service,https://sourceware.org/systemtap,arch,systemtap,usr/lib/systemd/system/stap-exporter.service,stap-exporter.service,A,EXACT_UPSTREAM_UNIT_IDENTITY,MATCHED,/home/emrecan/github/ecylmz/unittrace/artifacts/full/roots/sources/arch/systemtap/5.5-1/systemtap-5.5/stap-exporter/stap-exporter.service,stap-exporter,1,2,5.5-1,stap-exporter/stap-exporter.service,d323f26b6dfde86e2953aacf4489f07ae0dd702dd62ba40634df0391205c2102,1
https://sourceware.org/systemtap::upstream-unit::stap-exporter/stap-exporter.service,https://sourceware.org/systemtap,fedora,systemtap-exporter,usr/lib/systemd/system/stap-exporter.service,stap-exporter.service,A,EXACT_UPSTREAM_UNIT_IDENTITY,MATCHED,/home/emrecan/github/ecylmz/unittrace/artifacts/full/roots/sources/fedora/systemtap/systemtap-5.5-1.fc44.src.rpm/systemtap-5.5/stap-exporter/stap-exporter.service,stap-exporter,1,2,systemtap-5.5-1.fc44.src.rpm,stap-exporter/stap-exporter.service,d323f26b6dfde86e2953aacf4489f07ae0dd702dd62ba40634df0391205c2102,1
https://spacenav.sourceforge.net::spacenavd,https://spacenav.sourceforge.net,debian,spacenavd,usr/lib/systemd/system/spacenavd.service,spacenavd.service,A,UNAMBIGUOUS_EXECUTABLE_LINEAGE,MATCHED,usr/lib/systemd/system/spacenavd.service,spacenavd,1,3,,,,1
https://spacenav.sourceforge.net::spacenavd,https://spacenav.sourceforge.net,fedora,spacenavd,usr/lib/systemd/system/spacenavd.service,spacenavd.service,A,UNAMBIGUOUS_EXECUTABLE_LINEAGE,MATCHED,usr/lib/systemd/system/spacenavd.service,spacenavd,1,3,,,,1
https://spacenav.sourceforge.net::spacenavd,https://spacenav.sourceforge.net,ubuntu,spacenavd,usr/lib/systemd/system/spacenavd.service,spacenavd.service,A,UNAMBIGUOUS_EXECUTABLE_LINEAGE,MATCHED,usr/lib/systemd/system/spacenavd.service,spacenavd,1,3,,,,1
https://spamassassin.apache.org::spamd,https://spamassassin.apache.org,arch,spamassassin,usr/lib/systemd/system/spamassassin.service,spamassassin.service,A,UNAMBIGUOUS_EXECUTABLE_LINEAGE,MATCHED,usr/lib/systemd/system/spamassassin.service,spamd,1,2,,,,1
https://spamassassin.apache.org::spamd,https://spamassassin.apache.org,fedora,spamassassin,usr/lib/systemd/system/spamassassin.service,spamassassin.service,A,UNAMBIGUOUS_EXECUTABLE_LINEAGE,MATCHED,usr/lib/systemd/system/spamassassin.service,spamd,1,2,,,,1
https://sqlgrey.sourceforge.net::sqlgrey,https://sqlgrey.sourceforge.net,fedora,sqlgrey,usr/lib/systemd/system/sqlgrey.service,sqlgrey.service,A,UNAMBIGUOUS_EXECUTABLE_LINEAGE,MATCHED,usr/lib/systemd/system/sqlgrey.service,sqlgrey,1,2,,,,1
https://sqlgrey.sourceforge.net::sqlgrey,https://sqlgrey.sourceforge.net,ubuntu,sqlgrey,usr/lib/systemd/system/sqlgrey.service,sqlgrey.service,A,UNAMBIGUOUS_EXECUTABLE_LINEAGE,MATCHED,usr/lib/systemd/system/sqlgrey.service,sqlgrey,1,2,,,,1
https://sr.ht/~kennylevinsen/seatd::seatd,https://sr.ht/~kennylevinsen/seatd,debian,seatd,usr/lib/systemd/system/seatd.service,seatd.service,A,UNAMBIGUOUS_EXECUTABLE_LINEAGE,MATCHED,usr/lib/systemd/system/seatd.service,seatd,1,2,,,,1
https://sr.ht/~kennylevinsen/seatd::seatd,https://sr.ht/~kennylevinsen/seatd,ubuntu,seatd,usr/lib/systemd/system/seatd.service,seatd.service,A,UNAMBIGUOUS_EXECUTABLE_LINEAGE,MATCHED,usr/lib/systemd/system/seatd.service,seatd,1,2,,,,1
https://sr.ht/~kennylevinsen/seatd::upstream-unit::contrib/systemd/seatd.service,https://sr.ht/~kennylevinsen/seatd,arch,seatd,usr/lib/systemd/system/seatd.service,seatd.service,A,EXACT_UPSTREAM_UNIT_IDENTITY,MATCHED,/home/emrecan/github/ecylmz/unittrace/artifacts/full/roots/sources/arch/seatd/0.9.3-1/seatd-0.9.3/contrib/systemd/seatd.service,seatd,1,2,0.9.3-1,contrib/systemd/seatd.service,0cf3d4722b7a85bf1d026342e52b600d03ea794d8e0faca8a7be269ab2f2edc9,1
https://sr.ht/~kennylevinsen/seatd::upstream-unit::contrib/systemd/seatd.service,https://sr.ht/~kennylevinsen/seatd,fedora,seatd,usr/lib/systemd/system/seatd.service,seatd.service,A,EXACT_UPSTREAM_UNIT_IDENTITY,MATCHED,/home/emrecan/github/ecylmz/unittrace/artifacts/full/roots/sources/fedora/seatd/seatd-0.9.3-1.fc44.src.rpm/seatd-0.9.3/contrib/systemd/seatd.service,seatd,1,2,seatd-0.9.3-1.fc44.src.rpm,contrib/systemd/seatd.service,0cf3d4722b7a85bf1d026342e52b600d03ea794d8e0faca8a7be269ab2f2edc9,1
https://subversion.apache.org::svnserve,https://subversion.apache.org,arch,subversion,usr/lib/systemd/system/svnserve.service,svnserve.service,A,UNAMBIGUOUS_EXECUTABLE_LINEAGE,MATCHED,usr/lib/systemd/system/svnserve.service,svnserve,1,2,,,,1
https://subversion.apache.org::svnserve,https://subversion.apache.org,fedora,subversion,usr/lib/systemd/system/svnserve.service,svnserve.service,A,UNAMBIGUOUS_EXECUTABLE_LINEAGE,MATCHED,usr/lib/systemd/system/svnserve.service,svnserve,1,2,,,,1
https://supervisord.org::supervisord,https://supervisord.org,arch,supervisor,usr/lib/systemd/system/supervisord.service,supervisord.service,A,UNAMBIGUOUS_EXECUTABLE_LINEAGE,MATCHED,usr/lib/systemd/system/supervisord.service,supervisord,1,3,,,,1
https://supervisord.org::supervisord,https://supervisord.org,fedora,supervisor,usr/lib/systemd/system/supervisord.service,supervisord.service,A,UNAMBIGUOUS_EXECUTABLE_LINEAGE,MATCHED,usr/lib/systemd/system/supervisord.service,supervisord,1,3,,,,1
https://supervisord.org::supervisord,https://supervisord.org,ubuntu,supervisor,usr/lib/systemd/system/supervisor.service,supervisor.service,A,UNAMBIGUOUS_EXECUTABLE_LINEAGE,MATCHED,usr/lib/systemd/system/supervisor.service,supervisord,1,3,,,,1
https://suricata.io::suricata,https://suricata.io,debian,suricata,usr/lib/systemd/system/suricata.service,suricata.service,A,UNAMBIGUOUS_EXECUTABLE_LINEAGE,MATCHED,usr/lib/systemd/system/suricata.service,suricata,1,3,,,,1
https://suricata.io::suricata,https://suricata.io,fedora,suricata,usr/lib/systemd/system/suricata.service,suricata.service,A,UNAMBIGUOUS_EXECUTABLE_LINEAGE,MATCHED,usr/lib/systemd/system/suricata.service,suricata,1,3,,,,1
https://suricata.io::suricata,https://suricata.io,ubuntu,suricata,usr/lib/systemd/system/suricata.service,suricata.service,A,UNAMBIGUOUS_EXECUTABLE_LINEAGE,MATCHED,usr/lib/systemd/system/suricata.service,suricata,1,3,,,,1
https://sysstat.github.io::sa1,https://sysstat.github.io,arch,sysstat,usr/lib/systemd/system/sysstat-collect.service,sysstat-collect.service,UNRESOLVED,UNAMBIGUOUS_EXECUTABLE_LINEAGE,SERVICE_LINEAGE_AMBIGUOUS,usr/lib/systemd/system/sysstat-collect.service,sa1,3,4,,,,3
https://sysstat.github.io::sa1,https://sysstat.github.io,arch,sysstat,usr/lib/systemd/system/sysstat-rotate.service,sysstat-rotate.service,UNRESOLVED,UNAMBIGUOUS_EXECUTABLE_LINEAGE,SERVICE_LINEAGE_AMBIGUOUS,usr/lib/systemd/system/sysstat-rotate.service,sa1,3,4,,,,3
https://sysstat.github.io::sa1,https://sysstat.github.io,arch,sysstat,usr/lib/systemd/system/sysstat.service,sysstat.service,UNRESOLVED,UNAMBIGUOUS_EXECUTABLE_LINEAGE,SERVICE_LINEAGE_AMBIGUOUS,usr/lib/systemd/system/sysstat.service,sa1,3,4,,,,3
https://sysstat.github.io::sa1,https://sysstat.github.io,debian,sysstat,usr/lib/systemd/system/sysstat-collect.service,sysstat-collect.service,UNRESOLVED,UNAMBIGUOUS_EXECUTABLE_LINEAGE,SERVICE_LINEAGE_AMBIGUOUS,usr/lib/systemd/system/sysstat-collect.service,sa1,3,4,,,,3
https://sysstat.github.io::sa1,https://sysstat.github.io,debian,sysstat,usr/lib/systemd/system/sysstat-rotate.service,sysstat-rotate.service,UNRESOLVED,UNAMBIGUOUS_EXECUTABLE_LINEAGE,SERVICE_LINEAGE_AMBIGUOUS,usr/lib/systemd/system/sysstat-rotate.service,sa1,3,4,,,,3
https://sysstat.github.io::sa1,https://sysstat.github.io,debian,sysstat,usr/lib/systemd/system/sysstat.service,sysstat.service,UNRESOLVED,UNAMBIGUOUS_EXECUTABLE_LINEAGE,SERVICE_LINEAGE_AMBIGUOUS,usr/lib/systemd/system/sysstat.service,sa1,3,4,,,,3
https://sysstat.github.io::sa1,https://sysstat.github.io,fedora,sysstat,usr/lib/systemd/system/sysstat-collect.service,sysstat-collect.service,UNRESOLVED,UNAMBIGUOUS_EXECUTABLE_LINEAGE,SERVICE_LINEAGE_AMBIGUOUS,usr/lib/systemd/system/sysstat-collect.service,sa1,3,4,,,,3
https://sysstat.github.io::sa1,https://sysstat.github.io,fedora,sysstat,usr/lib/systemd/system/sysstat-rotate.service,sysstat-rotate.service,UNRESOLVED,UNAMBIGUOUS_EXECUTABLE_LINEAGE,SERVICE_LINEAGE_AMBIGUOUS,usr/lib/systemd/system/sysstat-rotate.service,sa1,3,4,,,,3
https://sysstat.github.io::sa1,https://sysstat.github.io,fedora,sysstat,usr/lib/systemd/system/sysstat.service,sysstat.service,UNRESOLVED,UNAMBIGUOUS_EXECUTABLE_LINEAGE,SERVICE_LINEAGE_AMBIGUOUS,usr/lib/systemd/system/sysstat.service,sa1,3,4,,,,3
https://sysstat.github.io::sa1,https://sysstat.github.io,ubuntu,sysstat,usr/lib/systemd/system/sysstat-collect.service,sysstat-collect.service,UNRESOLVED,UNAMBIGUOUS_EXECUTABLE_LINEAGE,SERVICE_LINEAGE_AMBIGUOUS,usr/lib/systemd/system/sysstat-collect.service,sa1,3,4,,,,3
https://sysstat.github.io::sa1,https://sysstat.github.io,ubuntu,sysstat,usr/lib/systemd/system/sysstat-rotate.service,sysstat-rotate.service,UNRESOLVED,UNAMBIGUOUS_EXECUTABLE_LINEAGE,SERVICE_LINEAGE_AMBIGUOUS,usr/lib/systemd/system/sysstat-rotate.service,sa1,3,4,,,,3
https://sysstat.github.io::sa1,https://sysstat.github.io,ubuntu,sysstat,usr/lib/systemd/system/sysstat.service,sysstat.service,UNRESOLVED,UNAMBIGUOUS_EXECUTABLE_LINEAGE,SERVICE_LINEAGE_AMBIGUOUS,usr/lib/systemd/system/sysstat.service,sa1,3,4,,,,3
https://sysstat.github.io::sa2,https://sysstat.github.io,arch,sysstat,usr/lib/systemd/system/sysstat-summary.service,sysstat-summary.service,A,UNAMBIGUOUS_EXECUTABLE_LINEAGE,MATCHED,usr/lib/systemd/system/sysstat-summary.service,sa2,1,4,,,,1
https://sysstat.github.io::sa2,https://sysstat.github.io,debian,sysstat,usr/lib/systemd/system/sysstat-summary.service,sysstat-summary.service,A,UNAMBIGUOUS_EXECUTABLE_LINEAGE,MATCHED,usr/lib/systemd/system/sysstat-summary.service,sa2,1,4,,,,1
https://sysstat.github.io::sa2,https://sysstat.github.io,fedora,sysstat,usr/lib/systemd/system/sysstat-summary.service,sysstat-summary.service,A,UNAMBIGUOUS_EXECUTABLE_LINEAGE,MATCHED,usr/lib/systemd/system/sysstat-summary.service,sa2,1,4,,,,1
https://sysstat.github.io::sa2,https://sysstat.github.io,ubuntu,sysstat,usr/lib/systemd/system/sysstat-summary.service,sysstat-summary.service,A,UNAMBIGUOUS_EXECUTABLE_LINEAGE,MATCHED,usr/lib/systemd/system/sysstat-summary.service,sa2,1,4,,,,1
https://systemd.io::agetty,https://systemd.io,debian,systemd,usr/lib/systemd/system/console-getty.service,console-getty.service,A,UNAMBIGUOUS_EXECUTABLE_LINEAGE,MATCHED,usr/lib/systemd/system/console-getty.service,agetty,1,3,,,,1
https://systemd.io::agetty,https://systemd.io,fedora,systemd,usr/lib/systemd/system/console-getty.service,console-getty.service,A,UNAMBIGUOUS_EXECUTABLE_LINEAGE,MATCHED,usr/lib/systemd/system/console-getty.service,agetty,1,3,,,,1
https://systemd.io::agetty,https://systemd.io,ubuntu,systemd,usr/lib/systemd/system/console-getty.service,console-getty.service,A,UNAMBIGUOUS_EXECUTABLE_LINEAGE,MATCHED,usr/lib/systemd/system/console-getty.service,agetty,1,3,,,,1
https://systemd.io::bash,https://systemd.io,debian,systemd,usr/lib/systemd/system/debug-shell.service,debug-shell.service,UNRESOLVED,UNAMBIGUOUS_EXECUTABLE_LINEAGE,SERVICE_LINEAGE_AMBIGUOUS,usr/lib/systemd/system/debug-shell.service,bash,1,2,,,,1
https://systemd.io::bash,https://systemd.io,ubuntu,systemd,usr/lib/systemd/system/breakpoint-pre-basic.service,breakpoint-pre-basic.service,UNRESOLVED,UNAMBIGUOUS_EXECUTABLE_LINEAGE,SERVICE_LINEAGE_AMBIGUOUS,usr/lib/systemd/system/breakpoint-pre-basic.service,bash,5,2,,,,5
https://systemd.io::bash,https://systemd.io,ubuntu,systemd,usr/lib/systemd/system/breakpoint-pre-mount.service,breakpoint-pre-mount.service,UNRESOLVED,UNAMBIGUOUS_EXECUTABLE_LINEAGE,SERVICE_LINEAGE_AMBIGUOUS,usr/lib/systemd/system/breakpoint-pre-mount.service,bash,5,2,,,,5
https://systemd.io::bash,https://systemd.io,ubuntu,systemd,usr/lib/systemd/system/breakpoint-pre-switch-root.service,breakpoint-pre-switch-root.service,UNRESOLVED,UNAMBIGUOUS_EXECUTABLE_LINEAGE,SERVICE_LINEAGE_AMBIGUOUS,usr/lib/systemd/system/breakpoint-pre-switch-root.service,bash,5,2,,,,5
https://systemd.io::bash,https://systemd.io,ubuntu,systemd,usr/lib/systemd/system/breakpoint-pre-udev.service,breakpoint-pre-udev.service,UNRESOLVED,UNAMBIGUOUS_EXECUTABLE_LINEAGE,SERVICE_LINEAGE_AMBIGUOUS,usr/lib/systemd/system/breakpoint-pre-udev.service,bash,5,2,,,,5
https://systemd.io::bash,https://systemd.io,ubuntu,systemd,usr/lib/systemd/system/debug-shell.service,debug-shell.service,UNRESOLVED,UNAMBIGUOUS_EXECUTABLE_LINEAGE,SERVICE_LINEAGE_AMBIGUOUS,usr/lib/systemd/system/debug-shell.service,bash,5,2,,,,5
https://systemd.io::kmod,https://systemd.io,debian,systemd,usr/lib/systemd/system/kmod-static-nodes.service,kmod-static-nodes.service,A,UNAMBIGUOUS_EXECUTABLE_LINEAGE,MATCHED,usr/lib/systemd/system/kmod-static-nodes.service,kmod,1,3,,,,1
https://systemd.io::kmod,https://systemd.io,fedora,systemd-udev,usr/lib/systemd/system/kmod-static-nodes.service,kmod-static-nodes.service,A,UNAMBIGUOUS_EXECUTABLE_LINEAGE,MATCHED,usr/lib/systemd/system/kmod-static-nodes.service,kmod,1,3,,,,1
https://systemd.io::kmod,https://systemd.io,ubuntu,systemd,usr/lib/systemd/system/kmod-static-nodes.service,kmod-static-nodes.service,A,UNAMBIGUOUS_EXECUTABLE_LINEAGE,MATCHED,usr/lib/systemd/system/kmod-static-nodes.service,kmod,1,3,,,,1
https://systemd.io::quotaon,https://systemd.io,debian,systemd,usr/lib/systemd/system/quotaon-root.service,quotaon-root.service,A,UNAMBIGUOUS_EXECUTABLE_LINEAGE,MATCHED,usr/lib/systemd/system/quotaon-root.service,quotaon,1,3,,,,1
https://systemd.io::quotaon,https://systemd.io,fedora,systemd-udev,usr/lib/systemd/system/quotaon-root.service,quotaon-root.service,A,UNAMBIGUOUS_EXECUTABLE_LINEAGE,MATCHED,usr/lib/systemd/system/quotaon-root.service,quotaon,1,3,,,,1
https://systemd.io::quotaon,https://systemd.io,ubuntu,systemd,usr/lib/systemd/system/quotaon-root.service,quotaon-root.service,A,UNAMBIGUOUS_EXECUTABLE_LINEAGE,MATCHED,usr/lib/systemd/system/quotaon-root.service,quotaon,1,3,,,,1
https://systemd.io::rc.local,https://systemd.io,debian,systemd,usr/lib/systemd/system/rc-local.service,rc-local.service,A,UNAMBIGUOUS_EXECUTABLE_LINEAGE,MATCHED,usr/lib/systemd/system/rc-local.service,rc.local,1,3,,,,1
https://systemd.io::rc.local,https://systemd.io,fedora,systemd,usr/lib/systemd/system/rc-local.service,rc-local.service,A,UNAMBIGUOUS_EXECUTABLE_LINEAGE,MATCHED,usr/lib/systemd/system/rc-local.service,rc.local,1,3,,,,1
https://systemd.io::rc.local,https://systemd.io,ubuntu,systemd,usr/lib/systemd/system/rc-local.service,rc-local.service,A,UNAMBIGUOUS_EXECUTABLE_LINEAGE,MATCHED,usr/lib/systemd/system/rc-local.service,rc.local,1,3,,,,1
https://systemd.io::systemctl,https://systemd.io,debian,systemd,usr/lib/systemd/system/getty-static.service,getty-static.service,UNRESOLVED,UNAMBIGUOUS_EXECUTABLE_LINEAGE,SERVICE_LINEAGE_AMBIGUOUS,usr/lib/systemd/system/getty-static.service,systemctl,2,2,,,,2
https://systemd.io::systemctl,https://systemd.io,debian,systemd,usr/lib/systemd/system/initrd-parse-etc.service,initrd-parse-etc.service,UNRESOLVED,UNAMBIGUOUS_EXECUTABLE_LINEAGE,SERVICE_LINEAGE_AMBIGUOUS,usr/lib/systemd/system/initrd-parse-etc.service,systemctl,2,2,,,,2
https://systemd.io::systemctl,https://systemd.io,ubuntu,systemd,usr/lib/systemd/system/getty-static.service,getty-static.service,UNRESOLVED,UNAMBIGUOUS_EXECUTABLE_LINEAGE,SERVICE_LINEAGE_AMBIGUOUS,usr/lib/systemd/system/getty-static.service,systemctl,1,2,,,,1
https://systemd.io::systemd-battery-check,https://systemd.io,debian,systemd,usr/lib/systemd/system/systemd-battery-check.service,systemd-battery-check.service,A,UNAMBIGUOUS_EXECUTABLE_LINEAGE,MATCHED,usr/lib/systemd/system/systemd-battery-check.service,systemd-battery-check,1,3,,,,1
https://systemd.io::systemd-battery-check,https://systemd.io,fedora,systemd,usr/lib/systemd/system/systemd-battery-check.service,systemd-battery-check.service,A,UNAMBIGUOUS_EXECUTABLE_LINEAGE,MATCHED,usr/lib/systemd/system/systemd-battery-check.service,systemd-battery-check,1,3,,,,1
https://systemd.io::systemd-battery-check,https://systemd.io,ubuntu,systemd,usr/lib/systemd/system/systemd-battery-check.service,systemd-battery-check.service,A,UNAMBIGUOUS_EXECUTABLE_LINEAGE,MATCHED,usr/lib/systemd/system/systemd-battery-check.service,systemd-battery-check,1,3,,,,1
https://systemd.io::systemd-binfmt,https://systemd.io,debian,systemd,usr/lib/systemd/system/systemd-binfmt.service,systemd-binfmt.service,A,UNAMBIGUOUS_EXECUTABLE_LINEAGE,MATCHED,usr/lib/systemd/system/systemd-binfmt.service,systemd-binfmt,1,3,,,,1
https://systemd.io::systemd-binfmt,https://systemd.io,fedora,systemd-udev,usr/lib/systemd/system/systemd-binfmt.service,systemd-binfmt.service,A,UNAMBIGUOUS_EXECUTABLE_LINEAGE,MATCHED,usr/lib/systemd/system/systemd-binfmt.service,systemd-binfmt,1,3,,,,1
https://systemd.io::systemd-binfmt,https://systemd.io,ubuntu,systemd,usr/lib/systemd/system/systemd-binfmt.service,systemd-binfmt.service,A,UNAMBIGUOUS_EXECUTABLE_LINEAGE,MATCHED,usr/lib/systemd/system/systemd-binfmt.service,systemd-binfmt,1,3,,,,1
https://systemd.io::systemd-bless-boot,https://systemd.io,debian,systemd-boot,usr/lib/systemd/system/systemd-bless-boot.service,systemd-bless-boot.service,A,UNAMBIGUOUS_EXECUTABLE_LINEAGE,MATCHED,usr/lib/systemd/system/systemd-bless-boot.service,systemd-bless-boot,1,3,,,,1
https://systemd.io::systemd-bless-boot,https://systemd.io,fedora,systemd-udev,usr/lib/systemd/system/systemd-bless-boot.service,systemd-bless-boot.service,A,UNAMBIGUOUS_EXECUTABLE_LINEAGE,MATCHED,usr/lib/systemd/system/systemd-bless-boot.service,systemd-bless-boot,1,3,,,,1
https://systemd.io::systemd-bless-boot,https://systemd.io,ubuntu,systemd-boot,usr/lib/systemd/system/systemd-bless-boot.service,systemd-bless-boot.service,A,UNAMBIGUOUS_EXECUTABLE_LINEAGE,MATCHED,usr/lib/systemd/system/systemd-bless-boot.service,systemd-bless-boot,1,3,,,,1
https://systemd.io::systemd-boot-check-no-failures,https://systemd.io,debian,systemd,usr/lib/systemd/system/systemd-boot-check-no-failures.service,systemd-boot-check-no-failures.service,A,UNAMBIGUOUS_EXECUTABLE_LINEAGE,MATCHED,usr/lib/systemd/system/systemd-boot-check-no-failures.service,systemd-boot-check-no-failures,1,3,,,,1
https://systemd.io::systemd-boot-check-no-failures,https://systemd.io,fedora,systemd,usr/lib/systemd/system/systemd-boot-check-no-failures.service,systemd-boot-check-no-failures.service,A,UNAMBIGUOUS_EXECUTABLE_LINEAGE,MATCHED,usr/lib/systemd/system/systemd-boot-check-no-failures.service,systemd-boot-check-no-failures,1,3,,,,1
https://systemd.io::systemd-boot-check-no-failures,https://systemd.io,ubuntu,systemd,usr/lib/systemd/system/systemd-boot-check-no-failures.service,systemd-boot-check-no-failures.service,A,UNAMBIGUOUS_EXECUTABLE_LINEAGE,MATCHED,usr/lib/systemd/system/systemd-boot-check-no-failures.service,systemd-boot-check-no-failures,1,3,,,,1
https://systemd.io::systemd-bsod,https://systemd.io,debian,systemd,usr/lib/systemd/system/systemd-bsod.service,systemd-bsod.service,A,UNAMBIGUOUS_EXECUTABLE_LINEAGE,MATCHED,usr/lib/systemd/system/systemd-bsod.service,systemd-bsod,1,3,,,,1
https://systemd.io::systemd-bsod,https://systemd.io,fedora,systemd-udev,usr/lib/systemd/system/systemd-bsod.service,systemd-bsod.service,A,UNAMBIGUOUS_EXECUTABLE_LINEAGE,MATCHED,usr/lib/systemd/system/systemd-bsod.service,systemd-bsod,1,3,,,,1
https://systemd.io::systemd-bsod,https://systemd.io,ubuntu,systemd,usr/lib/systemd/system/systemd-bsod.service,systemd-bsod.service,A,UNAMBIGUOUS_EXECUTABLE_LINEAGE,MATCHED,usr/lib/systemd/system/systemd-bsod.service,systemd-bsod,1,3,,,,1
https://systemd.io::systemd-factory-reset,https://systemd.io,fedora,systemd,usr/lib/systemd/system/systemd-factory-reset-complete.service,systemd-factory-reset-complete.service,UNRESOLVED,UNAMBIGUOUS_EXECUTABLE_LINEAGE,SERVICE_LINEAGE_AMBIGUOUS,usr/lib/systemd/system/systemd-factory-reset-complete.service,systemd-factory-reset,2,2,,,,2
https://systemd.io::systemd-factory-reset,https://systemd.io,fedora,systemd,usr/lib/systemd/system/systemd-factory-reset-request.service,systemd-factory-reset-request.service,UNRESOLVED,UNAMBIGUOUS_EXECUTABLE_LINEAGE,SERVICE_LINEAGE_AMBIGUOUS,usr/lib/systemd/system/systemd-factory-reset-request.service,systemd-factory-reset,2,2,,,,2
https://systemd.io::systemd-factory-reset,https://systemd.io,ubuntu,systemd,usr/lib/systemd/system/systemd-factory-reset-complete.service,systemd-factory-reset-complete.service,UNRESOLVED,UNAMBIGUOUS_EXECUTABLE_LINEAGE,SERVICE_LINEAGE_AMBIGUOUS,usr/lib/systemd/system/systemd-factory-reset-complete.service,systemd-factory-reset,2,2,,,,2
https://systemd.io::systemd-factory-reset,https://systemd.io,ubuntu,systemd,usr/lib/systemd/system/systemd-factory-reset-request.service,systemd-factory-reset-request.service,UNRESOLVED,UNAMBIGUOUS_EXECUTABLE_LINEAGE,SERVICE_LINEAGE_AMBIGUOUS,usr/lib/systemd/system/systemd-factory-reset-request.service,systemd-factory-reset,2,2,,,,2
https://systemd.io::systemd-fsck,https://systemd.io,debian,systemd,usr/lib/systemd/system/systemd-fsck-root.service,systemd-fsck-root.service,A,UNAMBIGUOUS_EXECUTABLE_LINEAGE,MATCHED,usr/lib/systemd/system/systemd-fsck-root.service,systemd-fsck,1,3,,,,1
https://systemd.io::systemd-fsck,https://systemd.io,fedora,systemd-udev,usr/lib/systemd/system/systemd-fsck-root.service,systemd-fsck-root.service,A,UNAMBIGUOUS_EXECUTABLE_LINEAGE,MATCHED,usr/lib/systemd/system/systemd-fsck-root.service,systemd-fsck,1,3,,,,1
https://systemd.io::systemd-fsck,https://systemd.io,ubuntu,systemd,usr/lib/systemd/system/systemd-fsck-root.service,systemd-fsck-root.service,A,UNAMBIGUOUS_EXECUTABLE_LINEAGE,MATCHED,usr/lib/systemd/system/systemd-fsck-root.service,systemd-fsck,1,3,,,,1
https://systemd.io::systemd-growfs,https://systemd.io,debian,systemd,usr/lib/systemd/system/systemd-growfs-root.service,systemd-growfs-root.service,A,UNAMBIGUOUS_EXECUTABLE_LINEAGE,MATCHED,usr/lib/systemd/system/systemd-growfs-root.service,systemd-growfs,1,3,,,,1
https://systemd.io::systemd-growfs,https://systemd.io,fedora,systemd-udev,usr/lib/systemd/system/systemd-growfs-root.service,systemd-growfs-root.service,A,UNAMBIGUOUS_EXECUTABLE_LINEAGE,MATCHED,usr/lib/systemd/system/systemd-growfs-root.service,systemd-growfs,1,3,,,,1
https://systemd.io::systemd-growfs,https://systemd.io,ubuntu,systemd,usr/lib/systemd/system/systemd-growfs-root.service,systemd-growfs-root.service,A,UNAMBIGUOUS_EXECUTABLE_LINEAGE,MATCHED,usr/lib/systemd/system/systemd-growfs-root.service,systemd-growfs,1,3,,,,1
https://systemd.io::systemd-hibernate-resume,https://systemd.io,debian,systemd,usr/lib/systemd/system/systemd-hibernate-clear.service,systemd-hibernate-clear.service,UNRESOLVED,UNAMBIGUOUS_EXECUTABLE_LINEAGE,SERVICE_LINEAGE_AMBIGUOUS,usr/lib/systemd/system/systemd-hibernate-clear.service,systemd-hibernate-resume,2,3,,,,2
https://systemd.io::systemd-hibernate-resume,https://systemd.io,debian,systemd,usr/lib/systemd/system/systemd-hibernate-resume.service,systemd-hibernate-resume.service,UNRESOLVED,UNAMBIGUOUS_EXECUTABLE_LINEAGE,SERVICE_LINEAGE_AMBIGUOUS,usr/lib/systemd/system/systemd-hibernate-resume.service,systemd-hibernate-resume,2,3,,,,2
https://systemd.io::systemd-hibernate-resume,https://systemd.io,fedora,systemd-udev,usr/lib/systemd/system/systemd-hibernate-clear.service,systemd-hibernate-clear.service,UNRESOLVED,UNAMBIGUOUS_EXECUTABLE_LINEAGE,SERVICE_LINEAGE_AMBIGUOUS,usr/lib/systemd/system/systemd-hibernate-clear.service,systemd-hibernate-resume,2,3,,,,2
https://systemd.io::systemd-hibernate-resume,https://systemd.io,fedora,systemd-udev,usr/lib/systemd/system/systemd-hibernate-resume.service,systemd-hibernate-resume.service,UNRESOLVED,UNAMBIGUOUS_EXECUTABLE_LINEAGE,SERVICE_LINEAGE_AMBIGUOUS,usr/lib/systemd/system/systemd-hibernate-resume.service,systemd-hibernate-resume,2,3,,,,2
https://systemd.io::systemd-hibernate-resume,https://systemd.io,ubuntu,systemd,usr/lib/systemd/system/systemd-hibernate-clear.service,systemd-hibernate-clear.service,UNRESOLVED,UNAMBIGUOUS_EXECUTABLE_LINEAGE,SERVICE_LINEAGE_AMBIGUOUS,usr/lib/systemd/system/systemd-hibernate-clear.service,systemd-hibernate-resume,2,3,,,,2
https://systemd.io::systemd-hibernate-resume,https://systemd.io,ubuntu,systemd,usr/lib/systemd/system/systemd-hibernate-resume.service,systemd-hibernate-resume.service,UNRESOLVED,UNAMBIGUOUS_EXECUTABLE_LINEAGE,SERVICE_LINEAGE_AMBIGUOUS,usr/lib/systemd/system/systemd-hibernate-resume.service,systemd-hibernate-resume,2,3,,,,2
https://systemd.io::systemd-homed,https://systemd.io,debian,systemd-homed,usr/lib/systemd/system/systemd-homed.service,systemd-homed.service,A,UNAMBIGUOUS_EXECUTABLE_LINEAGE,MATCHED,usr/lib/systemd/system/systemd-homed.service,systemd-homed,1,3,,,,1
https://systemd.io::systemd-homed,https://systemd.io,fedora,systemd-udev,usr/lib/systemd/system/systemd-homed.service,systemd-homed.service,A,UNAMBIGUOUS_EXECUTABLE_LINEAGE,MATCHED,usr/lib/systemd/system/systemd-homed.service,systemd-homed,1,3,,,,1
https://systemd.io::systemd-homed,https://systemd.io,ubuntu,systemd-homed,usr/lib/systemd/system/systemd-homed.service,systemd-homed.service,A,UNAMBIGUOUS_EXECUTABLE_LINEAGE,MATCHED,usr/lib/systemd/system/systemd-homed.service,systemd-homed,1,3,,,,1
https://systemd.io::systemd-hostnamed,https://systemd.io,debian,systemd,usr/lib/systemd/system/systemd-hostnamed.service,systemd-hostnamed.service,A,UNAMBIGUOUS_EXECUTABLE_LINEAGE,MATCHED,usr/lib/systemd/system/systemd-hostnamed.service,systemd-hostnamed,1,3,,,,1
https://systemd.io::systemd-hostnamed,https://systemd.io,fedora,systemd,usr/lib/systemd/system/systemd-hostnamed.service,systemd-hostnamed.service,A,UNAMBIGUOUS_EXECUTABLE_LINEAGE,MATCHED,usr/lib/systemd/system/systemd-hostnamed.service,systemd-hostnamed,1,3,,,,1
https://systemd.io::systemd-hostnamed,https://systemd.io,ubuntu,systemd,usr/lib/systemd/system/systemd-hostnamed.service,systemd-hostnamed.service,A,UNAMBIGUOUS_EXECUTABLE_LINEAGE,MATCHED,usr/lib/systemd/system/systemd-hostnamed.service,systemd-hostnamed,1,3,,,,1
https://systemd.io::systemd-hwdb,https://systemd.io,debian,udev,usr/lib/systemd/system/systemd-hwdb-update.service,systemd-hwdb-update.service,A,UNAMBIGUOUS_EXECUTABLE_LINEAGE,MATCHED,usr/lib/systemd/system/systemd-hwdb-update.service,systemd-hwdb,1,3,,,,1
https://systemd.io::systemd-hwdb,https://systemd.io,fedora,systemd-udev,usr/lib/systemd/system/systemd-hwdb-update.service,systemd-hwdb-update.service,A,UNAMBIGUOUS_EXECUTABLE_LINEAGE,MATCHED,usr/lib/systemd/system/systemd-hwdb-update.service,systemd-hwdb,1,3,,,,1
https://systemd.io::systemd-hwdb,https://systemd.io,ubuntu,udev,usr/lib/systemd/system/systemd-hwdb-update.service,systemd-hwdb-update.service,A,UNAMBIGUOUS_EXECUTABLE_LINEAGE,MATCHED,usr/lib/systemd/system/systemd-hwdb-update.service,systemd-hwdb,1,3,,,,1
https://systemd.io::systemd-importd,https://systemd.io,debian,systemd-container,usr/lib/systemd/system/systemd-importd.service,systemd-importd.service,A,UNAMBIGUOUS_EXECUTABLE_LINEAGE,MATCHED,usr/lib/systemd/system/systemd-importd.service,systemd-importd,1,3,,,,1
https://systemd.io::systemd-importd,https://systemd.io,fedora,systemd-container,usr/lib/systemd/system/systemd-importd.service,systemd-importd.service,A,UNAMBIGUOUS_EXECUTABLE_LINEAGE,MATCHED,usr/lib/systemd/system/systemd-importd.service,systemd-importd,1,3,,,,1
https://systemd.io::systemd-importd,https://systemd.io,ubuntu,systemd-container,usr/lib/systemd/system/systemd-importd.service,systemd-importd.service,A,UNAMBIGUOUS_EXECUTABLE_LINEAGE,MATCHED,usr/lib/systemd/system/systemd-importd.service,systemd-importd,1,3,,,,1
https://systemd.io::systemd-journal-gatewayd,https://systemd.io,debian,systemd-journal-remote,usr/lib/systemd/system/systemd-journal-gatewayd.service,systemd-journal-gatewayd.service,A,UNAMBIGUOUS_EXECUTABLE_LINEAGE,MATCHED,usr/lib/systemd/system/systemd-journal-gatewayd.service,systemd-journal-gatewayd,1,3,,,,1
https://systemd.io::systemd-journal-gatewayd,https://systemd.io,fedora,systemd-journal-remote,usr/lib/systemd/system/systemd-journal-gatewayd.service,systemd-journal-gatewayd.service,A,UNAMBIGUOUS_EXECUTABLE_LINEAGE,MATCHED,usr/lib/systemd/system/systemd-journal-gatewayd.service,systemd-journal-gatewayd,1,3,,,,1
https://systemd.io::systemd-journal-gatewayd,https://systemd.io,ubuntu,systemd-journal-remote,usr/lib/systemd/system/systemd-journal-gatewayd.service,systemd-journal-gatewayd.service,A,UNAMBIGUOUS_EXECUTABLE_LINEAGE,MATCHED,usr/lib/systemd/system/systemd-journal-gatewayd.service,systemd-journal-gatewayd,1,3,,,,1
https://systemd.io::systemd-journal-remote,https://systemd.io,debian,systemd-journal-remote,usr/lib/systemd/system/systemd-journal-remote.service,systemd-journal-remote.service,A,UNAMBIGUOUS_EXECUTABLE_LINEAGE,MATCHED,usr/lib/systemd/system/systemd-journal-remote.service,systemd-journal-remote,1,3,,,,1
https://systemd.io::systemd-journal-remote,https://systemd.io,fedora,systemd-journal-remote,usr/lib/systemd/system/systemd-journal-remote.service,systemd-journal-remote.service,A,UNAMBIGUOUS_EXECUTABLE_LINEAGE,MATCHED,usr/lib/systemd/system/systemd-journal-remote.service,systemd-journal-remote,1,3,,,,1
https://systemd.io::systemd-journal-remote,https://systemd.io,ubuntu,systemd-journal-remote,usr/lib/systemd/system/systemd-journal-remote.service,systemd-journal-remote.service,A,UNAMBIGUOUS_EXECUTABLE_LINEAGE,MATCHED,usr/lib/systemd/system/systemd-journal-remote.service,systemd-journal-remote,1,3,,,,1
https://systemd.io::systemd-journal-upload,https://systemd.io,debian,systemd-journal-remote,usr/lib/systemd/system/systemd-journal-upload.service,systemd-journal-upload.service,A,UNAMBIGUOUS_EXECUTABLE_LINEAGE,MATCHED,usr/lib/systemd/system/systemd-journal-upload.service,systemd-journal-upload,1,3,,,,1
https://systemd.io::systemd-journal-upload,https://systemd.io,fedora,systemd-journal-remote,usr/lib/systemd/system/systemd-journal-upload.service,systemd-journal-upload.service,A,UNAMBIGUOUS_EXECUTABLE_LINEAGE,MATCHED,usr/lib/systemd/system/systemd-journal-upload.service,systemd-journal-upload,1,3,,,,1
https://systemd.io::systemd-journal-upload,https://systemd.io,ubuntu,systemd-journal-remote,usr/lib/systemd/system/systemd-journal-upload.service,systemd-journal-upload.service,A,UNAMBIGUOUS_EXECUTABLE_LINEAGE,MATCHED,usr/lib/systemd/system/systemd-journal-upload.service,systemd-journal-upload,1,3,,,,1
https://systemd.io::systemd-journald,https://systemd.io,debian,systemd,usr/lib/systemd/system/systemd-journald.service,systemd-journald.service,A,UNAMBIGUOUS_EXECUTABLE_LINEAGE,MATCHED,usr/lib/systemd/system/systemd-journald.service,systemd-journald,1,3,,,,1
https://systemd.io::systemd-journald,https://systemd.io,fedora,systemd,usr/lib/systemd/system/systemd-journald.service,systemd-journald.service,A,UNAMBIGUOUS_EXECUTABLE_LINEAGE,MATCHED,usr/lib/systemd/system/systemd-journald.service,systemd-journald,1,3,,,,1
https://systemd.io::systemd-journald,https://systemd.io,ubuntu,systemd,usr/lib/systemd/system/systemd-journald.service,systemd-journald.service,A,UNAMBIGUOUS_EXECUTABLE_LINEAGE,MATCHED,usr/lib/systemd/system/systemd-journald.service,systemd-journald,1,3,,,,1
https://systemd.io::systemd-localed,https://systemd.io,debian,systemd,usr/lib/systemd/system/systemd-localed.service,systemd-localed.service,A,UNAMBIGUOUS_EXECUTABLE_LINEAGE,MATCHED,usr/lib/systemd/system/systemd-localed.service,systemd-localed,1,3,,,,1
https://systemd.io::systemd-localed,https://systemd.io,fedora,systemd,usr/lib/systemd/system/systemd-localed.service,systemd-localed.service,A,UNAMBIGUOUS_EXECUTABLE_LINEAGE,MATCHED,usr/lib/systemd/system/systemd-localed.service,systemd-localed,1,3,,,,1
https://systemd.io::systemd-localed,https://systemd.io,ubuntu,systemd,usr/lib/systemd/system/systemd-localed.service,systemd-localed.service,A,UNAMBIGUOUS_EXECUTABLE_LINEAGE,MATCHED,usr/lib/systemd/system/systemd-localed.service,systemd-localed,1,3,,,,1
https://systemd.io::systemd-logind,https://systemd.io,debian,systemd,usr/lib/systemd/system/systemd-logind.service,systemd-logind.service,A,UNAMBIGUOUS_EXECUTABLE_LINEAGE,MATCHED,usr/lib/systemd/system/systemd-logind.service,systemd-logind,1,3,,,,1
https://systemd.io::systemd-logind,https://systemd.io,fedora,systemd,usr/lib/systemd/system/systemd-logind.service,systemd-logind.service,A,UNAMBIGUOUS_EXECUTABLE_LINEAGE,MATCHED,usr/lib/systemd/system/systemd-logind.service,systemd-logind,1,3,,,,1
https://systemd.io::systemd-logind,https://systemd.io,ubuntu,systemd,usr/lib/systemd/system/systemd-logind.service,systemd-logind.service,A,UNAMBIGUOUS_EXECUTABLE_LINEAGE,MATCHED,usr/lib/systemd/system/systemd-logind.service,systemd-logind,1,3,,,,1
https://systemd.io::systemd-machined,https://systemd.io,debian,systemd-container,usr/lib/systemd/system/systemd-machined.service,systemd-machined.service,A,UNAMBIGUOUS_EXECUTABLE_LINEAGE,MATCHED,usr/lib/systemd/system/systemd-machined.service,systemd-machined,1,3,,,,1
https://systemd.io::systemd-machined,https://systemd.io,fedora,systemd-container,usr/lib/systemd/system/systemd-machined.service,systemd-machined.service,A,UNAMBIGUOUS_EXECUTABLE_LINEAGE,MATCHED,usr/lib/systemd/system/systemd-machined.service,systemd-machined,1,3,,,,1
https://systemd.io::systemd-machined,https://systemd.io,ubuntu,systemd-container,usr/lib/systemd/system/systemd-machined.service,systemd-machined.service,A,UNAMBIGUOUS_EXECUTABLE_LINEAGE,MATCHED,usr/lib/systemd/system/systemd-machined.service,systemd-machined,1,3,,,,1
https://systemd.io::systemd-modules-load,https://systemd.io,debian,systemd,usr/lib/systemd/system/systemd-modules-load.service,systemd-modules-load.service,A,UNAMBIGUOUS_EXECUTABLE_LINEAGE,MATCHED,usr/lib/systemd/system/systemd-modules-load.service,systemd-modules-load,1,3,,,,1
https://systemd.io::systemd-modules-load,https://systemd.io,fedora,systemd-udev,usr/lib/systemd/system/systemd-modules-load.service,systemd-modules-load.service,A,UNAMBIGUOUS_EXECUTABLE_LINEAGE,MATCHED,usr/lib/systemd/system/systemd-modules-load.service,systemd-modules-load,1,3,,,,1
https://systemd.io::systemd-modules-load,https://systemd.io,ubuntu,systemd,usr/lib/systemd/system/systemd-modules-load.service,systemd-modules-load.service,A,UNAMBIGUOUS_EXECUTABLE_LINEAGE,MATCHED,usr/lib/systemd/system/systemd-modules-load.service,systemd-modules-load,1,3,,,,1
https://systemd.io::systemd-mountfsd,https://systemd.io,debian,systemd-container,usr/lib/systemd/system/systemd-mountfsd.service,systemd-mountfsd.service,A,UNAMBIGUOUS_EXECUTABLE_LINEAGE,MATCHED,usr/lib/systemd/system/systemd-mountfsd.service,systemd-mountfsd,1,3,,,,1
https://systemd.io::systemd-mountfsd,https://systemd.io,fedora,systemd-container,usr/lib/systemd/system/systemd-mountfsd.service,systemd-mountfsd.service,A,UNAMBIGUOUS_EXECUTABLE_LINEAGE,MATCHED,usr/lib/systemd/system/systemd-mountfsd.service,systemd-mountfsd,1,3,,,,1
https://systemd.io::systemd-mountfsd,https://systemd.io,ubuntu,systemd-container,usr/lib/systemd/system/systemd-mountfsd.service,systemd-mountfsd.service,A,UNAMBIGUOUS_EXECUTABLE_LINEAGE,MATCHED,usr/lib/systemd/system/systemd-mountfsd.service,systemd-mountfsd,1,3,,,,1
https://systemd.io::systemd-network-generator,https://systemd.io,debian,systemd,usr/lib/systemd/system/systemd-network-generator.service,systemd-network-generator.service,UNRESOLVED,UNAMBIGUOUS_EXECUTABLE_LINEAGE,SERVICE_LINEAGE_AMBIGUOUS,usr/lib/systemd/system/systemd-network-generator.service,systemd-network-generator,1,3,,,,1
https://systemd.io::systemd-network-generator,https://systemd.io,fedora,systemd-networkd,usr/lib/systemd/system/systemd-network-generator.service,systemd-network-generator.service,UNRESOLVED,UNAMBIGUOUS_EXECUTABLE_LINEAGE,SERVICE_LINEAGE_AMBIGUOUS,usr/lib/systemd/system/systemd-network-generator.service,systemd-network-generator,2,3,,,,2
https://systemd.io::systemd-network-generator,https://systemd.io,fedora,systemd-udev,usr/lib/systemd/system/systemd-network-generator.service,systemd-network-generator.service,UNRESOLVED,UNAMBIGUOUS_EXECUTABLE_LINEAGE,SERVICE_LINEAGE_AMBIGUOUS,usr/lib/systemd/system/systemd-network-generator.service,systemd-network-generator,2,3,,,,2
https://systemd.io::systemd-network-generator,https://systemd.io,ubuntu,systemd,usr/lib/systemd/system/systemd-network-generator.service,systemd-network-generator.service,UNRESOLVED,UNAMBIGUOUS_EXECUTABLE_LINEAGE,SERVICE_LINEAGE_AMBIGUOUS,usr/lib/systemd/system/systemd-network-generator.service,systemd-network-generator,1,3,,,,1
https://systemd.io::systemd-networkd,https://systemd.io,debian,systemd,usr/lib/systemd/system/systemd-networkd.service,systemd-networkd.service,A,UNAMBIGUOUS_EXECUTABLE_LINEAGE,MATCHED,usr/lib/systemd/system/systemd-networkd.service,systemd-networkd,1,3,,,,1
https://systemd.io::systemd-networkd,https://systemd.io,fedora,systemd-networkd,usr/lib/systemd/system/systemd-networkd.service,systemd-networkd.service,A,UNAMBIGUOUS_EXECUTABLE_LINEAGE,MATCHED,usr/lib/systemd/system/systemd-networkd.service,systemd-networkd,1,3,,,,1
https://systemd.io::systemd-networkd,https://systemd.io,ubuntu,systemd,usr/lib/systemd/system/systemd-networkd.service,systemd-networkd.service,A,UNAMBIGUOUS_EXECUTABLE_LINEAGE,MATCHED,usr/lib/systemd/system/systemd-networkd.service,systemd-networkd,1,3,,,,1
https://systemd.io::systemd-networkd-wait-online,https://systemd.io,debian,systemd,usr/lib/systemd/system/systemd-networkd-wait-online.service,systemd-networkd-wait-online.service,A,UNAMBIGUOUS_EXECUTABLE_LINEAGE,MATCHED,usr/lib/systemd/system/systemd-networkd-wait-online.service,systemd-networkd-wait-online,1,3,,,,1
https://systemd.io::systemd-networkd-wait-online,https://systemd.io,fedora,systemd-networkd,usr/lib/systemd/system/systemd-networkd-wait-online.service,systemd-networkd-wait-online.service,A,UNAMBIGUOUS_EXECUTABLE_LINEAGE,MATCHED,usr/lib/systemd/system/systemd-networkd-wait-online.service,systemd-networkd-wait-online,1,3,,,,1
https://systemd.io::systemd-networkd-wait-online,https://systemd.io,ubuntu,systemd,usr/lib/systemd/system/systemd-networkd-wait-online.service,systemd-networkd-wait-online.service,A,UNAMBIGUOUS_EXECUTABLE_LINEAGE,MATCHED,usr/lib/systemd/system/systemd-networkd-wait-online.service,systemd-networkd-wait-online,1,3,,,,1
https://systemd.io::systemd-nsresourced,https://systemd.io,debian,systemd-container,usr/lib/systemd/system/systemd-nsresourced.service,systemd-nsresourced.service,A,UNAMBIGUOUS_EXECUTABLE_LINEAGE,MATCHED,usr/lib/systemd/system/systemd-nsresourced.service,systemd-nsresourced,1,3,,,,1
https://systemd.io::systemd-nsresourced,https://systemd.io,fedora,systemd-container,usr/lib/systemd/system/systemd-nsresourced.service,systemd-nsresourced.service,A,UNAMBIGUOUS_EXECUTABLE_LINEAGE,MATCHED,usr/lib/systemd/system/systemd-nsresourced.service,systemd-nsresourced,1,3,,,,1
https://systemd.io::systemd-nsresourced,https://systemd.io,ubuntu,systemd-container,usr/lib/systemd/system/systemd-nsresourced.service,systemd-nsresourced.service,A,UNAMBIGUOUS_EXECUTABLE_LINEAGE,MATCHED,usr/lib/systemd/system/systemd-nsresourced.service,systemd-nsresourced,1,3,,,,1
https://systemd.io::systemd-oomd,https://systemd.io,debian,systemd-oomd,usr/lib/systemd/system/systemd-oomd.service,systemd-oomd.service,A,UNAMBIGUOUS_EXECUTABLE_LINEAGE,MATCHED,usr/lib/systemd/system/systemd-oomd.service,systemd-oomd,1,3,,,,1
https://systemd.io::systemd-oomd,https://systemd.io,fedora,systemd-udev,usr/lib/systemd/system/systemd-oomd.service,systemd-oomd.service,A,UNAMBIGUOUS_EXECUTABLE_LINEAGE,MATCHED,usr/lib/systemd/system/systemd-oomd.service,systemd-oomd,1,3,,,,1
https://systemd.io::systemd-oomd,https://systemd.io,ubuntu,systemd-oomd,usr/lib/systemd/system/systemd-oomd.service,systemd-oomd.service,A,UNAMBIGUOUS_EXECUTABLE_LINEAGE,MATCHED,usr/lib/systemd/system/systemd-oomd.service,systemd-oomd,1,3,,,,1
https://systemd.io::systemd-pcrextend,https://systemd.io,debian,systemd,usr/lib/systemd/system/systemd-pcrfs-root.service,systemd-pcrfs-root.service,UNRESOLVED,UNAMBIGUOUS_EXECUTABLE_LINEAGE,SERVICE_LINEAGE_AMBIGUOUS,usr/lib/systemd/system/systemd-pcrfs-root.service,systemd-pcrextend,5,3,,,,5
https://systemd.io::systemd-pcrextend,https://systemd.io,debian,systemd,usr/lib/systemd/system/systemd-pcrmachine.service,systemd-pcrmachine.service,UNRESOLVED,UNAMBIGUOUS_EXECUTABLE_LINEAGE,SERVICE_LINEAGE_AMBIGUOUS,usr/lib/systemd/system/systemd-pcrmachine.service,systemd-pcrextend,5,3,,,,5
https://systemd.io::systemd-pcrextend,https://systemd.io,debian,systemd,usr/lib/systemd/system/systemd-pcrphase-initrd.service,systemd-pcrphase-initrd.service,UNRESOLVED,UNAMBIGUOUS_EXECUTABLE_LINEAGE,SERVICE_LINEAGE_AMBIGUOUS,usr/lib/systemd/system/systemd-pcrphase-initrd.service,systemd-pcrextend,5,3,,,,5
https://systemd.io::systemd-pcrextend,https://systemd.io,debian,systemd,usr/lib/systemd/system/systemd-pcrphase-sysinit.service,systemd-pcrphase-sysinit.service,UNRESOLVED,UNAMBIGUOUS_EXECUTABLE_LINEAGE,SERVICE_LINEAGE_AMBIGUOUS,usr/lib/systemd/system/systemd-pcrphase-sysinit.service,systemd-pcrextend,5,3,,,,5
https://systemd.io::systemd-pcrextend,https://systemd.io,debian,systemd,usr/lib/systemd/system/systemd-pcrphase.service,systemd-pcrphase.service,UNRESOLVED,UNAMBIGUOUS_EXECUTABLE_LINEAGE,SERVICE_LINEAGE_AMBIGUOUS,usr/lib/systemd/system/systemd-pcrphase.service,systemd-pcrextend,5,3,,,,5
https://systemd.io::systemd-pcrextend,https://systemd.io,fedora,systemd-udev,usr/lib/systemd/system/systemd-pcrfs-root.service,systemd-pcrfs-root.service,UNRESOLVED,UNAMBIGUOUS_EXECUTABLE_LINEAGE,SERVICE_LINEAGE_AMBIGUOUS,usr/lib/systemd/system/systemd-pcrfs-root.service,systemd-pcrextend,9,3,,,,9
https://systemd.io::systemd-pcrextend,https://systemd.io,fedora,systemd-udev,usr/lib/systemd/system/systemd-pcrmachine.service,systemd-pcrmachine.service,UNRESOLVED,UNAMBIGUOUS_EXECUTABLE_LINEAGE,SERVICE_LINEAGE_AMBIGUOUS,usr/lib/systemd/system/systemd-pcrmachine.service,systemd-pcrextend,9,3,,,,9
https://systemd.io::systemd-pcrextend,https://systemd.io,fedora,systemd-udev,usr/lib/systemd/system/systemd-pcrnvdone.service,systemd-pcrnvdone.service,UNRESOLVED,UNAMBIGUOUS_EXECUTABLE_LINEAGE,SERVICE_LINEAGE_AMBIGUOUS,usr/lib/systemd/system/systemd-pcrnvdone.service,systemd-pcrextend,9,3,,,,9
https://systemd.io::systemd-pcrextend,https://systemd.io,fedora,systemd-udev,usr/lib/systemd/system/systemd-pcrphase-factory-reset.service,systemd-pcrphase-factory-reset.service,UNRESOLVED,UNAMBIGUOUS_EXECUTABLE_LINEAGE,SERVICE_LINEAGE_AMBIGUOUS,usr/lib/systemd/system/systemd-pcrphase-factory-reset.service,systemd-pcrextend,9,3,,,,9
https://systemd.io::systemd-pcrextend,https://systemd.io,fedora,systemd-udev,usr/lib/systemd/system/systemd-pcrphase-initrd.service,systemd-pcrphase-initrd.service,UNRESOLVED,UNAMBIGUOUS_EXECUTABLE_LINEAGE,SERVICE_LINEAGE_AMBIGUOUS,usr/lib/systemd/system/systemd-pcrphase-initrd.service,systemd-pcrextend,9,3,,,,9
https://systemd.io::systemd-pcrextend,https://systemd.io,fedora,systemd-udev,usr/lib/systemd/system/systemd-pcrphase-storage-target-mode.service,systemd-pcrphase-storage-target-mode.service,UNRESOLVED,UNAMBIGUOUS_EXECUTABLE_LINEAGE,SERVICE_LINEAGE_AMBIGUOUS,usr/lib/systemd/system/systemd-pcrphase-storage-target-mode.service,systemd-pcrextend,9,3,,,,9
https://systemd.io::systemd-pcrextend,https://systemd.io,fedora,systemd-udev,usr/lib/systemd/system/systemd-pcrphase-sysinit.service,systemd-pcrphase-sysinit.service,UNRESOLVED,UNAMBIGUOUS_EXECUTABLE_LINEAGE,SERVICE_LINEAGE_AMBIGUOUS,usr/lib/systemd/system/systemd-pcrphase-sysinit.service,systemd-pcrextend,9,3,,,,9
https://systemd.io::systemd-pcrextend,https://systemd.io,fedora,systemd-udev,usr/lib/systemd/system/systemd-pcrphase.service,systemd-pcrphase.service,UNRESOLVED,UNAMBIGUOUS_EXECUTABLE_LINEAGE,SERVICE_LINEAGE_AMBIGUOUS,usr/lib/systemd/system/systemd-pcrphase.service,systemd-pcrextend,9,3,,,,9
https://systemd.io::systemd-pcrextend,https://systemd.io,fedora,systemd-udev,usr/lib/systemd/system/systemd-pcrproduct.service,systemd-pcrproduct.service,UNRESOLVED,UNAMBIGUOUS_EXECUTABLE_LINEAGE,SERVICE_LINEAGE_AMBIGUOUS,usr/lib/systemd/system/systemd-pcrproduct.service,systemd-pcrextend,9,3,,,,9
https://systemd.io::systemd-pcrextend,https://systemd.io,ubuntu,systemd,usr/lib/systemd/system/systemd-pcrfs-root.service,systemd-pcrfs-root.service,UNRESOLVED,UNAMBIGUOUS_EXECUTABLE_LINEAGE,SERVICE_LINEAGE_AMBIGUOUS,usr/lib/systemd/system/systemd-pcrfs-root.service,systemd-pcrextend,9,3,,,,9
https://systemd.io::systemd-pcrextend,https://systemd.io,ubuntu,systemd,usr/lib/systemd/system/systemd-pcrmachine.service,systemd-pcrmachine.service,UNRESOLVED,UNAMBIGUOUS_EXECUTABLE_LINEAGE,SERVICE_LINEAGE_AMBIGUOUS,usr/lib/systemd/system/systemd-pcrmachine.service,systemd-pcrextend,9,3,,,,9
https://systemd.io::systemd-pcrextend,https://systemd.io,ubuntu,systemd,usr/lib/systemd/system/systemd-pcrnvdone.service,systemd-pcrnvdone.service,UNRESOLVED,UNAMBIGUOUS_EXECUTABLE_LINEAGE,SERVICE_LINEAGE_AMBIGUOUS,usr/lib/systemd/system/systemd-pcrnvdone.service,systemd-pcrextend,9,3,,,,9
https://systemd.io::systemd-pcrextend,https://systemd.io,ubuntu,systemd,usr/lib/systemd/system/systemd-pcrphase-factory-reset.service,systemd-pcrphase-factory-reset.service,UNRESOLVED,UNAMBIGUOUS_EXECUTABLE_LINEAGE,SERVICE_LINEAGE_AMBIGUOUS,usr/lib/systemd/system/systemd-pcrphase-factory-reset.service,systemd-pcrextend,9,3,,,,9
https://systemd.io::systemd-pcrextend,https://systemd.io,ubuntu,systemd,usr/lib/systemd/system/systemd-pcrphase-initrd.service,systemd-pcrphase-initrd.service,UNRESOLVED,UNAMBIGUOUS_EXECUTABLE_LINEAGE,SERVICE_LINEAGE_AMBIGUOUS,usr/lib/systemd/system/systemd-pcrphase-initrd.service,systemd-pcrextend,9,3,,,,9
https://systemd.io::systemd-pcrextend,https://systemd.io,ubuntu,systemd,usr/lib/systemd/system/systemd-pcrphase-storage-target-mode.service,systemd-pcrphase-storage-target-mode.service,UNRESOLVED,UNAMBIGUOUS_EXECUTABLE_LINEAGE,SERVICE_LINEAGE_AMBIGUOUS,usr/lib/systemd/system/systemd-pcrphase-storage-target-mode.service,systemd-pcrextend,9,3,,,,9
https://systemd.io::systemd-pcrextend,https://systemd.io,ubuntu,systemd,usr/lib/systemd/system/systemd-pcrphase-sysinit.service,systemd-pcrphase-sysinit.service,UNRESOLVED,UNAMBIGUOUS_EXECUTABLE_LINEAGE,SERVICE_LINEAGE_AMBIGUOUS,usr/lib/systemd/system/systemd-pcrphase-sysinit.service,systemd-pcrextend,9,3,,,,9
https://systemd.io::systemd-pcrextend,https://systemd.io,ubuntu,systemd,usr/lib/systemd/system/systemd-pcrphase.service,systemd-pcrphase.service,UNRESOLVED,UNAMBIGUOUS_EXECUTABLE_LINEAGE,SERVICE_LINEAGE_AMBIGUOUS,usr/lib/systemd/system/systemd-pcrphase.service,systemd-pcrextend,9,3,,,,9
https://systemd.io::systemd-pcrextend,https://systemd.io,ubuntu,systemd,usr/lib/systemd/system/systemd-pcrproduct.service,systemd-pcrproduct.service,UNRESOLVED,UNAMBIGUOUS_EXECUTABLE_LINEAGE,SERVICE_LINEAGE_AMBIGUOUS,usr/lib/systemd/system/systemd-pcrproduct.service,systemd-pcrextend,9,3,,,,9
https://systemd.io::systemd-pcrlock,https://systemd.io,debian,systemd,usr/lib/systemd/system/systemd-pcrlock-file-system.service,systemd-pcrlock-file-system.service,UNRESOLVED,UNAMBIGUOUS_EXECUTABLE_LINEAGE,SERVICE_LINEAGE_AMBIGUOUS,usr/lib/systemd/system/systemd-pcrlock-file-system.service,systemd-pcrlock,7,3,,,,7
https://systemd.io::systemd-pcrlock,https://systemd.io,debian,systemd,usr/lib/systemd/system/systemd-pcrlock-firmware-code.service,systemd-pcrlock-firmware-code.service,UNRESOLVED,UNAMBIGUOUS_EXECUTABLE_LINEAGE,SERVICE_LINEAGE_AMBIGUOUS,usr/lib/systemd/system/systemd-pcrlock-firmware-code.service,systemd-pcrlock,7,3,,,,7
https://systemd.io::systemd-pcrlock,https://systemd.io,debian,systemd,usr/lib/systemd/system/systemd-pcrlock-firmware-config.service,systemd-pcrlock-firmware-config.service,UNRESOLVED,UNAMBIGUOUS_EXECUTABLE_LINEAGE,SERVICE_LINEAGE_AMBIGUOUS,usr/lib/systemd/system/systemd-pcrlock-firmware-config.service,systemd-pcrlock,7,3,,,,7
https://systemd.io::systemd-pcrlock,https://systemd.io,debian,systemd,usr/lib/systemd/system/systemd-pcrlock-machine-id.service,systemd-pcrlock-machine-id.service,UNRESOLVED,UNAMBIGUOUS_EXECUTABLE_LINEAGE,SERVICE_LINEAGE_AMBIGUOUS,usr/lib/systemd/system/systemd-pcrlock-machine-id.service,systemd-pcrlock,7,3,,,,7
https://systemd.io::systemd-pcrlock,https://systemd.io,debian,systemd,usr/lib/systemd/system/systemd-pcrlock-make-policy.service,systemd-pcrlock-make-policy.service,UNRESOLVED,UNAMBIGUOUS_EXECUTABLE_LINEAGE,SERVICE_LINEAGE_AMBIGUOUS,usr/lib/systemd/system/systemd-pcrlock-make-policy.service,systemd-pcrlock,7,3,,,,7
https://systemd.io::systemd-pcrlock,https://systemd.io,debian,systemd,usr/lib/systemd/system/systemd-pcrlock-secureboot-authority.service,systemd-pcrlock-secureboot-authority.service,UNRESOLVED,UNAMBIGUOUS_EXECUTABLE_LINEAGE,SERVICE_LINEAGE_AMBIGUOUS,usr/lib/systemd/system/systemd-pcrlock-secureboot-authority.service,systemd-pcrlock,7,3,,,,7
https://systemd.io::systemd-pcrlock,https://systemd.io,debian,systemd,usr/lib/systemd/system/systemd-pcrlock-secureboot-policy.service,systemd-pcrlock-secureboot-policy.service,UNRESOLVED,UNAMBIGUOUS_EXECUTABLE_LINEAGE,SERVICE_LINEAGE_AMBIGUOUS,usr/lib/systemd/system/systemd-pcrlock-secureboot-policy.service,systemd-pcrlock,7,3,,,,7
https://systemd.io::systemd-pcrlock,https://systemd.io,fedora,systemd-udev,usr/lib/systemd/system/systemd-pcrlock-file-system.service,systemd-pcrlock-file-system.service,UNRESOLVED,UNAMBIGUOUS_EXECUTABLE_LINEAGE,SERVICE_LINEAGE_AMBIGUOUS,usr/lib/systemd/system/systemd-pcrlock-file-system.service,systemd-pcrlock,7,3,,,,7
https://systemd.io::systemd-pcrlock,https://systemd.io,fedora,systemd-udev,usr/lib/systemd/system/systemd-pcrlock-firmware-code.service,systemd-pcrlock-firmware-code.service,UNRESOLVED,UNAMBIGUOUS_EXECUTABLE_LINEAGE,SERVICE_LINEAGE_AMBIGUOUS,usr/lib/systemd/system/systemd-pcrlock-firmware-code.service,systemd-pcrlock,7,3,,,,7
https://systemd.io::systemd-pcrlock,https://systemd.io,fedora,systemd-udev,usr/lib/systemd/system/systemd-pcrlock-firmware-config.service,systemd-pcrlock-firmware-config.service,UNRESOLVED,UNAMBIGUOUS_EXECUTABLE_LINEAGE,SERVICE_LINEAGE_AMBIGUOUS,usr/lib/systemd/system/systemd-pcrlock-firmware-config.service,systemd-pcrlock,7,3,,,,7
https://systemd.io::systemd-pcrlock,https://systemd.io,fedora,systemd-udev,usr/lib/systemd/system/systemd-pcrlock-machine-id.service,systemd-pcrlock-machine-id.service,UNRESOLVED,UNAMBIGUOUS_EXECUTABLE_LINEAGE,SERVICE_LINEAGE_AMBIGUOUS,usr/lib/systemd/system/systemd-pcrlock-machine-id.service,systemd-pcrlock,7,3,,,,7
https://systemd.io::systemd-pcrlock,https://systemd.io,fedora,systemd-udev,usr/lib/systemd/system/systemd-pcrlock-make-policy.service,systemd-pcrlock-make-policy.service,UNRESOLVED,UNAMBIGUOUS_EXECUTABLE_LINEAGE,SERVICE_LINEAGE_AMBIGUOUS,usr/lib/systemd/system/systemd-pcrlock-make-policy.service,systemd-pcrlock,7,3,,,,7
https://systemd.io::systemd-pcrlock,https://systemd.io,fedora,systemd-udev,usr/lib/systemd/system/systemd-pcrlock-secureboot-authority.service,systemd-pcrlock-secureboot-authority.service,UNRESOLVED,UNAMBIGUOUS_EXECUTABLE_LINEAGE,SERVICE_LINEAGE_AMBIGUOUS,usr/lib/systemd/system/systemd-pcrlock-secureboot-authority.service,systemd-pcrlock,7,3,,,,7
https://systemd.io::systemd-pcrlock,https://systemd.io,fedora,systemd-udev,usr/lib/systemd/system/systemd-pcrlock-secureboot-policy.service,systemd-pcrlock-secureboot-policy.service,UNRESOLVED,UNAMBIGUOUS_EXECUTABLE_LINEAGE,SERVICE_LINEAGE_AMBIGUOUS,usr/lib/systemd/system/systemd-pcrlock-secureboot-policy.service,systemd-pcrlock,7,3,,,,7
https://systemd.io::systemd-pcrlock,https://systemd.io,ubuntu,systemd,usr/lib/systemd/system/systemd-pcrlock-file-system.service,systemd-pcrlock-file-system.service,UNRESOLVED,UNAMBIGUOUS_EXECUTABLE_LINEAGE,SERVICE_LINEAGE_AMBIGUOUS,usr/lib/systemd/system/systemd-pcrlock-file-system.service,systemd-pcrlock,7,3,,,,7
https://systemd.io::systemd-pcrlock,https://systemd.io,ubuntu,systemd,usr/lib/systemd/system/systemd-pcrlock-firmware-code.service,systemd-pcrlock-firmware-code.service,UNRESOLVED,UNAMBIGUOUS_EXECUTABLE_LINEAGE,SERVICE_LINEAGE_AMBIGUOUS,usr/lib/systemd/system/systemd-pcrlock-firmware-code.service,systemd-pcrlock,7,3,,,,7
https://systemd.io::systemd-pcrlock,https://systemd.io,ubuntu,systemd,usr/lib/systemd/system/systemd-pcrlock-firmware-config.service,systemd-pcrlock-firmware-config.service,UNRESOLVED,UNAMBIGUOUS_EXECUTABLE_LINEAGE,SERVICE_LINEAGE_AMBIGUOUS,usr/lib/systemd/system/systemd-pcrlock-firmware-config.service,systemd-pcrlock,7,3,,,,7
https://systemd.io::systemd-pcrlock,https://systemd.io,ubuntu,systemd,usr/lib/systemd/system/systemd-pcrlock-machine-id.service,systemd-pcrlock-machine-id.service,UNRESOLVED,UNAMBIGUOUS_EXECUTABLE_LINEAGE,SERVICE_LINEAGE_AMBIGUOUS,usr/lib/systemd/system/systemd-pcrlock-machine-id.service,systemd-pcrlock,7,3,,,,7
https://systemd.io::systemd-pcrlock,https://systemd.io,ubuntu,systemd,usr/lib/systemd/system/systemd-pcrlock-make-policy.service,systemd-pcrlock-make-policy.service,UNRESOLVED,UNAMBIGUOUS_EXECUTABLE_LINEAGE,SERVICE_LINEAGE_AMBIGUOUS,usr/lib/systemd/system/systemd-pcrlock-make-policy.service,systemd-pcrlock,7,3,,,,7
https://systemd.io::systemd-pcrlock,https://systemd.io,ubuntu,systemd,usr/lib/systemd/system/systemd-pcrlock-secureboot-authority.service,systemd-pcrlock-secureboot-authority.service,UNRESOLVED,UNAMBIGUOUS_EXECUTABLE_LINEAGE,SERVICE_LINEAGE_AMBIGUOUS,usr/lib/systemd/system/systemd-pcrlock-secureboot-authority.service,systemd-pcrlock,7,3,,,,7
https://systemd.io::systemd-pcrlock,https://systemd.io,ubuntu,systemd,usr/lib/systemd/system/systemd-pcrlock-secureboot-policy.service,systemd-pcrlock-secureboot-policy.service,UNRESOLVED,UNAMBIGUOUS_EXECUTABLE_LINEAGE,SERVICE_LINEAGE_AMBIGUOUS,usr/lib/systemd/system/systemd-pcrlock-secureboot-policy.service,systemd-pcrlock,7,3,,,,7
https://systemd.io::systemd-portabled,https://systemd.io,debian,systemd-container,usr/lib/systemd/system/systemd-portabled.service,systemd-portabled.service,A,UNAMBIGUOUS_EXECUTABLE_LINEAGE,MATCHED,usr/lib/systemd/system/systemd-portabled.service,systemd-portabled,1,3,,,,1
https://systemd.io::systemd-portabled,https://systemd.io,fedora,systemd-udev,usr/lib/systemd/system/systemd-portabled.service,systemd-portabled.service,A,UNAMBIGUOUS_EXECUTABLE_LINEAGE,MATCHED,usr/lib/systemd/system/systemd-portabled.service,systemd-portabled,1,3,,,,1
https://systemd.io::systemd-portabled,https://systemd.io,ubuntu,systemd-container,usr/lib/systemd/system/systemd-portabled.service,systemd-portabled.service,A,UNAMBIGUOUS_EXECUTABLE_LINEAGE,MATCHED,usr/lib/systemd/system/systemd-portabled.service,systemd-portabled,1,3,,,,1
https://systemd.io::systemd-pstore,https://systemd.io,debian,systemd,usr/lib/systemd/system/systemd-pstore.service,systemd-pstore.service,A,UNAMBIGUOUS_EXECUTABLE_LINEAGE,MATCHED,usr/lib/systemd/system/systemd-pstore.service,systemd-pstore,1,3,,,,1
https://systemd.io::systemd-pstore,https://systemd.io,fedora,systemd-udev,usr/lib/systemd/system/systemd-pstore.service,systemd-pstore.service,A,UNAMBIGUOUS_EXECUTABLE_LINEAGE,MATCHED,usr/lib/systemd/system/systemd-pstore.service,systemd-pstore,1,3,,,,1
https://systemd.io::systemd-pstore,https://systemd.io,ubuntu,systemd,usr/lib/systemd/system/systemd-pstore.service,systemd-pstore.service,A,UNAMBIGUOUS_EXECUTABLE_LINEAGE,MATCHED,usr/lib/systemd/system/systemd-pstore.service,systemd-pstore,1,3,,,,1
https://systemd.io::systemd-quotacheck,https://systemd.io,debian,systemd,usr/lib/systemd/system/systemd-quotacheck-root.service,systemd-quotacheck-root.service,A,UNAMBIGUOUS_EXECUTABLE_LINEAGE,MATCHED,usr/lib/systemd/system/systemd-quotacheck-root.service,systemd-quotacheck,1,3,,,,1
https://systemd.io::systemd-quotacheck,https://systemd.io,fedora,systemd-udev,usr/lib/systemd/system/systemd-quotacheck-root.service,systemd-quotacheck-root.service,A,UNAMBIGUOUS_EXECUTABLE_LINEAGE,MATCHED,usr/lib/systemd/system/systemd-quotacheck-root.service,systemd-quotacheck,1,3,,,,1
https://systemd.io::systemd-quotacheck,https://systemd.io,ubuntu,systemd,usr/lib/systemd/system/systemd-quotacheck-root.service,systemd-quotacheck-root.service,A,UNAMBIGUOUS_EXECUTABLE_LINEAGE,MATCHED,usr/lib/systemd/system/systemd-quotacheck-root.service,systemd-quotacheck,1,3,,,,1
https://systemd.io::systemd-random-seed,https://systemd.io,debian,systemd,usr/lib/systemd/system/systemd-random-seed.service,systemd-random-seed.service,A,UNAMBIGUOUS_EXECUTABLE_LINEAGE,MATCHED,usr/lib/systemd/system/systemd-random-seed.service,systemd-random-seed,1,3,,,,1
https://systemd.io::systemd-random-seed,https://systemd.io,fedora,systemd-udev,usr/lib/systemd/system/systemd-random-seed.service,systemd-random-seed.service,A,UNAMBIGUOUS_EXECUTABLE_LINEAGE,MATCHED,usr/lib/systemd/system/systemd-random-seed.service,systemd-random-seed,1,3,,,,1
https://systemd.io::systemd-random-seed,https://systemd.io,ubuntu,systemd,usr/lib/systemd/system/systemd-random-seed.service,systemd-random-seed.service,A,UNAMBIGUOUS_EXECUTABLE_LINEAGE,MATCHED,usr/lib/systemd/system/systemd-random-seed.service,systemd-random-seed,1,3,,,,1
https://systemd.io::systemd-remount-fs,https://systemd.io,debian,systemd,usr/lib/systemd/system/systemd-remount-fs.service,systemd-remount-fs.service,A,UNAMBIGUOUS_EXECUTABLE_LINEAGE,MATCHED,usr/lib/systemd/system/systemd-remount-fs.service,systemd-remount-fs,1,3,,,,1
https://systemd.io::systemd-remount-fs,https://systemd.io,fedora,systemd-udev,usr/lib/systemd/system/systemd-remount-fs.service,systemd-remount-fs.service,A,UNAMBIGUOUS_EXECUTABLE_LINEAGE,MATCHED,usr/lib/systemd/system/systemd-remount-fs.service,systemd-remount-fs,1,3,,,,1
https://systemd.io::systemd-remount-fs,https://systemd.io,ubuntu,systemd,usr/lib/systemd/system/systemd-remount-fs.service,systemd-remount-fs.service,A,UNAMBIGUOUS_EXECUTABLE_LINEAGE,MATCHED,usr/lib/systemd/system/systemd-remount-fs.service,systemd-remount-fs,1,3,,,,1
https://systemd.io::systemd-resolved,https://systemd.io,debian,systemd-resolved,usr/lib/systemd/system/systemd-resolved.service,systemd-resolved.service,A,UNAMBIGUOUS_EXECUTABLE_LINEAGE,MATCHED,usr/lib/systemd/system/systemd-resolved.service,systemd-resolved,1,3,,,,1
https://systemd.io::systemd-resolved,https://systemd.io,fedora,systemd-resolved,usr/lib/systemd/system/systemd-resolved.service,systemd-resolved.service,A,UNAMBIGUOUS_EXECUTABLE_LINEAGE,MATCHED,usr/lib/systemd/system/systemd-resolved.service,systemd-resolved,1,3,,,,1
https://systemd.io::systemd-resolved,https://systemd.io,ubuntu,systemd-resolved,usr/lib/systemd/system/systemd-resolved.service,systemd-resolved.service,A,UNAMBIGUOUS_EXECUTABLE_LINEAGE,MATCHED,usr/lib/systemd/system/systemd-resolved.service,systemd-resolved,1,3,,,,1
https://systemd.io::systemd-rfkill,https://systemd.io,debian,systemd,usr/lib/systemd/system/systemd-rfkill.service,systemd-rfkill.service,A,UNAMBIGUOUS_EXECUTABLE_LINEAGE,MATCHED,usr/lib/systemd/system/systemd-rfkill.service,systemd-rfkill,1,3,,,,1
https://systemd.io::systemd-rfkill,https://systemd.io,fedora,systemd-udev,usr/lib/systemd/system/systemd-rfkill.service,systemd-rfkill.service,A,UNAMBIGUOUS_EXECUTABLE_LINEAGE,MATCHED,usr/lib/systemd/system/systemd-rfkill.service,systemd-rfkill,1,3,,,,1
https://systemd.io::systemd-rfkill,https://systemd.io,ubuntu,systemd,usr/lib/systemd/system/systemd-rfkill.service,systemd-rfkill.service,A,UNAMBIGUOUS_EXECUTABLE_LINEAGE,MATCHED,usr/lib/systemd/system/systemd-rfkill.service,systemd-rfkill,1,3,,,,1
https://systemd.io::systemd-sleep,https://systemd.io,debian,systemd,usr/lib/systemd/system/systemd-hibernate.service,systemd-hibernate.service,UNRESOLVED,UNAMBIGUOUS_EXECUTABLE_LINEAGE,SERVICE_LINEAGE_AMBIGUOUS,usr/lib/systemd/system/systemd-hibernate.service,systemd-sleep,4,3,,,,4
https://systemd.io::systemd-sleep,https://systemd.io,debian,systemd,usr/lib/systemd/system/systemd-hybrid-sleep.service,systemd-hybrid-sleep.service,UNRESOLVED,UNAMBIGUOUS_EXECUTABLE_LINEAGE,SERVICE_LINEAGE_AMBIGUOUS,usr/lib/systemd/system/systemd-hybrid-sleep.service,systemd-sleep,4,3,,,,4
https://systemd.io::systemd-sleep,https://systemd.io,debian,systemd,usr/lib/systemd/system/systemd-suspend-then-hibernate.service,systemd-suspend-then-hibernate.service,UNRESOLVED,UNAMBIGUOUS_EXECUTABLE_LINEAGE,SERVICE_LINEAGE_AMBIGUOUS,usr/lib/systemd/system/systemd-suspend-then-hibernate.service,systemd-sleep,4,3,,,,4
https://systemd.io::systemd-sleep,https://systemd.io,debian,systemd,usr/lib/systemd/system/systemd-suspend.service,systemd-suspend.service,UNRESOLVED,UNAMBIGUOUS_EXECUTABLE_LINEAGE,SERVICE_LINEAGE_AMBIGUOUS,usr/lib/systemd/system/systemd-suspend.service,systemd-sleep,4,3,,,,4
https://systemd.io::systemd-sleep,https://systemd.io,fedora,systemd-udev,usr/lib/systemd/system/systemd-hibernate.service,systemd-hibernate.service,UNRESOLVED,UNAMBIGUOUS_EXECUTABLE_LINEAGE,SERVICE_LINEAGE_AMBIGUOUS,usr/lib/systemd/system/systemd-hibernate.service,systemd-sleep,4,3,,,,4
https://systemd.io::systemd-sleep,https://systemd.io,fedora,systemd-udev,usr/lib/systemd/system/systemd-hybrid-sleep.service,systemd-hybrid-sleep.service,UNRESOLVED,UNAMBIGUOUS_EXECUTABLE_LINEAGE,SERVICE_LINEAGE_AMBIGUOUS,usr/lib/systemd/system/systemd-hybrid-sleep.service,systemd-sleep,4,3,,,,4
https://systemd.io::systemd-sleep,https://systemd.io,fedora,systemd-udev,usr/lib/systemd/system/systemd-suspend-then-hibernate.service,systemd-suspend-then-hibernate.service,UNRESOLVED,UNAMBIGUOUS_EXECUTABLE_LINEAGE,SERVICE_LINEAGE_AMBIGUOUS,usr/lib/systemd/system/systemd-suspend-then-hibernate.service,systemd-sleep,4,3,,,,4
https://systemd.io::systemd-sleep,https://systemd.io,fedora,systemd-udev,usr/lib/systemd/system/systemd-suspend.service,systemd-suspend.service,UNRESOLVED,UNAMBIGUOUS_EXECUTABLE_LINEAGE,SERVICE_LINEAGE_AMBIGUOUS,usr/lib/systemd/system/systemd-suspend.service,systemd-sleep,4,3,,,,4
https://systemd.io::systemd-sleep,https://systemd.io,ubuntu,systemd,usr/lib/systemd/system/systemd-hibernate.service,systemd-hibernate.service,UNRESOLVED,UNAMBIGUOUS_EXECUTABLE_LINEAGE,SERVICE_LINEAGE_AMBIGUOUS,usr/lib/systemd/system/systemd-hibernate.service,systemd-sleep,4,3,,,,4
https://systemd.io::systemd-sleep,https://systemd.io,ubuntu,systemd,usr/lib/systemd/system/systemd-hybrid-sleep.service,systemd-hybrid-sleep.service,UNRESOLVED,UNAMBIGUOUS_EXECUTABLE_LINEAGE,SERVICE_LINEAGE_AMBIGUOUS,usr/lib/systemd/system/systemd-hybrid-sleep.service,systemd-sleep,4,3,,,,4
https://systemd.io::systemd-sleep,https://systemd.io,ubuntu,systemd,usr/lib/systemd/system/systemd-suspend-then-hibernate.service,systemd-suspend-then-hibernate.service,UNRESOLVED,UNAMBIGUOUS_EXECUTABLE_LINEAGE,SERVICE_LINEAGE_AMBIGUOUS,usr/lib/systemd/system/systemd-suspend-then-hibernate.service,systemd-sleep,4,3,,,,4
https://systemd.io::systemd-sleep,https://systemd.io,ubuntu,systemd,usr/lib/systemd/system/systemd-suspend.service,systemd-suspend.service,UNRESOLVED,UNAMBIGUOUS_EXECUTABLE_LINEAGE,SERVICE_LINEAGE_AMBIGUOUS,usr/lib/systemd/system/systemd-suspend.service,systemd-sleep,4,3,,,,4
https://systemd.io::systemd-storagetm,https://systemd.io,debian,systemd,usr/lib/systemd/system/systemd-storagetm.service,systemd-storagetm.service,A,UNAMBIGUOUS_EXECUTABLE_LINEAGE,MATCHED,usr/lib/systemd/system/systemd-storagetm.service,systemd-storagetm,1,3,,,,1
https://systemd.io::systemd-storagetm,https://systemd.io,fedora,systemd,usr/lib/systemd/system/systemd-storagetm.service,systemd-storagetm.service,A,UNAMBIGUOUS_EXECUTABLE_LINEAGE,MATCHED,usr/lib/systemd/system/systemd-storagetm.service,systemd-storagetm,1,3,,,,1
https://systemd.io::systemd-storagetm,https://systemd.io,ubuntu,systemd,usr/lib/systemd/system/systemd-storagetm.service,systemd-storagetm.service,A,UNAMBIGUOUS_EXECUTABLE_LINEAGE,MATCHED,usr/lib/systemd/system/systemd-storagetm.service,systemd-storagetm,1,3,,,,1
https://systemd.io::systemd-sulogin-shell,https://systemd.io,debian,systemd,usr/lib/systemd/system/emergency.service,emergency.service,UNRESOLVED,UNAMBIGUOUS_EXECUTABLE_LINEAGE,SERVICE_LINEAGE_AMBIGUOUS,usr/lib/systemd/system/emergency.service,systemd-sulogin-shell,2,3,,,,2
https://systemd.io::systemd-sulogin-shell,https://systemd.io,debian,systemd,usr/lib/systemd/system/rescue.service,rescue.service,UNRESOLVED,UNAMBIGUOUS_EXECUTABLE_LINEAGE,SERVICE_LINEAGE_AMBIGUOUS,usr/lib/systemd/system/rescue.service,systemd-sulogin-shell,2,3,,,,2
https://systemd.io::systemd-sulogin-shell,https://systemd.io,fedora,systemd,usr/lib/systemd/system/emergency.service,emergency.service,UNRESOLVED,UNAMBIGUOUS_EXECUTABLE_LINEAGE,SERVICE_LINEAGE_AMBIGUOUS,usr/lib/systemd/system/emergency.service,systemd-sulogin-shell,2,3,,,,2
https://systemd.io::systemd-sulogin-shell,https://systemd.io,fedora,systemd,usr/lib/systemd/system/rescue.service,rescue.service,UNRESOLVED,UNAMBIGUOUS_EXECUTABLE_LINEAGE,SERVICE_LINEAGE_AMBIGUOUS,usr/lib/systemd/system/rescue.service,systemd-sulogin-shell,2,3,,,,2
https://systemd.io::systemd-sulogin-shell,https://systemd.io,ubuntu,systemd,usr/lib/systemd/system/emergency.service,emergency.service,UNRESOLVED,UNAMBIGUOUS_EXECUTABLE_LINEAGE,SERVICE_LINEAGE_AMBIGUOUS,usr/lib/systemd/system/emergency.service,systemd-sulogin-shell,2,3,,,,2
https://systemd.io::systemd-sulogin-shell,https://systemd.io,ubuntu,systemd,usr/lib/systemd/system/rescue.service,rescue.service,UNRESOLVED,UNAMBIGUOUS_EXECUTABLE_LINEAGE,SERVICE_LINEAGE_AMBIGUOUS,usr/lib/systemd/system/rescue.service,systemd-sulogin-shell,2,3,,,,2
https://systemd.io::systemd-sysctl,https://systemd.io,debian,systemd,usr/lib/systemd/system/systemd-sysctl.service,systemd-sysctl.service,A,UNAMBIGUOUS_EXECUTABLE_LINEAGE,MATCHED,usr/lib/systemd/system/systemd-sysctl.service,systemd-sysctl,1,3,,,,1
https://systemd.io::systemd-sysctl,https://systemd.io,fedora,systemd-udev,usr/lib/systemd/system/systemd-sysctl.service,systemd-sysctl.service,A,UNAMBIGUOUS_EXECUTABLE_LINEAGE,MATCHED,usr/lib/systemd/system/systemd-sysctl.service,systemd-sysctl,1,3,,,,1
https://systemd.io::systemd-sysctl,https://systemd.io,ubuntu,systemd,usr/lib/systemd/system/systemd-sysctl.service,systemd-sysctl.service,A,UNAMBIGUOUS_EXECUTABLE_LINEAGE,MATCHED,usr/lib/systemd/system/systemd-sysctl.service,systemd-sysctl,1,3,,,,1
https://systemd.io::systemd-sysroot-fstab-check,https://systemd.io,fedora,systemd-udev,usr/lib/systemd/system/initrd-parse-etc.service,initrd-parse-etc.service,A,UNAMBIGUOUS_EXECUTABLE_LINEAGE,MATCHED,usr/lib/systemd/system/initrd-parse-etc.service,systemd-sysroot-fstab-check,1,2,,,,1
https://systemd.io::systemd-sysroot-fstab-check,https://systemd.io,ubuntu,systemd,usr/lib/systemd/system/initrd-parse-etc.service,initrd-parse-etc.service,A,UNAMBIGUOUS_EXECUTABLE_LINEAGE,MATCHED,usr/lib/systemd/system/initrd-parse-etc.service,systemd-sysroot-fstab-check,1,2,,,,1
https://systemd.io::systemd-sysupdate,https://systemd.io,debian,systemd-container,usr/lib/systemd/system/systemd-sysupdate-reboot.service,systemd-sysupdate-reboot.service,UNRESOLVED,UNAMBIGUOUS_EXECUTABLE_LINEAGE,SERVICE_LINEAGE_AMBIGUOUS,usr/lib/systemd/system/systemd-sysupdate-reboot.service,systemd-sysupdate,2,3,,,,2
https://systemd.io::systemd-sysupdate,https://systemd.io,debian,systemd-container,usr/lib/systemd/system/systemd-sysupdate.service,systemd-sysupdate.service,UNRESOLVED,UNAMBIGUOUS_EXECUTABLE_LINEAGE,SERVICE_LINEAGE_AMBIGUOUS,usr/lib/systemd/system/systemd-sysupdate.service,systemd-sysupdate,2,3,,,,2
https://systemd.io::systemd-sysupdate,https://systemd.io,fedora,systemd-udev,usr/lib/systemd/system/systemd-sysupdate-reboot.service,systemd-sysupdate-reboot.service,UNRESOLVED,UNAMBIGUOUS_EXECUTABLE_LINEAGE,SERVICE_LINEAGE_AMBIGUOUS,usr/lib/systemd/system/systemd-sysupdate-reboot.service,systemd-sysupdate,2,3,,,,2
https://systemd.io::systemd-sysupdate,https://systemd.io,fedora,systemd-udev,usr/lib/systemd/system/systemd-sysupdate.service,systemd-sysupdate.service,UNRESOLVED,UNAMBIGUOUS_EXECUTABLE_LINEAGE,SERVICE_LINEAGE_AMBIGUOUS,usr/lib/systemd/system/systemd-sysupdate.service,systemd-sysupdate,2,3,,,,2
https://systemd.io::systemd-sysupdate,https://systemd.io,ubuntu,systemd-container,usr/lib/systemd/system/systemd-sysupdate-reboot.service,systemd-sysupdate-reboot.service,UNRESOLVED,UNAMBIGUOUS_EXECUTABLE_LINEAGE,SERVICE_LINEAGE_AMBIGUOUS,usr/lib/systemd/system/systemd-sysupdate-reboot.service,systemd-sysupdate,2,3,,,,2
https://systemd.io::systemd-sysupdate,https://systemd.io,ubuntu,systemd-container,usr/lib/systemd/system/systemd-sysupdate.service,systemd-sysupdate.service,UNRESOLVED,UNAMBIGUOUS_EXECUTABLE_LINEAGE,SERVICE_LINEAGE_AMBIGUOUS,usr/lib/systemd/system/systemd-sysupdate.service,systemd-sysupdate,2,3,,,,2
https://systemd.io::systemd-time-wait-sync,https://systemd.io,debian,systemd-timesyncd,usr/lib/systemd/system/systemd-time-wait-sync.service,systemd-time-wait-sync.service,A,UNAMBIGUOUS_EXECUTABLE_LINEAGE,MATCHED,usr/lib/systemd/system/systemd-time-wait-sync.service,systemd-time-wait-sync,1,3,,,,1
https://systemd.io::systemd-time-wait-sync,https://systemd.io,fedora,systemd,usr/lib/systemd/system/systemd-time-wait-sync.service,systemd-time-wait-sync.service,A,UNAMBIGUOUS_EXECUTABLE_LINEAGE,MATCHED,usr/lib/systemd/system/systemd-time-wait-sync.service,systemd-time-wait-sync,1,3,,,,1
https://systemd.io::systemd-time-wait-sync,https://systemd.io,ubuntu,systemd-timesyncd,usr/lib/systemd/system/systemd-time-wait-sync.service,systemd-time-wait-sync.service,A,UNAMBIGUOUS_EXECUTABLE_LINEAGE,MATCHED,usr/lib/systemd/system/systemd-time-wait-sync.service,systemd-time-wait-sync,1,3,,,,1
https://systemd.io::systemd-timedated,https://systemd.io,debian,systemd,usr/lib/systemd/system/systemd-timedated.service,systemd-timedated.service,A,UNAMBIGUOUS_EXECUTABLE_LINEAGE,MATCHED,usr/lib/systemd/system/systemd-timedated.service,systemd-timedated,1,3,,,,1
https://systemd.io::systemd-timedated,https://systemd.io,fedora,systemd,usr/lib/systemd/system/systemd-timedated.service,systemd-timedated.service,A,UNAMBIGUOUS_EXECUTABLE_LINEAGE,MATCHED,usr/lib/systemd/system/systemd-timedated.service,systemd-timedated,1,3,,,,1
https://systemd.io::systemd-timedated,https://systemd.io,ubuntu,systemd,usr/lib/systemd/system/systemd-timedated.service,systemd-timedated.service,A,UNAMBIGUOUS_EXECUTABLE_LINEAGE,MATCHED,usr/lib/systemd/system/systemd-timedated.service,systemd-timedated,1,3,,,,1
https://systemd.io::systemd-timesyncd,https://systemd.io,debian,systemd-timesyncd,usr/lib/systemd/system/systemd-timesyncd.service,systemd-timesyncd.service,A,UNAMBIGUOUS_EXECUTABLE_LINEAGE,MATCHED,usr/lib/systemd/system/systemd-timesyncd.service,systemd-timesyncd,1,3,,,,1
https://systemd.io::systemd-timesyncd,https://systemd.io,fedora,systemd-udev,usr/lib/systemd/system/systemd-timesyncd.service,systemd-timesyncd.service,A,UNAMBIGUOUS_EXECUTABLE_LINEAGE,MATCHED,usr/lib/systemd/system/systemd-timesyncd.service,systemd-timesyncd,1,3,,,,1
https://systemd.io::systemd-timesyncd,https://systemd.io,ubuntu,systemd-timesyncd,usr/lib/systemd/system/systemd-timesyncd.service,systemd-timesyncd.service,A,UNAMBIGUOUS_EXECUTABLE_LINEAGE,MATCHED,usr/lib/systemd/system/systemd-timesyncd.service,systemd-timesyncd,1,3,,,,1
https://systemd.io::systemd-tpm2-clear,https://systemd.io,fedora,systemd,usr/lib/systemd/system/systemd-tpm2-clear.service,systemd-tpm2-clear.service,A,UNAMBIGUOUS_EXECUTABLE_LINEAGE,MATCHED,usr/lib/systemd/system/systemd-tpm2-clear.service,systemd-tpm2-clear,1,2,,,,1
https://systemd.io::systemd-tpm2-clear,https://systemd.io,ubuntu,systemd,usr/lib/systemd/system/systemd-tpm2-clear.service,systemd-tpm2-clear.service,A,UNAMBIGUOUS_EXECUTABLE_LINEAGE,MATCHED,usr/lib/systemd/system/systemd-tpm2-clear.service,systemd-tpm2-clear,1,2,,,,1
https://systemd.io::systemd-tpm2-setup,https://systemd.io,debian,systemd,usr/lib/systemd/system/systemd-tpm2-setup-early.service,systemd-tpm2-setup-early.service,UNRESOLVED,UNAMBIGUOUS_EXECUTABLE_LINEAGE,SERVICE_LINEAGE_AMBIGUOUS,usr/lib/systemd/system/systemd-tpm2-setup-early.service,systemd-tpm2-setup,2,3,,,,2
https://systemd.io::systemd-tpm2-setup,https://systemd.io,debian,systemd,usr/lib/systemd/system/systemd-tpm2-setup.service,systemd-tpm2-setup.service,UNRESOLVED,UNAMBIGUOUS_EXECUTABLE_LINEAGE,SERVICE_LINEAGE_AMBIGUOUS,usr/lib/systemd/system/systemd-tpm2-setup.service,systemd-tpm2-setup,2,3,,,,2
https://systemd.io::systemd-tpm2-setup,https://systemd.io,fedora,systemd,usr/lib/systemd/system/systemd-tpm2-setup-early.service,systemd-tpm2-setup-early.service,UNRESOLVED,UNAMBIGUOUS_EXECUTABLE_LINEAGE,SERVICE_LINEAGE_AMBIGUOUS,usr/lib/systemd/system/systemd-tpm2-setup-early.service,systemd-tpm2-setup,2,3,,,,2
https://systemd.io::systemd-tpm2-setup,https://systemd.io,fedora,systemd,usr/lib/systemd/system/systemd-tpm2-setup.service,systemd-tpm2-setup.service,UNRESOLVED,UNAMBIGUOUS_EXECUTABLE_LINEAGE,SERVICE_LINEAGE_AMBIGUOUS,usr/lib/systemd/system/systemd-tpm2-setup.service,systemd-tpm2-setup,2,3,,,,2
https://systemd.io::systemd-tpm2-setup,https://systemd.io,ubuntu,systemd,usr/lib/systemd/system/systemd-tpm2-setup-early.service,systemd-tpm2-setup-early.service,UNRESOLVED,UNAMBIGUOUS_EXECUTABLE_LINEAGE,SERVICE_LINEAGE_AMBIGUOUS,usr/lib/systemd/system/systemd-tpm2-setup-early.service,systemd-tpm2-setup,2,3,,,,2
https://systemd.io::systemd-tpm2-setup,https://systemd.io,ubuntu,systemd,usr/lib/systemd/system/systemd-tpm2-setup.service,systemd-tpm2-setup.service,UNRESOLVED,UNAMBIGUOUS_EXECUTABLE_LINEAGE,SERVICE_LINEAGE_AMBIGUOUS,usr/lib/systemd/system/systemd-tpm2-setup.service,systemd-tpm2-setup,2,3,,,,2
https://systemd.io::systemd-udevd,https://systemd.io,debian,udev,usr/lib/systemd/system/systemd-udevd.service,systemd-udevd.service,A,UNAMBIGUOUS_EXECUTABLE_LINEAGE,MATCHED,usr/lib/systemd/system/systemd-udevd.service,systemd-udevd,1,3,,,,1
https://systemd.io::systemd-udevd,https://systemd.io,fedora,systemd-udev,usr/lib/systemd/system/systemd-udevd.service,systemd-udevd.service,A,UNAMBIGUOUS_EXECUTABLE_LINEAGE,MATCHED,usr/lib/systemd/system/systemd-udevd.service,systemd-udevd,1,3,,,,1
https://systemd.io::systemd-udevd,https://systemd.io,ubuntu,udev,usr/lib/systemd/system/systemd-udevd.service,systemd-udevd.service,A,UNAMBIGUOUS_EXECUTABLE_LINEAGE,MATCHED,usr/lib/systemd/system/systemd-udevd.service,systemd-udevd,1,3,,,,1
https://systemd.io::systemd-update-done,https://systemd.io,debian,systemd,usr/lib/systemd/system/systemd-update-done.service,systemd-update-done.service,A,UNAMBIGUOUS_EXECUTABLE_LINEAGE,MATCHED,usr/lib/systemd/system/systemd-update-done.service,systemd-update-done,1,3,,,,1
https://systemd.io::systemd-update-done,https://systemd.io,fedora,systemd,usr/lib/systemd/system/systemd-update-done.service,systemd-update-done.service,A,UNAMBIGUOUS_EXECUTABLE_LINEAGE,MATCHED,usr/lib/systemd/system/systemd-update-done.service,systemd-update-done,1,3,,,,1
https://systemd.io::systemd-update-done,https://systemd.io,ubuntu,systemd,usr/lib/systemd/system/systemd-update-done.service,systemd-update-done.service,A,UNAMBIGUOUS_EXECUTABLE_LINEAGE,MATCHED,usr/lib/systemd/system/systemd-update-done.service,systemd-update-done,1,3,,,,1
https://systemd.io::systemd-user-sessions,https://systemd.io,debian,systemd,usr/lib/systemd/system/systemd-user-sessions.service,systemd-user-sessions.service,A,UNAMBIGUOUS_EXECUTABLE_LINEAGE,MATCHED,usr/lib/systemd/system/systemd-user-sessions.service,systemd-user-sessions,1,3,,,,1
https://systemd.io::systemd-user-sessions,https://systemd.io,fedora,systemd,usr/lib/systemd/system/systemd-user-sessions.service,systemd-user-sessions.service,A,UNAMBIGUOUS_EXECUTABLE_LINEAGE,MATCHED,usr/lib/systemd/system/systemd-user-sessions.service,systemd-user-sessions,1,3,,,,1
https://systemd.io::systemd-user-sessions,https://systemd.io,ubuntu,systemd,usr/lib/systemd/system/systemd-user-sessions.service,systemd-user-sessions.service,A,UNAMBIGUOUS_EXECUTABLE_LINEAGE,MATCHED,usr/lib/systemd/system/systemd-user-sessions.service,systemd-user-sessions,1,3,,,,1
https://systemd.io::systemd-userdbd,https://systemd.io,debian,systemd-userdbd,usr/lib/systemd/system/systemd-userdbd.service,systemd-userdbd.service,A,UNAMBIGUOUS_EXECUTABLE_LINEAGE,MATCHED,usr/lib/systemd/system/systemd-userdbd.service,systemd-userdbd,1,3,,,,1
https://systemd.io::systemd-userdbd,https://systemd.io,fedora,systemd,usr/lib/systemd/system/systemd-userdbd.service,systemd-userdbd.service,A,UNAMBIGUOUS_EXECUTABLE_LINEAGE,MATCHED,usr/lib/systemd/system/systemd-userdbd.service,systemd-userdbd,1,3,,,,1
https://systemd.io::systemd-userdbd,https://systemd.io,ubuntu,systemd-userdbd,usr/lib/systemd/system/systemd-userdbd.service,systemd-userdbd.service,A,UNAMBIGUOUS_EXECUTABLE_LINEAGE,MATCHED,usr/lib/systemd/system/systemd-userdbd.service,systemd-userdbd,1,3,,,,1
https://systemd.io::systemd-volatile-root,https://systemd.io,debian,systemd,usr/lib/systemd/system/systemd-volatile-root.service,systemd-volatile-root.service,A,UNAMBIGUOUS_EXECUTABLE_LINEAGE,MATCHED,usr/lib/systemd/system/systemd-volatile-root.service,systemd-volatile-root,1,3,,,,1
https://systemd.io::systemd-volatile-root,https://systemd.io,fedora,systemd-udev,usr/lib/systemd/system/systemd-volatile-root.service,systemd-volatile-root.service,A,UNAMBIGUOUS_EXECUTABLE_LINEAGE,MATCHED,usr/lib/systemd/system/systemd-volatile-root.service,systemd-volatile-root,1,3,,,,1
https://systemd.io::systemd-volatile-root,https://systemd.io,ubuntu,systemd,usr/lib/systemd/system/systemd-volatile-root.service,systemd-volatile-root.service,A,UNAMBIGUOUS_EXECUTABLE_LINEAGE,MATCHED,usr/lib/systemd/system/systemd-volatile-root.service,systemd-volatile-root,1,3,,,,1
https://systemd.io::upstream-unit::units/initrd-cleanup.service,https://systemd.io,debian,systemd,usr/lib/systemd/system/initrd-cleanup.service,initrd-cleanup.service,A,EXACT_UPSTREAM_UNIT_IDENTITY,MATCHED,/home/emrecan/github/ecylmz/unittrace/artifacts/full/roots/sources/debian/systemd/257.13-1~deb13u1/systemd-257.13/units/initrd-cleanup.service,systemctl,1,3,257.13-1~deb13u1,units/initrd-cleanup.service,739b3b479916b674d3f7a8fcbe1b6be73a7f61ca444737b3eb37d1e8646fd3fc,1
https://systemd.io::upstream-unit::units/initrd-cleanup.service,https://systemd.io,fedora,systemd-udev,usr/lib/systemd/system/initrd-cleanup.service,initrd-cleanup.service,A,EXACT_UPSTREAM_UNIT_IDENTITY,MATCHED,/home/emrecan/github/ecylmz/unittrace/artifacts/full/roots/sources/fedora/systemd/systemd-259.8-1.fc44.src.rpm/systemd-259.8/units/initrd-cleanup.service,systemctl,1,3,systemd-259.8-1.fc44.src.rpm,units/initrd-cleanup.service,7bfb7c01d4e5a9467cbf779e5862748b9666abad598978900fa0ee613f86f4bd,1
https://systemd.io::upstream-unit::units/initrd-cleanup.service,https://systemd.io,ubuntu,systemd,usr/lib/systemd/system/initrd-cleanup.service,initrd-cleanup.service,A,EXACT_UPSTREAM_UNIT_IDENTITY,MATCHED,/home/emrecan/github/ecylmz/unittrace/artifacts/full/roots/sources/ubuntu/systemd/259.5-0ubuntu3/systemd-259.5/units/initrd-cleanup.service,systemctl,1,3,259.5-0ubuntu3,units/initrd-cleanup.service,7bfb7c01d4e5a9467cbf779e5862748b9666abad598978900fa0ee613f86f4bd,1
https://systemd.io::upstream-unit::units/initrd-switch-root.service,https://systemd.io,debian,systemd,usr/lib/systemd/system/initrd-switch-root.service,initrd-switch-root.service,A,EXACT_UPSTREAM_UNIT_IDENTITY,MATCHED,/home/emrecan/github/ecylmz/unittrace/artifacts/full/roots/sources/debian/systemd/257.13-1~deb13u1/systemd-257.13/units/initrd-switch-root.service,systemctl,1,3,257.13-1~deb13u1,units/initrd-switch-root.service,e8f9fe126cdf066e64010778324836909878b6b660e3f23da88d3b20016e4628,1
https://systemd.io::upstream-unit::units/initrd-switch-root.service,https://systemd.io,fedora,systemd-udev,usr/lib/systemd/system/initrd-switch-root.service,initrd-switch-root.service,A,EXACT_UPSTREAM_UNIT_IDENTITY,MATCHED,/home/emrecan/github/ecylmz/unittrace/artifacts/full/roots/sources/fedora/systemd/systemd-259.8-1.fc44.src.rpm/systemd-259.8/units/initrd-switch-root.service,systemctl,1,3,systemd-259.8-1.fc44.src.rpm,units/initrd-switch-root.service,4fb79405ea718d67588a2ca862d7bc0c2899f2dcf95d7bae1e9f82cf77734dc0,1
https://systemd.io::upstream-unit::units/initrd-switch-root.service,https://systemd.io,ubuntu,systemd,usr/lib/systemd/system/initrd-switch-root.service,initrd-switch-root.service,A,EXACT_UPSTREAM_UNIT_IDENTITY,MATCHED,/home/emrecan/github/ecylmz/unittrace/artifacts/full/roots/sources/ubuntu/systemd/259.5-0ubuntu3/systemd-259.5/units/initrd-switch-root.service,systemctl,1,3,259.5-0ubuntu3,units/initrd-switch-root.service,4fb79405ea718d67588a2ca862d7bc0c2899f2dcf95d7bae1e9f82cf77734dc0,1
https://systemd.io::upstream-unit::units/initrd-udevadm-cleanup-db.service,https://systemd.io,debian,systemd,usr/lib/systemd/system/initrd-udevadm-cleanup-db.service,initrd-udevadm-cleanup-db.service,A,EXACT_UPSTREAM_UNIT_IDENTITY,MATCHED,/home/emrecan/github/ecylmz/unittrace/artifacts/full/roots/sources/debian/systemd/257.13-1~deb13u1/systemd-257.13/units/initrd-udevadm-cleanup-db.service,udevadm,1,3,257.13-1~deb13u1,units/initrd-udevadm-cleanup-db.service,413c905a055a7d1b05e3227c15e2b157622eef53ef225d2463fe7648f3a976e2,1
https://systemd.io::upstream-unit::units/initrd-udevadm-cleanup-db.service,https://systemd.io,fedora,systemd-udev,usr/lib/systemd/system/initrd-udevadm-cleanup-db.service,initrd-udevadm-cleanup-db.service,A,EXACT_UPSTREAM_UNIT_IDENTITY,MATCHED,/home/emrecan/github/ecylmz/unittrace/artifacts/full/roots/sources/fedora/systemd/systemd-259.8-1.fc44.src.rpm/systemd-259.8/units/initrd-udevadm-cleanup-db.service,udevadm,1,3,systemd-259.8-1.fc44.src.rpm,units/initrd-udevadm-cleanup-db.service,79a81a7f018a26aca1d3c14054ffdde1077b416806f2f7efacf2ee56d8611955,1
https://systemd.io::upstream-unit::units/initrd-udevadm-cleanup-db.service,https://systemd.io,ubuntu,systemd,usr/lib/systemd/system/initrd-udevadm-cleanup-db.service,initrd-udevadm-cleanup-db.service,A,EXACT_UPSTREAM_UNIT_IDENTITY,MATCHED,/home/emrecan/github/ecylmz/unittrace/artifacts/full/roots/sources/ubuntu/systemd/259.5-0ubuntu3/systemd-259.5/units/initrd-udevadm-cleanup-db.service,udevadm,1,3,259.5-0ubuntu3,units/initrd-udevadm-cleanup-db.service,79a81a7f018a26aca1d3c14054ffdde1077b416806f2f7efacf2ee56d8611955,1
https://systemd.io::upstream-unit::units/ldconfig.service,https://systemd.io,debian,systemd,usr/lib/systemd/system/ldconfig.service,ldconfig.service,A,EXACT_UPSTREAM_UNIT_IDENTITY,MATCHED,/home/emrecan/github/ecylmz/unittrace/artifacts/full/roots/sources/debian/systemd/257.13-1~deb13u1/systemd-257.13/units/ldconfig.service,ldconfig,1,3,257.13-1~deb13u1,units/ldconfig.service,638d37b89c8f0d22e4102374721bb047cf30e11093f8bfa04dae6e404518918e,1
https://systemd.io::upstream-unit::units/ldconfig.service,https://systemd.io,fedora,systemd,usr/lib/systemd/system/ldconfig.service,ldconfig.service,A,EXACT_UPSTREAM_UNIT_IDENTITY,MATCHED,/home/emrecan/github/ecylmz/unittrace/artifacts/full/roots/sources/fedora/systemd/systemd-259.8-1.fc44.src.rpm/systemd-259.8/units/ldconfig.service,ldconfig,1,3,systemd-259.8-1.fc44.src.rpm,units/ldconfig.service,8f84fde0c695fa061222114f56c651dcba7e2976dc9278f3660d13f90f1f12c4,1
https://systemd.io::upstream-unit::units/ldconfig.service,https://systemd.io,ubuntu,systemd,usr/lib/systemd/system/ldconfig.service,ldconfig.service,A,EXACT_UPSTREAM_UNIT_IDENTITY,MATCHED,/home/emrecan/github/ecylmz/unittrace/artifacts/full/roots/sources/ubuntu/systemd/259.5-0ubuntu3/systemd-259.5/units/ldconfig.service,ldconfig,1,3,259.5-0ubuntu3,units/ldconfig.service,8f84fde0c695fa061222114f56c651dcba7e2976dc9278f3660d13f90f1f12c4,1
https://systemd.io::upstream-unit::units/system-update-cleanup.service,https://systemd.io,debian,systemd,usr/lib/systemd/system/system-update-cleanup.service,system-update-cleanup.service,A,EXACT_UPSTREAM_UNIT_IDENTITY,MATCHED,/home/emrecan/github/ecylmz/unittrace/artifacts/full/roots/sources/debian/systemd/257.13-1~deb13u1/systemd-257.13/units/system-update-cleanup.service,rm,1,3,257.13-1~deb13u1,units/system-update-cleanup.service,97597c8bcc74f345344d0a727fc0a2b08355e48ec034fc497710a44fa131c578,1
https://systemd.io::upstream-unit::units/system-update-cleanup.service,https://systemd.io,fedora,systemd,usr/lib/systemd/system/system-update-cleanup.service,system-update-cleanup.service,A,EXACT_UPSTREAM_UNIT_IDENTITY,MATCHED,/home/emrecan/github/ecylmz/unittrace/artifacts/full/roots/sources/fedora/systemd/systemd-259.8-1.fc44.src.rpm/systemd-259.8/units/system-update-cleanup.service,rm,1,3,systemd-259.8-1.fc44.src.rpm,units/system-update-cleanup.service,97597c8bcc74f345344d0a727fc0a2b08355e48ec034fc497710a44fa131c578,1
https://systemd.io::upstream-unit::units/system-update-cleanup.service,https://systemd.io,ubuntu,systemd,usr/lib/systemd/system/system-update-cleanup.service,system-update-cleanup.service,A,EXACT_UPSTREAM_UNIT_IDENTITY,MATCHED,/home/emrecan/github/ecylmz/unittrace/artifacts/full/roots/sources/ubuntu/systemd/259.5-0ubuntu3/systemd-259.5/units/system-update-cleanup.service,rm,1,3,259.5-0ubuntu3,units/system-update-cleanup.service,97597c8bcc74f345344d0a727fc0a2b08355e48ec034fc497710a44fa131c578,1
https://systemd.io::upstream-unit::units/systemd-ask-password-console.service,https://systemd.io,debian,systemd,usr/lib/systemd/system/systemd-ask-password-console.service,systemd-ask-password-console.service,A,EXACT_UPSTREAM_UNIT_IDENTITY,MATCHED,/home/emrecan/github/ecylmz/unittrace/artifacts/full/roots/sources/debian/systemd/257.13-1~deb13u1/systemd-257.13/units/systemd-ask-password-console.service,systemd-tty-ask-password-agent,1,3,257.13-1~deb13u1,units/systemd-ask-password-console.service,339e74aeb29cc207061218b294213557feafc9c6e3962e32fda84d5dbd850804,1
https://systemd.io::upstream-unit::units/systemd-ask-password-console.service,https://systemd.io,fedora,systemd,usr/lib/systemd/system/systemd-ask-password-console.service,systemd-ask-password-console.service,A,EXACT_UPSTREAM_UNIT_IDENTITY,MATCHED,/home/emrecan/github/ecylmz/unittrace/artifacts/full/roots/sources/fedora/systemd/systemd-259.8-1.fc44.src.rpm/systemd-259.8/units/systemd-ask-password-console.service,systemd-tty-ask-password-agent,1,3,systemd-259.8-1.fc44.src.rpm,units/systemd-ask-password-console.service,4b3a52a0ef6d90069cf31d9f4176f504f740b707cbbb2173e0e239c6f4fabc77,1
https://systemd.io::upstream-unit::units/systemd-ask-password-console.service,https://systemd.io,ubuntu,systemd,usr/lib/systemd/system/systemd-ask-password-console.service,systemd-ask-password-console.service,A,EXACT_UPSTREAM_UNIT_IDENTITY,MATCHED,/home/emrecan/github/ecylmz/unittrace/artifacts/full/roots/sources/ubuntu/systemd/259.5-0ubuntu3/systemd-259.5/units/systemd-ask-password-console.service,systemd-tty-ask-password-agent,1,3,259.5-0ubuntu3,units/systemd-ask-password-console.service,4b3a52a0ef6d90069cf31d9f4176f504f740b707cbbb2173e0e239c6f4fabc77,1
https://systemd.io::upstream-unit::units/systemd-ask-password-wall.service,https://systemd.io,debian,systemd,usr/lib/systemd/system/systemd-ask-password-wall.service,systemd-ask-password-wall.service,A,EXACT_UPSTREAM_UNIT_IDENTITY,MATCHED,/home/emrecan/github/ecylmz/unittrace/artifacts/full/roots/sources/debian/systemd/257.13-1~deb13u1/systemd-257.13/units/systemd-ask-password-wall.service,systemd-tty-ask-password-agent,1,3,257.13-1~deb13u1,units/systemd-ask-password-wall.service,f6c97f36c5089e8b00c180c463e46b7050cb65a5609233975e32f5adeb9c2ea0,1
https://systemd.io::upstream-unit::units/systemd-ask-password-wall.service,https://systemd.io,fedora,systemd,usr/lib/systemd/system/systemd-ask-password-wall.service,systemd-ask-password-wall.service,A,EXACT_UPSTREAM_UNIT_IDENTITY,MATCHED,/home/emrecan/github/ecylmz/unittrace/artifacts/full/roots/sources/fedora/systemd/systemd-259.8-1.fc44.src.rpm/systemd-259.8/units/systemd-ask-password-wall.service,systemd-tty-ask-password-agent,1,3,systemd-259.8-1.fc44.src.rpm,units/systemd-ask-password-wall.service,53216d353faab91a36fdd6b6e686e105ef517b77b30c32c5386a98093fe8e816,1
https://systemd.io::upstream-unit::units/systemd-ask-password-wall.service,https://systemd.io,ubuntu,systemd,usr/lib/systemd/system/systemd-ask-password-wall.service,systemd-ask-password-wall.service,A,EXACT_UPSTREAM_UNIT_IDENTITY,MATCHED,/home/emrecan/github/ecylmz/unittrace/artifacts/full/roots/sources/ubuntu/systemd/259.5-0ubuntu3/systemd-259.5/units/systemd-ask-password-wall.service,systemd-tty-ask-password-agent,1,3,259.5-0ubuntu3,units/systemd-ask-password-wall.service,53216d353faab91a36fdd6b6e686e105ef517b77b30c32c5386a98093fe8e816,1
https://systemd.io::upstream-unit::units/systemd-boot-clear-sysfail.service,https://systemd.io,fedora,systemd,usr/lib/systemd/system/systemd-boot-clear-sysfail.service,systemd-boot-clear-sysfail.service,A,EXACT_UPSTREAM_UNIT_IDENTITY,MATCHED,/home/emrecan/github/ecylmz/unittrace/artifacts/full/roots/sources/fedora/systemd/systemd-259.8-1.fc44.src.rpm/systemd-259.8/units/systemd-boot-clear-sysfail.service,bootctl,1,2,systemd-259.8-1.fc44.src.rpm,units/systemd-boot-clear-sysfail.service,440f26d566d5111f6020ac0a0ff40e8546e5b909c3eaf8b8ed08632fa21364af,1
https://systemd.io::upstream-unit::units/systemd-boot-clear-sysfail.service,https://systemd.io,ubuntu,systemd-boot,usr/lib/systemd/system/systemd-boot-clear-sysfail.service,systemd-boot-clear-sysfail.service,A,EXACT_UPSTREAM_UNIT_IDENTITY,MATCHED,/home/emrecan/github/ecylmz/unittrace/artifacts/full/roots/sources/ubuntu/systemd/259.5-0ubuntu3/systemd-259.5/units/systemd-boot-clear-sysfail.service,bootctl,1,2,259.5-0ubuntu3,units/systemd-boot-clear-sysfail.service,440f26d566d5111f6020ac0a0ff40e8546e5b909c3eaf8b8ed08632fa21364af,1
https://systemd.io::upstream-unit::units/systemd-boot-random-seed.service,https://systemd.io,debian,systemd-boot,usr/lib/systemd/system/systemd-boot-random-seed.service,systemd-boot-random-seed.service,A,EXACT_UPSTREAM_UNIT_IDENTITY,MATCHED,/home/emrecan/github/ecylmz/unittrace/artifacts/full/roots/sources/debian/systemd/257.13-1~deb13u1/systemd-257.13/units/systemd-boot-random-seed.service,bootctl,1,3,257.13-1~deb13u1,units/systemd-boot-random-seed.service,a3fc62425342926bcd0097b2eb4d096ae3ccbda2d242031fc25b17568ea04621,1
https://systemd.io::upstream-unit::units/systemd-boot-random-seed.service,https://systemd.io,fedora,systemd-udev,usr/lib/systemd/system/systemd-boot-random-seed.service,systemd-boot-random-seed.service,A,EXACT_UPSTREAM_UNIT_IDENTITY,MATCHED,/home/emrecan/github/ecylmz/unittrace/artifacts/full/roots/sources/fedora/systemd/systemd-259.8-1.fc44.src.rpm/systemd-259.8/units/systemd-boot-random-seed.service,bootctl,1,3,systemd-259.8-1.fc44.src.rpm,units/systemd-boot-random-seed.service,a3fc62425342926bcd0097b2eb4d096ae3ccbda2d242031fc25b17568ea04621,1
https://systemd.io::upstream-unit::units/systemd-boot-random-seed.service,https://systemd.io,ubuntu,systemd-boot,usr/lib/systemd/system/systemd-boot-random-seed.service,systemd-boot-random-seed.service,A,EXACT_UPSTREAM_UNIT_IDENTITY,MATCHED,/home/emrecan/github/ecylmz/unittrace/artifacts/full/roots/sources/ubuntu/systemd/259.5-0ubuntu3/systemd-259.5/units/systemd-boot-random-seed.service,bootctl,1,3,259.5-0ubuntu3,units/systemd-boot-random-seed.service,a3fc62425342926bcd0097b2eb4d096ae3ccbda2d242031fc25b17568ea04621,1
https://systemd.io::upstream-unit::units/systemd-boot-update.service,https://systemd.io,debian,systemd-boot,usr/lib/systemd/system/systemd-boot-update.service,systemd-boot-update.service,A,EXACT_UPSTREAM_UNIT_IDENTITY,MATCHED,/home/emrecan/github/ecylmz/unittrace/artifacts/full/roots/sources/debian/systemd/257.13-1~deb13u1/systemd-257.13/units/systemd-boot-update.service,bootctl,1,3,257.13-1~deb13u1,units/systemd-boot-update.service,960870b799a9f1dd6e2ce2eff4da91766c33f31f3b76f84484278de5fdc6fde7,1
https://systemd.io::upstream-unit::units/systemd-boot-update.service,https://systemd.io,fedora,systemd-udev,usr/lib/systemd/system/systemd-boot-update.service,systemd-boot-update.service,A,EXACT_UPSTREAM_UNIT_IDENTITY,MATCHED,/home/emrecan/github/ecylmz/unittrace/artifacts/full/roots/sources/fedora/systemd/systemd-259.8-1.fc44.src.rpm/systemd-259.8/units/systemd-boot-update.service,bootctl,1,3,systemd-259.8-1.fc44.src.rpm,units/systemd-boot-update.service,57c45ccdfe30bab515b446aa5a9d3cd089fdcf1d7d8fc3a8c05e8e2607dc7e62,1
https://systemd.io::upstream-unit::units/systemd-boot-update.service,https://systemd.io,ubuntu,systemd-boot,usr/lib/systemd/system/systemd-boot-update.service,systemd-boot-update.service,A,EXACT_UPSTREAM_UNIT_IDENTITY,MATCHED,/home/emrecan/github/ecylmz/unittrace/artifacts/full/roots/sources/ubuntu/systemd/259.5-0ubuntu3/systemd-259.5/units/systemd-boot-update.service,bootctl,1,3,259.5-0ubuntu3,units/systemd-boot-update.service,57c45ccdfe30bab515b446aa5a9d3cd089fdcf1d7d8fc3a8c05e8e2607dc7e62,1
https://systemd.io::upstream-unit::units/systemd-confext-initrd.service,https://systemd.io,fedora,systemd,usr/lib/systemd/system/systemd-confext-initrd.service,systemd-confext-initrd.service,A,EXACT_UPSTREAM_UNIT_IDENTITY,MATCHED,/home/emrecan/github/ecylmz/unittrace/artifacts/full/roots/sources/fedora/systemd/systemd-259.8-1.fc44.src.rpm/systemd-259.8/units/systemd-confext-initrd.service,systemd-confext,1,2,systemd-259.8-1.fc44.src.rpm,units/systemd-confext-initrd.service,ff452fdc9f8577c4a38d8291bf46a704acd863da597de8eb6e6375ff53054de7,1
https://systemd.io::upstream-unit::units/systemd-confext-initrd.service,https://systemd.io,ubuntu,systemd,usr/lib/systemd/system/systemd-confext-initrd.service,systemd-confext-initrd.service,A,EXACT_UPSTREAM_UNIT_IDENTITY,MATCHED,/home/emrecan/github/ecylmz/unittrace/artifacts/full/roots/sources/ubuntu/systemd/259.5-0ubuntu3/systemd-259.5/units/systemd-confext-initrd.service,systemd-confext,1,2,259.5-0ubuntu3,units/systemd-confext-initrd.service,ff452fdc9f8577c4a38d8291bf46a704acd863da597de8eb6e6375ff53054de7,1
https://systemd.io::upstream-unit::units/systemd-confext.service,https://systemd.io,debian,systemd,usr/lib/systemd/system/systemd-confext.service,systemd-confext.service,A,EXACT_UPSTREAM_UNIT_IDENTITY,MATCHED,/home/emrecan/github/ecylmz/unittrace/artifacts/full/roots/sources/debian/systemd/257.13-1~deb13u1/systemd-257.13/units/systemd-confext.service,systemd-confext,1,3,257.13-1~deb13u1,units/systemd-confext.service,e00c500d312ba41752173bef2cb1c4da479e0fe84d42af05ad45b623e87051b0,1
https://systemd.io::upstream-unit::units/systemd-confext.service,https://systemd.io,fedora,systemd,usr/lib/systemd/system/systemd-confext.service,systemd-confext.service,A,EXACT_UPSTREAM_UNIT_IDENTITY,MATCHED,/home/emrecan/github/ecylmz/unittrace/artifacts/full/roots/sources/fedora/systemd/systemd-259.8-1.fc44.src.rpm/systemd-259.8/units/systemd-confext.service,systemd-confext,1,3,systemd-259.8-1.fc44.src.rpm,units/systemd-confext.service,dd2ac3afe013d4b2c44bdef119631b5be98d50cf89687c6903b49464ae9eeda8,1
https://systemd.io::upstream-unit::units/systemd-confext.service,https://systemd.io,ubuntu,systemd,usr/lib/systemd/system/systemd-confext.service,systemd-confext.service,A,EXACT_UPSTREAM_UNIT_IDENTITY,MATCHED,/home/emrecan/github/ecylmz/unittrace/artifacts/full/roots/sources/ubuntu/systemd/259.5-0ubuntu3/systemd-259.5/units/systemd-confext.service,systemd-confext,1,3,259.5-0ubuntu3,units/systemd-confext.service,dd2ac3afe013d4b2c44bdef119631b5be98d50cf89687c6903b49464ae9eeda8,1
https://systemd.io::upstream-unit::units/systemd-exit.service,https://systemd.io,debian,systemd,usr/lib/systemd/system/systemd-exit.service,systemd-exit.service,A,EXACT_UPSTREAM_UNIT_IDENTITY,MATCHED,/home/emrecan/github/ecylmz/unittrace/artifacts/full/roots/sources/debian/systemd/257.13-1~deb13u1/systemd-257.13/units/systemd-exit.service,,1,3,257.13-1~deb13u1,units/systemd-exit.service,e892582abe0dcd83d8204c831fd430592fa77b07b735b655fcbbfe5e9014b8c5,1
https://systemd.io::upstream-unit::units/systemd-exit.service,https://systemd.io,fedora,systemd,usr/lib/systemd/system/systemd-exit.service,systemd-exit.service,A,EXACT_UPSTREAM_UNIT_IDENTITY,MATCHED,/home/emrecan/github/ecylmz/unittrace/artifacts/full/roots/sources/fedora/systemd/systemd-259.8-1.fc44.src.rpm/systemd-259.8/units/systemd-exit.service,,1,3,systemd-259.8-1.fc44.src.rpm,units/systemd-exit.service,e892582abe0dcd83d8204c831fd430592fa77b07b735b655fcbbfe5e9014b8c5,1
https://systemd.io::upstream-unit::units/systemd-exit.service,https://systemd.io,ubuntu,systemd,usr/lib/systemd/system/systemd-exit.service,systemd-exit.service,A,EXACT_UPSTREAM_UNIT_IDENTITY,MATCHED,/home/emrecan/github/ecylmz/unittrace/artifacts/full/roots/sources/ubuntu/systemd/259.5-0ubuntu3/systemd-259.5/units/systemd-exit.service,,1,3,259.5-0ubuntu3,units/systemd-exit.service,e892582abe0dcd83d8204c831fd430592fa77b07b735b655fcbbfe5e9014b8c5,1
https://systemd.io::upstream-unit::units/systemd-factory-reset-reboot.service,https://systemd.io,fedora,systemd,usr/lib/systemd/system/systemd-factory-reset-reboot.service,systemd-factory-reset-reboot.service,A,EXACT_UPSTREAM_UNIT_IDENTITY,MATCHED,/home/emrecan/github/ecylmz/unittrace/artifacts/full/roots/sources/fedora/systemd/systemd-259.8-1.fc44.src.rpm/systemd-259.8/units/systemd-factory-reset-reboot.service,,1,2,systemd-259.8-1.fc44.src.rpm,units/systemd-factory-reset-reboot.service,4f3139f9bd303df9f0211b08d9e922ad36dd220d799b389fbea8565be60aece4,1
https://systemd.io::upstream-unit::units/systemd-factory-reset-reboot.service,https://systemd.io,ubuntu,systemd,usr/lib/systemd/system/systemd-factory-reset-reboot.service,systemd-factory-reset-reboot.service,A,EXACT_UPSTREAM_UNIT_IDENTITY,MATCHED,/home/emrecan/github/ecylmz/unittrace/artifacts/full/roots/sources/ubuntu/systemd/259.5-0ubuntu3/systemd-259.5/units/systemd-factory-reset-reboot.service,,1,2,259.5-0ubuntu3,units/systemd-factory-reset-reboot.service,4f3139f9bd303df9f0211b08d9e922ad36dd220d799b389fbea8565be60aece4,1
https://systemd.io::upstream-unit::units/systemd-firstboot.service,https://systemd.io,debian,systemd,usr/lib/systemd/system/systemd-firstboot.service,systemd-firstboot.service,A,EXACT_UPSTREAM_UNIT_IDENTITY,MATCHED,/home/emrecan/github/ecylmz/unittrace/artifacts/full/roots/sources/debian/systemd/257.13-1~deb13u1/systemd-257.13/units/systemd-firstboot.service,systemd-firstboot,1,3,257.13-1~deb13u1,units/systemd-firstboot.service,3921ffaf215f059cf0c40f22dda32a9a6dec603a8ffd08beb54ff8d4e2aa6005,1
https://systemd.io::upstream-unit::units/systemd-firstboot.service,https://systemd.io,fedora,systemd,usr/lib/systemd/system/systemd-firstboot.service,systemd-firstboot.service,A,EXACT_UPSTREAM_UNIT_IDENTITY,MATCHED,/home/emrecan/github/ecylmz/unittrace/artifacts/full/roots/sources/fedora/systemd/systemd-259.8-1.fc44.src.rpm/systemd-259.8/units/systemd-firstboot.service,systemd-firstboot,1,3,systemd-259.8-1.fc44.src.rpm,units/systemd-firstboot.service,fa39fdd0c5c056932b78d1b2c2e2690609c6338e3dcd65d24466e2f6cc979a0d,1
https://systemd.io::upstream-unit::units/systemd-firstboot.service,https://systemd.io,ubuntu,systemd,usr/lib/systemd/system/systemd-firstboot.service,systemd-firstboot.service,A,EXACT_UPSTREAM_UNIT_IDENTITY,MATCHED,/home/emrecan/github/ecylmz/unittrace/artifacts/full/roots/sources/ubuntu/systemd/259.5-0ubuntu3/systemd-259.5/units/systemd-firstboot.service,systemd-firstboot,1,3,259.5-0ubuntu3,units/systemd-firstboot.service,fa39fdd0c5c056932b78d1b2c2e2690609c6338e3dcd65d24466e2f6cc979a0d,1
https://systemd.io::upstream-unit::units/systemd-halt.service,https://systemd.io,debian,systemd,usr/lib/systemd/system/systemd-halt.service,systemd-halt.service,A,EXACT_UPSTREAM_UNIT_IDENTITY,MATCHED,/home/emrecan/github/ecylmz/unittrace/artifacts/full/roots/sources/debian/systemd/257.13-1~deb13u1/systemd-257.13/units/systemd-halt.service,,1,3,257.13-1~deb13u1,units/systemd-halt.service,bf86c32b029f1303460fbea1e9e5c6782880e1ac2e2059365a75a8685ed9b13e,1
https://systemd.io::upstream-unit::units/systemd-halt.service,https://systemd.io,fedora,systemd,usr/lib/systemd/system/systemd-halt.service,systemd-halt.service,A,EXACT_UPSTREAM_UNIT_IDENTITY,MATCHED,/home/emrecan/github/ecylmz/unittrace/artifacts/full/roots/sources/fedora/systemd/systemd-259.8-1.fc44.src.rpm/systemd-259.8/units/systemd-halt.service,,1,3,systemd-259.8-1.fc44.src.rpm,units/systemd-halt.service,bf86c32b029f1303460fbea1e9e5c6782880e1ac2e2059365a75a8685ed9b13e,1
https://systemd.io::upstream-unit::units/systemd-halt.service,https://systemd.io,ubuntu,systemd,usr/lib/systemd/system/systemd-halt.service,systemd-halt.service,A,EXACT_UPSTREAM_UNIT_IDENTITY,MATCHED,/home/emrecan/github/ecylmz/unittrace/artifacts/full/roots/sources/ubuntu/systemd/259.5-0ubuntu3/systemd-259.5/units/systemd-halt.service,,1,3,259.5-0ubuntu3,units/systemd-halt.service,bf86c32b029f1303460fbea1e9e5c6782880e1ac2e2059365a75a8685ed9b13e,1
https://systemd.io::upstream-unit::units/systemd-homed-activate.service,https://systemd.io,debian,systemd-homed,usr/lib/systemd/system/systemd-homed-activate.service,systemd-homed-activate.service,A,EXACT_UPSTREAM_UNIT_IDENTITY,MATCHED,/home/emrecan/github/ecylmz/unittrace/artifacts/full/roots/sources/debian/systemd/257.13-1~deb13u1/systemd-257.13/units/systemd-homed-activate.service,,1,3,257.13-1~deb13u1,units/systemd-homed-activate.service,4f816a2918cc824b4c878e129461db1809f730be2ab337ed052206e35a570c8e,1
https://systemd.io::upstream-unit::units/systemd-homed-activate.service,https://systemd.io,fedora,systemd-udev,usr/lib/systemd/system/systemd-homed-activate.service,systemd-homed-activate.service,A,EXACT_UPSTREAM_UNIT_IDENTITY,MATCHED,/home/emrecan/github/ecylmz/unittrace/artifacts/full/roots/sources/fedora/systemd/systemd-259.8-1.fc44.src.rpm/systemd-259.8/units/systemd-homed-activate.service,,1,3,systemd-259.8-1.fc44.src.rpm,units/systemd-homed-activate.service,4f816a2918cc824b4c878e129461db1809f730be2ab337ed052206e35a570c8e,1
https://systemd.io::upstream-unit::units/systemd-homed-activate.service,https://systemd.io,ubuntu,systemd-homed,usr/lib/systemd/system/systemd-homed-activate.service,systemd-homed-activate.service,A,EXACT_UPSTREAM_UNIT_IDENTITY,MATCHED,/home/emrecan/github/ecylmz/unittrace/artifacts/full/roots/sources/ubuntu/systemd/259.5-0ubuntu3/systemd-259.5/units/systemd-homed-activate.service,,1,3,259.5-0ubuntu3,units/systemd-homed-activate.service,4f816a2918cc824b4c878e129461db1809f730be2ab337ed052206e35a570c8e,1
https://systemd.io::upstream-unit::units/systemd-homed-firstboot.service,https://systemd.io,debian,systemd-homed,usr/lib/systemd/system/systemd-homed-firstboot.service,systemd-homed-firstboot.service,A,EXACT_UPSTREAM_UNIT_IDENTITY,MATCHED,/home/emrecan/github/ecylmz/unittrace/artifacts/full/roots/sources/debian/systemd/257.13-1~deb13u1/systemd-257.13/units/systemd-homed-firstboot.service,homectl,1,3,257.13-1~deb13u1,units/systemd-homed-firstboot.service,0eadb5991b69c76e4cb768076c726019b96ca0af1e1b76a86d685ce03e465a44,1
https://systemd.io::upstream-unit::units/systemd-homed-firstboot.service,https://systemd.io,fedora,systemd-udev,usr/lib/systemd/system/systemd-homed-firstboot.service,systemd-homed-firstboot.service,A,EXACT_UPSTREAM_UNIT_IDENTITY,MATCHED,/home/emrecan/github/ecylmz/unittrace/artifacts/full/roots/sources/fedora/systemd/systemd-259.8-1.fc44.src.rpm/systemd-259.8/units/systemd-homed-firstboot.service,homectl,1,3,systemd-259.8-1.fc44.src.rpm,units/systemd-homed-firstboot.service,ea608557f426c13e2954d056272e7a6e58562f38b4b964410b20531f7bb04867,1
https://systemd.io::upstream-unit::units/systemd-homed-firstboot.service,https://systemd.io,ubuntu,systemd-homed,usr/lib/systemd/system/systemd-homed-firstboot.service,systemd-homed-firstboot.service,A,EXACT_UPSTREAM_UNIT_IDENTITY,MATCHED,/home/emrecan/github/ecylmz/unittrace/artifacts/full/roots/sources/ubuntu/systemd/259.5-0ubuntu3/systemd-259.5/units/systemd-homed-firstboot.service,homectl,1,3,259.5-0ubuntu3,units/systemd-homed-firstboot.service,ea608557f426c13e2954d056272e7a6e58562f38b4b964410b20531f7bb04867,1
https://systemd.io::upstream-unit::units/systemd-journal-catalog-update.service,https://systemd.io,debian,systemd,usr/lib/systemd/system/systemd-journal-catalog-update.service,systemd-journal-catalog-update.service,A,EXACT_UPSTREAM_UNIT_IDENTITY,MATCHED,/home/emrecan/github/ecylmz/unittrace/artifacts/full/roots/sources/debian/systemd/257.13-1~deb13u1/systemd-257.13/units/systemd-journal-catalog-update.service,journalctl,1,3,257.13-1~deb13u1,units/systemd-journal-catalog-update.service,9d06e11680ff85b40579106281faf56442dfac86bddff0151d8524464439ae9e,1
https://systemd.io::upstream-unit::units/systemd-journal-catalog-update.service,https://systemd.io,fedora,systemd,usr/lib/systemd/system/systemd-journal-catalog-update.service,systemd-journal-catalog-update.service,A,EXACT_UPSTREAM_UNIT_IDENTITY,MATCHED,/home/emrecan/github/ecylmz/unittrace/artifacts/full/roots/sources/fedora/systemd/systemd-259.8-1.fc44.src.rpm/systemd-259.8/units/systemd-journal-catalog-update.service,journalctl,1,3,systemd-259.8-1.fc44.src.rpm,units/systemd-journal-catalog-update.service,9d06e11680ff85b40579106281faf56442dfac86bddff0151d8524464439ae9e,1
https://systemd.io::upstream-unit::units/systemd-journal-catalog-update.service,https://systemd.io,ubuntu,systemd,usr/lib/systemd/system/systemd-journal-catalog-update.service,systemd-journal-catalog-update.service,A,EXACT_UPSTREAM_UNIT_IDENTITY,MATCHED,/home/emrecan/github/ecylmz/unittrace/artifacts/full/roots/sources/ubuntu/systemd/259.5-0ubuntu3/systemd-259.5/units/systemd-journal-catalog-update.service,journalctl,1,3,259.5-0ubuntu3,units/systemd-journal-catalog-update.service,9d06e11680ff85b40579106281faf56442dfac86bddff0151d8524464439ae9e,1
https://systemd.io::upstream-unit::units/systemd-journal-flush.service,https://systemd.io,debian,systemd,usr/lib/systemd/system/systemd-journal-flush.service,systemd-journal-flush.service,A,EXACT_UPSTREAM_UNIT_IDENTITY,MATCHED,/home/emrecan/github/ecylmz/unittrace/artifacts/full/roots/sources/debian/systemd/257.13-1~deb13u1/systemd-257.13/units/systemd-journal-flush.service,journalctl,1,3,257.13-1~deb13u1,units/systemd-journal-flush.service,469693d108ff3e4b38b385cd8fce418f548406902c38bde3d2fc0e2c717bd667,1
https://systemd.io::upstream-unit::units/systemd-journal-flush.service,https://systemd.io,fedora,systemd,usr/lib/systemd/system/systemd-journal-flush.service,systemd-journal-flush.service,A,EXACT_UPSTREAM_UNIT_IDENTITY,MATCHED,/home/emrecan/github/ecylmz/unittrace/artifacts/full/roots/sources/fedora/systemd/systemd-259.8-1.fc44.src.rpm/systemd-259.8/units/systemd-journal-flush.service,journalctl,1,3,systemd-259.8-1.fc44.src.rpm,units/systemd-journal-flush.service,469693d108ff3e4b38b385cd8fce418f548406902c38bde3d2fc0e2c717bd667,1
https://systemd.io::upstream-unit::units/systemd-journal-flush.service,https://systemd.io,ubuntu,systemd,usr/lib/systemd/system/systemd-journal-flush.service,systemd-journal-flush.service,A,EXACT_UPSTREAM_UNIT_IDENTITY,MATCHED,/home/emrecan/github/ecylmz/unittrace/artifacts/full/roots/sources/ubuntu/systemd/259.5-0ubuntu3/systemd-259.5/units/systemd-journal-flush.service,journalctl,1,3,259.5-0ubuntu3,units/systemd-journal-flush.service,469693d108ff3e4b38b385cd8fce418f548406902c38bde3d2fc0e2c717bd667,1
https://systemd.io::upstream-unit::units/systemd-kexec.service,https://systemd.io,debian,systemd,usr/lib/systemd/system/systemd-kexec.service,systemd-kexec.service,A,EXACT_UPSTREAM_UNIT_IDENTITY,MATCHED,/home/emrecan/github/ecylmz/unittrace/artifacts/full/roots/sources/debian/systemd/257.13-1~deb13u1/systemd-257.13/units/systemd-kexec.service,,1,3,257.13-1~deb13u1,units/systemd-kexec.service,31427eb5414f59c161c03201c6f92d23db0fe83476e6976c45705765a90bbd10,1
https://systemd.io::upstream-unit::units/systemd-kexec.service,https://systemd.io,fedora,systemd,usr/lib/systemd/system/systemd-kexec.service,systemd-kexec.service,A,EXACT_UPSTREAM_UNIT_IDENTITY,MATCHED,/home/emrecan/github/ecylmz/unittrace/artifacts/full/roots/sources/fedora/systemd/systemd-259.8-1.fc44.src.rpm/systemd-259.8/units/systemd-kexec.service,,1,3,systemd-259.8-1.fc44.src.rpm,units/systemd-kexec.service,31427eb5414f59c161c03201c6f92d23db0fe83476e6976c45705765a90bbd10,1
https://systemd.io::upstream-unit::units/systemd-kexec.service,https://systemd.io,ubuntu,systemd,usr/lib/systemd/system/systemd-kexec.service,systemd-kexec.service,A,EXACT_UPSTREAM_UNIT_IDENTITY,MATCHED,/home/emrecan/github/ecylmz/unittrace/artifacts/full/roots/sources/ubuntu/systemd/259.5-0ubuntu3/systemd-259.5/units/systemd-kexec.service,,1,3,259.5-0ubuntu3,units/systemd-kexec.service,31427eb5414f59c161c03201c6f92d23db0fe83476e6976c45705765a90bbd10,1
https://systemd.io::upstream-unit::units/systemd-machine-id-commit.service,https://systemd.io,debian,systemd,usr/lib/systemd/system/systemd-machine-id-commit.service,systemd-machine-id-commit.service,A,EXACT_UPSTREAM_UNIT_IDENTITY,MATCHED,/home/emrecan/github/ecylmz/unittrace/artifacts/full/roots/sources/debian/systemd/257.13-1~deb13u1/systemd-257.13/units/systemd-machine-id-commit.service,systemd-machine-id-setup,1,3,257.13-1~deb13u1,units/systemd-machine-id-commit.service,996b360245c5ad4a83e95dc5de0aa655f3c1806a440aa22ed923c6022405ff56,1
https://systemd.io::upstream-unit::units/systemd-machine-id-commit.service,https://systemd.io,fedora,systemd,usr/lib/systemd/system/systemd-machine-id-commit.service,systemd-machine-id-commit.service,A,EXACT_UPSTREAM_UNIT_IDENTITY,MATCHED,/home/emrecan/github/ecylmz/unittrace/artifacts/full/roots/sources/fedora/systemd/systemd-259.8-1.fc44.src.rpm/systemd-259.8/units/systemd-machine-id-commit.service,systemd-machine-id-setup,1,3,systemd-259.8-1.fc44.src.rpm,units/systemd-machine-id-commit.service,996b360245c5ad4a83e95dc5de0aa655f3c1806a440aa22ed923c6022405ff56,1
https://systemd.io::upstream-unit::units/systemd-machine-id-commit.service,https://systemd.io,ubuntu,systemd,usr/lib/systemd/system/systemd-machine-id-commit.service,systemd-machine-id-commit.service,A,EXACT_UPSTREAM_UNIT_IDENTITY,MATCHED,/home/emrecan/github/ecylmz/unittrace/artifacts/full/roots/sources/ubuntu/systemd/259.5-0ubuntu3/systemd-259.5/units/systemd-machine-id-commit.service,systemd-machine-id-setup,1,3,259.5-0ubuntu3,units/systemd-machine-id-commit.service,996b360245c5ad4a83e95dc5de0aa655f3c1806a440aa22ed923c6022405ff56,1
https://systemd.io::upstream-unit::units/systemd-networkd-persistent-storage.service,https://systemd.io,debian,systemd,usr/lib/systemd/system/systemd-networkd-persistent-storage.service,systemd-networkd-persistent-storage.service,A,EXACT_UPSTREAM_UNIT_IDENTITY,MATCHED,/home/emrecan/github/ecylmz/unittrace/artifacts/full/roots/sources/debian/systemd/257.13-1~deb13u1/systemd-257.13/units/systemd-networkd-persistent-storage.service,networkctl,1,3,257.13-1~deb13u1,units/systemd-networkd-persistent-storage.service,2bd7a373e9bb8644119e8a950ebb342124fbbb20750ab03490f8359049a626e0,1
https://systemd.io::upstream-unit::units/systemd-networkd-persistent-storage.service,https://systemd.io,fedora,systemd-networkd,usr/lib/systemd/system/systemd-networkd-persistent-storage.service,systemd-networkd-persistent-storage.service,A,EXACT_UPSTREAM_UNIT_IDENTITY,MATCHED,/home/emrecan/github/ecylmz/unittrace/artifacts/full/roots/sources/fedora/systemd/systemd-259.8-1.fc44.src.rpm/systemd-259.8/units/systemd-networkd-persistent-storage.service,networkctl,1,3,systemd-259.8-1.fc44.src.rpm,units/systemd-networkd-persistent-storage.service,2bd7a373e9bb8644119e8a950ebb342124fbbb20750ab03490f8359049a626e0,1
https://systemd.io::upstream-unit::units/systemd-networkd-persistent-storage.service,https://systemd.io,ubuntu,systemd,usr/lib/systemd/system/systemd-networkd-persistent-storage.service,systemd-networkd-persistent-storage.service,A,EXACT_UPSTREAM_UNIT_IDENTITY,MATCHED,/home/emrecan/github/ecylmz/unittrace/artifacts/full/roots/sources/ubuntu/systemd/259.5-0ubuntu3/systemd-259.5/units/systemd-networkd-persistent-storage.service,networkctl,1,3,259.5-0ubuntu3,units/systemd-networkd-persistent-storage.service,2bd7a373e9bb8644119e8a950ebb342124fbbb20750ab03490f8359049a626e0,1
https://systemd.io::upstream-unit::units/systemd-poweroff.service,https://systemd.io,debian,systemd,usr/lib/systemd/system/systemd-poweroff.service,systemd-poweroff.service,A,EXACT_UPSTREAM_UNIT_IDENTITY,MATCHED,/home/emrecan/github/ecylmz/unittrace/artifacts/full/roots/sources/debian/systemd/257.13-1~deb13u1/systemd-257.13/units/systemd-poweroff.service,,1,3,257.13-1~deb13u1,units/systemd-poweroff.service,d9c09b6716cb56dc5a54c18babb66a0882d352525a4e242d69c3584bda7153a4,1
https://systemd.io::upstream-unit::units/systemd-poweroff.service,https://systemd.io,fedora,systemd,usr/lib/systemd/system/systemd-poweroff.service,systemd-poweroff.service,A,EXACT_UPSTREAM_UNIT_IDENTITY,MATCHED,/home/emrecan/github/ecylmz/unittrace/artifacts/full/roots/sources/fedora/systemd/systemd-259.8-1.fc44.src.rpm/systemd-259.8/units/systemd-poweroff.service,,1,3,systemd-259.8-1.fc44.src.rpm,units/systemd-poweroff.service,d9c09b6716cb56dc5a54c18babb66a0882d352525a4e242d69c3584bda7153a4,1
https://systemd.io::upstream-unit::units/systemd-poweroff.service,https://systemd.io,ubuntu,systemd,usr/lib/systemd/system/systemd-poweroff.service,systemd-poweroff.service,A,EXACT_UPSTREAM_UNIT_IDENTITY,MATCHED,/home/emrecan/github/ecylmz/unittrace/artifacts/full/roots/sources/ubuntu/systemd/259.5-0ubuntu3/systemd-259.5/units/systemd-poweroff.service,,1,3,259.5-0ubuntu3,units/systemd-poweroff.service,d9c09b6716cb56dc5a54c18babb66a0882d352525a4e242d69c3584bda7153a4,1
https://systemd.io::upstream-unit::units/systemd-reboot.service,https://systemd.io,debian,systemd,usr/lib/systemd/system/systemd-reboot.service,systemd-reboot.service,A,EXACT_UPSTREAM_UNIT_IDENTITY,MATCHED,/home/emrecan/github/ecylmz/unittrace/artifacts/full/roots/sources/debian/systemd/257.13-1~deb13u1/systemd-257.13/units/systemd-reboot.service,,1,3,257.13-1~deb13u1,units/systemd-reboot.service,c7ba107db4bd819ea7cfb30293dd7bbe595669d1eaa25238471a55b6845c8bf8,1
https://systemd.io::upstream-unit::units/systemd-reboot.service,https://systemd.io,fedora,systemd,usr/lib/systemd/system/systemd-reboot.service,systemd-reboot.service,A,EXACT_UPSTREAM_UNIT_IDENTITY,MATCHED,/home/emrecan/github/ecylmz/unittrace/artifacts/full/roots/sources/fedora/systemd/systemd-259.8-1.fc44.src.rpm/systemd-259.8/units/systemd-reboot.service,,1,3,systemd-259.8-1.fc44.src.rpm,units/systemd-reboot.service,c7ba107db4bd819ea7cfb30293dd7bbe595669d1eaa25238471a55b6845c8bf8,1
https://systemd.io::upstream-unit::units/systemd-reboot.service,https://systemd.io,ubuntu,systemd,usr/lib/systemd/system/systemd-reboot.service,systemd-reboot.service,A,EXACT_UPSTREAM_UNIT_IDENTITY,MATCHED,/home/emrecan/github/ecylmz/unittrace/artifacts/full/roots/sources/ubuntu/systemd/259.5-0ubuntu3/systemd-259.5/units/systemd-reboot.service,,1,3,259.5-0ubuntu3,units/systemd-reboot.service,c7ba107db4bd819ea7cfb30293dd7bbe595669d1eaa25238471a55b6845c8bf8,1
https://systemd.io::upstream-unit::units/systemd-repart.service,https://systemd.io,debian,systemd-repart,usr/lib/systemd/system/systemd-repart.service,systemd-repart.service,A,EXACT_UPSTREAM_UNIT_IDENTITY,MATCHED,/home/emrecan/github/ecylmz/unittrace/artifacts/full/roots/sources/debian/systemd/257.13-1~deb13u1/systemd-257.13/units/systemd-repart.service,systemd-repart,1,3,257.13-1~deb13u1,units/systemd-repart.service,ba24579925f82800c078555df0bf6fdd06f297dc1c61f844d5383e2e86ebfecf,1
https://systemd.io::upstream-unit::units/systemd-repart.service,https://systemd.io,fedora,systemd-udev,usr/lib/systemd/system/systemd-repart.service,systemd-repart.service,A,EXACT_UPSTREAM_UNIT_IDENTITY,MATCHED,/home/emrecan/github/ecylmz/unittrace/artifacts/full/roots/sources/fedora/systemd/systemd-259.8-1.fc44.src.rpm/systemd-259.8/units/systemd-repart.service,systemd-repart,1,3,systemd-259.8-1.fc44.src.rpm,units/systemd-repart.service,d590b409196656bbcfab769b44f6c8314c65ee119d41fa7ac8dea124b340de58,1
https://systemd.io::upstream-unit::units/systemd-repart.service,https://systemd.io,ubuntu,systemd-repart,usr/lib/systemd/system/systemd-repart.service,systemd-repart.service,A,EXACT_UPSTREAM_UNIT_IDENTITY,MATCHED,/home/emrecan/github/ecylmz/unittrace/artifacts/full/roots/sources/ubuntu/systemd/259.5-0ubuntu3/systemd-259.5/units/systemd-repart.service,systemd-repart,1,3,259.5-0ubuntu3,units/systemd-repart.service,d590b409196656bbcfab769b44f6c8314c65ee119d41fa7ac8dea124b340de58,1
https://systemd.io::upstream-unit::units/systemd-soft-reboot.service,https://systemd.io,debian,systemd,usr/lib/systemd/system/systemd-soft-reboot.service,systemd-soft-reboot.service,A,EXACT_UPSTREAM_UNIT_IDENTITY,MATCHED,/home/emrecan/github/ecylmz/unittrace/artifacts/full/roots/sources/debian/systemd/257.13-1~deb13u1/systemd-257.13/units/systemd-soft-reboot.service,,1,3,257.13-1~deb13u1,units/systemd-soft-reboot.service,affc67763e67305ed535e382965627cd92003073c8181d733d77dd8329801158,1
https://systemd.io::upstream-unit::units/systemd-soft-reboot.service,https://systemd.io,fedora,systemd,usr/lib/systemd/system/systemd-soft-reboot.service,systemd-soft-reboot.service,A,EXACT_UPSTREAM_UNIT_IDENTITY,MATCHED,/home/emrecan/github/ecylmz/unittrace/artifacts/full/roots/sources/fedora/systemd/systemd-259.8-1.fc44.src.rpm/systemd-259.8/units/systemd-soft-reboot.service,,1,3,systemd-259.8-1.fc44.src.rpm,units/systemd-soft-reboot.service,affc67763e67305ed535e382965627cd92003073c8181d733d77dd8329801158,1
https://systemd.io::upstream-unit::units/systemd-soft-reboot.service,https://systemd.io,ubuntu,systemd,usr/lib/systemd/system/systemd-soft-reboot.service,systemd-soft-reboot.service,A,EXACT_UPSTREAM_UNIT_IDENTITY,MATCHED,/home/emrecan/github/ecylmz/unittrace/artifacts/full/roots/sources/ubuntu/systemd/259.5-0ubuntu3/systemd-259.5/units/systemd-soft-reboot.service,,1,3,259.5-0ubuntu3,units/systemd-soft-reboot.service,affc67763e67305ed535e382965627cd92003073c8181d733d77dd8329801158,1
https://systemd.io::upstream-unit::units/systemd-sysext-initrd.service,https://systemd.io,fedora,systemd,usr/lib/systemd/system/systemd-sysext-initrd.service,systemd-sysext-initrd.service,A,EXACT_UPSTREAM_UNIT_IDENTITY,MATCHED,/home/emrecan/github/ecylmz/unittrace/artifacts/full/roots/sources/fedora/systemd/systemd-259.8-1.fc44.src.rpm/systemd-259.8/units/systemd-sysext-initrd.service,systemd-sysext,1,2,systemd-259.8-1.fc44.src.rpm,units/systemd-sysext-initrd.service,af1e9b6639f4341391181f1214e3f2d61a9b264f62d6fb6a4758eb18c112aa7a,1
https://systemd.io::upstream-unit::units/systemd-sysext-initrd.service,https://systemd.io,ubuntu,systemd,usr/lib/systemd/system/systemd-sysext-initrd.service,systemd-sysext-initrd.service,A,EXACT_UPSTREAM_UNIT_IDENTITY,MATCHED,/home/emrecan/github/ecylmz/unittrace/artifacts/full/roots/sources/ubuntu/systemd/259.5-0ubuntu3/systemd-259.5/units/systemd-sysext-initrd.service,systemd-sysext,1,2,259.5-0ubuntu3,units/systemd-sysext-initrd.service,af1e9b6639f4341391181f1214e3f2d61a9b264f62d6fb6a4758eb18c112aa7a,1
https://systemd.io::upstream-unit::units/systemd-sysext.service,https://systemd.io,debian,systemd,usr/lib/systemd/system/systemd-sysext.service,systemd-sysext.service,A,EXACT_UPSTREAM_UNIT_IDENTITY,MATCHED,/home/emrecan/github/ecylmz/unittrace/artifacts/full/roots/sources/debian/systemd/257.13-1~deb13u1/systemd-257.13/units/systemd-sysext.service,systemd-sysext,1,3,257.13-1~deb13u1,units/systemd-sysext.service,3fe0cbe63251333d54d927bd2177285577bb77ab8fded8cebcc212e88e0360c9,1
https://systemd.io::upstream-unit::units/systemd-sysext.service,https://systemd.io,fedora,systemd,usr/lib/systemd/system/systemd-sysext.service,systemd-sysext.service,A,EXACT_UPSTREAM_UNIT_IDENTITY,MATCHED,/home/emrecan/github/ecylmz/unittrace/artifacts/full/roots/sources/fedora/systemd/systemd-259.8-1.fc44.src.rpm/systemd-259.8/units/systemd-sysext.service,systemd-sysext,1,3,systemd-259.8-1.fc44.src.rpm,units/systemd-sysext.service,bfda9cdb78b7fa89352e26bb614adee2f3c64742bd7606f957b12a3b49859a2e,1
https://systemd.io::upstream-unit::units/systemd-sysext.service,https://systemd.io,ubuntu,systemd,usr/lib/systemd/system/systemd-sysext.service,systemd-sysext.service,A,EXACT_UPSTREAM_UNIT_IDENTITY,MATCHED,/home/emrecan/github/ecylmz/unittrace/artifacts/full/roots/sources/ubuntu/systemd/259.5-0ubuntu3/systemd-259.5/units/systemd-sysext.service,systemd-sysext,1,3,259.5-0ubuntu3,units/systemd-sysext.service,c4bf086f8f61521f53ccf9e62f39f9a434623673dabfd4012f7da936096361fa,1
https://systemd.io::upstream-unit::units/systemd-sysusers.service,https://systemd.io,debian,systemd,usr/lib/systemd/system/systemd-sysusers.service,systemd-sysusers.service,A,EXACT_UPSTREAM_UNIT_IDENTITY,MATCHED,/home/emrecan/github/ecylmz/unittrace/artifacts/full/roots/sources/debian/systemd/257.13-1~deb13u1/systemd-257.13/units/systemd-sysusers.service,systemd-sysusers,1,3,257.13-1~deb13u1,units/systemd-sysusers.service,22c1aa54692be4fc17b11c0e77230d88cae5d10794def3b4a9d6070f299a6165,1
https://systemd.io::upstream-unit::units/systemd-sysusers.service,https://systemd.io,fedora,systemd,usr/lib/systemd/system/systemd-sysusers.service,systemd-sysusers.service,A,EXACT_UPSTREAM_UNIT_IDENTITY,MATCHED,/home/emrecan/github/ecylmz/unittrace/artifacts/full/roots/sources/fedora/systemd/systemd-259.8-1.fc44.src.rpm/systemd-259.8/units/systemd-sysusers.service,systemd-sysusers,1,3,systemd-259.8-1.fc44.src.rpm,units/systemd-sysusers.service,22c1aa54692be4fc17b11c0e77230d88cae5d10794def3b4a9d6070f299a6165,1
https://systemd.io::upstream-unit::units/systemd-sysusers.service,https://systemd.io,ubuntu,systemd,usr/lib/systemd/system/systemd-sysusers.service,systemd-sysusers.service,A,EXACT_UPSTREAM_UNIT_IDENTITY,MATCHED,/home/emrecan/github/ecylmz/unittrace/artifacts/full/roots/sources/ubuntu/systemd/259.5-0ubuntu3/systemd-259.5/units/systemd-sysusers.service,systemd-sysusers,1,3,259.5-0ubuntu3,units/systemd-sysusers.service,22c1aa54692be4fc17b11c0e77230d88cae5d10794def3b4a9d6070f299a6165,1
https://systemd.io::upstream-unit::units/systemd-tmpfiles-clean.service,https://systemd.io,debian,systemd,usr/lib/systemd/system/systemd-tmpfiles-clean.service,systemd-tmpfiles-clean.service,A,EXACT_UPSTREAM_UNIT_IDENTITY,MATCHED,/home/emrecan/github/ecylmz/unittrace/artifacts/full/roots/sources/debian/systemd/257.13-1~deb13u1/systemd-257.13/units/systemd-tmpfiles-clean.service,systemd-tmpfiles,1,3,257.13-1~deb13u1,units/systemd-tmpfiles-clean.service,91c07d7c7e13eae3dfe5c475eea3df4dc12f93d00b3b6c0b4e6f3f50e8f6cccf,1
https://systemd.io::upstream-unit::units/systemd-tmpfiles-clean.service,https://systemd.io,fedora,systemd,usr/lib/systemd/system/systemd-tmpfiles-clean.service,systemd-tmpfiles-clean.service,A,EXACT_UPSTREAM_UNIT_IDENTITY,MATCHED,/home/emrecan/github/ecylmz/unittrace/artifacts/full/roots/sources/fedora/systemd/systemd-259.8-1.fc44.src.rpm/systemd-259.8/units/systemd-tmpfiles-clean.service,systemd-tmpfiles,1,3,systemd-259.8-1.fc44.src.rpm,units/systemd-tmpfiles-clean.service,91c07d7c7e13eae3dfe5c475eea3df4dc12f93d00b3b6c0b4e6f3f50e8f6cccf,1
https://systemd.io::upstream-unit::units/systemd-tmpfiles-clean.service,https://systemd.io,ubuntu,systemd,usr/lib/systemd/system/systemd-tmpfiles-clean.service,systemd-tmpfiles-clean.service,A,EXACT_UPSTREAM_UNIT_IDENTITY,MATCHED,/home/emrecan/github/ecylmz/unittrace/artifacts/full/roots/sources/ubuntu/systemd/259.5-0ubuntu3/systemd-259.5/units/systemd-tmpfiles-clean.service,systemd-tmpfiles,1,3,259.5-0ubuntu3,units/systemd-tmpfiles-clean.service,91c07d7c7e13eae3dfe5c475eea3df4dc12f93d00b3b6c0b4e6f3f50e8f6cccf,1
https://systemd.io::upstream-unit::units/systemd-tmpfiles-setup-dev-early.service,https://systemd.io,debian,systemd,usr/lib/systemd/system/systemd-tmpfiles-setup-dev-early.service,systemd-tmpfiles-setup-dev-early.service,A,EXACT_UPSTREAM_UNIT_IDENTITY,MATCHED,/home/emrecan/github/ecylmz/unittrace/artifacts/full/roots/sources/debian/systemd/257.13-1~deb13u1/systemd-257.13/units/systemd-tmpfiles-setup-dev-early.service,systemd-tmpfiles,1,3,257.13-1~deb13u1,units/systemd-tmpfiles-setup-dev-early.service,6c9429db294f317608868337ca1befd1fc961886e0d4accf8997dfd33e1a61de,1
https://systemd.io::upstream-unit::units/systemd-tmpfiles-setup-dev-early.service,https://systemd.io,fedora,systemd-udev,usr/lib/systemd/system/systemd-tmpfiles-setup-dev-early.service,systemd-tmpfiles-setup-dev-early.service,A,EXACT_UPSTREAM_UNIT_IDENTITY,MATCHED,/home/emrecan/github/ecylmz/unittrace/artifacts/full/roots/sources/fedora/systemd/systemd-259.8-1.fc44.src.rpm/systemd-259.8/units/systemd-tmpfiles-setup-dev-early.service,systemd-tmpfiles,1,3,systemd-259.8-1.fc44.src.rpm,units/systemd-tmpfiles-setup-dev-early.service,6c9429db294f317608868337ca1befd1fc961886e0d4accf8997dfd33e1a61de,1
https://systemd.io::upstream-unit::units/systemd-tmpfiles-setup-dev-early.service,https://systemd.io,ubuntu,systemd,usr/lib/systemd/system/systemd-tmpfiles-setup-dev-early.service,systemd-tmpfiles-setup-dev-early.service,A,EXACT_UPSTREAM_UNIT_IDENTITY,MATCHED,/home/emrecan/github/ecylmz/unittrace/artifacts/full/roots/sources/ubuntu/systemd/259.5-0ubuntu3/systemd-259.5/units/systemd-tmpfiles-setup-dev-early.service,systemd-tmpfiles,1,3,259.5-0ubuntu3,units/systemd-tmpfiles-setup-dev-early.service,6c9429db294f317608868337ca1befd1fc961886e0d4accf8997dfd33e1a61de,1
https://systemd.io::upstream-unit::units/systemd-tmpfiles-setup-dev.service,https://systemd.io,debian,systemd,usr/lib/systemd/system/systemd-tmpfiles-setup-dev.service,systemd-tmpfiles-setup-dev.service,A,EXACT_UPSTREAM_UNIT_IDENTITY,MATCHED,/home/emrecan/github/ecylmz/unittrace/artifacts/full/roots/sources/debian/systemd/257.13-1~deb13u1/systemd-257.13/units/systemd-tmpfiles-setup-dev.service,systemd-tmpfiles,1,3,257.13-1~deb13u1,units/systemd-tmpfiles-setup-dev.service,9f0a6b2414d3b398357b7508f6a841acae0d8f0ff079e096c0bed78f0572122e,1
https://systemd.io::upstream-unit::units/systemd-tmpfiles-setup-dev.service,https://systemd.io,fedora,systemd-udev,usr/lib/systemd/system/systemd-tmpfiles-setup-dev.service,systemd-tmpfiles-setup-dev.service,A,EXACT_UPSTREAM_UNIT_IDENTITY,MATCHED,/home/emrecan/github/ecylmz/unittrace/artifacts/full/roots/sources/fedora/systemd/systemd-259.8-1.fc44.src.rpm/systemd-259.8/units/systemd-tmpfiles-setup-dev.service,systemd-tmpfiles,1,3,systemd-259.8-1.fc44.src.rpm,units/systemd-tmpfiles-setup-dev.service,9f0a6b2414d3b398357b7508f6a841acae0d8f0ff079e096c0bed78f0572122e,1
https://systemd.io::upstream-unit::units/systemd-tmpfiles-setup-dev.service,https://systemd.io,ubuntu,systemd,usr/lib/systemd/system/systemd-tmpfiles-setup-dev.service,systemd-tmpfiles-setup-dev.service,A,EXACT_UPSTREAM_UNIT_IDENTITY,MATCHED,/home/emrecan/github/ecylmz/unittrace/artifacts/full/roots/sources/ubuntu/systemd/259.5-0ubuntu3/systemd-259.5/units/systemd-tmpfiles-setup-dev.service,systemd-tmpfiles,1,3,259.5-0ubuntu3,units/systemd-tmpfiles-setup-dev.service,9f0a6b2414d3b398357b7508f6a841acae0d8f0ff079e096c0bed78f0572122e,1
https://systemd.io::upstream-unit::units/systemd-tmpfiles-setup.service,https://systemd.io,debian,systemd,usr/lib/systemd/system/systemd-tmpfiles-setup.service,systemd-tmpfiles-setup.service,A,EXACT_UPSTREAM_UNIT_IDENTITY,MATCHED,/home/emrecan/github/ecylmz/unittrace/artifacts/full/roots/sources/debian/systemd/257.13-1~deb13u1/systemd-257.13/units/systemd-tmpfiles-setup.service,systemd-tmpfiles,1,3,257.13-1~deb13u1,units/systemd-tmpfiles-setup.service,ddbfed344e88872e693f1d74ebc9e3b16cbfebd6126b3c175c87320316cfb237,1
https://systemd.io::upstream-unit::units/systemd-tmpfiles-setup.service,https://systemd.io,fedora,systemd,usr/lib/systemd/system/systemd-tmpfiles-setup.service,systemd-tmpfiles-setup.service,A,EXACT_UPSTREAM_UNIT_IDENTITY,MATCHED,/home/emrecan/github/ecylmz/unittrace/artifacts/full/roots/sources/fedora/systemd/systemd-259.8-1.fc44.src.rpm/systemd-259.8/units/systemd-tmpfiles-setup.service,systemd-tmpfiles,1,3,systemd-259.8-1.fc44.src.rpm,units/systemd-tmpfiles-setup.service,f22a7dc686fc61d586bc8e44f46e76eb6d926c7919249b10848830eb4bf90c28,1
https://systemd.io::upstream-unit::units/systemd-tmpfiles-setup.service,https://systemd.io,ubuntu,systemd,usr/lib/systemd/system/systemd-tmpfiles-setup.service,systemd-tmpfiles-setup.service,A,EXACT_UPSTREAM_UNIT_IDENTITY,MATCHED,/home/emrecan/github/ecylmz/unittrace/artifacts/full/roots/sources/ubuntu/systemd/259.5-0ubuntu3/systemd-259.5/units/systemd-tmpfiles-setup.service,systemd-tmpfiles,1,3,259.5-0ubuntu3,units/systemd-tmpfiles-setup.service,f22a7dc686fc61d586bc8e44f46e76eb6d926c7919249b10848830eb4bf90c28,1
https://systemd.io::upstream-unit::units/systemd-udev-load-credentials.service,https://systemd.io,debian,udev,usr/lib/systemd/system/systemd-udev-load-credentials.service,systemd-udev-load-credentials.service,A,EXACT_UPSTREAM_UNIT_IDENTITY,MATCHED,/home/emrecan/github/ecylmz/unittrace/artifacts/full/roots/sources/debian/systemd/257.13-1~deb13u1/systemd-257.13/units/systemd-udev-load-credentials.service,udevadm,1,3,257.13-1~deb13u1,units/systemd-udev-load-credentials.service,f996051843b782c0d2a2ac38713ef1fee6541d1fa0739adc117d5c75a02b9b04,1
https://systemd.io::upstream-unit::units/systemd-udev-load-credentials.service,https://systemd.io,fedora,systemd-udev,usr/lib/systemd/system/systemd-udev-load-credentials.service,systemd-udev-load-credentials.service,A,EXACT_UPSTREAM_UNIT_IDENTITY,MATCHED,/home/emrecan/github/ecylmz/unittrace/artifacts/full/roots/sources/fedora/systemd/systemd-259.8-1.fc44.src.rpm/systemd-259.8/units/systemd-udev-load-credentials.service,udevadm,1,3,systemd-259.8-1.fc44.src.rpm,units/systemd-udev-load-credentials.service,f996051843b782c0d2a2ac38713ef1fee6541d1fa0739adc117d5c75a02b9b04,1
https://systemd.io::upstream-unit::units/systemd-udev-load-credentials.service,https://systemd.io,ubuntu,udev,usr/lib/systemd/system/systemd-udev-load-credentials.service,systemd-udev-load-credentials.service,A,EXACT_UPSTREAM_UNIT_IDENTITY,MATCHED,/home/emrecan/github/ecylmz/unittrace/artifacts/full/roots/sources/ubuntu/systemd/259.5-0ubuntu3/systemd-259.5/units/systemd-udev-load-credentials.service,udevadm,1,3,259.5-0ubuntu3,units/systemd-udev-load-credentials.service,f996051843b782c0d2a2ac38713ef1fee6541d1fa0739adc117d5c75a02b9b04,1
https://systemd.io::upstream-unit::units/systemd-udev-settle.service,https://systemd.io,debian,udev,usr/lib/systemd/system/systemd-udev-settle.service,systemd-udev-settle.service,A,EXACT_UPSTREAM_UNIT_IDENTITY,MATCHED,/home/emrecan/github/ecylmz/unittrace/artifacts/full/roots/sources/debian/systemd/257.13-1~deb13u1/systemd-257.13/units/systemd-udev-settle.service,udevadm,1,3,257.13-1~deb13u1,units/systemd-udev-settle.service,363f7496d0613fd14f020629e7057f54afe84c9c6d2b4d94153ac09f0aee8f5c,1
https://systemd.io::upstream-unit::units/systemd-udev-settle.service,https://systemd.io,fedora,systemd-udev,usr/lib/systemd/system/systemd-udev-settle.service,systemd-udev-settle.service,A,EXACT_UPSTREAM_UNIT_IDENTITY,MATCHED,/home/emrecan/github/ecylmz/unittrace/artifacts/full/roots/sources/fedora/systemd/systemd-259.8-1.fc44.src.rpm/systemd-259.8/units/systemd-udev-settle.service,udevadm,1,3,systemd-259.8-1.fc44.src.rpm,units/systemd-udev-settle.service,363f7496d0613fd14f020629e7057f54afe84c9c6d2b4d94153ac09f0aee8f5c,1
https://systemd.io::upstream-unit::units/systemd-udev-settle.service,https://systemd.io,ubuntu,udev,usr/lib/systemd/system/systemd-udev-settle.service,systemd-udev-settle.service,A,EXACT_UPSTREAM_UNIT_IDENTITY,MATCHED,/home/emrecan/github/ecylmz/unittrace/artifacts/full/roots/sources/ubuntu/systemd/259.5-0ubuntu3/systemd-259.5/units/systemd-udev-settle.service,udevadm,1,3,259.5-0ubuntu3,units/systemd-udev-settle.service,363f7496d0613fd14f020629e7057f54afe84c9c6d2b4d94153ac09f0aee8f5c,1
https://systemd.io::upstream-unit::units/systemd-udev-trigger.service,https://systemd.io,debian,udev,usr/lib/systemd/system/systemd-udev-trigger.service,systemd-udev-trigger.service,A,EXACT_UPSTREAM_UNIT_IDENTITY,MATCHED,/home/emrecan/github/ecylmz/unittrace/artifacts/full/roots/sources/debian/systemd/257.13-1~deb13u1/systemd-257.13/units/systemd-udev-trigger.service,udevadm,1,3,257.13-1~deb13u1,units/systemd-udev-trigger.service,ca17e0b752202606d821f4714736096049ab34f1176fcb2e403808e33d8f3067,1
https://systemd.io::upstream-unit::units/systemd-udev-trigger.service,https://systemd.io,fedora,systemd-udev,usr/lib/systemd/system/systemd-udev-trigger.service,systemd-udev-trigger.service,A,EXACT_UPSTREAM_UNIT_IDENTITY,MATCHED,/home/emrecan/github/ecylmz/unittrace/artifacts/full/roots/sources/fedora/systemd/systemd-259.8-1.fc44.src.rpm/systemd-259.8/units/systemd-udev-trigger.service,udevadm,1,3,systemd-259.8-1.fc44.src.rpm,units/systemd-udev-trigger.service,42e585c2859b76e4106b64b915dc900f1e5390bf32686a9181acd95eea1c7064,1
https://systemd.io::upstream-unit::units/systemd-udev-trigger.service,https://systemd.io,ubuntu,udev,usr/lib/systemd/system/systemd-udev-trigger.service,systemd-udev-trigger.service,A,EXACT_UPSTREAM_UNIT_IDENTITY,MATCHED,/home/emrecan/github/ecylmz/unittrace/artifacts/full/roots/sources/ubuntu/systemd/259.5-0ubuntu3/systemd-259.5/units/systemd-udev-trigger.service,udevadm,1,3,259.5-0ubuntu3,units/systemd-udev-trigger.service,42e585c2859b76e4106b64b915dc900f1e5390bf32686a9181acd95eea1c7064,1
https://systemd.io::upstream-unit::units/systemd-userdb-load-credentials.service,https://systemd.io,fedora,systemd,usr/lib/systemd/system/systemd-userdb-load-credentials.service,systemd-userdb-load-credentials.service,A,EXACT_UPSTREAM_UNIT_IDENTITY,MATCHED,/home/emrecan/github/ecylmz/unittrace/artifacts/full/roots/sources/fedora/systemd/systemd-259.8-1.fc44.src.rpm/systemd-259.8/units/systemd-userdb-load-credentials.service,userdbctl,1,2,systemd-259.8-1.fc44.src.rpm,units/systemd-userdb-load-credentials.service,d169de9b82f414be0d60814beb7e330e3ab5f38ad37073e229d1cf0876b14f90,1
https://systemd.io::upstream-unit::units/systemd-userdb-load-credentials.service,https://systemd.io,ubuntu,systemd-userdbd,usr/lib/systemd/system/systemd-userdb-load-credentials.service,systemd-userdb-load-credentials.service,A,EXACT_UPSTREAM_UNIT_IDENTITY,MATCHED,/home/emrecan/github/ecylmz/unittrace/artifacts/full/roots/sources/ubuntu/systemd/259.5-0ubuntu3/systemd-259.5/units/systemd-userdb-load-credentials.service,userdbctl,1,2,259.5-0ubuntu3,units/systemd-userdb-load-credentials.service,aecc18826f4916011334e366798f1c2fb477a4e242ebb3ea829bb19f22779c99,1
https://tetrinetx.sourceforge.net::tetrinetx,https://tetrinetx.sourceforge.net,debian,tetrinetx,usr/lib/systemd/system/tetrinetx.service,tetrinetx.service,A,UNAMBIGUOUS_EXECUTABLE_LINEAGE,MATCHED,usr/lib/systemd/system/tetrinetx.service,tetrinetx,1,3,,,,1
https://tetrinetx.sourceforge.net::tetrinetx,https://tetrinetx.sourceforge.net,fedora,tetrinetx,usr/lib/systemd/system/tetrinetx.service,tetrinetx.service,A,UNAMBIGUOUS_EXECUTABLE_LINEAGE,MATCHED,usr/lib/systemd/system/tetrinetx.service,tetrinetx,1,3,,,,1
https://tetrinetx.sourceforge.net::tetrinetx,https://tetrinetx.sourceforge.net,ubuntu,tetrinetx,usr/lib/systemd/system/tetrinetx.service,tetrinetx.service,A,UNAMBIGUOUS_EXECUTABLE_LINEAGE,MATCHED,usr/lib/systemd/system/tetrinetx.service,tetrinetx,1,3,,,,1
https://tinyproxy.github.io::tinyproxy,https://tinyproxy.github.io,arch,tinyproxy,usr/lib/systemd/system/tinyproxy.service,tinyproxy.service,A,UNAMBIGUOUS_EXECUTABLE_LINEAGE,MATCHED,usr/lib/systemd/system/tinyproxy.service,tinyproxy,1,3,,,,1
https://tinyproxy.github.io::tinyproxy,https://tinyproxy.github.io,fedora,tinyproxy,usr/lib/systemd/system/tinyproxy.service,tinyproxy.service,A,UNAMBIGUOUS_EXECUTABLE_LINEAGE,MATCHED,usr/lib/systemd/system/tinyproxy.service,tinyproxy,1,3,,,,1
https://tinyproxy.github.io::tinyproxy,https://tinyproxy.github.io,ubuntu,tinyproxy,usr/lib/systemd/system/tinyproxy.service,tinyproxy.service,A,UNAMBIGUOUS_EXECUTABLE_LINEAGE,MATCHED,usr/lib/systemd/system/tinyproxy.service,tinyproxy,1,3,,,,1
https://torsion.org/borgmatic::systemd-inhibit,https://torsion.org/borgmatic,arch,borgmatic,usr/lib/systemd/system/borgmatic.service,borgmatic.service,A,UNAMBIGUOUS_EXECUTABLE_LINEAGE,MATCHED,usr/lib/systemd/system/borgmatic.service,systemd-inhibit,1,3,,,,1
https://torsion.org/borgmatic::systemd-inhibit,https://torsion.org/borgmatic,fedora,borgmatic,usr/lib/systemd/system/borgmatic.service,borgmatic.service,A,UNAMBIGUOUS_EXECUTABLE_LINEAGE,MATCHED,usr/lib/systemd/system/borgmatic.service,systemd-inhibit,1,3,,,,1
https://torsion.org/borgmatic::systemd-inhibit,https://torsion.org/borgmatic,ubuntu,borgmatic,usr/lib/systemd/system/borgmatic.service,borgmatic.service,A,UNAMBIGUOUS_EXECUTABLE_LINEAGE,MATCHED,usr/lib/systemd/system/borgmatic.service,systemd-inhibit,1,3,,,,1
https://trousers.sourceforge.net::tcsd,https://trousers.sourceforge.net,debian,trousers,usr/lib/systemd/system/tcsd.service,tcsd.service,A,UNAMBIGUOUS_EXECUTABLE_LINEAGE,MATCHED,usr/lib/systemd/system/tcsd.service,tcsd,1,3,,,,1
https://trousers.sourceforge.net::tcsd,https://trousers.sourceforge.net,fedora,trousers,usr/lib/systemd/system/tcsd.service,tcsd.service,A,UNAMBIGUOUS_EXECUTABLE_LINEAGE,MATCHED,usr/lib/systemd/system/tcsd.service,tcsd,1,3,,,,1
https://trousers.sourceforge.net::tcsd,https://trousers.sourceforge.net,ubuntu,trousers,usr/lib/systemd/system/tcsd.service,tcsd.service,A,UNAMBIGUOUS_EXECUTABLE_LINEAGE,MATCHED,usr/lib/systemd/system/tcsd.service,tcsd,1,3,,,,1
https://unix4lyfe.org/darkstat::darkstat,https://unix4lyfe.org/darkstat,arch,darkstat,usr/lib/systemd/system/darkstat.service,darkstat.service,A,UNAMBIGUOUS_EXECUTABLE_LINEAGE,MATCHED,usr/lib/systemd/system/darkstat.service,darkstat,1,4,,,,1
https://unix4lyfe.org/darkstat::darkstat,https://unix4lyfe.org/darkstat,debian,darkstat,usr/lib/systemd/system/darkstat.service,darkstat.service,A,UNAMBIGUOUS_EXECUTABLE_LINEAGE,MATCHED,usr/lib/systemd/system/darkstat.service,darkstat,1,4,,,,1
https://unix4lyfe.org/darkstat::darkstat,https://unix4lyfe.org/darkstat,fedora,darkstat,usr/lib/systemd/system/darkstat.service,darkstat.service,A,UNAMBIGUOUS_EXECUTABLE_LINEAGE,MATCHED,usr/lib/systemd/system/darkstat.service,darkstat,1,4,,,,1
https://unix4lyfe.org/darkstat::darkstat,https://unix4lyfe.org/darkstat,ubuntu,darkstat,usr/lib/systemd/system/darkstat.service,darkstat.service,A,UNAMBIGUOUS_EXECUTABLE_LINEAGE,MATCHED,usr/lib/systemd/system/darkstat.service,darkstat,1,4,,,,1
https://upower.freedesktop.org::upowerd,https://upower.freedesktop.org,arch,upower,usr/lib/systemd/system/upower.service,upower.service,A,UNAMBIGUOUS_EXECUTABLE_LINEAGE,MATCHED,usr/lib/systemd/system/upower.service,upowerd,1,4,,,,1
https://upower.freedesktop.org::upowerd,https://upower.freedesktop.org,debian,upower,usr/lib/systemd/system/upower.service,upower.service,A,UNAMBIGUOUS_EXECUTABLE_LINEAGE,MATCHED,usr/lib/systemd/system/upower.service,upowerd,1,4,,,,1
https://upower.freedesktop.org::upowerd,https://upower.freedesktop.org,fedora,upower,usr/lib/systemd/system/upower.service,upower.service,A,UNAMBIGUOUS_EXECUTABLE_LINEAGE,MATCHED,usr/lib/systemd/system/upower.service,upowerd,1,4,,,,1
https://upower.freedesktop.org::upowerd,https://upower.freedesktop.org,ubuntu,upower,usr/lib/systemd/system/upower.service,upower.service,A,UNAMBIGUOUS_EXECUTABLE_LINEAGE,MATCHED,usr/lib/systemd/system/upower.service,upowerd,1,4,,,,1
https://usbguard.github.io::usbguard-daemon,https://usbguard.github.io,debian,usbguard,usr/lib/systemd/system/usbguard.service,usbguard.service,A,UNAMBIGUOUS_EXECUTABLE_LINEAGE,MATCHED,usr/lib/systemd/system/usbguard.service,usbguard-daemon,1,3,,,,1
https://usbguard.github.io::usbguard-daemon,https://usbguard.github.io,fedora,usbguard,usr/lib/systemd/system/usbguard.service,usbguard.service,A,UNAMBIGUOUS_EXECUTABLE_LINEAGE,MATCHED,usr/lib/systemd/system/usbguard.service,usbguard-daemon,1,3,,,,1
https://usbguard.github.io::usbguard-daemon,https://usbguard.github.io,ubuntu,usbguard,usr/lib/systemd/system/usbguard.service,usbguard.service,A,UNAMBIGUOUS_EXECUTABLE_LINEAGE,MATCHED,usr/lib/systemd/system/usbguard.service,usbguard-daemon,1,3,,,,1
https://usbguard.github.io::usbguard-dbus,https://usbguard.github.io,debian,usbguard,usr/lib/systemd/system/usbguard-dbus.service,usbguard-dbus.service,A,UNAMBIGUOUS_EXECUTABLE_LINEAGE,MATCHED,usr/lib/systemd/system/usbguard-dbus.service,usbguard-dbus,1,3,,,,1
https://usbguard.github.io::usbguard-dbus,https://usbguard.github.io,fedora,usbguard-dbus,usr/lib/systemd/system/usbguard-dbus.service,usbguard-dbus.service,A,UNAMBIGUOUS_EXECUTABLE_LINEAGE,MATCHED,usr/lib/systemd/system/usbguard-dbus.service,usbguard-dbus,1,3,,,,1
https://usbguard.github.io::usbguard-dbus,https://usbguard.github.io,ubuntu,usbguard,usr/lib/systemd/system/usbguard-dbus.service,usbguard-dbus.service,A,UNAMBIGUOUS_EXECUTABLE_LINEAGE,MATCHED,usr/lib/systemd/system/usbguard-dbus.service,usbguard-dbus,1,3,,,,1
https://valkey.io::valkey-sentinel,https://valkey.io,arch,valkey,usr/lib/systemd/system/valkey-sentinel.service,valkey-sentinel.service,A,UNAMBIGUOUS_EXECUTABLE_LINEAGE,MATCHED,usr/lib/systemd/system/valkey-sentinel.service,valkey-sentinel,1,4,,,,1
https://valkey.io::valkey-sentinel,https://valkey.io,debian,valkey-sentinel,usr/lib/systemd/system/valkey-sentinel.service,valkey-sentinel.service,A,UNAMBIGUOUS_EXECUTABLE_LINEAGE,MATCHED,usr/lib/systemd/system/valkey-sentinel.service,valkey-sentinel,1,4,,,,1
https://valkey.io::valkey-sentinel,https://valkey.io,fedora,valkey,usr/lib/systemd/system/valkey-sentinel.service,valkey-sentinel.service,A,UNAMBIGUOUS_EXECUTABLE_LINEAGE,MATCHED,usr/lib/systemd/system/valkey-sentinel.service,valkey-sentinel,1,4,,,,1
https://valkey.io::valkey-sentinel,https://valkey.io,ubuntu,valkey-sentinel,usr/lib/systemd/system/valkey-sentinel.service,valkey-sentinel.service,A,UNAMBIGUOUS_EXECUTABLE_LINEAGE,MATCHED,usr/lib/systemd/system/valkey-sentinel.service,valkey-sentinel,1,4,,,,1
https://valkey.io::valkey-server,https://valkey.io,arch,valkey,usr/lib/systemd/system/valkey.service,valkey.service,A,UNAMBIGUOUS_EXECUTABLE_LINEAGE,MATCHED,usr/lib/systemd/system/valkey.service,valkey-server,1,4,,,,1
https://valkey.io::valkey-server,https://valkey.io,debian,valkey-server,usr/lib/systemd/system/valkey-server.service,valkey-server.service,A,UNAMBIGUOUS_EXECUTABLE_LINEAGE,MATCHED,usr/lib/systemd/system/valkey-server.service,valkey-server,1,4,,,,1
https://valkey.io::valkey-server,https://valkey.io,fedora,valkey,usr/lib/systemd/system/valkey.service,valkey.service,A,UNAMBIGUOUS_EXECUTABLE_LINEAGE,MATCHED,usr/lib/systemd/system/valkey.service,valkey-server,1,4,,,,1
https://valkey.io::valkey-server,https://valkey.io,ubuntu,valkey-server,usr/lib/systemd/system/valkey-server.service,valkey-server.service,A,UNAMBIGUOUS_EXECUTABLE_LINEAGE,MATCHED,usr/lib/systemd/system/valkey-server.service,valkey-server,1,4,,,,1
https://w1.fi/hostapd::hostapd,https://w1.fi/hostapd,arch,hostapd,usr/lib/systemd/system/hostapd.service,hostapd.service,A,UNAMBIGUOUS_EXECUTABLE_LINEAGE,MATCHED,usr/lib/systemd/system/hostapd.service,hostapd,1,2,,,,1
https://w1.fi/hostapd::hostapd,https://w1.fi/hostapd,fedora,hostapd,usr/lib/systemd/system/hostapd.service,hostapd.service,A,UNAMBIGUOUS_EXECUTABLE_LINEAGE,MATCHED,usr/lib/systemd/system/hostapd.service,hostapd,1,2,,,,1
https://w1.fi/wpa_supplicant::hostapd,https://w1.fi/wpa_supplicant,debian,hostapd,usr/lib/systemd/system/hostapd.service,hostapd.service,A,UNAMBIGUOUS_EXECUTABLE_LINEAGE,MATCHED,usr/lib/systemd/system/hostapd.service,hostapd,1,2,,,,1
https://w1.fi/wpa_supplicant::hostapd,https://w1.fi/wpa_supplicant,ubuntu,hostapd,usr/lib/systemd/system/hostapd.service,hostapd.service,A,UNAMBIGUOUS_EXECUTABLE_LINEAGE,MATCHED,usr/lib/systemd/system/hostapd.service,hostapd,1,2,,,,1
https://w1.fi/wpa_supplicant::wpa_supplicant,https://w1.fi/wpa_supplicant,arch,wpa_supplicant,usr/lib/systemd/system/wpa_supplicant.service,wpa_supplicant.service,A,UNAMBIGUOUS_EXECUTABLE_LINEAGE,MATCHED,usr/lib/systemd/system/wpa_supplicant.service,wpa_supplicant,1,4,,,,1
https://w1.fi/wpa_supplicant::wpa_supplicant,https://w1.fi/wpa_supplicant,debian,wpasupplicant,usr/lib/systemd/system/wpa_supplicant.service,wpa_supplicant.service,A,UNAMBIGUOUS_EXECUTABLE_LINEAGE,MATCHED,usr/lib/systemd/system/wpa_supplicant.service,wpa_supplicant,1,4,,,,1
https://w1.fi/wpa_supplicant::wpa_supplicant,https://w1.fi/wpa_supplicant,fedora,wpa_supplicant,usr/lib/systemd/system/wpa_supplicant.service,wpa_supplicant.service,A,UNAMBIGUOUS_EXECUTABLE_LINEAGE,MATCHED,usr/lib/systemd/system/wpa_supplicant.service,wpa_supplicant,1,4,,,,1
https://w1.fi/wpa_supplicant::wpa_supplicant,https://w1.fi/wpa_supplicant,ubuntu,wpasupplicant,usr/lib/systemd/system/wpa_supplicant.service,wpa_supplicant.service,A,UNAMBIGUOUS_EXECUTABLE_LINEAGE,MATCHED,usr/lib/systemd/system/wpa_supplicant.service,wpa_supplicant,1,4,,,,1
https://wammu.eu/gammu::gammu-smsd,https://wammu.eu/gammu,arch,gammu,usr/lib/systemd/system/gammu-smsd.service,gammu-smsd.service,A,UNAMBIGUOUS_EXECUTABLE_LINEAGE,MATCHED,usr/lib/systemd/system/gammu-smsd.service,gammu-smsd,1,4,,,,1
https://wammu.eu/gammu::gammu-smsd,https://wammu.eu/gammu,debian,gammu-smsd,usr/lib/systemd/system/gammu-smsd.service,gammu-smsd.service,A,UNAMBIGUOUS_EXECUTABLE_LINEAGE,MATCHED,usr/lib/systemd/system/gammu-smsd.service,gammu-smsd,1,4,,,,1
https://wammu.eu/gammu::gammu-smsd,https://wammu.eu/gammu,fedora,gammu,usr/lib/systemd/system/gammu-smsd.service,gammu-smsd.service,A,UNAMBIGUOUS_EXECUTABLE_LINEAGE,MATCHED,usr/lib/systemd/system/gammu-smsd.service,gammu-smsd,1,4,,,,1
https://wammu.eu/gammu::gammu-smsd,https://wammu.eu/gammu,ubuntu,gammu-smsd,usr/lib/systemd/system/gammu-smsd.service,gammu-smsd.service,A,UNAMBIGUOUS_EXECUTABLE_LINEAGE,MATCHED,usr/lib/systemd/system/gammu-smsd.service,gammu-smsd,1,4,,,,1
https://web.mit.edu/kerberos::kadmind,https://web.mit.edu/kerberos,arch,krb5,usr/lib/systemd/system/krb5-kadmind.service,krb5-kadmind.service,A,UNAMBIGUOUS_EXECUTABLE_LINEAGE,MATCHED,usr/lib/systemd/system/krb5-kadmind.service,kadmind,1,3,,,,1
https://web.mit.edu/kerberos::kadmind,https://web.mit.edu/kerberos,debian,krb5-admin-server,usr/lib/systemd/system/krb5-admin-server.service,krb5-admin-server.service,A,UNAMBIGUOUS_EXECUTABLE_LINEAGE,MATCHED,usr/lib/systemd/system/krb5-admin-server.service,kadmind,1,3,,,,1
https://web.mit.edu/kerberos::kadmind,https://web.mit.edu/kerberos,ubuntu,krb5-admin-server,usr/lib/systemd/system/krb5-admin-server.service,krb5-admin-server.service,A,UNAMBIGUOUS_EXECUTABLE_LINEAGE,MATCHED,usr/lib/systemd/system/krb5-admin-server.service,kadmind,1,3,,,,1
https://web.mit.edu/kerberos::kpropd,https://web.mit.edu/kerberos,arch,krb5,usr/lib/systemd/system/krb5-kpropd.service,krb5-kpropd.service,A,UNAMBIGUOUS_EXECUTABLE_LINEAGE,MATCHED,usr/lib/systemd/system/krb5-kpropd.service,kpropd,1,3,,,,1
https://web.mit.edu/kerberos::kpropd,https://web.mit.edu/kerberos,debian,krb5-kpropd,usr/lib/systemd/system/krb5-kpropd.service,krb5-kpropd.service,A,UNAMBIGUOUS_EXECUTABLE_LINEAGE,MATCHED,usr/lib/systemd/system/krb5-kpropd.service,kpropd,1,3,,,,1
https://web.mit.edu/kerberos::kpropd,https://web.mit.edu/kerberos,ubuntu,krb5-kpropd,usr/lib/systemd/system/krb5-kpropd.service,krb5-kpropd.service,A,UNAMBIGUOUS_EXECUTABLE_LINEAGE,MATCHED,usr/lib/systemd/system/krb5-kpropd.service,kpropd,1,3,,,,1
https://web.mit.edu/kerberos::krb5kdc,https://web.mit.edu/kerberos,arch,krb5,usr/lib/systemd/system/krb5-kdc.service,krb5-kdc.service,A,UNAMBIGUOUS_EXECUTABLE_LINEAGE,MATCHED,usr/lib/systemd/system/krb5-kdc.service,krb5kdc,1,3,,,,1
https://web.mit.edu/kerberos::krb5kdc,https://web.mit.edu/kerberos,debian,krb5-kdc,usr/lib/systemd/system/krb5-kdc.service,krb5-kdc.service,A,UNAMBIGUOUS_EXECUTABLE_LINEAGE,MATCHED,usr/lib/systemd/system/krb5-kdc.service,krb5kdc,1,3,,,,1
https://web.mit.edu/kerberos::krb5kdc,https://web.mit.edu/kerberos,ubuntu,krb5-kdc,usr/lib/systemd/system/krb5-kdc.service,krb5-kdc.service,A,UNAMBIGUOUS_EXECUTABLE_LINEAGE,MATCHED,usr/lib/systemd/system/krb5-kdc.service,krb5kdc,1,3,,,,1
https://wiki.gnome.org/Projects/GDM::gdm3,https://wiki.gnome.org/Projects/GDM,debian,gdm3,usr/lib/systemd/system/gdm.service,gdm.service,A,UNAMBIGUOUS_EXECUTABLE_LINEAGE,MATCHED,usr/lib/systemd/system/gdm.service,gdm3,1,2,,,,1
https://wiki.gnome.org/Projects/GDM::gdm3,https://wiki.gnome.org/Projects/GDM,ubuntu,gdm3,usr/lib/systemd/system/gdm.service,gdm.service,A,UNAMBIGUOUS_EXECUTABLE_LINEAGE,MATCHED,usr/lib/systemd/system/gdm.service,gdm3,1,2,,,,1
https://wiki.gnome.org/phodav::spice-webdavd,https://wiki.gnome.org/phodav,arch,phodav,usr/lib/systemd/system/spice-webdavd.service,spice-webdavd.service,A,UNAMBIGUOUS_EXECUTABLE_LINEAGE,MATCHED,usr/lib/systemd/system/spice-webdavd.service,spice-webdavd,1,3,,,,1
https://wiki.gnome.org/phodav::spice-webdavd,https://wiki.gnome.org/phodav,debian,spice-webdavd,usr/lib/systemd/system/spice-webdavd.service,spice-webdavd.service,A,UNAMBIGUOUS_EXECUTABLE_LINEAGE,MATCHED,usr/lib/systemd/system/spice-webdavd.service,spice-webdavd,1,3,,,,1
https://wiki.gnome.org/phodav::spice-webdavd,https://wiki.gnome.org/phodav,fedora,spice-webdavd,usr/lib/systemd/system/spice-webdavd.service,spice-webdavd.service,A,UNAMBIGUOUS_EXECUTABLE_LINEAGE,MATCHED,usr/lib/systemd/system/spice-webdavd.service,spice-webdavd,1,3,,,,1
https://wiki.nikhef.nl/grid/FetchCRL3::fetch-crl,https://wiki.nikhef.nl/grid/FetchCRL3,fedora,fetch-crl,usr/lib/systemd/system/fetch-crl.service,fetch-crl.service,A,UNAMBIGUOUS_EXECUTABLE_LINEAGE,MATCHED,usr/lib/systemd/system/fetch-crl.service,fetch-crl,1,2,,,,1
https://wiki.nikhef.nl/grid/FetchCRL3::fetch-crl,https://wiki.nikhef.nl/grid/FetchCRL3,ubuntu,fetch-crl,usr/lib/systemd/system/fetch-crl.service,fetch-crl.service,A,UNAMBIGUOUS_EXECUTABLE_LINEAGE,MATCHED,usr/lib/systemd/system/fetch-crl.service,fetch-crl,1,2,,,,1
https://www.alsa-project.org::alsactl,https://www.alsa-project.org,arch,alsa-utils,usr/lib/systemd/system/alsa-restore.service,alsa-restore.service,UNRESOLVED,UNAMBIGUOUS_EXECUTABLE_LINEAGE,SERVICE_LINEAGE_AMBIGUOUS,usr/lib/systemd/system/alsa-restore.service,alsactl,2,4,,,,2
https://www.alsa-project.org::alsactl,https://www.alsa-project.org,arch,alsa-utils,usr/lib/systemd/system/alsa-state.service,alsa-state.service,UNRESOLVED,UNAMBIGUOUS_EXECUTABLE_LINEAGE,SERVICE_LINEAGE_AMBIGUOUS,usr/lib/systemd/system/alsa-state.service,alsactl,2,4,,,,2
https://www.alsa-project.org::alsactl,https://www.alsa-project.org,debian,alsa-utils,usr/lib/systemd/system/alsa-restore.service,alsa-restore.service,UNRESOLVED,UNAMBIGUOUS_EXECUTABLE_LINEAGE,SERVICE_LINEAGE_AMBIGUOUS,usr/lib/systemd/system/alsa-restore.service,alsactl,2,4,,,,2
https://www.alsa-project.org::alsactl,https://www.alsa-project.org,debian,alsa-utils,usr/lib/systemd/system/alsa-state.service,alsa-state.service,UNRESOLVED,UNAMBIGUOUS_EXECUTABLE_LINEAGE,SERVICE_LINEAGE_AMBIGUOUS,usr/lib/systemd/system/alsa-state.service,alsactl,2,4,,,,2
https://www.alsa-project.org::alsactl,https://www.alsa-project.org,fedora,alsa-utils,usr/lib/systemd/system/alsa-restore.service,alsa-restore.service,UNRESOLVED,UNAMBIGUOUS_EXECUTABLE_LINEAGE,SERVICE_LINEAGE_AMBIGUOUS,usr/lib/systemd/system/alsa-restore.service,alsactl,2,4,,,,2
https://www.alsa-project.org::alsactl,https://www.alsa-project.org,fedora,alsa-utils,usr/lib/systemd/system/alsa-state.service,alsa-state.service,UNRESOLVED,UNAMBIGUOUS_EXECUTABLE_LINEAGE,SERVICE_LINEAGE_AMBIGUOUS,usr/lib/systemd/system/alsa-state.service,alsactl,2,4,,,,2
https://www.alsa-project.org::alsactl,https://www.alsa-project.org,ubuntu,alsa-utils,usr/lib/systemd/system/alsa-restore.service,alsa-restore.service,UNRESOLVED,UNAMBIGUOUS_EXECUTABLE_LINEAGE,SERVICE_LINEAGE_AMBIGUOUS,usr/lib/systemd/system/alsa-restore.service,alsactl,2,4,,,,2
https://www.alsa-project.org::alsactl,https://www.alsa-project.org,ubuntu,alsa-utils,usr/lib/systemd/system/alsa-state.service,alsa-state.service,UNRESOLVED,UNAMBIGUOUS_EXECUTABLE_LINEAGE,SERVICE_LINEAGE_AMBIGUOUS,usr/lib/systemd/system/alsa-state.service,alsactl,2,4,,,,2
https://www.anope.org::anope,https://www.anope.org,debian,anope,usr/lib/systemd/system/anope.service,anope.service,A,UNAMBIGUOUS_EXECUTABLE_LINEAGE,MATCHED,usr/lib/systemd/system/anope.service,anope,1,3,,,,1
https://www.anope.org::anope,https://www.anope.org,fedora,anope,usr/lib/systemd/system/anope.service,anope.service,A,UNAMBIGUOUS_EXECUTABLE_LINEAGE,MATCHED,usr/lib/systemd/system/anope.service,anope,1,3,,,,1
https://www.anope.org::anope,https://www.anope.org,ubuntu,anope,usr/lib/systemd/system/anope.service,anope.service,A,UNAMBIGUOUS_EXECUTABLE_LINEAGE,MATCHED,usr/lib/systemd/system/anope.service,anope,1,3,,,,1
https://www.apcupsd.org::apcupsd,https://www.apcupsd.org,arch,apcupsd,usr/lib/systemd/system/apcupsd.service,apcupsd.service,A,UNAMBIGUOUS_EXECUTABLE_LINEAGE,MATCHED,usr/lib/systemd/system/apcupsd.service,apcupsd,1,3,,,,1
https://www.apcupsd.org::apcupsd,https://www.apcupsd.org,debian,apcupsd,usr/lib/systemd/system/apcupsd.service,apcupsd.service,A,UNAMBIGUOUS_EXECUTABLE_LINEAGE,MATCHED,usr/lib/systemd/system/apcupsd.service,apcupsd,1,3,,,,1
https://www.apcupsd.org::apcupsd,https://www.apcupsd.org,ubuntu,apcupsd,usr/lib/systemd/system/apcupsd.service,apcupsd.service,A,UNAMBIGUOUS_EXECUTABLE_LINEAGE,MATCHED,usr/lib/systemd/system/apcupsd.service,apcupsd,1,3,,,,1
https://www.asterisk.org::asterisk,https://www.asterisk.org,fedora,asterisk,usr/lib/systemd/system/asterisk.service,asterisk.service,A,UNAMBIGUOUS_EXECUTABLE_LINEAGE,MATCHED,usr/lib/systemd/system/asterisk.service,asterisk,1,2,,,,1
https://www.asterisk.org::asterisk,https://www.asterisk.org,ubuntu,asterisk,usr/lib/systemd/system/asterisk.service,asterisk.service,A,UNAMBIGUOUS_EXECUTABLE_LINEAGE,MATCHED,usr/lib/systemd/system/asterisk.service,asterisk,1,2,,,,1
https://www.atoptool.nl::sh,https://www.atoptool.nl,arch,atop,usr/lib/systemd/system/atop.service,atop.service,A,UNAMBIGUOUS_EXECUTABLE_LINEAGE,MATCHED,usr/lib/systemd/system/atop.service,sh,1,2,,,,1
https://www.atoptool.nl::sh,https://www.atoptool.nl,fedora,atop,usr/lib/systemd/system/atop.service,atop.service,A,UNAMBIGUOUS_EXECUTABLE_LINEAGE,MATCHED,usr/lib/systemd/system/atop.service,sh,1,2,,,,1
https://www.atoptool.nl::upstream-unit::atop-rotate.service,https://www.atoptool.nl,arch,atop,usr/lib/systemd/system/atop-rotate.service,atop-rotate.service,A,EXACT_UPSTREAM_UNIT_IDENTITY,MATCHED,/home/emrecan/github/ecylmz/unittrace/artifacts/full/roots/sources/arch/atop/2.13.0-1/atop-2.13.0/atop-rotate.service,systemctl,1,2,2.13.0-1,atop-rotate.service,83fb19d4f63ff1a13fed8e37297045cfa556b1eda1039a79bd7f83ad1abcb261,1
https://www.atoptool.nl::upstream-unit::atop-rotate.service,https://www.atoptool.nl,fedora,atop,usr/lib/systemd/system/atop-rotate.service,atop-rotate.service,A,EXACT_UPSTREAM_UNIT_IDENTITY,MATCHED,/home/emrecan/github/ecylmz/unittrace/artifacts/full/roots/sources/fedora/atop/atop-2.13.0-1.fc44.src.rpm/atop-2.13.0/atop-rotate.service,systemctl,1,2,atop-2.13.0-1.fc44.src.rpm,atop-rotate.service,83fb19d4f63ff1a13fed8e37297045cfa556b1eda1039a79bd7f83ad1abcb261,1
https://www.atoptool.nl::upstream-unit::atopacct.service,https://www.atoptool.nl,arch,atop,usr/lib/systemd/system/atopacct.service,atopacct.service,A,EXACT_UPSTREAM_UNIT_IDENTITY,MATCHED,/home/emrecan/github/ecylmz/unittrace/artifacts/full/roots/sources/arch/atop/2.13.0-1/atop-2.13.0/atopacct.service,atopacctd,1,2,2.13.0-1,atopacct.service,bf3d396f8b0e4fe7006f57183f886eab3ddb66f846aef16af475dc440cac5532,1
https://www.atoptool.nl::upstream-unit::atopacct.service,https://www.atoptool.nl,fedora,atop,usr/lib/systemd/system/atopacct.service,atopacct.service,A,EXACT_UPSTREAM_UNIT_IDENTITY,MATCHED,/home/emrecan/github/ecylmz/unittrace/artifacts/full/roots/sources/fedora/atop/atop-2.13.0-1.fc44.src.rpm/atop-2.13.0/atopacct.service,atopacctd,1,2,atop-2.13.0-1.fc44.src.rpm,atopacct.service,bf3d396f8b0e4fe7006f57183f886eab3ddb66f846aef16af475dc440cac5532,1
https://www.bacula.org::bacula-dir,https://www.bacula.org,debian,bacula-director,usr/lib/systemd/system/bacula-director.service,bacula-director.service,A,UNAMBIGUOUS_EXECUTABLE_LINEAGE,MATCHED,usr/lib/systemd/system/bacula-director.service,bacula-dir,1,3,,,,1
https://www.bacula.org::bacula-dir,https://www.bacula.org,fedora,bacula-director,usr/lib/systemd/system/bacula-dir.service,bacula-dir.service,A,UNAMBIGUOUS_EXECUTABLE_LINEAGE,MATCHED,usr/lib/systemd/system/bacula-dir.service,bacula-dir,1,3,,,,1
https://www.bacula.org::bacula-dir,https://www.bacula.org,ubuntu,bacula-director,usr/lib/systemd/system/bacula-director.service,bacula-director.service,A,UNAMBIGUOUS_EXECUTABLE_LINEAGE,MATCHED,usr/lib/systemd/system/bacula-director.service,bacula-dir,1,3,,,,1
https://www.bacula.org::bacula-fd,https://www.bacula.org,debian,bacula-fd,usr/lib/systemd/system/bacula-fd.service,bacula-fd.service,A,UNAMBIGUOUS_EXECUTABLE_LINEAGE,MATCHED,usr/lib/systemd/system/bacula-fd.service,bacula-fd,1,3,,,,1
https://www.bacula.org::bacula-fd,https://www.bacula.org,fedora,bacula-client,usr/lib/systemd/system/bacula-fd.service,bacula-fd.service,A,UNAMBIGUOUS_EXECUTABLE_LINEAGE,MATCHED,usr/lib/systemd/system/bacula-fd.service,bacula-fd,1,3,,,,1
https://www.bacula.org::bacula-fd,https://www.bacula.org,ubuntu,bacula-fd,usr/lib/systemd/system/bacula-fd.service,bacula-fd.service,A,UNAMBIGUOUS_EXECUTABLE_LINEAGE,MATCHED,usr/lib/systemd/system/bacula-fd.service,bacula-fd,1,3,,,,1
https://www.bacula.org::bacula-sd,https://www.bacula.org,debian,bacula-sd,usr/lib/systemd/system/bacula-sd.service,bacula-sd.service,A,UNAMBIGUOUS_EXECUTABLE_LINEAGE,MATCHED,usr/lib/systemd/system/bacula-sd.service,bacula-sd,1,3,,,,1
https://www.bacula.org::bacula-sd,https://www.bacula.org,fedora,bacula-storage,usr/lib/systemd/system/bacula-sd.service,bacula-sd.service,A,UNAMBIGUOUS_EXECUTABLE_LINEAGE,MATCHED,usr/lib/systemd/system/bacula-sd.service,bacula-sd,1,3,,,,1
https://www.bacula.org::bacula-sd,https://www.bacula.org,ubuntu,bacula-sd,usr/lib/systemd/system/bacula-sd.service,bacula-sd.service,A,UNAMBIGUOUS_EXECUTABLE_LINEAGE,MATCHED,usr/lib/systemd/system/bacula-sd.service,bacula-sd,1,3,,,,1
https://www.bitlbee.org::bitlbee,https://www.bitlbee.org,fedora,bitlbee,usr/lib/systemd/system/bitlbee.service,bitlbee.service,A,UNAMBIGUOUS_EXECUTABLE_LINEAGE,MATCHED,usr/lib/systemd/system/bitlbee.service,bitlbee,1,2,,,,1
https://www.bitlbee.org::bitlbee,https://www.bitlbee.org,ubuntu,bitlbee-common,usr/lib/systemd/system/bitlbee.service,bitlbee.service,A,UNAMBIGUOUS_EXECUTABLE_LINEAGE,MATCHED,usr/lib/systemd/system/bitlbee.service,bitlbee,1,2,,,,1
https://www.bluez.org::bluetooth-meshd,https://www.bluez.org,arch,bluez-mesh,usr/lib/systemd/system/bluetooth-mesh.service,bluetooth-mesh.service,A,UNAMBIGUOUS_EXECUTABLE_LINEAGE,MATCHED,usr/lib/systemd/system/bluetooth-mesh.service,bluetooth-meshd,1,4,,,,1
https://www.bluez.org::bluetooth-meshd,https://www.bluez.org,debian,bluez-meshd,usr/lib/systemd/system/bluetooth-mesh.service,bluetooth-mesh.service,A,UNAMBIGUOUS_EXECUTABLE_LINEAGE,MATCHED,usr/lib/systemd/system/bluetooth-mesh.service,bluetooth-meshd,1,4,,,,1
https://www.bluez.org::bluetooth-meshd,https://www.bluez.org,fedora,bluez-mesh,usr/lib/systemd/system/bluetooth-mesh.service,bluetooth-mesh.service,A,UNAMBIGUOUS_EXECUTABLE_LINEAGE,MATCHED,usr/lib/systemd/system/bluetooth-mesh.service,bluetooth-meshd,1,4,,,,1
https://www.bluez.org::bluetooth-meshd,https://www.bluez.org,ubuntu,bluez-meshd,usr/lib/systemd/system/bluetooth-mesh.service,bluetooth-mesh.service,A,UNAMBIGUOUS_EXECUTABLE_LINEAGE,MATCHED,usr/lib/systemd/system/bluetooth-mesh.service,bluetooth-meshd,1,4,,,,1
https://www.bluez.org::bluetoothd,https://www.bluez.org,arch,bluez,usr/lib/systemd/system/bluetooth.service,bluetooth.service,A,UNAMBIGUOUS_EXECUTABLE_LINEAGE,MATCHED,usr/lib/systemd/system/bluetooth.service,bluetoothd,1,4,,,,1
https://www.bluez.org::bluetoothd,https://www.bluez.org,debian,bluez,usr/lib/systemd/system/bluetooth.service,bluetooth.service,A,UNAMBIGUOUS_EXECUTABLE_LINEAGE,MATCHED,usr/lib/systemd/system/bluetooth.service,bluetoothd,1,4,,,,1
https://www.bluez.org::bluetoothd,https://www.bluez.org,fedora,bluez,usr/lib/systemd/system/bluetooth.service,bluetooth.service,A,UNAMBIGUOUS_EXECUTABLE_LINEAGE,MATCHED,usr/lib/systemd/system/bluetooth.service,bluetoothd,1,4,,,,1
https://www.bluez.org::bluetoothd,https://www.bluez.org,ubuntu,bluez,usr/lib/systemd/system/bluetooth.service,bluetooth.service,A,UNAMBIGUOUS_EXECUTABLE_LINEAGE,MATCHED,usr/lib/systemd/system/bluetooth.service,bluetoothd,1,4,,,,1
https://www.cipherdyne.org/fwknop::fwknopd,https://www.cipherdyne.org/fwknop,arch,fwknop,usr/lib/systemd/system/fwknopd.service,fwknopd.service,A,UNAMBIGUOUS_EXECUTABLE_LINEAGE,MATCHED,usr/lib/systemd/system/fwknopd.service,fwknopd,1,2,,,,1
https://www.cipherdyne.org/fwknop::fwknopd,https://www.cipherdyne.org/fwknop,fedora,fwknop,usr/lib/systemd/system/fwknopd.service,fwknopd.service,A,UNAMBIGUOUS_EXECUTABLE_LINEAGE,MATCHED,usr/lib/systemd/system/fwknopd.service,fwknopd,1,2,,,,1
https://www.cipherdyne.org/psad::psad,https://www.cipherdyne.org/psad,debian,psad,usr/lib/systemd/system/psad.service,psad.service,A,UNAMBIGUOUS_EXECUTABLE_LINEAGE,MATCHED,usr/lib/systemd/system/psad.service,psad,1,3,,,,1
https://www.cipherdyne.org/psad::psad,https://www.cipherdyne.org/psad,fedora,psad,usr/lib/systemd/system/psad.service,psad.service,A,UNAMBIGUOUS_EXECUTABLE_LINEAGE,MATCHED,usr/lib/systemd/system/psad.service,psad,1,3,,,,1
https://www.cipherdyne.org/psad::psad,https://www.cipherdyne.org/psad,ubuntu,psad,usr/lib/systemd/system/psad.service,psad.service,A,UNAMBIGUOUS_EXECUTABLE_LINEAGE,MATCHED,usr/lib/systemd/system/psad.service,psad,1,3,,,,1
https://www.clamav.net::clamd,https://www.clamav.net,arch,clamav,usr/lib/systemd/system/clamav-daemon.service,clamav-daemon.service,A,UNAMBIGUOUS_EXECUTABLE_LINEAGE,MATCHED,usr/lib/systemd/system/clamav-daemon.service,clamd,1,3,,,,1
https://www.clamav.net::clamd,https://www.clamav.net,debian,clamav-daemon,usr/lib/systemd/system/clamav-daemon.service,clamav-daemon.service,A,UNAMBIGUOUS_EXECUTABLE_LINEAGE,MATCHED,usr/lib/systemd/system/clamav-daemon.service,clamd,1,3,,,,1
https://www.clamav.net::clamd,https://www.clamav.net,ubuntu,clamav-daemon,usr/lib/systemd/system/clamav-daemon.service,clamav-daemon.service,A,UNAMBIGUOUS_EXECUTABLE_LINEAGE,MATCHED,usr/lib/systemd/system/clamav-daemon.service,clamd,1,3,,,,1
https://www.clamav.net::clamonacc,https://www.clamav.net,arch,clamav,usr/lib/systemd/system/clamav-clamonacc.service,clamav-clamonacc.service,A,UNAMBIGUOUS_EXECUTABLE_LINEAGE,MATCHED,usr/lib/systemd/system/clamav-clamonacc.service,clamonacc,1,4,,,,1
https://www.clamav.net::clamonacc,https://www.clamav.net,debian,clamav-daemon,usr/lib/systemd/system/clamav-clamonacc.service,clamav-clamonacc.service,A,UNAMBIGUOUS_EXECUTABLE_LINEAGE,MATCHED,usr/lib/systemd/system/clamav-clamonacc.service,clamonacc,1,4,,,,1
https://www.clamav.net::clamonacc,https://www.clamav.net,fedora,clamav,usr/lib/systemd/system/clamav-clamonacc.service,clamav-clamonacc.service,A,UNAMBIGUOUS_EXECUTABLE_LINEAGE,MATCHED,usr/lib/systemd/system/clamav-clamonacc.service,clamonacc,1,4,,,,1
https://www.clamav.net::clamonacc,https://www.clamav.net,ubuntu,clamav-daemon,usr/lib/systemd/system/clamav-clamonacc.service,clamav-clamonacc.service,A,UNAMBIGUOUS_EXECUTABLE_LINEAGE,MATCHED,usr/lib/systemd/system/clamav-clamonacc.service,clamonacc,1,4,,,,1
https://www.clamav.net::freshclam,https://www.clamav.net,arch,clamav,usr/lib/systemd/system/clamav-freshclam-once.service,clamav-freshclam-once.service,UNRESOLVED,UNAMBIGUOUS_EXECUTABLE_LINEAGE,SERVICE_LINEAGE_AMBIGUOUS,usr/lib/systemd/system/clamav-freshclam-once.service,freshclam,2,4,,,,2
https://www.clamav.net::freshclam,https://www.clamav.net,arch,clamav,usr/lib/systemd/system/clamav-freshclam.service,clamav-freshclam.service,UNRESOLVED,UNAMBIGUOUS_EXECUTABLE_LINEAGE,SERVICE_LINEAGE_AMBIGUOUS,usr/lib/systemd/system/clamav-freshclam.service,freshclam,2,4,,,,2
https://www.clamav.net::freshclam,https://www.clamav.net,debian,clamav-freshclam,usr/lib/systemd/system/clamav-freshclam-once.service,clamav-freshclam-once.service,UNRESOLVED,UNAMBIGUOUS_EXECUTABLE_LINEAGE,SERVICE_LINEAGE_AMBIGUOUS,usr/lib/systemd/system/clamav-freshclam-once.service,freshclam,2,4,,,,2
https://www.clamav.net::freshclam,https://www.clamav.net,debian,clamav-freshclam,usr/lib/systemd/system/clamav-freshclam.service,clamav-freshclam.service,UNRESOLVED,UNAMBIGUOUS_EXECUTABLE_LINEAGE,SERVICE_LINEAGE_AMBIGUOUS,usr/lib/systemd/system/clamav-freshclam.service,freshclam,2,4,,,,2
https://www.clamav.net::freshclam,https://www.clamav.net,fedora,clamav-freshclam,usr/lib/systemd/system/clamav-freshclam-once.service,clamav-freshclam-once.service,UNRESOLVED,UNAMBIGUOUS_EXECUTABLE_LINEAGE,SERVICE_LINEAGE_AMBIGUOUS,usr/lib/systemd/system/clamav-freshclam-once.service,freshclam,2,4,,,,2
https://www.clamav.net::freshclam,https://www.clamav.net,fedora,clamav-freshclam,usr/lib/systemd/system/clamav-freshclam.service,clamav-freshclam.service,UNRESOLVED,UNAMBIGUOUS_EXECUTABLE_LINEAGE,SERVICE_LINEAGE_AMBIGUOUS,usr/lib/systemd/system/clamav-freshclam.service,freshclam,2,4,,,,2
https://www.clamav.net::freshclam,https://www.clamav.net,ubuntu,clamav-freshclam,usr/lib/systemd/system/clamav-freshclam-once.service,clamav-freshclam-once.service,UNRESOLVED,UNAMBIGUOUS_EXECUTABLE_LINEAGE,SERVICE_LINEAGE_AMBIGUOUS,usr/lib/systemd/system/clamav-freshclam-once.service,freshclam,2,4,,,,2
https://www.clamav.net::freshclam,https://www.clamav.net,ubuntu,clamav-freshclam,usr/lib/systemd/system/clamav-freshclam.service,clamav-freshclam.service,UNRESOLVED,UNAMBIGUOUS_EXECUTABLE_LINEAGE,SERVICE_LINEAGE_AMBIGUOUS,usr/lib/systemd/system/clamav-freshclam.service,freshclam,2,4,,,,2
https://www.clusterlabs.org::pacemaker-remoted,https://www.clusterlabs.org,debian,pacemaker-remote,usr/lib/systemd/system/pacemaker_remote.service,pacemaker_remote.service,A,UNAMBIGUOUS_EXECUTABLE_LINEAGE,MATCHED,usr/lib/systemd/system/pacemaker_remote.service,pacemaker-remoted,1,3,,,,1
https://www.clusterlabs.org::pacemaker-remoted,https://www.clusterlabs.org,fedora,pacemaker-remote,usr/lib/systemd/system/pacemaker_remote.service,pacemaker_remote.service,A,UNAMBIGUOUS_EXECUTABLE_LINEAGE,MATCHED,usr/lib/systemd/system/pacemaker_remote.service,pacemaker-remoted,1,3,,,,1
https://www.clusterlabs.org::pacemaker-remoted,https://www.clusterlabs.org,ubuntu,pacemaker-remote,usr/lib/systemd/system/pacemaker_remote.service,pacemaker_remote.service,A,UNAMBIGUOUS_EXECUTABLE_LINEAGE,MATCHED,usr/lib/systemd/system/pacemaker_remote.service,pacemaker-remoted,1,3,,,,1
https://www.clusterlabs.org::pacemakerd,https://www.clusterlabs.org,debian,pacemaker,usr/lib/systemd/system/pacemaker.service,pacemaker.service,A,UNAMBIGUOUS_EXECUTABLE_LINEAGE,MATCHED,usr/lib/systemd/system/pacemaker.service,pacemakerd,1,3,,,,1
https://www.clusterlabs.org::pacemakerd,https://www.clusterlabs.org,fedora,pacemaker,usr/lib/systemd/system/pacemaker.service,pacemaker.service,A,UNAMBIGUOUS_EXECUTABLE_LINEAGE,MATCHED,usr/lib/systemd/system/pacemaker.service,pacemakerd,1,3,,,,1
https://www.clusterlabs.org::pacemakerd,https://www.clusterlabs.org,ubuntu,pacemaker,usr/lib/systemd/system/pacemaker.service,pacemaker.service,A,UNAMBIGUOUS_EXECUTABLE_LINEAGE,MATCHED,usr/lib/systemd/system/pacemaker.service,pacemakerd,1,3,,,,1
https://www.conserver.com::conserver,https://www.conserver.com,debian,conserver-server,usr/lib/systemd/system/conserver-server.service,conserver-server.service,A,UNAMBIGUOUS_EXECUTABLE_LINEAGE,MATCHED,usr/lib/systemd/system/conserver-server.service,conserver,1,3,,,,1
https://www.conserver.com::conserver,https://www.conserver.com,fedora,conserver,usr/lib/systemd/system/conserver.service,conserver.service,A,UNAMBIGUOUS_EXECUTABLE_LINEAGE,MATCHED,usr/lib/systemd/system/conserver.service,conserver,1,3,,,,1
https://www.conserver.com::conserver,https://www.conserver.com,ubuntu,conserver-server,usr/lib/systemd/system/conserver-server.service,conserver-server.service,A,UNAMBIGUOUS_EXECUTABLE_LINEAGE,MATCHED,usr/lib/systemd/system/conserver-server.service,conserver,1,3,,,,1
https://www.cstr.ed.ac.uk/projects/festival::festival,https://www.cstr.ed.ac.uk/projects/festival,fedora,festival,usr/lib/systemd/system/festival.service,festival.service,A,UNAMBIGUOUS_EXECUTABLE_LINEAGE,MATCHED,usr/lib/systemd/system/festival.service,festival,1,2,,,,1
https://www.cstr.ed.ac.uk/projects/festival::festival,https://www.cstr.ed.ac.uk/projects/festival,ubuntu,festival,usr/lib/systemd/system/festival.service,festival.service,A,UNAMBIGUOUS_EXECUTABLE_LINEAGE,MATCHED,usr/lib/systemd/system/festival.service,festival,1,2,,,,1
https://www.cyrusimap.org/sasl::saslauthd,https://www.cyrusimap.org/sasl,arch,cyrus-sasl,usr/lib/systemd/system/saslauthd.service,saslauthd.service,A,UNAMBIGUOUS_EXECUTABLE_LINEAGE,MATCHED,usr/lib/systemd/system/saslauthd.service,saslauthd,1,4,,,,1
https://www.cyrusimap.org/sasl::saslauthd,https://www.cyrusimap.org/sasl,debian,sasl2-bin,usr/lib/systemd/system/saslauthd.service,saslauthd.service,A,UNAMBIGUOUS_EXECUTABLE_LINEAGE,MATCHED,usr/lib/systemd/system/saslauthd.service,saslauthd,1,4,,,,1
https://www.cyrusimap.org/sasl::saslauthd,https://www.cyrusimap.org/sasl,fedora,cyrus-sasl,usr/lib/systemd/system/saslauthd.service,saslauthd.service,A,UNAMBIGUOUS_EXECUTABLE_LINEAGE,MATCHED,usr/lib/systemd/system/saslauthd.service,saslauthd,1,4,,,,1
https://www.cyrusimap.org/sasl::saslauthd,https://www.cyrusimap.org/sasl,ubuntu,sasl2-bin,usr/lib/systemd/system/saslauthd.service,saslauthd.service,A,UNAMBIGUOUS_EXECUTABLE_LINEAGE,MATCHED,usr/lib/systemd/system/saslauthd.service,saslauthd,1,4,,,,1
https://www.cyrusimap.org::cyrmaster,https://www.cyrusimap.org,debian,cyrus-common,usr/lib/systemd/system/cyrus-imapd.service,cyrus-imapd.service,A,UNAMBIGUOUS_EXECUTABLE_LINEAGE,MATCHED,usr/lib/systemd/system/cyrus-imapd.service,cyrmaster,1,2,,,,1
https://www.cyrusimap.org::cyrmaster,https://www.cyrusimap.org,ubuntu,cyrus-common,usr/lib/systemd/system/cyrus-imapd.service,cyrus-imapd.service,A,UNAMBIGUOUS_EXECUTABLE_LINEAGE,MATCHED,usr/lib/systemd/system/cyrus-imapd.service,cyrmaster,1,2,,,,1
https://www.drbd.org::upstream-unit::scripts/drbd.service,https://www.drbd.org,debian,drbd-utils,usr/lib/systemd/system/drbd.service,drbd.service,A,EXACT_UPSTREAM_UNIT_IDENTITY,MATCHED,/home/emrecan/github/ecylmz/unittrace/artifacts/full/roots/sources/debian/drbd-utils/9.22.0-1.1/drbd-utils-9.22.0/scripts/drbd.service,drbd,1,2,9.22.0-1.1,scripts/drbd.service,62c2d04fb9274f39bfc881da149396c574ee94192fa7aa80e2a3519771028ee9,1
https://www.drbd.org::upstream-unit::scripts/drbd.service,https://www.drbd.org,ubuntu,drbd-utils,usr/lib/systemd/system/drbd.service,drbd.service,A,EXACT_UPSTREAM_UNIT_IDENTITY,MATCHED,/home/emrecan/github/ecylmz/unittrace/artifacts/full/roots/sources/ubuntu/drbd-utils/9.22.0-1.2build1/drbd-utils-9.22.0/scripts/drbd.service,drbd,1,2,9.22.0-1.2build1,scripts/drbd.service,62c2d04fb9274f39bfc881da149396c574ee94192fa7aa80e2a3519771028ee9,1
https://www.ejabberd.im::sh,https://www.ejabberd.im,debian,ejabberd,usr/lib/systemd/system/ejabberd.service,ejabberd.service,A,UNAMBIGUOUS_EXECUTABLE_LINEAGE,MATCHED,usr/lib/systemd/system/ejabberd.service,sh,1,2,,,,1
https://www.ejabberd.im::sh,https://www.ejabberd.im,ubuntu,ejabberd,usr/lib/systemd/system/ejabberd.service,ejabberd.service,A,UNAMBIGUOUS_EXECUTABLE_LINEAGE,MATCHED,usr/lib/systemd/system/ejabberd.service,sh,1,2,,,,1
https://www.erlang.org::epmd,https://www.erlang.org,debian,erlang-base,usr/lib/systemd/system/epmd.service,epmd.service,A,UNAMBIGUOUS_EXECUTABLE_LINEAGE,MATCHED,usr/lib/systemd/system/epmd.service,epmd,1,3,,,,1
https://www.erlang.org::epmd,https://www.erlang.org,fedora,erlang-erts,usr/lib/systemd/system/epmd.service,epmd.service,A,UNAMBIGUOUS_EXECUTABLE_LINEAGE,MATCHED,usr/lib/systemd/system/epmd.service,epmd,1,3,,,,1
https://www.erlang.org::epmd,https://www.erlang.org,ubuntu,erlang-base,usr/lib/systemd/system/epmd.service,epmd.service,A,UNAMBIGUOUS_EXECUTABLE_LINEAGE,MATCHED,usr/lib/systemd/system/epmd.service,epmd,1,3,,,,1
https://www.exim.org::exim,https://www.exim.org,arch,exim,usr/lib/systemd/system/exim.service,exim.service,A,UNAMBIGUOUS_EXECUTABLE_LINEAGE,MATCHED,usr/lib/systemd/system/exim.service,exim,1,2,,,,1
https://www.exim.org::exim,https://www.exim.org,fedora,exim,usr/lib/systemd/system/exim.service,exim.service,A,UNAMBIGUOUS_EXECUTABLE_LINEAGE,MATCHED,usr/lib/systemd/system/exim.service,exim,1,2,,,,1
https://www.exim.org::exim4,https://www.exim.org,debian,exim4-daemon-heavy,usr/lib/systemd/system/exim4.service,exim4.service,UNRESOLVED,UNAMBIGUOUS_EXECUTABLE_LINEAGE,SERVICE_LINEAGE_AMBIGUOUS,usr/lib/systemd/system/exim4.service,exim4,2,2,,,,2
https://www.exim.org::exim4,https://www.exim.org,debian,exim4-daemon-light,usr/lib/systemd/system/exim4.service,exim4.service,UNRESOLVED,UNAMBIGUOUS_EXECUTABLE_LINEAGE,SERVICE_LINEAGE_AMBIGUOUS,usr/lib/systemd/system/exim4.service,exim4,2,2,,,,2
https://www.exim.org::exim4,https://www.exim.org,ubuntu,exim4-daemon-heavy,usr/lib/systemd/system/exim4.service,exim4.service,UNRESOLVED,UNAMBIGUOUS_EXECUTABLE_LINEAGE,SERVICE_LINEAGE_AMBIGUOUS,usr/lib/systemd/system/exim4.service,exim4,2,2,,,,2
https://www.exim.org::exim4,https://www.exim.org,ubuntu,exim4-daemon-light,usr/lib/systemd/system/exim4.service,exim4.service,UNRESOLVED,UNAMBIGUOUS_EXECUTABLE_LINEAGE,SERVICE_LINEAGE_AMBIGUOUS,usr/lib/systemd/system/exim4.service,exim4,2,2,,,,2
https://www.exim.org::exim4-base,https://www.exim.org,debian,exim4-base,usr/lib/systemd/system/exim4-base.service,exim4-base.service,A,UNAMBIGUOUS_EXECUTABLE_LINEAGE,MATCHED,usr/lib/systemd/system/exim4-base.service,exim4-base,1,2,,,,1
https://www.exim.org::exim4-base,https://www.exim.org,ubuntu,exim4-base,usr/lib/systemd/system/exim4-base.service,exim4-base.service,A,UNAMBIGUOUS_EXECUTABLE_LINEAGE,MATCHED,usr/lib/systemd/system/exim4-base.service,exim4-base,1,2,,,,1
https://www.eyrie.org/~eagle/software/inn::rc.news,https://www.eyrie.org/~eagle/software/inn,debian,inn2,usr/lib/systemd/system/inn2.service,inn2.service,A,UNAMBIGUOUS_EXECUTABLE_LINEAGE,MATCHED,usr/lib/systemd/system/inn2.service,rc.news,1,3,,,,1
https://www.eyrie.org/~eagle/software/inn::rc.news,https://www.eyrie.org/~eagle/software/inn,fedora,inn,usr/lib/systemd/system/innd.service,innd.service,A,UNAMBIGUOUS_EXECUTABLE_LINEAGE,MATCHED,usr/lib/systemd/system/innd.service,rc.news,1,3,,,,1
https://www.eyrie.org/~eagle/software/inn::rc.news,https://www.eyrie.org/~eagle/software/inn,ubuntu,inn2,usr/lib/systemd/system/inn2.service,inn2.service,A,UNAMBIGUOUS_EXECUTABLE_LINEAGE,MATCHED,usr/lib/systemd/system/inn2.service,rc.news,1,3,,,,1
https://www.fail2ban.org::fail2ban-server,https://www.fail2ban.org,arch,fail2ban,usr/lib/systemd/system/fail2ban.service,fail2ban.service,A,UNAMBIGUOUS_EXECUTABLE_LINEAGE,MATCHED,usr/lib/systemd/system/fail2ban.service,fail2ban-server,1,3,,,,1
https://www.fail2ban.org::fail2ban-server,https://www.fail2ban.org,fedora,fail2ban-server,usr/lib/systemd/system/fail2ban.service,fail2ban.service,A,UNAMBIGUOUS_EXECUTABLE_LINEAGE,MATCHED,usr/lib/systemd/system/fail2ban.service,fail2ban-server,1,3,,,,1
https://www.fail2ban.org::fail2ban-server,https://www.fail2ban.org,ubuntu,fail2ban,usr/lib/systemd/system/fail2ban.service,fail2ban.service,A,UNAMBIGUOUS_EXECUTABLE_LINEAGE,MATCHED,usr/lib/systemd/system/fail2ban.service,fail2ban-server,1,3,,,,1
https://www.finnie.org/software/2ping::upstream-unit::2ping.service,https://www.finnie.org/software/2ping,fedora,2ping,usr/lib/systemd/system/2ping.service,2ping.service,A,EXACT_UPSTREAM_UNIT_IDENTITY,MATCHED,/home/emrecan/github/ecylmz/unittrace/artifacts/full/roots/sources/fedora/2ping/2ping-4.5.1-24.fc44.src.rpm/2ping-4.5.1/2ping.service,2ping,1,2,2ping-4.5.1-24.fc44.src.rpm,2ping.service,8152fb73b340fbed5dd098342b20714d69d23ab9c32e815b86efd5163d52169c,1
https://www.finnie.org/software/2ping::upstream-unit::2ping.service,https://www.finnie.org/software/2ping,ubuntu,2ping,usr/lib/systemd/system/2ping.service,2ping.service,A,EXACT_UPSTREAM_UNIT_IDENTITY,MATCHED,/home/emrecan/github/ecylmz/unittrace/artifacts/full/roots/sources/ubuntu/2ping/4.5-2/2ping-4.5/2ping.service,2ping,1,2,4.5-2,2ping.service,8152fb73b340fbed5dd098342b20714d69d23ab9c32e815b86efd5163d52169c,1
https://www.firewalld.org::firewalld,https://www.firewalld.org,fedora,firewalld,usr/lib/systemd/system/firewalld.service,firewalld.service,A,UNAMBIGUOUS_EXECUTABLE_LINEAGE,MATCHED,usr/lib/systemd/system/firewalld.service,firewalld,1,2,,,,1
https://www.firewalld.org::firewalld,https://www.firewalld.org,ubuntu,firewalld,usr/lib/systemd/system/firewalld.service,firewalld.service,A,UNAMBIGUOUS_EXECUTABLE_LINEAGE,MATCHED,usr/lib/systemd/system/firewalld.service,firewalld,1,2,,,,1
https://www.freedesktop.org/software/PackageKit::packagekitd,https://www.freedesktop.org/software/PackageKit,arch,packagekit,usr/lib/systemd/system/packagekit.service,packagekit.service,A,UNAMBIGUOUS_EXECUTABLE_LINEAGE,MATCHED,usr/lib/systemd/system/packagekit.service,packagekitd,1,4,,,,1
https://www.freedesktop.org/software/PackageKit::packagekitd,https://www.freedesktop.org/software/PackageKit,debian,packagekit,usr/lib/systemd/system/packagekit.service,packagekit.service,A,UNAMBIGUOUS_EXECUTABLE_LINEAGE,MATCHED,usr/lib/systemd/system/packagekit.service,packagekitd,1,4,,,,1
https://www.freedesktop.org/software/PackageKit::packagekitd,https://www.freedesktop.org/software/PackageKit,fedora,PackageKit,usr/lib/systemd/system/packagekit.service,packagekit.service,A,UNAMBIGUOUS_EXECUTABLE_LINEAGE,MATCHED,usr/lib/systemd/system/packagekit.service,packagekitd,1,4,,,,1
https://www.freedesktop.org/software/PackageKit::packagekitd,https://www.freedesktop.org/software/PackageKit,ubuntu,packagekit,usr/lib/systemd/system/packagekit.service,packagekit.service,A,UNAMBIGUOUS_EXECUTABLE_LINEAGE,MATCHED,usr/lib/systemd/system/packagekit.service,packagekitd,1,4,,,,1
https://www.freedesktop.org/software/PackageKit::pk-offline-update,https://www.freedesktop.org/software/PackageKit,arch,packagekit,usr/lib/systemd/system/packagekit-offline-update.service,packagekit-offline-update.service,A,UNAMBIGUOUS_EXECUTABLE_LINEAGE,MATCHED,usr/lib/systemd/system/packagekit-offline-update.service,pk-offline-update,1,4,,,,1
https://www.freedesktop.org/software/PackageKit::pk-offline-update,https://www.freedesktop.org/software/PackageKit,debian,packagekit,usr/lib/systemd/system/packagekit-offline-update.service,packagekit-offline-update.service,A,UNAMBIGUOUS_EXECUTABLE_LINEAGE,MATCHED,usr/lib/systemd/system/packagekit-offline-update.service,pk-offline-update,1,4,,,,1
https://www.freedesktop.org/software/PackageKit::pk-offline-update,https://www.freedesktop.org/software/PackageKit,fedora,PackageKit,usr/lib/systemd/system/packagekit-offline-update.service,packagekit-offline-update.service,A,UNAMBIGUOUS_EXECUTABLE_LINEAGE,MATCHED,usr/lib/systemd/system/packagekit-offline-update.service,pk-offline-update,1,4,,,,1
https://www.freedesktop.org/software/PackageKit::pk-offline-update,https://www.freedesktop.org/software/PackageKit,ubuntu,packagekit,usr/lib/systemd/system/packagekit-offline-update.service,packagekit-offline-update.service,A,UNAMBIGUOUS_EXECUTABLE_LINEAGE,MATCHED,usr/lib/systemd/system/packagekit-offline-update.service,pk-offline-update,1,4,,,,1
https://www.freedesktop.org/software/colord::colord,https://www.freedesktop.org/software/colord,arch,colord,usr/lib/systemd/system/colord.service,colord.service,A,UNAMBIGUOUS_EXECUTABLE_LINEAGE,MATCHED,usr/lib/systemd/system/colord.service,colord,1,4,,,,1
https://www.freedesktop.org/software/colord::colord,https://www.freedesktop.org/software/colord,debian,colord,usr/lib/systemd/system/colord.service,colord.service,A,UNAMBIGUOUS_EXECUTABLE_LINEAGE,MATCHED,usr/lib/systemd/system/colord.service,colord,1,4,,,,1
https://www.freedesktop.org/software/colord::colord,https://www.freedesktop.org/software/colord,fedora,colord,usr/lib/systemd/system/colord.service,colord.service,A,UNAMBIGUOUS_EXECUTABLE_LINEAGE,MATCHED,usr/lib/systemd/system/colord.service,colord,1,4,,,,1
https://www.freedesktop.org/software/colord::colord,https://www.freedesktop.org/software/colord,ubuntu,colord,usr/lib/systemd/system/colord.service,colord.service,A,UNAMBIGUOUS_EXECUTABLE_LINEAGE,MATCHED,usr/lib/systemd/system/colord.service,colord,1,4,,,,1
https://www.freedesktop.org/wiki/Software/AccountsService::accounts-daemon,https://www.freedesktop.org/wiki/Software/AccountsService,debian,accountsservice,usr/lib/systemd/system/accounts-daemon.service,accounts-daemon.service,A,UNAMBIGUOUS_EXECUTABLE_LINEAGE,MATCHED,usr/lib/systemd/system/accounts-daemon.service,accounts-daemon,1,3,,,,1
https://www.freedesktop.org/wiki/Software/AccountsService::accounts-daemon,https://www.freedesktop.org/wiki/Software/AccountsService,fedora,accountsservice,usr/lib/systemd/system/accounts-daemon.service,accounts-daemon.service,A,UNAMBIGUOUS_EXECUTABLE_LINEAGE,MATCHED,usr/lib/systemd/system/accounts-daemon.service,accounts-daemon,1,3,,,,1
https://www.freedesktop.org/wiki/Software/AccountsService::accounts-daemon,https://www.freedesktop.org/wiki/Software/AccountsService,ubuntu,accountsservice,usr/lib/systemd/system/accounts-daemon.service,accounts-daemon.service,A,UNAMBIGUOUS_EXECUTABLE_LINEAGE,MATCHED,usr/lib/systemd/system/accounts-daemon.service,accounts-daemon,1,3,,,,1
https://www.freedesktop.org/wiki/Software/ModemManager::ModemManager,https://www.freedesktop.org/wiki/Software/ModemManager,arch,modemmanager,usr/lib/systemd/system/ModemManager.service,ModemManager.service,A,UNAMBIGUOUS_EXECUTABLE_LINEAGE,MATCHED,usr/lib/systemd/system/ModemManager.service,ModemManager,1,3,,,,1
https://www.freedesktop.org/wiki/Software/ModemManager::ModemManager,https://www.freedesktop.org/wiki/Software/ModemManager,debian,modemmanager,usr/lib/systemd/system/ModemManager.service,ModemManager.service,A,UNAMBIGUOUS_EXECUTABLE_LINEAGE,MATCHED,usr/lib/systemd/system/ModemManager.service,ModemManager,1,3,,,,1
https://www.freedesktop.org/wiki/Software/ModemManager::ModemManager,https://www.freedesktop.org/wiki/Software/ModemManager,ubuntu,modemmanager,usr/lib/systemd/system/ModemManager.service,ModemManager.service,A,UNAMBIGUOUS_EXECUTABLE_LINEAGE,MATCHED,usr/lib/systemd/system/ModemManager.service,ModemManager,1,3,,,,1
https://www.freedesktop.org/wiki/Software/Plymouth::plymouth,https://www.freedesktop.org/wiki/Software/Plymouth,arch,plymouth,usr/lib/systemd/system/plymouth-quit-wait.service,plymouth-quit-wait.service,UNRESOLVED,UNAMBIGUOUS_EXECUTABLE_LINEAGE,SERVICE_LINEAGE_AMBIGUOUS,usr/lib/systemd/system/plymouth-quit-wait.service,plymouth,5,4,,,,5
https://www.freedesktop.org/wiki/Software/Plymouth::plymouth,https://www.freedesktop.org/wiki/Software/Plymouth,arch,plymouth,usr/lib/systemd/system/plymouth-quit.service,plymouth-quit.service,UNRESOLVED,UNAMBIGUOUS_EXECUTABLE_LINEAGE,SERVICE_LINEAGE_AMBIGUOUS,usr/lib/systemd/system/plymouth-quit.service,plymouth,5,4,,,,5
https://www.freedesktop.org/wiki/Software/Plymouth::plymouth,https://www.freedesktop.org/wiki/Software/Plymouth,arch,plymouth,usr/lib/systemd/system/plymouth-read-write.service,plymouth-read-write.service,UNRESOLVED,UNAMBIGUOUS_EXECUTABLE_LINEAGE,SERVICE_LINEAGE_AMBIGUOUS,usr/lib/systemd/system/plymouth-read-write.service,plymouth,5,4,,,,5
https://www.freedesktop.org/wiki/Software/Plymouth::plymouth,https://www.freedesktop.org/wiki/Software/Plymouth,arch,plymouth,usr/lib/systemd/system/plymouth-switch-root-initramfs.service,plymouth-switch-root-initramfs.service,UNRESOLVED,UNAMBIGUOUS_EXECUTABLE_LINEAGE,SERVICE_LINEAGE_AMBIGUOUS,usr/lib/systemd/system/plymouth-switch-root-initramfs.service,plymouth,5,4,,,,5
https://www.freedesktop.org/wiki/Software/Plymouth::plymouth,https://www.freedesktop.org/wiki/Software/Plymouth,arch,plymouth,usr/lib/systemd/system/plymouth-switch-root.service,plymouth-switch-root.service,UNRESOLVED,UNAMBIGUOUS_EXECUTABLE_LINEAGE,SERVICE_LINEAGE_AMBIGUOUS,usr/lib/systemd/system/plymouth-switch-root.service,plymouth,5,4,,,,5
https://www.freedesktop.org/wiki/Software/Plymouth::plymouth,https://www.freedesktop.org/wiki/Software/Plymouth,debian,plymouth,usr/lib/systemd/system/plymouth-quit-wait.service,plymouth-quit-wait.service,UNRESOLVED,UNAMBIGUOUS_EXECUTABLE_LINEAGE,SERVICE_LINEAGE_AMBIGUOUS,usr/lib/systemd/system/plymouth-quit-wait.service,plymouth,5,4,,,,5
https://www.freedesktop.org/wiki/Software/Plymouth::plymouth,https://www.freedesktop.org/wiki/Software/Plymouth,debian,plymouth,usr/lib/systemd/system/plymouth-quit.service,plymouth-quit.service,UNRESOLVED,UNAMBIGUOUS_EXECUTABLE_LINEAGE,SERVICE_LINEAGE_AMBIGUOUS,usr/lib/systemd/system/plymouth-quit.service,plymouth,5,4,,,,5
https://www.freedesktop.org/wiki/Software/Plymouth::plymouth,https://www.freedesktop.org/wiki/Software/Plymouth,debian,plymouth,usr/lib/systemd/system/plymouth-read-write.service,plymouth-read-write.service,UNRESOLVED,UNAMBIGUOUS_EXECUTABLE_LINEAGE,SERVICE_LINEAGE_AMBIGUOUS,usr/lib/systemd/system/plymouth-read-write.service,plymouth,5,4,,,,5
https://www.freedesktop.org/wiki/Software/Plymouth::plymouth,https://www.freedesktop.org/wiki/Software/Plymouth,debian,plymouth,usr/lib/systemd/system/plymouth-switch-root-initramfs.service,plymouth-switch-root-initramfs.service,UNRESOLVED,UNAMBIGUOUS_EXECUTABLE_LINEAGE,SERVICE_LINEAGE_AMBIGUOUS,usr/lib/systemd/system/plymouth-switch-root-initramfs.service,plymouth,5,4,,,,5
https://www.freedesktop.org/wiki/Software/Plymouth::plymouth,https://www.freedesktop.org/wiki/Software/Plymouth,debian,plymouth,usr/lib/systemd/system/plymouth-switch-root.service,plymouth-switch-root.service,UNRESOLVED,UNAMBIGUOUS_EXECUTABLE_LINEAGE,SERVICE_LINEAGE_AMBIGUOUS,usr/lib/systemd/system/plymouth-switch-root.service,plymouth,5,4,,,,5
https://www.freedesktop.org/wiki/Software/Plymouth::plymouth,https://www.freedesktop.org/wiki/Software/Plymouth,fedora,plymouth,usr/lib/systemd/system/plymouth-quit-wait.service,plymouth-quit-wait.service,UNRESOLVED,UNAMBIGUOUS_EXECUTABLE_LINEAGE,SERVICE_LINEAGE_AMBIGUOUS,usr/lib/systemd/system/plymouth-quit-wait.service,plymouth,5,4,,,,5
https://www.freedesktop.org/wiki/Software/Plymouth::plymouth,https://www.freedesktop.org/wiki/Software/Plymouth,fedora,plymouth,usr/lib/systemd/system/plymouth-quit.service,plymouth-quit.service,UNRESOLVED,UNAMBIGUOUS_EXECUTABLE_LINEAGE,SERVICE_LINEAGE_AMBIGUOUS,usr/lib/systemd/system/plymouth-quit.service,plymouth,5,4,,,,5
https://www.freedesktop.org/wiki/Software/Plymouth::plymouth,https://www.freedesktop.org/wiki/Software/Plymouth,fedora,plymouth,usr/lib/systemd/system/plymouth-read-write.service,plymouth-read-write.service,UNRESOLVED,UNAMBIGUOUS_EXECUTABLE_LINEAGE,SERVICE_LINEAGE_AMBIGUOUS,usr/lib/systemd/system/plymouth-read-write.service,plymouth,5,4,,,,5
https://www.freedesktop.org/wiki/Software/Plymouth::plymouth,https://www.freedesktop.org/wiki/Software/Plymouth,fedora,plymouth,usr/lib/systemd/system/plymouth-switch-root-initramfs.service,plymouth-switch-root-initramfs.service,UNRESOLVED,UNAMBIGUOUS_EXECUTABLE_LINEAGE,SERVICE_LINEAGE_AMBIGUOUS,usr/lib/systemd/system/plymouth-switch-root-initramfs.service,plymouth,5,4,,,,5
https://www.freedesktop.org/wiki/Software/Plymouth::plymouth,https://www.freedesktop.org/wiki/Software/Plymouth,fedora,plymouth,usr/lib/systemd/system/plymouth-switch-root.service,plymouth-switch-root.service,UNRESOLVED,UNAMBIGUOUS_EXECUTABLE_LINEAGE,SERVICE_LINEAGE_AMBIGUOUS,usr/lib/systemd/system/plymouth-switch-root.service,plymouth,5,4,,,,5
https://www.freedesktop.org/wiki/Software/Plymouth::plymouth,https://www.freedesktop.org/wiki/Software/Plymouth,ubuntu,plymouth,usr/lib/systemd/system/plymouth-quit-wait.service,plymouth-quit-wait.service,UNRESOLVED,UNAMBIGUOUS_EXECUTABLE_LINEAGE,SERVICE_LINEAGE_AMBIGUOUS,usr/lib/systemd/system/plymouth-quit-wait.service,plymouth,5,4,,,,5
https://www.freedesktop.org/wiki/Software/Plymouth::plymouth,https://www.freedesktop.org/wiki/Software/Plymouth,ubuntu,plymouth,usr/lib/systemd/system/plymouth-quit.service,plymouth-quit.service,UNRESOLVED,UNAMBIGUOUS_EXECUTABLE_LINEAGE,SERVICE_LINEAGE_AMBIGUOUS,usr/lib/systemd/system/plymouth-quit.service,plymouth,5,4,,,,5
https://www.freedesktop.org/wiki/Software/Plymouth::plymouth,https://www.freedesktop.org/wiki/Software/Plymouth,ubuntu,plymouth,usr/lib/systemd/system/plymouth-read-write.service,plymouth-read-write.service,UNRESOLVED,UNAMBIGUOUS_EXECUTABLE_LINEAGE,SERVICE_LINEAGE_AMBIGUOUS,usr/lib/systemd/system/plymouth-read-write.service,plymouth,5,4,,,,5
https://www.freedesktop.org/wiki/Software/Plymouth::plymouth,https://www.freedesktop.org/wiki/Software/Plymouth,ubuntu,plymouth,usr/lib/systemd/system/plymouth-switch-root-initramfs.service,plymouth-switch-root-initramfs.service,UNRESOLVED,UNAMBIGUOUS_EXECUTABLE_LINEAGE,SERVICE_LINEAGE_AMBIGUOUS,usr/lib/systemd/system/plymouth-switch-root-initramfs.service,plymouth,5,4,,,,5
https://www.freedesktop.org/wiki/Software/Plymouth::plymouth,https://www.freedesktop.org/wiki/Software/Plymouth,ubuntu,plymouth,usr/lib/systemd/system/plymouth-switch-root.service,plymouth-switch-root.service,UNRESOLVED,UNAMBIGUOUS_EXECUTABLE_LINEAGE,SERVICE_LINEAGE_AMBIGUOUS,usr/lib/systemd/system/plymouth-switch-root.service,plymouth,5,4,,,,5
https://www.freedesktop.org/wiki/Software/Plymouth::plymouthd,https://www.freedesktop.org/wiki/Software/Plymouth,arch,plymouth,usr/lib/systemd/system/plymouth-halt.service,plymouth-halt.service,UNRESOLVED,UNAMBIGUOUS_EXECUTABLE_LINEAGE,SERVICE_LINEAGE_AMBIGUOUS,usr/lib/systemd/system/plymouth-halt.service,plymouthd,5,4,,,,5
https://www.freedesktop.org/wiki/Software/Plymouth::plymouthd,https://www.freedesktop.org/wiki/Software/Plymouth,arch,plymouth,usr/lib/systemd/system/plymouth-kexec.service,plymouth-kexec.service,UNRESOLVED,UNAMBIGUOUS_EXECUTABLE_LINEAGE,SERVICE_LINEAGE_AMBIGUOUS,usr/lib/systemd/system/plymouth-kexec.service,plymouthd,5,4,,,,5
https://www.freedesktop.org/wiki/Software/Plymouth::plymouthd,https://www.freedesktop.org/wiki/Software/Plymouth,arch,plymouth,usr/lib/systemd/system/plymouth-poweroff.service,plymouth-poweroff.service,UNRESOLVED,UNAMBIGUOUS_EXECUTABLE_LINEAGE,SERVICE_LINEAGE_AMBIGUOUS,usr/lib/systemd/system/plymouth-poweroff.service,plymouthd,5,4,,,,5
https://www.freedesktop.org/wiki/Software/Plymouth::plymouthd,https://www.freedesktop.org/wiki/Software/Plymouth,arch,plymouth,usr/lib/systemd/system/plymouth-reboot.service,plymouth-reboot.service,UNRESOLVED,UNAMBIGUOUS_EXECUTABLE_LINEAGE,SERVICE_LINEAGE_AMBIGUOUS,usr/lib/systemd/system/plymouth-reboot.service,plymouthd,5,4,,,,5
https://www.freedesktop.org/wiki/Software/Plymouth::plymouthd,https://www.freedesktop.org/wiki/Software/Plymouth,arch,plymouth,usr/lib/systemd/system/plymouth-start.service,plymouth-start.service,UNRESOLVED,UNAMBIGUOUS_EXECUTABLE_LINEAGE,SERVICE_LINEAGE_AMBIGUOUS,usr/lib/systemd/system/plymouth-start.service,plymouthd,5,4,,,,5
https://www.freedesktop.org/wiki/Software/Plymouth::plymouthd,https://www.freedesktop.org/wiki/Software/Plymouth,debian,plymouth,usr/lib/systemd/system/plymouth-halt.service,plymouth-halt.service,UNRESOLVED,UNAMBIGUOUS_EXECUTABLE_LINEAGE,SERVICE_LINEAGE_AMBIGUOUS,usr/lib/systemd/system/plymouth-halt.service,plymouthd,5,4,,,,5
https://www.freedesktop.org/wiki/Software/Plymouth::plymouthd,https://www.freedesktop.org/wiki/Software/Plymouth,debian,plymouth,usr/lib/systemd/system/plymouth-kexec.service,plymouth-kexec.service,UNRESOLVED,UNAMBIGUOUS_EXECUTABLE_LINEAGE,SERVICE_LINEAGE_AMBIGUOUS,usr/lib/systemd/system/plymouth-kexec.service,plymouthd,5,4,,,,5
https://www.freedesktop.org/wiki/Software/Plymouth::plymouthd,https://www.freedesktop.org/wiki/Software/Plymouth,debian,plymouth,usr/lib/systemd/system/plymouth-poweroff.service,plymouth-poweroff.service,UNRESOLVED,UNAMBIGUOUS_EXECUTABLE_LINEAGE,SERVICE_LINEAGE_AMBIGUOUS,usr/lib/systemd/system/plymouth-poweroff.service,plymouthd,5,4,,,,5
https://www.freedesktop.org/wiki/Software/Plymouth::plymouthd,https://www.freedesktop.org/wiki/Software/Plymouth,debian,plymouth,usr/lib/systemd/system/plymouth-reboot.service,plymouth-reboot.service,UNRESOLVED,UNAMBIGUOUS_EXECUTABLE_LINEAGE,SERVICE_LINEAGE_AMBIGUOUS,usr/lib/systemd/system/plymouth-reboot.service,plymouthd,5,4,,,,5
https://www.freedesktop.org/wiki/Software/Plymouth::plymouthd,https://www.freedesktop.org/wiki/Software/Plymouth,debian,plymouth,usr/lib/systemd/system/plymouth-start.service,plymouth-start.service,UNRESOLVED,UNAMBIGUOUS_EXECUTABLE_LINEAGE,SERVICE_LINEAGE_AMBIGUOUS,usr/lib/systemd/system/plymouth-start.service,plymouthd,5,4,,,,5
https://www.freedesktop.org/wiki/Software/Plymouth::plymouthd,https://www.freedesktop.org/wiki/Software/Plymouth,fedora,plymouth,usr/lib/systemd/system/plymouth-halt.service,plymouth-halt.service,UNRESOLVED,UNAMBIGUOUS_EXECUTABLE_LINEAGE,SERVICE_LINEAGE_AMBIGUOUS,usr/lib/systemd/system/plymouth-halt.service,plymouthd,5,4,,,,5
https://www.freedesktop.org/wiki/Software/Plymouth::plymouthd,https://www.freedesktop.org/wiki/Software/Plymouth,fedora,plymouth,usr/lib/systemd/system/plymouth-kexec.service,plymouth-kexec.service,UNRESOLVED,UNAMBIGUOUS_EXECUTABLE_LINEAGE,SERVICE_LINEAGE_AMBIGUOUS,usr/lib/systemd/system/plymouth-kexec.service,plymouthd,5,4,,,,5
https://www.freedesktop.org/wiki/Software/Plymouth::plymouthd,https://www.freedesktop.org/wiki/Software/Plymouth,fedora,plymouth,usr/lib/systemd/system/plymouth-poweroff.service,plymouth-poweroff.service,UNRESOLVED,UNAMBIGUOUS_EXECUTABLE_LINEAGE,SERVICE_LINEAGE_AMBIGUOUS,usr/lib/systemd/system/plymouth-poweroff.service,plymouthd,5,4,,,,5
https://www.freedesktop.org/wiki/Software/Plymouth::plymouthd,https://www.freedesktop.org/wiki/Software/Plymouth,fedora,plymouth,usr/lib/systemd/system/plymouth-reboot.service,plymouth-reboot.service,UNRESOLVED,UNAMBIGUOUS_EXECUTABLE_LINEAGE,SERVICE_LINEAGE_AMBIGUOUS,usr/lib/systemd/system/plymouth-reboot.service,plymouthd,5,4,,,,5
https://www.freedesktop.org/wiki/Software/Plymouth::plymouthd,https://www.freedesktop.org/wiki/Software/Plymouth,fedora,plymouth,usr/lib/systemd/system/plymouth-start.service,plymouth-start.service,UNRESOLVED,UNAMBIGUOUS_EXECUTABLE_LINEAGE,SERVICE_LINEAGE_AMBIGUOUS,usr/lib/systemd/system/plymouth-start.service,plymouthd,5,4,,,,5
https://www.freedesktop.org/wiki/Software/Plymouth::plymouthd,https://www.freedesktop.org/wiki/Software/Plymouth,ubuntu,plymouth,usr/lib/systemd/system/plymouth-halt.service,plymouth-halt.service,UNRESOLVED,UNAMBIGUOUS_EXECUTABLE_LINEAGE,SERVICE_LINEAGE_AMBIGUOUS,usr/lib/systemd/system/plymouth-halt.service,plymouthd,5,4,,,,5
https://www.freedesktop.org/wiki/Software/Plymouth::plymouthd,https://www.freedesktop.org/wiki/Software/Plymouth,ubuntu,plymouth,usr/lib/systemd/system/plymouth-kexec.service,plymouth-kexec.service,UNRESOLVED,UNAMBIGUOUS_EXECUTABLE_LINEAGE,SERVICE_LINEAGE_AMBIGUOUS,usr/lib/systemd/system/plymouth-kexec.service,plymouthd,5,4,,,,5
https://www.freedesktop.org/wiki/Software/Plymouth::plymouthd,https://www.freedesktop.org/wiki/Software/Plymouth,ubuntu,plymouth,usr/lib/systemd/system/plymouth-poweroff.service,plymouth-poweroff.service,UNRESOLVED,UNAMBIGUOUS_EXECUTABLE_LINEAGE,SERVICE_LINEAGE_AMBIGUOUS,usr/lib/systemd/system/plymouth-poweroff.service,plymouthd,5,4,,,,5
https://www.freedesktop.org/wiki/Software/Plymouth::plymouthd,https://www.freedesktop.org/wiki/Software/Plymouth,ubuntu,plymouth,usr/lib/systemd/system/plymouth-reboot.service,plymouth-reboot.service,UNRESOLVED,UNAMBIGUOUS_EXECUTABLE_LINEAGE,SERVICE_LINEAGE_AMBIGUOUS,usr/lib/systemd/system/plymouth-reboot.service,plymouthd,5,4,,,,5
https://www.freedesktop.org/wiki/Software/Plymouth::plymouthd,https://www.freedesktop.org/wiki/Software/Plymouth,ubuntu,plymouth,usr/lib/systemd/system/plymouth-start.service,plymouth-start.service,UNRESOLVED,UNAMBIGUOUS_EXECUTABLE_LINEAGE,SERVICE_LINEAGE_AMBIGUOUS,usr/lib/systemd/system/plymouth-start.service,plymouthd,5,4,,,,5
https://www.freedesktop.org/wiki/Software/Plymouth::systemd-tty-ask-password-agent,https://www.freedesktop.org/wiki/Software/Plymouth,arch,plymouth,usr/lib/systemd/system/systemd-ask-password-plymouth.service,systemd-ask-password-plymouth.service,A,UNAMBIGUOUS_EXECUTABLE_LINEAGE,MATCHED,usr/lib/systemd/system/systemd-ask-password-plymouth.service,systemd-tty-ask-password-agent,1,4,,,,1
https://www.freedesktop.org/wiki/Software/Plymouth::systemd-tty-ask-password-agent,https://www.freedesktop.org/wiki/Software/Plymouth,debian,plymouth,usr/lib/systemd/system/systemd-ask-password-plymouth.service,systemd-ask-password-plymouth.service,A,UNAMBIGUOUS_EXECUTABLE_LINEAGE,MATCHED,usr/lib/systemd/system/systemd-ask-password-plymouth.service,systemd-tty-ask-password-agent,1,4,,,,1
https://www.freedesktop.org/wiki/Software/Plymouth::systemd-tty-ask-password-agent,https://www.freedesktop.org/wiki/Software/Plymouth,fedora,plymouth,usr/lib/systemd/system/systemd-ask-password-plymouth.service,systemd-ask-password-plymouth.service,A,UNAMBIGUOUS_EXECUTABLE_LINEAGE,MATCHED,usr/lib/systemd/system/systemd-ask-password-plymouth.service,systemd-tty-ask-password-agent,1,4,,,,1
https://www.freedesktop.org/wiki/Software/Plymouth::systemd-tty-ask-password-agent,https://www.freedesktop.org/wiki/Software/Plymouth,ubuntu,plymouth,usr/lib/systemd/system/systemd-ask-password-plymouth.service,systemd-ask-password-plymouth.service,A,UNAMBIGUOUS_EXECUTABLE_LINEAGE,MATCHED,usr/lib/systemd/system/systemd-ask-password-plymouth.service,systemd-tty-ask-password-agent,1,4,,,,1
https://www.freedesktop.org/wiki/Software/dbus::dbus-daemon,https://www.freedesktop.org/wiki/Software/dbus,arch,dbus-daemon-units,usr/lib/systemd/system/dbus.service,dbus.service,A,UNAMBIGUOUS_EXECUTABLE_LINEAGE,MATCHED,usr/lib/systemd/system/dbus.service,dbus-daemon,1,2,,,,1
https://www.freedesktop.org/wiki/Software/dbus::dbus-daemon,https://www.freedesktop.org/wiki/Software/dbus,fedora,dbus-daemon,usr/lib/systemd/system/dbus-daemon.service,dbus-daemon.service,A,UNAMBIGUOUS_EXECUTABLE_LINEAGE,MATCHED,usr/lib/systemd/system/dbus-daemon.service,dbus-daemon,1,2,,,,1
https://www.freedesktop.org/wiki/Software/fprint/fprintd::fprintd,https://www.freedesktop.org/wiki/Software/fprint/fprintd,debian,fprintd,usr/lib/systemd/system/fprintd.service,fprintd.service,A,UNAMBIGUOUS_EXECUTABLE_LINEAGE,MATCHED,usr/lib/systemd/system/fprintd.service,fprintd,1,3,,,,1
https://www.freedesktop.org/wiki/Software/fprint/fprintd::fprintd,https://www.freedesktop.org/wiki/Software/fprint/fprintd,fedora,fprintd,usr/lib/systemd/system/fprintd.service,fprintd.service,A,UNAMBIGUOUS_EXECUTABLE_LINEAGE,MATCHED,usr/lib/systemd/system/fprintd.service,fprintd,1,3,,,,1
https://www.freedesktop.org/wiki/Software/fprint/fprintd::fprintd,https://www.freedesktop.org/wiki/Software/fprint/fprintd,ubuntu,fprintd,usr/lib/systemd/system/fprintd.service,fprintd.service,A,UNAMBIGUOUS_EXECUTABLE_LINEAGE,MATCHED,usr/lib/systemd/system/fprintd.service,fprintd,1,3,,,,1
https://www.freedesktop.org/wiki/Software/udisks::udisksd,https://www.freedesktop.org/wiki/Software/udisks,arch,udisks2,usr/lib/systemd/system/udisks2.service,udisks2.service,A,UNAMBIGUOUS_EXECUTABLE_LINEAGE,MATCHED,usr/lib/systemd/system/udisks2.service,udisksd,1,3,,,,1
https://www.freedesktop.org/wiki/Software/udisks::udisksd,https://www.freedesktop.org/wiki/Software/udisks,debian,udisks2,usr/lib/systemd/system/udisks2.service,udisks2.service,A,UNAMBIGUOUS_EXECUTABLE_LINEAGE,MATCHED,usr/lib/systemd/system/udisks2.service,udisksd,1,3,,,,1
https://www.freedesktop.org/wiki/Software/udisks::udisksd,https://www.freedesktop.org/wiki/Software/udisks,ubuntu,udisks2,usr/lib/systemd/system/udisks2.service,udisks2.service,A,UNAMBIGUOUS_EXECUTABLE_LINEAGE,MATCHED,usr/lib/systemd/system/udisks2.service,udisksd,1,3,,,,1
https://www.freeipa.org::ipa-epn,https://www.freeipa.org,debian,freeipa-client-epn,usr/lib/systemd/system/ipa-epn.service,ipa-epn.service,A,UNAMBIGUOUS_EXECUTABLE_LINEAGE,MATCHED,usr/lib/systemd/system/ipa-epn.service,ipa-epn,1,3,,,,1
https://www.freeipa.org::ipa-epn,https://www.freeipa.org,fedora,freeipa-client-epn,usr/lib/systemd/system/ipa-epn.service,ipa-epn.service,A,UNAMBIGUOUS_EXECUTABLE_LINEAGE,MATCHED,usr/lib/systemd/system/ipa-epn.service,ipa-epn,1,3,,,,1
https://www.freeipa.org::ipa-epn,https://www.freeipa.org,ubuntu,freeipa-client-epn,usr/lib/systemd/system/ipa-epn.service,ipa-epn.service,A,UNAMBIGUOUS_EXECUTABLE_LINEAGE,MATCHED,usr/lib/systemd/system/ipa-epn.service,ipa-epn,1,3,,,,1
https://www.freeradius.org::freeradius,https://www.freeradius.org,debian,freeradius,usr/lib/systemd/system/freeradius.service,freeradius.service,A,UNAMBIGUOUS_EXECUTABLE_LINEAGE,MATCHED,usr/lib/systemd/system/freeradius.service,freeradius,1,2,,,,1
https://www.freeradius.org::freeradius,https://www.freeradius.org,ubuntu,freeradius,usr/lib/systemd/system/freeradius.service,freeradius.service,A,UNAMBIGUOUS_EXECUTABLE_LINEAGE,MATCHED,usr/lib/systemd/system/freeradius.service,freeradius,1,2,,,,1
https://www.frrouting.org::frrinit.sh,https://www.frrouting.org,debian,frr,usr/lib/systemd/system/frr.service,frr.service,A,UNAMBIGUOUS_EXECUTABLE_LINEAGE,MATCHED,usr/lib/systemd/system/frr.service,frrinit.sh,1,2,,,,1
https://www.frrouting.org::frrinit.sh,https://www.frrouting.org,fedora,frr,usr/lib/systemd/system/frr.service,frr.service,A,UNAMBIGUOUS_EXECUTABLE_LINEAGE,MATCHED,usr/lib/systemd/system/frr.service,frrinit.sh,1,2,,,,1
https://www.gluster.org::glusterd,https://www.gluster.org,arch,glusterfs,usr/lib/systemd/system/glusterd.service,glusterd.service,A,UNAMBIGUOUS_EXECUTABLE_LINEAGE,MATCHED,usr/lib/systemd/system/glusterd.service,glusterd,1,3,,,,1
https://www.gluster.org::glusterd,https://www.gluster.org,debian,glusterfs-server,usr/lib/systemd/system/glusterd.service,glusterd.service,A,UNAMBIGUOUS_EXECUTABLE_LINEAGE,MATCHED,usr/lib/systemd/system/glusterd.service,glusterd,1,3,,,,1
https://www.gluster.org::glusterd,https://www.gluster.org,ubuntu,glusterfs-server,usr/lib/systemd/system/glusterd.service,glusterd.service,A,UNAMBIGUOUS_EXECUTABLE_LINEAGE,MATCHED,usr/lib/systemd/system/glusterd.service,glusterd,1,3,,,,1
https://www.gluster.org::glustereventsd,https://www.gluster.org,arch,glusterfs,usr/lib/systemd/system/glustereventsd.service,glustereventsd.service,A,UNAMBIGUOUS_EXECUTABLE_LINEAGE,MATCHED,usr/lib/systemd/system/glustereventsd.service,glustereventsd,1,3,,,,1
https://www.gluster.org::glustereventsd,https://www.gluster.org,debian,glusterfs-server,usr/lib/systemd/system/glustereventsd.service,glustereventsd.service,A,UNAMBIGUOUS_EXECUTABLE_LINEAGE,MATCHED,usr/lib/systemd/system/glustereventsd.service,glustereventsd,1,3,,,,1
https://www.gluster.org::glustereventsd,https://www.gluster.org,ubuntu,glusterfs-server,usr/lib/systemd/system/glustereventsd.service,glustereventsd.service,A,UNAMBIGUOUS_EXECUTABLE_LINEAGE,MATCHED,usr/lib/systemd/system/glustereventsd.service,glustereventsd,1,3,,,,1
https://www.gluster.org::glusterfsd,https://www.gluster.org,arch,glusterfs,usr/lib/systemd/system/gluster-ta-volume.service,gluster-ta-volume.service,A,UNAMBIGUOUS_EXECUTABLE_LINEAGE,MATCHED,usr/lib/systemd/system/gluster-ta-volume.service,glusterfsd,1,3,,,,1
https://www.gluster.org::glusterfsd,https://www.gluster.org,debian,glusterfs-server,usr/lib/systemd/system/gluster-ta-volume.service,gluster-ta-volume.service,A,UNAMBIGUOUS_EXECUTABLE_LINEAGE,MATCHED,usr/lib/systemd/system/gluster-ta-volume.service,glusterfsd,1,3,,,,1
https://www.gluster.org::glusterfsd,https://www.gluster.org,ubuntu,glusterfs-server,usr/lib/systemd/system/gluster-ta-volume.service,gluster-ta-volume.service,A,UNAMBIGUOUS_EXECUTABLE_LINEAGE,MATCHED,usr/lib/systemd/system/gluster-ta-volume.service,glusterfsd,1,3,,,,1
https://www.gluster.org::mount-shared-storage.sh,https://www.gluster.org,arch,glusterfs,usr/lib/systemd/system/glusterfssharedstorage.service,glusterfssharedstorage.service,A,UNAMBIGUOUS_EXECUTABLE_LINEAGE,MATCHED,usr/lib/systemd/system/glusterfssharedstorage.service,mount-shared-storage.sh,1,3,,,,1
https://www.gluster.org::mount-shared-storage.sh,https://www.gluster.org,debian,glusterfs-server,usr/lib/systemd/system/glusterfssharedstorage.service,glusterfssharedstorage.service,A,UNAMBIGUOUS_EXECUTABLE_LINEAGE,MATCHED,usr/lib/systemd/system/glusterfssharedstorage.service,mount-shared-storage.sh,1,3,,,,1
https://www.gluster.org::mount-shared-storage.sh,https://www.gluster.org,ubuntu,glusterfs-server,usr/lib/systemd/system/glusterfssharedstorage.service,glusterfssharedstorage.service,A,UNAMBIGUOUS_EXECUTABLE_LINEAGE,MATCHED,usr/lib/systemd/system/glusterfssharedstorage.service,mount-shared-storage.sh,1,3,,,,1
https://www.gnu.org/software/acct::accton,https://www.gnu.org/software/acct,debian,acct,usr/lib/systemd/system/acct.service,acct.service,A,UNAMBIGUOUS_EXECUTABLE_LINEAGE,MATCHED,usr/lib/systemd/system/acct.service,accton,1,3,,,,1
https://www.gnu.org/software/acct::accton,https://www.gnu.org/software/acct,fedora,psacct,usr/lib/systemd/system/psacct.service,psacct.service,A,UNAMBIGUOUS_EXECUTABLE_LINEAGE,MATCHED,usr/lib/systemd/system/psacct.service,accton,1,3,,,,1
https://www.gnu.org/software/acct::accton,https://www.gnu.org/software/acct,ubuntu,acct,usr/lib/systemd/system/acct.service,acct.service,A,UNAMBIGUOUS_EXECUTABLE_LINEAGE,MATCHED,usr/lib/systemd/system/acct.service,accton,1,3,,,,1
https://www.gnu.org/software/freeipmi::bmc-watchdog,https://www.gnu.org/software/freeipmi,arch,freeipmi,usr/lib/systemd/system/bmc-watchdog.service,bmc-watchdog.service,A,UNAMBIGUOUS_EXECUTABLE_LINEAGE,MATCHED,usr/lib/systemd/system/bmc-watchdog.service,bmc-watchdog,1,4,,,,1
https://www.gnu.org/software/freeipmi::bmc-watchdog,https://www.gnu.org/software/freeipmi,debian,freeipmi-bmc-watchdog,usr/lib/systemd/system/bmc-watchdog.service,bmc-watchdog.service,A,UNAMBIGUOUS_EXECUTABLE_LINEAGE,MATCHED,usr/lib/systemd/system/bmc-watchdog.service,bmc-watchdog,1,4,,,,1
https://www.gnu.org/software/freeipmi::bmc-watchdog,https://www.gnu.org/software/freeipmi,fedora,freeipmi-bmc-watchdog,usr/lib/systemd/system/bmc-watchdog.service,bmc-watchdog.service,A,UNAMBIGUOUS_EXECUTABLE_LINEAGE,MATCHED,usr/lib/systemd/system/bmc-watchdog.service,bmc-watchdog,1,4,,,,1
https://www.gnu.org/software/freeipmi::bmc-watchdog,https://www.gnu.org/software/freeipmi,ubuntu,freeipmi-bmc-watchdog,usr/lib/systemd/system/bmc-watchdog.service,bmc-watchdog.service,A,UNAMBIGUOUS_EXECUTABLE_LINEAGE,MATCHED,usr/lib/systemd/system/bmc-watchdog.service,bmc-watchdog,1,4,,,,1
https://www.gnu.org/software/freeipmi::ipmidetectd,https://www.gnu.org/software/freeipmi,arch,freeipmi,usr/lib/systemd/system/ipmidetectd.service,ipmidetectd.service,A,UNAMBIGUOUS_EXECUTABLE_LINEAGE,MATCHED,usr/lib/systemd/system/ipmidetectd.service,ipmidetectd,1,4,,,,1
https://www.gnu.org/software/freeipmi::ipmidetectd,https://www.gnu.org/software/freeipmi,debian,freeipmi-ipmidetect,usr/lib/systemd/system/ipmidetectd.service,ipmidetectd.service,A,UNAMBIGUOUS_EXECUTABLE_LINEAGE,MATCHED,usr/lib/systemd/system/ipmidetectd.service,ipmidetectd,1,4,,,,1
https://www.gnu.org/software/freeipmi::ipmidetectd,https://www.gnu.org/software/freeipmi,fedora,freeipmi-ipmidetectd,usr/lib/systemd/system/ipmidetectd.service,ipmidetectd.service,A,UNAMBIGUOUS_EXECUTABLE_LINEAGE,MATCHED,usr/lib/systemd/system/ipmidetectd.service,ipmidetectd,1,4,,,,1
https://www.gnu.org/software/freeipmi::ipmidetectd,https://www.gnu.org/software/freeipmi,ubuntu,freeipmi-ipmidetect,usr/lib/systemd/system/ipmidetectd.service,ipmidetectd.service,A,UNAMBIGUOUS_EXECUTABLE_LINEAGE,MATCHED,usr/lib/systemd/system/ipmidetectd.service,ipmidetectd,1,4,,,,1
https://www.gnu.org/software/freeipmi::ipmiseld,https://www.gnu.org/software/freeipmi,arch,freeipmi,usr/lib/systemd/system/ipmiseld.service,ipmiseld.service,A,UNAMBIGUOUS_EXECUTABLE_LINEAGE,MATCHED,usr/lib/systemd/system/ipmiseld.service,ipmiseld,1,4,,,,1
https://www.gnu.org/software/freeipmi::ipmiseld,https://www.gnu.org/software/freeipmi,debian,freeipmi-ipmiseld,usr/lib/systemd/system/ipmiseld.service,ipmiseld.service,A,UNAMBIGUOUS_EXECUTABLE_LINEAGE,MATCHED,usr/lib/systemd/system/ipmiseld.service,ipmiseld,1,4,,,,1
https://www.gnu.org/software/freeipmi::ipmiseld,https://www.gnu.org/software/freeipmi,fedora,freeipmi-ipmiseld,usr/lib/systemd/system/ipmiseld.service,ipmiseld.service,A,UNAMBIGUOUS_EXECUTABLE_LINEAGE,MATCHED,usr/lib/systemd/system/ipmiseld.service,ipmiseld,1,4,,,,1
https://www.gnu.org/software/freeipmi::ipmiseld,https://www.gnu.org/software/freeipmi,ubuntu,freeipmi-ipmiseld,usr/lib/systemd/system/ipmiseld.service,ipmiseld.service,A,UNAMBIGUOUS_EXECUTABLE_LINEAGE,MATCHED,usr/lib/systemd/system/ipmiseld.service,ipmiseld,1,4,,,,1
https://www.gnu.org/software/grub::grub-editenv,https://www.gnu.org/software/grub,debian,grub-common,usr/lib/systemd/system/grub-common.service,grub-common.service,UNRESOLVED,UNAMBIGUOUS_EXECUTABLE_LINEAGE,SERVICE_LINEAGE_AMBIGUOUS,usr/lib/systemd/system/grub-common.service,grub-editenv,1,2,,,,1
https://www.gnu.org/software/grub::grub-editenv,https://www.gnu.org/software/grub,ubuntu,grub2-common,usr/lib/systemd/system/grub-initrd-fallback.service,grub-initrd-fallback.service,UNRESOLVED,UNAMBIGUOUS_EXECUTABLE_LINEAGE,SERVICE_LINEAGE_AMBIGUOUS,usr/lib/systemd/system/grub-initrd-fallback.service,grub-editenv,2,2,,,,2
https://www.gnu.org/software/grub::grub-editenv,https://www.gnu.org/software/grub,ubuntu,grub2-common,usr/lib/systemd/system/grub2-common.service,grub2-common.service,UNRESOLVED,UNAMBIGUOUS_EXECUTABLE_LINEAGE,SERVICE_LINEAGE_AMBIGUOUS,usr/lib/systemd/system/grub2-common.service,grub-editenv,2,2,,,,2
https://www.gnu.org/software/inetutils::inetutils-inetd,https://www.gnu.org/software/inetutils,debian,inetutils-inetd,usr/lib/systemd/system/inetutils-inetd.service,inetutils-inetd.service,A,UNAMBIGUOUS_EXECUTABLE_LINEAGE,MATCHED,usr/lib/systemd/system/inetutils-inetd.service,inetutils-inetd,1,2,,,,1
https://www.gnu.org/software/inetutils::inetutils-inetd,https://www.gnu.org/software/inetutils,ubuntu,inetutils-inetd,usr/lib/systemd/system/inetutils-inetd.service,inetutils-inetd.service,A,UNAMBIGUOUS_EXECUTABLE_LINEAGE,MATCHED,usr/lib/systemd/system/inetutils-inetd.service,inetutils-inetd,1,2,,,,1
https://www.gnu.org/software/inetutils::syslogd,https://www.gnu.org/software/inetutils,debian,inetutils-syslogd,usr/lib/systemd/system/inetutils-syslogd.service,inetutils-syslogd.service,A,UNAMBIGUOUS_EXECUTABLE_LINEAGE,MATCHED,usr/lib/systemd/system/inetutils-syslogd.service,syslogd,1,2,,,,1
https://www.gnu.org/software/inetutils::syslogd,https://www.gnu.org/software/inetutils,ubuntu,inetutils-syslogd,usr/lib/systemd/system/inetutils-syslogd.service,inetutils-syslogd.service,A,UNAMBIGUOUS_EXECUTABLE_LINEAGE,MATCHED,usr/lib/systemd/system/inetutils-syslogd.service,syslogd,1,2,,,,1
https://www.haproxy.org::haproxy,https://www.haproxy.org,arch,haproxy,usr/lib/systemd/system/haproxy.service,haproxy.service,A,UNAMBIGUOUS_EXECUTABLE_LINEAGE,MATCHED,usr/lib/systemd/system/haproxy.service,haproxy,1,4,,,,1
https://www.haproxy.org::haproxy,https://www.haproxy.org,debian,haproxy,usr/lib/systemd/system/haproxy.service,haproxy.service,A,UNAMBIGUOUS_EXECUTABLE_LINEAGE,MATCHED,usr/lib/systemd/system/haproxy.service,haproxy,1,4,,,,1
https://www.haproxy.org::haproxy,https://www.haproxy.org,fedora,haproxy,usr/lib/systemd/system/haproxy.service,haproxy.service,A,UNAMBIGUOUS_EXECUTABLE_LINEAGE,MATCHED,usr/lib/systemd/system/haproxy.service,haproxy,1,4,,,,1
https://www.haproxy.org::haproxy,https://www.haproxy.org,ubuntu,haproxy,usr/lib/systemd/system/haproxy.service,haproxy.service,A,UNAMBIGUOUS_EXECUTABLE_LINEAGE,MATCHED,usr/lib/systemd/system/haproxy.service,haproxy,1,4,,,,1
https://www.imapproxy.org::imapproxyd,https://www.imapproxy.org,debian,imapproxy,usr/lib/systemd/system/imapproxy.service,imapproxy.service,A,UNAMBIGUOUS_EXECUTABLE_LINEAGE,MATCHED,usr/lib/systemd/system/imapproxy.service,imapproxyd,1,2,,,,1
https://www.imapproxy.org::imapproxyd,https://www.imapproxy.org,ubuntu,imapproxy,usr/lib/systemd/system/imapproxy.service,imapproxy.service,A,UNAMBIGUOUS_EXECUTABLE_LINEAGE,MATCHED,usr/lib/systemd/system/imapproxy.service,imapproxyd,1,2,,,,1
https://www.inet.no/dante::sockd,https://www.inet.no/dante,arch,dante,usr/lib/systemd/system/sockd.service,sockd.service,A,UNAMBIGUOUS_EXECUTABLE_LINEAGE,MATCHED,usr/lib/systemd/system/sockd.service,sockd,1,2,,,,1
https://www.inet.no/dante::sockd,https://www.inet.no/dante,fedora,dante-server,usr/lib/systemd/system/sockd.service,sockd.service,A,UNAMBIGUOUS_EXECUTABLE_LINEAGE,MATCHED,usr/lib/systemd/system/sockd.service,sockd,1,2,,,,1
https://www.infradead.org/~dhowells/kafs::kafs-preload,https://www.infradead.org/~dhowells/kafs,debian,kafs-client,usr/lib/systemd/system/kafs-client.service,kafs-client.service,A,UNAMBIGUOUS_EXECUTABLE_LINEAGE,MATCHED,usr/lib/systemd/system/kafs-client.service,kafs-preload,1,3,,,,1
https://www.infradead.org/~dhowells/kafs::kafs-preload,https://www.infradead.org/~dhowells/kafs,fedora,kafs-client,usr/lib/systemd/system/kafs-config.service,kafs-config.service,A,UNAMBIGUOUS_EXECUTABLE_LINEAGE,MATCHED,usr/lib/systemd/system/kafs-config.service,kafs-preload,1,3,,,,1
https://www.infradead.org/~dhowells/kafs::kafs-preload,https://www.infradead.org/~dhowells/kafs,ubuntu,kafs-client,usr/lib/systemd/system/kafs-client.service,kafs-client.service,A,UNAMBIGUOUS_EXECUTABLE_LINEAGE,MATCHED,usr/lib/systemd/system/kafs-client.service,kafs-preload,1,3,,,,1
https://www.isc.org/dhcp::dhcpd,https://www.isc.org/dhcp,arch,dhcp,usr/lib/systemd/system/dhcpd4.service,dhcpd4.service,UNRESOLVED,UNAMBIGUOUS_EXECUTABLE_LINEAGE,SERVICE_LINEAGE_AMBIGUOUS,usr/lib/systemd/system/dhcpd4.service,dhcpd,2,2,,,,2
https://www.isc.org/dhcp::dhcpd,https://www.isc.org/dhcp,arch,dhcp,usr/lib/systemd/system/dhcpd6.service,dhcpd6.service,UNRESOLVED,UNAMBIGUOUS_EXECUTABLE_LINEAGE,SERVICE_LINEAGE_AMBIGUOUS,usr/lib/systemd/system/dhcpd6.service,dhcpd,2,2,,,,2
https://www.isc.org/dhcp::dhcpd,https://www.isc.org/dhcp,fedora,dhcp-server,usr/lib/systemd/system/dhcpd.service,dhcpd.service,UNRESOLVED,UNAMBIGUOUS_EXECUTABLE_LINEAGE,SERVICE_LINEAGE_AMBIGUOUS,usr/lib/systemd/system/dhcpd.service,dhcpd,2,2,,,,2
https://www.isc.org/dhcp::dhcpd,https://www.isc.org/dhcp,fedora,dhcp-server,usr/lib/systemd/system/dhcpd6.service,dhcpd6.service,UNRESOLVED,UNAMBIGUOUS_EXECUTABLE_LINEAGE,SERVICE_LINEAGE_AMBIGUOUS,usr/lib/systemd/system/dhcpd6.service,dhcpd,2,2,,,,2
https://www.isc.org/downloads/bind::named,https://www.isc.org/downloads/bind,debian,bind9,usr/lib/systemd/system/named.service,named.service,UNRESOLVED,UNAMBIGUOUS_EXECUTABLE_LINEAGE,SERVICE_LINEAGE_AMBIGUOUS,usr/lib/systemd/system/named.service,named,1,3,,,,1
https://www.isc.org/downloads/bind::named,https://www.isc.org/downloads/bind,fedora,bind,usr/lib/systemd/system/named.service,named.service,UNRESOLVED,UNAMBIGUOUS_EXECUTABLE_LINEAGE,SERVICE_LINEAGE_AMBIGUOUS,usr/lib/systemd/system/named.service,named,4,3,,,,4
https://www.isc.org/downloads/bind::named,https://www.isc.org/downloads/bind,fedora,bind-chroot,usr/lib/systemd/system/named-chroot.service,named-chroot.service,UNRESOLVED,UNAMBIGUOUS_EXECUTABLE_LINEAGE,SERVICE_LINEAGE_AMBIGUOUS,usr/lib/systemd/system/named-chroot.service,named,4,3,,,,4
https://www.isc.org/downloads/bind::named,https://www.isc.org/downloads/bind,fedora,bind9-next,usr/lib/systemd/system/named.service,named.service,UNRESOLVED,UNAMBIGUOUS_EXECUTABLE_LINEAGE,SERVICE_LINEAGE_AMBIGUOUS,usr/lib/systemd/system/named.service,named,4,3,,,,4
https://www.isc.org/downloads/bind::named,https://www.isc.org/downloads/bind,fedora,bind9-next-chroot,usr/lib/systemd/system/named-chroot.service,named-chroot.service,UNRESOLVED,UNAMBIGUOUS_EXECUTABLE_LINEAGE,SERVICE_LINEAGE_AMBIGUOUS,usr/lib/systemd/system/named-chroot.service,named,4,3,,,,4
https://www.isc.org/downloads/bind::named,https://www.isc.org/downloads/bind,ubuntu,bind9,usr/lib/systemd/system/named.service,named.service,UNRESOLVED,UNAMBIGUOUS_EXECUTABLE_LINEAGE,SERVICE_LINEAGE_AMBIGUOUS,usr/lib/systemd/system/named.service,named,1,3,,,,1
https://www.isc.org/downloads/bind::sh,https://www.isc.org/downloads/bind,debian,bind9,usr/lib/systemd/system/named-resolvconf.service,named-resolvconf.service,A,UNAMBIGUOUS_EXECUTABLE_LINEAGE,MATCHED,usr/lib/systemd/system/named-resolvconf.service,sh,1,2,,,,1
https://www.isc.org/downloads/bind::sh,https://www.isc.org/downloads/bind,ubuntu,bind9,usr/lib/systemd/system/named-resolvconf.service,named-resolvconf.service,A,UNAMBIGUOUS_EXECUTABLE_LINEAGE,MATCHED,usr/lib/systemd/system/named-resolvconf.service,sh,1,2,,,,1
https://www.keepalived.org::keepalived,https://www.keepalived.org,arch,keepalived,usr/lib/systemd/system/keepalived.service,keepalived.service,A,UNAMBIGUOUS_EXECUTABLE_LINEAGE,MATCHED,usr/lib/systemd/system/keepalived.service,keepalived,1,2,,,,1
https://www.keepalived.org::keepalived,https://www.keepalived.org,fedora,keepalived,usr/lib/systemd/system/keepalived.service,keepalived.service,A,UNAMBIGUOUS_EXECUTABLE_LINEAGE,MATCHED,usr/lib/systemd/system/keepalived.service,keepalived,1,2,,,,1
https://www.kernel.org::cpupower,https://www.kernel.org,arch,cpupower,usr/lib/systemd/system/cpupower.service,cpupower.service,A,UNAMBIGUOUS_EXECUTABLE_LINEAGE,MATCHED,usr/lib/systemd/system/cpupower.service,cpupower,1,2,,,,1
https://www.kernel.org::cpupower,https://www.kernel.org,fedora,kernel-tools,usr/lib/systemd/system/cpupower.service,cpupower.service,A,UNAMBIGUOUS_EXECUTABLE_LINEAGE,MATCHED,usr/lib/systemd/system/cpupower.service,cpupower,1,2,,,,1
https://www.kernel.org::hv_kvp_daemon,https://www.kernel.org,arch,hyperv,usr/lib/systemd/system/hv_kvp_daemon.service,hv_kvp_daemon.service,A,UNAMBIGUOUS_EXECUTABLE_LINEAGE,MATCHED,usr/lib/systemd/system/hv_kvp_daemon.service,hv_kvp_daemon,1,3,,,,1
https://www.kernel.org::hv_kvp_daemon,https://www.kernel.org,debian,hyperv-daemons,usr/lib/systemd/system/hv-kvp-daemon.service,hv-kvp-daemon.service,A,UNAMBIGUOUS_EXECUTABLE_LINEAGE,MATCHED,usr/lib/systemd/system/hv-kvp-daemon.service,hv_kvp_daemon,1,3,,,,1
https://www.kernel.org::hv_kvp_daemon,https://www.kernel.org,fedora,hypervkvpd,usr/lib/systemd/system/hypervkvpd.service,hypervkvpd.service,A,UNAMBIGUOUS_EXECUTABLE_LINEAGE,MATCHED,usr/lib/systemd/system/hypervkvpd.service,hv_kvp_daemon,1,3,,,,1
https://www.kernel.org::hv_vss_daemon,https://www.kernel.org,arch,hyperv,usr/lib/systemd/system/hv_vss_daemon.service,hv_vss_daemon.service,A,UNAMBIGUOUS_EXECUTABLE_LINEAGE,MATCHED,usr/lib/systemd/system/hv_vss_daemon.service,hv_vss_daemon,1,3,,,,1
https://www.kernel.org::hv_vss_daemon,https://www.kernel.org,debian,hyperv-daemons,usr/lib/systemd/system/hv-vss-daemon.service,hv-vss-daemon.service,A,UNAMBIGUOUS_EXECUTABLE_LINEAGE,MATCHED,usr/lib/systemd/system/hv-vss-daemon.service,hv_vss_daemon,1,3,,,,1
https://www.kernel.org::hv_vss_daemon,https://www.kernel.org,fedora,hypervvssd,usr/lib/systemd/system/hypervvssd.service,hypervvssd.service,A,UNAMBIGUOUS_EXECUTABLE_LINEAGE,MATCHED,usr/lib/systemd/system/hypervvssd.service,hv_vss_daemon,1,3,,,,1
https://www.kernel.org::usbipd,https://www.kernel.org,arch,usbip,usr/lib/systemd/system/usbipd.service,usbipd.service,A,UNAMBIGUOUS_EXECUTABLE_LINEAGE,MATCHED,usr/lib/systemd/system/usbipd.service,usbipd,1,2,,,,1
https://www.kernel.org::usbipd,https://www.kernel.org,fedora,usbip,usr/lib/systemd/system/usbip-server.service,usbip-server.service,A,UNAMBIGUOUS_EXECUTABLE_LINEAGE,MATCHED,usr/lib/systemd/system/usbip-server.service,usbipd,1,2,,,,1
https://www.knot-dns.cz::knotd,https://www.knot-dns.cz,arch,knot,usr/lib/systemd/system/knot.service,knot.service,A,UNAMBIGUOUS_EXECUTABLE_LINEAGE,MATCHED,usr/lib/systemd/system/knot.service,knotd,1,4,,,,1
https://www.knot-dns.cz::knotd,https://www.knot-dns.cz,debian,knot,usr/lib/systemd/system/knot.service,knot.service,A,UNAMBIGUOUS_EXECUTABLE_LINEAGE,MATCHED,usr/lib/systemd/system/knot.service,knotd,1,4,,,,1
https://www.knot-dns.cz::knotd,https://www.knot-dns.cz,fedora,knot,usr/lib/systemd/system/knot.service,knot.service,A,UNAMBIGUOUS_EXECUTABLE_LINEAGE,MATCHED,usr/lib/systemd/system/knot.service,knotd,1,4,,,,1
https://www.knot-dns.cz::knotd,https://www.knot-dns.cz,ubuntu,knot,usr/lib/systemd/system/knot.service,knot.service,A,UNAMBIGUOUS_EXECUTABLE_LINEAGE,MATCHED,usr/lib/systemd/system/knot.service,knotd,1,4,,,,1
https://www.knot-resolver.cz::knot-resolver,https://www.knot-resolver.cz,arch,knot-resolver,usr/lib/systemd/system/knot-resolver.service,knot-resolver.service,A,UNAMBIGUOUS_EXECUTABLE_LINEAGE,MATCHED,usr/lib/systemd/system/knot-resolver.service,knot-resolver,1,2,,,,1
https://www.knot-resolver.cz::knot-resolver,https://www.knot-resolver.cz,ubuntu,knot-resolver6,usr/lib/systemd/system/knot-resolver.service,knot-resolver.service,A,UNAMBIGUOUS_EXECUTABLE_LINEAGE,MATCHED,usr/lib/systemd/system/knot-resolver.service,knot-resolver,1,2,,,,1
https://www.knot-resolver.cz::kres-cache-gc,https://www.knot-resolver.cz,debian,knot-resolver,usr/lib/systemd/system/kres-cache-gc.service,kres-cache-gc.service,A,UNAMBIGUOUS_EXECUTABLE_LINEAGE,MATCHED,usr/lib/systemd/system/kres-cache-gc.service,kres-cache-gc,1,2,,,,1
https://www.knot-resolver.cz::kres-cache-gc,https://www.knot-resolver.cz,fedora,knot-resolver,usr/lib/systemd/system/kres-cache-gc.service,kres-cache-gc.service,A,UNAMBIGUOUS_EXECUTABLE_LINEAGE,MATCHED,usr/lib/systemd/system/kres-cache-gc.service,kres-cache-gc,1,2,,,,1
https://www.lighttpd.net::lighttpd,https://www.lighttpd.net,debian,lighttpd,usr/lib/systemd/system/lighttpd-maint.service,lighttpd-maint.service,UNRESOLVED,UNAMBIGUOUS_EXECUTABLE_LINEAGE,SERVICE_LINEAGE_AMBIGUOUS,usr/lib/systemd/system/lighttpd-maint.service,lighttpd,1,2,,,,1
https://www.lighttpd.net::lighttpd,https://www.lighttpd.net,ubuntu,lighttpd,usr/lib/systemd/system/lighttpd-maint.service,lighttpd-maint.service,UNRESOLVED,UNAMBIGUOUS_EXECUTABLE_LINEAGE,SERVICE_LINEAGE_AMBIGUOUS,usr/lib/systemd/system/lighttpd-maint.service,lighttpd,2,2,,,,2
https://www.lighttpd.net::lighttpd,https://www.lighttpd.net,ubuntu,lighttpd,usr/lib/systemd/system/lighttpd.service,lighttpd.service,UNRESOLVED,UNAMBIGUOUS_EXECUTABLE_LINEAGE,SERVICE_LINEAGE_AMBIGUOUS,usr/lib/systemd/system/lighttpd.service,lighttpd,2,2,,,,2
https://www.lighttpd.net::upstream-unit::doc/systemd/lighttpd.service,https://www.lighttpd.net,arch,lighttpd,usr/lib/systemd/system/lighttpd.service,lighttpd.service,A,EXACT_UPSTREAM_UNIT_IDENTITY,MATCHED,/home/emrecan/github/ecylmz/unittrace/artifacts/full/roots/sources/arch/lighttpd/1.4.85-1/lighttpd1.4-4852959e67ef51ea68084984400d3264b854c97d/doc/systemd/lighttpd.service,lighttpd,1,3,1.4.85-1,doc/systemd/lighttpd.service,48e11078e3dddb3a61b24e5acc49f4718d06fc2c0d46519d840f476d397bec98,1
https://www.lighttpd.net::upstream-unit::doc/systemd/lighttpd.service,https://www.lighttpd.net,debian,lighttpd,usr/lib/systemd/system/lighttpd.service,lighttpd.service,A,EXACT_UPSTREAM_UNIT_IDENTITY,MATCHED,/home/emrecan/github/ecylmz/unittrace/artifacts/full/roots/sources/debian/lighttpd/1.4.79-2/lighttpd-1.4.79/doc/systemd/lighttpd.service,lighttpd,1,3,1.4.79-2,doc/systemd/lighttpd.service,555ebe0c8a4a8b882a9002e0a1c85dfb9f9afba6edc7397d02082a0ec042676b,1
https://www.lighttpd.net::upstream-unit::doc/systemd/lighttpd.service,https://www.lighttpd.net,fedora,lighttpd,usr/lib/systemd/system/lighttpd.service,lighttpd.service,A,EXACT_UPSTREAM_UNIT_IDENTITY,MATCHED,/home/emrecan/github/ecylmz/unittrace/artifacts/full/roots/sources/fedora/lighttpd/lighttpd-1.4.85-1.fc44.src.rpm/lighttpd-1.4.85/doc/systemd/lighttpd.service,lighttpd,1,3,lighttpd-1.4.85-1.fc44.src.rpm,doc/systemd/lighttpd.service,48e11078e3dddb3a61b24e5acc49f4718d06fc2c0d46519d840f476d397bec98,1
https://www.linux-pam.org::pam_namespace_helper,https://www.linux-pam.org,debian,libpam-modules-bin,usr/lib/systemd/system/pam_namespace.service,pam_namespace.service,A,UNAMBIGUOUS_EXECUTABLE_LINEAGE,MATCHED,usr/lib/systemd/system/pam_namespace.service,pam_namespace_helper,1,3,,,,1
https://www.linux-pam.org::pam_namespace_helper,https://www.linux-pam.org,fedora,pam,usr/lib/systemd/system/pam_namespace.service,pam_namespace.service,A,UNAMBIGUOUS_EXECUTABLE_LINEAGE,MATCHED,usr/lib/systemd/system/pam_namespace.service,pam_namespace_helper,1,3,,,,1
https://www.linux-pam.org::pam_namespace_helper,https://www.linux-pam.org,ubuntu,libpam-modules-bin,usr/lib/systemd/system/pam_namespace.service,pam_namespace.service,A,UNAMBIGUOUS_EXECUTABLE_LINEAGE,MATCHED,usr/lib/systemd/system/pam_namespace.service,pam_namespace_helper,1,3,,,,1
https://www.linuxptp.org::timemaster,https://www.linuxptp.org,fedora,linuxptp,usr/lib/systemd/system/timemaster.service,timemaster.service,A,UNAMBIGUOUS_EXECUTABLE_LINEAGE,MATCHED,usr/lib/systemd/system/timemaster.service,timemaster,1,2,,,,1
https://www.linuxptp.org::timemaster,https://www.linuxptp.org,ubuntu,linuxptp,usr/lib/systemd/system/timemaster.service,timemaster.service,A,UNAMBIGUOUS_EXECUTABLE_LINEAGE,MATCHED,usr/lib/systemd/system/timemaster.service,timemaster,1,2,,,,1
https://www.lirc.org::irexec,https://www.lirc.org,arch,lirc,usr/lib/systemd/system/irexec.service,irexec.service,A,UNAMBIGUOUS_EXECUTABLE_LINEAGE,MATCHED,usr/lib/systemd/system/irexec.service,irexec,1,2,,,,1
https://www.lirc.org::irexec,https://www.lirc.org,fedora,lirc-core,usr/lib/systemd/system/irexec.service,irexec.service,A,UNAMBIGUOUS_EXECUTABLE_LINEAGE,MATCHED,usr/lib/systemd/system/irexec.service,irexec,1,2,,,,1
https://www.lirc.org::lircd,https://www.lirc.org,arch,lirc,usr/lib/systemd/system/lircd.service,lircd.service,A,UNAMBIGUOUS_EXECUTABLE_LINEAGE,MATCHED,usr/lib/systemd/system/lircd.service,lircd,1,2,,,,1
https://www.lirc.org::lircd,https://www.lirc.org,fedora,lirc-core,usr/lib/systemd/system/lircd.service,lircd.service,A,UNAMBIGUOUS_EXECUTABLE_LINEAGE,MATCHED,usr/lib/systemd/system/lircd.service,lircd,1,2,,,,1
https://www.lirc.org::upstream-unit::systemd/lircd-setup.service,https://www.lirc.org,arch,lirc,usr/lib/systemd/system/lircd-setup.service,lircd-setup.service,A,EXACT_UPSTREAM_UNIT_IDENTITY,MATCHED,/home/emrecan/github/ecylmz/unittrace/artifacts/full/roots/sources/arch/lirc/1:0.10.2-6/lirc-0.10.2/systemd/lircd-setup.service,lircd-setup,1,2,1:0.10.2-6,systemd/lircd-setup.service,4157db7d906d4055b9831784076882be8a75d6b9863e130557a705288b6a03c9,1
https://www.lirc.org::upstream-unit::systemd/lircd-setup.service,https://www.lirc.org,fedora,lirc-core,usr/lib/systemd/system/lircd-setup.service,lircd-setup.service,A,EXACT_UPSTREAM_UNIT_IDENTITY,MATCHED,/home/emrecan/github/ecylmz/unittrace/artifacts/full/roots/sources/fedora/lirc/lirc-0.10.2-5.fc44.src.rpm/lirc-0.10.2/systemd/lircd-setup.service,lircd-setup,1,2,lirc-0.10.2-5.fc44.src.rpm,systemd/lircd-setup.service,4157db7d906d4055b9831784076882be8a75d6b9863e130557a705288b6a03c9,1
https://www.lirc.org::upstream-unit::systemd/lircd-uinput.service,https://www.lirc.org,arch,lirc,usr/lib/systemd/system/lircd-uinput.service,lircd-uinput.service,A,EXACT_UPSTREAM_UNIT_IDENTITY,MATCHED,/home/emrecan/github/ecylmz/unittrace/artifacts/full/roots/sources/arch/lirc/1:0.10.2-6/lirc-0.10.2/systemd/lircd-uinput.service,lircd-uinput,1,2,1:0.10.2-6,systemd/lircd-uinput.service,2267900dbdc960acb5f599a04e2bf13f0b87226e61b3ffd35fc9724c2c7cb37e,1
https://www.lirc.org::upstream-unit::systemd/lircd-uinput.service,https://www.lirc.org,fedora,lirc-core,usr/lib/systemd/system/lircd-uinput.service,lircd-uinput.service,A,EXACT_UPSTREAM_UNIT_IDENTITY,MATCHED,/home/emrecan/github/ecylmz/unittrace/artifacts/full/roots/sources/fedora/lirc/lirc-0.10.2-5.fc44.src.rpm/lirc-0.10.2/systemd/lircd-uinput.service,lircd-uinput,1,2,lirc-0.10.2-5.fc44.src.rpm,systemd/lircd-uinput.service,2267900dbdc960acb5f599a04e2bf13f0b87226e61b3ffd35fc9724c2c7cb37e,1
https://www.lirc.org::upstream-unit::systemd/lircmd.service,https://www.lirc.org,arch,lirc,usr/lib/systemd/system/lircmd.service,lircmd.service,A,EXACT_UPSTREAM_UNIT_IDENTITY,MATCHED,/home/emrecan/github/ecylmz/unittrace/artifacts/full/roots/sources/arch/lirc/1:0.10.2-6/lirc-0.10.2/systemd/lircmd.service,lircmd,1,2,1:0.10.2-6,systemd/lircmd.service,06d6f9c3e09724ea014b0de0c5677773c80af33ba209c7d5c0285d079cb32ab8,1
https://www.lirc.org::upstream-unit::systemd/lircmd.service,https://www.lirc.org,fedora,lirc-core,usr/lib/systemd/system/lircmd.service,lircmd.service,A,EXACT_UPSTREAM_UNIT_IDENTITY,MATCHED,/home/emrecan/github/ecylmz/unittrace/artifacts/full/roots/sources/fedora/lirc/lirc-0.10.2-5.fc44.src.rpm/lirc-0.10.2/systemd/lircmd.service,lircmd,1,2,lirc-0.10.2-5.fc44.src.rpm,systemd/lircmd.service,06d6f9c3e09724ea014b0de0c5677773c80af33ba209c7d5c0285d079cb32ab8,1
https://www.list.org::mailman,https://www.list.org,arch,mailman3,usr/lib/systemd/system/mailman3-digests.service,mailman3-digests.service,UNRESOLVED,UNAMBIGUOUS_EXECUTABLE_LINEAGE,SERVICE_LINEAGE_AMBIGUOUS,usr/lib/systemd/system/mailman3-digests.service,mailman,4,2,,,,4
https://www.list.org::mailman,https://www.list.org,arch,mailman3,usr/lib/systemd/system/mailman3-gatenews.service,mailman3-gatenews.service,UNRESOLVED,UNAMBIGUOUS_EXECUTABLE_LINEAGE,SERVICE_LINEAGE_AMBIGUOUS,usr/lib/systemd/system/mailman3-gatenews.service,mailman,4,2,,,,4
https://www.list.org::mailman,https://www.list.org,arch,mailman3,usr/lib/systemd/system/mailman3-notify.service,mailman3-notify.service,UNRESOLVED,UNAMBIGUOUS_EXECUTABLE_LINEAGE,SERVICE_LINEAGE_AMBIGUOUS,usr/lib/systemd/system/mailman3-notify.service,mailman,4,2,,,,4
https://www.list.org::mailman,https://www.list.org,arch,mailman3,usr/lib/systemd/system/mailman3.service,mailman3.service,UNRESOLVED,UNAMBIGUOUS_EXECUTABLE_LINEAGE,SERVICE_LINEAGE_AMBIGUOUS,usr/lib/systemd/system/mailman3.service,mailman,4,2,,,,4
https://www.list.org::mailman,https://www.list.org,ubuntu,mailman3,usr/lib/systemd/system/mailman3.service,mailman3.service,UNRESOLVED,UNAMBIGUOUS_EXECUTABLE_LINEAGE,SERVICE_LINEAGE_AMBIGUOUS,usr/lib/systemd/system/mailman3.service,mailman,1,2,,,,1
https://www.litech.org/radvd::radvd,https://www.litech.org/radvd,arch,radvd,usr/lib/systemd/system/radvd.service,radvd.service,A,UNAMBIGUOUS_EXECUTABLE_LINEAGE,MATCHED,usr/lib/systemd/system/radvd.service,radvd,1,3,,,,1
https://www.litech.org/radvd::radvd,https://www.litech.org/radvd,debian,radvd,usr/lib/systemd/system/radvd.service,radvd.service,A,UNAMBIGUOUS_EXECUTABLE_LINEAGE,MATCHED,usr/lib/systemd/system/radvd.service,radvd,1,3,,,,1
https://www.litech.org/radvd::radvd,https://www.litech.org/radvd,ubuntu,radvd,usr/lib/systemd/system/radvd.service,radvd.service,A,UNAMBIGUOUS_EXECUTABLE_LINEAGE,MATCHED,usr/lib/systemd/system/radvd.service,radvd,1,3,,,,1
https://www.luanti.org::luantiserver,https://www.luanti.org,debian,luanti-server,usr/lib/systemd/system/luanti-server.service,luanti-server.service,A,UNAMBIGUOUS_EXECUTABLE_LINEAGE,MATCHED,usr/lib/systemd/system/luanti-server.service,luantiserver,1,2,,,,1
https://www.luanti.org::luantiserver,https://www.luanti.org,ubuntu,luanti-server,usr/lib/systemd/system/luanti-server.service,luanti-server.service,A,UNAMBIGUOUS_EXECUTABLE_LINEAGE,MATCHED,usr/lib/systemd/system/luanti-server.service,luantiserver,1,2,,,,1
https://www.monitorix.org::monitorix,https://www.monitorix.org,fedora,monitorix,usr/lib/systemd/system/monitorix.service,monitorix.service,A,UNAMBIGUOUS_EXECUTABLE_LINEAGE,MATCHED,usr/lib/systemd/system/monitorix.service,monitorix,1,2,,,,1
https://www.monitorix.org::monitorix,https://www.monitorix.org,ubuntu,monitorix,usr/lib/systemd/system/monitorix.service,monitorix.service,A,UNAMBIGUOUS_EXECUTABLE_LINEAGE,MATCHED,usr/lib/systemd/system/monitorix.service,monitorix,1,2,,,,1
https://www.msweet.org/lprint::lprint,https://www.msweet.org/lprint,arch,lprint,usr/lib/systemd/system/lprint.service,lprint.service,A,UNAMBIGUOUS_EXECUTABLE_LINEAGE,MATCHED,usr/lib/systemd/system/lprint.service,lprint,1,4,,,,1
https://www.msweet.org/lprint::lprint,https://www.msweet.org/lprint,debian,lprint,usr/lib/systemd/system/lprint.service,lprint.service,A,UNAMBIGUOUS_EXECUTABLE_LINEAGE,MATCHED,usr/lib/systemd/system/lprint.service,lprint,1,4,,,,1
https://www.msweet.org/lprint::lprint,https://www.msweet.org/lprint,fedora,lprint,usr/lib/systemd/system/lprint.service,lprint.service,A,UNAMBIGUOUS_EXECUTABLE_LINEAGE,MATCHED,usr/lib/systemd/system/lprint.service,lprint,1,4,,,,1
https://www.msweet.org/lprint::lprint,https://www.msweet.org/lprint,ubuntu,lprint,usr/lib/systemd/system/lprint.service,lprint.service,A,UNAMBIGUOUS_EXECUTABLE_LINEAGE,MATCHED,usr/lib/systemd/system/lprint.service,lprint,1,4,,,,1
https://www.mumble.info::mumble-server,https://www.mumble.info,arch,mumble-server,usr/lib/systemd/system/mumble-server.service,mumble-server.service,A,UNAMBIGUOUS_EXECUTABLE_LINEAGE,MATCHED,usr/lib/systemd/system/mumble-server.service,mumble-server,1,4,,,,1
https://www.mumble.info::mumble-server,https://www.mumble.info,debian,mumble-server,usr/lib/systemd/system/mumble-server.service,mumble-server.service,A,UNAMBIGUOUS_EXECUTABLE_LINEAGE,MATCHED,usr/lib/systemd/system/mumble-server.service,mumble-server,1,4,,,,1
https://www.mumble.info::mumble-server,https://www.mumble.info,fedora,mumble-server,usr/lib/systemd/system/murmur.service,murmur.service,A,UNAMBIGUOUS_EXECUTABLE_LINEAGE,MATCHED,usr/lib/systemd/system/murmur.service,mumble-server,1,4,,,,1
https://www.mumble.info::mumble-server,https://www.mumble.info,ubuntu,mumble-server,usr/lib/systemd/system/mumble-server.service,mumble-server.service,A,UNAMBIGUOUS_EXECUTABLE_LINEAGE,MATCHED,usr/lib/systemd/system/mumble-server.service,mumble-server,1,4,,,,1
https://www.musicpd.org/clients/mpdscribble::mpdscribble,https://www.musicpd.org/clients/mpdscribble,arch,mpdscribble,usr/lib/systemd/system/mpdscribble.service,mpdscribble.service,A,UNAMBIGUOUS_EXECUTABLE_LINEAGE,MATCHED,usr/lib/systemd/system/mpdscribble.service,mpdscribble,1,4,,,,1
https://www.musicpd.org/clients/mpdscribble::mpdscribble,https://www.musicpd.org/clients/mpdscribble,debian,mpdscribble,usr/lib/systemd/system/mpdscribble.service,mpdscribble.service,A,UNAMBIGUOUS_EXECUTABLE_LINEAGE,MATCHED,usr/lib/systemd/system/mpdscribble.service,mpdscribble,1,4,,,,1
https://www.musicpd.org/clients/mpdscribble::mpdscribble,https://www.musicpd.org/clients/mpdscribble,fedora,mpdscribble,usr/lib/systemd/system/mpdscribble.service,mpdscribble.service,A,UNAMBIGUOUS_EXECUTABLE_LINEAGE,MATCHED,usr/lib/systemd/system/mpdscribble.service,mpdscribble,1,4,,,,1
https://www.musicpd.org/clients/mpdscribble::mpdscribble,https://www.musicpd.org/clients/mpdscribble,ubuntu,mpdscribble,usr/lib/systemd/system/mpdscribble.service,mpdscribble.service,A,UNAMBIGUOUS_EXECUTABLE_LINEAGE,MATCHED,usr/lib/systemd/system/mpdscribble.service,mpdscribble,1,4,,,,1
https://www.musicpd.org::mpd,https://www.musicpd.org,arch,mpd,usr/lib/systemd/system/mpd.service,mpd.service,A,UNAMBIGUOUS_EXECUTABLE_LINEAGE,MATCHED,usr/lib/systemd/system/mpd.service,mpd,1,4,,,,1
https://www.musicpd.org::mpd,https://www.musicpd.org,debian,mpd,usr/lib/systemd/system/mpd.service,mpd.service,A,UNAMBIGUOUS_EXECUTABLE_LINEAGE,MATCHED,usr/lib/systemd/system/mpd.service,mpd,1,4,,,,1
https://www.musicpd.org::mpd,https://www.musicpd.org,fedora,mpd,usr/lib/systemd/system/mpd.service,mpd.service,A,UNAMBIGUOUS_EXECUTABLE_LINEAGE,MATCHED,usr/lib/systemd/system/mpd.service,mpd,1,4,,,,1
https://www.musicpd.org::mpd,https://www.musicpd.org,ubuntu,mpd,usr/lib/systemd/system/mpd.service,mpd.service,A,UNAMBIGUOUS_EXECUTABLE_LINEAGE,MATCHED,usr/lib/systemd/system/mpd.service,mpd,1,4,,,,1
https://www.netfilter.org/projects/ulogd::ulogd,https://www.netfilter.org/projects/ulogd,arch,ulogd,usr/lib/systemd/system/ulogd.service,ulogd.service,A,UNAMBIGUOUS_EXECUTABLE_LINEAGE,MATCHED,usr/lib/systemd/system/ulogd.service,ulogd,1,3,,,,1
https://www.netfilter.org/projects/ulogd::ulogd,https://www.netfilter.org/projects/ulogd,debian,ulogd2,usr/lib/systemd/system/ulogd2.service,ulogd2.service,A,UNAMBIGUOUS_EXECUTABLE_LINEAGE,MATCHED,usr/lib/systemd/system/ulogd2.service,ulogd,1,3,,,,1
https://www.netfilter.org/projects/ulogd::ulogd,https://www.netfilter.org/projects/ulogd,ubuntu,ulogd2,usr/lib/systemd/system/ulogd2.service,ulogd2.service,A,UNAMBIGUOUS_EXECUTABLE_LINEAGE,MATCHED,usr/lib/systemd/system/ulogd2.service,ulogd,1,3,,,,1
https://www.nico.schottelius.org/software/gpm::gpm,https://www.nico.schottelius.org/software/gpm,arch,gpm,usr/lib/systemd/system/gpm.service,gpm.service,A,UNAMBIGUOUS_EXECUTABLE_LINEAGE,MATCHED,usr/lib/systemd/system/gpm.service,gpm,1,2,,,,1
https://www.nico.schottelius.org/software/gpm::gpm,https://www.nico.schottelius.org/software/gpm,fedora,gpm,usr/lib/systemd/system/gpm.service,gpm.service,A,UNAMBIGUOUS_EXECUTABLE_LINEAGE,MATCHED,usr/lib/systemd/system/gpm.service,gpm,1,2,,,,1
https://www.nlnetlabs.nl/nsd::nsd,https://www.nlnetlabs.nl/nsd,arch,nsd,usr/lib/systemd/system/nsd.service,nsd.service,A,UNAMBIGUOUS_EXECUTABLE_LINEAGE,MATCHED,usr/lib/systemd/system/nsd.service,nsd,1,2,,,,1
https://www.nlnetlabs.nl/nsd::nsd,https://www.nlnetlabs.nl/nsd,fedora,nsd,usr/lib/systemd/system/nsd.service,nsd.service,A,UNAMBIGUOUS_EXECUTABLE_LINEAGE,MATCHED,usr/lib/systemd/system/nsd.service,nsd,1,2,,,,1
https://www.nlnetlabs.nl/projects/dnssec-trigger::dnssec-trigger-control-setup,https://www.nlnetlabs.nl/projects/dnssec-trigger,debian,dnssec-trigger,usr/lib/systemd/system/dnssec-triggerd-keygen.service,dnssec-triggerd-keygen.service,A,UNAMBIGUOUS_EXECUTABLE_LINEAGE,MATCHED,usr/lib/systemd/system/dnssec-triggerd-keygen.service,dnssec-trigger-control-setup,1,3,,,,1
https://www.nlnetlabs.nl/projects/dnssec-trigger::dnssec-trigger-control-setup,https://www.nlnetlabs.nl/projects/dnssec-trigger,fedora,dnssec-trigger,usr/lib/systemd/system/dnssec-triggerd-keygen.service,dnssec-triggerd-keygen.service,A,UNAMBIGUOUS_EXECUTABLE_LINEAGE,MATCHED,usr/lib/systemd/system/dnssec-triggerd-keygen.service,dnssec-trigger-control-setup,1,3,,,,1
https://www.nlnetlabs.nl/projects/dnssec-trigger::dnssec-trigger-control-setup,https://www.nlnetlabs.nl/projects/dnssec-trigger,ubuntu,dnssec-trigger,usr/lib/systemd/system/dnssec-triggerd-keygen.service,dnssec-triggerd-keygen.service,A,UNAMBIGUOUS_EXECUTABLE_LINEAGE,MATCHED,usr/lib/systemd/system/dnssec-triggerd-keygen.service,dnssec-trigger-control-setup,1,3,,,,1
https://www.nlnetlabs.nl/projects/dnssec-trigger::dnssec-triggerd,https://www.nlnetlabs.nl/projects/dnssec-trigger,debian,dnssec-trigger,usr/lib/systemd/system/dnssec-triggerd.service,dnssec-triggerd.service,A,UNAMBIGUOUS_EXECUTABLE_LINEAGE,MATCHED,usr/lib/systemd/system/dnssec-triggerd.service,dnssec-triggerd,1,3,,,,1
https://www.nlnetlabs.nl/projects/dnssec-trigger::dnssec-triggerd,https://www.nlnetlabs.nl/projects/dnssec-trigger,fedora,dnssec-trigger,usr/lib/systemd/system/dnssec-triggerd.service,dnssec-triggerd.service,A,UNAMBIGUOUS_EXECUTABLE_LINEAGE,MATCHED,usr/lib/systemd/system/dnssec-triggerd.service,dnssec-triggerd,1,3,,,,1
https://www.nlnetlabs.nl/projects/dnssec-trigger::dnssec-triggerd,https://www.nlnetlabs.nl/projects/dnssec-trigger,ubuntu,dnssec-trigger,usr/lib/systemd/system/dnssec-triggerd.service,dnssec-triggerd.service,A,UNAMBIGUOUS_EXECUTABLE_LINEAGE,MATCHED,usr/lib/systemd/system/dnssec-triggerd.service,dnssec-triggerd,1,3,,,,1
https://www.nordugrid.org::arc-arex-start,https://www.nordugrid.org,debian,nordugrid-arc-arex,usr/lib/systemd/system/arc-arex.service,arc-arex.service,A,UNAMBIGUOUS_EXECUTABLE_LINEAGE,MATCHED,usr/lib/systemd/system/arc-arex.service,arc-arex-start,1,3,,,,1
https://www.nordugrid.org::arc-arex-start,https://www.nordugrid.org,fedora,nordugrid-arc-arex,usr/lib/systemd/system/arc-arex.service,arc-arex.service,A,UNAMBIGUOUS_EXECUTABLE_LINEAGE,MATCHED,usr/lib/systemd/system/arc-arex.service,arc-arex-start,1,3,,,,1
https://www.nordugrid.org::arc-arex-start,https://www.nordugrid.org,ubuntu,nordugrid-arc-arex,usr/lib/systemd/system/arc-arex.service,arc-arex.service,A,UNAMBIGUOUS_EXECUTABLE_LINEAGE,MATCHED,usr/lib/systemd/system/arc-arex.service,arc-arex-start,1,3,,,,1
https://www.nordugrid.org::arc-arex-ws-start,https://www.nordugrid.org,debian,nordugrid-arc-arex,usr/lib/systemd/system/arc-arex-ws.service,arc-arex-ws.service,A,UNAMBIGUOUS_EXECUTABLE_LINEAGE,MATCHED,usr/lib/systemd/system/arc-arex-ws.service,arc-arex-ws-start,1,3,,,,1
https://www.nordugrid.org::arc-arex-ws-start,https://www.nordugrid.org,fedora,nordugrid-arc-arex,usr/lib/systemd/system/arc-arex-ws.service,arc-arex-ws.service,A,UNAMBIGUOUS_EXECUTABLE_LINEAGE,MATCHED,usr/lib/systemd/system/arc-arex-ws.service,arc-arex-ws-start,1,3,,,,1
https://www.nordugrid.org::arc-arex-ws-start,https://www.nordugrid.org,ubuntu,nordugrid-arc-arex,usr/lib/systemd/system/arc-arex-ws.service,arc-arex-ws.service,A,UNAMBIGUOUS_EXECUTABLE_LINEAGE,MATCHED,usr/lib/systemd/system/arc-arex-ws.service,arc-arex-ws-start,1,3,,,,1
https://www.nordugrid.org::arc-datadelivery-service-start,https://www.nordugrid.org,debian,nordugrid-arc-datadelivery-service,usr/lib/systemd/system/arc-datadelivery-service.service,arc-datadelivery-service.service,A,UNAMBIGUOUS_EXECUTABLE_LINEAGE,MATCHED,usr/lib/systemd/system/arc-datadelivery-service.service,arc-datadelivery-service-start,1,3,,,,1
https://www.nordugrid.org::arc-datadelivery-service-start,https://www.nordugrid.org,fedora,nordugrid-arc-datadelivery-service,usr/lib/systemd/system/arc-datadelivery-service.service,arc-datadelivery-service.service,A,UNAMBIGUOUS_EXECUTABLE_LINEAGE,MATCHED,usr/lib/systemd/system/arc-datadelivery-service.service,arc-datadelivery-service-start,1,3,,,,1
https://www.nordugrid.org::arc-datadelivery-service-start,https://www.nordugrid.org,ubuntu,nordugrid-arc-datadelivery-service,usr/lib/systemd/system/arc-datadelivery-service.service,arc-datadelivery-service.service,A,UNAMBIGUOUS_EXECUTABLE_LINEAGE,MATCHED,usr/lib/systemd/system/arc-datadelivery-service.service,arc-datadelivery-service-start,1,3,,,,1
https://www.nordugrid.org::sh,https://www.nordugrid.org,fedora,nordugrid-arc-infosys-ldap,usr/lib/systemd/system/arc-infosys-ldap-slapd.service,arc-infosys-ldap-slapd.service,UNRESOLVED,UNAMBIGUOUS_EXECUTABLE_LINEAGE,SERVICE_LINEAGE_AMBIGUOUS,usr/lib/systemd/system/arc-infosys-ldap-slapd.service,sh,2,2,,,,2
https://www.nordugrid.org::sh,https://www.nordugrid.org,fedora,nordugrid-arc-infosys-ldap,usr/lib/systemd/system/arc-infosys-ldap.service,arc-infosys-ldap.service,UNRESOLVED,UNAMBIGUOUS_EXECUTABLE_LINEAGE,SERVICE_LINEAGE_AMBIGUOUS,usr/lib/systemd/system/arc-infosys-ldap.service,sh,2,2,,,,2
https://www.nordugrid.org::sh,https://www.nordugrid.org,ubuntu,nordugrid-arc-infosys-ldap,usr/lib/systemd/system/arc-infosys-ldap-slapd.service,arc-infosys-ldap-slapd.service,UNRESOLVED,UNAMBIGUOUS_EXECUTABLE_LINEAGE,SERVICE_LINEAGE_AMBIGUOUS,usr/lib/systemd/system/arc-infosys-ldap-slapd.service,sh,2,2,,,,2
https://www.nordugrid.org::sh,https://www.nordugrid.org,ubuntu,nordugrid-arc-infosys-ldap,usr/lib/systemd/system/arc-infosys-ldap.service,arc-infosys-ldap.service,UNRESOLVED,UNAMBIGUOUS_EXECUTABLE_LINEAGE,SERVICE_LINEAGE_AMBIGUOUS,usr/lib/systemd/system/arc-infosys-ldap.service,sh,2,2,,,,2
https://www.nordugrid.org::upstream-unit::src/hed/daemon/scripts/arched.service,https://www.nordugrid.org,debian,nordugrid-arc-hed,usr/lib/systemd/system/arched.service,arched.service,A,EXACT_UPSTREAM_UNIT_IDENTITY,MATCHED,/home/emrecan/github/ecylmz/unittrace/artifacts/full/roots/sources/debian/nordugrid-arc/7.0.0-3/nordugrid-arc-7.0.0/src/hed/daemon/scripts/arched.service.in,arched-start,1,3,7.0.0-3,src/hed/daemon/scripts/arched.service,52688a95967dfcb3fa77c1960638fb369c52be52c192f86a812173fe32c09f5d,1
https://www.nordugrid.org::upstream-unit::src/hed/daemon/scripts/arched.service,https://www.nordugrid.org,fedora,nordugrid-arc-hed,usr/lib/systemd/system/arched.service,arched.service,A,EXACT_UPSTREAM_UNIT_IDENTITY,MATCHED,/home/emrecan/github/ecylmz/unittrace/artifacts/full/roots/sources/fedora/nordugrid-arc/nordugrid-arc-7.1.2-1.fc44.src.rpm/nordugrid-arc-7.1.2/src/hed/daemon/scripts/arched.service.in,arched-start,1,3,nordugrid-arc-7.1.2-1.fc44.src.rpm,src/hed/daemon/scripts/arched.service,52688a95967dfcb3fa77c1960638fb369c52be52c192f86a812173fe32c09f5d,1
https://www.nordugrid.org::upstream-unit::src/hed/daemon/scripts/arched.service,https://www.nordugrid.org,ubuntu,nordugrid-arc-hed,usr/lib/systemd/system/arched.service,arched.service,A,EXACT_UPSTREAM_UNIT_IDENTITY,MATCHED,/home/emrecan/github/ecylmz/unittrace/artifacts/full/roots/sources/ubuntu/nordugrid-arc/7.1.1-2build1/nordugrid-arc-7.1.1/src/hed/daemon/scripts/arched.service.in,arched-start,1,3,7.1.1-2build1,src/hed/daemon/scripts/arched.service,52688a95967dfcb3fa77c1960638fb369c52be52c192f86a812173fe32c09f5d,1
https://www.ntpsec.org::ntp-systemd-wrapper,https://www.ntpsec.org,debian,ntpsec,usr/lib/systemd/system/ntpsec.service,ntpsec.service,A,UNAMBIGUOUS_EXECUTABLE_LINEAGE,MATCHED,usr/lib/systemd/system/ntpsec.service,ntp-systemd-wrapper,1,2,,,,1
https://www.ntpsec.org::ntp-systemd-wrapper,https://www.ntpsec.org,ubuntu,ntpsec,usr/lib/systemd/system/ntpsec.service,ntpsec.service,A,UNAMBIGUOUS_EXECUTABLE_LINEAGE,MATCHED,usr/lib/systemd/system/ntpsec.service,ntp-systemd-wrapper,1,2,,,,1
https://www.ntpsec.org::ntploggps,https://www.ntpsec.org,debian,ntpsec-ntpviz,usr/lib/systemd/system/ntploggps.service,ntploggps.service,A,UNAMBIGUOUS_EXECUTABLE_LINEAGE,MATCHED,usr/lib/systemd/system/ntploggps.service,ntploggps,1,2,,,,1
https://www.ntpsec.org::ntploggps,https://www.ntpsec.org,ubuntu,ntpsec-ntpviz,usr/lib/systemd/system/ntploggps.service,ntploggps.service,A,UNAMBIGUOUS_EXECUTABLE_LINEAGE,MATCHED,usr/lib/systemd/system/ntploggps.service,ntploggps,1,2,,,,1
https://www.ntpsec.org::ntplogtemp,https://www.ntpsec.org,debian,ntpsec-ntpviz,usr/lib/systemd/system/ntplogtemp.service,ntplogtemp.service,A,UNAMBIGUOUS_EXECUTABLE_LINEAGE,MATCHED,usr/lib/systemd/system/ntplogtemp.service,ntplogtemp,1,3,,,,1
https://www.ntpsec.org::ntplogtemp,https://www.ntpsec.org,fedora,ntpsec,usr/lib/systemd/system/ntplogtemp.service,ntplogtemp.service,A,UNAMBIGUOUS_EXECUTABLE_LINEAGE,MATCHED,usr/lib/systemd/system/ntplogtemp.service,ntplogtemp,1,3,,,,1
https://www.ntpsec.org::ntplogtemp,https://www.ntpsec.org,ubuntu,ntpsec-ntpviz,usr/lib/systemd/system/ntplogtemp.service,ntplogtemp.service,A,UNAMBIGUOUS_EXECUTABLE_LINEAGE,MATCHED,usr/lib/systemd/system/ntplogtemp.service,ntplogtemp,1,3,,,,1
https://www.ntpsec.org::ntpviz,https://www.ntpsec.org,debian,ntpsec-ntpviz,usr/lib/systemd/system/ntpviz-daily.service,ntpviz-daily.service,UNRESOLVED,UNAMBIGUOUS_EXECUTABLE_LINEAGE,SERVICE_LINEAGE_AMBIGUOUS,usr/lib/systemd/system/ntpviz-daily.service,ntpviz,2,3,,,,2
https://www.ntpsec.org::ntpviz,https://www.ntpsec.org,debian,ntpsec-ntpviz,usr/lib/systemd/system/ntpviz-weekly.service,ntpviz-weekly.service,UNRESOLVED,UNAMBIGUOUS_EXECUTABLE_LINEAGE,SERVICE_LINEAGE_AMBIGUOUS,usr/lib/systemd/system/ntpviz-weekly.service,ntpviz,2,3,,,,2
https://www.ntpsec.org::ntpviz,https://www.ntpsec.org,fedora,ntpsec,usr/lib/systemd/system/ntpviz-daily.service,ntpviz-daily.service,UNRESOLVED,UNAMBIGUOUS_EXECUTABLE_LINEAGE,SERVICE_LINEAGE_AMBIGUOUS,usr/lib/systemd/system/ntpviz-daily.service,ntpviz,2,3,,,,2
https://www.ntpsec.org::ntpviz,https://www.ntpsec.org,fedora,ntpsec,usr/lib/systemd/system/ntpviz-weekly.service,ntpviz-weekly.service,UNRESOLVED,UNAMBIGUOUS_EXECUTABLE_LINEAGE,SERVICE_LINEAGE_AMBIGUOUS,usr/lib/systemd/system/ntpviz-weekly.service,ntpviz,2,3,,,,2
https://www.ntpsec.org::ntpviz,https://www.ntpsec.org,ubuntu,ntpsec-ntpviz,usr/lib/systemd/system/ntpviz-daily.service,ntpviz-daily.service,UNRESOLVED,UNAMBIGUOUS_EXECUTABLE_LINEAGE,SERVICE_LINEAGE_AMBIGUOUS,usr/lib/systemd/system/ntpviz-daily.service,ntpviz,2,3,,,,2
https://www.ntpsec.org::ntpviz,https://www.ntpsec.org,ubuntu,ntpsec-ntpviz,usr/lib/systemd/system/ntpviz-weekly.service,ntpviz-weekly.service,UNRESOLVED,UNAMBIGUOUS_EXECUTABLE_LINEAGE,SERVICE_LINEAGE_AMBIGUOUS,usr/lib/systemd/system/ntpviz-weekly.service,ntpviz,2,3,,,,2
https://www.ntpsec.org::ntpwait,https://www.ntpsec.org,debian,ntpsec,usr/lib/systemd/system/ntpsec-wait.service,ntpsec-wait.service,A,UNAMBIGUOUS_EXECUTABLE_LINEAGE,MATCHED,usr/lib/systemd/system/ntpsec-wait.service,ntpwait,1,3,,,,1
https://www.ntpsec.org::ntpwait,https://www.ntpsec.org,fedora,ntpsec,usr/lib/systemd/system/ntp-wait.service,ntp-wait.service,A,UNAMBIGUOUS_EXECUTABLE_LINEAGE,MATCHED,usr/lib/systemd/system/ntp-wait.service,ntpwait,1,3,,,,1
https://www.ntpsec.org::ntpwait,https://www.ntpsec.org,ubuntu,ntpsec,usr/lib/systemd/system/ntpsec-wait.service,ntpsec-wait.service,A,UNAMBIGUOUS_EXECUTABLE_LINEAGE,MATCHED,usr/lib/systemd/system/ntpsec-wait.service,ntpwait,1,3,,,,1
https://www.ntpsec.org::rotate-stats,https://www.ntpsec.org,debian,ntpsec,usr/lib/systemd/system/ntpsec-rotate-stats.service,ntpsec-rotate-stats.service,A,UNAMBIGUOUS_EXECUTABLE_LINEAGE,MATCHED,usr/lib/systemd/system/ntpsec-rotate-stats.service,rotate-stats,1,2,,,,1
https://www.ntpsec.org::rotate-stats,https://www.ntpsec.org,ubuntu,ntpsec,usr/lib/systemd/system/ntpsec-rotate-stats.service,ntpsec-rotate-stats.service,A,UNAMBIGUOUS_EXECUTABLE_LINEAGE,MATCHED,usr/lib/systemd/system/ntpsec-rotate-stats.service,rotate-stats,1,2,,,,1
https://www.ntpsec.org::sh,https://www.ntpsec.org,debian,ntpsec,usr/lib/systemd/system/ntpsec-systemd-netif.service,ntpsec-systemd-netif.service,A,UNAMBIGUOUS_EXECUTABLE_LINEAGE,MATCHED,usr/lib/systemd/system/ntpsec-systemd-netif.service,sh,1,2,,,,1
https://www.ntpsec.org::sh,https://www.ntpsec.org,ubuntu,ntpsec,usr/lib/systemd/system/ntpsec-systemd-netif.service,ntpsec-systemd-netif.service,A,UNAMBIGUOUS_EXECUTABLE_LINEAGE,MATCHED,usr/lib/systemd/system/ntpsec-systemd-netif.service,sh,1,2,,,,1
https://www.nvidia.com::nvidia-persistenced,https://www.nvidia.com,arch,nvidia-utils,usr/lib/systemd/system/nvidia-persistenced.service,nvidia-persistenced.service,UNRESOLVED,UNAMBIGUOUS_EXECUTABLE_LINEAGE,SERVICE_LINEAGE_AMBIGUOUS,usr/lib/systemd/system/nvidia-persistenced.service,nvidia-persistenced,1,2,,,,1
https://www.nvidia.com::nvidia-persistenced,https://www.nvidia.com,ubuntu,nvidia-compute-utils-580,usr/lib/systemd/system/nvidia-persistenced.service,nvidia-persistenced.service,UNRESOLVED,UNAMBIGUOUS_EXECUTABLE_LINEAGE,SERVICE_LINEAGE_AMBIGUOUS,usr/lib/systemd/system/nvidia-persistenced.service,nvidia-persistenced,4,2,,,,4
https://www.nvidia.com::nvidia-persistenced,https://www.nvidia.com,ubuntu,nvidia-compute-utils-580-server,usr/lib/systemd/system/nvidia-persistenced.service,nvidia-persistenced.service,UNRESOLVED,UNAMBIGUOUS_EXECUTABLE_LINEAGE,SERVICE_LINEAGE_AMBIGUOUS,usr/lib/systemd/system/nvidia-persistenced.service,nvidia-persistenced,4,2,,,,4
https://www.nvidia.com::nvidia-persistenced,https://www.nvidia.com,ubuntu,nvidia-compute-utils-595,usr/lib/systemd/system/nvidia-persistenced.service,nvidia-persistenced.service,UNRESOLVED,UNAMBIGUOUS_EXECUTABLE_LINEAGE,SERVICE_LINEAGE_AMBIGUOUS,usr/lib/systemd/system/nvidia-persistenced.service,nvidia-persistenced,4,2,,,,4
https://www.nvidia.com::nvidia-persistenced,https://www.nvidia.com,ubuntu,nvidia-compute-utils-595-server,usr/lib/systemd/system/nvidia-persistenced.service,nvidia-persistenced.service,UNRESOLVED,UNAMBIGUOUS_EXECUTABLE_LINEAGE,SERVICE_LINEAGE_AMBIGUOUS,usr/lib/systemd/system/nvidia-persistenced.service,nvidia-persistenced,4,2,,,,4
https://www.nvidia.com::nvidia-powerd,https://www.nvidia.com,arch,nvidia-utils,usr/lib/systemd/system/nvidia-powerd.service,nvidia-powerd.service,UNRESOLVED,UNAMBIGUOUS_EXECUTABLE_LINEAGE,SERVICE_LINEAGE_AMBIGUOUS,usr/lib/systemd/system/nvidia-powerd.service,nvidia-powerd,1,2,,,,1
https://www.nvidia.com::nvidia-powerd,https://www.nvidia.com,ubuntu,nvidia-kernel-common-580,lib/systemd/system/nvidia-powerd.service,nvidia-powerd.service,UNRESOLVED,UNAMBIGUOUS_EXECUTABLE_LINEAGE,SERVICE_LINEAGE_AMBIGUOUS,lib/systemd/system/nvidia-powerd.service,nvidia-powerd,2,2,,,,2
https://www.nvidia.com::nvidia-powerd,https://www.nvidia.com,ubuntu,nvidia-kernel-common-595,lib/systemd/system/nvidia-powerd.service,nvidia-powerd.service,UNRESOLVED,UNAMBIGUOUS_EXECUTABLE_LINEAGE,SERVICE_LINEAGE_AMBIGUOUS,lib/systemd/system/nvidia-powerd.service,nvidia-powerd,2,2,,,,2
https://www.nvidia.com::nvidia-sleep.sh,https://www.nvidia.com,arch,nvidia-utils,usr/lib/systemd/system/nvidia-hibernate.service,nvidia-hibernate.service,UNRESOLVED,UNAMBIGUOUS_EXECUTABLE_LINEAGE,SERVICE_LINEAGE_AMBIGUOUS,usr/lib/systemd/system/nvidia-hibernate.service,nvidia-sleep.sh,4,2,,,,4
https://www.nvidia.com::nvidia-sleep.sh,https://www.nvidia.com,arch,nvidia-utils,usr/lib/systemd/system/nvidia-resume.service,nvidia-resume.service,UNRESOLVED,UNAMBIGUOUS_EXECUTABLE_LINEAGE,SERVICE_LINEAGE_AMBIGUOUS,usr/lib/systemd/system/nvidia-resume.service,nvidia-sleep.sh,4,2,,,,4
https://www.nvidia.com::nvidia-sleep.sh,https://www.nvidia.com,arch,nvidia-utils,usr/lib/systemd/system/nvidia-suspend-then-hibernate.service,nvidia-suspend-then-hibernate.service,UNRESOLVED,UNAMBIGUOUS_EXECUTABLE_LINEAGE,SERVICE_LINEAGE_AMBIGUOUS,usr/lib/systemd/system/nvidia-suspend-then-hibernate.service,nvidia-sleep.sh,4,2,,,,4
https://www.nvidia.com::nvidia-sleep.sh,https://www.nvidia.com,arch,nvidia-utils,usr/lib/systemd/system/nvidia-suspend.service,nvidia-suspend.service,UNRESOLVED,UNAMBIGUOUS_EXECUTABLE_LINEAGE,SERVICE_LINEAGE_AMBIGUOUS,usr/lib/systemd/system/nvidia-suspend.service,nvidia-sleep.sh,4,2,,,,4
https://www.nvidia.com::nvidia-sleep.sh,https://www.nvidia.com,ubuntu,nvidia-kernel-common-580,lib/systemd/system/nvidia-hibernate.service,nvidia-hibernate.service,UNRESOLVED,UNAMBIGUOUS_EXECUTABLE_LINEAGE,SERVICE_LINEAGE_AMBIGUOUS,lib/systemd/system/nvidia-hibernate.service,nvidia-sleep.sh,16,2,,,,16
https://www.nvidia.com::nvidia-sleep.sh,https://www.nvidia.com,ubuntu,nvidia-kernel-common-580,lib/systemd/system/nvidia-resume.service,nvidia-resume.service,UNRESOLVED,UNAMBIGUOUS_EXECUTABLE_LINEAGE,SERVICE_LINEAGE_AMBIGUOUS,lib/systemd/system/nvidia-resume.service,nvidia-sleep.sh,16,2,,,,16
https://www.nvidia.com::nvidia-sleep.sh,https://www.nvidia.com,ubuntu,nvidia-kernel-common-580,lib/systemd/system/nvidia-suspend-then-hibernate.service,nvidia-suspend-then-hibernate.service,UNRESOLVED,UNAMBIGUOUS_EXECUTABLE_LINEAGE,SERVICE_LINEAGE_AMBIGUOUS,lib/systemd/system/nvidia-suspend-then-hibernate.service,nvidia-sleep.sh,16,2,,,,16
https://www.nvidia.com::nvidia-sleep.sh,https://www.nvidia.com,ubuntu,nvidia-kernel-common-580,lib/systemd/system/nvidia-suspend.service,nvidia-suspend.service,UNRESOLVED,UNAMBIGUOUS_EXECUTABLE_LINEAGE,SERVICE_LINEAGE_AMBIGUOUS,lib/systemd/system/nvidia-suspend.service,nvidia-sleep.sh,16,2,,,,16
https://www.nvidia.com::nvidia-sleep.sh,https://www.nvidia.com,ubuntu,nvidia-kernel-common-580-server,lib/systemd/system/nvidia-hibernate.service,nvidia-hibernate.service,UNRESOLVED,UNAMBIGUOUS_EXECUTABLE_LINEAGE,SERVICE_LINEAGE_AMBIGUOUS,lib/systemd/system/nvidia-hibernate.service,nvidia-sleep.sh,16,2,,,,16
https://www.nvidia.com::nvidia-sleep.sh,https://www.nvidia.com,ubuntu,nvidia-kernel-common-580-server,lib/systemd/system/nvidia-resume.service,nvidia-resume.service,UNRESOLVED,UNAMBIGUOUS_EXECUTABLE_LINEAGE,SERVICE_LINEAGE_AMBIGUOUS,lib/systemd/system/nvidia-resume.service,nvidia-sleep.sh,16,2,,,,16
https://www.nvidia.com::nvidia-sleep.sh,https://www.nvidia.com,ubuntu,nvidia-kernel-common-580-server,lib/systemd/system/nvidia-suspend-then-hibernate.service,nvidia-suspend-then-hibernate.service,UNRESOLVED,UNAMBIGUOUS_EXECUTABLE_LINEAGE,SERVICE_LINEAGE_AMBIGUOUS,lib/systemd/system/nvidia-suspend-then-hibernate.service,nvidia-sleep.sh,16,2,,,,16
https://www.nvidia.com::nvidia-sleep.sh,https://www.nvidia.com,ubuntu,nvidia-kernel-common-580-server,lib/systemd/system/nvidia-suspend.service,nvidia-suspend.service,UNRESOLVED,UNAMBIGUOUS_EXECUTABLE_LINEAGE,SERVICE_LINEAGE_AMBIGUOUS,lib/systemd/system/nvidia-suspend.service,nvidia-sleep.sh,16,2,,,,16
https://www.nvidia.com::nvidia-sleep.sh,https://www.nvidia.com,ubuntu,nvidia-kernel-common-595,lib/systemd/system/nvidia-hibernate.service,nvidia-hibernate.service,UNRESOLVED,UNAMBIGUOUS_EXECUTABLE_LINEAGE,SERVICE_LINEAGE_AMBIGUOUS,lib/systemd/system/nvidia-hibernate.service,nvidia-sleep.sh,16,2,,,,16
https://www.nvidia.com::nvidia-sleep.sh,https://www.nvidia.com,ubuntu,nvidia-kernel-common-595,lib/systemd/system/nvidia-resume.service,nvidia-resume.service,UNRESOLVED,UNAMBIGUOUS_EXECUTABLE_LINEAGE,SERVICE_LINEAGE_AMBIGUOUS,lib/systemd/system/nvidia-resume.service,nvidia-sleep.sh,16,2,,,,16
https://www.nvidia.com::nvidia-sleep.sh,https://www.nvidia.com,ubuntu,nvidia-kernel-common-595,lib/systemd/system/nvidia-suspend-then-hibernate.service,nvidia-suspend-then-hibernate.service,UNRESOLVED,UNAMBIGUOUS_EXECUTABLE_LINEAGE,SERVICE_LINEAGE_AMBIGUOUS,lib/systemd/system/nvidia-suspend-then-hibernate.service,nvidia-sleep.sh,16,2,,,,16
https://www.nvidia.com::nvidia-sleep.sh,https://www.nvidia.com,ubuntu,nvidia-kernel-common-595,lib/systemd/system/nvidia-suspend.service,nvidia-suspend.service,UNRESOLVED,UNAMBIGUOUS_EXECUTABLE_LINEAGE,SERVICE_LINEAGE_AMBIGUOUS,lib/systemd/system/nvidia-suspend.service,nvidia-sleep.sh,16,2,,,,16
https://www.nvidia.com::nvidia-sleep.sh,https://www.nvidia.com,ubuntu,nvidia-kernel-common-595-server,lib/systemd/system/nvidia-hibernate.service,nvidia-hibernate.service,UNRESOLVED,UNAMBIGUOUS_EXECUTABLE_LINEAGE,SERVICE_LINEAGE_AMBIGUOUS,lib/systemd/system/nvidia-hibernate.service,nvidia-sleep.sh,16,2,,,,16
https://www.nvidia.com::nvidia-sleep.sh,https://www.nvidia.com,ubuntu,nvidia-kernel-common-595-server,lib/systemd/system/nvidia-resume.service,nvidia-resume.service,UNRESOLVED,UNAMBIGUOUS_EXECUTABLE_LINEAGE,SERVICE_LINEAGE_AMBIGUOUS,lib/systemd/system/nvidia-resume.service,nvidia-sleep.sh,16,2,,,,16
https://www.nvidia.com::nvidia-sleep.sh,https://www.nvidia.com,ubuntu,nvidia-kernel-common-595-server,lib/systemd/system/nvidia-suspend-then-hibernate.service,nvidia-suspend-then-hibernate.service,UNRESOLVED,UNAMBIGUOUS_EXECUTABLE_LINEAGE,SERVICE_LINEAGE_AMBIGUOUS,lib/systemd/system/nvidia-suspend-then-hibernate.service,nvidia-sleep.sh,16,2,,,,16
https://www.nvidia.com::nvidia-sleep.sh,https://www.nvidia.com,ubuntu,nvidia-kernel-common-595-server,lib/systemd/system/nvidia-suspend.service,nvidia-suspend.service,UNRESOLVED,UNAMBIGUOUS_EXECUTABLE_LINEAGE,SERVICE_LINEAGE_AMBIGUOUS,lib/systemd/system/nvidia-suspend.service,nvidia-sleep.sh,16,2,,,,16
https://www.ocsinventory-ng.org::ocsinventory-agent,https://www.ocsinventory-ng.org,debian,ocsinventory-agent,usr/lib/systemd/system/ocsinventory-agent.service,ocsinventory-agent.service,A,UNAMBIGUOUS_EXECUTABLE_LINEAGE,MATCHED,usr/lib/systemd/system/ocsinventory-agent.service,ocsinventory-agent,1,2,,,,1
https://www.ocsinventory-ng.org::ocsinventory-agent,https://www.ocsinventory-ng.org,ubuntu,ocsinventory-agent,usr/lib/systemd/system/ocsinventory-agent.service,ocsinventory-agent.service,A,UNAMBIGUOUS_EXECUTABLE_LINEAGE,MATCHED,usr/lib/systemd/system/ocsinventory-agent.service,ocsinventory-agent,1,2,,,,1
https://www.open-iscsi.com::activate-storage.sh,https://www.open-iscsi.com,debian,open-iscsi,usr/lib/systemd/system/open-iscsi.service,open-iscsi.service,A,UNAMBIGUOUS_EXECUTABLE_LINEAGE,MATCHED,usr/lib/systemd/system/open-iscsi.service,activate-storage.sh,1,2,,,,1
https://www.open-iscsi.com::activate-storage.sh,https://www.open-iscsi.com,ubuntu,open-iscsi,usr/lib/systemd/system/open-iscsi.service,open-iscsi.service,A,UNAMBIGUOUS_EXECUTABLE_LINEAGE,MATCHED,usr/lib/systemd/system/open-iscsi.service,activate-storage.sh,1,2,,,,1
https://www.open-iscsi.com::iscsid,https://www.open-iscsi.com,arch,open-iscsi,usr/lib/systemd/system/iscsid.service,iscsid.service,A,UNAMBIGUOUS_EXECUTABLE_LINEAGE,MATCHED,usr/lib/systemd/system/iscsid.service,iscsid,1,3,,,,1
https://www.open-iscsi.com::iscsid,https://www.open-iscsi.com,debian,open-iscsi,usr/lib/systemd/system/iscsid.service,iscsid.service,A,UNAMBIGUOUS_EXECUTABLE_LINEAGE,MATCHED,usr/lib/systemd/system/iscsid.service,iscsid,1,3,,,,1
https://www.open-iscsi.com::iscsid,https://www.open-iscsi.com,ubuntu,open-iscsi,usr/lib/systemd/system/iscsid.service,iscsid.service,A,UNAMBIGUOUS_EXECUTABLE_LINEAGE,MATCHED,usr/lib/systemd/system/iscsid.service,iscsid,1,3,,,,1
https://www.open-iscsi.com::iscsiuio,https://www.open-iscsi.com,arch,open-iscsi,usr/lib/systemd/system/iscsiuio.service,iscsiuio.service,A,UNAMBIGUOUS_EXECUTABLE_LINEAGE,MATCHED,usr/lib/systemd/system/iscsiuio.service,iscsiuio,1,3,,,,1
https://www.open-iscsi.com::iscsiuio,https://www.open-iscsi.com,debian,iscsiuio,usr/lib/systemd/system/iscsiuio.service,iscsiuio.service,A,UNAMBIGUOUS_EXECUTABLE_LINEAGE,MATCHED,usr/lib/systemd/system/iscsiuio.service,iscsiuio,1,3,,,,1
https://www.open-iscsi.com::iscsiuio,https://www.open-iscsi.com,ubuntu,iscsiuio,usr/lib/systemd/system/iscsiuio.service,iscsiuio.service,A,UNAMBIGUOUS_EXECUTABLE_LINEAGE,MATCHED,usr/lib/systemd/system/iscsiuio.service,iscsiuio,1,3,,,,1
https://www.openbgpd.org::bgpd,https://www.openbgpd.org,debian,openbgpd,usr/lib/systemd/system/openbgpd.service,openbgpd.service,A,UNAMBIGUOUS_EXECUTABLE_LINEAGE,MATCHED,usr/lib/systemd/system/openbgpd.service,bgpd,1,3,,,,1
https://www.openbgpd.org::bgpd,https://www.openbgpd.org,fedora,openbgpd,usr/lib/systemd/system/bgpd.service,bgpd.service,A,UNAMBIGUOUS_EXECUTABLE_LINEAGE,MATCHED,usr/lib/systemd/system/bgpd.service,bgpd,1,3,,,,1
https://www.openbgpd.org::bgpd,https://www.openbgpd.org,ubuntu,openbgpd,usr/lib/systemd/system/openbgpd.service,openbgpd.service,A,UNAMBIGUOUS_EXECUTABLE_LINEAGE,MATCHED,usr/lib/systemd/system/openbgpd.service,bgpd,1,3,,,,1
https://www.openbgpd.org::bgplgd,https://www.openbgpd.org,debian,openbgpd,usr/lib/systemd/system/bgplgd.service,bgplgd.service,A,UNAMBIGUOUS_EXECUTABLE_LINEAGE,MATCHED,usr/lib/systemd/system/bgplgd.service,bgplgd,1,2,,,,1
https://www.openbgpd.org::bgplgd,https://www.openbgpd.org,ubuntu,openbgpd,usr/lib/systemd/system/bgplgd.service,bgplgd.service,A,UNAMBIGUOUS_EXECUTABLE_LINEAGE,MATCHED,usr/lib/systemd/system/bgplgd.service,bgplgd,1,2,,,,1
https://www.opendkim.org::opendkim,https://www.opendkim.org,arch,opendkim,usr/lib/systemd/system/opendkim.service,opendkim.service,A,UNAMBIGUOUS_EXECUTABLE_LINEAGE,MATCHED,usr/lib/systemd/system/opendkim.service,opendkim,1,3,,,,1
https://www.opendkim.org::opendkim,https://www.opendkim.org,debian,opendkim,usr/lib/systemd/system/opendkim.service,opendkim.service,A,UNAMBIGUOUS_EXECUTABLE_LINEAGE,MATCHED,usr/lib/systemd/system/opendkim.service,opendkim,1,3,,,,1
https://www.opendkim.org::opendkim,https://www.opendkim.org,ubuntu,opendkim,usr/lib/systemd/system/opendkim.service,opendkim.service,A,UNAMBIGUOUS_EXECUTABLE_LINEAGE,MATCHED,usr/lib/systemd/system/opendkim.service,opendkim,1,3,,,,1
https://www.opendnssec.org::ods-enforcerd,https://www.opendnssec.org,fedora,opendnssec,usr/lib/systemd/system/ods-enforcerd.service,ods-enforcerd.service,A,UNAMBIGUOUS_EXECUTABLE_LINEAGE,MATCHED,usr/lib/systemd/system/ods-enforcerd.service,ods-enforcerd,1,2,,,,1
https://www.opendnssec.org::ods-enforcerd,https://www.opendnssec.org,ubuntu,opendnssec-enforcer,usr/lib/systemd/system/opendnssec-enforcer.service,opendnssec-enforcer.service,A,UNAMBIGUOUS_EXECUTABLE_LINEAGE,MATCHED,usr/lib/systemd/system/opendnssec-enforcer.service,ods-enforcerd,1,2,,,,1
https://www.opendnssec.org::ods-signerd,https://www.opendnssec.org,fedora,opendnssec,usr/lib/systemd/system/ods-signerd.service,ods-signerd.service,A,UNAMBIGUOUS_EXECUTABLE_LINEAGE,MATCHED,usr/lib/systemd/system/ods-signerd.service,ods-signerd,1,2,,,,1
https://www.opendnssec.org::ods-signerd,https://www.opendnssec.org,ubuntu,opendnssec-signer,usr/lib/systemd/system/opendnssec-signer.service,opendnssec-signer.service,A,UNAMBIGUOUS_EXECUTABLE_LINEAGE,MATCHED,usr/lib/systemd/system/opendnssec-signer.service,ods-signerd,1,2,,,,1
https://www.openldap.org::sh,https://www.openldap.org,debian,slapd,usr/lib/systemd/system/slapd.service,slapd.service,A,UNAMBIGUOUS_EXECUTABLE_LINEAGE,MATCHED,usr/lib/systemd/system/slapd.service,sh,1,2,,,,1
https://www.openldap.org::sh,https://www.openldap.org,ubuntu,slapd,usr/lib/systemd/system/slapd.service,slapd.service,A,UNAMBIGUOUS_EXECUTABLE_LINEAGE,MATCHED,usr/lib/systemd/system/slapd.service,sh,1,2,,,,1
https://www.openldap.org::slapd,https://www.openldap.org,arch,openldap,usr/lib/systemd/system/slapd.service,slapd.service,A,UNAMBIGUOUS_EXECUTABLE_LINEAGE,MATCHED,usr/lib/systemd/system/slapd.service,slapd,1,2,,,,1
https://www.openldap.org::slapd,https://www.openldap.org,fedora,openldap-servers,usr/lib/systemd/system/slapd.service,slapd.service,A,UNAMBIGUOUS_EXECUTABLE_LINEAGE,MATCHED,usr/lib/systemd/system/slapd.service,slapd,1,2,,,,1
https://www.openntpd.org::ntpd,https://www.openntpd.org,arch,openntpd,usr/lib/systemd/system/openntpd.service,openntpd.service,A,UNAMBIGUOUS_EXECUTABLE_LINEAGE,MATCHED,usr/lib/systemd/system/openntpd.service,ntpd,1,3,,,,1
https://www.openntpd.org::ntpd,https://www.openntpd.org,debian,openntpd,usr/lib/systemd/system/openntpd.service,openntpd.service,A,UNAMBIGUOUS_EXECUTABLE_LINEAGE,MATCHED,usr/lib/systemd/system/openntpd.service,ntpd,1,3,,,,1
https://www.openntpd.org::ntpd,https://www.openntpd.org,ubuntu,openntpd,usr/lib/systemd/system/openntpd.service,openntpd.service,A,UNAMBIGUOUS_EXECUTABLE_LINEAGE,MATCHED,usr/lib/systemd/system/openntpd.service,ntpd,1,3,,,,1
https://www.opensmtpd.org::smtpd,https://www.opensmtpd.org,arch,opensmtpd,usr/lib/systemd/system/smtpd.service,smtpd.service,A,UNAMBIGUOUS_EXECUTABLE_LINEAGE,MATCHED,usr/lib/systemd/system/smtpd.service,smtpd,1,4,,,,1
https://www.opensmtpd.org::smtpd,https://www.opensmtpd.org,debian,opensmtpd,usr/lib/systemd/system/opensmtpd.service,opensmtpd.service,A,UNAMBIGUOUS_EXECUTABLE_LINEAGE,MATCHED,usr/lib/systemd/system/opensmtpd.service,smtpd,1,4,,,,1
https://www.opensmtpd.org::smtpd,https://www.opensmtpd.org,fedora,opensmtpd,usr/lib/systemd/system/opensmtpd.service,opensmtpd.service,A,UNAMBIGUOUS_EXECUTABLE_LINEAGE,MATCHED,usr/lib/systemd/system/opensmtpd.service,smtpd,1,4,,,,1
https://www.opensmtpd.org::smtpd,https://www.opensmtpd.org,ubuntu,opensmtpd,usr/lib/systemd/system/opensmtpd.service,opensmtpd.service,A,UNAMBIGUOUS_EXECUTABLE_LINEAGE,MATCHED,usr/lib/systemd/system/opensmtpd.service,smtpd,1,4,,,,1
https://www.openssh.com/portable.html::sshd,https://www.openssh.com/portable.html,arch,openssh,usr/lib/systemd/system/sshd.service,sshd.service,A,UNAMBIGUOUS_EXECUTABLE_LINEAGE,MATCHED,usr/lib/systemd/system/sshd.service,sshd,1,2,,,,1
https://www.openssh.com/portable.html::sshd,https://www.openssh.com/portable.html,fedora,openssh-server,usr/lib/systemd/system/sshd.service,sshd.service,A,UNAMBIGUOUS_EXECUTABLE_LINEAGE,MATCHED,usr/lib/systemd/system/sshd.service,sshd,1,2,,,,1
https://www.partimage.org::partimaged,https://www.partimage.org,arch,partimage,usr/lib/systemd/system/partimaged.service,partimaged.service,A,UNAMBIGUOUS_EXECUTABLE_LINEAGE,MATCHED,usr/lib/systemd/system/partimaged.service,partimaged,1,3,,,,1
https://www.partimage.org::partimaged,https://www.partimage.org,debian,partimage-server,usr/lib/systemd/system/partimaged.service,partimaged.service,A,UNAMBIGUOUS_EXECUTABLE_LINEAGE,MATCHED,usr/lib/systemd/system/partimaged.service,partimaged,1,3,,,,1
https://www.partimage.org::partimaged,https://www.partimage.org,ubuntu,partimage-server,usr/lib/systemd/system/partimaged.service,partimaged.service,A,UNAMBIGUOUS_EXECUTABLE_LINEAGE,MATCHED,usr/lib/systemd/system/partimaged.service,partimaged,1,3,,,,1
https://www.pgbouncer.org::pgbouncer,https://www.pgbouncer.org,arch,pgbouncer,usr/lib/systemd/system/pgbouncer.service,pgbouncer.service,A,UNAMBIGUOUS_EXECUTABLE_LINEAGE,MATCHED,usr/lib/systemd/system/pgbouncer.service,pgbouncer,1,4,,,,1
https://www.pgbouncer.org::pgbouncer,https://www.pgbouncer.org,debian,pgbouncer,usr/lib/systemd/system/pgbouncer.service,pgbouncer.service,A,UNAMBIGUOUS_EXECUTABLE_LINEAGE,MATCHED,usr/lib/systemd/system/pgbouncer.service,pgbouncer,1,4,,,,1
https://www.pgbouncer.org::pgbouncer,https://www.pgbouncer.org,fedora,pgbouncer,usr/lib/systemd/system/pgbouncer.service,pgbouncer.service,A,UNAMBIGUOUS_EXECUTABLE_LINEAGE,MATCHED,usr/lib/systemd/system/pgbouncer.service,pgbouncer,1,4,,,,1
https://www.pgbouncer.org::pgbouncer,https://www.pgbouncer.org,ubuntu,pgbouncer,usr/lib/systemd/system/pgbouncer.service,pgbouncer.service,A,UNAMBIGUOUS_EXECUTABLE_LINEAGE,MATCHED,usr/lib/systemd/system/pgbouncer.service,pgbouncer,1,4,,,,1
https://www.php.net::php-fpm,https://www.php.net,arch,php-fpm,usr/lib/systemd/system/php-fpm.service,php-fpm.service,A,UNAMBIGUOUS_EXECUTABLE_LINEAGE,MATCHED,usr/lib/systemd/system/php-fpm.service,php-fpm,1,2,,,,1
https://www.php.net::php-fpm,https://www.php.net,fedora,php-fpm,usr/lib/systemd/system/php-fpm.service,php-fpm.service,A,UNAMBIGUOUS_EXECUTABLE_LINEAGE,MATCHED,usr/lib/systemd/system/php-fpm.service,php-fpm,1,2,,,,1
https://www.postfix.org::cp,https://www.postfix.org,debian,postfix,usr/lib/systemd/system/postfix-resolvconf.service,postfix-resolvconf.service,A,UNAMBIGUOUS_EXECUTABLE_LINEAGE,MATCHED,usr/lib/systemd/system/postfix-resolvconf.service,cp,1,2,,,,1
https://www.postfix.org::cp,https://www.postfix.org,ubuntu,postfix,usr/lib/systemd/system/postfix-resolvconf.service,postfix-resolvconf.service,A,UNAMBIGUOUS_EXECUTABLE_LINEAGE,MATCHED,usr/lib/systemd/system/postfix-resolvconf.service,cp,1,2,,,,1
https://www.postfix.org::postfix,https://www.postfix.org,arch,postfix,usr/lib/systemd/system/postfix.service,postfix.service,A,UNAMBIGUOUS_EXECUTABLE_LINEAGE,MATCHED,usr/lib/systemd/system/postfix.service,postfix,1,4,,,,1
https://www.postfix.org::postfix,https://www.postfix.org,debian,postfix,usr/lib/systemd/system/postfix.service,postfix.service,A,UNAMBIGUOUS_EXECUTABLE_LINEAGE,MATCHED,usr/lib/systemd/system/postfix.service,postfix,1,4,,,,1
https://www.postfix.org::postfix,https://www.postfix.org,fedora,postfix,usr/lib/systemd/system/postfix.service,postfix.service,A,UNAMBIGUOUS_EXECUTABLE_LINEAGE,MATCHED,usr/lib/systemd/system/postfix.service,postfix,1,4,,,,1
https://www.postfix.org::postfix,https://www.postfix.org,ubuntu,postfix,usr/lib/systemd/system/postfix.service,postfix.service,A,UNAMBIGUOUS_EXECUTABLE_LINEAGE,MATCHED,usr/lib/systemd/system/postfix.service,postfix,1,4,,,,1
https://www.postgresql.org::postgres,https://www.postgresql.org,arch,postgresql,usr/lib/systemd/system/postgresql.service,postgresql.service,UNRESOLVED,UNAMBIGUOUS_EXECUTABLE_LINEAGE,SERVICE_LINEAGE_AMBIGUOUS,usr/lib/systemd/system/postgresql.service,postgres,1,2,,,,1
https://www.postgresql.org::postgres,https://www.postgresql.org,fedora,postgresql-server,usr/lib/systemd/system/postgresql.service,postgresql.service,UNRESOLVED,UNAMBIGUOUS_EXECUTABLE_LINEAGE,SERVICE_LINEAGE_AMBIGUOUS,usr/lib/systemd/system/postgresql.service,postgres,3,2,,,,3
https://www.postgresql.org::postgres,https://www.postgresql.org,fedora,postgresql16-server,usr/lib/systemd/system/postgresql.service,postgresql.service,UNRESOLVED,UNAMBIGUOUS_EXECUTABLE_LINEAGE,SERVICE_LINEAGE_AMBIGUOUS,usr/lib/systemd/system/postgresql.service,postgres,3,2,,,,3
https://www.postgresql.org::postgres,https://www.postgresql.org,fedora,postgresql17-server,usr/lib/systemd/system/postgresql.service,postgresql.service,UNRESOLVED,UNAMBIGUOUS_EXECUTABLE_LINEAGE,SERVICE_LINEAGE_AMBIGUOUS,usr/lib/systemd/system/postgresql.service,postgres,3,2,,,,3
https://www.powerdns.com::ixfrdist,https://www.powerdns.com,arch,powerdns,usr/lib/systemd/system/ixfrdist.service,ixfrdist.service,A,UNAMBIGUOUS_EXECUTABLE_LINEAGE,MATCHED,usr/lib/systemd/system/ixfrdist.service,ixfrdist,1,3,,,,1
https://www.powerdns.com::ixfrdist,https://www.powerdns.com,debian,pdns-ixfrdist,usr/lib/systemd/system/ixfrdist.service,ixfrdist.service,A,UNAMBIGUOUS_EXECUTABLE_LINEAGE,MATCHED,usr/lib/systemd/system/ixfrdist.service,ixfrdist,1,3,,,,1
https://www.powerdns.com::ixfrdist,https://www.powerdns.com,ubuntu,pdns-ixfrdist,usr/lib/systemd/system/ixfrdist.service,ixfrdist.service,A,UNAMBIGUOUS_EXECUTABLE_LINEAGE,MATCHED,usr/lib/systemd/system/ixfrdist.service,ixfrdist,1,3,,,,1
https://www.powerdns.com::pdns_recursor,https://www.powerdns.com,arch,powerdns-recursor,usr/lib/systemd/system/pdns-recursor.service,pdns-recursor.service,A,UNAMBIGUOUS_EXECUTABLE_LINEAGE,MATCHED,usr/lib/systemd/system/pdns-recursor.service,pdns_recursor,1,3,,,,1
https://www.powerdns.com::pdns_recursor,https://www.powerdns.com,debian,pdns-recursor,usr/lib/systemd/system/pdns-recursor.service,pdns-recursor.service,A,UNAMBIGUOUS_EXECUTABLE_LINEAGE,MATCHED,usr/lib/systemd/system/pdns-recursor.service,pdns_recursor,1,3,,,,1
https://www.powerdns.com::pdns_recursor,https://www.powerdns.com,ubuntu,pdns-recursor,usr/lib/systemd/system/pdns-recursor.service,pdns-recursor.service,A,UNAMBIGUOUS_EXECUTABLE_LINEAGE,MATCHED,usr/lib/systemd/system/pdns-recursor.service,pdns_recursor,1,3,,,,1
https://www.powerdns.com::pdns_server,https://www.powerdns.com,arch,powerdns,usr/lib/systemd/system/pdns.service,pdns.service,A,UNAMBIGUOUS_EXECUTABLE_LINEAGE,MATCHED,usr/lib/systemd/system/pdns.service,pdns_server,1,3,,,,1
https://www.powerdns.com::pdns_server,https://www.powerdns.com,debian,pdns-server,usr/lib/systemd/system/pdns.service,pdns.service,A,UNAMBIGUOUS_EXECUTABLE_LINEAGE,MATCHED,usr/lib/systemd/system/pdns.service,pdns_server,1,3,,,,1
https://www.powerdns.com::pdns_server,https://www.powerdns.com,ubuntu,pdns-server,usr/lib/systemd/system/pdns.service,pdns.service,A,UNAMBIGUOUS_EXECUTABLE_LINEAGE,MATCHED,usr/lib/systemd/system/pdns.service,pdns_server,1,3,,,,1
https://www.pps.univ-paris-diderot.fr/~jch/software/babel::babeld,https://www.pps.univ-paris-diderot.fr/~jch/software/babel,debian,babeld,usr/lib/systemd/system/babeld.service,babeld.service,A,UNAMBIGUOUS_EXECUTABLE_LINEAGE,MATCHED,usr/lib/systemd/system/babeld.service,babeld,1,3,,,,1
https://www.pps.univ-paris-diderot.fr/~jch/software/babel::babeld,https://www.pps.univ-paris-diderot.fr/~jch/software/babel,fedora,babeld,usr/lib/systemd/system/babeld.service,babeld.service,A,UNAMBIGUOUS_EXECUTABLE_LINEAGE,MATCHED,usr/lib/systemd/system/babeld.service,babeld,1,3,,,,1
https://www.pps.univ-paris-diderot.fr/~jch/software/babel::babeld,https://www.pps.univ-paris-diderot.fr/~jch/software/babel,ubuntu,babeld,usr/lib/systemd/system/babeld.service,babeld.service,A,UNAMBIGUOUS_EXECUTABLE_LINEAGE,MATCHED,usr/lib/systemd/system/babeld.service,babeld,1,3,,,,1
https://www.privoxy.org::privoxy,https://www.privoxy.org,arch,privoxy,usr/lib/systemd/system/privoxy.service,privoxy.service,UNRESOLVED,UNAMBIGUOUS_EXECUTABLE_LINEAGE,SERVICE_LINEAGE_AMBIGUOUS,usr/lib/systemd/system/privoxy.service,privoxy,1,4,,,,1
https://www.privoxy.org::privoxy,https://www.privoxy.org,debian,privoxy,usr/lib/systemd/system/privoxy-cleanup.service,privoxy-cleanup.service,UNRESOLVED,UNAMBIGUOUS_EXECUTABLE_LINEAGE,SERVICE_LINEAGE_AMBIGUOUS,usr/lib/systemd/system/privoxy-cleanup.service,privoxy,2,4,,,,2
https://www.privoxy.org::privoxy,https://www.privoxy.org,debian,privoxy,usr/lib/systemd/system/privoxy.service,privoxy.service,UNRESOLVED,UNAMBIGUOUS_EXECUTABLE_LINEAGE,SERVICE_LINEAGE_AMBIGUOUS,usr/lib/systemd/system/privoxy.service,privoxy,2,4,,,,2
https://www.privoxy.org::privoxy,https://www.privoxy.org,fedora,privoxy,usr/lib/systemd/system/privoxy.service,privoxy.service,UNRESOLVED,UNAMBIGUOUS_EXECUTABLE_LINEAGE,SERVICE_LINEAGE_AMBIGUOUS,usr/lib/systemd/system/privoxy.service,privoxy,1,4,,,,1
https://www.privoxy.org::privoxy,https://www.privoxy.org,ubuntu,privoxy,usr/lib/systemd/system/privoxy-cleanup.service,privoxy-cleanup.service,UNRESOLVED,UNAMBIGUOUS_EXECUTABLE_LINEAGE,SERVICE_LINEAGE_AMBIGUOUS,usr/lib/systemd/system/privoxy-cleanup.service,privoxy,2,4,,,,2
https://www.privoxy.org::privoxy,https://www.privoxy.org,ubuntu,privoxy,usr/lib/systemd/system/privoxy.service,privoxy.service,UNRESOLVED,UNAMBIGUOUS_EXECUTABLE_LINEAGE,SERVICE_LINEAGE_AMBIGUOUS,usr/lib/systemd/system/privoxy.service,privoxy,2,4,,,,2
https://www.proftpd.org::proftpd,https://www.proftpd.org,debian,proftpd-core,usr/lib/systemd/system/proftpd.service,proftpd.service,A,UNAMBIGUOUS_EXECUTABLE_LINEAGE,MATCHED,usr/lib/systemd/system/proftpd.service,proftpd,1,3,,,,1
https://www.proftpd.org::proftpd,https://www.proftpd.org,fedora,proftpd,usr/lib/systemd/system/proftpd.service,proftpd.service,A,UNAMBIGUOUS_EXECUTABLE_LINEAGE,MATCHED,usr/lib/systemd/system/proftpd.service,proftpd,1,3,,,,1
https://www.proftpd.org::proftpd,https://www.proftpd.org,ubuntu,proftpd-core,usr/lib/systemd/system/proftpd.service,proftpd.service,A,UNAMBIGUOUS_EXECUTABLE_LINEAGE,MATCHED,usr/lib/systemd/system/proftpd.service,proftpd,1,3,,,,1
https://www.qemu.org::qemu-ga,https://www.qemu.org,arch,qemu-guest-agent,usr/lib/systemd/system/qemu-guest-agent.service,qemu-guest-agent.service,UNRESOLVED,UNAMBIGUOUS_EXECUTABLE_LINEAGE,SERVICE_LINEAGE_AMBIGUOUS,usr/lib/systemd/system/qemu-guest-agent.service,qemu-ga,1,4,,,,1
https://www.qemu.org::qemu-ga,https://www.qemu.org,debian,qemu-guest-agent,usr/lib/systemd/system/qemu-guest-agent.service,qemu-guest-agent.service,UNRESOLVED,UNAMBIGUOUS_EXECUTABLE_LINEAGE,SERVICE_LINEAGE_AMBIGUOUS,usr/lib/systemd/system/qemu-guest-agent.service,qemu-ga,1,4,,,,1
https://www.qemu.org::qemu-ga,https://www.qemu.org,fedora,qemu-guest-agent,usr/lib/systemd/system/qemu-guest-agent.service,qemu-guest-agent.service,UNRESOLVED,UNAMBIGUOUS_EXECUTABLE_LINEAGE,SERVICE_LINEAGE_AMBIGUOUS,usr/lib/systemd/system/qemu-guest-agent.service,qemu-ga,1,4,,,,1
https://www.qemu.org::qemu-ga,https://www.qemu.org,ubuntu,qemu-guest-agent,usr/lib/systemd/system/qemu-guest-agent.service,qemu-guest-agent.service,UNRESOLVED,UNAMBIGUOUS_EXECUTABLE_LINEAGE,SERVICE_LINEAGE_AMBIGUOUS,usr/lib/systemd/system/qemu-guest-agent.service,qemu-ga,2,4,,,,2
https://www.qemu.org::qemu-ga,https://www.qemu.org,ubuntu,qemu-guest-agent-hwe,usr/lib/systemd/system/qemu-guest-agent.service,qemu-guest-agent.service,UNRESOLVED,UNAMBIGUOUS_EXECUTABLE_LINEAGE,SERVICE_LINEAGE_AMBIGUOUS,usr/lib/systemd/system/qemu-guest-agent.service,qemu-ga,2,4,,,,2
https://www.qemu.org::upstream-unit::contrib/systemd/qemu-pr-helper.service,https://www.qemu.org,arch,qemu-pr-helper,usr/lib/systemd/system/qemu-pr-helper.service,qemu-pr-helper.service,A,EXACT_UPSTREAM_UNIT_IDENTITY,MATCHED,/home/emrecan/github/ecylmz/unittrace/artifacts/full/roots/sources/arch/qemu/11.0.3-1/qemu-11.0.3/contrib/systemd/qemu-pr-helper.service,qemu-pr-helper,1,2,11.0.3-1,contrib/systemd/qemu-pr-helper.service,0848ab4bacaaddb2ce2d39fb641592bba1d77c4535f05b078ee80bd9cdd36b61,1
https://www.qemu.org::upstream-unit::contrib/systemd/qemu-pr-helper.service,https://www.qemu.org,fedora,qemu-pr-helper,usr/lib/systemd/system/qemu-pr-helper.service,qemu-pr-helper.service,A,EXACT_UPSTREAM_UNIT_IDENTITY,MATCHED,/home/emrecan/github/ecylmz/unittrace/artifacts/full/roots/sources/fedora/qemu/qemu-10.2.2-1.fc44.src.rpm/qemu-10.2.2/contrib/systemd/qemu-pr-helper.service,qemu-pr-helper,1,2,qemu-10.2.2-1.fc44.src.rpm,contrib/systemd/qemu-pr-helper.service,0848ab4bacaaddb2ce2d39fb641592bba1d77c4535f05b078ee80bd9cdd36b61,1
https://www.qemu.org::upstream-unit::contrib/systemd/qemu-vmsr-helper.service,https://www.qemu.org,arch,qemu-vmsr-helper,usr/lib/systemd/system/qemu-vmsr-helper.service,qemu-vmsr-helper.service,UNRESOLVED,EXACT_UPSTREAM_UNIT_IDENTITY,SERVICE_LINEAGE_AMBIGUOUS,/home/emrecan/github/ecylmz/unittrace/artifacts/full/roots/sources/arch/qemu/11.0.3-1/qemu-11.0.3/contrib/systemd/qemu-vmsr-helper.service,qemu-vmsr-helper,1,4,11.0.3-1,contrib/systemd/qemu-vmsr-helper.service,ccbc5fbd87d9d06418ecfde8ae35f731b4741910496b13eec864fd381ae0e4a2,1
https://www.qemu.org::upstream-unit::contrib/systemd/qemu-vmsr-helper.service,https://www.qemu.org,debian,qemu-system-common,usr/lib/systemd/system/qemu-vmsr-helper.service,qemu-vmsr-helper.service,UNRESOLVED,EXACT_UPSTREAM_UNIT_IDENTITY,SERVICE_LINEAGE_AMBIGUOUS,/home/emrecan/github/ecylmz/unittrace/artifacts/full/roots/sources/debian/qemu/10.0.11+ds-0+deb13u1/qemu-10.0.11/contrib/systemd/qemu-vmsr-helper.service,qemu-vmsr-helper,1,4,1:10.0.11+ds-0+deb13u1,contrib/systemd/qemu-vmsr-helper.service,ccbc5fbd87d9d06418ecfde8ae35f731b4741910496b13eec864fd381ae0e4a2,1
https://www.qemu.org::upstream-unit::contrib/systemd/qemu-vmsr-helper.service,https://www.qemu.org,fedora,qemu-system-x86-core,usr/lib/systemd/system/qemu-vmsr-helper.service,qemu-vmsr-helper.service,UNRESOLVED,EXACT_UPSTREAM_UNIT_IDENTITY,SERVICE_LINEAGE_AMBIGUOUS,/home/emrecan/github/ecylmz/unittrace/artifacts/full/roots/sources/fedora/qemu/qemu-10.2.2-1.fc44.src.rpm/qemu-10.2.2/contrib/systemd/qemu-vmsr-helper.service,qemu-vmsr-helper,1,4,qemu-10.2.2-1.fc44.src.rpm,contrib/systemd/qemu-vmsr-helper.service,ccbc5fbd87d9d06418ecfde8ae35f731b4741910496b13eec864fd381ae0e4a2,1
https://www.qemu.org::upstream-unit::contrib/systemd/qemu-vmsr-helper.service,https://www.qemu.org,ubuntu,qemu-system-common,usr/lib/systemd/system/qemu-vmsr-helper.service,qemu-vmsr-helper.service,UNRESOLVED,EXACT_UPSTREAM_UNIT_IDENTITY,SERVICE_LINEAGE_AMBIGUOUS,/home/emrecan/github/ecylmz/unittrace/artifacts/full/roots/sources/ubuntu/qemu/10.2.1+ds-1ubuntu3/qemu-10.2.1/contrib/systemd/qemu-vmsr-helper.service,qemu-vmsr-helper,2,4,1:10.2.1+ds-1ubuntu3,contrib/systemd/qemu-vmsr-helper.service,ccbc5fbd87d9d06418ecfde8ae35f731b4741910496b13eec864fd381ae0e4a2,2
https://www.qemu.org::upstream-unit::contrib/systemd/qemu-vmsr-helper.service,https://www.qemu.org,ubuntu,qemu-system-common-hwe,usr/lib/systemd/system/qemu-vmsr-helper.service,qemu-vmsr-helper.service,UNRESOLVED,EXACT_UPSTREAM_UNIT_IDENTITY,SERVICE_LINEAGE_AMBIGUOUS,/home/emrecan/github/ecylmz/unittrace/artifacts/full/roots/sources/ubuntu/qemu-hwe/10.2.1+ds-1ubuntu4/qemu-10.2.1/contrib/systemd/qemu-vmsr-helper.service,qemu-vmsr-helper,2,4,1:10.2.1+ds-1ubuntu4,contrib/systemd/qemu-vmsr-helper.service,ccbc5fbd87d9d06418ecfde8ae35f731b4741910496b13eec864fd381ae0e4a2,2
https://www.rabbitmq.com::rabbitmq-server,https://www.rabbitmq.com,fedora,rabbitmq-server,usr/lib/systemd/system/rabbitmq-server.service,rabbitmq-server.service,A,UNAMBIGUOUS_EXECUTABLE_LINEAGE,MATCHED,usr/lib/systemd/system/rabbitmq-server.service,rabbitmq-server,1,2,,,,1
https://www.rabbitmq.com::rabbitmq-server,https://www.rabbitmq.com,ubuntu,rabbitmq-server,usr/lib/systemd/system/rabbitmq-server.service,rabbitmq-server.service,A,UNAMBIGUOUS_EXECUTABLE_LINEAGE,MATCHED,usr/lib/systemd/system/rabbitmq-server.service,rabbitmq-server,1,2,,,,1
https://www.remlab.net/ndisc6::rdnssd,https://www.remlab.net/ndisc6,debian,rdnssd,usr/lib/systemd/system/rdnssd.service,rdnssd.service,A,UNAMBIGUOUS_EXECUTABLE_LINEAGE,MATCHED,usr/lib/systemd/system/rdnssd.service,rdnssd,1,2,,,,1
https://www.remlab.net/ndisc6::rdnssd,https://www.remlab.net/ndisc6,ubuntu,rdnssd,usr/lib/systemd/system/rdnssd.service,rdnssd.service,A,UNAMBIGUOUS_EXECUTABLE_LINEAGE,MATCHED,usr/lib/systemd/system/rdnssd.service,rdnssd,1,2,,,,1
https://www.rsyslog.com::rsyslogd,https://www.rsyslog.com,debian,rsyslog,usr/lib/systemd/system/rsyslog.service,rsyslog.service,A,UNAMBIGUOUS_EXECUTABLE_LINEAGE,MATCHED,usr/lib/systemd/system/rsyslog.service,rsyslogd,1,3,,,,1
https://www.rsyslog.com::rsyslogd,https://www.rsyslog.com,fedora,rsyslog,usr/lib/systemd/system/rsyslog.service,rsyslog.service,A,UNAMBIGUOUS_EXECUTABLE_LINEAGE,MATCHED,usr/lib/systemd/system/rsyslog.service,rsyslogd,1,3,,,,1
https://www.rsyslog.com::rsyslogd,https://www.rsyslog.com,ubuntu,rsyslog,usr/lib/systemd/system/rsyslog.service,rsyslog.service,A,UNAMBIGUOUS_EXECUTABLE_LINEAGE,MATCHED,usr/lib/systemd/system/rsyslog.service,rsyslogd,1,3,,,,1
https://www.rutschle.net/tech/sslh/README.html::sslh,https://www.rutschle.net/tech/sslh/README.html,arch,sslh,usr/lib/systemd/system/sslh.service,sslh.service,A,UNAMBIGUOUS_EXECUTABLE_LINEAGE,MATCHED,usr/lib/systemd/system/sslh.service,sslh,1,3,,,,1
https://www.rutschle.net/tech/sslh/README.html::sslh,https://www.rutschle.net/tech/sslh/README.html,debian,sslh,usr/lib/systemd/system/sslh.service,sslh.service,A,UNAMBIGUOUS_EXECUTABLE_LINEAGE,MATCHED,usr/lib/systemd/system/sslh.service,sslh,1,3,,,,1
https://www.rutschle.net/tech/sslh/README.html::sslh,https://www.rutschle.net/tech/sslh/README.html,ubuntu,sslh,usr/lib/systemd/system/sslh.service,sslh.service,A,UNAMBIGUOUS_EXECUTABLE_LINEAGE,MATCHED,usr/lib/systemd/system/sslh.service,sslh,1,3,,,,1
https://www.samba.org::ctdbd,https://www.samba.org,debian,ctdb,usr/lib/systemd/system/ctdb.service,ctdb.service,A,UNAMBIGUOUS_EXECUTABLE_LINEAGE,MATCHED,usr/lib/systemd/system/ctdb.service,ctdbd,1,3,,,,1
https://www.samba.org::ctdbd,https://www.samba.org,fedora,ctdb,usr/lib/systemd/system/ctdb.service,ctdb.service,A,UNAMBIGUOUS_EXECUTABLE_LINEAGE,MATCHED,usr/lib/systemd/system/ctdb.service,ctdbd,1,3,,,,1
https://www.samba.org::ctdbd,https://www.samba.org,ubuntu,ctdb,usr/lib/systemd/system/ctdb.service,ctdb.service,A,UNAMBIGUOUS_EXECUTABLE_LINEAGE,MATCHED,usr/lib/systemd/system/ctdb.service,ctdbd,1,3,,,,1
https://www.samba.org::nmbd,https://www.samba.org,arch,samba,usr/lib/systemd/system/nmb.service,nmb.service,A,UNAMBIGUOUS_EXECUTABLE_LINEAGE,MATCHED,usr/lib/systemd/system/nmb.service,nmbd,1,4,,,,1
https://www.samba.org::nmbd,https://www.samba.org,debian,samba,usr/lib/systemd/system/nmbd.service,nmbd.service,A,UNAMBIGUOUS_EXECUTABLE_LINEAGE,MATCHED,usr/lib/systemd/system/nmbd.service,nmbd,1,4,,,,1
https://www.samba.org::nmbd,https://www.samba.org,fedora,samba,usr/lib/systemd/system/nmb.service,nmb.service,A,UNAMBIGUOUS_EXECUTABLE_LINEAGE,MATCHED,usr/lib/systemd/system/nmb.service,nmbd,1,4,,,,1
https://www.samba.org::nmbd,https://www.samba.org,ubuntu,samba,usr/lib/systemd/system/nmbd.service,nmbd.service,A,UNAMBIGUOUS_EXECUTABLE_LINEAGE,MATCHED,usr/lib/systemd/system/nmbd.service,nmbd,1,4,,,,1
https://www.samba.org::samba,https://www.samba.org,arch,samba,usr/lib/systemd/system/samba.service,samba.service,A,UNAMBIGUOUS_EXECUTABLE_LINEAGE,MATCHED,usr/lib/systemd/system/samba.service,samba,1,4,,,,1
https://www.samba.org::samba,https://www.samba.org,debian,samba-ad-dc,usr/lib/systemd/system/samba-ad-dc.service,samba-ad-dc.service,A,UNAMBIGUOUS_EXECUTABLE_LINEAGE,MATCHED,usr/lib/systemd/system/samba-ad-dc.service,samba,1,4,,,,1
https://www.samba.org::samba,https://www.samba.org,fedora,samba-dc,usr/lib/systemd/system/samba.service,samba.service,A,UNAMBIGUOUS_EXECUTABLE_LINEAGE,MATCHED,usr/lib/systemd/system/samba.service,samba,1,4,,,,1
https://www.samba.org::samba,https://www.samba.org,ubuntu,samba-ad-dc,usr/lib/systemd/system/samba-ad-dc.service,samba-ad-dc.service,A,UNAMBIGUOUS_EXECUTABLE_LINEAGE,MATCHED,usr/lib/systemd/system/samba-ad-dc.service,samba,1,4,,,,1
https://www.samba.org::samba-bgqd,https://www.samba.org,arch,samba,usr/lib/systemd/system/samba-bgqd.service,samba-bgqd.service,A,UNAMBIGUOUS_EXECUTABLE_LINEAGE,MATCHED,usr/lib/systemd/system/samba-bgqd.service,samba-bgqd,1,2,,,,1
https://www.samba.org::samba-bgqd,https://www.samba.org,fedora,samba,usr/lib/systemd/system/samba-bgqd.service,samba-bgqd.service,A,UNAMBIGUOUS_EXECUTABLE_LINEAGE,MATCHED,usr/lib/systemd/system/samba-bgqd.service,samba-bgqd,1,2,,,,1
https://www.samba.org::smbd,https://www.samba.org,arch,samba,usr/lib/systemd/system/smb.service,smb.service,A,UNAMBIGUOUS_EXECUTABLE_LINEAGE,MATCHED,usr/lib/systemd/system/smb.service,smbd,1,4,,,,1
https://www.samba.org::smbd,https://www.samba.org,debian,samba,usr/lib/systemd/system/smbd.service,smbd.service,A,UNAMBIGUOUS_EXECUTABLE_LINEAGE,MATCHED,usr/lib/systemd/system/smbd.service,smbd,1,4,,,,1
https://www.samba.org::smbd,https://www.samba.org,fedora,samba,usr/lib/systemd/system/smb.service,smb.service,A,UNAMBIGUOUS_EXECUTABLE_LINEAGE,MATCHED,usr/lib/systemd/system/smb.service,smbd,1,4,,,,1
https://www.samba.org::smbd,https://www.samba.org,ubuntu,samba,usr/lib/systemd/system/smbd.service,smbd.service,A,UNAMBIGUOUS_EXECUTABLE_LINEAGE,MATCHED,usr/lib/systemd/system/smbd.service,smbd,1,4,,,,1
https://www.samba.org::winbindd,https://www.samba.org,arch,samba,usr/lib/systemd/system/winbind.service,winbind.service,A,UNAMBIGUOUS_EXECUTABLE_LINEAGE,MATCHED,usr/lib/systemd/system/winbind.service,winbindd,1,4,,,,1
https://www.samba.org::winbindd,https://www.samba.org,debian,winbind,usr/lib/systemd/system/winbind.service,winbind.service,A,UNAMBIGUOUS_EXECUTABLE_LINEAGE,MATCHED,usr/lib/systemd/system/winbind.service,winbindd,1,4,,,,1
https://www.samba.org::winbindd,https://www.samba.org,fedora,samba-winbind,usr/lib/systemd/system/winbind.service,winbind.service,A,UNAMBIGUOUS_EXECUTABLE_LINEAGE,MATCHED,usr/lib/systemd/system/winbind.service,winbindd,1,4,,,,1
https://www.samba.org::winbindd,https://www.samba.org,ubuntu,winbind,usr/lib/systemd/system/winbind.service,winbind.service,A,UNAMBIGUOUS_EXECUTABLE_LINEAGE,MATCHED,usr/lib/systemd/system/winbind.service,winbindd,1,4,,,,1
https://www.sendmail.org::sendmail,https://www.sendmail.org,debian,sendmail-bin,usr/lib/systemd/system/sendmail.service,sendmail.service,UNRESOLVED,UNAMBIGUOUS_EXECUTABLE_LINEAGE,SERVICE_LINEAGE_AMBIGUOUS,usr/lib/systemd/system/sendmail.service,sendmail,1,3,,,,1
https://www.sendmail.org::sendmail,https://www.sendmail.org,fedora,sendmail,usr/lib/systemd/system/sendmail.service,sendmail.service,UNRESOLVED,UNAMBIGUOUS_EXECUTABLE_LINEAGE,SERVICE_LINEAGE_AMBIGUOUS,usr/lib/systemd/system/sendmail.service,sendmail,2,3,,,,2
https://www.sendmail.org::sendmail,https://www.sendmail.org,fedora,sendmail,usr/lib/systemd/system/sm-client.service,sm-client.service,UNRESOLVED,UNAMBIGUOUS_EXECUTABLE_LINEAGE,SERVICE_LINEAGE_AMBIGUOUS,usr/lib/systemd/system/sm-client.service,sendmail,2,3,,,,2
https://www.sendmail.org::sendmail,https://www.sendmail.org,ubuntu,sendmail-bin,usr/lib/systemd/system/sendmail.service,sendmail.service,UNRESOLVED,UNAMBIGUOUS_EXECUTABLE_LINEAGE,SERVICE_LINEAGE_AMBIGUOUS,usr/lib/systemd/system/sendmail.service,sendmail,1,3,,,,1
https://www.smartmontools.org::smartd,https://www.smartmontools.org,arch,smartmontools,usr/lib/systemd/system/smartd.service,smartd.service,A,UNAMBIGUOUS_EXECUTABLE_LINEAGE,MATCHED,usr/lib/systemd/system/smartd.service,smartd,1,4,,,,1
https://www.smartmontools.org::smartd,https://www.smartmontools.org,debian,smartmontools,usr/lib/systemd/system/smartmontools.service,smartmontools.service,A,UNAMBIGUOUS_EXECUTABLE_LINEAGE,MATCHED,usr/lib/systemd/system/smartmontools.service,smartd,1,4,,,,1
https://www.smartmontools.org::smartd,https://www.smartmontools.org,fedora,smartmontools,usr/lib/systemd/system/smartd.service,smartd.service,A,UNAMBIGUOUS_EXECUTABLE_LINEAGE,MATCHED,usr/lib/systemd/system/smartd.service,smartd,1,4,,,,1
https://www.smartmontools.org::smartd,https://www.smartmontools.org,ubuntu,smartmontools,usr/lib/systemd/system/smartmontools.service,smartmontools.service,A,UNAMBIGUOUS_EXECUTABLE_LINEAGE,MATCHED,usr/lib/systemd/system/smartmontools.service,smartd,1,4,,,,1
https://www.spice-space.org::spice-vdagentd,https://www.spice-space.org,arch,spice-vdagent,usr/lib/systemd/system/spice-vdagentd.service,spice-vdagentd.service,A,UNAMBIGUOUS_EXECUTABLE_LINEAGE,MATCHED,usr/lib/systemd/system/spice-vdagentd.service,spice-vdagentd,1,3,,,,1
https://www.spice-space.org::spice-vdagentd,https://www.spice-space.org,debian,spice-vdagent,usr/lib/systemd/system/spice-vdagentd.service,spice-vdagentd.service,A,UNAMBIGUOUS_EXECUTABLE_LINEAGE,MATCHED,usr/lib/systemd/system/spice-vdagentd.service,spice-vdagentd,1,3,,,,1
https://www.spice-space.org::spice-vdagentd,https://www.spice-space.org,ubuntu,spice-vdagent,usr/lib/systemd/system/spice-vdagentd.service,spice-vdagentd.service,A,UNAMBIGUOUS_EXECUTABLE_LINEAGE,MATCHED,usr/lib/systemd/system/spice-vdagentd.service,spice-vdagentd,1,3,,,,1
https://www.squid-cache.org::squid,https://www.squid-cache.org,arch,squid,usr/lib/systemd/system/squid-rotate.service,squid-rotate.service,UNRESOLVED,UNAMBIGUOUS_EXECUTABLE_LINEAGE,SERVICE_LINEAGE_AMBIGUOUS,usr/lib/systemd/system/squid-rotate.service,squid,2,4,,,,2
https://www.squid-cache.org::squid,https://www.squid-cache.org,arch,squid,usr/lib/systemd/system/squid.service,squid.service,UNRESOLVED,UNAMBIGUOUS_EXECUTABLE_LINEAGE,SERVICE_LINEAGE_AMBIGUOUS,usr/lib/systemd/system/squid.service,squid,2,4,,,,2
https://www.squid-cache.org::squid,https://www.squid-cache.org,debian,squid,usr/lib/systemd/system/squid.service,squid.service,UNRESOLVED,UNAMBIGUOUS_EXECUTABLE_LINEAGE,SERVICE_LINEAGE_AMBIGUOUS,usr/lib/systemd/system/squid.service,squid,1,4,,,,1
https://www.squid-cache.org::squid,https://www.squid-cache.org,fedora,squid,usr/lib/systemd/system/squid.service,squid.service,UNRESOLVED,UNAMBIGUOUS_EXECUTABLE_LINEAGE,SERVICE_LINEAGE_AMBIGUOUS,usr/lib/systemd/system/squid.service,squid,1,4,,,,1
https://www.squid-cache.org::squid,https://www.squid-cache.org,ubuntu,squid,usr/lib/systemd/system/squid.service,squid.service,UNRESOLVED,UNAMBIGUOUS_EXECUTABLE_LINEAGE,SERVICE_LINEAGE_AMBIGUOUS,usr/lib/systemd/system/squid.service,squid,1,4,,,,1
https://www.sshguard.net::sshguard,https://www.sshguard.net,arch,sshguard,usr/lib/systemd/system/sshguard.service,sshguard.service,A,UNAMBIGUOUS_EXECUTABLE_LINEAGE,MATCHED,usr/lib/systemd/system/sshguard.service,sshguard,1,2,,,,1
https://www.sshguard.net::sshguard,https://www.sshguard.net,fedora,sshguard,usr/lib/systemd/system/sshguard.service,sshguard.service,A,UNAMBIGUOUS_EXECUTABLE_LINEAGE,MATCHED,usr/lib/systemd/system/sshguard.service,sshguard,1,2,,,,1
https://www.strongswan.org::charon-systemd,https://www.strongswan.org,arch,strongswan,usr/lib/systemd/system/strongswan.service,strongswan.service,A,UNAMBIGUOUS_EXECUTABLE_LINEAGE,MATCHED,usr/lib/systemd/system/strongswan.service,charon-systemd,1,4,,,,1
https://www.strongswan.org::charon-systemd,https://www.strongswan.org,debian,charon-systemd,usr/lib/systemd/system/strongswan.service,strongswan.service,A,UNAMBIGUOUS_EXECUTABLE_LINEAGE,MATCHED,usr/lib/systemd/system/strongswan.service,charon-systemd,1,4,,,,1
https://www.strongswan.org::charon-systemd,https://www.strongswan.org,fedora,strongswan,usr/lib/systemd/system/strongswan.service,strongswan.service,A,UNAMBIGUOUS_EXECUTABLE_LINEAGE,MATCHED,usr/lib/systemd/system/strongswan.service,charon-systemd,1,4,,,,1
https://www.strongswan.org::charon-systemd,https://www.strongswan.org,ubuntu,charon-systemd,usr/lib/systemd/system/strongswan.service,strongswan.service,A,UNAMBIGUOUS_EXECUTABLE_LINEAGE,MATCHED,usr/lib/systemd/system/strongswan.service,charon-systemd,1,4,,,,1
https://www.strongswan.org::ipsec,https://www.strongswan.org,arch,strongswan,usr/lib/systemd/system/strongswan-starter.service,strongswan-starter.service,A,UNAMBIGUOUS_EXECUTABLE_LINEAGE,MATCHED,usr/lib/systemd/system/strongswan-starter.service,ipsec,1,3,,,,1
https://www.strongswan.org::ipsec,https://www.strongswan.org,debian,strongswan-starter,usr/lib/systemd/system/strongswan-starter.service,strongswan-starter.service,A,UNAMBIGUOUS_EXECUTABLE_LINEAGE,MATCHED,usr/lib/systemd/system/strongswan-starter.service,ipsec,1,3,,,,1
https://www.strongswan.org::ipsec,https://www.strongswan.org,ubuntu,strongswan-starter,usr/lib/systemd/system/strongswan-starter.service,strongswan-starter.service,A,UNAMBIGUOUS_EXECUTABLE_LINEAGE,MATCHED,usr/lib/systemd/system/strongswan-starter.service,ipsec,1,3,,,,1
https://www.stunnel.org::stunnel,https://www.stunnel.org,arch,stunnel,usr/lib/systemd/system/stunnel.service,stunnel.service,A,UNAMBIGUOUS_EXECUTABLE_LINEAGE,MATCHED,usr/lib/systemd/system/stunnel.service,stunnel,1,2,,,,1
https://www.stunnel.org::stunnel,https://www.stunnel.org,fedora,stunnel,usr/lib/systemd/system/stunnel.service,stunnel.service,A,UNAMBIGUOUS_EXECUTABLE_LINEAGE,MATCHED,usr/lib/systemd/system/stunnel.service,stunnel,1,2,,,,1
https://www.svxlink.org::remotetrx,https://www.svxlink.org,debian,remotetrx,usr/lib/systemd/system/remotetrx.service,remotetrx.service,A,UNAMBIGUOUS_EXECUTABLE_LINEAGE,MATCHED,usr/lib/systemd/system/remotetrx.service,remotetrx,1,3,,,,1
https://www.svxlink.org::remotetrx,https://www.svxlink.org,fedora,svxlink-server,usr/lib/systemd/system/remotetrx.service,remotetrx.service,A,UNAMBIGUOUS_EXECUTABLE_LINEAGE,MATCHED,usr/lib/systemd/system/remotetrx.service,remotetrx,1,3,,,,1
https://www.svxlink.org::remotetrx,https://www.svxlink.org,ubuntu,remotetrx,usr/lib/systemd/system/remotetrx.service,remotetrx.service,A,UNAMBIGUOUS_EXECUTABLE_LINEAGE,MATCHED,usr/lib/systemd/system/remotetrx.service,remotetrx,1,3,,,,1
https://www.svxlink.org::svxlink,https://www.svxlink.org,debian,svxlink-server,usr/lib/systemd/system/svxlink.service,svxlink.service,A,UNAMBIGUOUS_EXECUTABLE_LINEAGE,MATCHED,usr/lib/systemd/system/svxlink.service,svxlink,1,3,,,,1
https://www.svxlink.org::svxlink,https://www.svxlink.org,fedora,svxlink-server,usr/lib/systemd/system/svxlink.service,svxlink.service,A,UNAMBIGUOUS_EXECUTABLE_LINEAGE,MATCHED,usr/lib/systemd/system/svxlink.service,svxlink,1,3,,,,1
https://www.svxlink.org::svxlink,https://www.svxlink.org,ubuntu,svxlink-server,usr/lib/systemd/system/svxlink.service,svxlink.service,A,UNAMBIGUOUS_EXECUTABLE_LINEAGE,MATCHED,usr/lib/systemd/system/svxlink.service,svxlink,1,3,,,,1
https://www.svxlink.org::svxlink_gpio_up,https://www.svxlink.org,fedora,svxlink-server,usr/lib/systemd/system/svxlink_gpio_setup.service,svxlink_gpio_setup.service,A,UNAMBIGUOUS_EXECUTABLE_LINEAGE,MATCHED,usr/lib/systemd/system/svxlink_gpio_setup.service,svxlink_gpio_up,1,2,,,,1
https://www.svxlink.org::svxlink_gpio_up,https://www.svxlink.org,ubuntu,svxlink-gpio,usr/lib/systemd/system/svxlink_gpio_setup.service/svxlink_gpio_setup.service,svxlink_gpio_setup.service,A,UNAMBIGUOUS_EXECUTABLE_LINEAGE,MATCHED,usr/lib/systemd/system/svxlink_gpio_setup.service/svxlink_gpio_setup.service,svxlink_gpio_up,1,2,,,,1
https://www.svxlink.org::svxreflector,https://www.svxlink.org,debian,svxreflector,usr/lib/systemd/system/svxreflector.service,svxreflector.service,A,UNAMBIGUOUS_EXECUTABLE_LINEAGE,MATCHED,usr/lib/systemd/system/svxreflector.service,svxreflector,1,3,,,,1
https://www.svxlink.org::svxreflector,https://www.svxlink.org,fedora,svxlink-reflector,usr/lib/systemd/system/svxreflector.service,svxreflector.service,A,UNAMBIGUOUS_EXECUTABLE_LINEAGE,MATCHED,usr/lib/systemd/system/svxreflector.service,svxreflector,1,3,,,,1
https://www.svxlink.org::svxreflector,https://www.svxlink.org,ubuntu,svxreflector,usr/lib/systemd/system/svxreflector.service,svxreflector.service,A,UNAMBIGUOUS_EXECUTABLE_LINEAGE,MATCHED,usr/lib/systemd/system/svxreflector.service,svxreflector,1,3,,,,1
https://www.teeworlds.com::sh,https://www.teeworlds.com,debian,teeworlds-server,usr/lib/systemd/system/teeworlds-server.service,teeworlds-server.service,A,UNAMBIGUOUS_EXECUTABLE_LINEAGE,MATCHED,usr/lib/systemd/system/teeworlds-server.service,sh,1,2,,,,1
https://www.teeworlds.com::sh,https://www.teeworlds.com,ubuntu,teeworlds-server,usr/lib/systemd/system/teeworlds-server.service,teeworlds-server.service,A,UNAMBIGUOUS_EXECUTABLE_LINEAGE,MATCHED,usr/lib/systemd/system/teeworlds-server.service,sh,1,2,,,,1
https://www.tinc-vpn.org::true,https://www.tinc-vpn.org,arch,tinc,usr/lib/systemd/system/tinc.service,tinc.service,A,UNAMBIGUOUS_EXECUTABLE_LINEAGE,MATCHED,usr/lib/systemd/system/tinc.service,true,1,4,,,,1
https://www.tinc-vpn.org::true,https://www.tinc-vpn.org,debian,tinc,usr/lib/systemd/system/tinc.service,tinc.service,A,UNAMBIGUOUS_EXECUTABLE_LINEAGE,MATCHED,usr/lib/systemd/system/tinc.service,true,1,4,,,,1
https://www.tinc-vpn.org::true,https://www.tinc-vpn.org,fedora,tinc,usr/lib/systemd/system/tinc.service,tinc.service,A,UNAMBIGUOUS_EXECUTABLE_LINEAGE,MATCHED,usr/lib/systemd/system/tinc.service,true,1,4,,,,1
https://www.tinc-vpn.org::true,https://www.tinc-vpn.org,ubuntu,tinc,usr/lib/systemd/system/tinc.service,tinc.service,A,UNAMBIGUOUS_EXECUTABLE_LINEAGE,MATCHED,usr/lib/systemd/system/tinc.service,true,1,4,,,,1
https://www.tntnet.org::tntnet,https://www.tntnet.org,debian,tntnet,usr/lib/systemd/system/tntnet.service,tntnet.service,A,UNAMBIGUOUS_EXECUTABLE_LINEAGE,MATCHED,usr/lib/systemd/system/tntnet.service,tntnet,1,3,,,,1
https://www.tntnet.org::tntnet,https://www.tntnet.org,fedora,tntnet,usr/lib/systemd/system/tntnet.service,tntnet.service,A,UNAMBIGUOUS_EXECUTABLE_LINEAGE,MATCHED,usr/lib/systemd/system/tntnet.service,tntnet,1,3,,,,1
https://www.tntnet.org::tntnet,https://www.tntnet.org,ubuntu,tntnet,usr/lib/systemd/system/tntnet.service,tntnet.service,A,UNAMBIGUOUS_EXECUTABLE_LINEAGE,MATCHED,usr/lib/systemd/system/tntnet.service,tntnet,1,3,,,,1
https://www.torproject.org::tor,https://www.torproject.org,debian,tor,usr/lib/systemd/system/tor@default.service,tor@default.service,A,UNAMBIGUOUS_EXECUTABLE_LINEAGE,MATCHED,usr/lib/systemd/system/tor@default.service,tor,1,3,,,,1
https://www.torproject.org::tor,https://www.torproject.org,fedora,tor,usr/lib/systemd/system/tor.service,tor.service,A,UNAMBIGUOUS_EXECUTABLE_LINEAGE,MATCHED,usr/lib/systemd/system/tor.service,tor,1,3,,,,1
https://www.torproject.org::tor,https://www.torproject.org,ubuntu,tor,usr/lib/systemd/system/tor@default.service,tor@default.service,A,UNAMBIGUOUS_EXECUTABLE_LINEAGE,MATCHED,usr/lib/systemd/system/tor@default.service,tor,1,3,,,,1
https://www.torproject.org::true,https://www.torproject.org,debian,tor,usr/lib/systemd/system/tor.service,tor.service,A,UNAMBIGUOUS_EXECUTABLE_LINEAGE,MATCHED,usr/lib/systemd/system/tor.service,true,1,3,,,,1
https://www.torproject.org::true,https://www.torproject.org,fedora,tor,usr/lib/systemd/system/tor-master.service,tor-master.service,A,UNAMBIGUOUS_EXECUTABLE_LINEAGE,MATCHED,usr/lib/systemd/system/tor-master.service,true,1,3,,,,1
https://www.torproject.org::true,https://www.torproject.org,ubuntu,tor,usr/lib/systemd/system/tor.service,tor.service,A,UNAMBIGUOUS_EXECUTABLE_LINEAGE,MATCHED,usr/lib/systemd/system/tor.service,true,1,3,,,,1
https://www.transmissionbt.com::transmission-daemon,https://www.transmissionbt.com,arch,transmission-cli,usr/lib/systemd/system/transmission-daemon.service,transmission-daemon.service,A,UNAMBIGUOUS_EXECUTABLE_LINEAGE,MATCHED,usr/lib/systemd/system/transmission-daemon.service,transmission-daemon,1,2,,,,1
https://www.transmissionbt.com::transmission-daemon,https://www.transmissionbt.com,fedora,transmission-daemon,usr/lib/systemd/system/transmission-daemon.service,transmission-daemon.service,A,UNAMBIGUOUS_EXECUTABLE_LINEAGE,MATCHED,usr/lib/systemd/system/transmission-daemon.service,transmission-daemon,1,2,,,,1
https://www.tvdr.de::vdr,https://www.tvdr.de,debian,vdr,usr/lib/systemd/system/vdr.service,vdr.service,A,UNAMBIGUOUS_EXECUTABLE_LINEAGE,MATCHED,usr/lib/systemd/system/vdr.service,vdr,1,2,,,,1
https://www.tvdr.de::vdr,https://www.tvdr.de,ubuntu,vdr,usr/lib/systemd/system/vdr.service,vdr.service,A,UNAMBIGUOUS_EXECUTABLE_LINEAGE,MATCHED,usr/lib/systemd/system/vdr.service,vdr,1,2,,,,1
https://www.unix-ag.uni-kl.de/~bloch/acng::apt-cacher-ng,https://www.unix-ag.uni-kl.de/~bloch/acng,debian,apt-cacher-ng,usr/lib/systemd/system/apt-cacher-ng.service,apt-cacher-ng.service,A,UNAMBIGUOUS_EXECUTABLE_LINEAGE,MATCHED,usr/lib/systemd/system/apt-cacher-ng.service,apt-cacher-ng,1,3,,,,1
https://www.unix-ag.uni-kl.de/~bloch/acng::apt-cacher-ng,https://www.unix-ag.uni-kl.de/~bloch/acng,fedora,apt-cacher-ng,usr/lib/systemd/system/apt-cacher-ng.service,apt-cacher-ng.service,A,UNAMBIGUOUS_EXECUTABLE_LINEAGE,MATCHED,usr/lib/systemd/system/apt-cacher-ng.service,apt-cacher-ng,1,3,,,,1
https://www.unix-ag.uni-kl.de/~bloch/acng::apt-cacher-ng,https://www.unix-ag.uni-kl.de/~bloch/acng,ubuntu,apt-cacher-ng,usr/lib/systemd/system/apt-cacher-ng.service,apt-cacher-ng.service,A,UNAMBIGUOUS_EXECUTABLE_LINEAGE,MATCHED,usr/lib/systemd/system/apt-cacher-ng.service,apt-cacher-ng,1,3,,,,1
https://www.unrealircd.org::unrealircd,https://www.unrealircd.org,arch,unrealircd,usr/lib/systemd/system/unrealircd.service,unrealircd.service,A,UNAMBIGUOUS_EXECUTABLE_LINEAGE,MATCHED,usr/lib/systemd/system/unrealircd.service,unrealircd,1,2,,,,1
https://www.unrealircd.org::unrealircd,https://www.unrealircd.org,fedora,unrealircd,usr/lib/systemd/system/unrealircd.service,unrealircd.service,A,UNAMBIGUOUS_EXECUTABLE_LINEAGE,MATCHED,usr/lib/systemd/system/unrealircd.service,unrealircd,1,2,,,,1
https://www.varnish-cache.org::varnishd,https://www.varnish-cache.org,fedora,varnish,usr/lib/systemd/system/varnish.service,varnish.service,A,UNAMBIGUOUS_EXECUTABLE_LINEAGE,MATCHED,usr/lib/systemd/system/varnish.service,varnishd,1,2,,,,1
https://www.varnish-cache.org::varnishd,https://www.varnish-cache.org,ubuntu,varnish,usr/lib/systemd/system/varnish.service,varnish.service,A,UNAMBIGUOUS_EXECUTABLE_LINEAGE,MATCHED,usr/lib/systemd/system/varnish.service,varnishd,1,2,,,,1
https://www.varnish-cache.org::varnishncsa,https://www.varnish-cache.org,fedora,varnish,usr/lib/systemd/system/varnishncsa.service,varnishncsa.service,A,UNAMBIGUOUS_EXECUTABLE_LINEAGE,MATCHED,usr/lib/systemd/system/varnishncsa.service,varnishncsa,1,2,,,,1
https://www.varnish-cache.org::varnishncsa,https://www.varnish-cache.org,ubuntu,varnish,usr/lib/systemd/system/varnishncsa.service,varnishncsa.service,A,UNAMBIGUOUS_EXECUTABLE_LINEAGE,MATCHED,usr/lib/systemd/system/varnishncsa.service,varnishncsa,1,2,,,,1
https://www.wesnoth.org::wesnothd,https://www.wesnoth.org,arch,wesnoth,usr/lib/systemd/system/wesnothd.service,wesnothd.service,A,UNAMBIGUOUS_EXECUTABLE_LINEAGE,MATCHED,usr/lib/systemd/system/wesnothd.service,wesnothd,1,2,,,,1
https://www.wesnoth.org::wesnothd,https://www.wesnoth.org,fedora,wesnoth-server,usr/lib/systemd/system/wesnothd.service,wesnothd.service,A,UNAMBIGUOUS_EXECUTABLE_LINEAGE,MATCHED,usr/lib/systemd/system/wesnothd.service,wesnothd,1,2,,,,1
https://www.wesnoth.org::wesnothd-1.18,https://www.wesnoth.org,debian,wesnoth-1.18-server,usr/lib/systemd/system/wesnoth-1.18-server.service,wesnoth-1.18-server.service,A,UNAMBIGUOUS_EXECUTABLE_LINEAGE,MATCHED,usr/lib/systemd/system/wesnoth-1.18-server.service,wesnothd-1.18,1,2,,,,1
https://www.wesnoth.org::wesnothd-1.18,https://www.wesnoth.org,ubuntu,wesnoth-1.18-server,usr/lib/systemd/system/wesnoth-1.18-server.service,wesnoth-1.18-server.service,A,UNAMBIGUOUS_EXECUTABLE_LINEAGE,MATCHED,usr/lib/systemd/system/wesnoth-1.18-server.service,wesnothd-1.18,1,2,,,,1
https://www.xpra.org::xpra,https://www.xpra.org,arch,xpra,usr/lib/systemd/system/xpra-encoder.service,xpra-encoder.service,UNRESOLVED,UNAMBIGUOUS_EXECUTABLE_LINEAGE,SERVICE_LINEAGE_AMBIGUOUS,usr/lib/systemd/system/xpra-encoder.service,xpra,2,2,,,,2
https://www.xpra.org::xpra,https://www.xpra.org,arch,xpra,usr/lib/systemd/system/xpra.service,xpra.service,UNRESOLVED,UNAMBIGUOUS_EXECUTABLE_LINEAGE,SERVICE_LINEAGE_AMBIGUOUS,usr/lib/systemd/system/xpra.service,xpra,2,2,,,,2
https://www.xpra.org::xpra,https://www.xpra.org,fedora,xpra,usr/lib/systemd/system/xpra-encoder.service,xpra-encoder.service,UNRESOLVED,UNAMBIGUOUS_EXECUTABLE_LINEAGE,SERVICE_LINEAGE_AMBIGUOUS,usr/lib/systemd/system/xpra-encoder.service,xpra,2,2,,,,2
https://www.xpra.org::xpra,https://www.xpra.org,fedora,xpra,usr/lib/systemd/system/xpra.service,xpra.service,UNRESOLVED,UNAMBIGUOUS_EXECUTABLE_LINEAGE,SERVICE_LINEAGE_AMBIGUOUS,usr/lib/systemd/system/xpra.service,xpra,2,2,,,,2
https://www.xrdp.org::xrdp,https://www.xrdp.org,debian,xrdp,usr/lib/systemd/system/xrdp.service,xrdp.service,A,UNAMBIGUOUS_EXECUTABLE_LINEAGE,MATCHED,usr/lib/systemd/system/xrdp.service,xrdp,1,3,,,,1
https://www.xrdp.org::xrdp,https://www.xrdp.org,fedora,xrdp,usr/lib/systemd/system/xrdp.service,xrdp.service,A,UNAMBIGUOUS_EXECUTABLE_LINEAGE,MATCHED,usr/lib/systemd/system/xrdp.service,xrdp,1,3,,,,1
https://www.xrdp.org::xrdp,https://www.xrdp.org,ubuntu,xrdp,usr/lib/systemd/system/xrdp.service,xrdp.service,A,UNAMBIGUOUS_EXECUTABLE_LINEAGE,MATCHED,usr/lib/systemd/system/xrdp.service,xrdp,1,3,,,,1
https://www.xrdp.org::xrdp-sesman,https://www.xrdp.org,debian,xrdp,usr/lib/systemd/system/xrdp-sesman.service,xrdp-sesman.service,A,UNAMBIGUOUS_EXECUTABLE_LINEAGE,MATCHED,usr/lib/systemd/system/xrdp-sesman.service,xrdp-sesman,1,3,,,,1
https://www.xrdp.org::xrdp-sesman,https://www.xrdp.org,fedora,xrdp,usr/lib/systemd/system/xrdp-sesman.service,xrdp-sesman.service,A,UNAMBIGUOUS_EXECUTABLE_LINEAGE,MATCHED,usr/lib/systemd/system/xrdp-sesman.service,xrdp-sesman,1,3,,,,1
https://www.xrdp.org::xrdp-sesman,https://www.xrdp.org,ubuntu,xrdp,usr/lib/systemd/system/xrdp-sesman.service,xrdp-sesman.service,A,UNAMBIGUOUS_EXECUTABLE_LINEAGE,MATCHED,usr/lib/systemd/system/xrdp-sesman.service,xrdp-sesman,1,3,,,,1
https://www.yadifa.eu::yadifad,https://www.yadifa.eu,debian,yadifa,usr/lib/systemd/system/yadifa.service,yadifa.service,A,UNAMBIGUOUS_EXECUTABLE_LINEAGE,MATCHED,usr/lib/systemd/system/yadifa.service,yadifad,1,3,,,,1
https://www.yadifa.eu::yadifad,https://www.yadifa.eu,fedora,yadifa,usr/lib/systemd/system/yadifad.service,yadifad.service,A,UNAMBIGUOUS_EXECUTABLE_LINEAGE,MATCHED,usr/lib/systemd/system/yadifad.service,yadifad,1,3,,,,1
https://www.yadifa.eu::yadifad,https://www.yadifa.eu,ubuntu,yadifa,usr/lib/systemd/system/yadifa.service,yadifa.service,A,UNAMBIGUOUS_EXECUTABLE_LINEAGE,MATCHED,usr/lib/systemd/system/yadifa.service,yadifad,1,3,,,,1
https://www.yo2loj.ro/hamprojects::ampr-ripd,https://www.yo2loj.ro/hamprojects,debian,ampr-ripd,usr/lib/systemd/system/ampr-ripd.service,ampr-ripd.service,A,UNAMBIGUOUS_EXECUTABLE_LINEAGE,MATCHED,usr/lib/systemd/system/ampr-ripd.service,ampr-ripd,1,3,,,,1
https://www.yo2loj.ro/hamprojects::ampr-ripd,https://www.yo2loj.ro/hamprojects,fedora,ampr-ripd,usr/lib/systemd/system/ampr-ripd.service,ampr-ripd.service,A,UNAMBIGUOUS_EXECUTABLE_LINEAGE,MATCHED,usr/lib/systemd/system/ampr-ripd.service,ampr-ripd,1,3,,,,1
https://www.yo2loj.ro/hamprojects::ampr-ripd,https://www.yo2loj.ro/hamprojects,ubuntu,ampr-ripd,usr/lib/systemd/system/ampr-ripd.service,ampr-ripd.service,A,UNAMBIGUOUS_EXECUTABLE_LINEAGE,MATCHED,usr/lib/systemd/system/ampr-ripd.service,ampr-ripd,1,3,,,,1
https://www.zabbix.com::zabbix_agentd,https://www.zabbix.com,arch,zabbix-agent,usr/lib/systemd/system/zabbix-agent.service,zabbix-agent.service,A,UNAMBIGUOUS_EXECUTABLE_LINEAGE,MATCHED,usr/lib/systemd/system/zabbix-agent.service,zabbix_agentd,1,2,,,,1
https://www.zabbix.com::zabbix_agentd,https://www.zabbix.com,fedora,zabbix-agent,usr/lib/systemd/system/zabbix-agent.service,zabbix-agent.service,A,UNAMBIGUOUS_EXECUTABLE_LINEAGE,MATCHED,usr/lib/systemd/system/zabbix-agent.service,zabbix_agentd,1,2,,,,1
https://www.zeroflux.org/projects/knock::knockd,https://www.zeroflux.org/projects/knock,debian,knockd,usr/lib/systemd/system/knockd.service,knockd.service,A,UNAMBIGUOUS_EXECUTABLE_LINEAGE,MATCHED,usr/lib/systemd/system/knockd.service,knockd,1,3,,,,1
https://www.zeroflux.org/projects/knock::knockd,https://www.zeroflux.org/projects/knock,fedora,knock-server,usr/lib/systemd/system/knockd.service,knockd.service,A,UNAMBIGUOUS_EXECUTABLE_LINEAGE,MATCHED,usr/lib/systemd/system/knockd.service,knockd,1,3,,,,1
https://www.zeroflux.org/projects/knock::knockd,https://www.zeroflux.org/projects/knock,ubuntu,knockd,usr/lib/systemd/system/knockd.service,knockd.service,A,UNAMBIGUOUS_EXECUTABLE_LINEAGE,MATCHED,usr/lib/systemd/system/knockd.service,knockd,1,3,,,,1
https://xfs.wiki.kernel.org::xfs_healer_start,https://xfs.wiki.kernel.org,arch,xfsprogs,usr/lib/systemd/system/xfs_healer_start.service,xfs_healer_start.service,A,UNAMBIGUOUS_EXECUTABLE_LINEAGE,MATCHED,usr/lib/systemd/system/xfs_healer_start.service,xfs_healer_start,1,2,,,,1
https://xfs.wiki.kernel.org::xfs_healer_start,https://xfs.wiki.kernel.org,fedora,xfsprogs,usr/lib/systemd/system/xfs_healer_start.service,xfs_healer_start.service,A,UNAMBIGUOUS_EXECUTABLE_LINEAGE,MATCHED,usr/lib/systemd/system/xfs_healer_start.service,xfs_healer_start,1,2,,,,1
https://xfs.wiki.kernel.org::xfs_scrub_all,https://xfs.wiki.kernel.org,arch,xfsprogs,usr/lib/systemd/system/xfs_scrub_all.service,xfs_scrub_all.service,A,UNAMBIGUOUS_EXECUTABLE_LINEAGE,MATCHED,usr/lib/systemd/system/xfs_scrub_all.service,xfs_scrub_all,1,4,,,,1
https://xfs.wiki.kernel.org::xfs_scrub_all,https://xfs.wiki.kernel.org,debian,xfsprogs,usr/lib/systemd/system/xfs_scrub_all.service,xfs_scrub_all.service,A,UNAMBIGUOUS_EXECUTABLE_LINEAGE,MATCHED,usr/lib/systemd/system/xfs_scrub_all.service,xfs_scrub_all,1,4,,,,1
https://xfs.wiki.kernel.org::xfs_scrub_all,https://xfs.wiki.kernel.org,fedora,xfsprogs-xfs_scrub,usr/lib/systemd/system/xfs_scrub_all.service,xfs_scrub_all.service,A,UNAMBIGUOUS_EXECUTABLE_LINEAGE,MATCHED,usr/lib/systemd/system/xfs_scrub_all.service,xfs_scrub_all,1,4,,,,1
https://xfs.wiki.kernel.org::xfs_scrub_all,https://xfs.wiki.kernel.org,ubuntu,xfsprogs,usr/lib/systemd/system/xfs_scrub_all.service,xfs_scrub_all.service,A,UNAMBIGUOUS_EXECUTABLE_LINEAGE,MATCHED,usr/lib/systemd/system/xfs_scrub_all.service,xfs_scrub_all,1,4,,,,1
https://xfs.wiki.kernel.org::xfs_scrub_fail,https://xfs.wiki.kernel.org,arch,xfsprogs,usr/lib/systemd/system/xfs_scrub_all_fail.service,xfs_scrub_all_fail.service,A,UNAMBIGUOUS_EXECUTABLE_LINEAGE,MATCHED,usr/lib/systemd/system/xfs_scrub_all_fail.service,xfs_scrub_fail,1,4,,,,1
https://xfs.wiki.kernel.org::xfs_scrub_fail,https://xfs.wiki.kernel.org,debian,xfsprogs,usr/lib/systemd/system/xfs_scrub_all_fail.service,xfs_scrub_all_fail.service,A,UNAMBIGUOUS_EXECUTABLE_LINEAGE,MATCHED,usr/lib/systemd/system/xfs_scrub_all_fail.service,xfs_scrub_fail,1,4,,,,1
https://xfs.wiki.kernel.org::xfs_scrub_fail,https://xfs.wiki.kernel.org,fedora,xfsprogs-xfs_scrub,usr/lib/systemd/system/xfs_scrub_all_fail.service,xfs_scrub_all_fail.service,A,UNAMBIGUOUS_EXECUTABLE_LINEAGE,MATCHED,usr/lib/systemd/system/xfs_scrub_all_fail.service,xfs_scrub_fail,1,4,,,,1
https://xfs.wiki.kernel.org::xfs_scrub_fail,https://xfs.wiki.kernel.org,ubuntu,xfsprogs,usr/lib/systemd/system/xfs_scrub_all_fail.service,xfs_scrub_all_fail.service,A,UNAMBIGUOUS_EXECUTABLE_LINEAGE,MATCHED,usr/lib/systemd/system/xfs_scrub_all_fail.service,xfs_scrub_fail,1,4,,,,1
https://zeroc.com::glacier2router,https://zeroc.com,arch,zeroc-ice,usr/lib/systemd/system/glacier2router.service,glacier2router.service,A,UNAMBIGUOUS_EXECUTABLE_LINEAGE,MATCHED,usr/lib/systemd/system/glacier2router.service,glacier2router,1,3,,,,1
https://zeroc.com::glacier2router,https://zeroc.com,debian,zeroc-glacier2,usr/lib/systemd/system/glacier2router.service,glacier2router.service,A,UNAMBIGUOUS_EXECUTABLE_LINEAGE,MATCHED,usr/lib/systemd/system/glacier2router.service,glacier2router,1,3,,,,1
https://zeroc.com::glacier2router,https://zeroc.com,ubuntu,zeroc-glacier2,usr/lib/systemd/system/glacier2router.service,glacier2router.service,A,UNAMBIGUOUS_EXECUTABLE_LINEAGE,MATCHED,usr/lib/systemd/system/glacier2router.service,glacier2router,1,3,,,,1
https://zeroc.com::icegridnode,https://zeroc.com,arch,zeroc-ice,usr/lib/systemd/system/icegridnode.service,icegridnode.service,A,UNAMBIGUOUS_EXECUTABLE_LINEAGE,MATCHED,usr/lib/systemd/system/icegridnode.service,icegridnode,1,3,,,,1
https://zeroc.com::icegridnode,https://zeroc.com,debian,zeroc-icegrid,usr/lib/systemd/system/icegridnode.service,icegridnode.service,A,UNAMBIGUOUS_EXECUTABLE_LINEAGE,MATCHED,usr/lib/systemd/system/icegridnode.service,icegridnode,1,3,,,,1
https://zeroc.com::icegridnode,https://zeroc.com,ubuntu,zeroc-icegrid,usr/lib/systemd/system/icegridnode.service,icegridnode.service,A,UNAMBIGUOUS_EXECUTABLE_LINEAGE,MATCHED,usr/lib/systemd/system/icegridnode.service,icegridnode,1,3,,,,1
https://zeroc.com::icegridregistry,https://zeroc.com,arch,zeroc-ice,usr/lib/systemd/system/icegridregistry.service,icegridregistry.service,A,UNAMBIGUOUS_EXECUTABLE_LINEAGE,MATCHED,usr/lib/systemd/system/icegridregistry.service,icegridregistry,1,3,,,,1
https://zeroc.com::icegridregistry,https://zeroc.com,debian,zeroc-icegrid,usr/lib/systemd/system/icegridregistry.service,icegridregistry.service,A,UNAMBIGUOUS_EXECUTABLE_LINEAGE,MATCHED,usr/lib/systemd/system/icegridregistry.service,icegridregistry,1,3,,,,1
https://zeroc.com::icegridregistry,https://zeroc.com,ubuntu,zeroc-icegrid,usr/lib/systemd/system/icegridregistry.service,icegridregistry.service,A,UNAMBIGUOUS_EXECUTABLE_LINEAGE,MATCHED,usr/lib/systemd/system/icegridregistry.service,icegridregistry,1,3,,,,1
