lineage_id,canonical_upstream_id,distribution,binary_package_id,source_package_id,source_version,u_artifact_class,u_source_path,u_source_revision,u_artifact_hash,u_structural_placeholder_count,generation_rule_id,generation_status,resolution_detail
https://apps.gnome.org/Sysprof::sysprofd,https://apps.gnome.org/Sysprof,arch,sysprof,sysprof,50.0-4,U1_TEMPLATE_VALUE_ONLY,/home/emrecan/github/ecylmz/unittrace/artifacts/full/roots/sources/arch/sysprof/50.0-4/sysprof-27a6d448b7559c77e1398d09db2429f74ae409ee/src/sysprofd/sysprof3.service.in,50.0-4,ee37fe77a585a1af7d3d30cfe73f77755f678f4a52c46e0e696feae8fbb3c865,0,,NOT_APPLICABLE,exact basename or unique executable source mapping
https://apps.gnome.org/Sysprof::sysprofd,https://apps.gnome.org/Sysprof,debian,sysprof,sysprof,48.0-2,U1_TEMPLATE_VALUE_ONLY,/home/emrecan/github/ecylmz/unittrace/artifacts/full/roots/sources/debian/sysprof/48.0-2/sysprof-48.0/src/sysprofd/sysprof3.service.in,48.0-2,ee37fe77a585a1af7d3d30cfe73f77755f678f4a52c46e0e696feae8fbb3c865,0,,NOT_APPLICABLE,exact basename or unique executable source mapping
https://apps.gnome.org/Sysprof::sysprofd,https://apps.gnome.org/Sysprof,ubuntu,sysprof,sysprof,50.0-1,U1_TEMPLATE_VALUE_ONLY,/home/emrecan/github/ecylmz/unittrace/artifacts/full/roots/sources/ubuntu/sysprof/50.0-1/sysprof-50.0/src/sysprofd/sysprof3.service.in,50.0-1,ee37fe77a585a1af7d3d30cfe73f77755f678f4a52c46e0e696feae8fbb3c865,0,,NOT_APPLICABLE,exact basename or unique executable source mapping
https://arthurdejong.org/nss-pam-ldapd::nslcd,https://arthurdejong.org/nss-pam-ldapd,arch,nss-pam-ldapd,nss-pam-ldapd,0.9.13-1,U4_NO_UPSTREAM_STATIC_OR_TEMPLATE_UNIT,,0.9.13-1,,0,,NOT_APPLICABLE,complete pristine orig-tar inventory contained no service unit or template
https://arthurdejong.org/nss-pam-ldapd::nslcd,https://arthurdejong.org/nss-pam-ldapd,debian,nslcd,nss-pam-ldapd,0.9.13-1,U4_NO_UPSTREAM_STATIC_OR_TEMPLATE_UNIT,,0.9.13-1,,0,,NOT_APPLICABLE,complete pristine orig-tar inventory contained no service unit or template
https://arthurdejong.org/nss-pam-ldapd::nslcd,https://arthurdejong.org/nss-pam-ldapd,fedora,nss-pam-ldapd,nss-pam-ldapd,nss-pam-ldapd-0.9.10-22.fc44.src.rpm,U4_NO_UPSTREAM_STATIC_OR_TEMPLATE_UNIT,,nss-pam-ldapd-0.9.10-22.fc44.src.rpm,,0,,NOT_APPLICABLE,complete pristine orig-tar inventory contained no service unit or template
https://arthurdejong.org/nss-pam-ldapd::nslcd,https://arthurdejong.org/nss-pam-ldapd,ubuntu,nslcd,nss-pam-ldapd,0.9.13-2ubuntu2,U4_NO_UPSTREAM_STATIC_OR_TEMPLATE_UNIT,,0.9.13-2ubuntu2,,0,,NOT_APPLICABLE,complete pristine orig-tar inventory contained no service unit or template
https://avahi.org::avahi-daemon,https://avahi.org,debian,avahi-daemon,avahi,0.8-16,U1_TEMPLATE_VALUE_ONLY,/home/emrecan/github/ecylmz/unittrace/artifacts/full/roots/sources/debian/avahi/0.8-16/avahi-0.8/avahi-daemon/avahi-daemon.service.in,0.8-16,a9069e99281cb895200cf08bcd9c21f5232218ac055e893509a0946b56425868,0,,NOT_APPLICABLE,exact basename or unique executable source mapping
https://avahi.org::avahi-daemon,https://avahi.org,fedora,avahi,avahi,avahi-0.9~rc2-8.fc44.src.rpm,U1_TEMPLATE_VALUE_ONLY,/home/emrecan/github/ecylmz/unittrace/artifacts/full/roots/sources/fedora/avahi/avahi-0.9~rc2-8.fc44.src.rpm/avahi-0.9-rc2/avahi-daemon/avahi-daemon.service.in,avahi-0.9~rc2-8.fc44.src.rpm,a9069e99281cb895200cf08bcd9c21f5232218ac055e893509a0946b56425868,0,,NOT_APPLICABLE,exact basename or unique executable source mapping
https://avahi.org::avahi-daemon,https://avahi.org,ubuntu,avahi-daemon,avahi,0.8-18ubuntu1,U1_TEMPLATE_VALUE_ONLY,/home/emrecan/github/ecylmz/unittrace/artifacts/full/roots/sources/ubuntu/avahi/0.8-18ubuntu1/avahi-0.8/avahi-daemon/avahi-daemon.service.in,0.8-18ubuntu1,a9069e99281cb895200cf08bcd9c21f5232218ac055e893509a0946b56425868,0,,NOT_APPLICABLE,exact basename or unique executable source mapping
https://avahi.org::avahi-dnsconfd,https://avahi.org,debian,avahi-dnsconfd,avahi,0.8-16,U1_TEMPLATE_VALUE_ONLY,/home/emrecan/github/ecylmz/unittrace/artifacts/full/roots/sources/debian/avahi/0.8-16/avahi-0.8/avahi-dnsconfd/avahi-dnsconfd.service.in,0.8-16,152bf76c29648c22d7902fe597e1ae9b85bf13c62c4a1241395171d34803ef04,0,,NOT_APPLICABLE,exact basename or unique executable source mapping
https://avahi.org::avahi-dnsconfd,https://avahi.org,fedora,avahi-dnsconfd,avahi,avahi-0.9~rc2-8.fc44.src.rpm,U1_TEMPLATE_VALUE_ONLY,/home/emrecan/github/ecylmz/unittrace/artifacts/full/roots/sources/fedora/avahi/avahi-0.9~rc2-8.fc44.src.rpm/avahi-0.9-rc2/avahi-dnsconfd/avahi-dnsconfd.service.in,avahi-0.9~rc2-8.fc44.src.rpm,ce0b402437a56771c25bf077f444ecf947b2a7ccf62b138ce7161d0710b393d8,0,,NOT_APPLICABLE,exact basename or unique executable source mapping
https://avahi.org::avahi-dnsconfd,https://avahi.org,ubuntu,avahi-dnsconfd,avahi,0.8-18ubuntu1,U1_TEMPLATE_VALUE_ONLY,/home/emrecan/github/ecylmz/unittrace/artifacts/full/roots/sources/ubuntu/avahi/0.8-18ubuntu1/avahi-0.8/avahi-dnsconfd/avahi-dnsconfd.service.in,0.8-18ubuntu1,152bf76c29648c22d7902fe597e1ae9b85bf13c62c4a1241395171d34803ef04,0,,NOT_APPLICABLE,exact basename or unique executable source mapping
https://bpfilter.io::upstream-unit::src/bpfilter/bpfilter.service,https://bpfilter.io,fedora,bpfilter,bpfilter,bpfilter-0.6.0-5.fc44.src.rpm,U1_TEMPLATE_VALUE_ONLY,/home/emrecan/github/ecylmz/unittrace/artifacts/full/roots/sources/fedora/bpfilter/bpfilter-0.6.0-5.fc44.src.rpm/bpfilter-0.6.0/src/bpfilter/bpfilter.service.in,bpfilter-0.6.0-5.fc44.src.rpm,9372d7bccff4897a067d869c9ff909aeceb0900af74f337e7ac8dfcab44f2f00,0,,NOT_APPLICABLE,exact basename or unique executable source mapping
https://bpfilter.io::upstream-unit::src/bpfilter/bpfilter.service,https://bpfilter.io,ubuntu,bpfilter,bpfilter,0.5.2-1,U1_TEMPLATE_VALUE_ONLY,/home/emrecan/github/ecylmz/unittrace/artifacts/full/roots/sources/ubuntu/bpfilter/0.5.2-1/bpfilter-0.5.2/src/bpfilter/bpfilter.service.in,0.5.2-1,9372d7bccff4897a067d869c9ff909aeceb0900af74f337e7ac8dfcab44f2f00,0,,NOT_APPLICABLE,exact basename or unique executable source mapping
https://c-icap.sourceforge.net::c-icap,https://c-icap.sourceforge.net,debian,c-icap,c-icap,1:0.5.10-6.1,U4_NO_UPSTREAM_STATIC_OR_TEMPLATE_UNIT,,1:0.5.10-6.1,,0,,NOT_APPLICABLE,complete pristine orig-tar inventory contained no service unit or template
https://c-icap.sourceforge.net::c-icap,https://c-icap.sourceforge.net,fedora,c-icap,c-icap,c-icap-0.6.3-5.fc44.src.rpm,U4_NO_UPSTREAM_STATIC_OR_TEMPLATE_UNIT,,c-icap-0.6.3-5.fc44.src.rpm,,0,,NOT_APPLICABLE,complete pristine orig-tar inventory contained no service unit or template
https://c-icap.sourceforge.net::c-icap,https://c-icap.sourceforge.net,ubuntu,c-icap,c-icap,1:0.5.10-7build1,U4_NO_UPSTREAM_STATIC_OR_TEMPLATE_UNIT,,1:0.5.10-7build1,,0,,NOT_APPLICABLE,complete pristine orig-tar inventory contained no service unit or template
https://ceph.com::ceph-crash,https://ceph.com,debian,ceph-base,ceph,18.2.7+ds-1+deb13u1,U1_TEMPLATE_VALUE_ONLY,/home/emrecan/github/ecylmz/unittrace/artifacts/full/roots/sources/debian/ceph/18.2.7+ds-1+deb13u1/ceph-18.2.7+ds/systemd/ceph-crash.service.in,18.2.7+ds-1+deb13u1,6a481145c94f69cc4348f107cd15e6cf8867043029cbfbff6e79154d57edda10,0,,NOT_APPLICABLE,exact basename or unique executable source mapping
https://ceph.com::ceph-crash,https://ceph.com,fedora,ceph-base,ceph,ceph-20.2.3-1.fc44.src.rpm,U1_TEMPLATE_VALUE_ONLY,/home/emrecan/github/ecylmz/unittrace/artifacts/full/roots/sources/fedora/ceph/ceph-20.2.3-1.fc44.src.rpm/ceph-20.2.3/systemd/ceph-crash.service.in,ceph-20.2.3-1.fc44.src.rpm,02acfa7fc718a75a390834a5a657cd6fec82ffa1e4b8fc25a98a4ffaba710cc2,0,,NOT_APPLICABLE,exact basename or unique executable source mapping
https://ceph.com::ceph-crash,https://ceph.com,ubuntu,ceph-base,ceph,20.2.0-0ubuntu2,U1_TEMPLATE_VALUE_ONLY,/home/emrecan/github/ecylmz/unittrace/artifacts/full/roots/sources/ubuntu/ceph/20.2.0-0ubuntu2/ceph-20.2.0/systemd/ceph-crash.service.in,20.2.0-0ubuntu2,02acfa7fc718a75a390834a5a657cd6fec82ffa1e4b8fc25a98a4ffaba710cc2,0,,NOT_APPLICABLE,exact basename or unique executable source mapping
https://ceph.com::ceph-mon,https://ceph.com,debian,ceph-mon,ceph,18.2.7+ds-1+deb13u1,U5_AMBIGUOUS_OR_UNRESOLVED,,18.2.7+ds-1+deb13u1,,0,,NOT_ATTEMPTED,"no unique upstream artifact; candidates=14, executable_candidates=2"
https://ceph.com::ceph-mon,https://ceph.com,ubuntu,ceph-mon,ceph,20.2.0-0ubuntu2,U5_AMBIGUOUS_OR_UNRESOLVED,,20.2.0-0ubuntu2,,0,,NOT_ATTEMPTED,"no unique upstream artifact; candidates=15, executable_candidates=2"
https://ceph.com::rbdmap,https://ceph.com,debian,ceph-common,ceph,18.2.7+ds-1+deb13u1,U1_TEMPLATE_VALUE_ONLY,/home/emrecan/github/ecylmz/unittrace/artifacts/full/roots/sources/debian/ceph/18.2.7+ds-1+deb13u1/ceph-18.2.7+ds/systemd/rbdmap.service.in,18.2.7+ds-1+deb13u1,9f9a372a39eab162169c76e4447c07ab3176194d8b9658c17dbe7ba104986532,0,,NOT_APPLICABLE,exact basename or unique executable source mapping
https://ceph.com::rbdmap,https://ceph.com,fedora,ceph-common,ceph,ceph-20.2.3-1.fc44.src.rpm,U1_TEMPLATE_VALUE_ONLY,/home/emrecan/github/ecylmz/unittrace/artifacts/full/roots/sources/fedora/ceph/ceph-20.2.3-1.fc44.src.rpm/ceph-20.2.3/systemd/rbdmap.service.in,ceph-20.2.3-1.fc44.src.rpm,7d3ee6e85cfff65c4ecec510e72fc6a63f11b33a1ccaa2177891b039bf6d4d12,0,,NOT_APPLICABLE,exact basename or unique executable source mapping
https://ceph.com::rbdmap,https://ceph.com,ubuntu,ceph-common,ceph,20.2.0-0ubuntu2,U1_TEMPLATE_VALUE_ONLY,/home/emrecan/github/ecylmz/unittrace/artifacts/full/roots/sources/ubuntu/ceph/20.2.0-0ubuntu2/ceph-20.2.0/systemd/rbdmap.service.in,20.2.0-0ubuntu2,7d3ee6e85cfff65c4ecec510e72fc6a63f11b33a1ccaa2177891b039bf6d4d12,0,,NOT_APPLICABLE,exact basename or unique executable source mapping
https://certbot.eff.org::certbot,https://certbot.eff.org,arch,certbot,certbot,5.7.0-1,U4_NO_UPSTREAM_STATIC_OR_TEMPLATE_UNIT,,5.7.0-1,,0,,NOT_APPLICABLE,complete pristine orig-tar inventory contained no service unit or template
https://certbot.eff.org::certbot,https://certbot.eff.org,ubuntu,certbot,python-certbot,4.0.0-4,U4_NO_UPSTREAM_STATIC_OR_TEMPLATE_UNIT,,4.0.0-4,,0,,NOT_APPLICABLE,complete pristine orig-tar inventory contained no service unit or template
https://christophe.varoqui.free.fr::multipathd,https://christophe.varoqui.free.fr,debian,multipath-tools,multipath-tools,0.11.1-2,U1_TEMPLATE_VALUE_ONLY,/home/emrecan/github/ecylmz/unittrace/artifacts/full/roots/sources/debian/multipath-tools/0.11.1-2/multipath-tools-0.11.1/multipathd/multipathd.service.in,0.11.1-2,f28bcf108d7eb73fa6572951f226d44e5e49a20118899bd4af6f4a1f3b9ceb85,0,,NOT_APPLICABLE,exact basename or unique executable source mapping
https://christophe.varoqui.free.fr::multipathd,https://christophe.varoqui.free.fr,fedora,device-mapper-multipath,device-mapper-multipath,device-mapper-multipath-0.13.1-1.fc44.src.rpm,U1_TEMPLATE_VALUE_ONLY,/home/emrecan/github/ecylmz/unittrace/artifacts/full/roots/sources/fedora/device-mapper-multipath/device-mapper-multipath-0.13.1-1.fc44.src.rpm/multipath-tools-0.13.1/multipathd/multipathd.service.in,device-mapper-multipath-0.13.1-1.fc44.src.rpm,122bd60e9c2fcee15de3372a1cef18fe4aa106fa2507d64883921befa8982df8,0,,NOT_APPLICABLE,exact basename or unique executable source mapping
https://christophe.varoqui.free.fr::multipathd,https://christophe.varoqui.free.fr,ubuntu,multipath-tools,multipath-tools,0.14.3-2ubuntu1,U1_TEMPLATE_VALUE_ONLY,/home/emrecan/github/ecylmz/unittrace/artifacts/full/roots/sources/ubuntu/multipath-tools/0.14.3-2ubuntu1/multipath-tools-0.14.3/multipathd/multipathd.service.in,0.14.3-2ubuntu1,122bd60e9c2fcee15de3372a1cef18fe4aa106fa2507d64883921befa8982df8,0,,NOT_APPLICABLE,exact basename or unique executable source mapping
https://christophe.varoqui.free.fr::true,https://christophe.varoqui.free.fr,fedora,device-mapper-multipath,device-mapper-multipath,device-mapper-multipath-0.13.1-1.fc44.src.rpm,U1_TEMPLATE_VALUE_ONLY,/home/emrecan/github/ecylmz/unittrace/artifacts/full/roots/sources/fedora/device-mapper-multipath/device-mapper-multipath-0.13.1-1.fc44.src.rpm/multipath-tools-0.13.1/multipathd/multipathd-queueing.service.in,device-mapper-multipath-0.13.1-1.fc44.src.rpm,095395a7683939eaa93df61908a456e930fc5b478b363016de0e00079f354dc1,0,,NOT_APPLICABLE,exact basename or unique executable source mapping
https://christophe.varoqui.free.fr::true,https://christophe.varoqui.free.fr,ubuntu,multipath-tools,multipath-tools,0.14.3-2ubuntu1,U1_TEMPLATE_VALUE_ONLY,/home/emrecan/github/ecylmz/unittrace/artifacts/full/roots/sources/ubuntu/multipath-tools/0.14.3-2ubuntu1/multipath-tools-0.14.3/multipathd/multipathd-queueing.service.in,0.14.3-2ubuntu1,095395a7683939eaa93df61908a456e930fc5b478b363016de0e00079f354dc1,0,,NOT_APPLICABLE,exact basename or unique executable source mapping
https://chrony-project.org::upstream-unit::examples/chrony-wait.service,https://chrony-project.org,arch,chrony,chrony,4.8-3,U0_STATIC,/home/emrecan/github/ecylmz/unittrace/artifacts/full/roots/sources/arch/chrony/4.8-3/chrony-9e8541e3c4c89bfb7a60b404f646fab57c69ce59/examples/chrony-wait.service,4.8-3,0b2e66c4d562bf520286c0a7dbe720460e13087f0c1fb9bf8da98c360bdd7c4f,0,,NOT_APPLICABLE,exact basename or unique executable source mapping
https://chrony-project.org::upstream-unit::examples/chrony-wait.service,https://chrony-project.org,debian,chrony,chrony,4.6.1-3+deb13u2,U0_STATIC,/home/emrecan/github/ecylmz/unittrace/artifacts/full/roots/sources/debian/chrony/4.6.1-3+deb13u2/chrony-4.6.1/examples/chrony-wait.service,4.6.1-3+deb13u2,0b2e66c4d562bf520286c0a7dbe720460e13087f0c1fb9bf8da98c360bdd7c4f,0,,NOT_APPLICABLE,exact basename or unique executable source mapping
https://chrony-project.org::upstream-unit::examples/chrony-wait.service,https://chrony-project.org,fedora,chrony,chrony,chrony-4.8-5.fc44.src.rpm,U0_STATIC,/home/emrecan/github/ecylmz/unittrace/artifacts/full/roots/sources/fedora/chrony/chrony-4.8-5.fc44.src.rpm/chrony-4.8/examples/chrony-wait.service,chrony-4.8-5.fc44.src.rpm,0b2e66c4d562bf520286c0a7dbe720460e13087f0c1fb9bf8da98c360bdd7c4f,0,,NOT_APPLICABLE,exact basename or unique executable source mapping
https://chrony-project.org::upstream-unit::examples/chrony-wait.service,https://chrony-project.org,ubuntu,chrony,chrony,4.8-2ubuntu1,U0_STATIC,/home/emrecan/github/ecylmz/unittrace/artifacts/full/roots/sources/ubuntu/chrony/4.8-2ubuntu1/chrony-4.8/examples/chrony-wait.service,4.8-2ubuntu1,0b2e66c4d562bf520286c0a7dbe720460e13087f0c1fb9bf8da98c360bdd7c4f,0,,NOT_APPLICABLE,exact basename or unique executable source mapping
https://cisofy.com/lynis::lynis,https://cisofy.com/lynis,arch,lynis,lynis,3.1.7-1,U0_STATIC,/home/emrecan/github/ecylmz/unittrace/artifacts/full/roots/sources/arch/lynis/3.1.7-1/lynis/extras/systemd/lynis.service,3.1.7-1,d9ee73b56360fd8a16b0c7f8a404a563f494feda46205ea6bdc771eb7afcbbb9,0,,NOT_APPLICABLE,exact basename or unique executable source mapping
https://cisofy.com/lynis::lynis,https://cisofy.com/lynis,ubuntu,lynis,lynis,3.1.6-1,U0_STATIC,/home/emrecan/github/ecylmz/unittrace/artifacts/full/roots/sources/ubuntu/lynis/3.1.6-1/lynis/extras/systemd/lynis.service,3.1.6-1,d9ee73b56360fd8a16b0c7f8a404a563f494feda46205ea6bdc771eb7afcbbb9,0,,NOT_APPLICABLE,exact basename or unique executable source mapping
https://cloud-init.io::cloud-init,https://cloud-init.io,arch,cloud-init,cloud-init,26.1-1,U5_AMBIGUOUS_OR_UNRESOLVED,,26.1-1,,0,,NOT_ATTEMPTED,"no unique upstream artifact; candidates=4, executable_candidates=4"
https://cloud-init.io::cloud-init,https://cloud-init.io,ubuntu,cloud-init-base,cloud-init,26.1-0ubuntu2,U5_AMBIGUOUS_OR_UNRESOLVED,,26.1-0ubuntu2,,0,,NOT_ATTEMPTED,"no unique upstream artifact; candidates=4, executable_candidates=4"
https://cloud-init.io::upstream-unit::systemd/cloud-config.service,https://cloud-init.io,arch,cloud-init,cloud-init,26.1-1,U0_STATIC,/home/emrecan/github/ecylmz/unittrace/artifacts/full/roots/sources/arch/cloud-init/26.1-1/cloud-init-26.1/systemd/cloud-config.service,26.1-1,6cd84a65fdf53697f552fae5527b38f10863372aa58bfcbf9aa15b87ebc20e43,0,,NOT_APPLICABLE,exact basename or unique executable source mapping
https://cloud-init.io::upstream-unit::systemd/cloud-config.service,https://cloud-init.io,ubuntu,cloud-init-base,cloud-init,26.1-0ubuntu2,U0_STATIC,/home/emrecan/github/ecylmz/unittrace/artifacts/full/roots/sources/ubuntu/cloud-init/26.1-0ubuntu2/cloud-init-26.1/systemd/cloud-config.service,26.1-0ubuntu2,6cd84a65fdf53697f552fae5527b38f10863372aa58bfcbf9aa15b87ebc20e43,0,,NOT_APPLICABLE,exact basename or unique executable source mapping
https://cloud-init.io::upstream-unit::systemd/cloud-final.service,https://cloud-init.io,arch,cloud-init,cloud-init,26.1-1,U0_STATIC,/home/emrecan/github/ecylmz/unittrace/artifacts/full/roots/sources/arch/cloud-init/26.1-1/cloud-init-26.1/systemd/cloud-final.service,26.1-1,3c2de66f60b26e3482d441f1580068fd2019ee2623fe648ca9a4f5d8e406ce14,0,,NOT_APPLICABLE,exact basename or unique executable source mapping
https://cloud-init.io::upstream-unit::systemd/cloud-final.service,https://cloud-init.io,ubuntu,cloud-init-base,cloud-init,26.1-0ubuntu2,U0_STATIC,/home/emrecan/github/ecylmz/unittrace/artifacts/full/roots/sources/ubuntu/cloud-init/26.1-0ubuntu2/cloud-init-26.1/systemd/cloud-final.service,26.1-0ubuntu2,3c2de66f60b26e3482d441f1580068fd2019ee2623fe648ca9a4f5d8e406ce14,0,,NOT_APPLICABLE,exact basename or unique executable source mapping
https://cloud-init.io::upstream-unit::systemd/cloud-init-hotplugd.service,https://cloud-init.io,arch,cloud-init,cloud-init,26.1-1,U1_TEMPLATE_VALUE_ONLY,/home/emrecan/github/ecylmz/unittrace/artifacts/full/roots/sources/arch/cloud-init/26.1-1/cloud-init-26.1/systemd/cloud-init-hotplugd.service,26.1-1,256c9f14673a5a642da2036e36914a45c34e7ad8a944f2f55fbd1b7beb8e6f62,0,,NOT_APPLICABLE,exact basename or unique executable source mapping
https://cloud-init.io::upstream-unit::systemd/cloud-init-hotplugd.service,https://cloud-init.io,ubuntu,cloud-init-base,cloud-init,26.1-0ubuntu2,U1_TEMPLATE_VALUE_ONLY,/home/emrecan/github/ecylmz/unittrace/artifacts/full/roots/sources/ubuntu/cloud-init/26.1-0ubuntu2/cloud-init-26.1/systemd/cloud-init-hotplugd.service,26.1-0ubuntu2,256c9f14673a5a642da2036e36914a45c34e7ad8a944f2f55fbd1b7beb8e6f62,0,,NOT_APPLICABLE,exact basename or unique executable source mapping
https://cockpit-project.org::cockpit-tls,https://cockpit-project.org,arch,cockpit,cockpit,365-2,U1_TEMPLATE_VALUE_ONLY,/home/emrecan/github/ecylmz/unittrace/artifacts/full/roots/sources/arch/cockpit/365-2/cockpit-365/src/systemd/cockpit.service.in,365-2,14432408fe25293d6a695daed798d32133d48d978043dea590ef84b4fe18fe7f,0,,NOT_APPLICABLE,exact basename or unique executable source mapping
https://cockpit-project.org::cockpit-tls,https://cockpit-project.org,debian,cockpit-ws,cockpit,337-1+deb13u1,U1_TEMPLATE_VALUE_ONLY,/home/emrecan/github/ecylmz/unittrace/artifacts/full/roots/sources/debian/cockpit/337-1+deb13u1/cockpit-337/src/systemd/cockpit.service.in,337-1+deb13u1,14432408fe25293d6a695daed798d32133d48d978043dea590ef84b4fe18fe7f,0,,NOT_APPLICABLE,exact basename or unique executable source mapping
https://cockpit-project.org::cockpit-tls,https://cockpit-project.org,fedora,cockpit-ws,cockpit,cockpit-365-1.fc44.src.rpm,U1_TEMPLATE_VALUE_ONLY,/home/emrecan/github/ecylmz/unittrace/artifacts/full/roots/sources/fedora/cockpit/cockpit-365-1.fc44.src.rpm/cockpit-365/src/systemd/cockpit.service.in,cockpit-365-1.fc44.src.rpm,14432408fe25293d6a695daed798d32133d48d978043dea590ef84b4fe18fe7f,0,,NOT_APPLICABLE,exact basename or unique executable source mapping
https://cockpit-project.org::cockpit-tls,https://cockpit-project.org,ubuntu,cockpit-ws,cockpit,360-1,U1_TEMPLATE_VALUE_ONLY,/home/emrecan/github/ecylmz/unittrace/artifacts/full/roots/sources/ubuntu/cockpit/360-1/cockpit-360/src/systemd/cockpit.service.in,360-1,14432408fe25293d6a695daed798d32133d48d978043dea590ef84b4fe18fe7f,0,,NOT_APPLICABLE,exact basename or unique executable source mapping
https://cockpit-project.org::cockpit-ws,https://cockpit-project.org,arch,cockpit,cockpit,365-2,U1_TEMPLATE_VALUE_ONLY,/home/emrecan/github/ecylmz/unittrace/artifacts/full/roots/sources/arch/cockpit/365-2/cockpit-365/src/systemd/cockpit-wsinstance-http.service.in,365-2,5f0c8bb45ebb055d6bc0b9cb2a81766df0921e27f03ed799ce21a9bb6b3b7cf8,0,,NOT_APPLICABLE,exact basename or unique executable source mapping
https://cockpit-project.org::cockpit-ws,https://cockpit-project.org,debian,cockpit-ws,cockpit,337-1+deb13u1,U1_TEMPLATE_VALUE_ONLY,/home/emrecan/github/ecylmz/unittrace/artifacts/full/roots/sources/debian/cockpit/337-1+deb13u1/cockpit-337/src/systemd/cockpit-wsinstance-http.service.in,337-1+deb13u1,5f0c8bb45ebb055d6bc0b9cb2a81766df0921e27f03ed799ce21a9bb6b3b7cf8,0,,NOT_APPLICABLE,exact basename or unique executable source mapping
https://cockpit-project.org::cockpit-ws,https://cockpit-project.org,fedora,cockpit-ws,cockpit,cockpit-365-1.fc44.src.rpm,U1_TEMPLATE_VALUE_ONLY,/home/emrecan/github/ecylmz/unittrace/artifacts/full/roots/sources/fedora/cockpit/cockpit-365-1.fc44.src.rpm/cockpit-365/src/systemd/cockpit-wsinstance-http.service.in,cockpit-365-1.fc44.src.rpm,5f0c8bb45ebb055d6bc0b9cb2a81766df0921e27f03ed799ce21a9bb6b3b7cf8,0,,NOT_APPLICABLE,exact basename or unique executable source mapping
https://cockpit-project.org::cockpit-ws,https://cockpit-project.org,ubuntu,cockpit-ws,cockpit,360-1,U1_TEMPLATE_VALUE_ONLY,/home/emrecan/github/ecylmz/unittrace/artifacts/full/roots/sources/ubuntu/cockpit/360-1/cockpit-360/src/systemd/cockpit-wsinstance-http.service.in,360-1,5f0c8bb45ebb055d6bc0b9cb2a81766df0921e27f03ed799ce21a9bb6b3b7cf8,0,,NOT_APPLICABLE,exact basename or unique executable source mapping
https://cockpit-project.org::update-issue,https://cockpit-project.org,arch,cockpit,cockpit,365-2,U1_TEMPLATE_VALUE_ONLY,/home/emrecan/github/ecylmz/unittrace/artifacts/full/roots/sources/arch/cockpit/365-2/cockpit-365/src/systemd/cockpit-issue.service.in,365-2,125bf5457051e760f823331501bf6bafb1506e124767c994973148435f529da1,0,,NOT_APPLICABLE,exact basename or unique executable source mapping
https://cockpit-project.org::update-issue,https://cockpit-project.org,debian,cockpit-ws,cockpit,337-1+deb13u1,U1_TEMPLATE_VALUE_ONLY,/home/emrecan/github/ecylmz/unittrace/artifacts/full/roots/sources/debian/cockpit/337-1+deb13u1/cockpit-337/src/systemd/cockpit-issue.service.in,337-1+deb13u1,125bf5457051e760f823331501bf6bafb1506e124767c994973148435f529da1,0,,NOT_APPLICABLE,exact basename or unique executable source mapping
https://cockpit-project.org::update-issue,https://cockpit-project.org,fedora,cockpit-ws,cockpit,cockpit-365-1.fc44.src.rpm,U1_TEMPLATE_VALUE_ONLY,/home/emrecan/github/ecylmz/unittrace/artifacts/full/roots/sources/fedora/cockpit/cockpit-365-1.fc44.src.rpm/cockpit-365/src/systemd/cockpit-issue.service.in,cockpit-365-1.fc44.src.rpm,125bf5457051e760f823331501bf6bafb1506e124767c994973148435f529da1,0,,NOT_APPLICABLE,exact basename or unique executable source mapping
https://cockpit-project.org::update-issue,https://cockpit-project.org,ubuntu,cockpit-ws,cockpit,360-1,U1_TEMPLATE_VALUE_ONLY,/home/emrecan/github/ecylmz/unittrace/artifacts/full/roots/sources/ubuntu/cockpit/360-1/cockpit-360/src/systemd/cockpit-issue.service.in,360-1,125bf5457051e760f823331501bf6bafb1506e124767c994973148435f529da1,0,,NOT_APPLICABLE,exact basename or unique executable source mapping
https://cockpit-project.org::upstream-unit::src/systemd/cockpit-session-socket-user.service,https://cockpit-project.org,arch,cockpit,cockpit,365-2,U0_STATIC,/home/emrecan/github/ecylmz/unittrace/artifacts/full/roots/sources/arch/cockpit/365-2/cockpit-365/src/systemd/cockpit-session-socket-user.service,365-2,1df551d1c4ba0217dc3b5673216abfaf9f70f7993f21a40581f7c7c47379a53f,0,,NOT_APPLICABLE,exact basename or unique executable source mapping
https://cockpit-project.org::upstream-unit::src/systemd/cockpit-session-socket-user.service,https://cockpit-project.org,debian,cockpit-ws,cockpit,337-1+deb13u1,U0_STATIC,/home/emrecan/github/ecylmz/unittrace/artifacts/full/roots/sources/debian/cockpit/337-1+deb13u1/cockpit-337/src/systemd/cockpit-session-socket-user.service,337-1+deb13u1,f01a08833c04121ade06b1dab4b4f199932df8b93bf282a86b15bc5a4adb115d,0,,NOT_APPLICABLE,exact basename or unique executable source mapping
https://cockpit-project.org::upstream-unit::src/systemd/cockpit-session-socket-user.service,https://cockpit-project.org,fedora,cockpit-ws,cockpit,cockpit-365-1.fc44.src.rpm,U0_STATIC,/home/emrecan/github/ecylmz/unittrace/artifacts/full/roots/sources/fedora/cockpit/cockpit-365-1.fc44.src.rpm/cockpit-365/src/systemd/cockpit-session-socket-user.service,cockpit-365-1.fc44.src.rpm,1df551d1c4ba0217dc3b5673216abfaf9f70f7993f21a40581f7c7c47379a53f,0,,NOT_APPLICABLE,exact basename or unique executable source mapping
https://cockpit-project.org::upstream-unit::src/systemd/cockpit-session-socket-user.service,https://cockpit-project.org,ubuntu,cockpit-ws,cockpit,360-1,U0_STATIC,/home/emrecan/github/ecylmz/unittrace/artifacts/full/roots/sources/ubuntu/cockpit/360-1/cockpit-360/src/systemd/cockpit-session-socket-user.service,360-1,1df551d1c4ba0217dc3b5673216abfaf9f70f7993f21a40581f7c7c47379a53f,0,,NOT_APPLICABLE,exact basename or unique executable source mapping
https://cockpit-project.org::upstream-unit::src/systemd/cockpit-wsinstance-socket-user.service,https://cockpit-project.org,arch,cockpit,cockpit,365-2,U0_STATIC,/home/emrecan/github/ecylmz/unittrace/artifacts/full/roots/sources/arch/cockpit/365-2/cockpit-365/src/systemd/cockpit-wsinstance-socket-user.service,365-2,646c859cde5177dd952ac5c772d1f92bb8c87e61ea05c5ef75667f9111fb30c5,0,,NOT_APPLICABLE,exact basename or unique executable source mapping
https://cockpit-project.org::upstream-unit::src/systemd/cockpit-wsinstance-socket-user.service,https://cockpit-project.org,debian,cockpit-ws,cockpit,337-1+deb13u1,U0_STATIC,/home/emrecan/github/ecylmz/unittrace/artifacts/full/roots/sources/debian/cockpit/337-1+deb13u1/cockpit-337/src/systemd/cockpit-wsinstance-socket-user.service,337-1+deb13u1,ae22dd2fe26c3775ee3efd9f3d863cb1d058109ef747e32c1ad6a38b82c9328d,0,,NOT_APPLICABLE,exact basename or unique executable source mapping
https://cockpit-project.org::upstream-unit::src/systemd/cockpit-wsinstance-socket-user.service,https://cockpit-project.org,fedora,cockpit-ws,cockpit,cockpit-365-1.fc44.src.rpm,U0_STATIC,/home/emrecan/github/ecylmz/unittrace/artifacts/full/roots/sources/fedora/cockpit/cockpit-365-1.fc44.src.rpm/cockpit-365/src/systemd/cockpit-wsinstance-socket-user.service,cockpit-365-1.fc44.src.rpm,646c859cde5177dd952ac5c772d1f92bb8c87e61ea05c5ef75667f9111fb30c5,0,,NOT_APPLICABLE,exact basename or unique executable source mapping
https://cockpit-project.org::upstream-unit::src/systemd/cockpit-wsinstance-socket-user.service,https://cockpit-project.org,ubuntu,cockpit-ws,cockpit,360-1,U0_STATIC,/home/emrecan/github/ecylmz/unittrace/artifacts/full/roots/sources/ubuntu/cockpit/360-1/cockpit-360/src/systemd/cockpit-wsinstance-socket-user.service,360-1,edc7c0b742729cdc7012420f56f6419108b16e900e997cb55e21ad2ff0b5714a,0,,NOT_APPLICABLE,exact basename or unique executable source mapping
https://code.forgejo.org/forgejo/runner::forgejo-runner,https://code.forgejo.org/forgejo/runner,arch,forgejo-runner,forgejo-runner,13.0.0-1,U5_AMBIGUOUS_OR_UNRESOLVED,,13.0.0-1,,0,,NOT_ATTEMPTED,pristine source unavailable
https://code.forgejo.org/forgejo/runner::forgejo-runner,https://code.forgejo.org/forgejo/runner,fedora,forgejo-runner,forgejo-runner,forgejo-runner-12.13.2-1.fc44.src.rpm,U1_TEMPLATE_VALUE_ONLY,/home/emrecan/github/ecylmz/unittrace/artifacts/full/roots/sources/fedora/forgejo-runner/forgejo-runner-12.13.2-1.fc44.src.rpm/runner/contrib/forgejo-runner.service,forgejo-runner-12.13.2-1.fc44.src.rpm,8e2744a7e413ad3bce2d86c13cd45e59ed8b670d1d54ef3649859d530f68e686,0,,NOT_APPLICABLE,exact basename or unique executable source mapping
https://code.kryo.se/iodine::iodined,https://code.kryo.se/iodine,arch,iodine,iodine,0.8.0-2,U1_TEMPLATE_VALUE_ONLY,/home/emrecan/github/ecylmz/unittrace/artifacts/full/roots/sources/arch/iodine/0.8.0-2/iodine-0.8.0/doc/iodine-server.service,0.8.0-2,224d9022721f9c4b01c50a5b3587d40d04c1b03fd4325de0fbad1d244ba56c0a,0,,NOT_APPLICABLE,exact basename or unique executable source mapping
https://code.kryo.se/iodine::iodined,https://code.kryo.se/iodine,debian,iodine,iodine,0.7.0-11,U1_TEMPLATE_VALUE_ONLY,/home/emrecan/github/ecylmz/unittrace/artifacts/full/roots/sources/debian/iodine/0.7.0-11/iodine-0.7.0/doc/iodine-server.service,0.7.0-11,224d9022721f9c4b01c50a5b3587d40d04c1b03fd4325de0fbad1d244ba56c0a,0,,NOT_APPLICABLE,exact basename or unique executable source mapping
https://code.kryo.se/iodine::iodined,https://code.kryo.se/iodine,fedora,iodine-server,iodine,iodine-0.8.0-9.fc44.src.rpm,U1_TEMPLATE_VALUE_ONLY,/home/emrecan/github/ecylmz/unittrace/artifacts/full/roots/sources/fedora/iodine/iodine-0.8.0-9.fc44.src.rpm/iodine-0.8.0/doc/iodine-server.service,iodine-0.8.0-9.fc44.src.rpm,224d9022721f9c4b01c50a5b3587d40d04c1b03fd4325de0fbad1d244ba56c0a,0,,NOT_APPLICABLE,exact basename or unique executable source mapping
https://code.kryo.se/iodine::iodined,https://code.kryo.se/iodine,ubuntu,iodine,iodine,0.7.0-12,U1_TEMPLATE_VALUE_ONLY,/home/emrecan/github/ecylmz/unittrace/artifacts/full/roots/sources/ubuntu/iodine/0.7.0-12/iodine-0.7.0/doc/iodine-server.service,0.7.0-12,224d9022721f9c4b01c50a5b3587d40d04c1b03fd4325de0fbad1d244ba56c0a,0,,NOT_APPLICABLE,exact basename or unique executable source mapping
https://collectd.org::collectd,https://collectd.org,debian,collectd-core,collectd,5.12.0-26,U0_STATIC,/home/emrecan/github/ecylmz/unittrace/artifacts/full/roots/sources/debian/collectd/5.12.0-26/collectd-collectd-5.12.0/contrib/systemd.collectd.service,5.12.0-26,be680e730dc11030760efb6faf32b87b6d5f054f7c87561cfd0afdb8e3c00944,0,,NOT_APPLICABLE,exact basename or unique executable source mapping
https://collectd.org::collectd,https://collectd.org,fedora,collectd,collectd,collectd-5.12.0-64.fc44.src.rpm,U0_STATIC,/home/emrecan/github/ecylmz/unittrace/artifacts/full/roots/sources/fedora/collectd/collectd-5.12.0-64.fc44.src.rpm/collectd-5.12.0/contrib/systemd.collectd.service,collectd-5.12.0-64.fc44.src.rpm,be680e730dc11030760efb6faf32b87b6d5f054f7c87561cfd0afdb8e3c00944,0,,NOT_APPLICABLE,exact basename or unique executable source mapping
https://collectd.org::collectd,https://collectd.org,ubuntu,collectd-core,collectd,5.12.0-27ubuntu1,U0_STATIC,/home/emrecan/github/ecylmz/unittrace/artifacts/full/roots/sources/ubuntu/collectd/5.12.0-27ubuntu1/collectd-collectd-5.12.0/contrib/systemd.collectd.service,5.12.0-27ubuntu1,be680e730dc11030760efb6faf32b87b6d5f054f7c87561cfd0afdb8e3c00944,0,,NOT_APPLICABLE,exact basename or unique executable source mapping
https://conntrack-tools.netfilter.org::conntrackd,https://conntrack-tools.netfilter.org,debian,conntrackd,conntrack-tools,1:1.4.8-2,U4_NO_UPSTREAM_STATIC_OR_TEMPLATE_UNIT,,1:1.4.8-2,,0,,NOT_APPLICABLE,complete pristine orig-tar inventory contained no service unit or template
https://conntrack-tools.netfilter.org::conntrackd,https://conntrack-tools.netfilter.org,fedora,conntrack-tools,conntrack-tools,conntrack-tools-1.4.8-12.fc44.src.rpm,U4_NO_UPSTREAM_STATIC_OR_TEMPLATE_UNIT,,conntrack-tools-1.4.8-12.fc44.src.rpm,,0,,NOT_APPLICABLE,complete pristine orig-tar inventory contained no service unit or template
https://conntrack-tools.netfilter.org::conntrackd,https://conntrack-tools.netfilter.org,ubuntu,conntrackd,conntrack-tools,1:1.4.9-1,U4_NO_UPSTREAM_STATIC_OR_TEMPLATE_UNIT,,1:1.4.9-1,,0,,NOT_APPLICABLE,complete pristine orig-tar inventory contained no service unit or template
https://corosync.github.io/corosync::corosync,https://corosync.github.io/corosync,debian,corosync,corosync,3.1.9-2+deb13u1,U1_TEMPLATE_VALUE_ONLY,/home/emrecan/github/ecylmz/unittrace/artifacts/full/roots/sources/debian/corosync/3.1.9-2+deb13u1/corosync-3.1.9/init/corosync.service.in,3.1.9-2+deb13u1,df22ecd56a63cd790020212b8d8be41d115d254f045114e288fa702d2b6dd23b,0,,NOT_APPLICABLE,exact basename or unique executable source mapping
https://corosync.github.io/corosync::corosync,https://corosync.github.io/corosync,fedora,corosync,corosync,corosync-3.1.10-5.fc44.src.rpm,U1_TEMPLATE_VALUE_ONLY,/home/emrecan/github/ecylmz/unittrace/artifacts/full/roots/sources/fedora/corosync/corosync-3.1.10-5.fc44.src.rpm/corosync-3.1.10/init/corosync.service.in,corosync-3.1.10-5.fc44.src.rpm,8084eaaeff670763b3d0a66eb57ae1bd79804868014363332ef76d6f2f926660,0,,NOT_APPLICABLE,exact basename or unique executable source mapping
https://corosync.github.io/corosync::corosync,https://corosync.github.io/corosync,ubuntu,corosync,corosync,3.1.9-2ubuntu3,U1_TEMPLATE_VALUE_ONLY,/home/emrecan/github/ecylmz/unittrace/artifacts/full/roots/sources/ubuntu/corosync/3.1.9-2ubuntu3/corosync-3.1.9/init/corosync.service.in,3.1.9-2ubuntu3,df22ecd56a63cd790020212b8d8be41d115d254f045114e288fa702d2b6dd23b,0,,NOT_APPLICABLE,exact basename or unique executable source mapping
https://corosync.github.io/corosync::corosync-notifyd,https://corosync.github.io/corosync,debian,corosync-notifyd,corosync,3.1.9-2+deb13u1,U1_TEMPLATE_VALUE_ONLY,/home/emrecan/github/ecylmz/unittrace/artifacts/full/roots/sources/debian/corosync/3.1.9-2+deb13u1/corosync-3.1.9/init/corosync-notifyd.service.in,3.1.9-2+deb13u1,9880408ebb0d464f78656c9eff216e9b1a2f852b35f0d9b20c6e0e46df332a6b,0,,NOT_APPLICABLE,exact basename or unique executable source mapping
https://corosync.github.io/corosync::corosync-notifyd,https://corosync.github.io/corosync,fedora,corosync,corosync,corosync-3.1.10-5.fc44.src.rpm,U1_TEMPLATE_VALUE_ONLY,/home/emrecan/github/ecylmz/unittrace/artifacts/full/roots/sources/fedora/corosync/corosync-3.1.10-5.fc44.src.rpm/corosync-3.1.10/init/corosync-notifyd.service.in,corosync-3.1.10-5.fc44.src.rpm,9880408ebb0d464f78656c9eff216e9b1a2f852b35f0d9b20c6e0e46df332a6b,0,,NOT_APPLICABLE,exact basename or unique executable source mapping
https://corosync.github.io/corosync::corosync-notifyd,https://corosync.github.io/corosync,ubuntu,corosync-notifyd,corosync,3.1.9-2ubuntu3,U1_TEMPLATE_VALUE_ONLY,/home/emrecan/github/ecylmz/unittrace/artifacts/full/roots/sources/ubuntu/corosync/3.1.9-2ubuntu3/corosync-3.1.9/init/corosync-notifyd.service.in,3.1.9-2ubuntu3,9880408ebb0d464f78656c9eff216e9b1a2f852b35f0d9b20c6e0e46df332a6b,0,,NOT_APPLICABLE,exact basename or unique executable source mapping
https://crossfire.real-time.com::crossfire-server,https://crossfire.real-time.com,debian,crossfire-server,crossfire,1.75.0-8.1,U4_NO_UPSTREAM_STATIC_OR_TEMPLATE_UNIT,,1.75.0-8.1,,0,,NOT_APPLICABLE,complete pristine orig-tar inventory contained no service unit or template
https://crossfire.real-time.com::crossfire-server,https://crossfire.real-time.com,ubuntu,crossfire-server,crossfire,1.75.0-9build1,U4_NO_UPSTREAM_STATIC_OR_TEMPLATE_UNIT,,1.75.0-9build1,,0,,NOT_APPLICABLE,complete pristine orig-tar inventory contained no service unit or template
https://ddclient.net::ddclient,https://ddclient.net,fedora,ddclient,ddclient,ddclient-4.0.0-5.fc43.src.rpm,U1_TEMPLATE_VALUE_ONLY,/home/emrecan/github/ecylmz/unittrace/artifacts/full/roots/sources/fedora/ddclient/ddclient-4.0.0-5.fc43.src.rpm/ddclient-4.0.0/sample-etc_systemd.service,ddclient-4.0.0-5.fc43.src.rpm,08f4124664334bd8fe77be107b76d1d99008bc431296aa40733d8206d3e598d8,0,,NOT_APPLICABLE,exact basename or unique executable source mapping
https://ddclient.net::ddclient,https://ddclient.net,ubuntu,ddclient,ddclient,3.11.2-2build1,U0_STATIC,/home/emrecan/github/ecylmz/unittrace/artifacts/full/roots/sources/ubuntu/ddclient/3.11.2-2build1/ddclient-3.11.2/sample-etc_systemd.service,3.11.2-2build1,05f002a3a7cf79c7e506a20f7250bba4f83f5160ca7ba4373fd5cf90067fb00d,0,,NOT_APPLICABLE,exact basename or unique executable source mapping
https://deluge-torrent.org::deluge-web,https://deluge-torrent.org,arch,deluge,deluge,1:2.2.0-5,U5_AMBIGUOUS_OR_UNRESOLVED,,1:2.2.0-5,,0,,NOT_ATTEMPTED,ambiguous exact artifacts=2
https://deluge-torrent.org::deluge-web,https://deluge-torrent.org,fedora,deluge-web,deluge,deluge-2.2.0-7.fc44.src.rpm,U5_AMBIGUOUS_OR_UNRESOLVED,,deluge-2.2.0-7.fc44.src.rpm,,0,,NOT_ATTEMPTED,ambiguous exact artifacts=2
https://deluge-torrent.org::deluge-web,https://deluge-torrent.org,ubuntu,deluge-web,deluge,2.2.1~dev0+20250824-3,U5_AMBIGUOUS_OR_UNRESOLVED,,2.2.1~dev0+20250824-3,,0,,NOT_ATTEMPTED,ambiguous exact artifacts=2
https://deluge-torrent.org::deluged,https://deluge-torrent.org,arch,deluge,deluge,1:2.2.0-5,U5_AMBIGUOUS_OR_UNRESOLVED,,1:2.2.0-5,,0,,NOT_ATTEMPTED,ambiguous exact artifacts=2
https://deluge-torrent.org::deluged,https://deluge-torrent.org,fedora,deluge-daemon,deluge,deluge-2.2.0-7.fc44.src.rpm,U5_AMBIGUOUS_OR_UNRESOLVED,,deluge-2.2.0-7.fc44.src.rpm,,0,,NOT_ATTEMPTED,"no unique upstream artifact; candidates=4, executable_candidates=4"
https://deluge-torrent.org::deluged,https://deluge-torrent.org,ubuntu,deluged,deluge,2.2.1~dev0+20250824-3,U5_AMBIGUOUS_OR_UNRESOLVED,,2.2.1~dev0+20250824-3,,0,,NOT_ATTEMPTED,ambiguous exact artifacts=2
https://devel.freebsoft.org/speechd::speech-dispatcher,https://devel.freebsoft.org/speechd,debian,speech-dispatcher,speech-dispatcher,0.12.0-5,U1_TEMPLATE_VALUE_ONLY,/home/emrecan/github/ecylmz/unittrace/artifacts/full/roots/sources/debian/speech-dispatcher/0.12.0-5/speech-dispatcher-0.12.0/speech-dispatcherd.service.in,0.12.0-5,379af70b2a85a867072f2d6d3cc8ddfaa66458805a2708e0e0a9a1fa04e37ee0,0,,NOT_APPLICABLE,exact basename or unique executable source mapping
https://devel.freebsoft.org/speechd::speech-dispatcher,https://devel.freebsoft.org/speechd,fedora,speech-dispatcher,speech-dispatcher,speech-dispatcher-0.12.1-6.fc44.src.rpm,U1_TEMPLATE_VALUE_ONLY,/home/emrecan/github/ecylmz/unittrace/artifacts/full/roots/sources/fedora/speech-dispatcher/speech-dispatcher-0.12.1-6.fc44.src.rpm/speech-dispatcher-0.12.1/speech-dispatcherd.service.in,speech-dispatcher-0.12.1-6.fc44.src.rpm,379af70b2a85a867072f2d6d3cc8ddfaa66458805a2708e0e0a9a1fa04e37ee0,0,,NOT_APPLICABLE,exact basename or unique executable source mapping
https://devel.freebsoft.org/speechd::speech-dispatcher,https://devel.freebsoft.org/speechd,ubuntu,speech-dispatcher,speech-dispatcher,0.12.1-2ubuntu1,U1_TEMPLATE_VALUE_ONLY,/home/emrecan/github/ecylmz/unittrace/artifacts/full/roots/sources/ubuntu/speech-dispatcher/0.12.1-2ubuntu1/speech-dispatcher-0.12.1/speech-dispatcherd.service.in,0.12.1-2ubuntu1,379af70b2a85a867072f2d6d3cc8ddfaa66458805a2708e0e0a9a1fa04e37ee0,0,,NOT_APPLICABLE,exact basename or unique executable source mapping
https://digint.ch/btrbk::btrbk,https://digint.ch/btrbk,fedora,btrbk,btrbk,btrbk-0.32.7-1.fc44.src.rpm,U1_TEMPLATE_VALUE_ONLY,/home/emrecan/github/ecylmz/unittrace/artifacts/full/roots/sources/fedora/btrbk/btrbk-0.32.7-1.fc44.src.rpm/btrbk-0.32.7/contrib/systemd/btrbk.service.in,btrbk-0.32.7-1.fc44.src.rpm,0319adc863b07e504961ad5cf02979ac5d9a9d611e7d92c9dfad96dc011c4b6f,0,,NOT_APPLICABLE,exact basename or unique executable source mapping
https://digint.ch/btrbk::btrbk,https://digint.ch/btrbk,ubuntu,btrbk,btrbk,0.32.6-2,U1_TEMPLATE_VALUE_ONLY,/home/emrecan/github/ecylmz/unittrace/artifacts/full/roots/sources/ubuntu/btrbk/0.32.6-2/btrbk-0.32.6/contrib/systemd/btrbk.service.in,0.32.6-2,0319adc863b07e504961ad5cf02979ac5d9a9d611e7d92c9dfad96dc011c4b6f,0,,NOT_APPLICABLE,exact basename or unique executable source mapping
https://dnsdist.org::dnsdist,https://dnsdist.org,arch,dnsdist,dnsdist,2.1.1-1,U1_TEMPLATE_VALUE_ONLY,/home/emrecan/github/ecylmz/unittrace/artifacts/full/roots/sources/arch/dnsdist/2.1.1-1/dnsdist-2.1.1/dnsdist.service.in,2.1.1-1,5fea164edf13279ef1495634daa18d81b323f4cd9723d13a821609635de6f234,0,,NOT_APPLICABLE,exact basename or unique executable source mapping
https://dnsdist.org::dnsdist,https://dnsdist.org,debian,dnsdist,dnsdist,1.9.15-0+deb13u1,U1_TEMPLATE_VALUE_ONLY,/home/emrecan/github/ecylmz/unittrace/artifacts/full/roots/sources/debian/dnsdist/1.9.15-0+deb13u1/dnsdist-1.9.15/dnsdist.service.in,1.9.15-0+deb13u1,5fea164edf13279ef1495634daa18d81b323f4cd9723d13a821609635de6f234,0,,NOT_APPLICABLE,exact basename or unique executable source mapping
https://dnsdist.org::dnsdist,https://dnsdist.org,fedora,dnsdist,dnsdist,dnsdist-2.0.7-1.fc44.src.rpm,U1_TEMPLATE_VALUE_ONLY,/home/emrecan/github/ecylmz/unittrace/artifacts/full/roots/sources/fedora/dnsdist/dnsdist-2.0.7-1.fc44.src.rpm/dnsdist-2.0.7/dnsdist.service.in,dnsdist-2.0.7-1.fc44.src.rpm,5fea164edf13279ef1495634daa18d81b323f4cd9723d13a821609635de6f234,0,,NOT_APPLICABLE,exact basename or unique executable source mapping
https://dnsdist.org::dnsdist,https://dnsdist.org,ubuntu,dnsdist,dnsdist,2.0.2-1build1,U1_TEMPLATE_VALUE_ONLY,/home/emrecan/github/ecylmz/unittrace/artifacts/full/roots/sources/ubuntu/dnsdist/2.0.2-1build1/dnsdist-2.0.2/dnsdist.service.in,2.0.2-1build1,5fea164edf13279ef1495634daa18d81b323f4cd9723d13a821609635de6f234,0,,NOT_APPLICABLE,exact basename or unique executable source mapping
https://dun.github.io/munge::munged,https://dun.github.io/munge,debian,munge,munge,0.5.16-1.1~deb13u1,U1_TEMPLATE_VALUE_ONLY,/home/emrecan/github/ecylmz/unittrace/artifacts/full/roots/sources/debian/munge/0.5.16-1.1~deb13u1/munge-munge-0.5.16/src/etc/munge.systemd.service.in,0.5.16-1.1~deb13u1,5abefc511e23ee64ada3d62d5dc9c7ce1ae563eb5295d6bd61dac6d75d63289e,0,,NOT_APPLICABLE,exact basename or unique executable source mapping
https://dun.github.io/munge::munged,https://dun.github.io/munge,fedora,munge,munge,munge-0.5.18-1.fc44.src.rpm,U1_TEMPLATE_VALUE_ONLY,/home/emrecan/github/ecylmz/unittrace/artifacts/full/roots/sources/fedora/munge/munge-0.5.18-1.fc44.src.rpm/munge-0.5.18/src/etc/munge.systemd.service.in,munge-0.5.18-1.fc44.src.rpm,98abf6fe6fda4733b19567aae2ce3805f6446bc83632cc0446921b08c0df2b67,0,,NOT_APPLICABLE,exact basename or unique executable source mapping
https://dun.github.io/munge::munged,https://dun.github.io/munge,ubuntu,munge,munge,0.5.16-1.1,U1_TEMPLATE_VALUE_ONLY,/home/emrecan/github/ecylmz/unittrace/artifacts/full/roots/sources/ubuntu/munge/0.5.16-1.1/munge-munge-0.5.16/src/etc/munge.systemd.service.in,0.5.16-1.1,5abefc511e23ee64ada3d62d5dc9c7ce1ae563eb5295d6bd61dac6d75d63289e,0,,NOT_APPLICABLE,exact basename or unique executable source mapping
https://ee.lbl.gov::true,https://ee.lbl.gov,debian,arpwatch,arpwatch,2.1a15-9,U4_NO_UPSTREAM_STATIC_OR_TEMPLATE_UNIT,,2.1a15-9,,0,,NOT_APPLICABLE,complete pristine orig-tar inventory contained no service unit or template
https://ee.lbl.gov::true,https://ee.lbl.gov,ubuntu,arpwatch,arpwatch,2.1a15-9build1,U4_NO_UPSTREAM_STATIC_OR_TEMPLATE_UNIT,,2.1a15-9build1,,0,,NOT_APPLICABLE,complete pristine orig-tar inventory contained no service unit or template
https://etckeeper.branchable.com::upstream-unit::systemd/etckeeper.service,https://etckeeper.branchable.com,fedora,etckeeper,etckeeper,etckeeper-1.18.22-7.fc44.src.rpm,U0_STATIC,/home/emrecan/github/ecylmz/unittrace/artifacts/full/roots/sources/fedora/etckeeper/etckeeper-1.18.22-7.fc44.src.rpm/etckeeper-1.18.22/systemd/etckeeper.service,etckeeper-1.18.22-7.fc44.src.rpm,2942714e2d41939dd55af64b298561cffe9b88ac972767d0c07ea4fe31e318c9,0,,NOT_APPLICABLE,exact basename or unique executable source mapping
https://etckeeper.branchable.com::upstream-unit::systemd/etckeeper.service,https://etckeeper.branchable.com,ubuntu,etckeeper,etckeeper,1.18.23-2build1,U0_STATIC,/home/emrecan/github/ecylmz/unittrace/artifacts/full/roots/sources/ubuntu/etckeeper/1.18.23-2build1/etckeeper-1.18.23/systemd/etckeeper.service,1.18.23-2build1,2942714e2d41939dd55af64b298561cffe9b88ac972767d0c07ea4fe31e318c9,0,,NOT_APPLICABLE,exact basename or unique executable source mapping
https://fastnetmon.com::upstream-unit::src/packaging/fedora/fastnetmon.service,https://fastnetmon.com,debian,fastnetmon,fastnetmon,1.2.9-0+deb13u1,U5_AMBIGUOUS_OR_UNRESOLVED,,1.2.9-0+deb13u1,,0,,NOT_ATTEMPTED,ambiguous exact artifacts=2
https://fastnetmon.com::upstream-unit::src/packaging/fedora/fastnetmon.service,https://fastnetmon.com,fedora,fastnetmon,fastnetmon,fastnetmon-1.2.9-1.fc44.src.rpm,U5_AMBIGUOUS_OR_UNRESOLVED,,fastnetmon-1.2.9-1.fc44.src.rpm,,0,,NOT_ATTEMPTED,ambiguous exact artifacts=2
https://fastnetmon.com::upstream-unit::src/packaging/fedora/fastnetmon.service,https://fastnetmon.com,ubuntu,fastnetmon,fastnetmon,1.2.8+git20250911-2,U5_AMBIGUOUS_OR_UNRESOLVED,,1.2.8+git20250911-2,,0,,NOT_ATTEMPTED,ambiguous exact artifacts=2
https://flatpak.org::flatpak-system-helper,https://flatpak.org,arch,flatpak,flatpak,1:1.18.0-1,U1_TEMPLATE_VALUE_ONLY,/home/emrecan/github/ecylmz/unittrace/artifacts/full/roots/sources/arch/flatpak/1:1.18.0-1/flatpak-5de2b58bdafde88515d9d6b9189bd1cfd3b88c46/system-helper/flatpak-system-helper.service.in,1:1.18.0-1,8693ef1d9c7fafd61b099316ae9aecdf2aab87d56bfc9dfb4784dd12702f969c,0,,NOT_APPLICABLE,exact basename or unique executable source mapping
https://flatpak.org::flatpak-system-helper,https://flatpak.org,debian,flatpak,flatpak,1.16.6-1~deb13u1,U1_TEMPLATE_VALUE_ONLY,/home/emrecan/github/ecylmz/unittrace/artifacts/full/roots/sources/debian/flatpak/1.16.6-1~deb13u1/flatpak-1.16.6/system-helper/flatpak-system-helper.service.in,1.16.6-1~deb13u1,8693ef1d9c7fafd61b099316ae9aecdf2aab87d56bfc9dfb4784dd12702f969c,0,,NOT_APPLICABLE,exact basename or unique executable source mapping
https://flatpak.org::flatpak-system-helper,https://flatpak.org,fedora,flatpak,flatpak,flatpak-1.18.0-1.fc44.src.rpm,U1_TEMPLATE_VALUE_ONLY,/home/emrecan/github/ecylmz/unittrace/artifacts/full/roots/sources/fedora/flatpak/flatpak-1.18.0-1.fc44.src.rpm/flatpak-1.18.0/system-helper/flatpak-system-helper.service.in,flatpak-1.18.0-1.fc44.src.rpm,8693ef1d9c7fafd61b099316ae9aecdf2aab87d56bfc9dfb4784dd12702f969c,0,,NOT_APPLICABLE,exact basename or unique executable source mapping
https://flatpak.org::flatpak-system-helper,https://flatpak.org,ubuntu,flatpak,flatpak,1.16.6-1,U1_TEMPLATE_VALUE_ONLY,/home/emrecan/github/ecylmz/unittrace/artifacts/full/roots/sources/ubuntu/flatpak/1.16.6-1/flatpak-1.16.6/system-helper/flatpak-system-helper.service.in,1.16.6-1,8693ef1d9c7fafd61b099316ae9aecdf2aab87d56bfc9dfb4784dd12702f969c,0,,NOT_APPLICABLE,exact basename or unique executable source mapping
https://forgejo.org::forgejo,https://forgejo.org,arch,forgejo,forgejo,16.0.2-1,U5_AMBIGUOUS_OR_UNRESOLVED,,16.0.2-1,,0,,NOT_ATTEMPTED,pristine source unavailable
https://forgejo.org::forgejo,https://forgejo.org,fedora,forgejo,forgejo,forgejo-14.0.4-1.fc44.src.rpm,U0_STATIC,/home/emrecan/github/ecylmz/unittrace/artifacts/full/roots/sources/fedora/forgejo/forgejo-14.0.4-1.fc44.src.rpm/forgejo-src-14.0.4/contrib/systemd/forgejo.service,forgejo-14.0.4-1.fc44.src.rpm,3d93462a1a16dc8cd07b27d8b22d95ac67228cd6a93e97aac744bb120fc6a37f,0,,NOT_APPLICABLE,exact basename or unique executable source mapping
https://fusioninventory.org::fusioninventory-agent,https://fusioninventory.org,fedora,fusioninventory-agent,fusioninventory-agent,fusioninventory-agent-2.6-16.fc44.src.rpm,U1_TEMPLATE_VALUE_ONLY,/home/emrecan/github/ecylmz/unittrace/artifacts/full/roots/sources/fedora/fusioninventory-agent/fusioninventory-agent-2.6-16.fc44.src.rpm/FusionInventory-Agent-2.6/contrib/unix/fusioninventory-agent.service,fusioninventory-agent-2.6-16.fc44.src.rpm,39f4966f27ec46c546a4805e44eeee26a95556c6180b8c07ba20357eafffdede,0,,NOT_APPLICABLE,exact basename or unique executable source mapping
https://fusioninventory.org::fusioninventory-agent,https://fusioninventory.org,ubuntu,fusioninventory-agent,fusioninventory-agent,1:2.6-4,U1_TEMPLATE_VALUE_ONLY,/home/emrecan/github/ecylmz/unittrace/artifacts/full/roots/sources/ubuntu/fusioninventory-agent/2.6-4/FusionInventory-Agent-2.6/contrib/unix/fusioninventory-agent.service,1:2.6-4,39f4966f27ec46c546a4805e44eeee26a95556c6180b8c07ba20357eafffdede,0,,NOT_APPLICABLE,exact basename or unique executable source mapping
https://gdnsd.org::gdnsd,https://gdnsd.org,arch,gdnsd,gdnsd,3.8.3-2,U4_NO_UPSTREAM_STATIC_OR_TEMPLATE_UNIT,,3.8.3-2,,0,,NOT_APPLICABLE,complete pristine orig-tar inventory contained no service unit or template
https://gdnsd.org::gdnsd,https://gdnsd.org,debian,gdnsd,gdnsd,3.8.3-2,U4_NO_UPSTREAM_STATIC_OR_TEMPLATE_UNIT,,3.8.3-2,,0,,NOT_APPLICABLE,complete pristine orig-tar inventory contained no service unit or template
https://gdnsd.org::gdnsd,https://gdnsd.org,ubuntu,gdnsd,gdnsd,3.8.3-2.1,U4_NO_UPSTREAM_STATIC_OR_TEMPLATE_UNIT,,3.8.3-2.1,,0,,NOT_APPLICABLE,complete pristine orig-tar inventory contained no service unit or template
https://gerbera.io::gerbera,https://gerbera.io,debian,gerbera,gerbera,2.4.1+dfsg-1,U4_NO_UPSTREAM_STATIC_OR_TEMPLATE_UNIT,,2.4.1+dfsg-1,,0,,NOT_APPLICABLE,complete pristine orig-tar inventory contained no service unit or template
https://gerbera.io::gerbera,https://gerbera.io,fedora,gerbera,gerbera,gerbera-3.2.1-1.fc44.src.rpm,U4_NO_UPSTREAM_STATIC_OR_TEMPLATE_UNIT,,gerbera-3.2.1-1.fc44.src.rpm,,0,,NOT_APPLICABLE,complete pristine orig-tar inventory contained no service unit or template
https://gerbera.io::gerbera,https://gerbera.io,ubuntu,gerbera,gerbera,2.4.1+dfsg-1build1,U4_NO_UPSTREAM_STATIC_OR_TEMPLATE_UNIT,,2.4.1+dfsg-1build1,,0,,NOT_APPLICABLE,complete pristine orig-tar inventory contained no service unit or template
https://git.kernel.org/pub/scm/network/connman/connman::connman-vpnd,https://git.kernel.org/pub/scm/network/connman/connman,arch,connman,connman,2.0-1,U1_TEMPLATE_VALUE_ONLY,/home/emrecan/github/ecylmz/unittrace/artifacts/full/roots/sources/arch/connman/2.0-1/connman-2.0/vpn/connman-vpn.service.in,2.0-1,b47ce36234530231ff0f5ad196044e320be9f22fd2f5d63b42fe2c13cc3607ce,0,,NOT_APPLICABLE,exact basename or unique executable source mapping
https://git.kernel.org/pub/scm/network/connman/connman::connman-vpnd,https://git.kernel.org/pub/scm/network/connman/connman,debian,connman-vpn,connman,1.44-3,U1_TEMPLATE_VALUE_ONLY,/home/emrecan/github/ecylmz/unittrace/artifacts/full/roots/sources/debian/connman/1.44-3/connman-1.44/vpn/connman-vpn.service.in,1.44-3,b47ce36234530231ff0f5ad196044e320be9f22fd2f5d63b42fe2c13cc3607ce,0,,NOT_APPLICABLE,exact basename or unique executable source mapping
https://git.kernel.org/pub/scm/network/connman/connman::connman-vpnd,https://git.kernel.org/pub/scm/network/connman/connman,ubuntu,connman-vpn,connman,1.45-3,U1_TEMPLATE_VALUE_ONLY,/home/emrecan/github/ecylmz/unittrace/artifacts/full/roots/sources/ubuntu/connman/1.45-3/connman-1.45/vpn/connman-vpn.service.in,1.45-3,b47ce36234530231ff0f5ad196044e320be9f22fd2f5d63b42fe2c13cc3607ce,0,,NOT_APPLICABLE,exact basename or unique executable source mapping
https://git.kernel.org/pub/scm/network/connman/connman::connmand,https://git.kernel.org/pub/scm/network/connman/connman,arch,connman,connman,2.0-1,U1_TEMPLATE_VALUE_ONLY,/home/emrecan/github/ecylmz/unittrace/artifacts/full/roots/sources/arch/connman/2.0-1/connman-2.0/src/connman.service.in,2.0-1,01a77dca16013c287f05e70c927c28b6fbb5ba4a39f3f2739204e141f6c35481,0,,NOT_APPLICABLE,exact basename or unique executable source mapping
https://git.kernel.org/pub/scm/network/connman/connman::connmand,https://git.kernel.org/pub/scm/network/connman/connman,debian,connman,connman,1.44-3,U1_TEMPLATE_VALUE_ONLY,/home/emrecan/github/ecylmz/unittrace/artifacts/full/roots/sources/debian/connman/1.44-3/connman-1.44/src/connman.service.in,1.44-3,01a77dca16013c287f05e70c927c28b6fbb5ba4a39f3f2739204e141f6c35481,0,,NOT_APPLICABLE,exact basename or unique executable source mapping
https://git.kernel.org/pub/scm/network/connman/connman::connmand,https://git.kernel.org/pub/scm/network/connman/connman,ubuntu,connman,connman,1.45-3,U1_TEMPLATE_VALUE_ONLY,/home/emrecan/github/ecylmz/unittrace/artifacts/full/roots/sources/ubuntu/connman/1.45-3/connman-1.45/src/connman.service.in,1.45-3,01a77dca16013c287f05e70c927c28b6fbb5ba4a39f3f2739204e141f6c35481,0,,NOT_APPLICABLE,exact basename or unique executable source mapping
https://git.kernel.org/pub/scm/network/connman/connman::connmand-wait-online,https://git.kernel.org/pub/scm/network/connman/connman,arch,connman,connman,2.0-1,U1_TEMPLATE_VALUE_ONLY,/home/emrecan/github/ecylmz/unittrace/artifacts/full/roots/sources/arch/connman/2.0-1/connman-2.0/src/connman-wait-online.service.in,2.0-1,d65f7420f697df898ae58de142f9027bcee58e23ca7ebcd7d0a2f1d5614fd5cb,0,,NOT_APPLICABLE,exact basename or unique executable source mapping
https://git.kernel.org/pub/scm/network/connman/connman::connmand-wait-online,https://git.kernel.org/pub/scm/network/connman/connman,debian,connman,connman,1.44-3,U1_TEMPLATE_VALUE_ONLY,/home/emrecan/github/ecylmz/unittrace/artifacts/full/roots/sources/debian/connman/1.44-3/connman-1.44/src/connman-wait-online.service.in,1.44-3,d65f7420f697df898ae58de142f9027bcee58e23ca7ebcd7d0a2f1d5614fd5cb,0,,NOT_APPLICABLE,exact basename or unique executable source mapping
https://git.kernel.org/pub/scm/network/connman/connman::connmand-wait-online,https://git.kernel.org/pub/scm/network/connman/connman,ubuntu,connman,connman,1.45-3,U1_TEMPLATE_VALUE_ONLY,/home/emrecan/github/ecylmz/unittrace/artifacts/full/roots/sources/ubuntu/connman/1.45-3/connman-1.45/src/connman-wait-online.service.in,1.45-3,d65f7420f697df898ae58de142f9027bcee58e23ca7ebcd7d0a2f1d5614fd5cb,0,,NOT_APPLICABLE,exact basename or unique executable source mapping
https://github.com/42wim/matterbridge::matterbridge,https://github.com/42wim/matterbridge,arch,matterbridge,matterbridge,1.26.0-3,U0_STATIC,/home/emrecan/github/ecylmz/unittrace/artifacts/full/roots/sources/arch/matterbridge/1.26.0-3/matterbridge-1.26.0/contrib/matterbridge.service,1.26.0-3,1a6480675e417f0ccc25f5e4520262d2fa3529127ea23db3250f4a4b00aeec05,0,,NOT_APPLICABLE,exact basename or unique executable source mapping
https://github.com/42wim/matterbridge::matterbridge,https://github.com/42wim/matterbridge,fedora,matterbridge,matterbridge,matterbridge-1.26.0-10.fc44.src.rpm,U0_STATIC,/home/emrecan/github/ecylmz/unittrace/artifacts/full/roots/sources/fedora/matterbridge/matterbridge-1.26.0-10.fc44.src.rpm/matterbridge-1.26.0/contrib/matterbridge.service,matterbridge-1.26.0-10.fc44.src.rpm,1a6480675e417f0ccc25f5e4520262d2fa3529127ea23db3250f4a4b00aeec05,0,,NOT_APPLICABLE,exact basename or unique executable source mapping
https://github.com/AsahiLinux/asahi-scripts::upstream-unit::macsmc-battery/systemd/macsmc-battery-charge-control-end-threshold.service,https://github.com/AsahiLinux/asahi-scripts,fedora,asahi-battery,asahi-scripts,asahi-scripts-20250713-7.fc44.src.rpm,U0_STATIC,/home/emrecan/github/ecylmz/unittrace/artifacts/full/roots/sources/fedora/asahi-scripts/asahi-scripts-20250713-7.fc44.src.rpm/asahi-scripts-20250713/macsmc-battery/systemd/macsmc-battery-charge-control-end-threshold.service,asahi-scripts-20250713-7.fc44.src.rpm,fb26a61a0157b1dd3ccbe6437dc25477717482c45da1f2113f0f034f69b8734c,0,,NOT_APPLICABLE,exact basename or unique executable source mapping
https://github.com/AsahiLinux/asahi-scripts::upstream-unit::macsmc-battery/systemd/macsmc-battery-charge-control-end-threshold.service,https://github.com/AsahiLinux/asahi-scripts,ubuntu,asahi-scripts,asahi-scripts,20250713-1ubuntu1,U0_STATIC,/home/emrecan/github/ecylmz/unittrace/artifacts/full/roots/sources/ubuntu/asahi-scripts/20250713-1ubuntu1/asahi-scripts-20250713/macsmc-battery/systemd/macsmc-battery-charge-control-end-threshold.service,20250713-1ubuntu1,fb26a61a0157b1dd3ccbe6437dc25477717482c45da1f2113f0f034f69b8734c,0,,NOT_APPLICABLE,exact basename or unique executable source mapping
https://github.com/COVESA/dlt-daemon::dlt-daemon,https://github.com/COVESA/dlt-daemon,debian,dlt-daemon,dlt-daemon,2.18.10-10,U4_NO_UPSTREAM_STATIC_OR_TEMPLATE_UNIT,,2.18.10-10,,0,,NOT_APPLICABLE,complete pristine orig-tar inventory contained no service unit or template
https://github.com/COVESA/dlt-daemon::dlt-daemon,https://github.com/COVESA/dlt-daemon,fedora,dlt-daemon,dlt-daemon,dlt-daemon-2.18.10-8.fc44.src.rpm,U4_NO_UPSTREAM_STATIC_OR_TEMPLATE_UNIT,,dlt-daemon-2.18.10-8.fc44.src.rpm,,0,,NOT_APPLICABLE,complete pristine orig-tar inventory contained no service unit or template
https://github.com/COVESA/dlt-daemon::dlt-daemon,https://github.com/COVESA/dlt-daemon,ubuntu,dlt-daemon,dlt-daemon,3.0.0-4,U4_NO_UPSTREAM_STATIC_OR_TEMPLATE_UNIT,,3.0.0-4,,0,,NOT_APPLICABLE,complete pristine orig-tar inventory contained no service unit or template
https://github.com/COVESA/dlt-daemon::dlt-dbus,https://github.com/COVESA/dlt-daemon,debian,dlt-tools,dlt-daemon,2.18.10-10,U4_NO_UPSTREAM_STATIC_OR_TEMPLATE_UNIT,,2.18.10-10,,0,,NOT_APPLICABLE,complete pristine orig-tar inventory contained no service unit or template
https://github.com/COVESA/dlt-daemon::dlt-dbus,https://github.com/COVESA/dlt-daemon,ubuntu,dlt-tools,dlt-daemon,3.0.0-4,U4_NO_UPSTREAM_STATIC_OR_TEMPLATE_UNIT,,3.0.0-4,,0,,NOT_APPLICABLE,complete pristine orig-tar inventory contained no service unit or template
https://github.com/COVESA/dlt-daemon::dlt-system,https://github.com/COVESA/dlt-daemon,debian,dlt-tools,dlt-daemon,2.18.10-10,U4_NO_UPSTREAM_STATIC_OR_TEMPLATE_UNIT,,2.18.10-10,,0,,NOT_APPLICABLE,complete pristine orig-tar inventory contained no service unit or template
https://github.com/COVESA/dlt-daemon::dlt-system,https://github.com/COVESA/dlt-daemon,fedora,dlt-tools,dlt-daemon,dlt-daemon-2.18.10-8.fc44.src.rpm,U4_NO_UPSTREAM_STATIC_OR_TEMPLATE_UNIT,,dlt-daemon-2.18.10-8.fc44.src.rpm,,0,,NOT_APPLICABLE,complete pristine orig-tar inventory contained no service unit or template
https://github.com/COVESA/dlt-daemon::dlt-system,https://github.com/COVESA/dlt-daemon,ubuntu,dlt-tools,dlt-daemon,3.0.0-4,U4_NO_UPSTREAM_STATIC_OR_TEMPLATE_UNIT,,3.0.0-4,,0,,NOT_APPLICABLE,complete pristine orig-tar inventory contained no service unit or template
https://github.com/ClusterLabs/booth::boothd,https://github.com/ClusterLabs/booth,debian,booth,booth,1.2-3,U1_TEMPLATE_VALUE_ONLY,/home/emrecan/github/ecylmz/unittrace/artifacts/full/roots/sources/debian/booth/1.2-3/booth-1.2/conf/booth-arbitrator.service.in,1.2-3,41786f45c943fef9ebe277a3eea10d1d81b9f42f14525011ae0a9d970fb11c6a,0,,NOT_APPLICABLE,exact basename or unique executable source mapping
https://github.com/ClusterLabs/booth::boothd,https://github.com/ClusterLabs/booth,fedora,booth-arbitrator,booth,booth-1.2-8.fc44.src.rpm,U1_TEMPLATE_VALUE_ONLY,/home/emrecan/github/ecylmz/unittrace/artifacts/full/roots/sources/fedora/booth/booth-1.2-8.fc44.src.rpm/booth-1.2/conf/booth-arbitrator.service.in,booth-1.2-8.fc44.src.rpm,41786f45c943fef9ebe277a3eea10d1d81b9f42f14525011ae0a9d970fb11c6a,0,,NOT_APPLICABLE,exact basename or unique executable source mapping
https://github.com/ClusterLabs/booth::boothd,https://github.com/ClusterLabs/booth,ubuntu,booth,booth,1.2-3ubuntu2,U1_TEMPLATE_VALUE_ONLY,/home/emrecan/github/ecylmz/unittrace/artifacts/full/roots/sources/ubuntu/booth/1.2-3ubuntu2/booth-1.2/conf/booth-arbitrator.service.in,1.2-3ubuntu2,41786f45c943fef9ebe277a3eea10d1d81b9f42f14525011ae0a9d970fb11c6a,0,,NOT_APPLICABLE,exact basename or unique executable source mapping
https://github.com/ClusterLabs/booth::true,https://github.com/ClusterLabs/booth,debian,booth,booth,1.2-3,U5_AMBIGUOUS_OR_UNRESOLVED,,1.2-3,,0,,NOT_ATTEMPTED,"no unique upstream artifact; candidates=2, executable_candidates=0"
https://github.com/ClusterLabs/booth::true,https://github.com/ClusterLabs/booth,ubuntu,booth,booth,1.2-3ubuntu2,U5_AMBIGUOUS_OR_UNRESOLVED,,1.2-3ubuntu2,,0,,NOT_ATTEMPTED,"no unique upstream artifact; candidates=2, executable_candidates=0"
https://github.com/ClusterLabs/fence-agents::fence_virtd,https://github.com/ClusterLabs/fence-agents,debian,fence-virtd,fence-agents,4.16.0-3,U1_TEMPLATE_VALUE_ONLY,/home/emrecan/github/ecylmz/unittrace/artifacts/full/roots/sources/debian/fence-agents/4.16.0-3/fence-agents-4.16.0/agents/virt/fence_virtd.service.in,4.16.0-3,886d8d36feb83425d37a8326622d56db306fc0c19e5715328d565fd27847e0fc,0,,NOT_APPLICABLE,exact basename or unique executable source mapping
https://github.com/ClusterLabs/fence-agents::fence_virtd,https://github.com/ClusterLabs/fence-agents,fedora,fence-virtd,fence-agents,fence-agents-4.17.0-2.fc44.src.rpm,U1_TEMPLATE_VALUE_ONLY,/home/emrecan/github/ecylmz/unittrace/artifacts/full/roots/sources/fedora/fence-agents/fence-agents-4.17.0-2.fc44.src.rpm/fence-agents-4.17.0/agents/virt/fence_virtd.service.in,fence-agents-4.17.0-2.fc44.src.rpm,886d8d36feb83425d37a8326622d56db306fc0c19e5715328d565fd27847e0fc,0,,NOT_APPLICABLE,exact basename or unique executable source mapping
https://github.com/ClusterLabs/fence-agents::fence_virtd,https://github.com/ClusterLabs/fence-agents,ubuntu,fence-virtd,fence-agents,4.17.0-1ubuntu1,U1_TEMPLATE_VALUE_ONLY,/home/emrecan/github/ecylmz/unittrace/artifacts/full/roots/sources/ubuntu/fence-agents/4.17.0-1ubuntu1/fence-agents-4.17.0/agents/virt/fence_virtd.service.in,4.17.0-1ubuntu1,886d8d36feb83425d37a8326622d56db306fc0c19e5715328d565fd27847e0fc,0,,NOT_APPLICABLE,exact basename or unique executable source mapping
https://github.com/ClusterLabs/pcs::pcs_snmp_agent,https://github.com/ClusterLabs/pcs,fedora,pcs-snmp,pcs,pcs-0.12.2-2.fc44.src.rpm,U1_TEMPLATE_VALUE_ONLY,/home/emrecan/github/ecylmz/unittrace/artifacts/full/roots/sources/fedora/pcs/pcs-0.12.2-2.fc44.src.rpm/pcs-0.12.2/pcs/snmp/pcs_snmp_agent.service.in,pcs-0.12.2-2.fc44.src.rpm,41cbe6d013cbafb40db60b037e8147304efc77e4a9698fe7bc15b8f2e948635d,0,,NOT_APPLICABLE,exact basename or unique executable source mapping
https://github.com/ClusterLabs/pcs::pcs_snmp_agent,https://github.com/ClusterLabs/pcs,ubuntu,pcs-snmp,pcs,0.12.1-2ubuntu3,U1_TEMPLATE_VALUE_ONLY,/home/emrecan/github/ecylmz/unittrace/artifacts/full/roots/sources/ubuntu/pcs/0.12.1-2ubuntu3/pcs-0.12.1/pcs/snmp/pcs_snmp_agent.service.in,0.12.1-2ubuntu3,41cbe6d013cbafb40db60b037e8147304efc77e4a9698fe7bc15b8f2e948635d,0,,NOT_APPLICABLE,exact basename or unique executable source mapping
https://github.com/ClusterLabs/resource-agents::ldirectord,https://github.com/ClusterLabs/resource-agents,fedora,ldirectord,resource-agents,resource-agents-4.18.0-1.fc44.src.rpm,U1_TEMPLATE_VALUE_ONLY,/home/emrecan/github/ecylmz/unittrace/artifacts/full/roots/sources/fedora/resource-agents/resource-agents-4.18.0-1.fc44.src.rpm/ClusterLabs-resource-agents-496e9a45/ldirectord/systemd/ldirectord.service.in,resource-agents-4.18.0-1.fc44.src.rpm,934337be752a551ac4b9a1865865c04a39b9c20e66587e4de290fa3f624843ad,0,,NOT_APPLICABLE,exact basename or unique executable source mapping
https://github.com/ClusterLabs/resource-agents::ldirectord,https://github.com/ClusterLabs/resource-agents,ubuntu,ldirectord,resource-agents,1:4.17.0-1ubuntu2,U1_TEMPLATE_VALUE_ONLY,/home/emrecan/github/ecylmz/unittrace/artifacts/full/roots/sources/ubuntu/resource-agents/4.17.0-1ubuntu2/resource-agents-4.17.0/ldirectord/systemd/ldirectord.service.in,1:4.17.0-1ubuntu2,934337be752a551ac4b9a1865865c04a39b9c20e66587e4de290fa3f624843ad,0,,NOT_APPLICABLE,exact basename or unique executable source mapping
https://github.com/DNSCrypt/dnscrypt-proxy::dnscrypt-proxy,https://github.com/DNSCrypt/dnscrypt-proxy,arch,dnscrypt-proxy,dnscrypt-proxy,2.1.18-1,U4_NO_UPSTREAM_STATIC_OR_TEMPLATE_UNIT,,2.1.18-1,,0,,NOT_APPLICABLE,complete pristine orig-tar inventory contained no service unit or template
https://github.com/DNSCrypt/dnscrypt-proxy::dnscrypt-proxy,https://github.com/DNSCrypt/dnscrypt-proxy,debian,dnscrypt-proxy,dnscrypt-proxy,2.1.8+ds1-1,U4_NO_UPSTREAM_STATIC_OR_TEMPLATE_UNIT,,2.1.8+ds1-1,,0,,NOT_APPLICABLE,complete pristine orig-tar inventory contained no service unit or template
https://github.com/DNSCrypt/dnscrypt-proxy::dnscrypt-proxy,https://github.com/DNSCrypt/dnscrypt-proxy,ubuntu,dnscrypt-proxy,dnscrypt-proxy,2.1.14+ds1-1,U4_NO_UPSTREAM_STATIC_OR_TEMPLATE_UNIT,,2.1.14+ds1-1,,0,,NOT_APPLICABLE,complete pristine orig-tar inventory contained no service unit or template
https://github.com/DNSCrypt/dnscrypt-proxy::sh,https://github.com/DNSCrypt/dnscrypt-proxy,debian,dnscrypt-proxy,dnscrypt-proxy,2.1.8+ds1-1,U4_NO_UPSTREAM_STATIC_OR_TEMPLATE_UNIT,,2.1.8+ds1-1,,0,,NOT_APPLICABLE,complete pristine orig-tar inventory contained no service unit or template
https://github.com/DNSCrypt/dnscrypt-proxy::sh,https://github.com/DNSCrypt/dnscrypt-proxy,ubuntu,dnscrypt-proxy,dnscrypt-proxy,2.1.14+ds1-1,U4_NO_UPSTREAM_STATIC_OR_TEMPLATE_UNIT,,2.1.14+ds1-1,,0,,NOT_APPLICABLE,complete pristine orig-tar inventory contained no service unit or template
https://github.com/EGI-Federation/bdii::bdii-slapd-start,https://github.com/EGI-Federation/bdii,fedora,bdii,bdii,bdii-6.0.3-7.fc44.src.rpm,U0_STATIC,/home/emrecan/github/ecylmz/unittrace/artifacts/full/roots/sources/fedora/bdii/bdii-6.0.3-7.fc44.src.rpm/bdii-6.0.3/etc/systemd/bdii-slapd.service,bdii-6.0.3-7.fc44.src.rpm,ba195eac61139046a915779cbead8a03755c7e4a7e96ffe6723aaf7eec186626,0,,NOT_APPLICABLE,exact basename or unique executable source mapping
https://github.com/EGI-Federation/bdii::bdii-slapd-start,https://github.com/EGI-Federation/bdii,ubuntu,bdii,bdii,6.0.3-1build1,U0_STATIC,/home/emrecan/github/ecylmz/unittrace/artifacts/full/roots/sources/ubuntu/bdii/6.0.3-1build1/bdii-6.0.3/etc/systemd/bdii-slapd.service,6.0.3-1build1,ba195eac61139046a915779cbead8a03755c7e4a7e96ffe6723aaf7eec186626,0,,NOT_APPLICABLE,exact basename or unique executable source mapping
https://github.com/EGI-Federation/bdii::sh,https://github.com/EGI-Federation/bdii,fedora,bdii,bdii,bdii-6.0.3-7.fc44.src.rpm,U1_TEMPLATE_VALUE_ONLY,/home/emrecan/github/ecylmz/unittrace/artifacts/full/roots/sources/fedora/bdii/bdii-6.0.3-7.fc44.src.rpm/bdii-6.0.3/etc/systemd/bdii.service,bdii-6.0.3-7.fc44.src.rpm,ec8fc140ab92d0d5e1f27a4cae9d640bcd585d33c759de42c13a7f6152bd5dfc,0,,NOT_APPLICABLE,exact basename or unique executable source mapping
https://github.com/EGI-Federation/bdii::sh,https://github.com/EGI-Federation/bdii,ubuntu,bdii,bdii,6.0.3-1build1,U1_TEMPLATE_VALUE_ONLY,/home/emrecan/github/ecylmz/unittrace/artifacts/full/roots/sources/ubuntu/bdii/6.0.3-1build1/bdii-6.0.3/etc/systemd/bdii.service,6.0.3-1build1,ec8fc140ab92d0d5e1f27a4cae9d640bcd585d33c759de42c13a7f6152bd5dfc,0,,NOT_APPLICABLE,exact basename or unique executable source mapping
https://github.com/ErikReider/SwayOSD::swayosd-libinput-backend,https://github.com/ErikReider/SwayOSD,arch,swayosd,swayosd,0.3.1-1,U1_TEMPLATE_VALUE_ONLY,/home/emrecan/github/ecylmz/unittrace/artifacts/full/roots/sources/arch/swayosd/0.3.1-1/SwayOSD-0.3.1/data/services/systemd/swayosd-libinput-backend.service.in,0.3.1-1,1a79def3f9376803022bc29a187e8a90cb1fbeaf908052e693bf35a869c9559a,0,,NOT_APPLICABLE,exact basename or unique executable source mapping
https://github.com/ErikReider/SwayOSD::swayosd-libinput-backend,https://github.com/ErikReider/SwayOSD,debian,swayosd,swayosd,0.1.0-5,U1_TEMPLATE_VALUE_ONLY,/home/emrecan/github/ecylmz/unittrace/artifacts/full/roots/sources/debian/swayosd/0.1.0-5/SwayOSD-0.1.0/data/services/systemd/swayosd-libinput-backend.service.in,0.1.0-5,1a79def3f9376803022bc29a187e8a90cb1fbeaf908052e693bf35a869c9559a,0,,NOT_APPLICABLE,exact basename or unique executable source mapping
https://github.com/ErikReider/SwayOSD::swayosd-libinput-backend,https://github.com/ErikReider/SwayOSD,ubuntu,swayosd,swayosd,0.3.0-2,U1_TEMPLATE_VALUE_ONLY,/home/emrecan/github/ecylmz/unittrace/artifacts/full/roots/sources/ubuntu/swayosd/0.3.0-2/SwayOSD-0.3.0/data/services/systemd/swayosd-libinput-backend.service.in,0.3.0-2,1a79def3f9376803022bc29a187e8a90cb1fbeaf908052e693bf35a869c9559a,0,,NOT_APPLICABLE,exact basename or unique executable source mapping
https://github.com/Exa-Networks/exabgp::exabgp,https://github.com/Exa-Networks/exabgp,fedora,exabgp,python-exabgp,python-exabgp-5.0.9-1.fc44.src.rpm,U1_TEMPLATE_VALUE_ONLY,/home/emrecan/github/ecylmz/unittrace/artifacts/full/roots/sources/fedora/python-exabgp/python-exabgp-5.0.9-1.fc44.src.rpm/exabgp-5.0.9/etc/systemd/exabgp.service,python-exabgp-5.0.9-1.fc44.src.rpm,8576978eac4e362ec2be6bc65d5faabce8a0f21034b3b2ff36bca4c7f465e5e4,0,,NOT_APPLICABLE,exact basename or unique executable source mapping
https://github.com/Exa-Networks/exabgp::exabgp,https://github.com/Exa-Networks/exabgp,ubuntu,exabgp,exabgp,5.0.8-1,U1_TEMPLATE_VALUE_ONLY,/home/emrecan/github/ecylmz/unittrace/artifacts/full/roots/sources/ubuntu/exabgp/5.0.8-1/exabgp-5.0.8/etc/systemd/exabgp.service,5.0.8-1,8576978eac4e362ec2be6bc65d5faabce8a0f21034b3b2ff36bca4c7f465e5e4,0,,NOT_APPLICABLE,exact basename or unique executable source mapping
https://github.com/FoobarOy/foomuuri::upstream-unit::systemd/foomuuri-boot.service,https://github.com/FoobarOy/foomuuri,fedora,foomuuri,foomuuri,foomuuri-0.33-2.fc44.src.rpm,U0_STATIC,/home/emrecan/github/ecylmz/unittrace/artifacts/full/roots/sources/fedora/foomuuri/foomuuri-0.33-2.fc44.src.rpm/foomuuri-0.33/systemd/foomuuri-boot.service,foomuuri-0.33-2.fc44.src.rpm,e8b764b4cb76f27a54ef5a9bdff9a61a03f8ca792e2be70268d4800f3106e1c6,0,,NOT_APPLICABLE,exact basename or unique executable source mapping
https://github.com/FoobarOy/foomuuri::upstream-unit::systemd/foomuuri-boot.service,https://github.com/FoobarOy/foomuuri,ubuntu,foomuuri,foomuuri,0.31-1,U0_STATIC,/home/emrecan/github/ecylmz/unittrace/artifacts/full/roots/sources/ubuntu/foomuuri/0.31-1/foomuuri-0.31/systemd/foomuuri-boot.service,0.31-1,c82d64928b3989e092da2610b2e75a01bbc3d408ce71180f4b17c8c398614ddf,0,,NOT_APPLICABLE,exact basename or unique executable source mapping
https://github.com/FoobarOy/foomuuri::upstream-unit::systemd/foomuuri-dbus.service,https://github.com/FoobarOy/foomuuri,fedora,foomuuri,foomuuri,foomuuri-0.33-2.fc44.src.rpm,U1_TEMPLATE_VALUE_ONLY,/home/emrecan/github/ecylmz/unittrace/artifacts/full/roots/sources/fedora/foomuuri/foomuuri-0.33-2.fc44.src.rpm/foomuuri-0.33/systemd/foomuuri-dbus.service,foomuuri-0.33-2.fc44.src.rpm,6ffe5ee5d616761ab807815c0f9dacea6ca4091bffe4bd833d5b60b3eb3a0bdc,0,,NOT_APPLICABLE,exact basename or unique executable source mapping
https://github.com/FoobarOy/foomuuri::upstream-unit::systemd/foomuuri-dbus.service,https://github.com/FoobarOy/foomuuri,ubuntu,foomuuri,foomuuri,0.31-1,U1_TEMPLATE_VALUE_ONLY,/home/emrecan/github/ecylmz/unittrace/artifacts/full/roots/sources/ubuntu/foomuuri/0.31-1/foomuuri-0.31/systemd/foomuuri-dbus.service,0.31-1,da26b421517ff5a80e6f0853375292a7d016f09019d000aa03556537a3a9a32b,0,,NOT_APPLICABLE,exact basename or unique executable source mapping
https://github.com/FoobarOy/foomuuri::upstream-unit::systemd/foomuuri-iplist.service,https://github.com/FoobarOy/foomuuri,fedora,foomuuri,foomuuri,foomuuri-0.33-2.fc44.src.rpm,U0_STATIC,/home/emrecan/github/ecylmz/unittrace/artifacts/full/roots/sources/fedora/foomuuri/foomuuri-0.33-2.fc44.src.rpm/foomuuri-0.33/systemd/foomuuri-iplist.service,foomuuri-0.33-2.fc44.src.rpm,30e4d589ad23b24d8093fdd8c2e4014e5a4319b795c643a25fe7cecaeb622cf7,0,,NOT_APPLICABLE,exact basename or unique executable source mapping
https://github.com/FoobarOy/foomuuri::upstream-unit::systemd/foomuuri-iplist.service,https://github.com/FoobarOy/foomuuri,ubuntu,foomuuri,foomuuri,0.31-1,U0_STATIC,/home/emrecan/github/ecylmz/unittrace/artifacts/full/roots/sources/ubuntu/foomuuri/0.31-1/foomuuri-0.31/systemd/foomuuri-iplist.service,0.31-1,165acb6f60bcd77f1fb69a0ed808da7351c5fda098eb91c9201cd3ccea9cd1b3,0,,NOT_APPLICABLE,exact basename or unique executable source mapping
https://github.com/FoobarOy/foomuuri::upstream-unit::systemd/foomuuri-monitor.service,https://github.com/FoobarOy/foomuuri,fedora,foomuuri,foomuuri,foomuuri-0.33-2.fc44.src.rpm,U1_TEMPLATE_VALUE_ONLY,/home/emrecan/github/ecylmz/unittrace/artifacts/full/roots/sources/fedora/foomuuri/foomuuri-0.33-2.fc44.src.rpm/foomuuri-0.33/systemd/foomuuri-monitor.service,foomuuri-0.33-2.fc44.src.rpm,5159da4b162bd6ff91c0e19d36379dc03ffea2d6fa0c1d0a1967968fa30d1ec7,0,,NOT_APPLICABLE,exact basename or unique executable source mapping
https://github.com/FoobarOy/foomuuri::upstream-unit::systemd/foomuuri-monitor.service,https://github.com/FoobarOy/foomuuri,ubuntu,foomuuri,foomuuri,0.31-1,U1_TEMPLATE_VALUE_ONLY,/home/emrecan/github/ecylmz/unittrace/artifacts/full/roots/sources/ubuntu/foomuuri/0.31-1/foomuuri-0.31/systemd/foomuuri-monitor.service,0.31-1,9fd1da15d6d5954a0bdab5eb762a4c1cb821aa9685190bae5c73cd84f25a760d,0,,NOT_APPLICABLE,exact basename or unique executable source mapping
https://github.com/FoobarOy/foomuuri::upstream-unit::systemd/foomuuri.service,https://github.com/FoobarOy/foomuuri,fedora,foomuuri,foomuuri,foomuuri-0.33-2.fc44.src.rpm,U0_STATIC,/home/emrecan/github/ecylmz/unittrace/artifacts/full/roots/sources/fedora/foomuuri/foomuuri-0.33-2.fc44.src.rpm/foomuuri-0.33/systemd/foomuuri.service,foomuuri-0.33-2.fc44.src.rpm,8233dfca015609dbfaeeeb2006baec3f8426f7963201852a04a9d43c55be303e,0,,NOT_APPLICABLE,exact basename or unique executable source mapping
https://github.com/FoobarOy/foomuuri::upstream-unit::systemd/foomuuri.service,https://github.com/FoobarOy/foomuuri,ubuntu,foomuuri,foomuuri,0.31-1,U0_STATIC,/home/emrecan/github/ecylmz/unittrace/artifacts/full/roots/sources/ubuntu/foomuuri/0.31-1/foomuuri-0.31/systemd/foomuuri.service,0.31-1,4a5086f1556bb40b2adeb3bdf34b6fb12396d6f4e7dbc247deac722004c1d45f,0,,NOT_APPLICABLE,exact basename or unique executable source mapping
https://github.com/GoogleCloudPlatform/guest-agent::true,https://github.com/GoogleCloudPlatform/guest-agent,debian,google-guest-agent,google-guest-agent,20211116.00-7,U0_STATIC,/home/emrecan/github/ecylmz/unittrace/artifacts/full/roots/sources/debian/google-guest-agent/20211116.00-7/guest-agent-20211116.00/google-shutdown-scripts.service,20211116.00-7,fed92beb99d190c9a37ccbefee9f8c86b6a2272f6b606ce68cc7c047b6ebfb55,0,,NOT_APPLICABLE,exact basename or unique executable source mapping
https://github.com/GoogleCloudPlatform/guest-agent::true,https://github.com/GoogleCloudPlatform/guest-agent,fedora,google-guest-agent,google-guest-agent,google-guest-agent-20250821.00-6.fc44.src.rpm,U0_STATIC,/home/emrecan/github/ecylmz/unittrace/artifacts/full/roots/sources/fedora/google-guest-agent/google-guest-agent-20250821.00-6.fc44.src.rpm/guest-agent-20250821.00/google-shutdown-scripts.service,google-guest-agent-20250821.00-6.fc44.src.rpm,00949751a26ad966b6c0764e18d0c8ff733de22c6f5a8f9a8d44bced71d52817,0,,NOT_APPLICABLE,exact basename or unique executable source mapping
https://github.com/GoogleCloudPlatform/guest-agent::true,https://github.com/GoogleCloudPlatform/guest-agent,ubuntu,google-guest-agent,google-guest-agent,20250506.01-0ubuntu2,U0_STATIC,/home/emrecan/github/ecylmz/unittrace/artifacts/full/roots/sources/ubuntu/google-guest-agent/20250506.01-0ubuntu2/guest-agent-20250506.01/google-shutdown-scripts.service,20250506.01-0ubuntu2,057bf5147c214162126b5724f79701befa26ed9d7535011bf3b3e8af352670e8,0,,NOT_APPLICABLE,exact basename or unique executable source mapping
https://github.com/GoogleCloudPlatform/guest-agent::upstream-unit::google-guest-agent.service,https://github.com/GoogleCloudPlatform/guest-agent,fedora,google-guest-agent,google-guest-agent,google-guest-agent-20250821.00-6.fc44.src.rpm,U0_STATIC,/home/emrecan/github/ecylmz/unittrace/artifacts/full/roots/sources/fedora/google-guest-agent/google-guest-agent-20250821.00-6.fc44.src.rpm/guest-agent-20250821.00/google-guest-agent.service,google-guest-agent-20250821.00-6.fc44.src.rpm,6efea6b1f0753561cbaaa05642c3752daeeb24981aa59415337ad106887116e1,0,,NOT_APPLICABLE,exact basename or unique executable source mapping
https://github.com/GoogleCloudPlatform/guest-agent::upstream-unit::google-guest-agent.service,https://github.com/GoogleCloudPlatform/guest-agent,ubuntu,google-guest-agent,google-guest-agent,20250506.01-0ubuntu2,U0_STATIC,/home/emrecan/github/ecylmz/unittrace/artifacts/full/roots/sources/ubuntu/google-guest-agent/20250506.01-0ubuntu2/guest-agent-20250506.01/google-guest-agent.service,20250506.01-0ubuntu2,6efea6b1f0753561cbaaa05642c3752daeeb24981aa59415337ad106887116e1,0,,NOT_APPLICABLE,exact basename or unique executable source mapping
https://github.com/GoogleCloudPlatform/osconfig::google_osconfig_agent,https://github.com/GoogleCloudPlatform/osconfig,fedora,google-osconfig-agent,google-osconfig-agent,google-osconfig-agent-20260717.00-1.fc44.src.rpm,U0_STATIC,/home/emrecan/github/ecylmz/unittrace/artifacts/full/roots/sources/fedora/google-osconfig-agent/google-osconfig-agent-20260717.00-1.fc44.src.rpm/osconfig-20260717.00/google-osconfig-agent.service,google-osconfig-agent-20260717.00-1.fc44.src.rpm,47a9d998e1a31d41d2511ba35544a832442a38f0402c165250c39a9446fb8854,0,,NOT_APPLICABLE,exact basename or unique executable source mapping
https://github.com/GoogleCloudPlatform/osconfig::google_osconfig_agent,https://github.com/GoogleCloudPlatform/osconfig,ubuntu,google-osconfig-agent,google-osconfig-agent,20251028.00-0ubuntu2,U0_STATIC,/home/emrecan/github/ecylmz/unittrace/artifacts/full/roots/sources/ubuntu/google-osconfig-agent/20251028.00-0ubuntu2/osconfig-20251028.00/google-osconfig-agent.service,20251028.00-0ubuntu2,47a9d998e1a31d41d2511ba35544a832442a38f0402c165250c39a9446fb8854,0,,NOT_APPLICABLE,exact basename or unique executable source mapping
https://github.com/HewlettPackard/netperf::netserver,https://github.com/HewlettPackard/netperf,arch,netperf,netperf,2.7.0-8,U4_NO_UPSTREAM_STATIC_OR_TEMPLATE_UNIT,,2.7.0-8,,0,,NOT_APPLICABLE,complete pristine orig-tar inventory contained no service unit or template
https://github.com/HewlettPackard/netperf::netserver,https://github.com/HewlettPackard/netperf,debian,netperf,netperf,2.7.0+git20210121.3bc455b+ds-3,U4_NO_UPSTREAM_STATIC_OR_TEMPLATE_UNIT,,2.7.0+git20210121.3bc455b+ds-3,,0,,NOT_APPLICABLE,complete pristine orig-tar inventory contained no service unit or template
https://github.com/HewlettPackard/netperf::netserver,https://github.com/HewlettPackard/netperf,ubuntu,netperf,netperf,2.7.0+git20210121.3bc455b+ds-5,U4_NO_UPSTREAM_STATIC_OR_TEMPLATE_UNIT,,2.7.0+git20210121.3bc455b+ds-5,,0,,NOT_APPLICABLE,complete pristine orig-tar inventory contained no service unit or template
https://github.com/Irqbalance/irqbalance::irqbalance,https://github.com/Irqbalance/irqbalance,debian,irqbalance,irqbalance,1.9.4-1+deb13u1,U1_TEMPLATE_VALUE_ONLY,/home/emrecan/github/ecylmz/unittrace/artifacts/full/roots/sources/debian/irqbalance/1.9.4-1+deb13u1/irqbalance-1.9.4/misc/irqbalance.service,1.9.4-1+deb13u1,06eb1d3a539b1152c5e85e06e8732b05d3bebb5b96ebcb6cc37ccd98595a5a82,0,,NOT_APPLICABLE,exact basename or unique executable source mapping
https://github.com/Irqbalance/irqbalance::irqbalance,https://github.com/Irqbalance/irqbalance,fedora,irqbalance,irqbalance,irqbalance-1.9.5-2.fc44.src.rpm,U1_TEMPLATE_VALUE_ONLY,/home/emrecan/github/ecylmz/unittrace/artifacts/full/roots/sources/fedora/irqbalance/irqbalance-1.9.5-2.fc44.src.rpm/irqbalance-1.9.5/misc/irqbalance.service.in,irqbalance-1.9.5-2.fc44.src.rpm,43be15f31f45877bd354995779173a75248f42cdee59ac8395f2ae98929f208b,0,,NOT_APPLICABLE,exact basename or unique executable source mapping
https://github.com/Irqbalance/irqbalance::irqbalance,https://github.com/Irqbalance/irqbalance,ubuntu,irqbalance,irqbalance,1.9.4-3,U1_TEMPLATE_VALUE_ONLY,/home/emrecan/github/ecylmz/unittrace/artifacts/full/roots/sources/ubuntu/irqbalance/1.9.4-3/irqbalance-1.9.4/misc/irqbalance.service,1.9.4-3,06eb1d3a539b1152c5e85e06e8732b05d3bebb5b96ebcb6cc37ccd98595a5a82,0,,NOT_APPLICABLE,exact basename or unique executable source mapping
https://github.com/JoseExposito/touchegg::touchegg,https://github.com/JoseExposito/touchegg,arch,touchegg,touchegg,2.0.18-1,U1_TEMPLATE_VALUE_ONLY,/home/emrecan/github/ecylmz/unittrace/artifacts/full/roots/sources/arch/touchegg/2.0.18-1/touchegg-2.0.18/installation/touchegg.service.in,2.0.18-1,c534e69d72b075060099aff140e3201ef0c3fad8ecd7ef99ac56b5e865ea7b7a,0,,NOT_APPLICABLE,exact basename or unique executable source mapping
https://github.com/JoseExposito/touchegg::touchegg,https://github.com/JoseExposito/touchegg,fedora,touchegg,touchegg,touchegg-2.0.18-4.fc44.src.rpm,U1_TEMPLATE_VALUE_ONLY,/home/emrecan/github/ecylmz/unittrace/artifacts/full/roots/sources/fedora/touchegg/touchegg-2.0.18-4.fc44.src.rpm/touchegg-2.0.18/installation/touchegg.service.in,touchegg-2.0.18-4.fc44.src.rpm,c534e69d72b075060099aff140e3201ef0c3fad8ecd7ef99ac56b5e865ea7b7a,0,,NOT_APPLICABLE,exact basename or unique executable source mapping
https://github.com/NetworkBlockDevice/nbd::nbd-server,https://github.com/NetworkBlockDevice/nbd,arch,nbd,nbd,3.27.1-4,U4_NO_UPSTREAM_STATIC_OR_TEMPLATE_UNIT,,3.27.1-4,,0,,NOT_APPLICABLE,complete pristine orig-tar inventory contained no service unit or template
https://github.com/NetworkBlockDevice/nbd::nbd-server,https://github.com/NetworkBlockDevice/nbd,fedora,nbd,nbd,nbd-3.27.0-2.fc44.src.rpm,U4_NO_UPSTREAM_STATIC_OR_TEMPLATE_UNIT,,nbd-3.27.0-2.fc44.src.rpm,,0,,NOT_APPLICABLE,complete pristine orig-tar inventory contained no service unit or template
https://github.com/OpenMandrivaSoftware/ossp::osspd,https://github.com/OpenMandrivaSoftware/ossp,arch,ossp,ossp,1.3.3-1,U4_NO_UPSTREAM_STATIC_OR_TEMPLATE_UNIT,,1.3.3-1,,0,,NOT_APPLICABLE,complete pristine orig-tar inventory contained no service unit or template
https://github.com/OpenMandrivaSoftware/ossp::osspd,https://github.com/OpenMandrivaSoftware/ossp,debian,osspd,osspd,1.3.3-5,U4_NO_UPSTREAM_STATIC_OR_TEMPLATE_UNIT,,1.3.3-5,,0,,NOT_APPLICABLE,complete pristine orig-tar inventory contained no service unit or template
https://github.com/OpenMandrivaSoftware/ossp::osspd,https://github.com/OpenMandrivaSoftware/ossp,ubuntu,osspd,osspd,1.3.3-6,U4_NO_UPSTREAM_STATIC_OR_TEMPLATE_UNIT,,1.3.3-6,,0,,NOT_APPLICABLE,complete pristine orig-tar inventory contained no service unit or template
https://github.com/OpenPrinting/ipp-usb::ipp-usb,https://github.com/OpenPrinting/ipp-usb,arch,ipp-usb,ipp-usb,0.9.34-1,U0_STATIC,/home/emrecan/github/ecylmz/unittrace/artifacts/full/roots/sources/arch/ipp-usb/0.9.34-1/ipp-usb-0.9.34/systemd-udev/ipp-usb.service,0.9.34-1,1aeeb82f4ea4bb3f2aa601e32654dfb4d21fa700e185e0a82eb0549117aa3034,0,,NOT_APPLICABLE,exact basename or unique executable source mapping
https://github.com/OpenPrinting/ipp-usb::ipp-usb,https://github.com/OpenPrinting/ipp-usb,debian,ipp-usb,ipp-usb,0.9.23-2,U0_STATIC,/home/emrecan/github/ecylmz/unittrace/artifacts/full/roots/sources/debian/ipp-usb/0.9.23-2/ipp-usb-0.9.23/systemd-udev/ipp-usb.service,0.9.23-2,1aeeb82f4ea4bb3f2aa601e32654dfb4d21fa700e185e0a82eb0549117aa3034,0,,NOT_APPLICABLE,exact basename or unique executable source mapping
https://github.com/OpenPrinting/ipp-usb::ipp-usb,https://github.com/OpenPrinting/ipp-usb,fedora,ipp-usb,ipp-usb,ipp-usb-0.9.34-2.fc44.src.rpm,U0_STATIC,/home/emrecan/github/ecylmz/unittrace/artifacts/full/roots/sources/fedora/ipp-usb/ipp-usb-0.9.34-2.fc44.src.rpm/ipp-usb-0.9.34/systemd-udev/ipp-usb.service,ipp-usb-0.9.34-2.fc44.src.rpm,1aeeb82f4ea4bb3f2aa601e32654dfb4d21fa700e185e0a82eb0549117aa3034,0,,NOT_APPLICABLE,exact basename or unique executable source mapping
https://github.com/OpenPrinting/ipp-usb::ipp-usb,https://github.com/OpenPrinting/ipp-usb,ubuntu,ipp-usb,ipp-usb,0.9.31-1,U0_STATIC,/home/emrecan/github/ecylmz/unittrace/artifacts/full/roots/sources/ubuntu/ipp-usb/0.9.31-1/ipp-usb-0.9.31/systemd-udev/ipp-usb.service,0.9.31-1,1aeeb82f4ea4bb3f2aa601e32654dfb4d21fa700e185e0a82eb0549117aa3034,0,,NOT_APPLICABLE,exact basename or unique executable source mapping
https://github.com/OpenPrinting/pappl-retrofit::upstream-unit::legacy/legacy-printer-app.service,https://github.com/OpenPrinting/pappl-retrofit,fedora,legacy-printer-app,pappl-retrofit,pappl-retrofit-1.0b2-11.fc44.src.rpm,U0_STATIC,/home/emrecan/github/ecylmz/unittrace/artifacts/full/roots/sources/fedora/pappl-retrofit/pappl-retrofit-1.0b2-11.fc44.src.rpm/pappl-retrofit-1.0b2/legacy/legacy-printer-app.service,pappl-retrofit-1.0b2-11.fc44.src.rpm,838e0789a873cf21bc0574fcc37c0500112a38a7a4796495f5b2efdc540ed84a,0,,NOT_APPLICABLE,exact basename or unique executable source mapping
https://github.com/OpenPrinting/pappl-retrofit::upstream-unit::legacy/legacy-printer-app.service,https://github.com/OpenPrinting/pappl-retrofit,ubuntu,legacy-printer-app,pappl-retrofit,1.0~b2-0ubuntu8,U0_STATIC,/home/emrecan/github/ecylmz/unittrace/artifacts/full/roots/sources/ubuntu/pappl-retrofit/1.0~b2-0ubuntu8/pappl-retrofit-1.0b2/legacy/legacy-printer-app.service,1.0~b2-0ubuntu8,838e0789a873cf21bc0574fcc37c0500112a38a7a4796495f5b2efdc540ed84a,0,,NOT_APPLICABLE,exact basename or unique executable source mapping
https://github.com/PixlOne/logiops::logid,https://github.com/PixlOne/logiops,debian,logiops,logiops,0.3.5-1,U1_TEMPLATE_VALUE_ONLY,/home/emrecan/github/ecylmz/unittrace/artifacts/full/roots/sources/debian/logiops/0.3.5-1/logiops-v0.3.5/src/logid/logid.service.in,0.3.5-1,1bbc6091059113c0fc846c56c30a9994aa405f414c0d166c0ba31bb841f1ff70,0,,NOT_APPLICABLE,exact basename or unique executable source mapping
https://github.com/PixlOne/logiops::logid,https://github.com/PixlOne/logiops,fedora,logiops,logiops,logiops-0.3.5-6.fc44.src.rpm,U1_TEMPLATE_VALUE_ONLY,/home/emrecan/github/ecylmz/unittrace/artifacts/full/roots/sources/fedora/logiops/logiops-0.3.5-6.fc44.src.rpm/logiops-0.3.5/src/logid/logid.service.in,logiops-0.3.5-6.fc44.src.rpm,1bbc6091059113c0fc846c56c30a9994aa405f414c0d166c0ba31bb841f1ff70,0,,NOT_APPLICABLE,exact basename or unique executable source mapping
https://github.com/PixlOne/logiops::logid,https://github.com/PixlOne/logiops,ubuntu,logiops,logiops,0.3.5-1build2,U1_TEMPLATE_VALUE_ONLY,/home/emrecan/github/ecylmz/unittrace/artifacts/full/roots/sources/ubuntu/logiops/0.3.5-1build2/logiops-v0.3.5/src/logid/logid.service.in,0.3.5-1build2,1bbc6091059113c0fc846c56c30a9994aa405f414c0d166c0ba31bb841f1ff70,0,,NOT_APPLICABLE,exact basename or unique executable source mapping
https://github.com/SSSD/sssd::sssd,https://github.com/SSSD/sssd,arch,sssd,sssd,2.13.1-1,U2_TEMPLATE_STRUCTURAL,/home/emrecan/github/ecylmz/unittrace/artifacts/full/roots/sources/arch/sssd/2.13.1-1/sssd-2.13.1/src/sysv/systemd/sssd.service.in,2.13.1-1,981759919294aebf0611d7101890d16ec0310179ebda1728437d0a6cc9ed5a13,2,,NOT_APPLICABLE,exact basename or unique executable source mapping
https://github.com/SSSD/sssd::sssd,https://github.com/SSSD/sssd,debian,sssd-common,sssd,2.10.1-2,U2_TEMPLATE_STRUCTURAL,/home/emrecan/github/ecylmz/unittrace/artifacts/full/roots/sources/debian/sssd/2.10.1-2/sssd-2.10.1/src/sysv/systemd/sssd.service.in,2.10.1-2,28d843fb6c4237e01598aa3017969a6966bea25d96caf459e7ecce93834c1b64,2,,NOT_APPLICABLE,exact basename or unique executable source mapping
https://github.com/SSSD/sssd::sssd,https://github.com/SSSD/sssd,fedora,sssd-common,sssd,sssd-2.13.1-2.fc44.src.rpm,U2_TEMPLATE_STRUCTURAL,/home/emrecan/github/ecylmz/unittrace/artifacts/full/roots/sources/fedora/sssd/sssd-2.13.1-2.fc44.src.rpm/sssd-2.13.1/src/sysv/systemd/sssd.service.in,sssd-2.13.1-2.fc44.src.rpm,981759919294aebf0611d7101890d16ec0310179ebda1728437d0a6cc9ed5a13,2,,NOT_APPLICABLE,exact basename or unique executable source mapping
https://github.com/SSSD/sssd::sssd,https://github.com/SSSD/sssd,ubuntu,sssd-common,sssd,2.12.0-1ubuntu5,U2_TEMPLATE_STRUCTURAL,/home/emrecan/github/ecylmz/unittrace/artifacts/full/roots/sources/ubuntu/sssd/2.12.0-1ubuntu5/sssd-2.12.0/src/sysv/systemd/sssd.service.in,2.12.0-1ubuntu5,bb87572c4b2605d485a625cc5834f1948765ad3a436bb2a3e799f8427a05a629,2,,NOT_APPLICABLE,exact basename or unique executable source mapping
https://github.com/SSSD/sssd::sssd_autofs,https://github.com/SSSD/sssd,arch,sssd,sssd,2.13.1-1,U2_TEMPLATE_STRUCTURAL,/home/emrecan/github/ecylmz/unittrace/artifacts/full/roots/sources/arch/sssd/2.13.1-1/sssd-2.13.1/src/sysv/systemd/sssd-autofs.service.in,2.13.1-1,3e83112ca12bff43f0570e17c0397a892195625300912fea9935138148a60339,1,,NOT_APPLICABLE,exact basename or unique executable source mapping
https://github.com/SSSD/sssd::sssd_autofs,https://github.com/SSSD/sssd,debian,sssd-common,sssd,2.10.1-2,U2_TEMPLATE_STRUCTURAL,/home/emrecan/github/ecylmz/unittrace/artifacts/full/roots/sources/debian/sssd/2.10.1-2/sssd-2.10.1/src/sysv/systemd/sssd-autofs.service.in,2.10.1-2,3e83112ca12bff43f0570e17c0397a892195625300912fea9935138148a60339,1,,NOT_APPLICABLE,exact basename or unique executable source mapping
https://github.com/SSSD/sssd::sssd_autofs,https://github.com/SSSD/sssd,fedora,sssd-common,sssd,sssd-2.13.1-2.fc44.src.rpm,U2_TEMPLATE_STRUCTURAL,/home/emrecan/github/ecylmz/unittrace/artifacts/full/roots/sources/fedora/sssd/sssd-2.13.1-2.fc44.src.rpm/sssd-2.13.1/src/sysv/systemd/sssd-autofs.service.in,sssd-2.13.1-2.fc44.src.rpm,3e83112ca12bff43f0570e17c0397a892195625300912fea9935138148a60339,1,,NOT_APPLICABLE,exact basename or unique executable source mapping
https://github.com/SSSD/sssd::sssd_autofs,https://github.com/SSSD/sssd,ubuntu,sssd-common,sssd,2.12.0-1ubuntu5,U2_TEMPLATE_STRUCTURAL,/home/emrecan/github/ecylmz/unittrace/artifacts/full/roots/sources/ubuntu/sssd/2.12.0-1ubuntu5/sssd-2.12.0/src/sysv/systemd/sssd-autofs.service.in,2.12.0-1ubuntu5,3e83112ca12bff43f0570e17c0397a892195625300912fea9935138148a60339,1,,NOT_APPLICABLE,exact basename or unique executable source mapping
https://github.com/SSSD/sssd::sssd_ifp,https://github.com/SSSD/sssd,arch,sssd,sssd,2.13.1-1,U2_TEMPLATE_STRUCTURAL,/home/emrecan/github/ecylmz/unittrace/artifacts/full/roots/sources/arch/sssd/2.13.1-1/sssd-2.13.1/src/sysv/systemd/sssd-ifp.service.in,2.13.1-1,68d1fe5e57c1aeb9f2e18fc3a807e058f051bc21a6a60e52e91166eea3dd94d8,1,,NOT_APPLICABLE,exact basename or unique executable source mapping
https://github.com/SSSD/sssd::sssd_ifp,https://github.com/SSSD/sssd,debian,sssd-dbus,sssd,2.10.1-2,U2_TEMPLATE_STRUCTURAL,/home/emrecan/github/ecylmz/unittrace/artifacts/full/roots/sources/debian/sssd/2.10.1-2/sssd-2.10.1/src/sysv/systemd/sssd-ifp.service.in,2.10.1-2,68d1fe5e57c1aeb9f2e18fc3a807e058f051bc21a6a60e52e91166eea3dd94d8,1,,NOT_APPLICABLE,exact basename or unique executable source mapping
https://github.com/SSSD/sssd::sssd_ifp,https://github.com/SSSD/sssd,fedora,sssd-dbus,sssd,sssd-2.13.1-2.fc44.src.rpm,U2_TEMPLATE_STRUCTURAL,/home/emrecan/github/ecylmz/unittrace/artifacts/full/roots/sources/fedora/sssd/sssd-2.13.1-2.fc44.src.rpm/sssd-2.13.1/src/sysv/systemd/sssd-ifp.service.in,sssd-2.13.1-2.fc44.src.rpm,68d1fe5e57c1aeb9f2e18fc3a807e058f051bc21a6a60e52e91166eea3dd94d8,1,,NOT_APPLICABLE,exact basename or unique executable source mapping
https://github.com/SSSD/sssd::sssd_ifp,https://github.com/SSSD/sssd,ubuntu,sssd-dbus,sssd,2.12.0-1ubuntu5,U2_TEMPLATE_STRUCTURAL,/home/emrecan/github/ecylmz/unittrace/artifacts/full/roots/sources/ubuntu/sssd/2.12.0-1ubuntu5/sssd-2.12.0/src/sysv/systemd/sssd-ifp.service.in,2.12.0-1ubuntu5,68d1fe5e57c1aeb9f2e18fc3a807e058f051bc21a6a60e52e91166eea3dd94d8,1,,NOT_APPLICABLE,exact basename or unique executable source mapping
https://github.com/SSSD/sssd::sssd_kcm,https://github.com/SSSD/sssd,arch,sssd,sssd,2.13.1-1,U2_TEMPLATE_STRUCTURAL,/home/emrecan/github/ecylmz/unittrace/artifacts/full/roots/sources/arch/sssd/2.13.1-1/sssd-2.13.1/src/sysv/systemd/sssd-kcm.service.in,2.13.1-1,3326a7bc7ce72b870d2df08c55e35581591343b58edb2474823e2f898edeb9df,1,,NOT_APPLICABLE,exact basename or unique executable source mapping
https://github.com/SSSD/sssd::sssd_kcm,https://github.com/SSSD/sssd,debian,sssd-kcm,sssd,2.10.1-2,U2_TEMPLATE_STRUCTURAL,/home/emrecan/github/ecylmz/unittrace/artifacts/full/roots/sources/debian/sssd/2.10.1-2/sssd-2.10.1/src/sysv/systemd/sssd-kcm.service.in,2.10.1-2,760bf72889fa5dc38b83a7b7663bac1a11a28b1961e3acdf126a79f7ee7e0100,1,,NOT_APPLICABLE,exact basename or unique executable source mapping
https://github.com/SSSD/sssd::sssd_kcm,https://github.com/SSSD/sssd,fedora,sssd-kcm,sssd,sssd-2.13.1-2.fc44.src.rpm,U2_TEMPLATE_STRUCTURAL,/home/emrecan/github/ecylmz/unittrace/artifacts/full/roots/sources/fedora/sssd/sssd-2.13.1-2.fc44.src.rpm/sssd-2.13.1/src/sysv/systemd/sssd-kcm.service.in,sssd-2.13.1-2.fc44.src.rpm,3326a7bc7ce72b870d2df08c55e35581591343b58edb2474823e2f898edeb9df,1,,NOT_APPLICABLE,exact basename or unique executable source mapping
https://github.com/SSSD/sssd::sssd_kcm,https://github.com/SSSD/sssd,ubuntu,sssd-kcm,sssd,2.12.0-1ubuntu5,U2_TEMPLATE_STRUCTURAL,/home/emrecan/github/ecylmz/unittrace/artifacts/full/roots/sources/ubuntu/sssd/2.12.0-1ubuntu5/sssd-2.12.0/src/sysv/systemd/sssd-kcm.service.in,2.12.0-1ubuntu5,3326a7bc7ce72b870d2df08c55e35581591343b58edb2474823e2f898edeb9df,1,,NOT_APPLICABLE,exact basename or unique executable source mapping
https://github.com/SSSD/sssd::sssd_nss,https://github.com/SSSD/sssd,arch,sssd,sssd,2.13.1-1,U2_TEMPLATE_STRUCTURAL,/home/emrecan/github/ecylmz/unittrace/artifacts/full/roots/sources/arch/sssd/2.13.1-1/sssd-2.13.1/src/sysv/systemd/sssd-nss.service.in,2.13.1-1,677a01c513ce6033f8d5e37c548d0719380da8c34efe8ab929322b91e0d4904c,2,,NOT_APPLICABLE,exact basename or unique executable source mapping
https://github.com/SSSD/sssd::sssd_nss,https://github.com/SSSD/sssd,debian,sssd-common,sssd,2.10.1-2,U2_TEMPLATE_STRUCTURAL,/home/emrecan/github/ecylmz/unittrace/artifacts/full/roots/sources/debian/sssd/2.10.1-2/sssd-2.10.1/src/sysv/systemd/sssd-nss.service.in,2.10.1-2,677a01c513ce6033f8d5e37c548d0719380da8c34efe8ab929322b91e0d4904c,2,,NOT_APPLICABLE,exact basename or unique executable source mapping
https://github.com/SSSD/sssd::sssd_nss,https://github.com/SSSD/sssd,fedora,sssd-common,sssd,sssd-2.13.1-2.fc44.src.rpm,U2_TEMPLATE_STRUCTURAL,/home/emrecan/github/ecylmz/unittrace/artifacts/full/roots/sources/fedora/sssd/sssd-2.13.1-2.fc44.src.rpm/sssd-2.13.1/src/sysv/systemd/sssd-nss.service.in,sssd-2.13.1-2.fc44.src.rpm,677a01c513ce6033f8d5e37c548d0719380da8c34efe8ab929322b91e0d4904c,2,,NOT_APPLICABLE,exact basename or unique executable source mapping
https://github.com/SSSD/sssd::sssd_nss,https://github.com/SSSD/sssd,ubuntu,sssd-common,sssd,2.12.0-1ubuntu5,U2_TEMPLATE_STRUCTURAL,/home/emrecan/github/ecylmz/unittrace/artifacts/full/roots/sources/ubuntu/sssd/2.12.0-1ubuntu5/sssd-2.12.0/src/sysv/systemd/sssd-nss.service.in,2.12.0-1ubuntu5,677a01c513ce6033f8d5e37c548d0719380da8c34efe8ab929322b91e0d4904c,2,,NOT_APPLICABLE,exact basename or unique executable source mapping
https://github.com/SSSD/sssd::sssd_pac,https://github.com/SSSD/sssd,arch,sssd,sssd,2.13.1-1,U2_TEMPLATE_STRUCTURAL,/home/emrecan/github/ecylmz/unittrace/artifacts/full/roots/sources/arch/sssd/2.13.1-1/sssd-2.13.1/src/sysv/systemd/sssd-pac.service.in,2.13.1-1,181a7e0c122c409ddf7863b7bd525086c251f2f7a3ab791c9931f5703cf7bfe3,1,,NOT_APPLICABLE,exact basename or unique executable source mapping
https://github.com/SSSD/sssd::sssd_pac,https://github.com/SSSD/sssd,debian,sssd-ad-common,sssd,2.10.1-2,U2_TEMPLATE_STRUCTURAL,/home/emrecan/github/ecylmz/unittrace/artifacts/full/roots/sources/debian/sssd/2.10.1-2/sssd-2.10.1/src/sysv/systemd/sssd-pac.service.in,2.10.1-2,181a7e0c122c409ddf7863b7bd525086c251f2f7a3ab791c9931f5703cf7bfe3,1,,NOT_APPLICABLE,exact basename or unique executable source mapping
https://github.com/SSSD/sssd::sssd_pac,https://github.com/SSSD/sssd,fedora,sssd-common,sssd,sssd-2.13.1-2.fc44.src.rpm,U2_TEMPLATE_STRUCTURAL,/home/emrecan/github/ecylmz/unittrace/artifacts/full/roots/sources/fedora/sssd/sssd-2.13.1-2.fc44.src.rpm/sssd-2.13.1/src/sysv/systemd/sssd-pac.service.in,sssd-2.13.1-2.fc44.src.rpm,181a7e0c122c409ddf7863b7bd525086c251f2f7a3ab791c9931f5703cf7bfe3,1,,NOT_APPLICABLE,exact basename or unique executable source mapping
https://github.com/SSSD/sssd::sssd_pac,https://github.com/SSSD/sssd,ubuntu,sssd-ad-common,sssd,2.12.0-1ubuntu5,U2_TEMPLATE_STRUCTURAL,/home/emrecan/github/ecylmz/unittrace/artifacts/full/roots/sources/ubuntu/sssd/2.12.0-1ubuntu5/sssd-2.12.0/src/sysv/systemd/sssd-pac.service.in,2.12.0-1ubuntu5,181a7e0c122c409ddf7863b7bd525086c251f2f7a3ab791c9931f5703cf7bfe3,1,,NOT_APPLICABLE,exact basename or unique executable source mapping
https://github.com/SSSD/sssd::sssd_pam,https://github.com/SSSD/sssd,arch,sssd,sssd,2.13.1-1,U2_TEMPLATE_STRUCTURAL,/home/emrecan/github/ecylmz/unittrace/artifacts/full/roots/sources/arch/sssd/2.13.1-1/sssd-2.13.1/src/sysv/systemd/sssd-pam.service.in,2.13.1-1,d39ade5c5fa036a1dee5c2fa2def768e88aac97bb47c0bde5b32c7afcb12fd53,1,,NOT_APPLICABLE,exact basename or unique executable source mapping
https://github.com/SSSD/sssd::sssd_pam,https://github.com/SSSD/sssd,debian,sssd-common,sssd,2.10.1-2,U2_TEMPLATE_STRUCTURAL,/home/emrecan/github/ecylmz/unittrace/artifacts/full/roots/sources/debian/sssd/2.10.1-2/sssd-2.10.1/src/sysv/systemd/sssd-pam.service.in,2.10.1-2,d39ade5c5fa036a1dee5c2fa2def768e88aac97bb47c0bde5b32c7afcb12fd53,1,,NOT_APPLICABLE,exact basename or unique executable source mapping
https://github.com/SSSD/sssd::sssd_pam,https://github.com/SSSD/sssd,fedora,sssd-common,sssd,sssd-2.13.1-2.fc44.src.rpm,U2_TEMPLATE_STRUCTURAL,/home/emrecan/github/ecylmz/unittrace/artifacts/full/roots/sources/fedora/sssd/sssd-2.13.1-2.fc44.src.rpm/sssd-2.13.1/src/sysv/systemd/sssd-pam.service.in,sssd-2.13.1-2.fc44.src.rpm,d39ade5c5fa036a1dee5c2fa2def768e88aac97bb47c0bde5b32c7afcb12fd53,1,,NOT_APPLICABLE,exact basename or unique executable source mapping
https://github.com/SSSD/sssd::sssd_pam,https://github.com/SSSD/sssd,ubuntu,sssd-common,sssd,2.12.0-1ubuntu5,U2_TEMPLATE_STRUCTURAL,/home/emrecan/github/ecylmz/unittrace/artifacts/full/roots/sources/ubuntu/sssd/2.12.0-1ubuntu5/sssd-2.12.0/src/sysv/systemd/sssd-pam.service.in,2.12.0-1ubuntu5,d39ade5c5fa036a1dee5c2fa2def768e88aac97bb47c0bde5b32c7afcb12fd53,1,,NOT_APPLICABLE,exact basename or unique executable source mapping
https://github.com/SSSD/sssd::sssd_ssh,https://github.com/SSSD/sssd,arch,sssd,sssd,2.13.1-1,U2_TEMPLATE_STRUCTURAL,/home/emrecan/github/ecylmz/unittrace/artifacts/full/roots/sources/arch/sssd/2.13.1-1/sssd-2.13.1/src/sysv/systemd/sssd-ssh.service.in,2.13.1-1,11d38125aadf71fa8499abf7ea2d20226f7f50043e5b82b92918f173d6669fec,1,,NOT_APPLICABLE,exact basename or unique executable source mapping
https://github.com/SSSD/sssd::sssd_ssh,https://github.com/SSSD/sssd,debian,sssd-common,sssd,2.10.1-2,U2_TEMPLATE_STRUCTURAL,/home/emrecan/github/ecylmz/unittrace/artifacts/full/roots/sources/debian/sssd/2.10.1-2/sssd-2.10.1/src/sysv/systemd/sssd-ssh.service.in,2.10.1-2,11d38125aadf71fa8499abf7ea2d20226f7f50043e5b82b92918f173d6669fec,1,,NOT_APPLICABLE,exact basename or unique executable source mapping
https://github.com/SSSD/sssd::sssd_ssh,https://github.com/SSSD/sssd,fedora,sssd-common,sssd,sssd-2.13.1-2.fc44.src.rpm,U2_TEMPLATE_STRUCTURAL,/home/emrecan/github/ecylmz/unittrace/artifacts/full/roots/sources/fedora/sssd/sssd-2.13.1-2.fc44.src.rpm/sssd-2.13.1/src/sysv/systemd/sssd-ssh.service.in,sssd-2.13.1-2.fc44.src.rpm,11d38125aadf71fa8499abf7ea2d20226f7f50043e5b82b92918f173d6669fec,1,,NOT_APPLICABLE,exact basename or unique executable source mapping
https://github.com/SSSD/sssd::sssd_ssh,https://github.com/SSSD/sssd,ubuntu,sssd-common,sssd,2.12.0-1ubuntu5,U2_TEMPLATE_STRUCTURAL,/home/emrecan/github/ecylmz/unittrace/artifacts/full/roots/sources/ubuntu/sssd/2.12.0-1ubuntu5/sssd-2.12.0/src/sysv/systemd/sssd-ssh.service.in,2.12.0-1ubuntu5,11d38125aadf71fa8499abf7ea2d20226f7f50043e5b82b92918f173d6669fec,1,,NOT_APPLICABLE,exact basename or unique executable source mapping
https://github.com/SSSD/sssd::sssd_sudo,https://github.com/SSSD/sssd,arch,sssd,sssd,2.13.1-1,U2_TEMPLATE_STRUCTURAL,/home/emrecan/github/ecylmz/unittrace/artifacts/full/roots/sources/arch/sssd/2.13.1-1/sssd-2.13.1/src/sysv/systemd/sssd-sudo.service.in,2.13.1-1,0c4864a60c2cb58353a76e6c7bb26bf14a1552b04380ff5b095cbc6cd9240fb8,1,,NOT_APPLICABLE,exact basename or unique executable source mapping
https://github.com/SSSD/sssd::sssd_sudo,https://github.com/SSSD/sssd,debian,sssd-common,sssd,2.10.1-2,U2_TEMPLATE_STRUCTURAL,/home/emrecan/github/ecylmz/unittrace/artifacts/full/roots/sources/debian/sssd/2.10.1-2/sssd-2.10.1/src/sysv/systemd/sssd-sudo.service.in,2.10.1-2,0c4864a60c2cb58353a76e6c7bb26bf14a1552b04380ff5b095cbc6cd9240fb8,1,,NOT_APPLICABLE,exact basename or unique executable source mapping
https://github.com/SSSD/sssd::sssd_sudo,https://github.com/SSSD/sssd,fedora,sssd-common,sssd,sssd-2.13.1-2.fc44.src.rpm,U2_TEMPLATE_STRUCTURAL,/home/emrecan/github/ecylmz/unittrace/artifacts/full/roots/sources/fedora/sssd/sssd-2.13.1-2.fc44.src.rpm/sssd-2.13.1/src/sysv/systemd/sssd-sudo.service.in,sssd-2.13.1-2.fc44.src.rpm,0c4864a60c2cb58353a76e6c7bb26bf14a1552b04380ff5b095cbc6cd9240fb8,1,,NOT_APPLICABLE,exact basename or unique executable source mapping
https://github.com/SSSD/sssd::sssd_sudo,https://github.com/SSSD/sssd,ubuntu,sssd-common,sssd,2.12.0-1ubuntu5,U2_TEMPLATE_STRUCTURAL,/home/emrecan/github/ecylmz/unittrace/artifacts/full/roots/sources/ubuntu/sssd/2.12.0-1ubuntu5/sssd-2.12.0/src/sysv/systemd/sssd-sudo.service.in,2.12.0-1ubuntu5,0c4864a60c2cb58353a76e6c7bb26bf14a1552b04380ff5b095cbc6cd9240fb8,1,,NOT_APPLICABLE,exact basename or unique executable source mapping
https://github.com/Snawoot/postfix-mta-sts-resolver::mta-sts-daemon,https://github.com/Snawoot/postfix-mta-sts-resolver,fedora,postfix-mta-sts-resolver,postfix-mta-sts-resolver,postfix-mta-sts-resolver-1.5.1-5.fc44.src.rpm,U5_AMBIGUOUS_OR_UNRESOLVED,,postfix-mta-sts-resolver-1.5.1-5.fc44.src.rpm,,0,,NOT_ATTEMPTED,"no unique upstream artifact; candidates=2, executable_candidates=2"
https://github.com/Snawoot/postfix-mta-sts-resolver::mta-sts-daemon,https://github.com/Snawoot/postfix-mta-sts-resolver,ubuntu,postfix-mta-sts-resolver,postfix-mta-sts-resolver,1.5.0-1build1,U5_AMBIGUOUS_OR_UNRESOLVED,,1.5.0-1build1,,0,,NOT_ATTEMPTED,"no unique upstream artifact; candidates=2, executable_candidates=2"
https://github.com/SuperQ/smokeping_prober::prometheus-smokeping-prober,https://github.com/SuperQ/smokeping_prober,arch,prometheus-smokeping-prober,prometheus-smokeping-prober,0.12.0-1,U4_NO_UPSTREAM_STATIC_OR_TEMPLATE_UNIT,,0.12.0-1,,0,,NOT_APPLICABLE,complete pristine orig-tar inventory contained no service unit or template
https://github.com/SuperQ/smokeping_prober::prometheus-smokeping-prober,https://github.com/SuperQ/smokeping_prober,debian,prometheus-smokeping-prober,prometheus-smokeping-prober,0.9.0-1,U4_NO_UPSTREAM_STATIC_OR_TEMPLATE_UNIT,,0.9.0-1,,0,,NOT_APPLICABLE,complete pristine orig-tar inventory contained no service unit or template
https://github.com/SuperQ/smokeping_prober::prometheus-smokeping-prober,https://github.com/SuperQ/smokeping_prober,ubuntu,prometheus-smokeping-prober,prometheus-smokeping-prober,0.10.0-1,U4_NO_UPSTREAM_STATIC_OR_TEMPLATE_UNIT,,0.10.0-1,,0,,NOT_APPLICABLE,complete pristine orig-tar inventory contained no service unit or template
https://github.com/adnanh/webhook::webhook,https://github.com/adnanh/webhook,arch,webhook,webhook,2.8.3-1,U5_AMBIGUOUS_OR_UNRESOLVED,,2.8.3-1,,0,,NOT_ATTEMPTED,pristine source unavailable
https://github.com/adnanh/webhook::webhook,https://github.com/adnanh/webhook,debian,webhook,webhook,2.8.0-4,U4_NO_UPSTREAM_STATIC_OR_TEMPLATE_UNIT,,2.8.0-4,,0,,NOT_APPLICABLE,complete pristine orig-tar inventory contained no service unit or template
https://github.com/adnanh/webhook::webhook,https://github.com/adnanh/webhook,ubuntu,webhook,webhook,2.8.0-4build1,U4_NO_UPSTREAM_STATIC_OR_TEMPLATE_UNIT,,2.8.0-4build1,,0,,NOT_APPLICABLE,complete pristine orig-tar inventory contained no service unit or template
https://github.com/analogdevicesinc/libiio::iiod,https://github.com/analogdevicesinc/libiio,arch,libiio,libiio,0.26-5,U4_NO_UPSTREAM_STATIC_OR_TEMPLATE_UNIT,,0.26-5,,0,,NOT_APPLICABLE,complete pristine orig-tar inventory contained no service unit or template
https://github.com/analogdevicesinc/libiio::iiod,https://github.com/analogdevicesinc/libiio,debian,iiod,libiio,0.26-2,U4_NO_UPSTREAM_STATIC_OR_TEMPLATE_UNIT,,0.26-2,,0,,NOT_APPLICABLE,complete pristine orig-tar inventory contained no service unit or template
https://github.com/analogdevicesinc/libiio::iiod,https://github.com/analogdevicesinc/libiio,ubuntu,iiod,libiio,0.26-2build2,U4_NO_UPSTREAM_STATIC_OR_TEMPLATE_UNIT,,0.26-2build2,,0,,NOT_APPLICABLE,complete pristine orig-tar inventory contained no service unit or template
https://github.com/ar-/incron::incrond,https://github.com/ar-/incron,arch,incron,incron,0.5.12-7,U5_AMBIGUOUS_OR_UNRESOLVED,,0.5.12-7,,0,,NOT_ATTEMPTED,pristine source unavailable
https://github.com/ar-/incron::incrond,https://github.com/ar-/incron,debian,incron,incron,0.5.12-4,U4_NO_UPSTREAM_STATIC_OR_TEMPLATE_UNIT,,0.5.12-4,,0,,NOT_APPLICABLE,complete pristine orig-tar inventory contained no service unit or template
https://github.com/ar-/incron::incrond,https://github.com/ar-/incron,fedora,incron,incron,incron-0.5.12-29.fc44.src.rpm,U0_STATIC,/home/emrecan/github/ecylmz/unittrace/artifacts/full/roots/sources/fedora/incron/incron-0.5.12-29.fc44.src.rpm/incron-0.5.12/debian/incron.service,incron-0.5.12-29.fc44.src.rpm,7477947a86a643147e9337829941ad5f79a8ea990aa6f24d26bbcd698803b762,0,,NOT_APPLICABLE,exact basename or unique executable source mapping
https://github.com/ar-/incron::incrond,https://github.com/ar-/incron,ubuntu,incron,incron,0.5.12-4build1,U4_NO_UPSTREAM_STATIC_OR_TEMPLATE_UNIT,,0.5.12-4build1,,0,,NOT_APPLICABLE,complete pristine orig-tar inventory contained no service unit or template
https://github.com/authselect/authselect::upstream-unit::systemd/authselect-apply-changes.service,https://github.com/authselect/authselect,fedora,authselect-libs,authselect,authselect-1.7.1-1.fc44.src.rpm,U0_STATIC,/home/emrecan/github/ecylmz/unittrace/artifacts/full/roots/sources/fedora/authselect/authselect-1.7.1-1.fc44.src.rpm/authselect-1.7.1/systemd/authselect-apply-changes.service,authselect-1.7.1-1.fc44.src.rpm,b08d209719e17ac474d2fddb92dda9ddbb0851842e79c1c30477466139e07723,0,,NOT_APPLICABLE,exact basename or unique executable source mapping
https://github.com/authselect/authselect::upstream-unit::systemd/authselect-apply-changes.service,https://github.com/authselect/authselect,ubuntu,authselect,authselect,1.7.1-1,U0_STATIC,/home/emrecan/github/ecylmz/unittrace/artifacts/full/roots/sources/ubuntu/authselect/1.7.1-1/authselect-1.7.1/systemd/authselect-apply-changes.service,1.7.1-1,b08d209719e17ac474d2fddb92dda9ddbb0851842e79c1c30477466139e07723,0,,NOT_APPLICABLE,exact basename or unique executable source mapping
https://github.com/blueman-project/blueman::blueman-mechanism,https://github.com/blueman-project/blueman,arch,blueman,blueman,2.4.6-2,U1_TEMPLATE_VALUE_ONLY,/home/emrecan/github/ecylmz/unittrace/artifacts/full/roots/sources/arch/blueman/2.4.6-2/blueman-2.4.6/data/configs/blueman-mechanism.service.in,2.4.6-2,4c8f269b4d1f1e59a9acc5130f4045faf7b244b28e135a887453262771d3ccee,0,,NOT_APPLICABLE,exact basename or unique executable source mapping
https://github.com/blueman-project/blueman::blueman-mechanism,https://github.com/blueman-project/blueman,debian,blueman,blueman,2.4.4-1,U1_TEMPLATE_VALUE_ONLY,/home/emrecan/github/ecylmz/unittrace/artifacts/full/roots/sources/debian/blueman/2.4.4-1/blueman-2.4.4/data/configs/blueman-mechanism.service.in,2.4.4-1,4c8f269b4d1f1e59a9acc5130f4045faf7b244b28e135a887453262771d3ccee,0,,NOT_APPLICABLE,exact basename or unique executable source mapping
https://github.com/blueman-project/blueman::blueman-mechanism,https://github.com/blueman-project/blueman,fedora,blueman,blueman,blueman-2.4.6-6.fc44.src.rpm,U1_TEMPLATE_VALUE_ONLY,/home/emrecan/github/ecylmz/unittrace/artifacts/full/roots/sources/fedora/blueman/blueman-2.4.6-6.fc44.src.rpm/blueman-2.4.6/data/configs/blueman-mechanism.service.in,blueman-2.4.6-6.fc44.src.rpm,4c8f269b4d1f1e59a9acc5130f4045faf7b244b28e135a887453262771d3ccee,0,,NOT_APPLICABLE,exact basename or unique executable source mapping
https://github.com/blueman-project/blueman::blueman-mechanism,https://github.com/blueman-project/blueman,ubuntu,blueman,blueman,2.4.4-1build1,U1_TEMPLATE_VALUE_ONLY,/home/emrecan/github/ecylmz/unittrace/artifacts/full/roots/sources/ubuntu/blueman/2.4.4-1build1/blueman-2.4.4/data/configs/blueman-mechanism.service.in,2.4.4-1build1,4c8f269b4d1f1e59a9acc5130f4045faf7b244b28e135a887453262771d3ccee,0,,NOT_APPLICABLE,exact basename or unique executable source mapping
https://github.com/bus1/dbus-broker::dbus-broker-launch,https://github.com/bus1/dbus-broker,arch,dbus-broker,dbus-broker,37-3,U5_AMBIGUOUS_OR_UNRESOLVED,,37-3,,0,,NOT_ATTEMPTED,ambiguous exact artifacts=2
https://github.com/bus1/dbus-broker::dbus-broker-launch,https://github.com/bus1/dbus-broker,debian,dbus-broker,dbus-broker,37-2,U5_AMBIGUOUS_OR_UNRESOLVED,,37-2,,0,,NOT_ATTEMPTED,ambiguous exact artifacts=2
https://github.com/bus1/dbus-broker::dbus-broker-launch,https://github.com/bus1/dbus-broker,fedora,dbus-broker,dbus-broker,dbus-broker-37-8.fc44.src.rpm,U5_AMBIGUOUS_OR_UNRESOLVED,,dbus-broker-37-8.fc44.src.rpm,,0,,NOT_ATTEMPTED,ambiguous exact artifacts=2
https://github.com/bus1/dbus-broker::dbus-broker-launch,https://github.com/bus1/dbus-broker,ubuntu,dbus-broker,dbus-broker,37-5,U5_AMBIGUOUS_OR_UNRESOLVED,,37-5,,0,,NOT_ATTEMPTED,ambiguous exact artifacts=2
https://github.com/cdown/zcfan::zcfan,https://github.com/cdown/zcfan,debian,zcfan,zcfan,1.4.0-2,U1_TEMPLATE_VALUE_ONLY,/home/emrecan/github/ecylmz/unittrace/artifacts/full/roots/sources/debian/zcfan/1.4.0-2/zcfan-1.4.0/zcfan.service.in,1.4.0-2,47e4f36c4e6fc42feb31dc3c343b5358af7361c3c1a3bc9348e98fff97d8bd7d,0,,NOT_APPLICABLE,exact basename or unique executable source mapping
https://github.com/cdown/zcfan::zcfan,https://github.com/cdown/zcfan,fedora,zcfan,zcfan,zcfan-1.4.0-5.fc44.src.rpm,U1_TEMPLATE_VALUE_ONLY,/home/emrecan/github/ecylmz/unittrace/artifacts/full/roots/sources/fedora/zcfan/zcfan-1.4.0-5.fc44.src.rpm/zcfan-1.4.0/zcfan.service.in,zcfan-1.4.0-5.fc44.src.rpm,47e4f36c4e6fc42feb31dc3c343b5358af7361c3c1a3bc9348e98fff97d8bd7d,0,,NOT_APPLICABLE,exact basename or unique executable source mapping
https://github.com/cdown/zcfan::zcfan,https://github.com/cdown/zcfan,ubuntu,zcfan,zcfan,1.4.0-2build1,U1_TEMPLATE_VALUE_ONLY,/home/emrecan/github/ecylmz/unittrace/artifacts/full/roots/sources/ubuntu/zcfan/1.4.0-2build1/zcfan-1.4.0/zcfan.service.in,1.4.0-2build1,47e4f36c4e6fc42feb31dc3c343b5358af7361c3c1a3bc9348e98fff97d8bd7d,0,,NOT_APPLICABLE,exact basename or unique executable source mapping
https://github.com/ckb-next/ckb-next::ckb-next-daemon,https://github.com/ckb-next/ckb-next,arch,ckb-next,ckb-next,0.6.2-4,U1_TEMPLATE_VALUE_ONLY,/home/emrecan/github/ecylmz/unittrace/artifacts/full/roots/sources/arch/ckb-next/0.6.2-4/ckb-next-0.6.2/linux/systemd/ckb-next-daemon.service.in,0.6.2-4,a411f5ff30a50bf747e99f2c9fd899d0658e72b494ab651e6b27005dc7a20c03,0,,NOT_APPLICABLE,exact basename or unique executable source mapping
https://github.com/ckb-next/ckb-next::ckb-next-daemon,https://github.com/ckb-next/ckb-next,debian,ckb-next,ckb-next,0.6.2+dfsg-0.1+deb13u1,U1_TEMPLATE_VALUE_ONLY,/home/emrecan/github/ecylmz/unittrace/artifacts/full/roots/sources/debian/ckb-next/0.6.2+dfsg-0.1+deb13u1/ckb-next-0.6.2/linux/systemd/ckb-next-daemon.service.in,0.6.2+dfsg-0.1+deb13u1,a411f5ff30a50bf747e99f2c9fd899d0658e72b494ab651e6b27005dc7a20c03,0,,NOT_APPLICABLE,exact basename or unique executable source mapping
https://github.com/ckb-next/ckb-next::ckb-next-daemon,https://github.com/ckb-next/ckb-next,fedora,ckb-next,ckb-next,ckb-next-0.6.2-5.fc44.src.rpm,U1_TEMPLATE_VALUE_ONLY,/home/emrecan/github/ecylmz/unittrace/artifacts/full/roots/sources/fedora/ckb-next/ckb-next-0.6.2-5.fc44.src.rpm/ckb-next-0.6.2/linux/systemd/ckb-next-daemon.service.in,ckb-next-0.6.2-5.fc44.src.rpm,a411f5ff30a50bf747e99f2c9fd899d0658e72b494ab651e6b27005dc7a20c03,0,,NOT_APPLICABLE,exact basename or unique executable source mapping
https://github.com/ckb-next/ckb-next::ckb-next-daemon,https://github.com/ckb-next/ckb-next,ubuntu,ckb-next,ckb-next,0.6.2+dfsg-0.3,U1_TEMPLATE_VALUE_ONLY,/home/emrecan/github/ecylmz/unittrace/artifacts/full/roots/sources/ubuntu/ckb-next/0.6.2+dfsg-0.3/ckb-next-0.6.2/linux/systemd/ckb-next-daemon.service.in,0.6.2+dfsg-0.3,a411f5ff30a50bf747e99f2c9fd899d0658e72b494ab651e6b27005dc7a20c03,0,,NOT_APPLICABLE,exact basename or unique executable source mapping
https://github.com/cminyard/ser2net::ser2net,https://github.com/cminyard/ser2net,debian,ser2net,ser2net,4.6.4-1,U1_TEMPLATE_VALUE_ONLY,/home/emrecan/github/ecylmz/unittrace/artifacts/full/roots/sources/debian/ser2net/4.6.4-1/ser2net-4.6.4/ser2net.service.in,4.6.4-1,f33e03652c8ab50b6e8c13c6fa97295368be015f3d538845af8cabbf6e7d0306,0,,NOT_APPLICABLE,exact basename or unique executable source mapping
https://github.com/cminyard/ser2net::ser2net,https://github.com/cminyard/ser2net,fedora,ser2net,ser2net,ser2net-4.6.7-1.fc44.src.rpm,U1_TEMPLATE_VALUE_ONLY,/home/emrecan/github/ecylmz/unittrace/artifacts/full/roots/sources/fedora/ser2net/ser2net-4.6.7-1.fc44.src.rpm/ser2net-4.6.7/ser2net.service.in,ser2net-4.6.7-1.fc44.src.rpm,f33e03652c8ab50b6e8c13c6fa97295368be015f3d538845af8cabbf6e7d0306,0,,NOT_APPLICABLE,exact basename or unique executable source mapping
https://github.com/cminyard/ser2net::ser2net,https://github.com/cminyard/ser2net,ubuntu,ser2net,ser2net,4.6.5-1,U1_TEMPLATE_VALUE_ONLY,/home/emrecan/github/ecylmz/unittrace/artifacts/full/roots/sources/ubuntu/ser2net/4.6.5-1/ser2net-4.6.5/ser2net.service.in,4.6.5-1,f33e03652c8ab50b6e8c13c6fa97295368be015f3d538845af8cabbf6e7d0306,0,,NOT_APPLICABLE,exact basename or unique executable source mapping
https://github.com/containernetworking/plugins::dhcp,https://github.com/containernetworking/plugins,arch,cni-plugins,cni-plugins,1.9.1-1,U0_STATIC,/home/emrecan/github/ecylmz/unittrace/artifacts/full/roots/sources/arch/cni-plugins/1.9.1-1/plugins-1.9.1/plugins/ipam/dhcp/systemd/cni-dhcp.service,1.9.1-1,b918b85a26c1f6e486a11942fc6053ad658e43aa8dd55d26ab5a4cb60535bdf4,0,,NOT_APPLICABLE,exact basename or unique executable source mapping
https://github.com/containernetworking/plugins::dhcp,https://github.com/containernetworking/plugins,debian,containernetworking-plugins,golang-github-containernetworking-plugins,1.1.1+ds1-3,U0_STATIC,/home/emrecan/github/ecylmz/unittrace/artifacts/full/roots/sources/debian/golang-github-containernetworking-plugins/1.1.1+ds1-3/plugins-1.1.1/plugins/ipam/dhcp/systemd/cni-dhcp.service,1.1.1+ds1-3,b918b85a26c1f6e486a11942fc6053ad658e43aa8dd55d26ab5a4cb60535bdf4,0,,NOT_APPLICABLE,exact basename or unique executable source mapping
https://github.com/containernetworking/plugins::dhcp,https://github.com/containernetworking/plugins,fedora,containernetworking-plugins,containernetworking-plugins,containernetworking-plugins-1.9.1-1.fc44.src.rpm,U0_STATIC,/home/emrecan/github/ecylmz/unittrace/artifacts/full/roots/sources/fedora/containernetworking-plugins/containernetworking-plugins-1.9.1-1.fc44.src.rpm/plugins-1.9.1/plugins/ipam/dhcp/systemd/cni-dhcp.service,containernetworking-plugins-1.9.1-1.fc44.src.rpm,b918b85a26c1f6e486a11942fc6053ad658e43aa8dd55d26ab5a4cb60535bdf4,0,,NOT_APPLICABLE,exact basename or unique executable source mapping
https://github.com/containernetworking/plugins::dhcp,https://github.com/containernetworking/plugins,ubuntu,containernetworking-plugins,golang-github-containernetworking-plugins,1.1.1+ds1-3build2,U0_STATIC,/home/emrecan/github/ecylmz/unittrace/artifacts/full/roots/sources/ubuntu/golang-github-containernetworking-plugins/1.1.1+ds1-3build2/plugins-1.1.1/plugins/ipam/dhcp/systemd/cni-dhcp.service,1.1.1+ds1-3build2,b918b85a26c1f6e486a11942fc6053ad658e43aa8dd55d26ab5a4cb60535bdf4,0,,NOT_APPLICABLE,exact basename or unique executable source mapping
https://github.com/corosync/corosync-qdevice::corosync-qdevice,https://github.com/corosync/corosync-qdevice,debian,corosync-qdevice,corosync-qdevice,3.0.3-2,U1_TEMPLATE_VALUE_ONLY,/home/emrecan/github/ecylmz/unittrace/artifacts/full/roots/sources/debian/corosync-qdevice/3.0.3-2/corosync-qdevice-3.0.3/init/corosync-qdevice.service.in,3.0.3-2,84fd0fc9000b789affbe34630b66dc8d5369540c489006aaa5bd084d3b6dea5a,0,,NOT_APPLICABLE,exact basename or unique executable source mapping
https://github.com/corosync/corosync-qdevice::corosync-qdevice,https://github.com/corosync/corosync-qdevice,fedora,corosync-qdevice,corosync-qdevice,corosync-qdevice-3.0.4-3.fc44.src.rpm,U1_TEMPLATE_VALUE_ONLY,/home/emrecan/github/ecylmz/unittrace/artifacts/full/roots/sources/fedora/corosync-qdevice/corosync-qdevice-3.0.4-3.fc44.src.rpm/corosync-qdevice-3.0.4/init/corosync-qdevice.service.in,corosync-qdevice-3.0.4-3.fc44.src.rpm,84fd0fc9000b789affbe34630b66dc8d5369540c489006aaa5bd084d3b6dea5a,0,,NOT_APPLICABLE,exact basename or unique executable source mapping
https://github.com/corosync/corosync-qdevice::corosync-qdevice,https://github.com/corosync/corosync-qdevice,ubuntu,corosync-qdevice,corosync-qdevice,3.0.4-1,U1_TEMPLATE_VALUE_ONLY,/home/emrecan/github/ecylmz/unittrace/artifacts/full/roots/sources/ubuntu/corosync-qdevice/3.0.4-1/corosync-qdevice-3.0.4/init/corosync-qdevice.service.in,3.0.4-1,84fd0fc9000b789affbe34630b66dc8d5369540c489006aaa5bd084d3b6dea5a,0,,NOT_APPLICABLE,exact basename or unique executable source mapping
https://github.com/corosync/corosync-qdevice::corosync-qnetd,https://github.com/corosync/corosync-qdevice,debian,corosync-qnetd,corosync-qdevice,3.0.3-2,U1_TEMPLATE_VALUE_ONLY,/home/emrecan/github/ecylmz/unittrace/artifacts/full/roots/sources/debian/corosync-qdevice/3.0.3-2/corosync-qdevice-3.0.3/init/corosync-qnetd.service.in,3.0.3-2,141f77df794a3c9e504af0d87617835d50260f0876acfade2d5ce6e3525fa410,0,,NOT_APPLICABLE,exact basename or unique executable source mapping
https://github.com/corosync/corosync-qdevice::corosync-qnetd,https://github.com/corosync/corosync-qdevice,fedora,corosync-qnetd,corosync-qdevice,corosync-qdevice-3.0.4-3.fc44.src.rpm,U1_TEMPLATE_VALUE_ONLY,/home/emrecan/github/ecylmz/unittrace/artifacts/full/roots/sources/fedora/corosync-qdevice/corosync-qdevice-3.0.4-3.fc44.src.rpm/corosync-qdevice-3.0.4/init/corosync-qnetd.service.in,corosync-qdevice-3.0.4-3.fc44.src.rpm,ef1776ebf1cb99125b992fa58caf26b8d451e35d3789416bf880f5e625e31c1c,0,,NOT_APPLICABLE,exact basename or unique executable source mapping
https://github.com/corosync/corosync-qdevice::corosync-qnetd,https://github.com/corosync/corosync-qdevice,ubuntu,corosync-qnetd,corosync-qdevice,3.0.4-1,U1_TEMPLATE_VALUE_ONLY,/home/emrecan/github/ecylmz/unittrace/artifacts/full/roots/sources/ubuntu/corosync-qdevice/3.0.4-1/corosync-qdevice-3.0.4/init/corosync-qnetd.service.in,3.0.4-1,ef1776ebf1cb99125b992fa58caf26b8d451e35d3789416bf880f5e625e31c1c,0,,NOT_APPLICABLE,exact basename or unique executable source mapping
https://github.com/coturn/coturn::turnserver,https://github.com/coturn/coturn,arch,coturn,coturn,4.17.1-1,U0_STATIC,/home/emrecan/github/ecylmz/unittrace/artifacts/full/roots/sources/arch/coturn/4.17.1-1/coturn-4.17.1/examples/etc/coturn.service,4.17.1-1,6052262c87c22f960b73621bf19146e805c3b5666abf5fb8a3ef9c0abe71aed9,0,,NOT_APPLICABLE,exact basename or unique executable source mapping
https://github.com/coturn/coturn::turnserver,https://github.com/coturn/coturn,debian,coturn,coturn,4.6.1-2,U0_STATIC,/home/emrecan/github/ecylmz/unittrace/artifacts/full/roots/sources/debian/coturn/4.6.1-2/coturn-4.6.1/examples/etc/coturn.service,4.6.1-2,6052262c87c22f960b73621bf19146e805c3b5666abf5fb8a3ef9c0abe71aed9,0,,NOT_APPLICABLE,exact basename or unique executable source mapping
https://github.com/coturn/coturn::turnserver,https://github.com/coturn/coturn,ubuntu,coturn,coturn,4.6.1-2build2,U0_STATIC,/home/emrecan/github/ecylmz/unittrace/artifacts/full/roots/sources/ubuntu/coturn/4.6.1-2build2/coturn-4.6.1/examples/etc/coturn.service,4.6.1-2build2,6052262c87c22f960b73621bf19146e805c3b5666abf5fb8a3ef9c0abe71aed9,0,,NOT_APPLICABLE,exact basename or unique executable source mapping
https://github.com/cronie-crond/cronie::crond,https://github.com/cronie-crond/cronie,arch,cronie,cronie,1.7.2-2,U4_NO_UPSTREAM_STATIC_OR_TEMPLATE_UNIT,,1.7.2-2,,0,,NOT_APPLICABLE,complete pristine orig-tar inventory contained no service unit or template
https://github.com/cronie-crond/cronie::crond,https://github.com/cronie-crond/cronie,debian,cronie,cronie,1.7.2-4,U4_NO_UPSTREAM_STATIC_OR_TEMPLATE_UNIT,,1.7.2-4,,0,,NOT_APPLICABLE,complete pristine orig-tar inventory contained no service unit or template
https://github.com/cronie-crond/cronie::crond,https://github.com/cronie-crond/cronie,fedora,cronie,cronie,cronie-1.7.2-16.fc44.src.rpm,U4_NO_UPSTREAM_STATIC_OR_TEMPLATE_UNIT,,cronie-1.7.2-16.fc44.src.rpm,,0,,NOT_APPLICABLE,complete pristine orig-tar inventory contained no service unit or template
https://github.com/cronie-crond/cronie::crond,https://github.com/cronie-crond/cronie,ubuntu,cronie,cronie,1.7.2-4build1,U4_NO_UPSTREAM_STATIC_OR_TEMPLATE_UNIT,,1.7.2-4build1,,0,,NOT_APPLICABLE,complete pristine orig-tar inventory contained no service unit or template
https://github.com/czerwonk/bird_exporter::prometheus-bird-exporter,https://github.com/czerwonk/bird_exporter,arch,prometheus-bird-exporter,prometheus-bird-exporter,1.4.3-1,U4_NO_UPSTREAM_STATIC_OR_TEMPLATE_UNIT,,1.4.3-1,,0,,NOT_APPLICABLE,complete pristine orig-tar inventory contained no service unit or template
https://github.com/czerwonk/bird_exporter::prometheus-bird-exporter,https://github.com/czerwonk/bird_exporter,debian,prometheus-bird-exporter,prometheus-bird-exporter,1.4.2+ds-2,U4_NO_UPSTREAM_STATIC_OR_TEMPLATE_UNIT,,1.4.2+ds-2,,0,,NOT_APPLICABLE,complete pristine orig-tar inventory contained no service unit or template
https://github.com/czerwonk/bird_exporter::prometheus-bird-exporter,https://github.com/czerwonk/bird_exporter,ubuntu,prometheus-bird-exporter,prometheus-bird-exporter,1.4.4-1,U4_NO_UPSTREAM_STATIC_OR_TEMPLATE_UNIT,,1.4.4-1,,0,,NOT_APPLICABLE,complete pristine orig-tar inventory contained no service unit or template
https://github.com/dani-garcia/vaultwarden::vaultwarden,https://github.com/dani-garcia/vaultwarden,arch,vaultwarden,vaultwarden,1.37.1-1,U5_AMBIGUOUS_OR_UNRESOLVED,,1.37.1-1,,0,,NOT_ATTEMPTED,pristine source unavailable
https://github.com/dani-garcia/vaultwarden::vaultwarden,https://github.com/dani-garcia/vaultwarden,fedora,vaultwarden,vaultwarden,vaultwarden-1.36.0-1.fc44.src.rpm,U4_NO_UPSTREAM_STATIC_OR_TEMPLATE_UNIT,,vaultwarden-1.36.0-1.fc44.src.rpm,,0,,NOT_APPLICABLE,complete pristine orig-tar inventory contained no service unit or template
https://github.com/darrylb123/usbrelay::python3,https://github.com/darrylb123/usbrelay,fedora,usbrelay-mqtt,usbrelay,usbrelay-1.2.1-12.fc44.src.rpm,U0_STATIC,/home/emrecan/github/ecylmz/unittrace/artifacts/full/roots/sources/fedora/usbrelay/usbrelay-1.2.1-12.fc44.src.rpm/usbrelay-1.2.1/usbrelayd.service,usbrelay-1.2.1-12.fc44.src.rpm,0694f5bd0fdb255a8618c997978826e042f5de49296c41e83449de298503871a,0,,NOT_APPLICABLE,exact basename or unique executable source mapping
https://github.com/darrylb123/usbrelay::python3,https://github.com/darrylb123/usbrelay,ubuntu,usbrelayd,usbrelay,1.0-2.2build4,U0_STATIC,/home/emrecan/github/ecylmz/unittrace/artifacts/full/roots/sources/ubuntu/usbrelay/1.0-2.2build4/usbrelay-1.0/usbrelayd.service,1.0-2.2build4,e48b468b48ddbba8ba8e8b2e286c452e85b4d43b85e16d019a3e81485aa2bad7,0,,NOT_APPLICABLE,exact basename or unique executable source mapping
https://github.com/ddccontrol/ddccontrol::ddccontrol_service,https://github.com/ddccontrol/ddccontrol,debian,ddccontrol,ddccontrol,1.0.3-1,U1_TEMPLATE_VALUE_ONLY,/home/emrecan/github/ecylmz/unittrace/artifacts/full/roots/sources/debian/ddccontrol/1.0.3-1/ddccontrol-1.0.3/src/daemon/data/ddccontrol.service.in,1.0.3-1,70c77fd702e274c95a16def9c1d9c66996fa8dbc59ed3f977c999e3b57657201,0,,NOT_APPLICABLE,exact basename or unique executable source mapping
https://github.com/ddccontrol/ddccontrol::ddccontrol_service,https://github.com/ddccontrol/ddccontrol,fedora,ddccontrol,ddccontrol,ddccontrol-1.0.3-7.fc44.src.rpm,U1_TEMPLATE_VALUE_ONLY,/home/emrecan/github/ecylmz/unittrace/artifacts/full/roots/sources/fedora/ddccontrol/ddccontrol-1.0.3-7.fc44.src.rpm/ddccontrol-1.0.3/src/daemon/data/ddccontrol.service.in,ddccontrol-1.0.3-7.fc44.src.rpm,70c77fd702e274c95a16def9c1d9c66996fa8dbc59ed3f977c999e3b57657201,0,,NOT_APPLICABLE,exact basename or unique executable source mapping
https://github.com/ddccontrol/ddccontrol::ddccontrol_service,https://github.com/ddccontrol/ddccontrol,ubuntu,ddccontrol,ddccontrol,1.0.3-1build4,U1_TEMPLATE_VALUE_ONLY,/home/emrecan/github/ecylmz/unittrace/artifacts/full/roots/sources/ubuntu/ddccontrol/1.0.3-1build4/ddccontrol-1.0.3/src/daemon/data/ddccontrol.service.in,1.0.3-1build4,70c77fd702e274c95a16def9c1d9c66996fa8dbc59ed3f977c999e3b57657201,0,,NOT_APPLICABLE,exact basename or unique executable source mapping
https://github.com/distcc/distcc::distccd,https://github.com/distcc/distcc,arch,distcc,distcc,3.4-15,U4_NO_UPSTREAM_STATIC_OR_TEMPLATE_UNIT,,3.4-15,,0,,NOT_APPLICABLE,complete pristine orig-tar inventory contained no service unit or template
https://github.com/distcc/distcc::distccd,https://github.com/distcc/distcc,fedora,distcc-server,distcc,distcc-3.4-14.fc44.src.rpm,U4_NO_UPSTREAM_STATIC_OR_TEMPLATE_UNIT,,distcc-3.4-14.fc44.src.rpm,,0,,NOT_APPLICABLE,complete pristine orig-tar inventory contained no service unit or template
https://github.com/dlundquist/sniproxy::sniproxy,https://github.com/dlundquist/sniproxy,arch,sniproxy,sniproxy,0.7.0-2,U4_NO_UPSTREAM_STATIC_OR_TEMPLATE_UNIT,,0.7.0-2,,0,,NOT_APPLICABLE,complete pristine orig-tar inventory contained no service unit or template
https://github.com/dlundquist/sniproxy::sniproxy,https://github.com/dlundquist/sniproxy,debian,sniproxy,sniproxy,0.6.1+git20240321-0.2,U4_NO_UPSTREAM_STATIC_OR_TEMPLATE_UNIT,,0.6.1+git20240321-0.2,,0,,NOT_APPLICABLE,complete pristine orig-tar inventory contained no service unit or template
https://github.com/dlundquist/sniproxy::sniproxy,https://github.com/dlundquist/sniproxy,ubuntu,sniproxy,sniproxy,0.6.1+git20240321-0.2build1,U4_NO_UPSTREAM_STATIC_OR_TEMPLATE_UNIT,,0.6.1+git20240321-0.2build1,,0,,NOT_APPLICABLE,complete pristine orig-tar inventory contained no service unit or template
https://github.com/element-hq/synapse::python3,https://github.com/element-hq/synapse,arch,matrix-synapse,matrix-synapse,1.156.0-1,U5_AMBIGUOUS_OR_UNRESOLVED,,1.156.0-1,,0,,NOT_ATTEMPTED,"no unique upstream artifact; candidates=4, executable_candidates=0"
https://github.com/element-hq/synapse::python3,https://github.com/element-hq/synapse,fedora,matrix-synapse,matrix-synapse,matrix-synapse-1.137.0-2.fc44.src.rpm,U5_AMBIGUOUS_OR_UNRESOLVED,,matrix-synapse-1.137.0-2.fc44.src.rpm,,0,,NOT_ATTEMPTED,"no unique upstream artifact; candidates=4, executable_candidates=0"
https://github.com/elementary/settings-daemon::busctl,https://github.com/elementary/settings-daemon,arch,pantheon-settings-daemon,pantheon-settings-daemon,8.5.0-1,U1_TEMPLATE_VALUE_ONLY,/home/emrecan/github/ecylmz/unittrace/artifacts/full/roots/sources/arch/pantheon-settings-daemon/8.5.0-1/settings-daemon-19b2829f949b5b31ea98baf95a776c36a8761ebc/data/io.elementary.settings-daemon.check-for-firmware-updates.service.in,8.5.0-1,1428b67d2626e45530fbfb367446ccddbfcf5088161670b9c90606993d94b110,0,,NOT_APPLICABLE,exact basename or unique executable source mapping
https://github.com/elementary/settings-daemon::busctl,https://github.com/elementary/settings-daemon,fedora,elementary-settings-daemon,elementary-settings-daemon,elementary-settings-daemon-8.3.1-2.fc44.src.rpm,U1_TEMPLATE_VALUE_ONLY,/home/emrecan/github/ecylmz/unittrace/artifacts/full/roots/sources/fedora/elementary-settings-daemon/elementary-settings-daemon-8.3.1-2.fc44.src.rpm/settings-daemon-8.3.1/data/io.elementary.settings-daemon.check-for-firmware-updates.service.in,elementary-settings-daemon-8.3.1-2.fc44.src.rpm,1428b67d2626e45530fbfb367446ccddbfcf5088161670b9c90606993d94b110,0,,NOT_APPLICABLE,exact basename or unique executable source mapping
https://github.com/evgeni/hdapsd::hdapsd,https://github.com/evgeni/hdapsd,debian,hdapsd,hdapsd,1:20141203-3,U1_TEMPLATE_VALUE_ONLY,/home/emrecan/github/ecylmz/unittrace/artifacts/full/roots/sources/debian/hdapsd/20141203-3/hdapsd-20141203/misc/hdapsd.service.in,1:20141203-3,b8e3253633066fbff9fb7107a530de60d55ed7dffe57a694314ef2ff5e342fcf,0,,NOT_APPLICABLE,exact basename or unique executable source mapping
https://github.com/evgeni/hdapsd::hdapsd,https://github.com/evgeni/hdapsd,ubuntu,hdapsd,hdapsd,1:20250908-1build1,U1_TEMPLATE_VALUE_ONLY,/home/emrecan/github/ecylmz/unittrace/artifacts/full/roots/sources/ubuntu/hdapsd/20250908-1build1/hdapsd-20250908/misc/hdapsd.service.in,1:20250908-1build1,3e43761053249c39201dc0f8b0f4d080eb9c66d900a06f54b6bd383150f69323,0,,NOT_APPLICABLE,exact basename or unique executable source mapping
https://github.com/evilsocket/opensnitch::opensnitchd,https://github.com/evilsocket/opensnitch,arch,opensnitch,opensnitch,1.7.2-4,U0_STATIC,/home/emrecan/github/ecylmz/unittrace/artifacts/full/roots/sources/arch/opensnitch/1.7.2-4/opensnitch-8c3fa40cf476d1a68df04d49bb98509437a47b4f/daemon/opensnitchd.service,1.7.2-4,9c5e27c2465054a793a5f132c22016318eb733e21b304cfa232df65c3a57e8dc,0,,NOT_APPLICABLE,exact basename or unique executable source mapping
https://github.com/evilsocket/opensnitch::opensnitchd,https://github.com/evilsocket/opensnitch,debian,opensnitch,opensnitch,1.6.9-3,U0_STATIC,/home/emrecan/github/ecylmz/unittrace/artifacts/full/roots/sources/debian/opensnitch/1.6.9-3/opensnitch-1.6.9/utils/packaging/daemon/deb/debian/opensnitch.service,1.6.9-3,3b48476d419386c91c39cb0b80ba67c1a55a16f11adf7efa42fcfdf92d6e3c7d,0,,NOT_APPLICABLE,exact basename or unique executable source mapping
https://github.com/evilsocket/opensnitch::opensnitchd,https://github.com/evilsocket/opensnitch,ubuntu,opensnitch,opensnitch,1.6.9-3ubuntu1,U0_STATIC,/home/emrecan/github/ecylmz/unittrace/artifacts/full/roots/sources/ubuntu/opensnitch/1.6.9-3ubuntu1/opensnitch-1.6.9/utils/packaging/daemon/deb/debian/opensnitch.service,1.6.9-3ubuntu1,3b48476d419386c91c39cb0b80ba67c1a55a16f11adf7efa42fcfdf92d6e3c7d,0,,NOT_APPLICABLE,exact basename or unique executable source mapping
https://github.com/facebookincubator/oomd::oomd,https://github.com/facebookincubator/oomd,debian,oomd,oomd,0.5.0-1.2,U1_TEMPLATE_VALUE_ONLY,/home/emrecan/github/ecylmz/unittrace/artifacts/full/roots/sources/debian/oomd/0.5.0-1.2/oomd-0.5.0/src/oomd/etc/oomd.service.in,0.5.0-1.2,731c9824286c9a091fbf26ba01ef6e93648ab964631167a81c6df1b9ed596e14,0,,NOT_APPLICABLE,exact basename or unique executable source mapping
https://github.com/facebookincubator/oomd::oomd,https://github.com/facebookincubator/oomd,fedora,oomd,oomd,oomd-0.5.0-16.fc44.src.rpm,U1_TEMPLATE_VALUE_ONLY,/home/emrecan/github/ecylmz/unittrace/artifacts/full/roots/sources/fedora/oomd/oomd-0.5.0-16.fc44.src.rpm/oomd-0.5.0/src/oomd/etc/oomd.service.in,oomd-0.5.0-16.fc44.src.rpm,731c9824286c9a091fbf26ba01ef6e93648ab964631167a81c6df1b9ed596e14,0,,NOT_APPLICABLE,exact basename or unique executable source mapping
https://github.com/facebookincubator/oomd::oomd,https://github.com/facebookincubator/oomd,ubuntu,oomd,oomd,0.5.0-1.2build2,U1_TEMPLATE_VALUE_ONLY,/home/emrecan/github/ecylmz/unittrace/artifacts/full/roots/sources/ubuntu/oomd/0.5.0-1.2build2/oomd-0.5.0/src/oomd/etc/oomd.service.in,0.5.0-1.2build2,731c9824286c9a091fbf26ba01ef6e93648ab964631167a81c6df1b9ed596e14,0,,NOT_APPLICABLE,exact basename or unique executable source mapping
https://github.com/freeipa/freeipa-healthcheck::upstream-unit::systemd/ipa-healthcheck.service,https://github.com/freeipa/freeipa-healthcheck,fedora,freeipa-healthcheck,freeipa-healthcheck,freeipa-healthcheck-0.19-4.fc44.src.rpm,U0_STATIC,/home/emrecan/github/ecylmz/unittrace/artifacts/full/roots/sources/fedora/freeipa-healthcheck/freeipa-healthcheck-0.19-4.fc44.src.rpm/freeipa-healthcheck-0.19/systemd/ipa-healthcheck.service,freeipa-healthcheck-0.19-4.fc44.src.rpm,5bf059a70bb3c9aa3413a8e9e22281578896a16f149056476adead489c9b0f39,0,,NOT_APPLICABLE,exact basename or unique executable source mapping
https://github.com/freeipa/freeipa-healthcheck::upstream-unit::systemd/ipa-healthcheck.service,https://github.com/freeipa/freeipa-healthcheck,ubuntu,freeipa-healthcheck,freeipa-healthcheck,0.16-2build1,U0_STATIC,/home/emrecan/github/ecylmz/unittrace/artifacts/full/roots/sources/ubuntu/freeipa-healthcheck/0.16-2build1/freeipa-healthcheck-0.16/systemd/ipa-healthcheck.service,0.16-2build1,5bf059a70bb3c9aa3413a8e9e22281578896a16f149056476adead489c9b0f39,0,,NOT_APPLICABLE,exact basename or unique executable source mapping
https://github.com/fujita/tgt::tgtd,https://github.com/fujita/tgt,arch,tgt,tgt,1.0.97-2,U1_TEMPLATE_VALUE_ONLY,/home/emrecan/github/ecylmz/unittrace/artifacts/full/roots/sources/arch/tgt/1.0.97-2/tgt-f0dc199bd5887ee0de5c1dc4fa9e97af52fccdb8/scripts/tgtd.service,1.0.97-2,1e5a72a468ee08db9d6629aab0b118caf2a618077154a15161d8ae99d964a228,0,,NOT_APPLICABLE,exact basename or unique executable source mapping
https://github.com/fujita/tgt::tgtd,https://github.com/fujita/tgt,debian,tgt,tgt,1:1.0.85-1.3,U1_TEMPLATE_VALUE_ONLY,/home/emrecan/github/ecylmz/unittrace/artifacts/full/roots/sources/debian/tgt/1.0.85-1.3/tgt-1.0.85/scripts/tgtd.service,1:1.0.85-1.3,551977ae5d402c29dfb7c3562268335df3fa217a26dde4e4ce63f9f065e1ecbb,0,,NOT_APPLICABLE,exact basename or unique executable source mapping
https://github.com/fujita/tgt::tgtd,https://github.com/fujita/tgt,ubuntu,tgt,tgt,1:1.0.85-1.3ubuntu2,U1_TEMPLATE_VALUE_ONLY,/home/emrecan/github/ecylmz/unittrace/artifacts/full/roots/sources/ubuntu/tgt/1.0.85-1.3ubuntu2/tgt-1.0.85/scripts/tgtd.service,1:1.0.85-1.3ubuntu2,551977ae5d402c29dfb7c3562268335df3fa217a26dde4e4ce63f9f065e1ecbb,0,,NOT_APPLICABLE,exact basename or unique executable source mapping
https://github.com/fwupd/fwupd::fwupd,https://github.com/fwupd/fwupd,arch,fwupd,fwupd,2.1.7-1,U2_TEMPLATE_STRUCTURAL,/home/emrecan/github/ecylmz/unittrace/artifacts/full/roots/sources/arch/fwupd/2.1.7-1/fwupd-94fec70e96ce92c28b0a5853b7846786ca4dd63d/data/fwupd.service.in,2.1.7-1,de74bfa2c5058e89f0d7676dff384704c2dfd5e0d69a9151263569553fbd4106,1,,NOT_APPLICABLE,exact basename or unique executable source mapping
https://github.com/fwupd/fwupd::fwupd,https://github.com/fwupd/fwupd,debian,fwupd,fwupd,2.0.20-1~deb13u1,U2_TEMPLATE_STRUCTURAL,/home/emrecan/github/ecylmz/unittrace/artifacts/full/roots/sources/debian/fwupd/2.0.20-1~deb13u1/fwupd-2.0.20/data/fwupd.service.in,2.0.20-1~deb13u1,de74bfa2c5058e89f0d7676dff384704c2dfd5e0d69a9151263569553fbd4106,1,,NOT_APPLICABLE,exact basename or unique executable source mapping
https://github.com/fwupd/fwupd::fwupd,https://github.com/fwupd/fwupd,fedora,fwupd,fwupd,fwupd-2.1.7-1.fc44.src.rpm,U2_TEMPLATE_STRUCTURAL,/home/emrecan/github/ecylmz/unittrace/artifacts/full/roots/sources/fedora/fwupd/fwupd-2.1.7-1.fc44.src.rpm/fwupd-2.1.7/data/fwupd.service.in,fwupd-2.1.7-1.fc44.src.rpm,de74bfa2c5058e89f0d7676dff384704c2dfd5e0d69a9151263569553fbd4106,1,,NOT_APPLICABLE,exact basename or unique executable source mapping
https://github.com/fwupd/fwupd::fwupd,https://github.com/fwupd/fwupd,ubuntu,fwupd,fwupd,2.1.1-1ubuntu3,U2_TEMPLATE_STRUCTURAL,/home/emrecan/github/ecylmz/unittrace/artifacts/full/roots/sources/ubuntu/fwupd/2.1.1-1ubuntu3/fwupd-2.1.1/data/fwupd.service.in,2.1.1-1ubuntu3,de74bfa2c5058e89f0d7676dff384704c2dfd5e0d69a9151263569553fbd4106,1,,NOT_APPLICABLE,exact basename or unique executable source mapping
https://github.com/fwupd/fwupd::fwupdmgr,https://github.com/fwupd/fwupd,arch,fwupd,fwupd,2.1.7-1,U2_TEMPLATE_STRUCTURAL,/home/emrecan/github/ecylmz/unittrace/artifacts/full/roots/sources/arch/fwupd/2.1.7-1/fwupd-94fec70e96ce92c28b0a5853b7846786ca4dd63d/data/motd/fwupd-refresh.service.in,2.1.7-1,c567e8583a70ec70d9965f2ada9f3eb5c62387f3b85990e7d4d94b1b5cc3b608,1,,NOT_APPLICABLE,exact basename or unique executable source mapping
https://github.com/fwupd/fwupd::fwupdmgr,https://github.com/fwupd/fwupd,debian,fwupd,fwupd,2.0.20-1~deb13u1,U2_TEMPLATE_STRUCTURAL,/home/emrecan/github/ecylmz/unittrace/artifacts/full/roots/sources/debian/fwupd/2.0.20-1~deb13u1/fwupd-2.0.20/data/motd/fwupd-refresh.service.in,2.0.20-1~deb13u1,fc57326c5146326b28bf6cc5af943489377d8e38a7d201caeb23389cc0e23e78,1,,NOT_APPLICABLE,exact basename or unique executable source mapping
https://github.com/fwupd/fwupd::fwupdmgr,https://github.com/fwupd/fwupd,fedora,fwupd,fwupd,fwupd-2.1.7-1.fc44.src.rpm,U2_TEMPLATE_STRUCTURAL,/home/emrecan/github/ecylmz/unittrace/artifacts/full/roots/sources/fedora/fwupd/fwupd-2.1.7-1.fc44.src.rpm/fwupd-2.1.7/data/motd/fwupd-refresh.service.in,fwupd-2.1.7-1.fc44.src.rpm,c567e8583a70ec70d9965f2ada9f3eb5c62387f3b85990e7d4d94b1b5cc3b608,1,,NOT_APPLICABLE,exact basename or unique executable source mapping
https://github.com/fwupd/fwupd::fwupdmgr,https://github.com/fwupd/fwupd,ubuntu,fwupd,fwupd,2.1.1-1ubuntu3,U2_TEMPLATE_STRUCTURAL,/home/emrecan/github/ecylmz/unittrace/artifacts/full/roots/sources/ubuntu/fwupd/2.1.1-1ubuntu3/fwupd-2.1.1/data/motd/fwupd-refresh.service.in,2.1.1-1ubuntu3,c567e8583a70ec70d9965f2ada9f3eb5c62387f3b85990e7d4d94b1b5cc3b608,1,,NOT_APPLICABLE,exact basename or unique executable source mapping
https://github.com/ggml-org/llama.cpp::llama-server,https://github.com/ggml-org/llama.cpp,arch,llama-cpp,llama-cpp,b10330-1,U4_NO_UPSTREAM_STATIC_OR_TEMPLATE_UNIT,,b10330-1,,0,,NOT_APPLICABLE,complete pristine orig-tar inventory contained no service unit or template
https://github.com/ggml-org/llama.cpp::llama-server,https://github.com/ggml-org/llama.cpp,ubuntu,llama.cpp-tools,llama.cpp,8681+dfsg-1,U4_NO_UPSTREAM_STATIC_OR_TEMPLATE_UNIT,,8681+dfsg-1,,0,,NOT_APPLICABLE,complete pristine orig-tar inventory contained no service unit or template
https://github.com/gnosek/fcgiwrap::fcgiwrap,https://github.com/gnosek/fcgiwrap,debian,fcgiwrap,fcgiwrap,1.1.0-16,U0_STATIC,/home/emrecan/github/ecylmz/unittrace/artifacts/full/roots/sources/debian/fcgiwrap/1.1.0-16/fcgiwrap-1.1.0/systemd/fcgiwrap.service,1.1.0-16,00350957bd821ea780741fc44e9ddf38fad4aa194b9faacd701f854cf3167b3d,0,,NOT_APPLICABLE,exact basename or unique executable source mapping
https://github.com/gnosek/fcgiwrap::fcgiwrap,https://github.com/gnosek/fcgiwrap,ubuntu,fcgiwrap,fcgiwrap,1.1.0-16build3,U0_STATIC,/home/emrecan/github/ecylmz/unittrace/artifacts/full/roots/sources/ubuntu/fcgiwrap/1.1.0-16build3/fcgiwrap-1.1.0/systemd/fcgiwrap.service,1.1.0-16build3,00350957bd821ea780741fc44e9ddf38fad4aa194b9faacd701f854cf3167b3d,0,,NOT_APPLICABLE,exact basename or unique executable source mapping
https://github.com/graphite-project/carbon::carbon-cache,https://github.com/graphite-project/carbon,fedora,python3-carbon,python-carbon,python-carbon-1.1.10-17.fc44.src.rpm,U4_NO_UPSTREAM_STATIC_OR_TEMPLATE_UNIT,,python-carbon-1.1.10-17.fc44.src.rpm,,0,,NOT_APPLICABLE,complete pristine orig-tar inventory contained no service unit or template
https://github.com/graphite-project/carbon::carbon-cache,https://github.com/graphite-project/carbon,ubuntu,graphite-carbon,graphite-carbon,1.1.10-2build1,U4_NO_UPSTREAM_STATIC_OR_TEMPLATE_UNIT,,1.1.10-2build1,,0,,NOT_APPLICABLE,complete pristine orig-tar inventory contained no service unit or template
https://github.com/gridcf/gct::globus-gridftp-server,https://github.com/gridcf/gct,debian,globus-gridftp-server-progs,globus-gridftp-server,13.25-6,U4_NO_UPSTREAM_STATIC_OR_TEMPLATE_UNIT,,13.25-6,,0,,NOT_APPLICABLE,complete pristine orig-tar inventory contained no service unit or template
https://github.com/gridcf/gct::globus-gridftp-server,https://github.com/gridcf/gct,fedora,globus-gridftp-server-progs,globus-gridftp-server,globus-gridftp-server-13.28-2.fc44.src.rpm,U4_NO_UPSTREAM_STATIC_OR_TEMPLATE_UNIT,,globus-gridftp-server-13.28-2.fc44.src.rpm,,0,,NOT_APPLICABLE,complete pristine orig-tar inventory contained no service unit or template
https://github.com/gridcf/gct::globus-gridftp-server,https://github.com/gridcf/gct,ubuntu,globus-gridftp-server-progs,globus-gridftp-server,13.28-1,U4_NO_UPSTREAM_STATIC_OR_TEMPLATE_UNIT,,13.28-1,,0,,NOT_APPLICABLE,complete pristine orig-tar inventory contained no service unit or template
https://github.com/grondo/edac-utils::edac-ctl,https://github.com/grondo/edac-utils,fedora,edac-ctl,edac-utils,edac-utils-0.18-46.fc44.src.rpm,U4_NO_UPSTREAM_STATIC_OR_TEMPLATE_UNIT,,edac-utils-0.18-46.fc44.src.rpm,,0,,NOT_APPLICABLE,complete pristine orig-tar inventory contained no service unit or template
https://github.com/grondo/edac-utils::edac-ctl,https://github.com/grondo/edac-utils,ubuntu,edac-utils,edac-utils,0.18+git16-g8fdc1d4-3,U4_NO_UPSTREAM_STATIC_OR_TEMPLATE_UNIT,,0.18+git16-g8fdc1d4-3,,0,,NOT_APPLICABLE,complete pristine orig-tar inventory contained no service unit or template
https://github.com/gssapi/gssproxy::gssproxy,https://github.com/gssapi/gssproxy,arch,gssproxy,gssproxy,0.9.2-3,U1_TEMPLATE_VALUE_ONLY,/home/emrecan/github/ecylmz/unittrace/artifacts/full/roots/sources/arch/gssproxy/0.9.2-3/gssproxy-0.9.2/systemd/gssproxy.service.in,0.9.2-3,fe869f1e4e11b4362ddb116a8d426b86125e44e5c8c4b798717c822218786dda,0,,NOT_APPLICABLE,exact basename or unique executable source mapping
https://github.com/gssapi/gssproxy::gssproxy,https://github.com/gssapi/gssproxy,debian,gssproxy,gssproxy,0.9.2-3,U1_TEMPLATE_VALUE_ONLY,/home/emrecan/github/ecylmz/unittrace/artifacts/full/roots/sources/debian/gssproxy/0.9.2-3/gssproxy-0.9.2/systemd/gssproxy.service.in,0.9.2-3,fe869f1e4e11b4362ddb116a8d426b86125e44e5c8c4b798717c822218786dda,0,,NOT_APPLICABLE,exact basename or unique executable source mapping
https://github.com/gssapi/gssproxy::gssproxy,https://github.com/gssapi/gssproxy,fedora,gssproxy,gssproxy,gssproxy-0.9.2-10.fc44.src.rpm,U1_TEMPLATE_VALUE_ONLY,/home/emrecan/github/ecylmz/unittrace/artifacts/full/roots/sources/fedora/gssproxy/gssproxy-0.9.2-10.fc44.src.rpm/gssproxy-0.9.2/systemd/gssproxy.service.in,gssproxy-0.9.2-10.fc44.src.rpm,fe869f1e4e11b4362ddb116a8d426b86125e44e5c8c4b798717c822218786dda,0,,NOT_APPLICABLE,exact basename or unique executable source mapping
https://github.com/gssapi/gssproxy::gssproxy,https://github.com/gssapi/gssproxy,ubuntu,gssproxy,gssproxy,0.9.2-4,U1_TEMPLATE_VALUE_ONLY,/home/emrecan/github/ecylmz/unittrace/artifacts/full/roots/sources/ubuntu/gssproxy/0.9.2-4/gssproxy-0.9.2/systemd/gssproxy.service.in,0.9.2-4,fe869f1e4e11b4362ddb116a8d426b86125e44e5c8c4b798717c822218786dda,0,,NOT_APPLICABLE,exact basename or unique executable source mapping
https://github.com/hardinfo2/hardinfo2::upstream-unit::tools/hardinfo2.service,https://github.com/hardinfo2/hardinfo2,debian,hardinfo2,hardinfo,2.2.10-1,U0_STATIC,/home/emrecan/github/ecylmz/unittrace/artifacts/full/roots/sources/debian/hardinfo/2.2.10-1/hardinfo2-hardinfo2-6212610/tools/hardinfo2.service,2.2.10-1,47facf76e83342ba453251e84b39277cc75a6f5373aa363e9ca88713fc4d9599,0,,NOT_APPLICABLE,exact basename or unique executable source mapping
https://github.com/hardinfo2/hardinfo2::upstream-unit::tools/hardinfo2.service,https://github.com/hardinfo2/hardinfo2,fedora,hardinfo2,hardinfo2,hardinfo2-2.2.16-2.fc44.src.rpm,U0_STATIC,/home/emrecan/github/ecylmz/unittrace/artifacts/full/roots/sources/fedora/hardinfo2/hardinfo2-2.2.16-2.fc44.src.rpm/hardinfo2-release-2.2.16/tools/hardinfo2.service,hardinfo2-2.2.16-2.fc44.src.rpm,47facf76e83342ba453251e84b39277cc75a6f5373aa363e9ca88713fc4d9599,0,,NOT_APPLICABLE,exact basename or unique executable source mapping
https://github.com/hardinfo2/hardinfo2::upstream-unit::tools/hardinfo2.service,https://github.com/hardinfo2/hardinfo2,ubuntu,hardinfo2,hardinfo,2.2.16-1,U0_STATIC,/home/emrecan/github/ecylmz/unittrace/artifacts/full/roots/sources/ubuntu/hardinfo/2.2.16-1/hardinfo-2.2.16/tools/hardinfo2.service,2.2.16-1,47facf76e83342ba453251e84b39277cc75a6f5373aa363e9ca88713fc4d9599,0,,NOT_APPLICABLE,exact basename or unique executable source mapping
https://github.com/hughsie/passim::passimd,https://github.com/hughsie/passim,arch,passim,passim,0.1.12-1,U1_TEMPLATE_VALUE_ONLY,/home/emrecan/github/ecylmz/unittrace/artifacts/full/roots/sources/arch/passim/0.1.12-1/passim-30d8fb64b4b6f45460a2e6767d8197fa5ce6008e/data/passim.service.in,0.1.12-1,545670602eca620d8b3bf2ab2e446bd2d05c85ba03782346d32f5e80ec11cf95,0,,NOT_APPLICABLE,exact basename or unique executable source mapping
https://github.com/hughsie/passim::passimd,https://github.com/hughsie/passim,fedora,passim,passim,passim-0.1.12-1.fc44.src.rpm,U1_TEMPLATE_VALUE_ONLY,/home/emrecan/github/ecylmz/unittrace/artifacts/full/roots/sources/fedora/passim/passim-0.1.12-1.fc44.src.rpm/passim-0.1.12/data/passim.service.in,passim-0.1.12-1.fc44.src.rpm,545670602eca620d8b3bf2ab2e446bd2d05c85ba03782346d32f5e80ec11cf95,0,,NOT_APPLICABLE,exact basename or unique executable source mapping
https://github.com/hughsie/passim::passimd,https://github.com/hughsie/passim,ubuntu,passim,passim,0.1.10-3,U1_TEMPLATE_VALUE_ONLY,/home/emrecan/github/ecylmz/unittrace/artifacts/full/roots/sources/ubuntu/passim/0.1.10-3/passim-0.1.10/data/passim.service.in,0.1.10-3,545670602eca620d8b3bf2ab2e446bd2d05c85ba03782346d32f5e80ec11cf95,0,,NOT_APPLICABLE,exact basename or unique executable source mapping
https://github.com/intel/intel-lpmd::intel_lpmd,https://github.com/intel/intel-lpmd,arch,intel-lpmd,intel-lpmd,0.1.0-4,U1_TEMPLATE_VALUE_ONLY,/home/emrecan/github/ecylmz/unittrace/artifacts/full/roots/sources/arch/intel-lpmd/0.1.0-4/intel-lpmd-956df747e56aca1739b39bff8cff77e81758af9a/data/intel_lpmd.service.in,0.1.0-4,3792105e60a063287c18549b8944ba8f45b31b48ebaeb0ce206def632507a2f0,0,,NOT_APPLICABLE,exact basename or unique executable source mapping
https://github.com/intel/intel-lpmd::intel_lpmd,https://github.com/intel/intel-lpmd,fedora,intel-lpmd,intel-lpmd,intel-lpmd-0.1.0-2.fc44.src.rpm,U1_TEMPLATE_VALUE_ONLY,/home/emrecan/github/ecylmz/unittrace/artifacts/full/roots/sources/fedora/intel-lpmd/intel-lpmd-0.1.0-2.fc44.src.rpm/intel-lpmd-0.1.0/data/intel_lpmd.service.in,intel-lpmd-0.1.0-2.fc44.src.rpm,3792105e60a063287c18549b8944ba8f45b31b48ebaeb0ce206def632507a2f0,0,,NOT_APPLICABLE,exact basename or unique executable source mapping
https://github.com/intel/intel-lpmd::intel_lpmd,https://github.com/intel/intel-lpmd,ubuntu,intel-lpmd,intel-lpmd,0.1.0-1,U1_TEMPLATE_VALUE_ONLY,/home/emrecan/github/ecylmz/unittrace/artifacts/full/roots/sources/ubuntu/intel-lpmd/0.1.0-1/intel-lpmd-0.1.0/data/intel_lpmd.service.in,0.1.0-1,3792105e60a063287c18549b8944ba8f45b31b48ebaeb0ce206def632507a2f0,0,,NOT_APPLICABLE,exact basename or unique executable source mapping
https://github.com/intel/ledmon::ledmon,https://github.com/intel/ledmon,debian,ledmon,ledmon,0.97-1.2,U1_TEMPLATE_VALUE_ONLY,/home/emrecan/github/ecylmz/unittrace/artifacts/full/roots/sources/debian/ledmon/0.97-1.2/ledmon-0.97/systemd/ledmon.service.in,0.97-1.2,a250ef903d689af7a8dc82b8e7cbcd00e2830cf6bb496d2b2d97af92920cabf1,0,,NOT_APPLICABLE,exact basename or unique executable source mapping
https://github.com/intel/ledmon::ledmon,https://github.com/intel/ledmon,fedora,ledmon,ledmon,ledmon-1.1.0-4.fc44.src.rpm,U1_TEMPLATE_VALUE_ONLY,/home/emrecan/github/ecylmz/unittrace/artifacts/full/roots/sources/fedora/ledmon/ledmon-1.1.0-4.fc44.src.rpm/ledmon-1.1.0/systemd/ledmon.service.in,ledmon-1.1.0-4.fc44.src.rpm,a250ef903d689af7a8dc82b8e7cbcd00e2830cf6bb496d2b2d97af92920cabf1,0,,NOT_APPLICABLE,exact basename or unique executable source mapping
https://github.com/intel/ledmon::ledmon,https://github.com/intel/ledmon,ubuntu,ledmon,ledmon,0.97-1.2build1,U1_TEMPLATE_VALUE_ONLY,/home/emrecan/github/ecylmz/unittrace/artifacts/full/roots/sources/ubuntu/ledmon/0.97-1.2build1/ledmon-0.97/systemd/ledmon.service.in,0.97-1.2build1,a250ef903d689af7a8dc82b8e7cbcd00e2830cf6bb496d2b2d97af92920cabf1,0,,NOT_APPLICABLE,exact basename or unique executable source mapping
https://github.com/intel/qatlib::qatmgr,https://github.com/intel/qatlib,debian,qatlib-service,qatlib,24.02.0-1,U1_TEMPLATE_VALUE_ONLY,/home/emrecan/github/ecylmz/unittrace/artifacts/full/roots/sources/debian/qatlib/24.02.0-1/qatlib-24.02.0/quickassist/utilities/service/qat.service.in,24.02.0-1,6af80a065c7d874eacbbaf79bd3d372b77d0b78eab8399d7a3a44780cdb4dddc,0,,NOT_APPLICABLE,exact basename or unique executable source mapping
https://github.com/intel/qatlib::qatmgr,https://github.com/intel/qatlib,fedora,qatlib-service,qatlib,qatlib-26.02.0-2.fc44.src.rpm,U1_TEMPLATE_VALUE_ONLY,/home/emrecan/github/ecylmz/unittrace/artifacts/full/roots/sources/fedora/qatlib/qatlib-26.02.0-2.fc44.src.rpm/qatlib-26.02.0/quickassist/utilities/service/qat.service.in,qatlib-26.02.0-2.fc44.src.rpm,5d5692c4593837b16d8dae77a7b2dc427895fbc8256f1d11ed349b4314c05df9,0,,NOT_APPLICABLE,exact basename or unique executable source mapping
https://github.com/intel/qatlib::qatmgr,https://github.com/intel/qatlib,ubuntu,qatlib-service,qatlib,26.02.0-1,U1_TEMPLATE_VALUE_ONLY,/home/emrecan/github/ecylmz/unittrace/artifacts/full/roots/sources/ubuntu/qatlib/26.02.0-1/qatlib-26.02.0/quickassist/utilities/service/qat.service.in,26.02.0-1,5d5692c4593837b16d8dae77a7b2dc427895fbc8256f1d11ed349b4314c05df9,0,,NOT_APPLICABLE,exact basename or unique executable source mapping
https://github.com/intel/thermal_daemon::thermald,https://github.com/intel/thermal_daemon,arch,thermald,thermald,2:2.5.12-1,U1_TEMPLATE_VALUE_ONLY,/home/emrecan/github/ecylmz/unittrace/artifacts/full/roots/sources/arch/thermald/2:2.5.12-1/thermal_daemon-9996a1a1cdd01d32cd411459368a177f463d0047/data/thermald.service.in,2:2.5.12-1,9cf53d5a1c4dcfc0fb62ad7da77da0f020288d2268d35c6b9d954eca55cd2d5a,0,,NOT_APPLICABLE,exact basename or unique executable source mapping
https://github.com/intel/thermal_daemon::thermald,https://github.com/intel/thermal_daemon,debian,thermald,thermald,2.5.9-1,U1_TEMPLATE_VALUE_ONLY,/home/emrecan/github/ecylmz/unittrace/artifacts/full/roots/sources/debian/thermald/2.5.9-1/thermald-2.5.9/data/thermald.service.in,2.5.9-1,9cf53d5a1c4dcfc0fb62ad7da77da0f020288d2268d35c6b9d954eca55cd2d5a,0,,NOT_APPLICABLE,exact basename or unique executable source mapping
https://github.com/intel/thermal_daemon::thermald,https://github.com/intel/thermal_daemon,ubuntu,thermald,thermald,2.5.11-0ubuntu1,U1_TEMPLATE_VALUE_ONLY,/home/emrecan/github/ecylmz/unittrace/artifacts/full/roots/sources/ubuntu/thermald/2.5.11-0ubuntu1/thermald-2.5.11/data/thermald.service.in,2.5.11-0ubuntu1,9cf53d5a1c4dcfc0fb62ad7da77da0f020288d2268d35c6b9d954eca55cd2d5a,0,,NOT_APPLICABLE,exact basename or unique executable source mapping
https://github.com/jonnenauha/prometheus_varnish_exporter::prometheus-varnish-exporter,https://github.com/jonnenauha/prometheus_varnish_exporter,arch,prometheus-varnish-exporter,prometheus-varnish-exporter,1.6.1-1,U5_AMBIGUOUS_OR_UNRESOLVED,,1.6.1-1,,0,,NOT_ATTEMPTED,pristine source unavailable
https://github.com/jonnenauha/prometheus_varnish_exporter::prometheus-varnish-exporter,https://github.com/jonnenauha/prometheus_varnish_exporter,debian,prometheus-varnish-exporter,prometheus-varnish-exporter,1.6.1-3,U4_NO_UPSTREAM_STATIC_OR_TEMPLATE_UNIT,,1.6.1-3,,0,,NOT_APPLICABLE,complete pristine orig-tar inventory contained no service unit or template
https://github.com/jonnenauha/prometheus_varnish_exporter::prometheus-varnish-exporter,https://github.com/jonnenauha/prometheus_varnish_exporter,ubuntu,prometheus-varnish-exporter,prometheus-varnish-exporter,1.6.1-3,U4_NO_UPSTREAM_STATIC_OR_TEMPLATE_UNIT,,1.6.1-3,,0,,NOT_APPLICABLE,complete pristine orig-tar inventory contained no service unit or template
https://github.com/juanfont/headscale::headscale,https://github.com/juanfont/headscale,arch,headscale,headscale,0.29.3-1,U1_TEMPLATE_VALUE_ONLY,/home/emrecan/github/ecylmz/unittrace/artifacts/full/roots/sources/arch/headscale/0.29.3-1/headscale-0.29.3/packaging/systemd/headscale.service,0.29.3-1,839f0eb85576b49d0b5eed0ca9c78cd385af96d2a1984181ebe5a4bb6e871a68,0,,NOT_APPLICABLE,exact basename or unique executable source mapping
https://github.com/juanfont/headscale::headscale,https://github.com/juanfont/headscale,fedora,headscale,headscale,headscale-0.29.2-2.fc44.src.rpm,U5_AMBIGUOUS_OR_UNRESOLVED,,headscale-0.29.2-2.fc44.src.rpm,,0,,NOT_ATTEMPTED,pristine source unavailable
https://github.com/kdave/btrfsmaintenance::btrfsmaintenance-refresh-cron.sh,https://github.com/kdave/btrfsmaintenance,arch,btrfsmaintenance,btrfsmaintenance,0.5.2-3,U0_STATIC,/home/emrecan/github/ecylmz/unittrace/artifacts/full/roots/sources/arch/btrfsmaintenance/0.5.2-3/btrfsmaintenance-0.5.2/btrfsmaintenance-refresh.service,0.5.2-3,c4fa15d88256118e38d28b56ade444f947d4ea3d139082bcfc736bcca9ab2cf0,0,,NOT_APPLICABLE,exact basename or unique executable source mapping
https://github.com/kdave/btrfsmaintenance::btrfsmaintenance-refresh-cron.sh,https://github.com/kdave/btrfsmaintenance,fedora,btrfsmaintenance,btrfsmaintenance,btrfsmaintenance-0.5.2-6.fc44.src.rpm,U0_STATIC,/home/emrecan/github/ecylmz/unittrace/artifacts/full/roots/sources/fedora/btrfsmaintenance/btrfsmaintenance-0.5.2-6.fc44.src.rpm/btrfsmaintenance-0.5.2/btrfsmaintenance-refresh.service,btrfsmaintenance-0.5.2-6.fc44.src.rpm,c4fa15d88256118e38d28b56ade444f947d4ea3d139082bcfc736bcca9ab2cf0,0,,NOT_APPLICABLE,exact basename or unique executable source mapping
https://github.com/kdave/btrfsmaintenance::btrfsmaintenance-refresh-cron.sh,https://github.com/kdave/btrfsmaintenance,ubuntu,btrfsmaintenance,btrfsmaintenance,0.5.2-1build1,U0_STATIC,/home/emrecan/github/ecylmz/unittrace/artifacts/full/roots/sources/ubuntu/btrfsmaintenance/0.5.2-1build1/btrfsmaintenance-0.5.2/btrfsmaintenance-refresh.service,0.5.2-1build1,c4fa15d88256118e38d28b56ade444f947d4ea3d139082bcfc736bcca9ab2cf0,0,,NOT_APPLICABLE,exact basename or unique executable source mapping
https://github.com/kdave/btrfsmaintenance::upstream-unit::btrfs-balance.service,https://github.com/kdave/btrfsmaintenance,arch,btrfsmaintenance,btrfsmaintenance,0.5.2-3,U0_STATIC,/home/emrecan/github/ecylmz/unittrace/artifacts/full/roots/sources/arch/btrfsmaintenance/0.5.2-3/btrfsmaintenance-0.5.2/btrfs-balance.service,0.5.2-3,62ca4fa0817aab500cd5fff2412a1aa3f413952bfc17c7ce23d428876cadbae1,0,,NOT_APPLICABLE,exact basename or unique executable source mapping
https://github.com/kdave/btrfsmaintenance::upstream-unit::btrfs-balance.service,https://github.com/kdave/btrfsmaintenance,fedora,btrfsmaintenance,btrfsmaintenance,btrfsmaintenance-0.5.2-6.fc44.src.rpm,U0_STATIC,/home/emrecan/github/ecylmz/unittrace/artifacts/full/roots/sources/fedora/btrfsmaintenance/btrfsmaintenance-0.5.2-6.fc44.src.rpm/btrfsmaintenance-0.5.2/btrfs-balance.service,btrfsmaintenance-0.5.2-6.fc44.src.rpm,62ca4fa0817aab500cd5fff2412a1aa3f413952bfc17c7ce23d428876cadbae1,0,,NOT_APPLICABLE,exact basename or unique executable source mapping
https://github.com/kdave/btrfsmaintenance::upstream-unit::btrfs-balance.service,https://github.com/kdave/btrfsmaintenance,ubuntu,btrfsmaintenance,btrfsmaintenance,0.5.2-1build1,U0_STATIC,/home/emrecan/github/ecylmz/unittrace/artifacts/full/roots/sources/ubuntu/btrfsmaintenance/0.5.2-1build1/btrfsmaintenance-0.5.2/btrfs-balance.service,0.5.2-1build1,62ca4fa0817aab500cd5fff2412a1aa3f413952bfc17c7ce23d428876cadbae1,0,,NOT_APPLICABLE,exact basename or unique executable source mapping
https://github.com/kdave/btrfsmaintenance::upstream-unit::btrfs-defrag.service,https://github.com/kdave/btrfsmaintenance,arch,btrfsmaintenance,btrfsmaintenance,0.5.2-3,U0_STATIC,/home/emrecan/github/ecylmz/unittrace/artifacts/full/roots/sources/arch/btrfsmaintenance/0.5.2-3/btrfsmaintenance-0.5.2/btrfs-defrag.service,0.5.2-3,ef547a925fd05c1f8582277f123e5e39fef8505e8a2b30a9368a7b1f2740e23b,0,,NOT_APPLICABLE,exact basename or unique executable source mapping
https://github.com/kdave/btrfsmaintenance::upstream-unit::btrfs-defrag.service,https://github.com/kdave/btrfsmaintenance,fedora,btrfsmaintenance,btrfsmaintenance,btrfsmaintenance-0.5.2-6.fc44.src.rpm,U0_STATIC,/home/emrecan/github/ecylmz/unittrace/artifacts/full/roots/sources/fedora/btrfsmaintenance/btrfsmaintenance-0.5.2-6.fc44.src.rpm/btrfsmaintenance-0.5.2/btrfs-defrag.service,btrfsmaintenance-0.5.2-6.fc44.src.rpm,ef547a925fd05c1f8582277f123e5e39fef8505e8a2b30a9368a7b1f2740e23b,0,,NOT_APPLICABLE,exact basename or unique executable source mapping
https://github.com/kdave/btrfsmaintenance::upstream-unit::btrfs-defrag.service,https://github.com/kdave/btrfsmaintenance,ubuntu,btrfsmaintenance,btrfsmaintenance,0.5.2-1build1,U0_STATIC,/home/emrecan/github/ecylmz/unittrace/artifacts/full/roots/sources/ubuntu/btrfsmaintenance/0.5.2-1build1/btrfsmaintenance-0.5.2/btrfs-defrag.service,0.5.2-1build1,ef547a925fd05c1f8582277f123e5e39fef8505e8a2b30a9368a7b1f2740e23b,0,,NOT_APPLICABLE,exact basename or unique executable source mapping
https://github.com/kdave/btrfsmaintenance::upstream-unit::btrfs-scrub.service,https://github.com/kdave/btrfsmaintenance,arch,btrfsmaintenance,btrfsmaintenance,0.5.2-3,U0_STATIC,/home/emrecan/github/ecylmz/unittrace/artifacts/full/roots/sources/arch/btrfsmaintenance/0.5.2-3/btrfsmaintenance-0.5.2/btrfs-scrub.service,0.5.2-3,2efd0912523b442ae74e608d5b5187621f9d48285a731ab437be16f71c0a0172,0,,NOT_APPLICABLE,exact basename or unique executable source mapping
https://github.com/kdave/btrfsmaintenance::upstream-unit::btrfs-scrub.service,https://github.com/kdave/btrfsmaintenance,fedora,btrfsmaintenance,btrfsmaintenance,btrfsmaintenance-0.5.2-6.fc44.src.rpm,U0_STATIC,/home/emrecan/github/ecylmz/unittrace/artifacts/full/roots/sources/fedora/btrfsmaintenance/btrfsmaintenance-0.5.2-6.fc44.src.rpm/btrfsmaintenance-0.5.2/btrfs-scrub.service,btrfsmaintenance-0.5.2-6.fc44.src.rpm,2efd0912523b442ae74e608d5b5187621f9d48285a731ab437be16f71c0a0172,0,,NOT_APPLICABLE,exact basename or unique executable source mapping
https://github.com/kdave/btrfsmaintenance::upstream-unit::btrfs-scrub.service,https://github.com/kdave/btrfsmaintenance,ubuntu,btrfsmaintenance,btrfsmaintenance,0.5.2-1build1,U0_STATIC,/home/emrecan/github/ecylmz/unittrace/artifacts/full/roots/sources/ubuntu/btrfsmaintenance/0.5.2-1build1/btrfsmaintenance-0.5.2/btrfs-scrub.service,0.5.2-1build1,2efd0912523b442ae74e608d5b5187621f9d48285a731ab437be16f71c0a0172,0,,NOT_APPLICABLE,exact basename or unique executable source mapping
https://github.com/kdave/btrfsmaintenance::upstream-unit::btrfs-trim.service,https://github.com/kdave/btrfsmaintenance,arch,btrfsmaintenance,btrfsmaintenance,0.5.2-3,U0_STATIC,/home/emrecan/github/ecylmz/unittrace/artifacts/full/roots/sources/arch/btrfsmaintenance/0.5.2-3/btrfsmaintenance-0.5.2/btrfs-trim.service,0.5.2-3,4c20ffce4b72de850f2119d4174f9aa67d4b3b347faa31d7d44f6c8cfa2dbe50,0,,NOT_APPLICABLE,exact basename or unique executable source mapping
https://github.com/kdave/btrfsmaintenance::upstream-unit::btrfs-trim.service,https://github.com/kdave/btrfsmaintenance,fedora,btrfsmaintenance,btrfsmaintenance,btrfsmaintenance-0.5.2-6.fc44.src.rpm,U0_STATIC,/home/emrecan/github/ecylmz/unittrace/artifacts/full/roots/sources/fedora/btrfsmaintenance/btrfsmaintenance-0.5.2-6.fc44.src.rpm/btrfsmaintenance-0.5.2/btrfs-trim.service,btrfsmaintenance-0.5.2-6.fc44.src.rpm,4c20ffce4b72de850f2119d4174f9aa67d4b3b347faa31d7d44f6c8cfa2dbe50,0,,NOT_APPLICABLE,exact basename or unique executable source mapping
https://github.com/kdave/btrfsmaintenance::upstream-unit::btrfs-trim.service,https://github.com/kdave/btrfsmaintenance,ubuntu,btrfsmaintenance,btrfsmaintenance,0.5.2-1build1,U0_STATIC,/home/emrecan/github/ecylmz/unittrace/artifacts/full/roots/sources/ubuntu/btrfsmaintenance/0.5.2-1build1/btrfsmaintenance-0.5.2/btrfs-trim.service,0.5.2-1build1,4c20ffce4b72de850f2119d4174f9aa67d4b3b347faa31d7d44f6c8cfa2dbe50,0,,NOT_APPLICABLE,exact basename or unique executable source mapping
https://github.com/kmscon/kmscon::kmscon,https://github.com/kmscon/kmscon,arch,kmscon,kmscon,10.0.1-1,U2_TEMPLATE_STRUCTURAL,/home/emrecan/github/ecylmz/unittrace/artifacts/full/roots/sources/arch/kmscon/10.0.1-1/kmscon-c9d0e23336c6bb7645a1f5f48a4a82f1d5a589d9/scripts/systemd/kmscon.service.in,10.0.1-1,a459ceabbf9373fc8a94c213a68b6ccc3294112e05b5d1f54a779c1a5903f64b,1,,NOT_APPLICABLE,exact basename or unique executable source mapping
https://github.com/kmscon/kmscon::kmscon,https://github.com/kmscon/kmscon,fedora,kmscon,kmscon,kmscon-10.0.1-1.fc44.src.rpm,U2_TEMPLATE_STRUCTURAL,/home/emrecan/github/ecylmz/unittrace/artifacts/full/roots/sources/fedora/kmscon/kmscon-10.0.1-1.fc44.src.rpm/kmscon-10.0.1/scripts/systemd/kmscon.service.in,kmscon-10.0.1-1.fc44.src.rpm,a459ceabbf9373fc8a94c213a68b6ccc3294112e05b5d1f54a779c1a5903f64b,1,,NOT_APPLICABLE,exact basename or unique executable source mapping
https://github.com/ksmtuned/ksmtuned::ksmctl,https://github.com/ksmtuned/ksmtuned,debian,ksmtuned,ksmtuned,4.20150326+nmu1,U5_AMBIGUOUS_OR_UNRESOLVED,,4.20150326+nmu1,,0,,NOT_ATTEMPTED,pristine source unavailable
https://github.com/ksmtuned/ksmtuned::ksmctl,https://github.com/ksmtuned/ksmtuned,fedora,ksmtuned,ksmtuned,ksmtuned-0.1.0-18.fc44.src.rpm,U1_TEMPLATE_VALUE_ONLY,/home/emrecan/github/ecylmz/unittrace/artifacts/full/roots/sources/fedora/ksmtuned/ksmtuned-0.1.0-18.fc44.src.rpm/ksmtuned-0.1.0/data/ksm.service.in,ksmtuned-0.1.0-18.fc44.src.rpm,adbf4c34f7f6577142e6d4ba48f7e95095eb476436c74bbab99342fde572cf74,0,,NOT_APPLICABLE,exact basename or unique executable source mapping
https://github.com/ksmtuned/ksmtuned::ksmctl,https://github.com/ksmtuned/ksmtuned,ubuntu,ksmtuned,ksmtuned,4.20150326+nn-1,U0_STATIC,/home/emrecan/github/ecylmz/unittrace/artifacts/full/roots/sources/ubuntu/ksmtuned/4.20150326+nn-1/ksmtuned-4.20150326+nmu1/ksm.service,4.20150326+nn-1,21e18a8fe61e5123f516a5b07a491e0a83b34022d55119202c51a51e3e1f9546,0,,NOT_APPLICABLE,exact basename or unique executable source mapping
https://github.com/ksmtuned/ksmtuned::ksmtuned,https://github.com/ksmtuned/ksmtuned,debian,ksmtuned,ksmtuned,4.20150326+nmu1,U5_AMBIGUOUS_OR_UNRESOLVED,,4.20150326+nmu1,,0,,NOT_ATTEMPTED,pristine source unavailable
https://github.com/ksmtuned/ksmtuned::ksmtuned,https://github.com/ksmtuned/ksmtuned,fedora,ksmtuned,ksmtuned,ksmtuned-0.1.0-18.fc44.src.rpm,U1_TEMPLATE_VALUE_ONLY,/home/emrecan/github/ecylmz/unittrace/artifacts/full/roots/sources/fedora/ksmtuned/ksmtuned-0.1.0-18.fc44.src.rpm/ksmtuned-0.1.0/data/ksmtuned.service.in,ksmtuned-0.1.0-18.fc44.src.rpm,adfe32699dd437b2f84986f2ac085573af3e9cdad2edbd2eafb0055ccac3af8b,0,,NOT_APPLICABLE,exact basename or unique executable source mapping
https://github.com/ksmtuned/ksmtuned::ksmtuned,https://github.com/ksmtuned/ksmtuned,ubuntu,ksmtuned,ksmtuned,4.20150326+nn-1,U1_TEMPLATE_VALUE_ONLY,/home/emrecan/github/ecylmz/unittrace/artifacts/full/roots/sources/ubuntu/ksmtuned/4.20150326+nn-1/ksmtuned-4.20150326+nmu1/ksmtuned.service,4.20150326+nn-1,f67c4a64b4898e4786ab6b5882d846bce56f46958f35aedbab696f1fbaf58e03,0,,NOT_APPLICABLE,exact basename or unique executable source mapping
https://github.com/latchset/clevis::clevis-luks-askpass,https://github.com/latchset/clevis,arch,clevis,clevis,21-1,U1_TEMPLATE_VALUE_ONLY,/home/emrecan/github/ecylmz/unittrace/artifacts/full/roots/sources/arch/clevis/21-1/clevis-29debf6a227ad467b6827eb9818ae5f2243c257c/src/luks/systemd/clevis-luks-askpass.service.in,21-1,0a8bcde046ff74cd0edc34249d732875fa11790db1bd48f4e8a59fd9ff68e0f1,0,,NOT_APPLICABLE,exact basename or unique executable source mapping
https://github.com/latchset/clevis::clevis-luks-askpass,https://github.com/latchset/clevis,debian,clevis-systemd,clevis,20-1,U1_TEMPLATE_VALUE_ONLY,/home/emrecan/github/ecylmz/unittrace/artifacts/full/roots/sources/debian/clevis/20-1/clevis-20/src/luks/systemd/clevis-luks-askpass.service.in,20-1,0a8bcde046ff74cd0edc34249d732875fa11790db1bd48f4e8a59fd9ff68e0f1,0,,NOT_APPLICABLE,exact basename or unique executable source mapping
https://github.com/latchset/clevis::clevis-luks-askpass,https://github.com/latchset/clevis,fedora,clevis-systemd,clevis,clevis-21-14.fc44.src.rpm,U1_TEMPLATE_VALUE_ONLY,/home/emrecan/github/ecylmz/unittrace/artifacts/full/roots/sources/fedora/clevis/clevis-21-14.fc44.src.rpm/clevis-21/src/luks/systemd/clevis-luks-askpass.service.in,clevis-21-14.fc44.src.rpm,0a8bcde046ff74cd0edc34249d732875fa11790db1bd48f4e8a59fd9ff68e0f1,0,,NOT_APPLICABLE,exact basename or unique executable source mapping
https://github.com/latchset/clevis::clevis-luks-askpass,https://github.com/latchset/clevis,ubuntu,clevis-systemd,clevis,20-1ubuntu2,U1_TEMPLATE_VALUE_ONLY,/home/emrecan/github/ecylmz/unittrace/artifacts/full/roots/sources/ubuntu/clevis/20-1ubuntu2/clevis-20/src/luks/systemd/clevis-luks-askpass.service.in,20-1ubuntu2,0a8bcde046ff74cd0edc34249d732875fa11790db1bd48f4e8a59fd9ff68e0f1,0,,NOT_APPLICABLE,exact basename or unique executable source mapping
https://github.com/latchset/clevis::upstream-unit::src/luks/systemd/clevis-luks-pkcs11-askpass.service,https://github.com/latchset/clevis,arch,clevis,clevis,21-1,U1_TEMPLATE_VALUE_ONLY,/home/emrecan/github/ecylmz/unittrace/artifacts/full/roots/sources/arch/clevis/21-1/clevis-29debf6a227ad467b6827eb9818ae5f2243c257c/src/luks/systemd/clevis-luks-pkcs11-askpass.service.in,21-1,81d7c9f7f820bde2842b74e7a2bb856318125534a380e9920c697a816b494a63,0,,NOT_APPLICABLE,exact basename or unique executable source mapping
https://github.com/latchset/clevis::upstream-unit::src/luks/systemd/clevis-luks-pkcs11-askpass.service,https://github.com/latchset/clevis,fedora,clevis-pin-pkcs11,clevis,clevis-21-14.fc44.src.rpm,U1_TEMPLATE_VALUE_ONLY,/home/emrecan/github/ecylmz/unittrace/artifacts/full/roots/sources/fedora/clevis/clevis-21-14.fc44.src.rpm/clevis-21/src/luks/systemd/clevis-luks-pkcs11-askpass.service.in,clevis-21-14.fc44.src.rpm,81d7c9f7f820bde2842b74e7a2bb856318125534a380e9920c697a816b494a63,0,,NOT_APPLICABLE,exact basename or unique executable source mapping
https://github.com/libratbag/libratbag::ratbagd,https://github.com/libratbag/libratbag,arch,libratbag,libratbag,0.18-1,U1_TEMPLATE_VALUE_ONLY,/home/emrecan/github/ecylmz/unittrace/artifacts/full/roots/sources/arch/libratbag/0.18-1/libratbag-9f4789f8746188a75cd3090e94adf984f0ac4cc6/ratbagd/ratbagd.service.in,0.18-1,f265ebec73984828a73bfe8b221bffb35c2731638dc4e160262063dcb58607f3,0,,NOT_APPLICABLE,exact basename or unique executable source mapping
https://github.com/libratbag/libratbag::ratbagd,https://github.com/libratbag/libratbag,debian,ratbagd,libratbag,0.18-1,U1_TEMPLATE_VALUE_ONLY,/home/emrecan/github/ecylmz/unittrace/artifacts/full/roots/sources/debian/libratbag/0.18-1/libratbag-0.18/ratbagd/ratbagd.service.in,0.18-1,f265ebec73984828a73bfe8b221bffb35c2731638dc4e160262063dcb58607f3,0,,NOT_APPLICABLE,exact basename or unique executable source mapping
https://github.com/libratbag/libratbag::ratbagd,https://github.com/libratbag/libratbag,fedora,libratbag-ratbagd,libratbag,libratbag-0.18-5.fc44.src.rpm,U1_TEMPLATE_VALUE_ONLY,/home/emrecan/github/ecylmz/unittrace/artifacts/full/roots/sources/fedora/libratbag/libratbag-0.18-5.fc44.src.rpm/libratbag-0.18/ratbagd/ratbagd.service.in,libratbag-0.18-5.fc44.src.rpm,f265ebec73984828a73bfe8b221bffb35c2731638dc4e160262063dcb58607f3,0,,NOT_APPLICABLE,exact basename or unique executable source mapping
https://github.com/libratbag/libratbag::ratbagd,https://github.com/libratbag/libratbag,ubuntu,ratbagd,libratbag,0.18-1build1,U1_TEMPLATE_VALUE_ONLY,/home/emrecan/github/ecylmz/unittrace/artifacts/full/roots/sources/ubuntu/libratbag/0.18-1build1/libratbag-0.18/ratbagd/ratbagd.service.in,0.18-1build1,f265ebec73984828a73bfe8b221bffb35c2731638dc4e160262063dcb58607f3,0,,NOT_APPLICABLE,exact basename or unique executable source mapping
https://github.com/linux-application-whitelisting/fapolicyd::upstream-unit::init/fapolicyd.service,https://github.com/linux-application-whitelisting/fapolicyd,debian,fapolicyd,fapolicyd,1.3.4-1,U0_STATIC,/home/emrecan/github/ecylmz/unittrace/artifacts/full/roots/sources/debian/fapolicyd/1.3.4-1/fapolicyd-1.3.4/init/fapolicyd.service,1.3.4-1,5f7d3673b5b128a4171fbacad511fde34b04412b425c319fc9d912e33412498a,0,,NOT_APPLICABLE,exact basename or unique executable source mapping
https://github.com/linux-application-whitelisting/fapolicyd::upstream-unit::init/fapolicyd.service,https://github.com/linux-application-whitelisting/fapolicyd,ubuntu,fapolicyd,fapolicyd,1.3.6-1,U0_STATIC,/home/emrecan/github/ecylmz/unittrace/artifacts/full/roots/sources/ubuntu/fapolicyd/1.3.6-1/fapolicyd-1.3.6/init/fapolicyd.service,1.3.6-1,0879e17974035aafd0034c41f8867e95b4fbf4ed48ed48263a5b932a7da43eca,0,,NOT_APPLICABLE,exact basename or unique executable source mapping
https://github.com/linux-audit/audit-userspace::auditd,https://github.com/linux-audit/audit-userspace,arch,audit,audit,4.2.1-1,U1_TEMPLATE_VALUE_ONLY,/home/emrecan/github/ecylmz/unittrace/artifacts/full/roots/sources/arch/audit/4.2.1-1/audit-userspace-4.2.1/init.d/auditd.service.in,4.2.1-1,a4d845dd0a737744c75cfdae139d62a5e7e39c6c12107e354ee0c9806f7c97a1,0,,NOT_APPLICABLE,exact basename or unique executable source mapping
https://github.com/linux-audit/audit-userspace::auditd,https://github.com/linux-audit/audit-userspace,fedora,audit,audit,audit-4.2.1-1.fc44.src.rpm,U1_TEMPLATE_VALUE_ONLY,/home/emrecan/github/ecylmz/unittrace/artifacts/full/roots/sources/fedora/audit/audit-4.2.1-1.fc44.src.rpm/audit-userspace-4.2.1/init.d/auditd.service.in,audit-4.2.1-1.fc44.src.rpm,a4d845dd0a737744c75cfdae139d62a5e7e39c6c12107e354ee0c9806f7c97a1,0,,NOT_APPLICABLE,exact basename or unique executable source mapping
https://github.com/linux-audit/audit-userspace::augenrules,https://github.com/linux-audit/audit-userspace,arch,audit,audit,4.2.1-1,U1_TEMPLATE_VALUE_ONLY,/home/emrecan/github/ecylmz/unittrace/artifacts/full/roots/sources/arch/audit/4.2.1-1/audit-userspace-4.2.1/init.d/audit-rules.service.in,4.2.1-1,41ffc6529ce1630da366d49fbad8f4f4cd524d3851621814db8b2f4ad89230e6,0,,NOT_APPLICABLE,exact basename or unique executable source mapping
https://github.com/linux-audit/audit-userspace::augenrules,https://github.com/linux-audit/audit-userspace,fedora,audit-rules,audit,audit-4.2.1-1.fc44.src.rpm,U1_TEMPLATE_VALUE_ONLY,/home/emrecan/github/ecylmz/unittrace/artifacts/full/roots/sources/fedora/audit/audit-4.2.1-1.fc44.src.rpm/audit-userspace-4.2.1/init.d/audit-rules.service.in,audit-4.2.1-1.fc44.src.rpm,41ffc6529ce1630da366d49fbad8f4f4cd524d3851621814db8b2f4ad89230e6,0,,NOT_APPLICABLE,exact basename or unique executable source mapping
https://github.com/linux-msm/qbootctl::qbootctl,https://github.com/linux-msm/qbootctl,debian,qbootctl,qbootctl,0.2.2-1,U4_NO_UPSTREAM_STATIC_OR_TEMPLATE_UNIT,,0.2.2-1,,0,,NOT_APPLICABLE,complete pristine orig-tar inventory contained no service unit or template
https://github.com/linux-msm/qbootctl::qbootctl,https://github.com/linux-msm/qbootctl,fedora,qbootctl,qbootctl,qbootctl-0.2.2-2.fc44.src.rpm,U4_NO_UPSTREAM_STATIC_OR_TEMPLATE_UNIT,,qbootctl-0.2.2-2.fc44.src.rpm,,0,,NOT_APPLICABLE,complete pristine orig-tar inventory contained no service unit or template
https://github.com/linux-msm/qbootctl::qbootctl,https://github.com/linux-msm/qbootctl,ubuntu,qbootctl,qbootctl,0.2.2-1build1,U4_NO_UPSTREAM_STATIC_OR_TEMPLATE_UNIT,,0.2.2-1build1,,0,,NOT_APPLICABLE,complete pristine orig-tar inventory contained no service unit or template
https://github.com/linux-msm/tqftpserv::tqftpserv,https://github.com/linux-msm/tqftpserv,debian,tqftpserv,tqftpserv,1.1-4,U1_TEMPLATE_VALUE_ONLY,/home/emrecan/github/ecylmz/unittrace/artifacts/full/roots/sources/debian/tqftpserv/1.1-4/tqftpserv-1.1/tqftpserv.service.in,1.1-4,1dcc9abc8ca7e02868ac4468d010dbd3b849c192cbb318c0fb986829ae474203,0,,NOT_APPLICABLE,exact basename or unique executable source mapping
https://github.com/linux-msm/tqftpserv::tqftpserv,https://github.com/linux-msm/tqftpserv,fedora,tqftpserv,tqftpserv,tqftpserv-1.1.1-3.fc44.src.rpm,U1_TEMPLATE_VALUE_ONLY,/home/emrecan/github/ecylmz/unittrace/artifacts/full/roots/sources/fedora/tqftpserv/tqftpserv-1.1.1-3.fc44.src.rpm/tqftpserv-1.1.1/tqftpserv.service.in,tqftpserv-1.1.1-3.fc44.src.rpm,37aae133c20ecf86d1089d09a8dbf716a2e63fa2c746d723cc25fd3b5619b9aa,0,,NOT_APPLICABLE,exact basename or unique executable source mapping
https://github.com/linux-msm/tqftpserv::tqftpserv,https://github.com/linux-msm/tqftpserv,ubuntu,tqftpserv,tqftpserv,1.1.1-1,U1_TEMPLATE_VALUE_ONLY,/home/emrecan/github/ecylmz/unittrace/artifacts/full/roots/sources/ubuntu/tqftpserv/1.1.1-1/tqftpserv-1.1.1/tqftpserv.service.in,1.1.1-1,37aae133c20ecf86d1089d09a8dbf716a2e63fa2c746d723cc25fd3b5619b9aa,0,,NOT_APPLICABLE,exact basename or unique executable source mapping
https://github.com/linux-nvme/nvme-cli::upstream-unit::nvmf-autoconnect/systemd/nvmefc-boot-connections.service,https://github.com/linux-nvme/nvme-cli,arch,nvme-cli,nvme-cli,2.16-2,U1_TEMPLATE_VALUE_ONLY,/home/emrecan/github/ecylmz/unittrace/artifacts/full/roots/sources/arch/nvme-cli/2.16-2/nvme-cli-2.16/nvmf-autoconnect/systemd/nvmefc-boot-connections.service.in,2.16-2,cd802c1d800c2c4e07a4de3fc7a00bceb40abdceac5ab49af2a61fdfbc0e6306,0,,NOT_APPLICABLE,exact basename or unique executable source mapping
https://github.com/linux-nvme/nvme-cli::upstream-unit::nvmf-autoconnect/systemd/nvmefc-boot-connections.service,https://github.com/linux-nvme/nvme-cli,debian,nvme-cli,nvme-cli,2.13-2,U1_TEMPLATE_VALUE_ONLY,/home/emrecan/github/ecylmz/unittrace/artifacts/full/roots/sources/debian/nvme-cli/2.13-2/nvme-cli-2.13/nvmf-autoconnect/systemd/nvmefc-boot-connections.service.in,2.13-2,cd802c1d800c2c4e07a4de3fc7a00bceb40abdceac5ab49af2a61fdfbc0e6306,0,,NOT_APPLICABLE,exact basename or unique executable source mapping
https://github.com/linux-nvme/nvme-cli::upstream-unit::nvmf-autoconnect/systemd/nvmefc-boot-connections.service,https://github.com/linux-nvme/nvme-cli,fedora,nvme-cli,nvme-cli,nvme-cli-2.16-2.fc44.src.rpm,U1_TEMPLATE_VALUE_ONLY,/home/emrecan/github/ecylmz/unittrace/artifacts/full/roots/sources/fedora/nvme-cli/nvme-cli-2.16-2.fc44.src.rpm/nvme-cli-2.16/nvmf-autoconnect/systemd/nvmefc-boot-connections.service.in,nvme-cli-2.16-2.fc44.src.rpm,cd802c1d800c2c4e07a4de3fc7a00bceb40abdceac5ab49af2a61fdfbc0e6306,0,,NOT_APPLICABLE,exact basename or unique executable source mapping
https://github.com/linux-nvme/nvme-cli::upstream-unit::nvmf-autoconnect/systemd/nvmefc-boot-connections.service,https://github.com/linux-nvme/nvme-cli,ubuntu,nvme-cli,nvme-cli,2.16-1,U1_TEMPLATE_VALUE_ONLY,/home/emrecan/github/ecylmz/unittrace/artifacts/full/roots/sources/ubuntu/nvme-cli/2.16-1/nvme-cli-2.16/nvmf-autoconnect/systemd/nvmefc-boot-connections.service.in,2.16-1,cd802c1d800c2c4e07a4de3fc7a00bceb40abdceac5ab49af2a61fdfbc0e6306,0,,NOT_APPLICABLE,exact basename or unique executable source mapping
https://github.com/linux-rdma/opensm::sh,https://github.com/linux-rdma/opensm,debian,opensm,opensm,3.3.23-3.1,U4_NO_UPSTREAM_STATIC_OR_TEMPLATE_UNIT,,3.3.23-3.1,,0,,NOT_APPLICABLE,complete pristine orig-tar inventory contained no service unit or template
https://github.com/linux-rdma/opensm::sh,https://github.com/linux-rdma/opensm,ubuntu,opensm,opensm,3.3.23-3.1build1,U4_NO_UPSTREAM_STATIC_OR_TEMPLATE_UNIT,,3.3.23-3.1build1,,0,,NOT_APPLICABLE,complete pristine orig-tar inventory contained no service unit or template
https://github.com/linux-rdma/rdma-core::ibacm,https://github.com/linux-rdma/rdma-core,arch,rdma-core,rdma-core,64.0-1,U1_TEMPLATE_VALUE_ONLY,/home/emrecan/github/ecylmz/unittrace/artifacts/full/roots/sources/arch/rdma-core/64.0-1/rdma-core-64.0/ibacm/ibacm.service.in,64.0-1,71329a1ce6c026bdcf6375fd0029201cc99ebbb7113cd7f69923062b5f2f4b1c,0,,NOT_APPLICABLE,exact basename or unique executable source mapping
https://github.com/linux-rdma/rdma-core::ibacm,https://github.com/linux-rdma/rdma-core,debian,ibacm,rdma-core,56.1-1,U1_TEMPLATE_VALUE_ONLY,/home/emrecan/github/ecylmz/unittrace/artifacts/full/roots/sources/debian/rdma-core/56.1-1/rdma-core-56.1/ibacm/ibacm.service.in,56.1-1,71329a1ce6c026bdcf6375fd0029201cc99ebbb7113cd7f69923062b5f2f4b1c,0,,NOT_APPLICABLE,exact basename or unique executable source mapping
https://github.com/linux-rdma/rdma-core::ibacm,https://github.com/linux-rdma/rdma-core,fedora,ibacm,rdma-core,rdma-core-61.0-2.fc44.src.rpm,U1_TEMPLATE_VALUE_ONLY,/home/emrecan/github/ecylmz/unittrace/artifacts/full/roots/sources/fedora/rdma-core/rdma-core-61.0-2.fc44.src.rpm/rdma-core-61.0/ibacm/ibacm.service.in,rdma-core-61.0-2.fc44.src.rpm,71329a1ce6c026bdcf6375fd0029201cc99ebbb7113cd7f69923062b5f2f4b1c,0,,NOT_APPLICABLE,exact basename or unique executable source mapping
https://github.com/linux-rdma/rdma-core::ibacm,https://github.com/linux-rdma/rdma-core,ubuntu,ibacm,rdma-core,61.0-2ubuntu3,U1_TEMPLATE_VALUE_ONLY,/home/emrecan/github/ecylmz/unittrace/artifacts/full/roots/sources/ubuntu/rdma-core/61.0-2ubuntu3/rdma-core-61.0/ibacm/ibacm.service.in,61.0-2ubuntu3,71329a1ce6c026bdcf6375fd0029201cc99ebbb7113cd7f69923062b5f2f4b1c,0,,NOT_APPLICABLE,exact basename or unique executable source mapping
https://github.com/linux-rdma/rdma-core::iwpmd,https://github.com/linux-rdma/rdma-core,arch,rdma-core,rdma-core,64.0-1,U1_TEMPLATE_VALUE_ONLY,/home/emrecan/github/ecylmz/unittrace/artifacts/full/roots/sources/arch/rdma-core/64.0-1/rdma-core-64.0/iwpmd/iwpmd.service.in,64.0-1,99e00c072ea376cb02c5ad28e82789a4a1f5dc8b4c9851a7cfbc47911512eb63,0,,NOT_APPLICABLE,exact basename or unique executable source mapping
https://github.com/linux-rdma/rdma-core::iwpmd,https://github.com/linux-rdma/rdma-core,debian,rdma-core,rdma-core,56.1-1,U1_TEMPLATE_VALUE_ONLY,/home/emrecan/github/ecylmz/unittrace/artifacts/full/roots/sources/debian/rdma-core/56.1-1/rdma-core-56.1/iwpmd/iwpmd.service.in,56.1-1,99e00c072ea376cb02c5ad28e82789a4a1f5dc8b4c9851a7cfbc47911512eb63,0,,NOT_APPLICABLE,exact basename or unique executable source mapping
https://github.com/linux-rdma/rdma-core::iwpmd,https://github.com/linux-rdma/rdma-core,fedora,iwpmd,rdma-core,rdma-core-61.0-2.fc44.src.rpm,U1_TEMPLATE_VALUE_ONLY,/home/emrecan/github/ecylmz/unittrace/artifacts/full/roots/sources/fedora/rdma-core/rdma-core-61.0-2.fc44.src.rpm/rdma-core-61.0/iwpmd/iwpmd.service.in,rdma-core-61.0-2.fc44.src.rpm,99e00c072ea376cb02c5ad28e82789a4a1f5dc8b4c9851a7cfbc47911512eb63,0,,NOT_APPLICABLE,exact basename or unique executable source mapping
https://github.com/linux-rdma/rdma-core::iwpmd,https://github.com/linux-rdma/rdma-core,ubuntu,rdma-core,rdma-core,61.0-2ubuntu3,U1_TEMPLATE_VALUE_ONLY,/home/emrecan/github/ecylmz/unittrace/artifacts/full/roots/sources/ubuntu/rdma-core/61.0-2ubuntu3/rdma-core-61.0/iwpmd/iwpmd.service.in,61.0-2ubuntu3,99e00c072ea376cb02c5ad28e82789a4a1f5dc8b4c9851a7cfbc47911512eb63,0,,NOT_APPLICABLE,exact basename or unique executable source mapping
https://github.com/linux-rdma/rdma-core::rdma-ndd,https://github.com/linux-rdma/rdma-core,arch,rdma-core,rdma-core,64.0-1,U1_TEMPLATE_VALUE_ONLY,/home/emrecan/github/ecylmz/unittrace/artifacts/full/roots/sources/arch/rdma-core/64.0-1/rdma-core-64.0/rdma-ndd/rdma-ndd.service.in,64.0-1,43894ec68db7d7c9ce60ebf957fff97ca9d5609af59f616c534822bf622ebb05,0,,NOT_APPLICABLE,exact basename or unique executable source mapping
https://github.com/linux-rdma/rdma-core::rdma-ndd,https://github.com/linux-rdma/rdma-core,debian,rdma-core,rdma-core,56.1-1,U1_TEMPLATE_VALUE_ONLY,/home/emrecan/github/ecylmz/unittrace/artifacts/full/roots/sources/debian/rdma-core/56.1-1/rdma-core-56.1/rdma-ndd/rdma-ndd.service.in,56.1-1,43894ec68db7d7c9ce60ebf957fff97ca9d5609af59f616c534822bf622ebb05,0,,NOT_APPLICABLE,exact basename or unique executable source mapping
https://github.com/linux-rdma/rdma-core::rdma-ndd,https://github.com/linux-rdma/rdma-core,fedora,rdma-core,rdma-core,rdma-core-61.0-2.fc44.src.rpm,U1_TEMPLATE_VALUE_ONLY,/home/emrecan/github/ecylmz/unittrace/artifacts/full/roots/sources/fedora/rdma-core/rdma-core-61.0-2.fc44.src.rpm/rdma-core-61.0/rdma-ndd/rdma-ndd.service.in,rdma-core-61.0-2.fc44.src.rpm,43894ec68db7d7c9ce60ebf957fff97ca9d5609af59f616c534822bf622ebb05,0,,NOT_APPLICABLE,exact basename or unique executable source mapping
https://github.com/linux-rdma/rdma-core::rdma-ndd,https://github.com/linux-rdma/rdma-core,ubuntu,rdma-core,rdma-core,61.0-2ubuntu3,U1_TEMPLATE_VALUE_ONLY,/home/emrecan/github/ecylmz/unittrace/artifacts/full/roots/sources/ubuntu/rdma-core/61.0-2ubuntu3/rdma-core-61.0/rdma-ndd/rdma-ndd.service.in,61.0-2ubuntu3,43894ec68db7d7c9ce60ebf957fff97ca9d5609af59f616c534822bf622ebb05,0,,NOT_APPLICABLE,exact basename or unique executable source mapping
https://github.com/linux-rdma/rdma-core::start_on_all_ports,https://github.com/linux-rdma/rdma-core,arch,rdma-core,rdma-core,64.0-1,U1_TEMPLATE_VALUE_ONLY,/home/emrecan/github/ecylmz/unittrace/artifacts/full/roots/sources/arch/rdma-core/64.0-1/rdma-core-64.0/srp_daemon/srp_daemon.service.in,64.0-1,52b059ad4eeb882ac1b4fa5d07ccfbb8c2871cc3be8df44610005090b43d7d39,0,,NOT_APPLICABLE,exact basename or unique executable source mapping
https://github.com/linux-rdma/rdma-core::start_on_all_ports,https://github.com/linux-rdma/rdma-core,debian,srptools,rdma-core,56.1-1,U1_TEMPLATE_VALUE_ONLY,/home/emrecan/github/ecylmz/unittrace/artifacts/full/roots/sources/debian/rdma-core/56.1-1/rdma-core-56.1/srp_daemon/srp_daemon.service.in,56.1-1,52b059ad4eeb882ac1b4fa5d07ccfbb8c2871cc3be8df44610005090b43d7d39,0,,NOT_APPLICABLE,exact basename or unique executable source mapping
https://github.com/linux-rdma/rdma-core::start_on_all_ports,https://github.com/linux-rdma/rdma-core,fedora,srp_daemon,rdma-core,rdma-core-61.0-2.fc44.src.rpm,U1_TEMPLATE_VALUE_ONLY,/home/emrecan/github/ecylmz/unittrace/artifacts/full/roots/sources/fedora/rdma-core/rdma-core-61.0-2.fc44.src.rpm/rdma-core-61.0/srp_daemon/srp_daemon.service.in,rdma-core-61.0-2.fc44.src.rpm,52b059ad4eeb882ac1b4fa5d07ccfbb8c2871cc3be8df44610005090b43d7d39,0,,NOT_APPLICABLE,exact basename or unique executable source mapping
https://github.com/linux-rdma/rdma-core::start_on_all_ports,https://github.com/linux-rdma/rdma-core,ubuntu,srptools,rdma-core,61.0-2ubuntu3,U1_TEMPLATE_VALUE_ONLY,/home/emrecan/github/ecylmz/unittrace/artifacts/full/roots/sources/ubuntu/rdma-core/61.0-2ubuntu3/rdma-core-61.0/srp_daemon/srp_daemon.service.in,61.0-2ubuntu3,52b059ad4eeb882ac1b4fa5d07ccfbb8c2871cc3be8df44610005090b43d7d39,0,,NOT_APPLICABLE,exact basename or unique executable source mapping
https://github.com/linuxdeepin/dde-api::upstream-unit::misc/systemd/system/deepin-api-device.service,https://github.com/linuxdeepin/dde-api,arch,deepin-api,deepin-api,6.0.45-1,U0_STATIC,/home/emrecan/github/ecylmz/unittrace/artifacts/full/roots/sources/arch/deepin-api/6.0.45-1/dde-api-a189a86675fbdba9eea953f5cdc19f9880d11f0a/misc/systemd/system/deepin-api-device.service,6.0.45-1,bc71b153cda060c05d75c8ba9ab4a9740ac151c65ae1c0f3474c84cfc37adfc6,0,,NOT_APPLICABLE,exact basename or unique executable source mapping
https://github.com/linuxdeepin/dde-api::upstream-unit::misc/systemd/system/deepin-api-device.service,https://github.com/linuxdeepin/dde-api,fedora,deepin-api,deepin-api,deepin-api-6.0.34-2.fc44.src.rpm,U0_STATIC,/home/emrecan/github/ecylmz/unittrace/artifacts/full/roots/sources/fedora/deepin-api/deepin-api-6.0.34-2.fc44.src.rpm/dde-api-6.0.34/misc/systemd/system/deepin-api-device.service,deepin-api-6.0.34-2.fc44.src.rpm,bc71b153cda060c05d75c8ba9ab4a9740ac151c65ae1c0f3474c84cfc37adfc6,0,,NOT_APPLICABLE,exact basename or unique executable source mapping
https://github.com/linuxdeepin/dde-api::upstream-unit::misc/systemd/system/deepin-login-sound.service,https://github.com/linuxdeepin/dde-api,arch,deepin-api,deepin-api,6.0.45-1,U0_STATIC,/home/emrecan/github/ecylmz/unittrace/artifacts/full/roots/sources/arch/deepin-api/6.0.45-1/dde-api-a189a86675fbdba9eea953f5cdc19f9880d11f0a/misc/systemd/system/deepin-login-sound.service,6.0.45-1,67a693e85657b6c140c8066c3e57de13899116a0f6bc7fe0ed901e9117e2c604,0,,NOT_APPLICABLE,exact basename or unique executable source mapping
https://github.com/linuxdeepin/dde-api::upstream-unit::misc/systemd/system/deepin-login-sound.service,https://github.com/linuxdeepin/dde-api,fedora,deepin-api,deepin-api,deepin-api-6.0.34-2.fc44.src.rpm,U0_STATIC,/home/emrecan/github/ecylmz/unittrace/artifacts/full/roots/sources/fedora/deepin-api/deepin-api-6.0.34-2.fc44.src.rpm/dde-api-6.0.34/misc/systemd/system/deepin-login-sound.service,deepin-api-6.0.34-2.fc44.src.rpm,67a693e85657b6c140c8066c3e57de13899116a0f6bc7fe0ed901e9117e2c604,0,,NOT_APPLICABLE,exact basename or unique executable source mapping
https://github.com/linuxdeepin/dde-api::upstream-unit::misc/systemd/system/deepin-shutdown-sound.service,https://github.com/linuxdeepin/dde-api,arch,deepin-api,deepin-api,6.0.45-1,U0_STATIC,/home/emrecan/github/ecylmz/unittrace/artifacts/full/roots/sources/arch/deepin-api/6.0.45-1/dde-api-a189a86675fbdba9eea953f5cdc19f9880d11f0a/misc/systemd/system/deepin-shutdown-sound.service,6.0.45-1,9a0e3bdeb617c4a363053d912d254ebea3362ef8190934938d965bd512435f6a,0,,NOT_APPLICABLE,exact basename or unique executable source mapping
https://github.com/linuxdeepin/dde-api::upstream-unit::misc/systemd/system/deepin-shutdown-sound.service,https://github.com/linuxdeepin/dde-api,fedora,deepin-api,deepin-api,deepin-api-6.0.34-2.fc44.src.rpm,U0_STATIC,/home/emrecan/github/ecylmz/unittrace/artifacts/full/roots/sources/fedora/deepin-api/deepin-api-6.0.34-2.fc44.src.rpm/dde-api-6.0.34/misc/systemd/system/deepin-shutdown-sound.service,deepin-api-6.0.34-2.fc44.src.rpm,9a0e3bdeb617c4a363053d912d254ebea3362ef8190934938d965bd512435f6a,0,,NOT_APPLICABLE,exact basename or unique executable source mapping
https://github.com/linuxdeepin/dde-api::upstream-unit::misc/systemd/system/deepin-sound-theme-player.service,https://github.com/linuxdeepin/dde-api,arch,deepin-api,deepin-api,6.0.45-1,U0_STATIC,/home/emrecan/github/ecylmz/unittrace/artifacts/full/roots/sources/arch/deepin-api/6.0.45-1/dde-api-a189a86675fbdba9eea953f5cdc19f9880d11f0a/misc/systemd/system/deepin-sound-theme-player.service,6.0.45-1,81a7605b8cff1fe09f4434f4f88abcf5a1cf30c39206b2d5130c67cf0f1de3d3,0,,NOT_APPLICABLE,exact basename or unique executable source mapping
https://github.com/linuxdeepin/dde-api::upstream-unit::misc/systemd/system/deepin-sound-theme-player.service,https://github.com/linuxdeepin/dde-api,fedora,deepin-api,deepin-api,deepin-api-6.0.34-2.fc44.src.rpm,U0_STATIC,/home/emrecan/github/ecylmz/unittrace/artifacts/full/roots/sources/fedora/deepin-api/deepin-api-6.0.34-2.fc44.src.rpm/dde-api-6.0.34/misc/systemd/system/deepin-sound-theme-player.service,deepin-api-6.0.34-2.fc44.src.rpm,81a7605b8cff1fe09f4434f4f88abcf5a1cf30c39206b2d5130c67cf0f1de3d3,0,,NOT_APPLICABLE,exact basename or unique executable source mapping
https://github.com/linuxdeepin/deepin-boot-maker::upstream-unit::src/service/data/deepin-boot-maker.service,https://github.com/linuxdeepin/deepin-boot-maker,arch,deepin-boot-maker,deepin-boot-maker,6.0.19-1,U0_STATIC,/home/emrecan/github/ecylmz/unittrace/artifacts/full/roots/sources/arch/deepin-boot-maker/6.0.19-1/deepin-boot-maker-48288a89efe8ac0f60a8b5b93d67cf0dcb9bfea7/src/service/data/deepin-boot-maker.service,6.0.19-1,5b20fe7fcdc1971a0510f3b69818929a4fb6b4a788fb392c931618a23755e7fe,0,,NOT_APPLICABLE,exact basename or unique executable source mapping
https://github.com/linuxdeepin/deepin-boot-maker::upstream-unit::src/service/data/deepin-boot-maker.service,https://github.com/linuxdeepin/deepin-boot-maker,debian,deepin-boot-maker,deepin-boot-maker,5.10.0+dfsg2-2,U0_STATIC,/home/emrecan/github/ecylmz/unittrace/artifacts/full/roots/sources/debian/deepin-boot-maker/5.10.0+dfsg2-2/deepin-boot-maker-5.10.0+dfsg2/src/service/data/deepin-boot-maker.service,5.10.0+dfsg2-2,195622fa4236752b80934171bba120cfc34f61fea4253c03a93df0ed3dc0551a,0,,NOT_APPLICABLE,exact basename or unique executable source mapping
https://github.com/linuxdeepin/deepin-boot-maker::upstream-unit::src/service/data/deepin-boot-maker.service,https://github.com/linuxdeepin/deepin-boot-maker,ubuntu,deepin-boot-maker,deepin-boot-maker,5.10.0+dfsg2-2build1,U0_STATIC,/home/emrecan/github/ecylmz/unittrace/artifacts/full/roots/sources/ubuntu/deepin-boot-maker/5.10.0+dfsg2-2build1/deepin-boot-maker-5.10.0+dfsg2/src/service/data/deepin-boot-maker.service,5.10.0+dfsg2-2build1,195622fa4236752b80934171bba120cfc34f61fea4253c03a93df0ed3dc0551a,0,,NOT_APPLICABLE,exact basename or unique executable source mapping
https://github.com/linuxdeepin/deepin-pw-check::upstream-unit::misc/systemd-service/deepin-passwd-conf.service,https://github.com/linuxdeepin/deepin-pw-check,arch,deepin-pw-check,deepin-pw-check,6.0.12-1,U0_STATIC,/home/emrecan/github/ecylmz/unittrace/artifacts/full/roots/sources/arch/deepin-pw-check/6.0.12-1/deepin-pw-check-feeb637c12e7f2c5f749d6e9be62bcaf9129675e/misc/systemd-service/deepin-passwd-conf.service,6.0.12-1,adc882866af86a5fbc73c9974e33a6293ec4ac2d68b9ddff2fb6d56014d39884,0,,NOT_APPLICABLE,exact basename or unique executable source mapping
https://github.com/linuxdeepin/deepin-pw-check::upstream-unit::misc/systemd-service/deepin-passwd-conf.service,https://github.com/linuxdeepin/deepin-pw-check,fedora,deepin-pw-check,deepin-pw-check,deepin-pw-check-6.0.6-5.fc44.src.rpm,U0_STATIC,/home/emrecan/github/ecylmz/unittrace/artifacts/full/roots/sources/fedora/deepin-pw-check/deepin-pw-check-6.0.6-5.fc44.src.rpm/deepin-pw-check-6.0.6/misc/systemd-service/deepin-passwd-conf.service,deepin-pw-check-6.0.6-5.fc44.src.rpm,ee0ad4757602f01f6bd05097b55a61740c3d658b61aad2b5685a5ea4b7a4b931,0,,NOT_APPLICABLE,exact basename or unique executable source mapping
https://github.com/linuxdeepin/deepin-system-monitor::upstream-unit::deepin-system-monitor-system-server/misc/deepin-system-monitor-system-server.service,https://github.com/linuxdeepin/deepin-system-monitor,arch,deepin-system-monitor,deepin-system-monitor,6.5.46-1,U0_STATIC,/home/emrecan/github/ecylmz/unittrace/artifacts/full/roots/sources/arch/deepin-system-monitor/6.5.46-1/deepin-system-monitor-6401c099232ec9fdaaa68ca26c58daf810457f45/deepin-system-monitor-system-server/misc/deepin-system-monitor-system-server.service,6.5.46-1,a5324b4beda547accf2128fd67dbaed418d0d4fd6ee696c47b0cd9ac7558d353,0,,NOT_APPLICABLE,exact basename or unique executable source mapping
https://github.com/linuxdeepin/deepin-system-monitor::upstream-unit::deepin-system-monitor-system-server/misc/deepin-system-monitor-system-server.service,https://github.com/linuxdeepin/deepin-system-monitor,fedora,deepin-system-monitor,deepin-system-monitor,deepin-system-monitor-6.5.37-3.fc44.src.rpm,U0_STATIC,/home/emrecan/github/ecylmz/unittrace/artifacts/full/roots/sources/fedora/deepin-system-monitor/deepin-system-monitor-6.5.37-3.fc44.src.rpm/deepin-system-monitor-6.5.37/deepin-system-monitor-system-server/misc/deepin-system-monitor-system-server.service,deepin-system-monitor-6.5.37-3.fc44.src.rpm,cd8f914e6761efd05631599a5d5de9f272ffa3c4cac8bd81259432b5d3aa39f0,0,,NOT_APPLICABLE,exact basename or unique executable source mapping
https://github.com/logrotate/logrotate::upstream-unit::examples/logrotate.service,https://github.com/logrotate/logrotate,arch,logrotate,logrotate,3.22.0-1,U0_STATIC,/home/emrecan/github/ecylmz/unittrace/artifacts/full/roots/sources/arch/logrotate/3.22.0-1/logrotate-3.22.0/examples/logrotate.service,3.22.0-1,cc5c35e740bce405c1177903f675e8beb471c2fba394732eaf8100e4e9a5e0fb,0,,NOT_APPLICABLE,exact basename or unique executable source mapping
https://github.com/logrotate/logrotate::upstream-unit::examples/logrotate.service,https://github.com/logrotate/logrotate,debian,logrotate,logrotate,3.22.0-1,U0_STATIC,/home/emrecan/github/ecylmz/unittrace/artifacts/full/roots/sources/debian/logrotate/3.22.0-1/logrotate-3.22.0/examples/logrotate.service,3.22.0-1,cc5c35e740bce405c1177903f675e8beb471c2fba394732eaf8100e4e9a5e0fb,0,,NOT_APPLICABLE,exact basename or unique executable source mapping
https://github.com/logrotate/logrotate::upstream-unit::examples/logrotate.service,https://github.com/logrotate/logrotate,fedora,logrotate,logrotate,logrotate-3.22.0-5.fc44.src.rpm,U0_STATIC,/home/emrecan/github/ecylmz/unittrace/artifacts/full/roots/sources/fedora/logrotate/logrotate-3.22.0-5.fc44.src.rpm/logrotate-3.22.0/examples/logrotate.service,logrotate-3.22.0-5.fc44.src.rpm,cc5c35e740bce405c1177903f675e8beb471c2fba394732eaf8100e4e9a5e0fb,0,,NOT_APPLICABLE,exact basename or unique executable source mapping
https://github.com/logrotate/logrotate::upstream-unit::examples/logrotate.service,https://github.com/logrotate/logrotate,ubuntu,logrotate,logrotate,3.22.0-1build1,U0_STATIC,/home/emrecan/github/ecylmz/unittrace/artifacts/full/roots/sources/ubuntu/logrotate/3.22.0-1build1/logrotate-3.22.0/examples/logrotate.service,3.22.0-1build1,cc5c35e740bce405c1177903f675e8beb471c2fba394732eaf8100e4e9a5e0fb,0,,NOT_APPLICABLE,exact basename or unique executable source mapping
https://github.com/mikebrady/shairport-sync::shairport-sync,https://github.com/mikebrady/shairport-sync,arch,shairport-sync,shairport-sync,5.0.4-3,U1_TEMPLATE_VALUE_ONLY,/home/emrecan/github/ecylmz/unittrace/artifacts/full/roots/sources/arch/shairport-sync/5.0.4-3/shairport-sync-5.0.4/scripts/shairport-sync.service.in,5.0.4-3,44ae434cf42520fc68c652038a6cc1c36054273e800a222a8151cc35f6c9accc,0,,NOT_APPLICABLE,exact basename or unique executable source mapping
https://github.com/mikebrady/shairport-sync::shairport-sync,https://github.com/mikebrady/shairport-sync,debian,shairport-sync,shairport-sync,4.3.7-1,U1_TEMPLATE_VALUE_ONLY,/home/emrecan/github/ecylmz/unittrace/artifacts/full/roots/sources/debian/shairport-sync/4.3.7-1/shairport-sync-4.3.7/scripts/shairport-sync.service.in,4.3.7-1,2305342eae3124b3c2d80c28f3858ebde9c6a4609c2789bf54302ba55d468590,0,,NOT_APPLICABLE,exact basename or unique executable source mapping
https://github.com/mikebrady/shairport-sync::shairport-sync,https://github.com/mikebrady/shairport-sync,fedora,shairport-sync,shairport-sync,shairport-sync-4.3.7-3.fc44.src.rpm,U1_TEMPLATE_VALUE_ONLY,/home/emrecan/github/ecylmz/unittrace/artifacts/full/roots/sources/fedora/shairport-sync/shairport-sync-4.3.7-3.fc44.src.rpm/shairport-sync-4.3.7/scripts/shairport-sync.service.in,shairport-sync-4.3.7-3.fc44.src.rpm,2305342eae3124b3c2d80c28f3858ebde9c6a4609c2789bf54302ba55d468590,0,,NOT_APPLICABLE,exact basename or unique executable source mapping
https://github.com/mikebrady/shairport-sync::shairport-sync,https://github.com/mikebrady/shairport-sync,ubuntu,shairport-sync,shairport-sync,4.3.7-1build1,U1_TEMPLATE_VALUE_ONLY,/home/emrecan/github/ecylmz/unittrace/artifacts/full/roots/sources/ubuntu/shairport-sync/4.3.7-1build1/shairport-sync-4.3.7/scripts/shairport-sync.service.in,4.3.7-1build1,2305342eae3124b3c2d80c28f3858ebde9c6a4609c2789bf54302ba55d468590,0,,NOT_APPLICABLE,exact basename or unique executable source mapping
https://github.com/nfs-ganesha/nfs-ganesha::bash,https://github.com/nfs-ganesha/nfs-ganesha,debian,nfs-ganesha,nfs-ganesha,6.5-5,U4_NO_UPSTREAM_STATIC_OR_TEMPLATE_UNIT,,6.5-5,,0,,NOT_APPLICABLE,complete pristine orig-tar inventory contained no service unit or template
https://github.com/nfs-ganesha/nfs-ganesha::bash,https://github.com/nfs-ganesha/nfs-ganesha,fedora,nfs-ganesha,nfs-ganesha,nfs-ganesha-9.16-3.fc44.src.rpm,U4_NO_UPSTREAM_STATIC_OR_TEMPLATE_UNIT,,nfs-ganesha-9.16-3.fc44.src.rpm,,0,,NOT_APPLICABLE,complete pristine orig-tar inventory contained no service unit or template
https://github.com/nfs-ganesha/nfs-ganesha::bash,https://github.com/nfs-ganesha/nfs-ganesha,ubuntu,nfs-ganesha,nfs-ganesha,6.5-8,U4_NO_UPSTREAM_STATIC_OR_TEMPLATE_UNIT,,6.5-8,,0,,NOT_APPLICABLE,complete pristine orig-tar inventory contained no service unit or template
https://github.com/nfs-ganesha/nfs-ganesha::nfs-ganesha-config.sh,https://github.com/nfs-ganesha/nfs-ganesha,debian,nfs-ganesha,nfs-ganesha,6.5-5,U4_NO_UPSTREAM_STATIC_OR_TEMPLATE_UNIT,,6.5-5,,0,,NOT_APPLICABLE,complete pristine orig-tar inventory contained no service unit or template
https://github.com/nfs-ganesha/nfs-ganesha::nfs-ganesha-config.sh,https://github.com/nfs-ganesha/nfs-ganesha,fedora,nfs-ganesha,nfs-ganesha,nfs-ganesha-9.16-3.fc44.src.rpm,U4_NO_UPSTREAM_STATIC_OR_TEMPLATE_UNIT,,nfs-ganesha-9.16-3.fc44.src.rpm,,0,,NOT_APPLICABLE,complete pristine orig-tar inventory contained no service unit or template
https://github.com/nfs-ganesha/nfs-ganesha::nfs-ganesha-config.sh,https://github.com/nfs-ganesha/nfs-ganesha,ubuntu,nfs-ganesha,nfs-ganesha,6.5-8,U4_NO_UPSTREAM_STATIC_OR_TEMPLATE_UNIT,,6.5-8,,0,,NOT_APPLICABLE,complete pristine orig-tar inventory contained no service unit or template
https://github.com/nhorman/rng-tools::rngd,https://github.com/nhorman/rng-tools,arch,rng-tools,rng-tools,6.17-3,U0_STATIC,/home/emrecan/github/ecylmz/unittrace/artifacts/full/roots/sources/arch/rng-tools/6.17-3/rng-tools-6.17/rngd.service,6.17-3,5337998775dfa6dbe959f356951929fa45898e57f56814f826eeb2a2adbc1b4b,0,,NOT_APPLICABLE,exact basename or unique executable source mapping
https://github.com/nhorman/rng-tools::rngd,https://github.com/nhorman/rng-tools,fedora,rng-tools,rng-tools,rng-tools-6.17-10.fc44.src.rpm,U1_TEMPLATE_VALUE_ONLY,/home/emrecan/github/ecylmz/unittrace/artifacts/full/roots/sources/fedora/rng-tools/rng-tools-6.17-10.fc44.src.rpm/rng-tools-6.17/rngd.service.in,rng-tools-6.17-10.fc44.src.rpm,c51412ddc61e0e07f60642e6290dc6563b15c918959339786f291fd2a3edcf63,0,,NOT_APPLICABLE,exact basename or unique executable source mapping
https://github.com/oliver006/redis_exporter::prometheus-redis-exporter,https://github.com/oliver006/redis_exporter,arch,prometheus-redis-exporter,prometheus-redis-exporter,1.89.0-1,U4_NO_UPSTREAM_STATIC_OR_TEMPLATE_UNIT,,1.89.0-1,,0,,NOT_APPLICABLE,complete pristine orig-tar inventory contained no service unit or template
https://github.com/oliver006/redis_exporter::prometheus-redis-exporter,https://github.com/oliver006/redis_exporter,debian,prometheus-redis-exporter,prometheus-redis-exporter,1.69.0-1,U4_NO_UPSTREAM_STATIC_OR_TEMPLATE_UNIT,,1.69.0-1,,0,,NOT_APPLICABLE,complete pristine orig-tar inventory contained no service unit or template
https://github.com/oliver006/redis_exporter::prometheus-redis-exporter,https://github.com/oliver006/redis_exporter,ubuntu,prometheus-redis-exporter,prometheus-redis-exporter,1.81.0-0ubuntu1,U4_NO_UPSTREAM_STATIC_OR_TEMPLATE_UNIT,,1.81.0-0ubuntu1,,0,,NOT_APPLICABLE,complete pristine orig-tar inventory contained no service unit or template
https://github.com/ollama/ollama::ollama,https://github.com/ollama/ollama,arch,ollama,ollama,0.32.6-1,U4_NO_UPSTREAM_STATIC_OR_TEMPLATE_UNIT,,0.32.6-1,,0,,NOT_APPLICABLE,complete pristine orig-tar inventory contained no service unit or template
https://github.com/ollama/ollama::ollama,https://github.com/ollama/ollama,fedora,ollama,ollama,ollama-0.12.11-4.fc44.src.rpm,U4_NO_UPSTREAM_STATIC_OR_TEMPLATE_UNIT,,ollama-0.12.11-4.fc44.src.rpm,,0,,NOT_APPLICABLE,complete pristine orig-tar inventory contained no service unit or template
https://github.com/open-iscsi/open-isns::isnsd,https://github.com/open-iscsi/open-isns,debian,open-isns-server,open-isns,0.101-1,U0_STATIC,/home/emrecan/github/ecylmz/unittrace/artifacts/full/roots/sources/debian/open-isns/0.101-1/open-isns-0.101/isnsd.service,0.101-1,803558a875ec349c23010de959699bf315d0ca5be6323c6086571afc7ad97e4f,0,,NOT_APPLICABLE,exact basename or unique executable source mapping
https://github.com/open-iscsi/open-isns::isnsd,https://github.com/open-iscsi/open-isns,fedora,isns-utils,isns-utils,isns-utils-0.103-4.fc44.src.rpm,U0_STATIC,/home/emrecan/github/ecylmz/unittrace/artifacts/full/roots/sources/fedora/isns-utils/isns-utils-0.103-4.fc44.src.rpm/open-isns-0.103/isnsd.service,isns-utils-0.103-4.fc44.src.rpm,803558a875ec349c23010de959699bf315d0ca5be6323c6086571afc7ad97e4f,0,,NOT_APPLICABLE,exact basename or unique executable source mapping
https://github.com/open-iscsi/open-isns::isnsd,https://github.com/open-iscsi/open-isns,ubuntu,open-isns-server,open-isns,0.101-2.1,U0_STATIC,/home/emrecan/github/ecylmz/unittrace/artifacts/full/roots/sources/ubuntu/open-isns/0.101-2.1/open-isns-0.101/isnsd.service,0.101-2.1,803558a875ec349c23010de959699bf315d0ca5be6323c6086571afc7ad97e4f,0,,NOT_APPLICABLE,exact basename or unique executable source mapping
https://github.com/open-iscsi/open-isns::isnsdd,https://github.com/open-iscsi/open-isns,debian,open-isns-discoveryd,open-isns,0.101-1,U5_AMBIGUOUS_OR_UNRESOLVED,,0.101-1,,0,,NOT_ATTEMPTED,"no unique upstream artifact; candidates=1, executable_candidates=0"
https://github.com/open-iscsi/open-isns::isnsdd,https://github.com/open-iscsi/open-isns,ubuntu,open-isns-discoveryd,open-isns,0.101-2.1,U5_AMBIGUOUS_OR_UNRESOLVED,,0.101-2.1,,0,,NOT_ATTEMPTED,"no unique upstream artifact; candidates=1, executable_candidates=0"
https://github.com/open-iscsi/rtslib-fb::upstream-unit::systemd/target.service,https://github.com/open-iscsi/rtslib-fb,fedora,target-restore,python-rtslib,python-rtslib-2.2.4-1.fc44.src.rpm,U0_STATIC,/home/emrecan/github/ecylmz/unittrace/artifacts/full/roots/sources/fedora/python-rtslib/python-rtslib-2.2.4-1.fc44.src.rpm/rtslib-fb-2.2.4/systemd/target.service,python-rtslib-2.2.4-1.fc44.src.rpm,74b9e5c11eab1781aa8b43680b429080ae800fbcdafd29626791b5426a4cdea8,0,,NOT_APPLICABLE,exact basename or unique executable source mapping
https://github.com/open-iscsi/rtslib-fb::upstream-unit::systemd/target.service,https://github.com/open-iscsi/rtslib-fb,ubuntu,python3-rtslib-fb,python-rtslib-fb,2.1.74-0ubuntu6,U0_STATIC,/home/emrecan/github/ecylmz/unittrace/artifacts/full/roots/sources/ubuntu/python-rtslib-fb/2.1.74-0ubuntu6/rtslib-fb-2.1.74/systemd/target.service,2.1.74-0ubuntu6,98d293a0e6061310551f735f768f0bb8bbca273762e2051782be723544b5da6b,0,,NOT_APPLICABLE,exact basename or unique executable source mapping
https://github.com/open-iscsi/targetcli-fb::upstream-unit::systemd/targetclid.service,https://github.com/open-iscsi/targetcli-fb,fedora,targetcli,targetcli,targetcli-3.0.1-5.fc44.src.rpm,U0_STATIC,/home/emrecan/github/ecylmz/unittrace/artifacts/full/roots/sources/fedora/targetcli/targetcli-3.0.1-5.fc44.src.rpm/targetcli-fb-3.0.1/systemd/targetclid.service,targetcli-3.0.1-5.fc44.src.rpm,7c3bae9722b62ea7dac917ff13d077db2353e10ca3710cfbea960f5bd2d753de,0,,NOT_APPLICABLE,exact basename or unique executable source mapping
https://github.com/open-iscsi/targetcli-fb::upstream-unit::systemd/targetclid.service,https://github.com/open-iscsi/targetcli-fb,ubuntu,targetcli-fb,targetcli-fb,1:3.0.1-0.1build1,U0_STATIC,/home/emrecan/github/ecylmz/unittrace/artifacts/full/roots/sources/ubuntu/targetcli-fb/3.0.1-0.1build1/targetcli-fb-3.0.1/systemd/targetclid.service,1:3.0.1-0.1build1,7c3bae9722b62ea7dac917ff13d077db2353e10ca3710cfbea960f5bd2d753de,0,,NOT_APPLICABLE,exact basename or unique executable source mapping
https://github.com/open-iscsi/tcmu-runner::upstream-unit::tcmu-runner.service,https://github.com/open-iscsi/tcmu-runner,debian,tcmu-runner,tcmu,1.5.4-9,U0_STATIC,/home/emrecan/github/ecylmz/unittrace/artifacts/full/roots/sources/debian/tcmu/1.5.4-9/tcmu-1.5.4/tcmu-runner.service,1.5.4-9,57afeff6fefa0a01036d2fc77508dedbb9837c7d212f82932f424a69bc9b4933,0,,NOT_APPLICABLE,exact basename or unique executable source mapping
https://github.com/open-iscsi/tcmu-runner::upstream-unit::tcmu-runner.service,https://github.com/open-iscsi/tcmu-runner,fedora,tcmu-runner,tcmu-runner,tcmu-runner-1.5.4-14.fc44.src.rpm,U0_STATIC,/home/emrecan/github/ecylmz/unittrace/artifacts/full/roots/sources/fedora/tcmu-runner/tcmu-runner-1.5.4-14.fc44.src.rpm/tcmu-runner-1.5.4/tcmu-runner.service,tcmu-runner-1.5.4-14.fc44.src.rpm,57afeff6fefa0a01036d2fc77508dedbb9837c7d212f82932f424a69bc9b4933,0,,NOT_APPLICABLE,exact basename or unique executable source mapping
https://github.com/open-iscsi/tcmu-runner::upstream-unit::tcmu-runner.service,https://github.com/open-iscsi/tcmu-runner,ubuntu,tcmu-runner,tcmu,1.5.4-10,U0_STATIC,/home/emrecan/github/ecylmz/unittrace/artifacts/full/roots/sources/ubuntu/tcmu/1.5.4-10/tcmu-1.5.4/tcmu-runner.service,1.5.4-10,57afeff6fefa0a01036d2fc77508dedbb9837c7d212f82932f424a69bc9b4933,0,,NOT_APPLICABLE,exact basename or unique executable source mapping
https://github.com/opencryptoki/opencryptoki::pkcsslotd,https://github.com/opencryptoki/opencryptoki,debian,opencryptoki,opencryptoki,3.23.0+dfsg-0.3,U1_TEMPLATE_VALUE_ONLY,/home/emrecan/github/ecylmz/unittrace/artifacts/full/roots/sources/debian/opencryptoki/3.23.0+dfsg-0.3/opencryptoki-3.23.0/misc/pkcsslotd.service.in,3.23.0+dfsg-0.3,282efc42f4f9d1b8e20770e06fff47f6e9f229708f0c3e1c2a4cc55c9b519b12,0,,NOT_APPLICABLE,exact basename or unique executable source mapping
https://github.com/opencryptoki/opencryptoki::pkcsslotd,https://github.com/opencryptoki/opencryptoki,fedora,opencryptoki,opencryptoki,opencryptoki-3.27.0-1.fc44.src.rpm,U1_TEMPLATE_VALUE_ONLY,/home/emrecan/github/ecylmz/unittrace/artifacts/full/roots/sources/fedora/opencryptoki/opencryptoki-3.27.0-1.fc44.src.rpm/opencryptoki-3.27.0/misc/pkcsslotd.service.in,opencryptoki-3.27.0-1.fc44.src.rpm,282efc42f4f9d1b8e20770e06fff47f6e9f229708f0c3e1c2a4cc55c9b519b12,0,,NOT_APPLICABLE,exact basename or unique executable source mapping
https://github.com/opencryptoki/opencryptoki::pkcsslotd,https://github.com/opencryptoki/opencryptoki,ubuntu,opencryptoki,opencryptoki,3.26.0+dfsg-0ubuntu1,U1_TEMPLATE_VALUE_ONLY,/home/emrecan/github/ecylmz/unittrace/artifacts/full/roots/sources/ubuntu/opencryptoki/3.26.0+dfsg-0ubuntu1/opencryptoki-3.26.0/misc/pkcsslotd.service.in,3.26.0+dfsg-0ubuntu1,282efc42f4f9d1b8e20770e06fff47f6e9f229708f0c3e1c2a4cc55c9b519b12,0,,NOT_APPLICABLE,exact basename or unique executable source mapping
https://github.com/oracle/ktls-utils::upstream-unit::systemd/tlshd.service,https://github.com/oracle/ktls-utils,debian,ktls-utils,ktls-utils,1.0.0-1,U0_STATIC,/home/emrecan/github/ecylmz/unittrace/artifacts/full/roots/sources/debian/ktls-utils/1.0.0-1/ktls-utils-1.0.0/systemd/tlshd.service,1.0.0-1,35537197fdabec4117db9ea05de374a8b6316b772721e2a3a2504b54137f5651,0,,NOT_APPLICABLE,exact basename or unique executable source mapping
https://github.com/oracle/ktls-utils::upstream-unit::systemd/tlshd.service,https://github.com/oracle/ktls-utils,fedora,ktls-utils,ktls-utils,ktls-utils-1.4.0-1.fc44.src.rpm,U0_STATIC,/home/emrecan/github/ecylmz/unittrace/artifacts/full/roots/sources/fedora/ktls-utils/ktls-utils-1.4.0-1.fc44.src.rpm/ktls-utils-1.4.0/systemd/tlshd.service,ktls-utils-1.4.0-1.fc44.src.rpm,35537197fdabec4117db9ea05de374a8b6316b772721e2a3a2504b54137f5651,0,,NOT_APPLICABLE,exact basename or unique executable source mapping
https://github.com/oracle/ktls-utils::upstream-unit::systemd/tlshd.service,https://github.com/oracle/ktls-utils,ubuntu,ktls-utils,ktls-utils,1.3.0-2,U0_STATIC,/home/emrecan/github/ecylmz/unittrace/artifacts/full/roots/sources/ubuntu/ktls-utils/1.3.0-2/ktls-utils-1.3.0/systemd/tlshd.service,1.3.0-2,35537197fdabec4117db9ea05de374a8b6316b772721e2a3a2504b54137f5651,0,,NOT_APPLICABLE,exact basename or unique executable source mapping
https://github.com/pcherenkov/udpxy::udpxy,https://github.com/pcherenkov/udpxy,arch,udpxy,udpxy,1.0.25.1-2,U4_NO_UPSTREAM_STATIC_OR_TEMPLATE_UNIT,,1.0.25.1-2,,0,,NOT_APPLICABLE,complete pristine orig-tar inventory contained no service unit or template
https://github.com/pcherenkov/udpxy::udpxy,https://github.com/pcherenkov/udpxy,fedora,udpxy,udpxy,udpxy-1.0.25.1-8.fc44.src.rpm,U4_NO_UPSTREAM_STATIC_OR_TEMPLATE_UNIT,,udpxy-1.0.25.1-8.fc44.src.rpm,,0,,NOT_APPLICABLE,complete pristine orig-tar inventory contained no service unit or template
https://github.com/pendulum-project/ntpd-rs::ntp-daemon,https://github.com/pendulum-project/ntpd-rs,debian,ntpd-rs,rust-ntpd,1.4.0-6,U0_STATIC,/home/emrecan/github/ecylmz/unittrace/artifacts/full/roots/sources/debian/rust-ntpd/1.4.0-6/ntpd-1.4.0/docs/examples/conf/ntpd-rs.service,1.4.0-6,86c5042b601349e92bde1ba97b73ea9034bd0fefadd4d070f580ab331a917cfc,0,,NOT_APPLICABLE,exact basename or unique executable source mapping
https://github.com/pendulum-project/ntpd-rs::ntp-daemon,https://github.com/pendulum-project/ntpd-rs,fedora,ntpd-rs,ntpd-rs,ntpd-rs-1.7.2-1.fc44.src.rpm,U0_STATIC,/home/emrecan/github/ecylmz/unittrace/artifacts/full/roots/sources/fedora/ntpd-rs/ntpd-rs-1.7.2-1.fc44.src.rpm/ntpd-rs-1.7.2/docs/examples/conf/ntpd-rs.service,ntpd-rs-1.7.2-1.fc44.src.rpm,86c5042b601349e92bde1ba97b73ea9034bd0fefadd4d070f580ab331a917cfc,0,,NOT_APPLICABLE,exact basename or unique executable source mapping
https://github.com/pendulum-project/ntpd-rs::ntp-daemon,https://github.com/pendulum-project/ntpd-rs,ubuntu,ntpd-rs,rust-ntpd,1.7.1-1,U0_STATIC,/home/emrecan/github/ecylmz/unittrace/artifacts/full/roots/sources/ubuntu/rust-ntpd/1.7.1-1/ntpd-1.7.1/docs/examples/conf/ntpd-rs.service,1.7.1-1,86c5042b601349e92bde1ba97b73ea9034bd0fefadd4d070f580ab331a917cfc,0,,NOT_APPLICABLE,exact basename or unique executable source mapping
https://github.com/pendulum-project/ntpd-rs::upstream-unit::docs/examples/conf/ntpd-rs-metrics.service,https://github.com/pendulum-project/ntpd-rs,debian,ntpd-rs-metrics,rust-ntpd,1.4.0-6,U0_STATIC,/home/emrecan/github/ecylmz/unittrace/artifacts/full/roots/sources/debian/rust-ntpd/1.4.0-6/ntpd-1.4.0/docs/examples/conf/ntpd-rs-metrics.service,1.4.0-6,cc983caf85aa40452b5c861640142e89cf12b800fbd77ab96de32b8a7526ab72,0,,NOT_APPLICABLE,exact basename or unique executable source mapping
https://github.com/pendulum-project/ntpd-rs::upstream-unit::docs/examples/conf/ntpd-rs-metrics.service,https://github.com/pendulum-project/ntpd-rs,fedora,ntpd-rs,ntpd-rs,ntpd-rs-1.7.2-1.fc44.src.rpm,U0_STATIC,/home/emrecan/github/ecylmz/unittrace/artifacts/full/roots/sources/fedora/ntpd-rs/ntpd-rs-1.7.2-1.fc44.src.rpm/ntpd-rs-1.7.2/docs/examples/conf/ntpd-rs-metrics.service,ntpd-rs-1.7.2-1.fc44.src.rpm,cc983caf85aa40452b5c861640142e89cf12b800fbd77ab96de32b8a7526ab72,0,,NOT_APPLICABLE,exact basename or unique executable source mapping
https://github.com/pendulum-project/ntpd-rs::upstream-unit::docs/examples/conf/ntpd-rs-metrics.service,https://github.com/pendulum-project/ntpd-rs,ubuntu,ntpd-rs-metrics,rust-ntpd,1.7.1-1,U0_STATIC,/home/emrecan/github/ecylmz/unittrace/artifacts/full/roots/sources/ubuntu/rust-ntpd/1.7.1-1/ntpd-1.7.1/docs/examples/conf/ntpd-rs-metrics.service,1.7.1-1,cc983caf85aa40452b5c861640142e89cf12b800fbd77ab96de32b8a7526ab72,0,,NOT_APPLICABLE,exact basename or unique executable source mapping
https://github.com/phillipberndt/autorandr::upstream-unit::contrib/systemd/autorandr-lid-listener.service,https://github.com/phillipberndt/autorandr,arch,autorandr,autorandr,1.15-2,U0_STATIC,/home/emrecan/github/ecylmz/unittrace/artifacts/full/roots/sources/arch/autorandr/1.15-2/autorandr-1.15/contrib/systemd/autorandr-lid-listener.service,1.15-2,d911127b69c5bcf4eff046a8ad6a1498b164f582ac1d1185a8b6474b3f9b55b3,0,,NOT_APPLICABLE,exact basename or unique executable source mapping
https://github.com/phillipberndt/autorandr::upstream-unit::contrib/systemd/autorandr-lid-listener.service,https://github.com/phillipberndt/autorandr,fedora,autorandr,autorandr,autorandr-1.15-5.fc44.src.rpm,U0_STATIC,/home/emrecan/github/ecylmz/unittrace/artifacts/full/roots/sources/fedora/autorandr/autorandr-1.15-5.fc44.src.rpm/autorandr-1.15/contrib/systemd/autorandr-lid-listener.service,autorandr-1.15-5.fc44.src.rpm,d911127b69c5bcf4eff046a8ad6a1498b164f582ac1d1185a8b6474b3f9b55b3,0,,NOT_APPLICABLE,exact basename or unique executable source mapping
https://github.com/phillipberndt/autorandr::upstream-unit::contrib/systemd/autorandr-lid-listener.service,https://github.com/phillipberndt/autorandr,ubuntu,autorandr,autorandr,1.15-1build1,U0_STATIC,/home/emrecan/github/ecylmz/unittrace/artifacts/full/roots/sources/ubuntu/autorandr/1.15-1build1/autorandr-1.15/contrib/systemd/autorandr-lid-listener.service,1.15-1build1,d911127b69c5bcf4eff046a8ad6a1498b164f582ac1d1185a8b6474b3f9b55b3,0,,NOT_APPLICABLE,exact basename or unique executable source mapping
https://github.com/phillipberndt/autorandr::upstream-unit::contrib/systemd/autorandr.service,https://github.com/phillipberndt/autorandr,arch,autorandr,autorandr,1.15-2,U0_STATIC,/home/emrecan/github/ecylmz/unittrace/artifacts/full/roots/sources/arch/autorandr/1.15-2/autorandr-1.15/contrib/systemd/autorandr.service,1.15-2,6980f05d07be4cb1a62a21385910deb81b04cf0f82564daa9790e609cd2240e8,0,,NOT_APPLICABLE,exact basename or unique executable source mapping
https://github.com/phillipberndt/autorandr::upstream-unit::contrib/systemd/autorandr.service,https://github.com/phillipberndt/autorandr,fedora,autorandr,autorandr,autorandr-1.15-5.fc44.src.rpm,U0_STATIC,/home/emrecan/github/ecylmz/unittrace/artifacts/full/roots/sources/fedora/autorandr/autorandr-1.15-5.fc44.src.rpm/autorandr-1.15/contrib/systemd/autorandr.service,autorandr-1.15-5.fc44.src.rpm,6980f05d07be4cb1a62a21385910deb81b04cf0f82564daa9790e609cd2240e8,0,,NOT_APPLICABLE,exact basename or unique executable source mapping
https://github.com/phillipberndt/autorandr::upstream-unit::contrib/systemd/autorandr.service,https://github.com/phillipberndt/autorandr,ubuntu,autorandr,autorandr,1.15-1build1,U0_STATIC,/home/emrecan/github/ecylmz/unittrace/artifacts/full/roots/sources/ubuntu/autorandr/1.15-1build1/autorandr-1.15/contrib/systemd/autorandr.service,1.15-1build1,6980f05d07be4cb1a62a21385910deb81b04cf0f82564daa9790e609cd2240e8,0,,NOT_APPLICABLE,exact basename or unique executable source mapping
https://github.com/pmem/ndctl::upstream-unit::cxl/cxl-monitor.service,https://github.com/pmem/ndctl,arch,ndctl,ndctl,85-1,U0_STATIC,/home/emrecan/github/ecylmz/unittrace/artifacts/full/roots/sources/arch/ndctl/85-1/ndctl-15e932c4e1318a9608ad9b799ad83a32a8b5970d/cxl/cxl-monitor.service,85-1,775e75229ccdd1502cf5b5c96d12d0aa5ae0a4be6f664edd50d041647885a947,0,,NOT_APPLICABLE,exact basename or unique executable source mapping
https://github.com/pmem/ndctl::upstream-unit::cxl/cxl-monitor.service,https://github.com/pmem/ndctl,debian,cxl,ndctl,81-1,U0_STATIC,/home/emrecan/github/ecylmz/unittrace/artifacts/full/roots/sources/debian/ndctl/81-1/ndctl-81/cxl/cxl-monitor.service,81-1,775e75229ccdd1502cf5b5c96d12d0aa5ae0a4be6f664edd50d041647885a947,0,,NOT_APPLICABLE,exact basename or unique executable source mapping
https://github.com/pmem/ndctl::upstream-unit::cxl/cxl-monitor.service,https://github.com/pmem/ndctl,fedora,cxl-cli,ndctl,ndctl-85-1.fc44.src.rpm,U0_STATIC,/home/emrecan/github/ecylmz/unittrace/artifacts/full/roots/sources/fedora/ndctl/ndctl-85-1.fc44.src.rpm/ndctl-85/cxl/cxl-monitor.service,ndctl-85-1.fc44.src.rpm,775e75229ccdd1502cf5b5c96d12d0aa5ae0a4be6f664edd50d041647885a947,0,,NOT_APPLICABLE,exact basename or unique executable source mapping
https://github.com/pmem/ndctl::upstream-unit::cxl/cxl-monitor.service,https://github.com/pmem/ndctl,ubuntu,cxl,ndctl,81-1ubuntu1,U0_STATIC,/home/emrecan/github/ecylmz/unittrace/artifacts/full/roots/sources/ubuntu/ndctl/81-1ubuntu1/ndctl-81/cxl/cxl-monitor.service,81-1ubuntu1,775e75229ccdd1502cf5b5c96d12d0aa5ae0a4be6f664edd50d041647885a947,0,,NOT_APPLICABLE,exact basename or unique executable source mapping
https://github.com/pmem/ndctl::upstream-unit::ndctl/ndctl-monitor.service,https://github.com/pmem/ndctl,arch,ndctl,ndctl,85-1,U0_STATIC,/home/emrecan/github/ecylmz/unittrace/artifacts/full/roots/sources/arch/ndctl/85-1/ndctl-15e932c4e1318a9608ad9b799ad83a32a8b5970d/ndctl/ndctl-monitor.service,85-1,80f419550655c7a59d0b8982d387bc89bdd10f42ac151c8b3fe0f7f236f48671,0,,NOT_APPLICABLE,exact basename or unique executable source mapping
https://github.com/pmem/ndctl::upstream-unit::ndctl/ndctl-monitor.service,https://github.com/pmem/ndctl,debian,ndctl,ndctl,81-1,U0_STATIC,/home/emrecan/github/ecylmz/unittrace/artifacts/full/roots/sources/debian/ndctl/81-1/ndctl-81/ndctl/ndctl-monitor.service,81-1,80f419550655c7a59d0b8982d387bc89bdd10f42ac151c8b3fe0f7f236f48671,0,,NOT_APPLICABLE,exact basename or unique executable source mapping
https://github.com/pmem/ndctl::upstream-unit::ndctl/ndctl-monitor.service,https://github.com/pmem/ndctl,fedora,ndctl,ndctl,ndctl-85-1.fc44.src.rpm,U0_STATIC,/home/emrecan/github/ecylmz/unittrace/artifacts/full/roots/sources/fedora/ndctl/ndctl-85-1.fc44.src.rpm/ndctl-85/ndctl/ndctl-monitor.service,ndctl-85-1.fc44.src.rpm,80f419550655c7a59d0b8982d387bc89bdd10f42ac151c8b3fe0f7f236f48671,0,,NOT_APPLICABLE,exact basename or unique executable source mapping
https://github.com/pmem/ndctl::upstream-unit::ndctl/ndctl-monitor.service,https://github.com/pmem/ndctl,ubuntu,ndctl,ndctl,81-1ubuntu1,U0_STATIC,/home/emrecan/github/ecylmz/unittrace/artifacts/full/roots/sources/ubuntu/ndctl/81-1ubuntu1/ndctl-81/ndctl/ndctl-monitor.service,81-1ubuntu1,80f419550655c7a59d0b8982d387bc89bdd10f42ac151c8b3fe0f7f236f48671,0,,NOT_APPLICABLE,exact basename or unique executable source mapping
https://github.com/polkit-org/polkit::polkitd,https://github.com/polkit-org/polkit,arch,polkit,polkit,127-3,U1_TEMPLATE_VALUE_ONLY,/home/emrecan/github/ecylmz/unittrace/artifacts/full/roots/sources/arch/polkit/127-3/polkit-9e4894c969eecf26a3ba762f4f7a268aa0fb3e51/data/polkit.service.in,127-3,f77563d3a6ff9b63b561f10ae8e411d3e26f0e3392f1c9833515bda776aee39a,0,,NOT_APPLICABLE,exact basename or unique executable source mapping
https://github.com/polkit-org/polkit::polkitd,https://github.com/polkit-org/polkit,debian,polkitd,policykit-1,126-2,U1_TEMPLATE_VALUE_ONLY,/home/emrecan/github/ecylmz/unittrace/artifacts/full/roots/sources/debian/policykit-1/126-2/polkit-126/data/polkit.service.in,126-2,361ba26bfd3ae726f4b48f7b1c918aea88636d28008e1668dbf084b395f13e98,0,,NOT_APPLICABLE,exact basename or unique executable source mapping
https://github.com/polkit-org/polkit::polkitd,https://github.com/polkit-org/polkit,fedora,polkit,polkit,polkit-127-2.fc44.2.src.rpm,U1_TEMPLATE_VALUE_ONLY,/home/emrecan/github/ecylmz/unittrace/artifacts/full/roots/sources/fedora/polkit/polkit-127-2.fc44.2.src.rpm/polkit-127/data/polkit.service.in,polkit-127-2.fc44.2.src.rpm,f77563d3a6ff9b63b561f10ae8e411d3e26f0e3392f1c9833515bda776aee39a,0,,NOT_APPLICABLE,exact basename or unique executable source mapping
https://github.com/polkit-org/polkit::polkitd,https://github.com/polkit-org/polkit,ubuntu,polkitd,policykit-1,127-2ubuntu1,U1_TEMPLATE_VALUE_ONLY,/home/emrecan/github/ecylmz/unittrace/artifacts/full/roots/sources/ubuntu/policykit-1/127-2ubuntu1/polkit-127/data/polkit.service.in,127-2ubuntu1,f77563d3a6ff9b63b561f10ae8e411d3e26f0e3392f1c9833515bda776aee39a,0,,NOT_APPLICABLE,exact basename or unique executable source mapping
https://github.com/pop-os/cosmic-greeter::greetd,https://github.com/pop-os/cosmic-greeter,arch,cosmic-greeter,cosmic-greeter,1:1.5.0-1,U0_STATIC,/home/emrecan/github/ecylmz/unittrace/artifacts/full/roots/sources/arch/cosmic-greeter/1:1.5.0-1/cosmic-greeter-d39915ae2381424d406cd511a2310ef928144f4c/debian/cosmic-greeter.service,1:1.5.0-1,ff303ec984786ea0ae3e3a92fb96178f3b2519a335a72709adba84c363d45583,0,,NOT_APPLICABLE,exact basename or unique executable source mapping
https://github.com/pop-os/cosmic-greeter::greetd,https://github.com/pop-os/cosmic-greeter,fedora,cosmic-greeter,cosmic-greeter,cosmic-greeter-1.5.0-1.fc44.src.rpm,U0_STATIC,/home/emrecan/github/ecylmz/unittrace/artifacts/full/roots/sources/fedora/cosmic-greeter/cosmic-greeter-1.5.0-1.fc44.src.rpm/cosmic-greeter-epoch-1.5.0/debian/cosmic-greeter.service,cosmic-greeter-1.5.0-1.fc44.src.rpm,ff303ec984786ea0ae3e3a92fb96178f3b2519a335a72709adba84c363d45583,0,,NOT_APPLICABLE,exact basename or unique executable source mapping
https://github.com/pop-os/cosmic-greeter::upstream-unit::debian/cosmic-greeter-daemon.service,https://github.com/pop-os/cosmic-greeter,arch,cosmic-greeter,cosmic-greeter,1:1.5.0-1,U0_STATIC,/home/emrecan/github/ecylmz/unittrace/artifacts/full/roots/sources/arch/cosmic-greeter/1:1.5.0-1/cosmic-greeter-d39915ae2381424d406cd511a2310ef928144f4c/debian/cosmic-greeter-daemon.service,1:1.5.0-1,347e4fc3ab251d1ac62eb07837a25b9abc2792cebb7dcaa1cddb78d82b124d59,0,,NOT_APPLICABLE,exact basename or unique executable source mapping
https://github.com/pop-os/cosmic-greeter::upstream-unit::debian/cosmic-greeter-daemon.service,https://github.com/pop-os/cosmic-greeter,fedora,cosmic-greeter,cosmic-greeter,cosmic-greeter-1.5.0-1.fc44.src.rpm,U0_STATIC,/home/emrecan/github/ecylmz/unittrace/artifacts/full/roots/sources/fedora/cosmic-greeter/cosmic-greeter-1.5.0-1.fc44.src.rpm/cosmic-greeter-epoch-1.5.0/debian/cosmic-greeter-daemon.service,cosmic-greeter-1.5.0-1.fc44.src.rpm,347e4fc3ab251d1ac62eb07837a25b9abc2792cebb7dcaa1cddb78d82b124d59,0,,NOT_APPLICABLE,exact basename or unique executable source mapping
https://github.com/pothosware/SoapyRemote::SoapySDRServer,https://github.com/pothosware/SoapyRemote,arch,soapyremote,soapyremote,0.5.2-3,U1_TEMPLATE_VALUE_ONLY,/home/emrecan/github/ecylmz/unittrace/artifacts/full/roots/sources/arch/soapyremote/0.5.2-3/SoapyRemote-soapy-remote-0.5.2/system/SoapySDRServer.service.in,0.5.2-3,79d8e7706d76d99eda90075dbea1d7c5e4224286308c50a4f2dbe23c416ceab9,0,,NOT_APPLICABLE,exact basename or unique executable source mapping
https://github.com/pothosware/SoapyRemote::SoapySDRServer,https://github.com/pothosware/SoapyRemote,debian,soapyremote-server,soapyremote,0.5.2-4,U1_TEMPLATE_VALUE_ONLY,/home/emrecan/github/ecylmz/unittrace/artifacts/full/roots/sources/debian/soapyremote/0.5.2-4/SoapyRemote-soapy-remote-0.5.2/system/SoapySDRServer.service.in,0.5.2-4,79d8e7706d76d99eda90075dbea1d7c5e4224286308c50a4f2dbe23c416ceab9,0,,NOT_APPLICABLE,exact basename or unique executable source mapping
https://github.com/pothosware/SoapyRemote::SoapySDRServer,https://github.com/pothosware/SoapyRemote,ubuntu,soapyremote-server,soapyremote,0.5.2-4.1,U1_TEMPLATE_VALUE_ONLY,/home/emrecan/github/ecylmz/unittrace/artifacts/full/roots/sources/ubuntu/soapyremote/0.5.2-4.1/SoapyRemote-soapy-remote-0.5.2/system/SoapySDRServer.service.in,0.5.2-4.1,79d8e7706d76d99eda90075dbea1d7c5e4224286308c50a4f2dbe23c416ceab9,0,,NOT_APPLICABLE,exact basename or unique executable source mapping
https://github.com/prehor/amavisd-milter::amavisd-milter,https://github.com/prehor/amavisd-milter,fedora,amavisd-milter,amavisd-milter,amavisd-milter-1.7.2-12.fc44.src.rpm,U4_NO_UPSTREAM_STATIC_OR_TEMPLATE_UNIT,,amavisd-milter-1.7.2-12.fc44.src.rpm,,0,,NOT_APPLICABLE,complete pristine orig-tar inventory contained no service unit or template
https://github.com/prehor/amavisd-milter::amavisd-milter,https://github.com/prehor/amavisd-milter,ubuntu,amavisd-milter,amavisd-milter,1.7.2-3,U4_NO_UPSTREAM_STATIC_OR_TEMPLATE_UNIT,,1.7.2-3,,0,,NOT_APPLICABLE,complete pristine orig-tar inventory contained no service unit or template
https://github.com/prometheus-community/elasticsearch_exporter::prometheus-elasticsearch-exporter,https://github.com/prometheus-community/elasticsearch_exporter,arch,prometheus-elasticsearch-exporter,prometheus-elasticsearch-exporter,1.11.0-1,U4_NO_UPSTREAM_STATIC_OR_TEMPLATE_UNIT,,1.11.0-1,,0,,NOT_APPLICABLE,complete pristine orig-tar inventory contained no service unit or template
https://github.com/prometheus-community/elasticsearch_exporter::prometheus-elasticsearch-exporter,https://github.com/prometheus-community/elasticsearch_exporter,debian,prometheus-elasticsearch-exporter,prometheus-elasticsearch-exporter,1.9.0-1,U4_NO_UPSTREAM_STATIC_OR_TEMPLATE_UNIT,,1.9.0-1,,0,,NOT_APPLICABLE,complete pristine orig-tar inventory contained no service unit or template
https://github.com/prometheus-community/elasticsearch_exporter::prometheus-elasticsearch-exporter,https://github.com/prometheus-community/elasticsearch_exporter,ubuntu,prometheus-elasticsearch-exporter,prometheus-elasticsearch-exporter,1.9.0-1build1,U4_NO_UPSTREAM_STATIC_OR_TEMPLATE_UNIT,,1.9.0-1build1,,0,,NOT_APPLICABLE,complete pristine orig-tar inventory contained no service unit or template
https://github.com/prometheus-community/ipmi_exporter::prometheus-ipmi-exporter,https://github.com/prometheus-community/ipmi_exporter,arch,prometheus-ipmi-exporter,prometheus-ipmi-exporter,1.10.1-3,U0_STATIC,/home/emrecan/github/ecylmz/unittrace/artifacts/full/roots/sources/arch/prometheus-ipmi-exporter/1.10.1-3/ipmi_exporter-291d0107bdab44df5a7ff50ce552ee3ccc23b52a/contrib/rpm/systemd/prometheus-ipmi-exporter.service,1.10.1-3,5e5c23fff6a0fba9b462005c783a1ac6c665e32f4b091e93fba472ab04694cd1,0,,NOT_APPLICABLE,exact basename or unique executable source mapping
https://github.com/prometheus-community/ipmi_exporter::prometheus-ipmi-exporter,https://github.com/prometheus-community/ipmi_exporter,debian,prometheus-ipmi-exporter,prometheus-ipmi-exporter,1.10.0-2,U0_STATIC,/home/emrecan/github/ecylmz/unittrace/artifacts/full/roots/sources/debian/prometheus-ipmi-exporter/1.10.0-2/prometheus-ipmi-exporter-1.10.0/contrib/rpm/systemd/prometheus-ipmi-exporter.service,1.10.0-2,5e5c23fff6a0fba9b462005c783a1ac6c665e32f4b091e93fba472ab04694cd1,0,,NOT_APPLICABLE,exact basename or unique executable source mapping
https://github.com/prometheus-community/ipmi_exporter::prometheus-ipmi-exporter,https://github.com/prometheus-community/ipmi_exporter,ubuntu,prometheus-ipmi-exporter,prometheus-ipmi-exporter,1.10.1-1,U0_STATIC,/home/emrecan/github/ecylmz/unittrace/artifacts/full/roots/sources/ubuntu/prometheus-ipmi-exporter/1.10.1-1/prometheus-ipmi-exporter-1.10.1/contrib/rpm/systemd/prometheus-ipmi-exporter.service,1.10.1-1,5e5c23fff6a0fba9b462005c783a1ac6c665e32f4b091e93fba472ab04694cd1,0,,NOT_APPLICABLE,exact basename or unique executable source mapping
https://github.com/prometheus-community/postgres_exporter::prometheus-postgres-exporter,https://github.com/prometheus-community/postgres_exporter,arch,prometheus-postgres-exporter,prometheus-postgres-exporter,0.20.1-1,U4_NO_UPSTREAM_STATIC_OR_TEMPLATE_UNIT,,0.20.1-1,,0,,NOT_APPLICABLE,complete pristine orig-tar inventory contained no service unit or template
https://github.com/prometheus-community/postgres_exporter::prometheus-postgres-exporter,https://github.com/prometheus-community/postgres_exporter,debian,prometheus-postgres-exporter,prometheus-postgres-exporter,0.17.1-1,U4_NO_UPSTREAM_STATIC_OR_TEMPLATE_UNIT,,0.17.1-1,,0,,NOT_APPLICABLE,complete pristine orig-tar inventory contained no service unit or template
https://github.com/prometheus-community/postgres_exporter::prometheus-postgres-exporter,https://github.com/prometheus-community/postgres_exporter,ubuntu,prometheus-postgres-exporter,prometheus-postgres-exporter,0.19.0-1,U4_NO_UPSTREAM_STATIC_OR_TEMPLATE_UNIT,,0.19.0-1,,0,,NOT_APPLICABLE,complete pristine orig-tar inventory contained no service unit or template
https://github.com/prometheus/blackbox_exporter::prometheus-blackbox-exporter,https://github.com/prometheus/blackbox_exporter,arch,prometheus-blackbox-exporter,prometheus-blackbox-exporter,0.28.0-1,U4_NO_UPSTREAM_STATIC_OR_TEMPLATE_UNIT,,0.28.0-1,,0,,NOT_APPLICABLE,complete pristine orig-tar inventory contained no service unit or template
https://github.com/prometheus/blackbox_exporter::prometheus-blackbox-exporter,https://github.com/prometheus/blackbox_exporter,debian,prometheus-blackbox-exporter,prometheus-blackbox-exporter,0.26.0-1,U4_NO_UPSTREAM_STATIC_OR_TEMPLATE_UNIT,,0.26.0-1,,0,,NOT_APPLICABLE,complete pristine orig-tar inventory contained no service unit or template
https://github.com/prometheus/blackbox_exporter::prometheus-blackbox-exporter,https://github.com/prometheus/blackbox_exporter,ubuntu,prometheus-blackbox-exporter,prometheus-blackbox-exporter,0.26.0-2,U4_NO_UPSTREAM_STATIC_OR_TEMPLATE_UNIT,,0.26.0-2,,0,,NOT_APPLICABLE,complete pristine orig-tar inventory contained no service unit or template
https://github.com/prometheus/mysqld_exporter::prometheus-mysqld-exporter,https://github.com/prometheus/mysqld_exporter,arch,prometheus-mysqld-exporter,prometheus-mysqld-exporter,0.19.0-1,U4_NO_UPSTREAM_STATIC_OR_TEMPLATE_UNIT,,0.19.0-1,,0,,NOT_APPLICABLE,complete pristine orig-tar inventory contained no service unit or template
https://github.com/prometheus/mysqld_exporter::prometheus-mysqld-exporter,https://github.com/prometheus/mysqld_exporter,debian,prometheus-mysqld-exporter,prometheus-mysqld-exporter,0.17.2-1,U4_NO_UPSTREAM_STATIC_OR_TEMPLATE_UNIT,,0.17.2-1,,0,,NOT_APPLICABLE,complete pristine orig-tar inventory contained no service unit or template
https://github.com/prometheus/mysqld_exporter::prometheus-mysqld-exporter,https://github.com/prometheus/mysqld_exporter,ubuntu,prometheus-mysqld-exporter,prometheus-mysqld-exporter,0.18.0-1,U4_NO_UPSTREAM_STATIC_OR_TEMPLATE_UNIT,,0.18.0-1,,0,,NOT_APPLICABLE,complete pristine orig-tar inventory contained no service unit or template
https://github.com/prometheus/node_exporter::prometheus-node-exporter,https://github.com/prometheus/node_exporter,arch,prometheus-node-exporter,prometheus-node-exporter,1.12.1-1,U5_AMBIGUOUS_OR_UNRESOLVED,,1.12.1-1,,0,,NOT_ATTEMPTED,"no unique upstream artifact; candidates=1, executable_candidates=0"
https://github.com/prometheus/node_exporter::prometheus-node-exporter,https://github.com/prometheus/node_exporter,debian,prometheus-node-exporter,prometheus-node-exporter,1.9.0-1,U5_AMBIGUOUS_OR_UNRESOLVED,,1.9.0-1,,0,,NOT_ATTEMPTED,"no unique upstream artifact; candidates=1, executable_candidates=0"
https://github.com/prometheus/node_exporter::prometheus-node-exporter,https://github.com/prometheus/node_exporter,fedora,node-exporter,node-exporter,node-exporter-1.12.1-1.fc44.src.rpm,U5_AMBIGUOUS_OR_UNRESOLVED,,node-exporter-1.12.1-1.fc44.src.rpm,,0,,NOT_ATTEMPTED,"no unique upstream artifact; candidates=1, executable_candidates=0"
https://github.com/prometheus/node_exporter::prometheus-node-exporter,https://github.com/prometheus/node_exporter,ubuntu,prometheus-node-exporter,prometheus-node-exporter,1.10.2-1,U5_AMBIGUOUS_OR_UNRESOLVED,,1.10.2-1,,0,,NOT_ATTEMPTED,"no unique upstream artifact; candidates=1, executable_candidates=0"
https://github.com/prometheus/snmp_exporter::prometheus-snmp-exporter,https://github.com/prometheus/snmp_exporter,arch,prometheus-snmp-exporter,prometheus-snmp-exporter,0.30.1-2,U5_AMBIGUOUS_OR_UNRESOLVED,,0.30.1-2,,0,,NOT_ATTEMPTED,"no unique upstream artifact; candidates=1, executable_candidates=0"
https://github.com/prometheus/snmp_exporter::prometheus-snmp-exporter,https://github.com/prometheus/snmp_exporter,debian,prometheus-snmp-exporter,prometheus-snmp-exporter,0.28.0-1,U5_AMBIGUOUS_OR_UNRESOLVED,,0.28.0-1,,0,,NOT_ATTEMPTED,"no unique upstream artifact; candidates=1, executable_candidates=0"
https://github.com/prometheus/snmp_exporter::prometheus-snmp-exporter,https://github.com/prometheus/snmp_exporter,ubuntu,prometheus-snmp-exporter,prometheus-snmp-exporter,0.30.1-1,U5_AMBIGUOUS_OR_UNRESOLVED,,0.30.1-1,,0,,NOT_ATTEMPTED,"no unique upstream artifact; candidates=1, executable_candidates=0"
https://github.com/pymumu/smartdns::smartdns,https://github.com/pymumu/smartdns,arch,smartdns,smartdns,48.4-1,U1_TEMPLATE_VALUE_ONLY,/home/emrecan/github/ecylmz/unittrace/artifacts/full/roots/sources/arch/smartdns/48.4-1/smartdns-21c940edc65520849ba03544c5cf8d9cf326e680/systemd/smartdns.service.in,48.4-1,2098f601440e222a014de7bd3ed27b9ffcc452c5c8e18c77f2891ddceeab0225,0,,NOT_APPLICABLE,exact basename or unique executable source mapping
https://github.com/pymumu/smartdns::smartdns,https://github.com/pymumu/smartdns,debian,smartdns,smartdns,46.1+dfsg-1.1~deb13u1,U1_TEMPLATE_VALUE_ONLY,/home/emrecan/github/ecylmz/unittrace/artifacts/full/roots/sources/debian/smartdns/46.1+dfsg-1.1~deb13u1/smartdns-Release46.1/systemd/smartdns.service.in,46.1+dfsg-1.1~deb13u1,2098f601440e222a014de7bd3ed27b9ffcc452c5c8e18c77f2891ddceeab0225,0,,NOT_APPLICABLE,exact basename or unique executable source mapping
https://github.com/pymumu/smartdns::smartdns,https://github.com/pymumu/smartdns,ubuntu,smartdns,smartdns,46.1+dfsg-1build1,U1_TEMPLATE_VALUE_ONLY,/home/emrecan/github/ecylmz/unittrace/artifacts/full/roots/sources/ubuntu/smartdns/46.1+dfsg-1build1/smartdns-Release46.1/systemd/smartdns.service.in,46.1+dfsg-1build1,2098f601440e222a014de7bd3ed27b9ffcc452c5c8e18c77f2891ddceeab0225,0,,NOT_APPLICABLE,exact basename or unique executable source mapping
https://github.com/rfjakob/earlyoom::earlyoom,https://github.com/rfjakob/earlyoom,arch,earlyoom,earlyoom,1.9.0-1,U1_TEMPLATE_VALUE_ONLY,/home/emrecan/github/ecylmz/unittrace/artifacts/full/roots/sources/arch/earlyoom/1.9.0-1/earlyoom-1.9.0/earlyoom.service.in,1.9.0-1,d4019b66d87539a006fc2d178d972dcf1b46e70343627b8bf66d1a08dcdda0bd,0,,NOT_APPLICABLE,exact basename or unique executable source mapping
https://github.com/rfjakob/earlyoom::earlyoom,https://github.com/rfjakob/earlyoom,debian,earlyoom,earlyoom,1.8.2-1,U1_TEMPLATE_VALUE_ONLY,/home/emrecan/github/ecylmz/unittrace/artifacts/full/roots/sources/debian/earlyoom/1.8.2-1/earlyoom-1.8.2/earlyoom.service.in,1.8.2-1,d4019b66d87539a006fc2d178d972dcf1b46e70343627b8bf66d1a08dcdda0bd,0,,NOT_APPLICABLE,exact basename or unique executable source mapping
https://github.com/rfjakob/earlyoom::earlyoom,https://github.com/rfjakob/earlyoom,fedora,earlyoom,earlyoom,earlyoom-1.9.0-2.fc44.src.rpm,U1_TEMPLATE_VALUE_ONLY,/home/emrecan/github/ecylmz/unittrace/artifacts/full/roots/sources/fedora/earlyoom/earlyoom-1.9.0-2.fc44.src.rpm/earlyoom-1.9.0/earlyoom.service.in,earlyoom-1.9.0-2.fc44.src.rpm,d4019b66d87539a006fc2d178d972dcf1b46e70343627b8bf66d1a08dcdda0bd,0,,NOT_APPLICABLE,exact basename or unique executable source mapping
https://github.com/rfjakob/earlyoom::earlyoom,https://github.com/rfjakob/earlyoom,ubuntu,earlyoom,earlyoom,1.9.0-1,U1_TEMPLATE_VALUE_ONLY,/home/emrecan/github/ecylmz/unittrace/artifacts/full/roots/sources/ubuntu/earlyoom/1.9.0-1/rfjakob-earlyoom-66d7884/earlyoom.service.in,1.9.0-1,d4019b66d87539a006fc2d178d972dcf1b46e70343627b8bf66d1a08dcdda0bd,0,,NOT_APPLICABLE,exact basename or unique executable source mapping
https://github.com/rhboot/pesign::pesign,https://github.com/rhboot/pesign,arch,pesign,pesign,116-3,U1_TEMPLATE_VALUE_ONLY,/home/emrecan/github/ecylmz/unittrace/artifacts/full/roots/sources/arch/pesign/116-3/pesign-116/src/pesign.service.in,116-3,4dc3f514a3320600479f41c01d18447d7ab36176b0586e4bf697c64dbff9eefd,0,,NOT_APPLICABLE,exact basename or unique executable source mapping
https://github.com/rhboot/pesign::pesign,https://github.com/rhboot/pesign,fedora,pesign,pesign,pesign-116-7.fc42.src.rpm,U1_TEMPLATE_VALUE_ONLY,/home/emrecan/github/ecylmz/unittrace/artifacts/full/roots/sources/fedora/pesign/pesign-116-7.fc42.src.rpm/pesign-116/src/pesign.service.in,pesign-116-7.fc42.src.rpm,4dc3f514a3320600479f41c01d18447d7ab36176b0586e4bf697c64dbff9eefd,0,,NOT_APPLICABLE,exact basename or unique executable source mapping
https://github.com/rpm-software-management/dnf-plugins-core::upstream-unit::etc/systemd/dnf-system-upgrade-cleanup.service,https://github.com/rpm-software-management/dnf-plugins-core,fedora,python3-dnf-plugins-core,dnf-plugins-core,dnf-plugins-core-4.10.1-9.fc44.src.rpm,U0_STATIC,/home/emrecan/github/ecylmz/unittrace/artifacts/full/roots/sources/fedora/dnf-plugins-core/dnf-plugins-core-4.10.1-9.fc44.src.rpm/dnf-plugins-core-4.10.1/etc/systemd/dnf-system-upgrade-cleanup.service,dnf-plugins-core-4.10.1-9.fc44.src.rpm,e4a9e9f39d493e8ebd490b54d827268bfb1e689f989a2bade019a1ffebd9b862,0,,NOT_APPLICABLE,exact basename or unique executable source mapping
https://github.com/rpm-software-management/dnf-plugins-core::upstream-unit::etc/systemd/dnf-system-upgrade-cleanup.service,https://github.com/rpm-software-management/dnf-plugins-core,ubuntu,dnf-plugins-core,dnf-plugins-core,4.10.1-5,U0_STATIC,/home/emrecan/github/ecylmz/unittrace/artifacts/full/roots/sources/ubuntu/dnf-plugins-core/4.10.1-5/dnf-plugins-core-4.10.1/etc/systemd/dnf-system-upgrade-cleanup.service,4.10.1-5,e4a9e9f39d493e8ebd490b54d827268bfb1e689f989a2bade019a1ffebd9b862,0,,NOT_APPLICABLE,exact basename or unique executable source mapping
https://github.com/rpm-software-management/dnf-plugins-core::upstream-unit::etc/systemd/dnf-system-upgrade.service,https://github.com/rpm-software-management/dnf-plugins-core,fedora,python3-dnf-plugins-core,dnf-plugins-core,dnf-plugins-core-4.10.1-9.fc44.src.rpm,U0_STATIC,/home/emrecan/github/ecylmz/unittrace/artifacts/full/roots/sources/fedora/dnf-plugins-core/dnf-plugins-core-4.10.1-9.fc44.src.rpm/dnf-plugins-core-4.10.1/etc/systemd/dnf-system-upgrade.service,dnf-plugins-core-4.10.1-9.fc44.src.rpm,853c4cde72fd514416722a0bd6af06c3fa86aac4884ee96f9ebbdcd867d0b102,0,,NOT_APPLICABLE,exact basename or unique executable source mapping
https://github.com/rpm-software-management/dnf-plugins-core::upstream-unit::etc/systemd/dnf-system-upgrade.service,https://github.com/rpm-software-management/dnf-plugins-core,ubuntu,dnf-plugins-core,dnf-plugins-core,4.10.1-5,U0_STATIC,/home/emrecan/github/ecylmz/unittrace/artifacts/full/roots/sources/ubuntu/dnf-plugins-core/4.10.1-5/dnf-plugins-core-4.10.1/etc/systemd/dnf-system-upgrade.service,4.10.1-5,853c4cde72fd514416722a0bd6af06c3fa86aac4884ee96f9ebbdcd867d0b102,0,,NOT_APPLICABLE,exact basename or unique executable source mapping
https://github.com/rpm-software-management/dnf5::dnf5,https://github.com/rpm-software-management/dnf5,arch,dnf5,dnf5,5.4.2.1-1,U0_STATIC,/home/emrecan/github/ecylmz/unittrace/artifacts/full/roots/sources/arch/dnf5/5.4.2.1-1/dnf5-5.4.2.1/dnf5-plugins/automatic_plugin/config/usr/lib/systemd/system/dnf5-automatic.service,5.4.2.1-1,9d55104fcf99363c6b1f5ba6ab3d98df42bc8a71f27f9d47b825ad9ad8252b71,0,,NOT_APPLICABLE,exact basename or unique executable source mapping
https://github.com/rpm-software-management/dnf5::dnf5,https://github.com/rpm-software-management/dnf5,fedora,dnf5-plugin-automatic,dnf5,dnf5-5.4.2.1-1.fc44.src.rpm,U0_STATIC,/home/emrecan/github/ecylmz/unittrace/artifacts/full/roots/sources/fedora/dnf5/dnf5-5.4.2.1-1.fc44.src.rpm/dnf5-5.4.2.1/dnf5-plugins/automatic_plugin/config/usr/lib/systemd/system/dnf5-automatic.service,dnf5-5.4.2.1-1.fc44.src.rpm,9d55104fcf99363c6b1f5ba6ab3d98df42bc8a71f27f9d47b825ad9ad8252b71,0,,NOT_APPLICABLE,exact basename or unique executable source mapping
https://github.com/rpm-software-management/dnf5::dnf5,https://github.com/rpm-software-management/dnf5,ubuntu,dnf5-server,dnf5,5.4.0.0-1,U0_STATIC,/home/emrecan/github/ecylmz/unittrace/artifacts/full/roots/sources/ubuntu/dnf5/5.4.0.0-1/dnf5-5.4.0.0/dnf5-plugins/automatic_plugin/config/usr/lib/systemd/system/dnf5-automatic.service,5.4.0.0-1,9d55104fcf99363c6b1f5ba6ab3d98df42bc8a71f27f9d47b825ad9ad8252b71,0,,NOT_APPLICABLE,exact basename or unique executable source mapping
https://github.com/rpm-software-management/dnf5::upstream-unit::dnf5/config/systemd/system/dnf5-offline-transaction-cleanup.service,https://github.com/rpm-software-management/dnf5,arch,dnf5,dnf5,5.4.2.1-1,U0_STATIC,/home/emrecan/github/ecylmz/unittrace/artifacts/full/roots/sources/arch/dnf5/5.4.2.1-1/dnf5-5.4.2.1/dnf5/config/systemd/system/dnf5-offline-transaction-cleanup.service,5.4.2.1-1,174b2455054debdf4b350f6336822278d165597379831fb04b7591b4e659f34e,0,,NOT_APPLICABLE,exact basename or unique executable source mapping
https://github.com/rpm-software-management/dnf5::upstream-unit::dnf5/config/systemd/system/dnf5-offline-transaction-cleanup.service,https://github.com/rpm-software-management/dnf5,fedora,dnf5,dnf5,dnf5-5.4.2.1-1.fc44.src.rpm,U0_STATIC,/home/emrecan/github/ecylmz/unittrace/artifacts/full/roots/sources/fedora/dnf5/dnf5-5.4.2.1-1.fc44.src.rpm/dnf5-5.4.2.1/dnf5/config/systemd/system/dnf5-offline-transaction-cleanup.service,dnf5-5.4.2.1-1.fc44.src.rpm,174b2455054debdf4b350f6336822278d165597379831fb04b7591b4e659f34e,0,,NOT_APPLICABLE,exact basename or unique executable source mapping
https://github.com/rpm-software-management/dnf5::upstream-unit::dnf5/config/systemd/system/dnf5-offline-transaction-cleanup.service,https://github.com/rpm-software-management/dnf5,ubuntu,dnf5-server,dnf5,5.4.0.0-1,U0_STATIC,/home/emrecan/github/ecylmz/unittrace/artifacts/full/roots/sources/ubuntu/dnf5/5.4.0.0-1/dnf5-5.4.0.0/dnf5/config/systemd/system/dnf5-offline-transaction-cleanup.service,5.4.0.0-1,174b2455054debdf4b350f6336822278d165597379831fb04b7591b4e659f34e,0,,NOT_APPLICABLE,exact basename or unique executable source mapping
https://github.com/rpm-software-management/dnf5::upstream-unit::dnf5/config/systemd/system/dnf5-offline-transaction.service,https://github.com/rpm-software-management/dnf5,arch,dnf5,dnf5,5.4.2.1-1,U0_STATIC,/home/emrecan/github/ecylmz/unittrace/artifacts/full/roots/sources/arch/dnf5/5.4.2.1-1/dnf5-5.4.2.1/dnf5/config/systemd/system/dnf5-offline-transaction.service,5.4.2.1-1,fc0e8cac8f11c204e13656ef6a035cafee5ad43dc5eae2d6727bf0403401b37d,0,,NOT_APPLICABLE,exact basename or unique executable source mapping
https://github.com/rpm-software-management/dnf5::upstream-unit::dnf5/config/systemd/system/dnf5-offline-transaction.service,https://github.com/rpm-software-management/dnf5,fedora,dnf5,dnf5,dnf5-5.4.2.1-1.fc44.src.rpm,U0_STATIC,/home/emrecan/github/ecylmz/unittrace/artifacts/full/roots/sources/fedora/dnf5/dnf5-5.4.2.1-1.fc44.src.rpm/dnf5-5.4.2.1/dnf5/config/systemd/system/dnf5-offline-transaction.service,dnf5-5.4.2.1-1.fc44.src.rpm,fc0e8cac8f11c204e13656ef6a035cafee5ad43dc5eae2d6727bf0403401b37d,0,,NOT_APPLICABLE,exact basename or unique executable source mapping
https://github.com/rpm-software-management/dnf5::upstream-unit::dnf5/config/systemd/system/dnf5-offline-transaction.service,https://github.com/rpm-software-management/dnf5,ubuntu,dnf5-server,dnf5,5.4.0.0-1,U0_STATIC,/home/emrecan/github/ecylmz/unittrace/artifacts/full/roots/sources/ubuntu/dnf5/5.4.0.0-1/dnf5-5.4.0.0/dnf5/config/systemd/system/dnf5-offline-transaction.service,5.4.0.0-1,fc0e8cac8f11c204e13656ef6a035cafee5ad43dc5eae2d6727bf0403401b37d,0,,NOT_APPLICABLE,exact basename or unique executable source mapping
https://github.com/rpm-software-management/dnf5::upstream-unit::dnf5daemon-server/dbus/dnf5daemon-server.service,https://github.com/rpm-software-management/dnf5,arch,dnf5,dnf5,5.4.2.1-1,U0_STATIC,/home/emrecan/github/ecylmz/unittrace/artifacts/full/roots/sources/arch/dnf5/5.4.2.1-1/dnf5-5.4.2.1/dnf5daemon-server/dbus/dnf5daemon-server.service,5.4.2.1-1,d51b04b1e4a5f003bf8dc6d57c0b009efa6f58831434172c101bb62e3d98f82a,0,,NOT_APPLICABLE,exact basename or unique executable source mapping
https://github.com/rpm-software-management/dnf5::upstream-unit::dnf5daemon-server/dbus/dnf5daemon-server.service,https://github.com/rpm-software-management/dnf5,fedora,dnf5daemon-server,dnf5,dnf5-5.4.2.1-1.fc44.src.rpm,U0_STATIC,/home/emrecan/github/ecylmz/unittrace/artifacts/full/roots/sources/fedora/dnf5/dnf5-5.4.2.1-1.fc44.src.rpm/dnf5-5.4.2.1/dnf5daemon-server/dbus/dnf5daemon-server.service,dnf5-5.4.2.1-1.fc44.src.rpm,d51b04b1e4a5f003bf8dc6d57c0b009efa6f58831434172c101bb62e3d98f82a,0,,NOT_APPLICABLE,exact basename or unique executable source mapping
https://github.com/rpm-software-management/dnf5::upstream-unit::dnf5daemon-server/dbus/dnf5daemon-server.service,https://github.com/rpm-software-management/dnf5,ubuntu,dnf5-server,dnf5,5.4.0.0-1,U0_STATIC,/home/emrecan/github/ecylmz/unittrace/artifacts/full/roots/sources/ubuntu/dnf5/5.4.0.0-1/dnf5-5.4.0.0/dnf5daemon-server/dbus/dnf5daemon-server.service,5.4.0.0-1,d51b04b1e4a5f003bf8dc6d57c0b009efa6f58831434172c101bb62e3d98f82a,0,,NOT_APPLICABLE,exact basename or unique executable source mapping
https://github.com/rpm-software-management/dnf5::upstream-unit::etc/systemd/dnf5-makecache.service,https://github.com/rpm-software-management/dnf5,arch,dnf5,dnf5,5.4.2.1-1,U0_STATIC,/home/emrecan/github/ecylmz/unittrace/artifacts/full/roots/sources/arch/dnf5/5.4.2.1-1/dnf5-5.4.2.1/etc/systemd/dnf5-makecache.service,5.4.2.1-1,d082e745a0555da1bdc4a1a985e47122a5bfda5a7f0a7e0f8319b7bb94f722ac,0,,NOT_APPLICABLE,exact basename or unique executable source mapping
https://github.com/rpm-software-management/dnf5::upstream-unit::etc/systemd/dnf5-makecache.service,https://github.com/rpm-software-management/dnf5,fedora,dnf5,dnf5,dnf5-5.4.2.1-1.fc44.src.rpm,U5_AMBIGUOUS_OR_UNRESOLVED,,dnf5-5.4.2.1-1.fc44.src.rpm,,0,,NOT_ATTEMPTED,"no unique upstream artifact; candidates=7, executable_candidates=6"
https://github.com/rpm-software-management/dnf5::upstream-unit::etc/systemd/dnf5-makecache.service,https://github.com/rpm-software-management/dnf5,ubuntu,dnf5-server,dnf5,5.4.0.0-1,U0_STATIC,/home/emrecan/github/ecylmz/unittrace/artifacts/full/roots/sources/ubuntu/dnf5/5.4.0.0-1/dnf5-5.4.0.0/etc/systemd/dnf5-makecache.service,5.4.0.0-1,d082e745a0555da1bdc4a1a985e47122a5bfda5a7f0a7e0f8319b7bb94f722ac,0,,NOT_APPLICABLE,exact basename or unique executable source mapping
https://github.com/rpodgorny/uptimed::uptimed,https://github.com/rpodgorny/uptimed,arch,uptimed,uptimed,0.4.7-2,U5_AMBIGUOUS_OR_UNRESOLVED,,0.4.7-2,,0,,NOT_ATTEMPTED,pristine source unavailable
https://github.com/rpodgorny/uptimed::uptimed,https://github.com/rpodgorny/uptimed,debian,uptimed,uptimed,1:0.4.6-3.1,U1_TEMPLATE_VALUE_ONLY,/home/emrecan/github/ecylmz/unittrace/artifacts/full/roots/sources/debian/uptimed/0.4.6-3.1/uptimed-0.4.6/etc/uptimed.service.in,1:0.4.6-3.1,55b6e02ab8b5cc2196f8452e93ddd0cc8051df1811b0fcb63eeb1d0c0b3af420,0,,NOT_APPLICABLE,exact basename or unique executable source mapping
https://github.com/rpodgorny/uptimed::uptimed,https://github.com/rpodgorny/uptimed,fedora,uptimed,uptimed,uptimed-0.4.7-4.fc44.src.rpm,U1_TEMPLATE_VALUE_ONLY,/home/emrecan/github/ecylmz/unittrace/artifacts/full/roots/sources/fedora/uptimed/uptimed-0.4.7-4.fc44.src.rpm/uptimed-0.4.7/etc/uptimed.service.in,uptimed-0.4.7-4.fc44.src.rpm,55b6e02ab8b5cc2196f8452e93ddd0cc8051df1811b0fcb63eeb1d0c0b3af420,0,,NOT_APPLICABLE,exact basename or unique executable source mapping
https://github.com/rpodgorny/uptimed::uptimed,https://github.com/rpodgorny/uptimed,ubuntu,uptimed,uptimed,1:0.4.6-3.1build1,U1_TEMPLATE_VALUE_ONLY,/home/emrecan/github/ecylmz/unittrace/artifacts/full/roots/sources/ubuntu/uptimed/0.4.6-3.1build1/uptimed-0.4.6/etc/uptimed.service.in,1:0.4.6-3.1build1,55b6e02ab8b5cc2196f8452e93ddd0cc8051df1811b0fcb63eeb1d0c0b3af420,0,,NOT_APPLICABLE,exact basename or unique executable source mapping
https://github.com/rvaiya/keyd::keyd.rvaiya,https://github.com/rvaiya/keyd,debian,keyd,keyd,2.5.0-4,U1_TEMPLATE_VALUE_ONLY,/home/emrecan/github/ecylmz/unittrace/artifacts/full/roots/sources/debian/keyd/2.5.0-4/keyd-2.5.0/keyd.service.in,2.5.0-4,47f31d231d6ad39e49f9f16ddd4feb3e348eb4234ac6aaa75b99e1d81715fe66,0,,NOT_APPLICABLE,exact basename or unique executable source mapping
https://github.com/rvaiya/keyd::keyd.rvaiya,https://github.com/rvaiya/keyd,ubuntu,keyd,keyd,2.5.0-5,U1_TEMPLATE_VALUE_ONLY,/home/emrecan/github/ecylmz/unittrace/artifacts/full/roots/sources/ubuntu/keyd/2.5.0-5/keyd-2.5.0/keyd.service.in,2.5.0-5,47f31d231d6ad39e49f9f16ddd4feb3e348eb4234ac6aaa75b99e1d81715fe66,0,,NOT_APPLICABLE,exact basename or unique executable source mapping
https://github.com/schollz/croc::upstream-unit::croc.service,https://github.com/schollz/croc,arch,croc,croc,1:11.0.2-1,U0_STATIC,/home/emrecan/github/ecylmz/unittrace/artifacts/full/roots/sources/arch/croc/1:11.0.2-1/croc-v11.0.2/croc.service,1:11.0.2-1,a892f70b16b239a1f6caea1877c3f5d3747c1b3e3f5d94d49e21050d5b873ecc,0,,NOT_APPLICABLE,exact basename or unique executable source mapping
https://github.com/schollz/croc::upstream-unit::croc.service,https://github.com/schollz/croc,fedora,croc,golang-github-schollz-croc,golang-github-schollz-croc-9.6.4-7.fc41.src.rpm,U0_STATIC,/home/emrecan/github/ecylmz/unittrace/artifacts/full/roots/sources/fedora/golang-github-schollz-croc/golang-github-schollz-croc-9.6.4-7.fc41.src.rpm/croc-9.6.4/croc.service,golang-github-schollz-croc-9.6.4-7.fc41.src.rpm,3e800b1eba25d9c6a6ffe4da73e6616524c67f46d4d77fd849714687e7596c94,0,,NOT_APPLICABLE,exact basename or unique executable source mapping
https://github.com/sddm/sddm::sddm,https://github.com/sddm/sddm,arch,sddm,sddm,0.21.0-7,U1_TEMPLATE_VALUE_ONLY,/home/emrecan/github/ecylmz/unittrace/artifacts/full/roots/sources/arch/sddm/0.21.0-7/sddm-63780fcd79f1dbf81a30eef48c28c699ab15aded/services/sddm.service.in,0.21.0-7,f85cc657bde01409552ceb14ab7cdf8cc92146a576f61e383c3b0ad3cf65e087,0,,NOT_APPLICABLE,exact basename or unique executable source mapping
https://github.com/sddm/sddm::sddm,https://github.com/sddm/sddm,debian,sddm,sddm,0.21.0+git20250502.4fe234b-2,U1_TEMPLATE_VALUE_ONLY,/home/emrecan/github/ecylmz/unittrace/artifacts/full/roots/sources/debian/sddm/0.21.0+git20250502.4fe234b-2/sddm-0.21.0+git20250502.4fe234b/services/sddm.service.in,0.21.0+git20250502.4fe234b-2,f85cc657bde01409552ceb14ab7cdf8cc92146a576f61e383c3b0ad3cf65e087,0,,NOT_APPLICABLE,exact basename or unique executable source mapping
https://github.com/sddm/sddm::sddm,https://github.com/sddm/sddm,fedora,sddm,sddm,sddm-0.21.0-13.fc44.src.rpm,U1_TEMPLATE_VALUE_ONLY,/home/emrecan/github/ecylmz/unittrace/artifacts/full/roots/sources/fedora/sddm/sddm-0.21.0-13.fc44.src.rpm/sddm-0.21.0/services/sddm.service.in,sddm-0.21.0-13.fc44.src.rpm,f85cc657bde01409552ceb14ab7cdf8cc92146a576f61e383c3b0ad3cf65e087,0,,NOT_APPLICABLE,exact basename or unique executable source mapping
https://github.com/sddm/sddm::sddm,https://github.com/sddm/sddm,ubuntu,sddm,sddm,0.21.0+git20250502.4fe234b-2ubuntu3,U1_TEMPLATE_VALUE_ONLY,/home/emrecan/github/ecylmz/unittrace/artifacts/full/roots/sources/ubuntu/sddm/0.21.0+git20250502.4fe234b-2ubuntu3/sddm-0.21.0+git20250502.4fe234b/services/sddm.service.in,0.21.0+git20250502.4fe234b-2ubuntu3,f85cc657bde01409552ceb14ab7cdf8cc92146a576f61e383c3b0ad3cf65e087,0,,NOT_APPLICABLE,exact basename or unique executable source mapping
https://github.com/sezanzeb/input-remapper::upstream-unit::data/input-remapper.service,https://github.com/sezanzeb/input-remapper,fedora,input-remapper,input-remapper,input-remapper-2.2.1-1.fc44.src.rpm,U0_STATIC,/home/emrecan/github/ecylmz/unittrace/artifacts/full/roots/sources/fedora/input-remapper/input-remapper-2.2.1-1.fc44.src.rpm/input-remapper-2.2.1/data/input-remapper.service,input-remapper-2.2.1-1.fc44.src.rpm,213de5e06cfc25991614cae2fa4ef514fa692b1cf0998a6329fa10e01443b79f,0,,NOT_APPLICABLE,exact basename or unique executable source mapping
https://github.com/sezanzeb/input-remapper::upstream-unit::data/input-remapper.service,https://github.com/sezanzeb/input-remapper,ubuntu,input-remapper-daemon,input-remapper,2.2.0-1,U0_STATIC,/home/emrecan/github/ecylmz/unittrace/artifacts/full/roots/sources/ubuntu/input-remapper/2.2.0-1/input-remapper-2.2.0/data/input-remapper.service,2.2.0-1,213de5e06cfc25991614cae2fa4ef514fa692b1cf0998a6329fa10e01443b79f,0,,NOT_APPLICABLE,exact basename or unique executable source mapping
https://github.com/sharkcz/collectl::collectl,https://github.com/sharkcz/collectl,fedora,collectl,collectl,collectl-4.3.20.3-1.fc44.src.rpm,U1_TEMPLATE_VALUE_ONLY,/home/emrecan/github/ecylmz/unittrace/artifacts/full/roots/sources/fedora/collectl/collectl-4.3.20.3-1.fc44.src.rpm/collectl-4.3.20.3/service/collectl.service,collectl-4.3.20.3-1.fc44.src.rpm,0c07cc06a9212b655bead00a7d34fbcffb29c1e303271efedc2ac87804de7e68,0,,NOT_APPLICABLE,exact basename or unique executable source mapping
https://github.com/sharkcz/collectl::collectl,https://github.com/sharkcz/collectl,ubuntu,collectl,collectl,4.3.20.1-2,U1_TEMPLATE_VALUE_ONLY,/home/emrecan/github/ecylmz/unittrace/artifacts/full/roots/sources/ubuntu/collectl/4.3.20.1-2/sharkcz-collectl-c1dcedc/service/collectl.service,4.3.20.1-2,0c07cc06a9212b655bead00a7d34fbcffb29c1e303271efedc2ac87804de7e68,0,,NOT_APPLICABLE,exact basename or unique executable source mapping
https://github.com/shellinabox/shellinabox::shellinaboxd,https://github.com/shellinabox/shellinabox,fedora,shellinabox,shellinabox,shellinabox-2.20-28.fc44.src.rpm,U4_NO_UPSTREAM_STATIC_OR_TEMPLATE_UNIT,,shellinabox-2.20-28.fc44.src.rpm,,0,,NOT_APPLICABLE,complete pristine orig-tar inventory contained no service unit or template
https://github.com/shellinabox/shellinabox::shellinaboxd,https://github.com/shellinabox/shellinabox,ubuntu,shellinabox,shellinabox,2.21+really2.21-1,U4_NO_UPSTREAM_STATIC_OR_TEMPLATE_UNIT,,2.21+really2.21-1,,0,,NOT_APPLICABLE,complete pristine orig-tar inventory contained no service unit or template
https://github.com/skeeto/endlessh::endlessh,https://github.com/skeeto/endlessh,debian,endlessh,endlessh,1.1-5.1,U0_STATIC,/home/emrecan/github/ecylmz/unittrace/artifacts/full/roots/sources/debian/endlessh/1.1-5.1/endlessh-1.1/util/endlessh.service,1.1-5.1,309cadace2835169324dd1ab7abc1c1d94ea90285dc4bec76140fcb022c0c3b1,0,,NOT_APPLICABLE,exact basename or unique executable source mapping
https://github.com/skeeto/endlessh::endlessh,https://github.com/skeeto/endlessh,fedora,endlessh,endlessh,endlessh-1.1-16.fc44.src.rpm,U0_STATIC,/home/emrecan/github/ecylmz/unittrace/artifacts/full/roots/sources/fedora/endlessh/endlessh-1.1-16.fc44.src.rpm/endlessh-1.1/util/endlessh.service,endlessh-1.1-16.fc44.src.rpm,309cadace2835169324dd1ab7abc1c1d94ea90285dc4bec76140fcb022c0c3b1,0,,NOT_APPLICABLE,exact basename or unique executable source mapping
https://github.com/skeeto/endlessh::endlessh,https://github.com/skeeto/endlessh,ubuntu,endlessh,endlessh,1.1-5.1build1,U0_STATIC,/home/emrecan/github/ecylmz/unittrace/artifacts/full/roots/sources/ubuntu/endlessh/1.1-5.1build1/endlessh-1.1/util/endlessh.service,1.1-5.1build1,309cadace2835169324dd1ab7abc1c1d94ea90285dc4bec76140fcb022c0c3b1,0,,NOT_APPLICABLE,exact basename or unique executable source mapping
https://github.com/slackhq/nebula::nebula,https://github.com/slackhq/nebula,arch,nebula,nebula,1.11.0-1,U1_TEMPLATE_VALUE_ONLY,/home/emrecan/github/ecylmz/unittrace/artifacts/full/roots/sources/arch/nebula/1.11.0-1/nebula-1.11.0/examples/service_scripts/nebula.service,1.11.0-1,b781d1c332fa32fe595f4ca29930fbf397bc8b06574603f225eeaa8b30fb97a5,0,,NOT_APPLICABLE,exact basename or unique executable source mapping
https://github.com/slackhq/nebula::nebula,https://github.com/slackhq/nebula,fedora,nebula,nebula,nebula-1.11.0-1.fc44.src.rpm,U1_TEMPLATE_VALUE_ONLY,/home/emrecan/github/ecylmz/unittrace/artifacts/full/roots/sources/fedora/nebula/nebula-1.11.0-1.fc44.src.rpm/nebula-1.11.0/examples/service_scripts/nebula.service,nebula-1.11.0-1.fc44.src.rpm,b781d1c332fa32fe595f4ca29930fbf397bc8b06574603f225eeaa8b30fb97a5,0,,NOT_APPLICABLE,exact basename or unique executable source mapping
https://github.com/snapcore/snapd::snap-bootstrap,https://github.com/snapcore/snapd,debian,snapd,snapd,2.68.3-3+deb13u1,U1_TEMPLATE_VALUE_ONLY,/home/emrecan/github/ecylmz/unittrace/artifacts/full/roots/sources/debian/snapd/2.68.3-3+deb13u1/snapd-2.68.3/data/systemd/snapd.recovery-chooser-trigger.service.in,2.68.3-3+deb13u1,b005eb9d75846c85e8ffb42f9362911bee6a0a8774291fda53f6d9568479d238,0,,NOT_APPLICABLE,exact basename or unique executable source mapping
https://github.com/snapcore/snapd::snap-bootstrap,https://github.com/snapcore/snapd,ubuntu,snapd,snapd,2.74.1+ubuntu26.04.4,U5_AMBIGUOUS_OR_UNRESOLVED,,2.74.1+ubuntu26.04.4,,0,,NOT_ATTEMPTED,pristine source unavailable
https://github.com/snapcore/snapd::snapd,https://github.com/snapcore/snapd,debian,snapd,snapd,2.68.3-3+deb13u1,U1_TEMPLATE_VALUE_ONLY,/home/emrecan/github/ecylmz/unittrace/artifacts/full/roots/sources/debian/snapd/2.68.3-3+deb13u1/snapd-2.68.3/data/systemd/snapd.service.in,2.68.3-3+deb13u1,13b5a55c84910e40f55353cadb0f07c161a38b8b598d023b3e2b25493523de4a,0,,NOT_APPLICABLE,exact basename or unique executable source mapping
https://github.com/snapcore/snapd::snapd,https://github.com/snapcore/snapd,fedora,snapd,snapd,snapd-2.76-0.fc44.src.rpm,U1_TEMPLATE_VALUE_ONLY,/home/emrecan/github/ecylmz/unittrace/artifacts/full/roots/sources/fedora/snapd/snapd-2.76-0.fc44.src.rpm/snapd-2.76/data/systemd/snapd.service.in,snapd-2.76-0.fc44.src.rpm,13b5a55c84910e40f55353cadb0f07c161a38b8b598d023b3e2b25493523de4a,0,,NOT_APPLICABLE,exact basename or unique executable source mapping
https://github.com/snapcore/snapd::snapd,https://github.com/snapcore/snapd,ubuntu,snapd,snapd,2.74.1+ubuntu26.04.4,U5_AMBIGUOUS_OR_UNRESOLVED,,2.74.1+ubuntu26.04.4,,0,,NOT_ATTEMPTED,pristine source unavailable
https://github.com/snapcore/snapd::snapd-apparmor,https://github.com/snapcore/snapd,debian,snapd,snapd,2.68.3-3+deb13u1,U1_TEMPLATE_VALUE_ONLY,/home/emrecan/github/ecylmz/unittrace/artifacts/full/roots/sources/debian/snapd/2.68.3-3+deb13u1/snapd-2.68.3/data/systemd/snapd.apparmor.service.in,2.68.3-3+deb13u1,2730bb49249c1d9125e0f779e10e2d9d72331347f3a190fca978560e6770c554,0,,NOT_APPLICABLE,exact basename or unique executable source mapping
https://github.com/snapcore/snapd::snapd-apparmor,https://github.com/snapcore/snapd,fedora,snapd,snapd,snapd-2.76-0.fc44.src.rpm,U1_TEMPLATE_VALUE_ONLY,/home/emrecan/github/ecylmz/unittrace/artifacts/full/roots/sources/fedora/snapd/snapd-2.76-0.fc44.src.rpm/snapd-2.76/data/systemd/snapd.apparmor.service.in,snapd-2.76-0.fc44.src.rpm,f61251fd5ae0cd8d69631c92f667c4022e1e596c1a0a90704593f77962fec4ce,0,,NOT_APPLICABLE,exact basename or unique executable source mapping
https://github.com/snapcore/snapd::snapd-apparmor,https://github.com/snapcore/snapd,ubuntu,snapd,snapd,2.74.1+ubuntu26.04.4,U5_AMBIGUOUS_OR_UNRESOLVED,,2.74.1+ubuntu26.04.4,,0,,NOT_ATTEMPTED,pristine source unavailable
https://github.com/spanezz/nodm::sh,https://github.com/spanezz/nodm,debian,nodm,nodm,0.13-6.2,U1_TEMPLATE_VALUE_ONLY,/home/emrecan/github/ecylmz/unittrace/artifacts/full/roots/sources/debian/nodm/0.13-6.2/nodm-0.13/nodm.service.in,0.13-6.2,93a390100dda4d785c6622d4ae075bc741493763d9b078e3234c9f0cce5e40a2,0,,NOT_APPLICABLE,exact basename or unique executable source mapping
https://github.com/spanezz/nodm::sh,https://github.com/spanezz/nodm,ubuntu,nodm,nodm,0.13-6.2build1,U1_TEMPLATE_VALUE_ONLY,/home/emrecan/github/ecylmz/unittrace/artifacts/full/roots/sources/ubuntu/nodm/0.13-6.2build1/nodm-0.13/nodm.service.in,0.13-6.2build1,93a390100dda4d785c6622d4ae075bc741493763d9b078e3234c9f0cce5e40a2,0,,NOT_APPLICABLE,exact basename or unique executable source mapping
https://github.com/sysrepo/sysrepo::sysrepo-plugind,https://github.com/sysrepo/sysrepo,fedora,sysrepo-plugind,sysrepo,sysrepo-3.7.11-2.fc44.src.rpm,U5_AMBIGUOUS_OR_UNRESOLVED,,sysrepo-3.7.11-2.fc44.src.rpm,,0,,NOT_ATTEMPTED,ambiguous exact artifacts=2
https://github.com/sysrepo/sysrepo::sysrepo-plugind,https://github.com/sysrepo/sysrepo,ubuntu,sysrepo-plugind,sysrepo,3.7.11-1,U5_AMBIGUOUS_OR_UNRESOLVED,,3.7.11-1,,0,,NOT_ATTEMPTED,ambiguous exact artifacts=2
https://github.com/systemd/systemd-bootchart::systemd-bootchart,https://github.com/systemd/systemd-bootchart,arch,systemd-bootchart,systemd-bootchart,235-3,U1_TEMPLATE_VALUE_ONLY,/home/emrecan/github/ecylmz/unittrace/artifacts/full/roots/sources/arch/systemd-bootchart/235-3/systemd-bootchart-235/units/systemd-bootchart.service.in,235-3,2124e2f7c63db04a42aa4f9082056009ce9645158a0dc1cb3f392c0744b4f508,0,,NOT_APPLICABLE,exact basename or unique executable source mapping
https://github.com/systemd/systemd-bootchart::systemd-bootchart,https://github.com/systemd/systemd-bootchart,debian,systemd-bootchart,systemd-bootchart,235-2,U1_TEMPLATE_VALUE_ONLY,/home/emrecan/github/ecylmz/unittrace/artifacts/full/roots/sources/debian/systemd-bootchart/235-2/systemd-bootchart-235/units/systemd-bootchart.service.in,235-2,2124e2f7c63db04a42aa4f9082056009ce9645158a0dc1cb3f392c0744b4f508,0,,NOT_APPLICABLE,exact basename or unique executable source mapping
https://github.com/systemd/systemd-bootchart::systemd-bootchart,https://github.com/systemd/systemd-bootchart,fedora,systemd-bootchart,systemd-bootchart,systemd-bootchart-235-4.fc44.src.rpm,U1_TEMPLATE_VALUE_ONLY,/home/emrecan/github/ecylmz/unittrace/artifacts/full/roots/sources/fedora/systemd-bootchart/systemd-bootchart-235-4.fc44.src.rpm/systemd-bootchart-235/units/systemd-bootchart.service.in,systemd-bootchart-235-4.fc44.src.rpm,2124e2f7c63db04a42aa4f9082056009ce9645158a0dc1cb3f392c0744b4f508,0,,NOT_APPLICABLE,exact basename or unique executable source mapping
https://github.com/systemd/systemd-bootchart::systemd-bootchart,https://github.com/systemd/systemd-bootchart,ubuntu,systemd-bootchart,systemd-bootchart,235-2build1,U1_TEMPLATE_VALUE_ONLY,/home/emrecan/github/ecylmz/unittrace/artifacts/full/roots/sources/ubuntu/systemd-bootchart/235-2build1/systemd-bootchart-235/units/systemd-bootchart.service.in,235-2build1,2124e2f7c63db04a42aa4f9082056009ce9645158a0dc1cb3f392c0744b4f508,0,,NOT_APPLICABLE,exact basename or unique executable source mapping
https://github.com/toreanderson/clatd::clatd,https://github.com/toreanderson/clatd,fedora,clatd,clatd,clatd-2.1.0-5.fc44.src.rpm,U4_NO_UPSTREAM_STATIC_OR_TEMPLATE_UNIT,,clatd-2.1.0-5.fc44.src.rpm,,0,,NOT_APPLICABLE,complete pristine orig-tar inventory contained no service unit or template
https://github.com/toreanderson/clatd::clatd,https://github.com/toreanderson/clatd,ubuntu,clatd,clatd,2.1.0-3,U4_NO_UPSTREAM_STATIC_OR_TEMPLATE_UNIT,,2.1.0-3,,0,,NOT_APPLICABLE,complete pristine orig-tar inventory contained no service unit or template
https://github.com/tpm2-software/tpm2-abrmd::tpm2-abrmd,https://github.com/tpm2-software/tpm2-abrmd,arch,tpm2-abrmd,tpm2-abrmd,3.0.0-2,U1_TEMPLATE_VALUE_ONLY,/home/emrecan/github/ecylmz/unittrace/artifacts/full/roots/sources/arch/tpm2-abrmd/3.0.0-2/tpm2-abrmd-3.0.0/dist/tpm2-abrmd.service.in,3.0.0-2,ce6606e30b7753e4f8b30f086c6d752561377bf0bc4a39c8900f394239aa465b,0,,NOT_APPLICABLE,exact basename or unique executable source mapping
https://github.com/tpm2-software/tpm2-abrmd::tpm2-abrmd,https://github.com/tpm2-software/tpm2-abrmd,fedora,tpm2-abrmd,tpm2-abrmd,tpm2-abrmd-3.0.0-9.fc44.src.rpm,U1_TEMPLATE_VALUE_ONLY,/home/emrecan/github/ecylmz/unittrace/artifacts/full/roots/sources/fedora/tpm2-abrmd/tpm2-abrmd-3.0.0-9.fc44.src.rpm/tpm2-abrmd-3.0.0/dist/tpm2-abrmd.service.in,tpm2-abrmd-3.0.0-9.fc44.src.rpm,ce6606e30b7753e4f8b30f086c6d752561377bf0bc4a39c8900f394239aa465b,0,,NOT_APPLICABLE,exact basename or unique executable source mapping
https://github.com/trojan-gfw/trojan::trojan,https://github.com/trojan-gfw/trojan,arch,trojan,trojan,1.16.0-17,U4_NO_UPSTREAM_STATIC_OR_TEMPLATE_UNIT,,1.16.0-17,,0,,NOT_APPLICABLE,complete pristine orig-tar inventory contained no service unit or template
https://github.com/trojan-gfw/trojan::trojan,https://github.com/trojan-gfw/trojan,debian,trojan,trojan,1.16.0-1.1,U4_NO_UPSTREAM_STATIC_OR_TEMPLATE_UNIT,,1.16.0-1.1,,0,,NOT_APPLICABLE,complete pristine orig-tar inventory contained no service unit or template
https://github.com/trojan-gfw/trojan::trojan,https://github.com/trojan-gfw/trojan,fedora,trojan,trojan,trojan-1.16.0-30.fc44.src.rpm,U4_NO_UPSTREAM_STATIC_OR_TEMPLATE_UNIT,,trojan-1.16.0-30.fc44.src.rpm,,0,,NOT_APPLICABLE,complete pristine orig-tar inventory contained no service unit or template
https://github.com/trojan-gfw/trojan::trojan,https://github.com/trojan-gfw/trojan,ubuntu,trojan,trojan,1.16.0-1.2,U4_NO_UPSTREAM_STATIC_OR_TEMPLATE_UNIT,,1.16.0-1.2,,0,,NOT_APPLICABLE,complete pristine orig-tar inventory contained no service unit or template
https://github.com/util-linux/util-linux::fstrim,https://github.com/util-linux/util-linux,arch,util-linux,util-linux,2.42.2-1,U5_AMBIGUOUS_OR_UNRESOLVED,,2.42.2-1,,0,,NOT_ATTEMPTED,pristine source unavailable
https://github.com/util-linux/util-linux::fstrim,https://github.com/util-linux/util-linux,debian,util-linux,util-linux,2.41-5,U1_TEMPLATE_VALUE_ONLY,/home/emrecan/github/ecylmz/unittrace/artifacts/full/roots/sources/debian/util-linux/2.41-5/util-linux-2.41/sys-utils/fstrim.service.in,2.41-5,64f19865fcb06dbde5a0b7f4d236d86642206be9cd1a81c2755032f1b02330b9,0,,NOT_APPLICABLE,exact basename or unique executable source mapping
https://github.com/util-linux/util-linux::fstrim,https://github.com/util-linux/util-linux,ubuntu,util-linux,util-linux,2.41.3-3ubuntu2,U1_TEMPLATE_VALUE_ONLY,/home/emrecan/github/ecylmz/unittrace/artifacts/full/roots/sources/ubuntu/util-linux/2.41.3-3ubuntu2/util-linux-2.41.3/sys-utils/fstrim.service.in,2.41.3-3ubuntu2,64f19865fcb06dbde5a0b7f4d236d86642206be9cd1a81c2755032f1b02330b9,0,,NOT_APPLICABLE,exact basename or unique executable source mapping
https://github.com/util-linux/util-linux::lastlog2,https://github.com/util-linux/util-linux,arch,util-linux,util-linux,2.42.2-1,U5_AMBIGUOUS_OR_UNRESOLVED,,2.42.2-1,,0,,NOT_ATTEMPTED,pristine source unavailable
https://github.com/util-linux/util-linux::lastlog2,https://github.com/util-linux/util-linux,debian,lastlog2,util-linux,2.41-5,U1_TEMPLATE_VALUE_ONLY,/home/emrecan/github/ecylmz/unittrace/artifacts/full/roots/sources/debian/util-linux/2.41-5/util-linux-2.41/misc-utils/lastlog2-import.service.in,2.41-5,8f7a391b237add83aaa06dd4c273a5be25aa64d058b8a156281ea92fb54b83f9,0,,NOT_APPLICABLE,exact basename or unique executable source mapping
https://github.com/util-linux/util-linux::uuidd,https://github.com/util-linux/util-linux,arch,util-linux,util-linux,2.42.2-1,U5_AMBIGUOUS_OR_UNRESOLVED,,2.42.2-1,,0,,NOT_ATTEMPTED,pristine source unavailable
https://github.com/util-linux/util-linux::uuidd,https://github.com/util-linux/util-linux,debian,uuid-runtime,util-linux,2.41-5,U1_TEMPLATE_VALUE_ONLY,/home/emrecan/github/ecylmz/unittrace/artifacts/full/roots/sources/debian/util-linux/2.41-5/util-linux-2.41/misc-utils/uuidd.service.in,2.41-5,216c3e97b176f74ae68a4cd19fd46e2283788ff9319d9d80a73b438e7a46953c,0,,NOT_APPLICABLE,exact basename or unique executable source mapping
https://github.com/util-linux/util-linux::uuidd,https://github.com/util-linux/util-linux,ubuntu,uuid-runtime,util-linux,2.41.3-3ubuntu2,U1_TEMPLATE_VALUE_ONLY,/home/emrecan/github/ecylmz/unittrace/artifacts/full/roots/sources/ubuntu/util-linux/2.41.3-3ubuntu2/util-linux-2.41.3/misc-utils/uuidd.service.in,2.41.3-3ubuntu2,216c3e97b176f74ae68a4cd19fd46e2283788ff9319d9d80a73b438e7a46953c,0,,NOT_APPLICABLE,exact basename or unique executable source mapping
https://github.com/v2fly/v2ray-core::v2ray,https://github.com/v2fly/v2ray-core,arch,v2ray,v2ray,5.49.0-1,U5_AMBIGUOUS_OR_UNRESOLVED,,5.49.0-1,,0,,NOT_ATTEMPTED,pristine source unavailable
https://github.com/v2fly/v2ray-core::v2ray,https://github.com/v2fly/v2ray-core,debian,v2ray,golang-v2ray-core,4.34.0+ds-4,U5_AMBIGUOUS_OR_UNRESOLVED,,4.34.0+ds-4,,0,,NOT_ATTEMPTED,ambiguous exact artifacts=2
https://github.com/v2fly/v2ray-core::v2ray,https://github.com/v2fly/v2ray-core,ubuntu,v2ray,golang-v2ray-core,4.34.0+ds-6,U5_AMBIGUOUS_OR_UNRESOLVED,,4.34.0+ds-6,,0,,NOT_ATTEMPTED,ambiguous exact artifacts=2
https://github.com/vmatare/thinkfan::thinkfan,https://github.com/vmatare/thinkfan,debian,thinkfan,thinkfan,1.3.1-6,U5_AMBIGUOUS_OR_UNRESOLVED,,1.3.1-6,,0,,NOT_ATTEMPTED,"no unique upstream artifact; candidates=2, executable_candidates=2"
https://github.com/vmatare/thinkfan::thinkfan,https://github.com/vmatare/thinkfan,fedora,thinkfan,thinkfan,thinkfan-2.0.0-3.fc44.src.rpm,U5_AMBIGUOUS_OR_UNRESOLVED,,thinkfan-2.0.0-3.fc44.src.rpm,,0,,NOT_ATTEMPTED,"no unique upstream artifact; candidates=2, executable_candidates=2"
https://github.com/vmatare/thinkfan::thinkfan,https://github.com/vmatare/thinkfan,ubuntu,thinkfan,thinkfan,2.0.0-1,U5_AMBIGUOUS_OR_UNRESOLVED,,2.0.0-1,,0,,NOT_ATTEMPTED,"no unique upstream artifact; candidates=2, executable_candidates=2"
https://github.com/vmatare/thinkfan::upstream-unit::rcscripts/systemd/thinkfan-sleep.service,https://github.com/vmatare/thinkfan,fedora,thinkfan,thinkfan,thinkfan-2.0.0-3.fc44.src.rpm,U0_STATIC,/home/emrecan/github/ecylmz/unittrace/artifacts/full/roots/sources/fedora/thinkfan/thinkfan-2.0.0-3.fc44.src.rpm/thinkfan-2.0.0/rcscripts/systemd/thinkfan-sleep.service,thinkfan-2.0.0-3.fc44.src.rpm,ba514f87d56c78da39347421f964e195af9a00e1e54ddde94c2ec0db89f4e0cb,0,,NOT_APPLICABLE,exact basename or unique executable source mapping
https://github.com/vmatare/thinkfan::upstream-unit::rcscripts/systemd/thinkfan-sleep.service,https://github.com/vmatare/thinkfan,ubuntu,thinkfan,thinkfan,2.0.0-1,U0_STATIC,/home/emrecan/github/ecylmz/unittrace/artifacts/full/roots/sources/ubuntu/thinkfan/2.0.0-1/thinkfan-2.0.0/rcscripts/systemd/thinkfan-sleep.service,2.0.0-1,ba514f87d56c78da39347421f964e195af9a00e1e54ddde94c2ec0db89f4e0cb,0,,NOT_APPLICABLE,exact basename or unique executable source mapping
https://github.com/vmatare/thinkfan::upstream-unit::rcscripts/systemd/thinkfan-wakeup.service,https://github.com/vmatare/thinkfan,debian,thinkfan,thinkfan,1.3.1-6,U0_STATIC,/home/emrecan/github/ecylmz/unittrace/artifacts/full/roots/sources/debian/thinkfan/1.3.1-6/thinkfan-1.3.1/rcscripts/systemd/thinkfan-wakeup.service,1.3.1-6,4cf259897b8a2e974ca599ee425d7aede7c44464eca55a781d2014b580aac0f7,0,,NOT_APPLICABLE,exact basename or unique executable source mapping
https://github.com/vmatare/thinkfan::upstream-unit::rcscripts/systemd/thinkfan-wakeup.service,https://github.com/vmatare/thinkfan,fedora,thinkfan,thinkfan,thinkfan-2.0.0-3.fc44.src.rpm,U0_STATIC,/home/emrecan/github/ecylmz/unittrace/artifacts/full/roots/sources/fedora/thinkfan/thinkfan-2.0.0-3.fc44.src.rpm/thinkfan-2.0.0/rcscripts/systemd/thinkfan-wakeup.service,thinkfan-2.0.0-3.fc44.src.rpm,4cf259897b8a2e974ca599ee425d7aede7c44464eca55a781d2014b580aac0f7,0,,NOT_APPLICABLE,exact basename or unique executable source mapping
https://github.com/vmatare/thinkfan::upstream-unit::rcscripts/systemd/thinkfan-wakeup.service,https://github.com/vmatare/thinkfan,ubuntu,thinkfan,thinkfan,2.0.0-1,U0_STATIC,/home/emrecan/github/ecylmz/unittrace/artifacts/full/roots/sources/ubuntu/thinkfan/2.0.0-1/thinkfan-2.0.0/rcscripts/systemd/thinkfan-wakeup.service,2.0.0-1,4cf259897b8a2e974ca599ee425d7aede7c44464eca55a781d2014b580aac0f7,0,,NOT_APPLICABLE,exact basename or unique executable source mapping
https://github.com/vmware/open-vm-tools::VGAuthService,https://github.com/vmware/open-vm-tools,debian,open-vm-tools,open-vm-tools,2:12.5.0-2+deb13u1,U4_NO_UPSTREAM_STATIC_OR_TEMPLATE_UNIT,,2:12.5.0-2+deb13u1,,0,,NOT_APPLICABLE,complete pristine orig-tar inventory contained no service unit or template
https://github.com/vmware/open-vm-tools::VGAuthService,https://github.com/vmware/open-vm-tools,fedora,open-vm-tools,open-vm-tools,open-vm-tools-13.1.0-2.fc44.src.rpm,U4_NO_UPSTREAM_STATIC_OR_TEMPLATE_UNIT,,open-vm-tools-13.1.0-2.fc44.src.rpm,,0,,NOT_APPLICABLE,complete pristine orig-tar inventory contained no service unit or template
https://github.com/vmware/open-vm-tools::VGAuthService,https://github.com/vmware/open-vm-tools,ubuntu,open-vm-tools,open-vm-tools,2:13.0.10-1ubuntu1,U4_NO_UPSTREAM_STATIC_OR_TEMPLATE_UNIT,,2:13.0.10-1ubuntu1,,0,,NOT_APPLICABLE,complete pristine orig-tar inventory contained no service unit or template
https://github.com/vmware/open-vm-tools::vmtoolsd,https://github.com/vmware/open-vm-tools,arch,open-vm-tools,open-vm-tools,6:13.1.0-3,U4_NO_UPSTREAM_STATIC_OR_TEMPLATE_UNIT,,6:13.1.0-3,,0,,NOT_APPLICABLE,complete pristine orig-tar inventory contained no service unit or template
https://github.com/vmware/open-vm-tools::vmtoolsd,https://github.com/vmware/open-vm-tools,debian,open-vm-tools,open-vm-tools,2:12.5.0-2+deb13u1,U4_NO_UPSTREAM_STATIC_OR_TEMPLATE_UNIT,,2:12.5.0-2+deb13u1,,0,,NOT_APPLICABLE,complete pristine orig-tar inventory contained no service unit or template
https://github.com/vmware/open-vm-tools::vmtoolsd,https://github.com/vmware/open-vm-tools,fedora,open-vm-tools,open-vm-tools,open-vm-tools-13.1.0-2.fc44.src.rpm,U4_NO_UPSTREAM_STATIC_OR_TEMPLATE_UNIT,,open-vm-tools-13.1.0-2.fc44.src.rpm,,0,,NOT_APPLICABLE,complete pristine orig-tar inventory contained no service unit or template
https://github.com/vmware/open-vm-tools::vmtoolsd,https://github.com/vmware/open-vm-tools,ubuntu,open-vm-tools,open-vm-tools,2:13.0.10-1ubuntu1,U4_NO_UPSTREAM_STATIC_OR_TEMPLATE_UNIT,,2:13.0.10-1ubuntu1,,0,,NOT_APPLICABLE,complete pristine orig-tar inventory contained no service unit or template
https://github.com/wb2osz/direwolf::direwolf,https://github.com/wb2osz/direwolf,debian,direwolf,direwolf,1.7+dfsg-2+deb13u1,U1_TEMPLATE_VALUE_ONLY,/home/emrecan/github/ecylmz/unittrace/artifacts/full/roots/sources/debian/direwolf/1.7+dfsg-2+deb13u1/direwolf-1.7/systemd/direwolf.service,1.7+dfsg-2+deb13u1,eecc0a3bdbf881c2e5a5b8deba6eb9a0480de3aa58bbc577a5be2c35fa1bfee9,0,,NOT_APPLICABLE,exact basename or unique executable source mapping
https://github.com/wb2osz/direwolf::direwolf,https://github.com/wb2osz/direwolf,fedora,direwolf,direwolf,direwolf-1.8.1-4.fc44.src.rpm,U1_TEMPLATE_VALUE_ONLY,/home/emrecan/github/ecylmz/unittrace/artifacts/full/roots/sources/fedora/direwolf/direwolf-1.8.1-4.fc44.src.rpm/direwolf-1.8.1/systemd/direwolf.service,direwolf-1.8.1-4.fc44.src.rpm,803203d7da02aabde5ddae7b71b54c427dcd458fec6423e15aa87a721c804fd5,0,,NOT_APPLICABLE,exact basename or unique executable source mapping
https://github.com/wb2osz/direwolf::direwolf,https://github.com/wb2osz/direwolf,ubuntu,direwolf,direwolf,1.8.1+dfsg-2,U1_TEMPLATE_VALUE_ONLY,/home/emrecan/github/ecylmz/unittrace/artifacts/full/roots/sources/ubuntu/direwolf/1.8.1+dfsg-2/direwolf-1.8.1+dfsg/systemd/direwolf.service,1.8.1+dfsg-2,803203d7da02aabde5ddae7b71b54c427dcd458fec6423e15aa87a721c804fd5,0,,NOT_APPLICABLE,exact basename or unique executable source mapping
https://github.com/ximion/btrfsd::btrfsd,https://github.com/ximion/btrfsd,debian,btrfsd,btrfsd,0.2.2-1,U1_TEMPLATE_VALUE_ONLY,/home/emrecan/github/ecylmz/unittrace/artifacts/full/roots/sources/debian/btrfsd/0.2.2-1/btrfsd-0.2.2/data/btrfsd.service.in,0.2.2-1,b471e7d34abac9010e82a5efeef51fcd79fe5d39c20780bc4b63464dfd8a8c5b,0,,NOT_APPLICABLE,exact basename or unique executable source mapping
https://github.com/ximion/btrfsd::btrfsd,https://github.com/ximion/btrfsd,fedora,btrfsd,btrfsd,btrfsd-0.2.2-6.fc44.src.rpm,U1_TEMPLATE_VALUE_ONLY,/home/emrecan/github/ecylmz/unittrace/artifacts/full/roots/sources/fedora/btrfsd/btrfsd-0.2.2-6.fc44.src.rpm/btrfsd-0.2.2/data/btrfsd.service.in,btrfsd-0.2.2-6.fc44.src.rpm,b471e7d34abac9010e82a5efeef51fcd79fe5d39c20780bc4b63464dfd8a8c5b,0,,NOT_APPLICABLE,exact basename or unique executable source mapping
https://github.com/ximion/btrfsd::btrfsd,https://github.com/ximion/btrfsd,ubuntu,btrfsd,btrfsd,0.2.2-1build1,U1_TEMPLATE_VALUE_ONLY,/home/emrecan/github/ecylmz/unittrace/artifacts/full/roots/sources/ubuntu/btrfsd/0.2.2-1build1/btrfsd-0.2.2/data/btrfsd.service.in,0.2.2-1build1,b471e7d34abac9010e82a5efeef51fcd79fe5d39c20780bc4b63464dfd8a8c5b,0,,NOT_APPLICABLE,exact basename or unique executable source mapping
https://github.com/zhuyaliang/group-service::group-admin-daemon,https://github.com/zhuyaliang/group-service,debian,group-service,group-service,1.4.0-3,U1_TEMPLATE_VALUE_ONLY,/home/emrecan/github/ecylmz/unittrace/artifacts/full/roots/sources/debian/group-service/1.4.0-3/group-service-1.4.0/data/group-admin-daemon.service.in,1.4.0-3,1456ad4587225b878744544f8e0f1fe13b6ba9a519c4ba3478927eac7fbba78a,0,,NOT_APPLICABLE,exact basename or unique executable source mapping
https://github.com/zhuyaliang/group-service::group-admin-daemon,https://github.com/zhuyaliang/group-service,fedora,group-service,group-service,group-service-1.4.0-11.fc44.src.rpm,U1_TEMPLATE_VALUE_ONLY,/home/emrecan/github/ecylmz/unittrace/artifacts/full/roots/sources/fedora/group-service/group-service-1.4.0-11.fc44.src.rpm/group-service-1.4.0/data/group-admin-daemon.service.in,group-service-1.4.0-11.fc44.src.rpm,1456ad4587225b878744544f8e0f1fe13b6ba9a519c4ba3478927eac7fbba78a,0,,NOT_APPLICABLE,exact basename or unique executable source mapping
https://github.com/zhuyaliang/group-service::group-admin-daemon,https://github.com/zhuyaliang/group-service,ubuntu,group-service,group-service,1.4.0-4,U1_TEMPLATE_VALUE_ONLY,/home/emrecan/github/ecylmz/unittrace/artifacts/full/roots/sources/ubuntu/group-service/1.4.0-4/group-service-1.4.0/data/group-admin-daemon.service.in,1.4.0-4,1456ad4587225b878744544f8e0f1fe13b6ba9a519c4ba3478927eac7fbba78a,0,,NOT_APPLICABLE,exact basename or unique executable source mapping
https://gitlab.archlinux.org/archlinux/netctl::upstream-unit::services/netctl-sleep.service,https://gitlab.archlinux.org/archlinux/netctl,arch,netctl,netctl,1.29-2,U0_STATIC,/home/emrecan/github/ecylmz/unittrace/artifacts/full/roots/sources/arch/netctl/1.29-2/netctl-1.29/services/netctl-sleep.service,1.29-2,b8d9f5828df94407811c85714d2f55432d1b9d7797ab738bf4283c499ee70525,0,,NOT_APPLICABLE,exact basename or unique executable source mapping
https://gitlab.archlinux.org/archlinux/netctl::upstream-unit::services/netctl-sleep.service,https://gitlab.archlinux.org/archlinux/netctl,ubuntu,netctl,netctl,1.29-1build1,U0_STATIC,/home/emrecan/github/ecylmz/unittrace/artifacts/full/roots/sources/ubuntu/netctl/1.29-1build1/netctl-1.29/services/netctl-sleep.service,1.29-1build1,b8d9f5828df94407811c85714d2f55432d1b9d7797ab738bf4283c499ee70525,0,,NOT_APPLICABLE,exact basename or unique executable source mapping
https://gitlab.archlinux.org/archlinux/netctl::upstream-unit::services/netctl-wait-online.service,https://gitlab.archlinux.org/archlinux/netctl,arch,netctl,netctl,1.29-2,U0_STATIC,/home/emrecan/github/ecylmz/unittrace/artifacts/full/roots/sources/arch/netctl/1.29-2/netctl-1.29/services/netctl-wait-online.service,1.29-2,e994aa41304ff2da27c00ce8cafc552b0f16af423189e982d2f0b0a227421bb4,0,,NOT_APPLICABLE,exact basename or unique executable source mapping
https://gitlab.archlinux.org/archlinux/netctl::upstream-unit::services/netctl-wait-online.service,https://gitlab.archlinux.org/archlinux/netctl,ubuntu,netctl,netctl,1.29-1build1,U0_STATIC,/home/emrecan/github/ecylmz/unittrace/artifacts/full/roots/sources/ubuntu/netctl/1.29-1build1/netctl-1.29/services/netctl-wait-online.service,1.29-1build1,e994aa41304ff2da27c00ce8cafc552b0f16af423189e982d2f0b0a227421bb4,0,,NOT_APPLICABLE,exact basename or unique executable source mapping
https://gitlab.archlinux.org/archlinux/netctl::upstream-unit::services/netctl.service,https://gitlab.archlinux.org/archlinux/netctl,arch,netctl,netctl,1.29-2,U0_STATIC,/home/emrecan/github/ecylmz/unittrace/artifacts/full/roots/sources/arch/netctl/1.29-2/netctl-1.29/services/netctl.service,1.29-2,74aaeec9e735b56b7a089cb006707c5992cbf7d8d0b09daec3050674ba2afa9a,0,,NOT_APPLICABLE,exact basename or unique executable source mapping
https://gitlab.archlinux.org/archlinux/netctl::upstream-unit::services/netctl.service,https://gitlab.archlinux.org/archlinux/netctl,ubuntu,netctl,netctl,1.29-1build1,U0_STATIC,/home/emrecan/github/ecylmz/unittrace/artifacts/full/roots/sources/ubuntu/netctl/1.29-1build1/netctl-1.29/services/netctl.service,1.29-1build1,74aaeec9e735b56b7a089cb006707c5992cbf7d8d0b09daec3050674ba2afa9a,0,,NOT_APPLICABLE,exact basename or unique executable source mapping
https://gitlab.com/amavis/amavis::amavisd,https://gitlab.com/amavis/amavis,arch,amavisd-new,amavisd-new,2.12.3-1,U4_NO_UPSTREAM_STATIC_OR_TEMPLATE_UNIT,,2.12.3-1,,0,,NOT_APPLICABLE,complete pristine orig-tar inventory contained no service unit or template
https://gitlab.com/amavis/amavis::amavisd,https://gitlab.com/amavis/amavis,fedora,amavis,amavis,amavis-2.14.0-4.fc44.src.rpm,U4_NO_UPSTREAM_STATIC_OR_TEMPLATE_UNIT,,amavis-2.14.0-4.fc44.src.rpm,,0,,NOT_APPLICABLE,complete pristine orig-tar inventory contained no service unit or template
https://gitlab.com/interception/linux/tools::upstream-unit::udevmon.service,https://gitlab.com/interception/linux/tools,arch,interception-tools,interception-tools,0.6.8-9,U0_STATIC,/home/emrecan/github/ecylmz/unittrace/artifacts/full/roots/sources/arch/interception-tools/0.6.8-9/tools-v0.6.8/udevmon.service,0.6.8-9,a360e69aba2a21706cc04a3cc1c2ca3eb62a724246a31639722851bde08d034b,0,,NOT_APPLICABLE,exact basename or unique executable source mapping
https://gitlab.com/interception/linux/tools::upstream-unit::udevmon.service,https://gitlab.com/interception/linux/tools,debian,interception-tools,interception-tools,0.6.8-3,U0_STATIC,/home/emrecan/github/ecylmz/unittrace/artifacts/full/roots/sources/debian/interception-tools/0.6.8-3/interception-tools-0.6.8/udevmon.service,0.6.8-3,a360e69aba2a21706cc04a3cc1c2ca3eb62a724246a31639722851bde08d034b,0,,NOT_APPLICABLE,exact basename or unique executable source mapping
https://gitlab.com/interception/linux/tools::upstream-unit::udevmon.service,https://gitlab.com/interception/linux/tools,ubuntu,interception-tools,interception-tools,0.6.8-3.1,U0_STATIC,/home/emrecan/github/ecylmz/unittrace/artifacts/full/roots/sources/ubuntu/interception-tools/0.6.8-3.1/interception-tools-0.6.8/udevmon.service,0.6.8-3.1,a360e69aba2a21706cc04a3cc1c2ca3eb62a724246a31639722851bde08d034b,0,,NOT_APPLICABLE,exact basename or unique executable source mapping
https://gitlab.freedesktop.org/bolt/bolt::boltd,https://gitlab.freedesktop.org/bolt/bolt,arch,bolt,bolt,0.9.11-1,U1_TEMPLATE_VALUE_ONLY,/home/emrecan/github/ecylmz/unittrace/artifacts/full/roots/sources/arch/bolt/0.9.11-1/bolt-0.9.11/data/bolt.service.in,0.9.11-1,60c7e4b64b9beab152c5d241aec19b4b0156aa253346ef1a87b6dca8f8b0af99,0,,NOT_APPLICABLE,exact basename or unique executable source mapping
https://gitlab.freedesktop.org/bolt/bolt::boltd,https://gitlab.freedesktop.org/bolt/bolt,debian,bolt,bolt,0.9.8-1,U1_TEMPLATE_VALUE_ONLY,/home/emrecan/github/ecylmz/unittrace/artifacts/full/roots/sources/debian/bolt/0.9.8-1/bolt-0.9.8/data/bolt.service.in,0.9.8-1,60c7e4b64b9beab152c5d241aec19b4b0156aa253346ef1a87b6dca8f8b0af99,0,,NOT_APPLICABLE,exact basename or unique executable source mapping
https://gitlab.freedesktop.org/bolt/bolt::boltd,https://gitlab.freedesktop.org/bolt/bolt,fedora,bolt,bolt,bolt-0.9.11-1.fc44.src.rpm,U1_TEMPLATE_VALUE_ONLY,/home/emrecan/github/ecylmz/unittrace/artifacts/full/roots/sources/fedora/bolt/bolt-0.9.11-1.fc44.src.rpm/bolt-0.9.11/data/bolt.service.in,bolt-0.9.11-1.fc44.src.rpm,60c7e4b64b9beab152c5d241aec19b4b0156aa253346ef1a87b6dca8f8b0af99,0,,NOT_APPLICABLE,exact basename or unique executable source mapping
https://gitlab.freedesktop.org/bolt/bolt::boltd,https://gitlab.freedesktop.org/bolt/bolt,ubuntu,bolt,bolt,0.9.10-1,U1_TEMPLATE_VALUE_ONLY,/home/emrecan/github/ecylmz/unittrace/artifacts/full/roots/sources/ubuntu/bolt/0.9.10-1/bolt-0.9.10-c0d4cb2f4399e86417907a37c0d8ef3bb9fb406f/data/bolt.service.in,0.9.10-1,60c7e4b64b9beab152c5d241aec19b4b0156aa253346ef1a87b6dca8f8b0af99,0,,NOT_APPLICABLE,exact basename or unique executable source mapping
https://gitlab.freedesktop.org/hadess/iio-sensor-proxy::iio-sensor-proxy,https://gitlab.freedesktop.org/hadess/iio-sensor-proxy,arch,iio-sensor-proxy,iio-sensor-proxy,3.9-1,U1_TEMPLATE_VALUE_ONLY,/home/emrecan/github/ecylmz/unittrace/artifacts/full/roots/sources/arch/iio-sensor-proxy/3.9-1/iio-sensor-proxy-0085ddf8ecb173a1c5fcf2344aa40e561125354f/data/iio-sensor-proxy.service.in,3.9-1,fa01303cc8f725ab3b666d223dbb0ffed32aad5e96391942c2e0ea3c15cb3422,0,,NOT_APPLICABLE,exact basename or unique executable source mapping
https://gitlab.freedesktop.org/hadess/iio-sensor-proxy::iio-sensor-proxy,https://gitlab.freedesktop.org/hadess/iio-sensor-proxy,debian,iio-sensor-proxy,iio-sensor-proxy,3.7-3,U1_TEMPLATE_VALUE_ONLY,/home/emrecan/github/ecylmz/unittrace/artifacts/full/roots/sources/debian/iio-sensor-proxy/3.7-3/iio-sensor-proxy-3.7/data/iio-sensor-proxy.service.in,3.7-3,c580d82f3d5c5b1ebc42c254b9495d4e368138a75394b71873de8798127dd9c3,0,,NOT_APPLICABLE,exact basename or unique executable source mapping
https://gitlab.freedesktop.org/hadess/iio-sensor-proxy::iio-sensor-proxy,https://gitlab.freedesktop.org/hadess/iio-sensor-proxy,fedora,iio-sensor-proxy,iio-sensor-proxy,iio-sensor-proxy-3.8-2.fc44.src.rpm,U1_TEMPLATE_VALUE_ONLY,/home/emrecan/github/ecylmz/unittrace/artifacts/full/roots/sources/fedora/iio-sensor-proxy/iio-sensor-proxy-3.8-2.fc44.src.rpm/iio-sensor-proxy-3.8/data/iio-sensor-proxy.service.in,iio-sensor-proxy-3.8-2.fc44.src.rpm,c580d82f3d5c5b1ebc42c254b9495d4e368138a75394b71873de8798127dd9c3,0,,NOT_APPLICABLE,exact basename or unique executable source mapping
https://gitlab.freedesktop.org/hadess/iio-sensor-proxy::iio-sensor-proxy,https://gitlab.freedesktop.org/hadess/iio-sensor-proxy,ubuntu,iio-sensor-proxy,iio-sensor-proxy,3.8-1,U1_TEMPLATE_VALUE_ONLY,/home/emrecan/github/ecylmz/unittrace/artifacts/full/roots/sources/ubuntu/iio-sensor-proxy/3.8-1/iio-sensor-proxy-3.8/data/iio-sensor-proxy.service.in,3.8-1,c580d82f3d5c5b1ebc42c254b9495d4e368138a75394b71873de8798127dd9c3,0,,NOT_APPLICABLE,exact basename or unique executable source mapping
https://gitlab.freedesktop.org/hadess/low-memory-monitor::low-memory-monitor,https://gitlab.freedesktop.org/hadess/low-memory-monitor,debian,low-memory-monitor,low-memory-monitor,2.1-2,U1_TEMPLATE_VALUE_ONLY,/home/emrecan/github/ecylmz/unittrace/artifacts/full/roots/sources/debian/low-memory-monitor/2.1-2/low-memory-monitor-2.1/data/low-memory-monitor.service.in,2.1-2,41eb3ad2c231559ffcd35eeeb2a6e5bc86dd612724f7aa4ed4e49b22d44269db,0,,NOT_APPLICABLE,exact basename or unique executable source mapping
https://gitlab.freedesktop.org/hadess/low-memory-monitor::low-memory-monitor,https://gitlab.freedesktop.org/hadess/low-memory-monitor,fedora,low-memory-monitor,low-memory-monitor,low-memory-monitor-2.1-14.fc44.src.rpm,U1_TEMPLATE_VALUE_ONLY,/home/emrecan/github/ecylmz/unittrace/artifacts/full/roots/sources/fedora/low-memory-monitor/low-memory-monitor-2.1-14.fc44.src.rpm/low-memory-monitor-2.1/data/low-memory-monitor.service.in,low-memory-monitor-2.1-14.fc44.src.rpm,41eb3ad2c231559ffcd35eeeb2a6e5bc86dd612724f7aa4ed4e49b22d44269db,0,,NOT_APPLICABLE,exact basename or unique executable source mapping
https://gitlab.freedesktop.org/hadess/low-memory-monitor::low-memory-monitor,https://gitlab.freedesktop.org/hadess/low-memory-monitor,ubuntu,low-memory-monitor,low-memory-monitor,2.1-3,U1_TEMPLATE_VALUE_ONLY,/home/emrecan/github/ecylmz/unittrace/artifacts/full/roots/sources/ubuntu/low-memory-monitor/2.1-3/low-memory-monitor-2.1/data/low-memory-monitor.service.in,2.1-3,41eb3ad2c231559ffcd35eeeb2a6e5bc86dd612724f7aa4ed4e49b22d44269db,0,,NOT_APPLICABLE,exact basename or unique executable source mapping
https://gitlab.freedesktop.org/hadess/switcheroo-control::switcheroo-control,https://gitlab.freedesktop.org/hadess/switcheroo-control,arch,switcheroo-control,switcheroo-control,3.0-1,U1_TEMPLATE_VALUE_ONLY,/home/emrecan/github/ecylmz/unittrace/artifacts/full/roots/sources/arch/switcheroo-control/3.0-1/switcheroo-control-2adfa2dff85b9886ce0fddca6863fe9f2eaf54a0/data/switcheroo-control.service.in,3.0-1,df61a299725f1c6971cdd257f2191653caaeb3eaaf4626b9fa2edaa3acc504cd,0,,NOT_APPLICABLE,exact basename or unique executable source mapping
https://gitlab.freedesktop.org/hadess/switcheroo-control::switcheroo-control,https://gitlab.freedesktop.org/hadess/switcheroo-control,debian,switcheroo-control,switcheroo-control,2.6-3,U1_TEMPLATE_VALUE_ONLY,/home/emrecan/github/ecylmz/unittrace/artifacts/full/roots/sources/debian/switcheroo-control/2.6-3/switcheroo-control-2.6/data/switcheroo-control.service.in,2.6-3,df61a299725f1c6971cdd257f2191653caaeb3eaaf4626b9fa2edaa3acc504cd,0,,NOT_APPLICABLE,exact basename or unique executable source mapping
https://gitlab.freedesktop.org/hadess/switcheroo-control::switcheroo-control,https://gitlab.freedesktop.org/hadess/switcheroo-control,fedora,switcheroo-control,switcheroo-control,switcheroo-control-3.0-5.fc44.src.rpm,U1_TEMPLATE_VALUE_ONLY,/home/emrecan/github/ecylmz/unittrace/artifacts/full/roots/sources/fedora/switcheroo-control/switcheroo-control-3.0-5.fc44.src.rpm/switcheroo-control-3.0/data/switcheroo-control.service.in,switcheroo-control-3.0-5.fc44.src.rpm,df61a299725f1c6971cdd257f2191653caaeb3eaaf4626b9fa2edaa3acc504cd,0,,NOT_APPLICABLE,exact basename or unique executable source mapping
https://gitlab.freedesktop.org/hadess/switcheroo-control::switcheroo-control,https://gitlab.freedesktop.org/hadess/switcheroo-control,ubuntu,switcheroo-control,switcheroo-control,3.0-2,U1_TEMPLATE_VALUE_ONLY,/home/emrecan/github/ecylmz/unittrace/artifacts/full/roots/sources/ubuntu/switcheroo-control/3.0-2/switcheroo-control-3.0-2adfa2dff85b9886ce0fddca6863fe9f2eaf54a0/data/switcheroo-control.service.in,3.0-2,df61a299725f1c6971cdd257f2191653caaeb3eaaf4626b9fa2edaa3acc504cd,0,,NOT_APPLICABLE,exact basename or unique executable source mapping
https://gitlab.freedesktop.org/pipewire/rtkit::rtkit-daemon,https://gitlab.freedesktop.org/pipewire/rtkit,arch,rtkit,rtkit,0.14-1,U1_TEMPLATE_VALUE_ONLY,/home/emrecan/github/ecylmz/unittrace/artifacts/full/roots/sources/arch/rtkit/0.14-1/rtkit-c52db0a9849908613ab8775b519834671b7bec8b/rtkit-daemon.service.in,0.14-1,0f5b1bb7d14471100ffda24bca7b19dd64402ab8d792d9e9772d32a64220a9fe,0,,NOT_APPLICABLE,exact basename or unique executable source mapping
https://gitlab.freedesktop.org/pipewire/rtkit::rtkit-daemon,https://gitlab.freedesktop.org/pipewire/rtkit,ubuntu,rtkit,rtkit,0.14-1,U1_TEMPLATE_VALUE_ONLY,/home/emrecan/github/ecylmz/unittrace/artifacts/full/roots/sources/ubuntu/rtkit/0.14-1/rtkit-v0.14-c52db0a9849908613ab8775b519834671b7bec8b/rtkit-daemon.service.in,0.14-1,0f5b1bb7d14471100ffda24bca7b19dd64402ab8d792d9e9772d32a64220a9fe,0,,NOT_APPLICABLE,exact basename or unique executable source mapping
https://gitlab.freedesktop.org/pwithnall/malcontent::malcontent-timer-extension-agent,https://gitlab.freedesktop.org/pwithnall/malcontent,arch,malcontent,malcontent,0.14.0-4,U1_TEMPLATE_VALUE_ONLY,/home/emrecan/github/ecylmz/unittrace/artifacts/full/roots/sources/arch/malcontent/0.14.0-4/malcontent-d28f6635359d02d1068d8b21fb5810e5074b7903/malcontent-timer-extension-agent/malcontent-timer-extension-agent.service.in,0.14.0-4,b76096b4402fee296f9305feecac36f01f55000a8fb913cc53113fab124880ad,0,,NOT_APPLICABLE,exact basename or unique executable source mapping
https://gitlab.freedesktop.org/pwithnall/malcontent::malcontent-timer-extension-agent,https://gitlab.freedesktop.org/pwithnall/malcontent,fedora,malcontent,malcontent,malcontent-0.14.0-1.fc44.src.rpm,U1_TEMPLATE_VALUE_ONLY,/home/emrecan/github/ecylmz/unittrace/artifacts/full/roots/sources/fedora/malcontent/malcontent-0.14.0-1.fc44.src.rpm/malcontent-0.14.0/malcontent-timer-extension-agent/malcontent-timer-extension-agent.service.in,malcontent-0.14.0-1.fc44.src.rpm,b76096b4402fee296f9305feecac36f01f55000a8fb913cc53113fab124880ad,0,,NOT_APPLICABLE,exact basename or unique executable source mapping
https://gitlab.freedesktop.org/pwithnall/malcontent::malcontent-timer-extension-agent,https://gitlab.freedesktop.org/pwithnall/malcontent,ubuntu,malcontent,malcontent,0.14.0-0ubuntu1,U1_TEMPLATE_VALUE_ONLY,/home/emrecan/github/ecylmz/unittrace/artifacts/full/roots/sources/ubuntu/malcontent/0.14.0-0ubuntu1/malcontent-0.14.0/malcontent-timer-extension-agent/malcontent-timer-extension-agent.service.in,0.14.0-0ubuntu1,b76096b4402fee296f9305feecac36f01f55000a8fb913cc53113fab124880ad,0,,NOT_APPLICABLE,exact basename or unique executable source mapping
https://gitlab.freedesktop.org/pwithnall/malcontent::malcontent-timerd,https://gitlab.freedesktop.org/pwithnall/malcontent,arch,malcontent,malcontent,0.14.0-4,U1_TEMPLATE_VALUE_ONLY,/home/emrecan/github/ecylmz/unittrace/artifacts/full/roots/sources/arch/malcontent/0.14.0-4/malcontent-d28f6635359d02d1068d8b21fb5810e5074b7903/malcontent-timerd/malcontent-timerd.service.in,0.14.0-4,91382f67332545d4f55057550ac13c240cc88e4d634f06406b3cc4919f3a0fb1,0,,NOT_APPLICABLE,exact basename or unique executable source mapping
https://gitlab.freedesktop.org/pwithnall/malcontent::malcontent-timerd,https://gitlab.freedesktop.org/pwithnall/malcontent,fedora,malcontent,malcontent,malcontent-0.14.0-1.fc44.src.rpm,U1_TEMPLATE_VALUE_ONLY,/home/emrecan/github/ecylmz/unittrace/artifacts/full/roots/sources/fedora/malcontent/malcontent-0.14.0-1.fc44.src.rpm/malcontent-0.14.0/malcontent-timerd/malcontent-timerd.service.in,malcontent-0.14.0-1.fc44.src.rpm,91382f67332545d4f55057550ac13c240cc88e4d634f06406b3cc4919f3a0fb1,0,,NOT_APPLICABLE,exact basename or unique executable source mapping
https://gitlab.freedesktop.org/pwithnall/malcontent::malcontent-timerd,https://gitlab.freedesktop.org/pwithnall/malcontent,ubuntu,malcontent,malcontent,0.14.0-0ubuntu1,U1_TEMPLATE_VALUE_ONLY,/home/emrecan/github/ecylmz/unittrace/artifacts/full/roots/sources/ubuntu/malcontent/0.14.0-0ubuntu1/malcontent-0.14.0/malcontent-timerd/malcontent-timerd.service.in,0.14.0-0ubuntu1,91382f67332545d4f55057550ac13c240cc88e4d634f06406b3cc4919f3a0fb1,0,,NOT_APPLICABLE,exact basename or unique executable source mapping
https://gitlab.freedesktop.org/pwithnall/malcontent::malcontent-webd,https://gitlab.freedesktop.org/pwithnall/malcontent,arch,malcontent,malcontent,0.14.0-4,U1_TEMPLATE_VALUE_ONLY,/home/emrecan/github/ecylmz/unittrace/artifacts/full/roots/sources/arch/malcontent/0.14.0-4/malcontent-d28f6635359d02d1068d8b21fb5810e5074b7903/malcontent-webd/malcontent-webd.service.in,0.14.0-4,cb3d1783e487a9e61032ba94462349e9d6cca927ca5fce925ce3d6edcccd8124,0,,NOT_APPLICABLE,exact basename or unique executable source mapping
https://gitlab.freedesktop.org/pwithnall/malcontent::malcontent-webd,https://gitlab.freedesktop.org/pwithnall/malcontent,fedora,malcontent,malcontent,malcontent-0.14.0-1.fc44.src.rpm,U1_TEMPLATE_VALUE_ONLY,/home/emrecan/github/ecylmz/unittrace/artifacts/full/roots/sources/fedora/malcontent/malcontent-0.14.0-1.fc44.src.rpm/malcontent-0.14.0/malcontent-webd/malcontent-webd.service.in,malcontent-0.14.0-1.fc44.src.rpm,cb3d1783e487a9e61032ba94462349e9d6cca927ca5fce925ce3d6edcccd8124,0,,NOT_APPLICABLE,exact basename or unique executable source mapping
https://gitlab.freedesktop.org/pwithnall/malcontent::malcontent-webd,https://gitlab.freedesktop.org/pwithnall/malcontent,ubuntu,malcontent,malcontent,0.14.0-0ubuntu1,U1_TEMPLATE_VALUE_ONLY,/home/emrecan/github/ecylmz/unittrace/artifacts/full/roots/sources/ubuntu/malcontent/0.14.0-0ubuntu1/malcontent-0.14.0/malcontent-webd/malcontent-webd.service.in,0.14.0-0ubuntu1,cb3d1783e487a9e61032ba94462349e9d6cca927ca5fce925ce3d6edcccd8124,0,,NOT_APPLICABLE,exact basename or unique executable source mapping
https://gitlab.freedesktop.org/pwithnall/malcontent::malcontent-webd-update,https://gitlab.freedesktop.org/pwithnall/malcontent,arch,malcontent,malcontent,0.14.0-4,U1_TEMPLATE_VALUE_ONLY,/home/emrecan/github/ecylmz/unittrace/artifacts/full/roots/sources/arch/malcontent/0.14.0-4/malcontent-d28f6635359d02d1068d8b21fb5810e5074b7903/malcontent-webd-update/malcontent-webd-update.service.in,0.14.0-4,cb2f34a8dcf9cd78f745c936a62c2dc1464998d3a25ff5ddd321b56245231696,0,,NOT_APPLICABLE,exact basename or unique executable source mapping
https://gitlab.freedesktop.org/pwithnall/malcontent::malcontent-webd-update,https://gitlab.freedesktop.org/pwithnall/malcontent,fedora,malcontent,malcontent,malcontent-0.14.0-1.fc44.src.rpm,U1_TEMPLATE_VALUE_ONLY,/home/emrecan/github/ecylmz/unittrace/artifacts/full/roots/sources/fedora/malcontent/malcontent-0.14.0-1.fc44.src.rpm/malcontent-0.14.0/malcontent-webd-update/malcontent-webd-update.service.in,malcontent-0.14.0-1.fc44.src.rpm,cb2f34a8dcf9cd78f745c936a62c2dc1464998d3a25ff5ddd321b56245231696,0,,NOT_APPLICABLE,exact basename or unique executable source mapping
https://gitlab.freedesktop.org/pwithnall/malcontent::malcontent-webd-update,https://gitlab.freedesktop.org/pwithnall/malcontent,ubuntu,malcontent,malcontent,0.14.0-0ubuntu1,U1_TEMPLATE_VALUE_ONLY,/home/emrecan/github/ecylmz/unittrace/artifacts/full/roots/sources/ubuntu/malcontent/0.14.0-0ubuntu1/malcontent-0.14.0/malcontent-webd-update/malcontent-webd-update.service.in,0.14.0-0ubuntu1,cb2f34a8dcf9cd78f745c936a62c2dc1464998d3a25ff5ddd321b56245231696,0,,NOT_APPLICABLE,exact basename or unique executable source mapping
https://gitlab.freedesktop.org/upower/power-profiles-daemon::power-profiles-daemon,https://gitlab.freedesktop.org/upower/power-profiles-daemon,arch,power-profiles-daemon,power-profiles-daemon,0.30-1,U1_TEMPLATE_VALUE_ONLY,/home/emrecan/github/ecylmz/unittrace/artifacts/full/roots/sources/arch/power-profiles-daemon/0.30-1/power-profiles-daemon-5b4994c8a91290481bef87a5bae95391d0ec677f/data/power-profiles-daemon.service.in,0.30-1,06463116b700a31e9ce27e743bd07bf842e537d6b7cb6a4cff5c18b60443778a,0,,NOT_APPLICABLE,exact basename or unique executable source mapping
https://gitlab.freedesktop.org/upower/power-profiles-daemon::power-profiles-daemon,https://gitlab.freedesktop.org/upower/power-profiles-daemon,debian,power-profiles-daemon,power-profiles-daemon,0.30-1.1,U1_TEMPLATE_VALUE_ONLY,/home/emrecan/github/ecylmz/unittrace/artifacts/full/roots/sources/debian/power-profiles-daemon/0.30-1.1/power-profiles-daemon-0.30/data/power-profiles-daemon.service.in,0.30-1.1,06463116b700a31e9ce27e743bd07bf842e537d6b7cb6a4cff5c18b60443778a,0,,NOT_APPLICABLE,exact basename or unique executable source mapping
https://gitlab.freedesktop.org/upower/power-profiles-daemon::power-profiles-daemon,https://gitlab.freedesktop.org/upower/power-profiles-daemon,fedora,power-profiles-daemon,power-profiles-daemon,power-profiles-daemon-0.30-3.fc44.src.rpm,U1_TEMPLATE_VALUE_ONLY,/home/emrecan/github/ecylmz/unittrace/artifacts/full/roots/sources/fedora/power-profiles-daemon/power-profiles-daemon-0.30-3.fc44.src.rpm/power-profiles-daemon-0.30/data/power-profiles-daemon.service.in,power-profiles-daemon-0.30-3.fc44.src.rpm,06463116b700a31e9ce27e743bd07bf842e537d6b7cb6a4cff5c18b60443778a,0,,NOT_APPLICABLE,exact basename or unique executable source mapping
https://gitlab.freedesktop.org/upower/power-profiles-daemon::power-profiles-daemon,https://gitlab.freedesktop.org/upower/power-profiles-daemon,ubuntu,power-profiles-daemon,power-profiles-daemon,0.30-2,U1_TEMPLATE_VALUE_ONLY,/home/emrecan/github/ecylmz/unittrace/artifacts/full/roots/sources/ubuntu/power-profiles-daemon/0.30-2/power-profiles-daemon-0.30/data/power-profiles-daemon.service.in,0.30-2,06463116b700a31e9ce27e743bd07bf842e537d6b7cb6a4cff5c18b60443778a,0,,NOT_APPLICABLE,exact basename or unique executable source mapping
https://gitlab.gnome.org/GNOME/gnome-remote-desktop::gnome-remote-desktop-configuration-daemon,https://gitlab.gnome.org/GNOME/gnome-remote-desktop,arch,gnome-remote-desktop,gnome-remote-desktop,50.2-1,U1_TEMPLATE_VALUE_ONLY,/home/emrecan/github/ecylmz/unittrace/artifacts/full/roots/sources/arch/gnome-remote-desktop/50.2-1/gnome-remote-desktop-60423c896a54e3eacb65bd93167e91c1ce5e648c/data/gnome-remote-desktop-configuration.service.in,50.2-1,17f9191b97ae807f79c373c207011a5bfada8deb5c19d662ad4fa2e90499b6f8,0,,NOT_APPLICABLE,exact basename or unique executable source mapping
https://gitlab.gnome.org/GNOME/gnome-remote-desktop::gnome-remote-desktop-configuration-daemon,https://gitlab.gnome.org/GNOME/gnome-remote-desktop,fedora,gnome-remote-desktop,gnome-remote-desktop,gnome-remote-desktop-50.2-1.fc44.src.rpm,U1_TEMPLATE_VALUE_ONLY,/home/emrecan/github/ecylmz/unittrace/artifacts/full/roots/sources/fedora/gnome-remote-desktop/gnome-remote-desktop-50.2-1.fc44.src.rpm/gnome-remote-desktop-50.2/data/gnome-remote-desktop-configuration.service.in,gnome-remote-desktop-50.2-1.fc44.src.rpm,17f9191b97ae807f79c373c207011a5bfada8deb5c19d662ad4fa2e90499b6f8,0,,NOT_APPLICABLE,exact basename or unique executable source mapping
https://gitlab.gnome.org/GNOME/gnome-remote-desktop::gnome-remote-desktop-daemon,https://gitlab.gnome.org/GNOME/gnome-remote-desktop,arch,gnome-remote-desktop,gnome-remote-desktop,50.2-1,U1_TEMPLATE_VALUE_ONLY,/home/emrecan/github/ecylmz/unittrace/artifacts/full/roots/sources/arch/gnome-remote-desktop/50.2-1/gnome-remote-desktop-60423c896a54e3eacb65bd93167e91c1ce5e648c/data/gnome-remote-desktop.service.in,50.2-1,0e1a7fd3d4863bb59fc79b9b917ecee105a98c99217df376a82de328b1322e24,0,,NOT_APPLICABLE,exact basename or unique executable source mapping
https://gitlab.gnome.org/GNOME/gnome-remote-desktop::gnome-remote-desktop-daemon,https://gitlab.gnome.org/GNOME/gnome-remote-desktop,fedora,gnome-remote-desktop,gnome-remote-desktop,gnome-remote-desktop-50.2-1.fc44.src.rpm,U1_TEMPLATE_VALUE_ONLY,/home/emrecan/github/ecylmz/unittrace/artifacts/full/roots/sources/fedora/gnome-remote-desktop/gnome-remote-desktop-50.2-1.fc44.src.rpm/gnome-remote-desktop-50.2/data/gnome-remote-desktop.service.in,gnome-remote-desktop-50.2-1.fc44.src.rpm,0e1a7fd3d4863bb59fc79b9b917ecee105a98c99217df376a82de328b1322e24,0,,NOT_APPLICABLE,exact basename or unique executable source mapping
https://gkrellm.srcbox.net::gkrellmd,https://gkrellm.srcbox.net,fedora,gkrellm-daemon,gkrellm,gkrellm-2.4.0-6.fc44.src.rpm,U1_TEMPLATE_VALUE_ONLY,/home/emrecan/github/ecylmz/unittrace/artifacts/full/roots/sources/fedora/gkrellm/gkrellm-2.4.0-6.fc44.src.rpm/gkrellm-2.4.0/server/gkrellmd.service.in,gkrellm-2.4.0-6.fc44.src.rpm,b712c406abffa21cc5854a57c477dab7cf1e205f835a1d3a55fbec1bffd55195,0,,NOT_APPLICABLE,exact basename or unique executable source mapping
https://gkrellm.srcbox.net::gkrellmd,https://gkrellm.srcbox.net,ubuntu,gkrellmd,gkrellm,2.5.1-1,U1_TEMPLATE_VALUE_ONLY,/home/emrecan/github/ecylmz/unittrace/artifacts/full/roots/sources/ubuntu/gkrellm/2.5.1-1/gkrellm-2.5.1/data/gkrellmd.service.in,2.5.1-1,a567f2c1e783817bbbe513d402fa602c96373d62b24d5dba37f9c16fdc91c0d1,0,,NOT_APPLICABLE,exact basename or unique executable source mapping
https://grid.ncsa.illinois.edu/myproxy::upstream-unit::systemd/myproxy-server.service,https://grid.ncsa.illinois.edu/myproxy,debian,myproxy-server,myproxy,6.2.16-4,U1_TEMPLATE_VALUE_ONLY,/home/emrecan/github/ecylmz/unittrace/artifacts/full/roots/sources/debian/myproxy/6.2.16-4/myproxy-6.2.16/systemd/myproxy-server.service,6.2.16-4,cd4f2e93bc11fa8a98416fee4955d08e1d2dc82b621f35baacfe8e92bc8d9e0d,0,,NOT_APPLICABLE,exact basename or unique executable source mapping
https://grid.ncsa.illinois.edu/myproxy::upstream-unit::systemd/myproxy-server.service,https://grid.ncsa.illinois.edu/myproxy,fedora,myproxy-server,myproxy,myproxy-6.2.20-2.fc44.src.rpm,U1_TEMPLATE_VALUE_ONLY,/home/emrecan/github/ecylmz/unittrace/artifacts/full/roots/sources/fedora/myproxy/myproxy-6.2.20-2.fc44.src.rpm/myproxy-6.2.20/systemd/myproxy-server.service,myproxy-6.2.20-2.fc44.src.rpm,cd4f2e93bc11fa8a98416fee4955d08e1d2dc82b621f35baacfe8e92bc8d9e0d,0,,NOT_APPLICABLE,exact basename or unique executable source mapping
https://grid.ncsa.illinois.edu/myproxy::upstream-unit::systemd/myproxy-server.service,https://grid.ncsa.illinois.edu/myproxy,ubuntu,myproxy-server,myproxy,6.2.20-1,U1_TEMPLATE_VALUE_ONLY,/home/emrecan/github/ecylmz/unittrace/artifacts/full/roots/sources/ubuntu/myproxy/6.2.20-1/myproxy-6.2.20/systemd/myproxy-server.service,6.2.20-1,cd4f2e93bc11fa8a98416fee4955d08e1d2dc82b621f35baacfe8e92bc8d9e0d,0,,NOT_APPLICABLE,exact basename or unique executable source mapping
https://hcpnet.free.fr/milter-greylist::milter-greylist,https://hcpnet.free.fr/milter-greylist,debian,milter-greylist,milter-greylist,4.6.4-4,U4_NO_UPSTREAM_STATIC_OR_TEMPLATE_UNIT,,4.6.4-4,,0,,NOT_APPLICABLE,complete pristine orig-tar inventory contained no service unit or template
https://hcpnet.free.fr/milter-greylist::milter-greylist,https://hcpnet.free.fr/milter-greylist,fedora,milter-greylist,milter-greylist,milter-greylist-4.6.4-20.fc44.src.rpm,U4_NO_UPSTREAM_STATIC_OR_TEMPLATE_UNIT,,milter-greylist-4.6.4-20.fc44.src.rpm,,0,,NOT_APPLICABLE,complete pristine orig-tar inventory contained no service unit or template
https://hcpnet.free.fr/milter-greylist::milter-greylist,https://hcpnet.free.fr/milter-greylist,ubuntu,milter-greylist,milter-greylist,4.6.4-5build1,U4_NO_UPSTREAM_STATIC_OR_TEMPLATE_UNIT,,4.6.4-5build1,,0,,NOT_APPLICABLE,complete pristine orig-tar inventory contained no service unit or template
https://hitch-tls.org::hitch,https://hitch-tls.org,debian,hitch,hitch,1.8.0-1,U4_NO_UPSTREAM_STATIC_OR_TEMPLATE_UNIT,,1.8.0-1,,0,,NOT_APPLICABLE,complete pristine orig-tar inventory contained no service unit or template
https://hitch-tls.org::hitch,https://hitch-tls.org,fedora,hitch,hitch,hitch-1.8.0-11.fc44.src.rpm,U4_NO_UPSTREAM_STATIC_OR_TEMPLATE_UNIT,,hitch-1.8.0-11.fc44.src.rpm,,0,,NOT_APPLICABLE,complete pristine orig-tar inventory contained no service unit or template
https://hitch-tls.org::hitch,https://hitch-tls.org,ubuntu,hitch,hitch,1.8.0-1build1,U4_NO_UPSTREAM_STATIC_OR_TEMPLATE_UNIT,,1.8.0-1build1,,0,,NOT_APPLICABLE,complete pristine orig-tar inventory contained no service unit or template
https://htcondor.org::upstream-unit::src/condor_examples/condor-annex-ec2.service,https://htcondor.org,debian,condor-annex-ec2,condor,23.9.6+dfsg-2.1,U0_STATIC,/home/emrecan/github/ecylmz/unittrace/artifacts/full/roots/sources/debian/condor/23.9.6+dfsg-2.1/htcondor-23.9.6/src/condor_examples/condor-annex-ec2.service,23.9.6+dfsg-2.1,e03d3e029684419f31b9330ff9a37b0c032d2b20df9e20cfbc8033d43a5eb4ef,0,,NOT_APPLICABLE,exact basename or unique executable source mapping
https://htcondor.org::upstream-unit::src/condor_examples/condor-annex-ec2.service,https://htcondor.org,fedora,condor-annex-ec2,condor,condor-23.9.6-15.fc44.src.rpm,U0_STATIC,/home/emrecan/github/ecylmz/unittrace/artifacts/full/roots/sources/fedora/condor/condor-23.9.6-15.fc44.src.rpm/condor-23.9.6/src/condor_examples/condor-annex-ec2.service,condor-23.9.6-15.fc44.src.rpm,e03d3e029684419f31b9330ff9a37b0c032d2b20df9e20cfbc8033d43a5eb4ef,0,,NOT_APPLICABLE,exact basename or unique executable source mapping
https://htcondor.org::upstream-unit::src/condor_examples/condor-annex-ec2.service,https://htcondor.org,ubuntu,condor-annex-ec2,condor,25.6.1+dfsg-1,U0_STATIC,/home/emrecan/github/ecylmz/unittrace/artifacts/full/roots/sources/ubuntu/condor/25.6.1+dfsg-1/htcondor-25.6.1/src/condor_examples/condor-annex-ec2.service,25.6.1+dfsg-1,e03d3e029684419f31b9330ff9a37b0c032d2b20df9e20cfbc8033d43a5eb4ef,0,,NOT_APPLICABLE,exact basename or unique executable source mapping
https://htcondor.org::upstream-unit::src/condor_examples/condor.service,https://htcondor.org,debian,condor,condor,23.9.6+dfsg-2.1,U1_TEMPLATE_VALUE_ONLY,/home/emrecan/github/ecylmz/unittrace/artifacts/full/roots/sources/debian/condor/23.9.6+dfsg-2.1/htcondor-23.9.6/src/condor_examples/condor.service,23.9.6+dfsg-2.1,f9099c927b4321ab1bc6b0c8f77288c3d16e9d28fe7f9ab0429d15ed25f27c5c,0,,NOT_APPLICABLE,exact basename or unique executable source mapping
https://htcondor.org::upstream-unit::src/condor_examples/condor.service,https://htcondor.org,fedora,condor,condor,condor-23.9.6-15.fc44.src.rpm,U1_TEMPLATE_VALUE_ONLY,/home/emrecan/github/ecylmz/unittrace/artifacts/full/roots/sources/fedora/condor/condor-23.9.6-15.fc44.src.rpm/condor-23.9.6/src/condor_examples/condor.service,condor-23.9.6-15.fc44.src.rpm,f9099c927b4321ab1bc6b0c8f77288c3d16e9d28fe7f9ab0429d15ed25f27c5c,0,,NOT_APPLICABLE,exact basename or unique executable source mapping
https://htcondor.org::upstream-unit::src/condor_examples/condor.service,https://htcondor.org,ubuntu,condor,condor,25.6.1+dfsg-1,U1_TEMPLATE_VALUE_ONLY,/home/emrecan/github/ecylmz/unittrace/artifacts/full/roots/sources/ubuntu/condor/25.6.1+dfsg-1/htcondor-25.6.1/src/condor_examples/condor.service,25.6.1+dfsg-1,f9099c927b4321ab1bc6b0c8f77288c3d16e9d28fe7f9ab0429d15ed25f27c5c,0,,NOT_APPLICABLE,exact basename or unique executable source mapping
https://httpd.apache.org::apachectl,https://httpd.apache.org,debian,apache2,apache2,2.4.68-1~deb13u1,U4_NO_UPSTREAM_STATIC_OR_TEMPLATE_UNIT,,2.4.68-1~deb13u1,,0,,NOT_APPLICABLE,complete pristine orig-tar inventory contained no service unit or template
https://httpd.apache.org::apachectl,https://httpd.apache.org,ubuntu,apache2,apache2,2.4.66-2ubuntu2,U4_NO_UPSTREAM_STATIC_OR_TEMPLATE_UNIT,,2.4.66-2ubuntu2,,0,,NOT_APPLICABLE,complete pristine orig-tar inventory contained no service unit or template
https://httpd.apache.org::htcacheclean,https://httpd.apache.org,debian,apache2,apache2,2.4.68-1~deb13u1,U4_NO_UPSTREAM_STATIC_OR_TEMPLATE_UNIT,,2.4.68-1~deb13u1,,0,,NOT_APPLICABLE,complete pristine orig-tar inventory contained no service unit or template
https://httpd.apache.org::htcacheclean,https://httpd.apache.org,fedora,httpd,httpd,httpd-2.4.68-1.fc44.src.rpm,U4_NO_UPSTREAM_STATIC_OR_TEMPLATE_UNIT,,httpd-2.4.68-1.fc44.src.rpm,,0,,NOT_APPLICABLE,complete pristine orig-tar inventory contained no service unit or template
https://httpd.apache.org::htcacheclean,https://httpd.apache.org,ubuntu,apache2,apache2,2.4.66-2ubuntu2,U4_NO_UPSTREAM_STATIC_OR_TEMPLATE_UNIT,,2.4.66-2ubuntu2,,0,,NOT_APPLICABLE,complete pristine orig-tar inventory contained no service unit or template
https://humdi.net/vnstat::vnstatd,https://humdi.net/vnstat,arch,vnstat,vnstat,2.13-2,U5_AMBIGUOUS_OR_UNRESOLVED,,2.13-2,,0,,NOT_ATTEMPTED,pristine source unavailable
https://humdi.net/vnstat::vnstatd,https://humdi.net/vnstat,debian,vnstat,vnstat,2.13-1,U5_AMBIGUOUS_OR_UNRESOLVED,,2.13-1,,0,,NOT_ATTEMPTED,ambiguous exact artifacts=2
https://humdi.net/vnstat::vnstatd,https://humdi.net/vnstat,fedora,vnstat,vnstat,vnstat-2.13-2.fc44.src.rpm,U5_AMBIGUOUS_OR_UNRESOLVED,,vnstat-2.13-2.fc44.src.rpm,,0,,NOT_ATTEMPTED,pristine source unavailable
https://humdi.net/vnstat::vnstatd,https://humdi.net/vnstat,ubuntu,vnstat,vnstat,2.13-1build1,U5_AMBIGUOUS_OR_UNRESOLVED,,2.13-1build1,,0,,NOT_ATTEMPTED,ambiguous exact artifacts=2
https://i2pd.website::i2pd,https://i2pd.website,arch,i2pd,i2pd,2.61.0-1,U5_AMBIGUOUS_OR_UNRESOLVED,,2.61.0-1,,0,,NOT_ATTEMPTED,ambiguous exact artifacts=3
https://i2pd.website::i2pd,https://i2pd.website,debian,i2pd,i2pd,2.56.0-1,U5_AMBIGUOUS_OR_UNRESOLVED,,2.56.0-1,,0,,NOT_ATTEMPTED,ambiguous exact artifacts=3
https://i2pd.website::i2pd,https://i2pd.website,ubuntu,i2pd,i2pd,2.59.0-1,U5_AMBIGUOUS_OR_UNRESOLVED,,2.59.0-1,,0,,NOT_ATTEMPTED,ambiguous exact artifacts=3
https://iwd.wiki.kernel.org::ead,https://iwd.wiki.kernel.org,fedora,iwd,iwd,iwd-3.12-1.fc44.src.rpm,U1_TEMPLATE_VALUE_ONLY,/home/emrecan/github/ecylmz/unittrace/artifacts/full/roots/sources/fedora/iwd/iwd-3.12-1.fc44.src.rpm/iwd-3.12/wired/ead.service.in,iwd-3.12-1.fc44.src.rpm,253915129f7c048044d6372dfaaf0a9fbf33e9a7ff3eb0a3f58658c6ba624946,0,,NOT_APPLICABLE,exact basename or unique executable source mapping
https://iwd.wiki.kernel.org::ead,https://iwd.wiki.kernel.org,ubuntu,ead,iwd,3.10-1ubuntu1,U1_TEMPLATE_VALUE_ONLY,/home/emrecan/github/ecylmz/unittrace/artifacts/full/roots/sources/ubuntu/iwd/3.10-1ubuntu1/iwd-3.10/wired/ead.service.in,3.10-1ubuntu1,253915129f7c048044d6372dfaaf0a9fbf33e9a7ff3eb0a3f58658c6ba624946,0,,NOT_APPLICABLE,exact basename or unique executable source mapping
https://iwd.wiki.kernel.org::iwd,https://iwd.wiki.kernel.org,debian,iwd,iwd,3.8-2,U1_TEMPLATE_VALUE_ONLY,/home/emrecan/github/ecylmz/unittrace/artifacts/full/roots/sources/debian/iwd/3.8-2/iwd-3.8/src/iwd.service.in,3.8-2,e01c8bfe215a8947e5bcfad002c2db2686cc49ee0ffba93e7ed66c232618ab3f,0,,NOT_APPLICABLE,exact basename or unique executable source mapping
https://iwd.wiki.kernel.org::iwd,https://iwd.wiki.kernel.org,fedora,iwd,iwd,iwd-3.12-1.fc44.src.rpm,U1_TEMPLATE_VALUE_ONLY,/home/emrecan/github/ecylmz/unittrace/artifacts/full/roots/sources/fedora/iwd/iwd-3.12-1.fc44.src.rpm/iwd-3.12/src/iwd.service.in,iwd-3.12-1.fc44.src.rpm,e01c8bfe215a8947e5bcfad002c2db2686cc49ee0ffba93e7ed66c232618ab3f,0,,NOT_APPLICABLE,exact basename or unique executable source mapping
https://iwd.wiki.kernel.org::iwd,https://iwd.wiki.kernel.org,ubuntu,iwd,iwd,3.10-1ubuntu1,U1_TEMPLATE_VALUE_ONLY,/home/emrecan/github/ecylmz/unittrace/artifacts/full/roots/sources/ubuntu/iwd/3.10-1ubuntu1/iwd-3.10/src/iwd.service.in,3.10-1ubuntu1,e01c8bfe215a8947e5bcfad002c2db2686cc49ee0ffba93e7ed66c232618ab3f,0,,NOT_APPLICABLE,exact basename or unique executable source mapping
https://jabberd2.org::jabberd2-c2s,https://jabberd2.org,debian,jabberd2,jabberd2,2.7.0-8,U1_TEMPLATE_VALUE_ONLY,/home/emrecan/github/ecylmz/unittrace/artifacts/full/roots/sources/debian/jabberd2/2.7.0-8/jabberd2-jabberd-2.7.0/etc/jabberd-c2s.service.in,2.7.0-8,1780e28504f1ea4bc7e18e8ab5bc7acbb74dc15caada9d6db31ce4caf00b90f6,0,,NOT_APPLICABLE,exact basename or unique executable source mapping
https://jabberd2.org::jabberd2-c2s,https://jabberd2.org,ubuntu,jabberd2,jabberd2,2.7.0-8ubuntu3,U1_TEMPLATE_VALUE_ONLY,/home/emrecan/github/ecylmz/unittrace/artifacts/full/roots/sources/ubuntu/jabberd2/2.7.0-8ubuntu3/jabberd2-jabberd-2.7.0/etc/jabberd-c2s.service.in,2.7.0-8ubuntu3,1780e28504f1ea4bc7e18e8ab5bc7acbb74dc15caada9d6db31ce4caf00b90f6,0,,NOT_APPLICABLE,exact basename or unique executable source mapping
https://jabberd2.org::jabberd2-router,https://jabberd2.org,debian,jabberd2,jabberd2,2.7.0-8,U1_TEMPLATE_VALUE_ONLY,/home/emrecan/github/ecylmz/unittrace/artifacts/full/roots/sources/debian/jabberd2/2.7.0-8/jabberd2-jabberd-2.7.0/etc/jabberd-router.service.in,2.7.0-8,cba6cb93892ed74591109bfc0d9c947ad92963b10f3681f079609883e2a69b9a,0,,NOT_APPLICABLE,exact basename or unique executable source mapping
https://jabberd2.org::jabberd2-router,https://jabberd2.org,ubuntu,jabberd2,jabberd2,2.7.0-8ubuntu3,U1_TEMPLATE_VALUE_ONLY,/home/emrecan/github/ecylmz/unittrace/artifacts/full/roots/sources/ubuntu/jabberd2/2.7.0-8ubuntu3/jabberd2-jabberd-2.7.0/etc/jabberd-router.service.in,2.7.0-8ubuntu3,cba6cb93892ed74591109bfc0d9c947ad92963b10f3681f079609883e2a69b9a,0,,NOT_APPLICABLE,exact basename or unique executable source mapping
https://jabberd2.org::jabberd2-s2s,https://jabberd2.org,debian,jabberd2,jabberd2,2.7.0-8,U1_TEMPLATE_VALUE_ONLY,/home/emrecan/github/ecylmz/unittrace/artifacts/full/roots/sources/debian/jabberd2/2.7.0-8/jabberd2-jabberd-2.7.0/etc/jabberd-s2s.service.in,2.7.0-8,4418121f6002c2d6e9fe43a3a3ad895b6ea6ef5fe52dcabb5e082c9fcfb5ed84,0,,NOT_APPLICABLE,exact basename or unique executable source mapping
https://jabberd2.org::jabberd2-s2s,https://jabberd2.org,ubuntu,jabberd2,jabberd2,2.7.0-8ubuntu3,U1_TEMPLATE_VALUE_ONLY,/home/emrecan/github/ecylmz/unittrace/artifacts/full/roots/sources/ubuntu/jabberd2/2.7.0-8ubuntu3/jabberd2-jabberd-2.7.0/etc/jabberd-s2s.service.in,2.7.0-8ubuntu3,4418121f6002c2d6e9fe43a3a3ad895b6ea6ef5fe52dcabb5e082c9fcfb5ed84,0,,NOT_APPLICABLE,exact basename or unique executable source mapping
https://jabberd2.org::jabberd2-sm,https://jabberd2.org,debian,jabberd2,jabberd2,2.7.0-8,U1_TEMPLATE_VALUE_ONLY,/home/emrecan/github/ecylmz/unittrace/artifacts/full/roots/sources/debian/jabberd2/2.7.0-8/jabberd2-jabberd-2.7.0/etc/jabberd-sm.service.in,2.7.0-8,e491816e6950be5ceead7752cbe8cdfd0baa3ca59eba2a8c11006f06b54bcb9b,0,,NOT_APPLICABLE,exact basename or unique executable source mapping
https://jabberd2.org::jabberd2-sm,https://jabberd2.org,ubuntu,jabberd2,jabberd2,2.7.0-8ubuntu3,U1_TEMPLATE_VALUE_ONLY,/home/emrecan/github/ecylmz/unittrace/artifacts/full/roots/sources/ubuntu/jabberd2/2.7.0-8ubuntu3/jabberd2-jabberd-2.7.0/etc/jabberd-sm.service.in,2.7.0-8ubuntu3,e491816e6950be5ceead7752cbe8cdfd0baa3ca59eba2a8c11006f06b54bcb9b,0,,NOT_APPLICABLE,exact basename or unique executable source mapping
https://jabberd2.org::true,https://jabberd2.org,debian,jabberd2,jabberd2,2.7.0-8,U1_TEMPLATE_VALUE_ONLY,/home/emrecan/github/ecylmz/unittrace/artifacts/full/roots/sources/debian/jabberd2/2.7.0-8/jabberd2-jabberd-2.7.0/etc/jabberd.service.in,2.7.0-8,a22345ee5b7c6806a0d90051c2e98e9c6008aaf5976040cc7b4a921fb64a596b,0,,NOT_APPLICABLE,exact basename or unique executable source mapping
https://jabberd2.org::true,https://jabberd2.org,fedora,jabberd,jabberd,jabberd-2.6.1-34.fc44.src.rpm,U1_TEMPLATE_VALUE_ONLY,/home/emrecan/github/ecylmz/unittrace/artifacts/full/roots/sources/fedora/jabberd/jabberd-2.6.1-34.fc44.src.rpm/jabberd-2.6.1/etc/jabberd.service.in,jabberd-2.6.1-34.fc44.src.rpm,9101c12ae7a83965fb3dba5e3574b56bb1e4db1ad16f771a28e7a27b8e5dc75a,0,,NOT_APPLICABLE,exact basename or unique executable source mapping
https://jabberd2.org::true,https://jabberd2.org,ubuntu,jabberd2,jabberd2,2.7.0-8ubuntu3,U1_TEMPLATE_VALUE_ONLY,/home/emrecan/github/ecylmz/unittrace/artifacts/full/roots/sources/ubuntu/jabberd2/2.7.0-8ubuntu3/jabberd2-jabberd-2.7.0/etc/jabberd.service.in,2.7.0-8ubuntu3,a22345ee5b7c6806a0d90051c2e98e9c6008aaf5976040cc7b4a921fb64a596b,0,,NOT_APPLICABLE,exact basename or unique executable source mapping
https://janus.conf.meetecho.com::janus,https://janus.conf.meetecho.com,fedora,janus,janus,janus-1.3.3-6.fc44.src.rpm,U4_NO_UPSTREAM_STATIC_OR_TEMPLATE_UNIT,,janus-1.3.3-6.fc44.src.rpm,,0,,NOT_APPLICABLE,complete pristine orig-tar inventory contained no service unit or template
https://janus.conf.meetecho.com::janus,https://janus.conf.meetecho.com,ubuntu,janus,janus,1.1.2-4,U4_NO_UPSTREAM_STATIC_OR_TEMPLATE_UNIT,,1.1.2-4,,0,,NOT_APPLICABLE,complete pristine orig-tar inventory contained no service unit or template
https://kea.isc.org::kea-ctrl-agent,https://kea.isc.org,arch,kea,kea,1:3.2.0-2,U4_NO_UPSTREAM_STATIC_OR_TEMPLATE_UNIT,,1:3.2.0-2,,0,,NOT_APPLICABLE,complete pristine orig-tar inventory contained no service unit or template
https://kea.isc.org::kea-ctrl-agent,https://kea.isc.org,debian,kea-ctrl-agent,isc-kea,2.6.3-1+deb13u1,U4_NO_UPSTREAM_STATIC_OR_TEMPLATE_UNIT,,2.6.3-1+deb13u1,,0,,NOT_APPLICABLE,complete pristine orig-tar inventory contained no service unit or template
https://kea.isc.org::kea-ctrl-agent,https://kea.isc.org,fedora,kea,kea,kea-3.0.3-1.fc44.src.rpm,U4_NO_UPSTREAM_STATIC_OR_TEMPLATE_UNIT,,kea-3.0.3-1.fc44.src.rpm,,0,,NOT_APPLICABLE,complete pristine orig-tar inventory contained no service unit or template
https://kea.isc.org::kea-ctrl-agent,https://kea.isc.org,ubuntu,kea-ctrl-agent,isc-kea,3.0.3-1,U4_NO_UPSTREAM_STATIC_OR_TEMPLATE_UNIT,,3.0.3-1,,0,,NOT_APPLICABLE,complete pristine orig-tar inventory contained no service unit or template
https://kea.isc.org::kea-dhcp-ddns,https://kea.isc.org,arch,kea,kea,1:3.2.0-2,U4_NO_UPSTREAM_STATIC_OR_TEMPLATE_UNIT,,1:3.2.0-2,,0,,NOT_APPLICABLE,complete pristine orig-tar inventory contained no service unit or template
https://kea.isc.org::kea-dhcp-ddns,https://kea.isc.org,debian,kea-dhcp-ddns-server,isc-kea,2.6.3-1+deb13u1,U4_NO_UPSTREAM_STATIC_OR_TEMPLATE_UNIT,,2.6.3-1+deb13u1,,0,,NOT_APPLICABLE,complete pristine orig-tar inventory contained no service unit or template
https://kea.isc.org::kea-dhcp-ddns,https://kea.isc.org,fedora,kea,kea,kea-3.0.3-1.fc44.src.rpm,U4_NO_UPSTREAM_STATIC_OR_TEMPLATE_UNIT,,kea-3.0.3-1.fc44.src.rpm,,0,,NOT_APPLICABLE,complete pristine orig-tar inventory contained no service unit or template
https://kea.isc.org::kea-dhcp-ddns,https://kea.isc.org,ubuntu,kea-dhcp-ddns-server,isc-kea,3.0.3-1,U4_NO_UPSTREAM_STATIC_OR_TEMPLATE_UNIT,,3.0.3-1,,0,,NOT_APPLICABLE,complete pristine orig-tar inventory contained no service unit or template
https://kea.isc.org::kea-dhcp4,https://kea.isc.org,arch,kea,kea,1:3.2.0-2,U4_NO_UPSTREAM_STATIC_OR_TEMPLATE_UNIT,,1:3.2.0-2,,0,,NOT_APPLICABLE,complete pristine orig-tar inventory contained no service unit or template
https://kea.isc.org::kea-dhcp4,https://kea.isc.org,debian,kea-dhcp4-server,isc-kea,2.6.3-1+deb13u1,U4_NO_UPSTREAM_STATIC_OR_TEMPLATE_UNIT,,2.6.3-1+deb13u1,,0,,NOT_APPLICABLE,complete pristine orig-tar inventory contained no service unit or template
https://kea.isc.org::kea-dhcp4,https://kea.isc.org,fedora,kea,kea,kea-3.0.3-1.fc44.src.rpm,U4_NO_UPSTREAM_STATIC_OR_TEMPLATE_UNIT,,kea-3.0.3-1.fc44.src.rpm,,0,,NOT_APPLICABLE,complete pristine orig-tar inventory contained no service unit or template
https://kea.isc.org::kea-dhcp4,https://kea.isc.org,ubuntu,kea-dhcp4-server,isc-kea,3.0.3-1,U4_NO_UPSTREAM_STATIC_OR_TEMPLATE_UNIT,,3.0.3-1,,0,,NOT_APPLICABLE,complete pristine orig-tar inventory contained no service unit or template
https://kea.isc.org::kea-dhcp6,https://kea.isc.org,arch,kea,kea,1:3.2.0-2,U4_NO_UPSTREAM_STATIC_OR_TEMPLATE_UNIT,,1:3.2.0-2,,0,,NOT_APPLICABLE,complete pristine orig-tar inventory contained no service unit or template
https://kea.isc.org::kea-dhcp6,https://kea.isc.org,debian,kea-dhcp6-server,isc-kea,2.6.3-1+deb13u1,U4_NO_UPSTREAM_STATIC_OR_TEMPLATE_UNIT,,2.6.3-1+deb13u1,,0,,NOT_APPLICABLE,complete pristine orig-tar inventory contained no service unit or template
https://kea.isc.org::kea-dhcp6,https://kea.isc.org,fedora,kea,kea,kea-3.0.3-1.fc44.src.rpm,U4_NO_UPSTREAM_STATIC_OR_TEMPLATE_UNIT,,kea-3.0.3-1.fc44.src.rpm,,0,,NOT_APPLICABLE,complete pristine orig-tar inventory contained no service unit or template
https://kea.isc.org::kea-dhcp6,https://kea.isc.org,ubuntu,kea-dhcp6-server,isc-kea,3.0.3-1,U4_NO_UPSTREAM_STATIC_OR_TEMPLATE_UNIT,,3.0.3-1,,0,,NOT_APPLICABLE,complete pristine orig-tar inventory contained no service unit or template
https://launchpad.net/spf-engine::pyspf-milter,https://launchpad.net/spf-engine,fedora,pypolicyd-spf-milter,pypolicyd-spf,pypolicyd-spf-3.1.0-8.fc44.src.rpm,U0_STATIC,/home/emrecan/github/ecylmz/unittrace/artifacts/full/roots/sources/fedora/pypolicyd-spf/pypolicyd-spf-3.1.0-8.fc44.src.rpm/spf-engine-3.1.0/data/lib/systemd/system/pyspf-milter.service,pypolicyd-spf-3.1.0-8.fc44.src.rpm,037b6ac2d8adeaa4288b40cce8c223a94ee33b88a1bf55de75af2cdfb85c5d1e,0,,NOT_APPLICABLE,exact basename or unique executable source mapping
https://launchpad.net/spf-engine::pyspf-milter,https://launchpad.net/spf-engine,ubuntu,pyspf-milter,spf-engine,3.1.0-2build1,U0_STATIC,/home/emrecan/github/ecylmz/unittrace/artifacts/full/roots/sources/ubuntu/spf-engine/3.1.0-2build1/spf-engine-3.1.0/data/lib/systemd/system/pyspf-milter.service,3.1.0-2build1,037b6ac2d8adeaa4288b40cce8c223a94ee33b88a1bf55de75af2cdfb85c5d1e,0,,NOT_APPLICABLE,exact basename or unique executable source mapping
https://launchpad.net/ufw::ufw-init,https://launchpad.net/ufw,arch,ufw,ufw,0.36.2-7,U5_AMBIGUOUS_OR_UNRESOLVED,,0.36.2-7,,0,,NOT_ATTEMPTED,pristine source unavailable
https://launchpad.net/ufw::ufw-init,https://launchpad.net/ufw,fedora,ufw,ufw,ufw-0.35-39.fc44.src.rpm,U4_NO_UPSTREAM_STATIC_OR_TEMPLATE_UNIT,,ufw-0.35-39.fc44.src.rpm,,0,,NOT_APPLICABLE,complete pristine orig-tar inventory contained no service unit or template
https://launchpad.net/ufw::ufw-init,https://launchpad.net/ufw,ubuntu,ufw,ufw,0.36.2-9build1,U4_NO_UPSTREAM_STATIC_OR_TEMPLATE_UNIT,,0.36.2-9build1,,0,,NOT_APPLICABLE,complete pristine orig-tar inventory contained no service unit or template
https://lemonldap-ng.org::llng-fastcgi-server,https://lemonldap-ng.org,fedora,lemonldap-ng-fastcgi-server,lemonldap-ng,lemonldap-ng-2.23.2-1.fc44.src.rpm,U1_TEMPLATE_VALUE_ONLY,/home/emrecan/github/ecylmz/unittrace/artifacts/full/roots/sources/fedora/lemonldap-ng/lemonldap-ng-2.23.2-1.fc44.src.rpm/lemonldap-ng-2.23.2/fastcgi-server/systemd/llng-fastcgi-server.service,lemonldap-ng-2.23.2-1.fc44.src.rpm,65d40c2f1794fcc30c3e90c859823214884a0c8e930749a76f25f81c5f3c8573,0,,NOT_APPLICABLE,exact basename or unique executable source mapping
https://lemonldap-ng.org::llng-fastcgi-server,https://lemonldap-ng.org,ubuntu,lemonldap-ng-fastcgi-server,lemonldap-ng,2.22.2+ds-1,U1_TEMPLATE_VALUE_ONLY,/home/emrecan/github/ecylmz/unittrace/artifacts/full/roots/sources/ubuntu/lemonldap-ng/2.22.2+ds-1/lemonldap-ng-2.22.2/fastcgi-server/systemd/llng-fastcgi-server.service,2.22.2+ds-1,65d40c2f1794fcc30c3e90c859823214884a0c8e930749a76f25f81c5f3c8573,0,,NOT_APPLICABLE,exact basename or unique executable source mapping
https://lemonldap-ng.org::purgeCentralCache,https://lemonldap-ng.org,fedora,lemonldap-ng-portal,lemonldap-ng,lemonldap-ng-2.23.2-1.fc44.src.rpm,U1_TEMPLATE_VALUE_ONLY,/home/emrecan/github/ecylmz/unittrace/artifacts/full/roots/sources/fedora/lemonldap-ng/lemonldap-ng-2.23.2-1.fc44.src.rpm/lemonldap-ng-2.23.2/lemonldap-ng-portal/scripts/lemonldap-ng-portal.service,lemonldap-ng-2.23.2-1.fc44.src.rpm,e5fa93688cfec3eb2782fab1ce43b027d17148f3688ae8e444c983431c84dd60,0,,NOT_APPLICABLE,exact basename or unique executable source mapping
https://lemonldap-ng.org::purgeCentralCache,https://lemonldap-ng.org,ubuntu,liblemonldap-ng-portal-perl,lemonldap-ng,2.22.2+ds-1,U1_TEMPLATE_VALUE_ONLY,/home/emrecan/github/ecylmz/unittrace/artifacts/full/roots/sources/ubuntu/lemonldap-ng/2.22.2+ds-1/lemonldap-ng-2.22.2/lemonldap-ng-portal/scripts/lemonldap-ng-portal.service,2.22.2+ds-1,e5fa93688cfec3eb2782fab1ce43b027d17148f3688ae8e444c983431c84dd60,0,,NOT_APPLICABLE,exact basename or unique executable source mapping
https://lemonldap-ng.org::purgeLocalCache,https://lemonldap-ng.org,fedora,lemonldap-ng-handler,lemonldap-ng,lemonldap-ng-2.23.2-1.fc44.src.rpm,U1_TEMPLATE_VALUE_ONLY,/home/emrecan/github/ecylmz/unittrace/artifacts/full/roots/sources/fedora/lemonldap-ng/lemonldap-ng-2.23.2-1.fc44.src.rpm/lemonldap-ng-2.23.2/lemonldap-ng-handler/scripts/lemonldap-ng-handler.service,lemonldap-ng-2.23.2-1.fc44.src.rpm,7bb5fd0ccd435a07e914fcb9c89739f87d1483c6b3ad298becde1c9b442b953e,0,,NOT_APPLICABLE,exact basename or unique executable source mapping
https://lemonldap-ng.org::purgeLocalCache,https://lemonldap-ng.org,ubuntu,liblemonldap-ng-handler-perl,lemonldap-ng,2.22.2+ds-1,U1_TEMPLATE_VALUE_ONLY,/home/emrecan/github/ecylmz/unittrace/artifacts/full/roots/sources/ubuntu/lemonldap-ng/2.22.2+ds-1/lemonldap-ng-2.22.2/lemonldap-ng-handler/scripts/lemonldap-ng-handler.service,2.22.2+ds-1,7bb5fd0ccd435a07e914fcb9c89739f87d1483c6b3ad298becde1c9b442b953e,0,,NOT_APPLICABLE,exact basename or unique executable source mapping
https://libreswan.org::pluto,https://libreswan.org,debian,libreswan,libreswan,5.2-2.2,U1_TEMPLATE_VALUE_ONLY,/home/emrecan/github/ecylmz/unittrace/artifacts/full/roots/sources/debian/libreswan/5.2-2.2/libreswan-5.2/initsystems/systemd/ipsec.service.in,5.2-2.2,9eeea0cfa86bc1d5a9c094b30918d1be15ce197f28a7dd7d463427b57b2a1b18,0,,NOT_APPLICABLE,exact basename or unique executable source mapping
https://libreswan.org::pluto,https://libreswan.org,fedora,libreswan,libreswan,libreswan-5.3.2-2.fc44.src.rpm,U1_TEMPLATE_VALUE_ONLY,/home/emrecan/github/ecylmz/unittrace/artifacts/full/roots/sources/fedora/libreswan/libreswan-5.3.2-2.fc44.src.rpm/libreswan-5.3.2/initsystems/systemd/ipsec.service.in,libreswan-5.3.2-2.fc44.src.rpm,5e859ad04431b8453838dee70183ff84725cd8023cf5aa2da38f06927268dd85,0,,NOT_APPLICABLE,exact basename or unique executable source mapping
https://libreswan.org::pluto,https://libreswan.org,ubuntu,libreswan,libreswan,5.2-2.2ubuntu2,U1_TEMPLATE_VALUE_ONLY,/home/emrecan/github/ecylmz/unittrace/artifacts/full/roots/sources/ubuntu/libreswan/5.2-2.2ubuntu2/libreswan-5.2/initsystems/systemd/ipsec.service.in,5.2-2.2ubuntu2,9eeea0cfa86bc1d5a9c094b30918d1be15ce197f28a7dd7d463427b57b2a1b18,0,,NOT_APPLICABLE,exact basename or unique executable source mapping
https://libvirt.org::libvirtd,https://libvirt.org,arch,libvirt,libvirt,1:12.6.0-1,U1_TEMPLATE_VALUE_ONLY,/home/emrecan/github/ecylmz/unittrace/artifacts/full/roots/sources/arch/libvirt/1:12.6.0-1/libvirt-4bc0719ff048d821657016b07e7ab74e94333b01/src/remote/libvirtd.service.in,1:12.6.0-1,9734a54fc95e94c2cbd1c3883f60c60185c4494052d9a91bd1ce7b102beafa82,0,,NOT_APPLICABLE,exact basename or unique executable source mapping
https://libvirt.org::libvirtd,https://libvirt.org,fedora,libvirt-daemon,libvirt,libvirt-12.0.0-3.fc44.src.rpm,U1_TEMPLATE_VALUE_ONLY,/home/emrecan/github/ecylmz/unittrace/artifacts/full/roots/sources/fedora/libvirt/libvirt-12.0.0-3.fc44.src.rpm/libvirt-12.0.0/src/remote/libvirtd.service.in,libvirt-12.0.0-3.fc44.src.rpm,0793ab0e4bc9cf19dca6f5f14f72e958a85596b0413452454d5275ee49ead1f4,0,,NOT_APPLICABLE,exact basename or unique executable source mapping
https://libvirt.org::virtchd,https://libvirt.org,arch,libvirt,libvirt,1:12.6.0-1,U5_AMBIGUOUS_OR_UNRESOLVED,,1:12.6.0-1,,0,,NOT_ATTEMPTED,"no unique upstream artifact; candidates=6, executable_candidates=0"
https://libvirt.org::virtchd,https://libvirt.org,fedora,libvirt-daemon-driver-ch,libvirt,libvirt-12.0.0-3.fc44.src.rpm,U5_AMBIGUOUS_OR_UNRESOLVED,,libvirt-12.0.0-3.fc44.src.rpm,,0,,NOT_ATTEMPTED,"no unique upstream artifact; candidates=5, executable_candidates=0"
https://libvirt.org::virtinterfaced,https://libvirt.org,arch,libvirt,libvirt,1:12.6.0-1,U5_AMBIGUOUS_OR_UNRESOLVED,,1:12.6.0-1,,0,,NOT_ATTEMPTED,"no unique upstream artifact; candidates=6, executable_candidates=0"
https://libvirt.org::virtinterfaced,https://libvirt.org,fedora,libvirt-daemon-driver-interface,libvirt,libvirt-12.0.0-3.fc44.src.rpm,U5_AMBIGUOUS_OR_UNRESOLVED,,libvirt-12.0.0-3.fc44.src.rpm,,0,,NOT_ATTEMPTED,"no unique upstream artifact; candidates=5, executable_candidates=0"
https://libvirt.org::virtlockd,https://libvirt.org,arch,libvirt,libvirt,1:12.6.0-1,U1_TEMPLATE_VALUE_ONLY,/home/emrecan/github/ecylmz/unittrace/artifacts/full/roots/sources/arch/libvirt/1:12.6.0-1/libvirt-4bc0719ff048d821657016b07e7ab74e94333b01/src/locking/virtlockd.service.in,1:12.6.0-1,36b2d079665f50c204ff6cc90f4d9b8c5009e235e9b9e509cba6fd4ee115b256,0,,NOT_APPLICABLE,exact basename or unique executable source mapping
https://libvirt.org::virtlockd,https://libvirt.org,fedora,libvirt-daemon-lock,libvirt,libvirt-12.0.0-3.fc44.src.rpm,U1_TEMPLATE_VALUE_ONLY,/home/emrecan/github/ecylmz/unittrace/artifacts/full/roots/sources/fedora/libvirt/libvirt-12.0.0-3.fc44.src.rpm/libvirt-12.0.0/src/locking/virtlockd.service.in,libvirt-12.0.0-3.fc44.src.rpm,36b2d079665f50c204ff6cc90f4d9b8c5009e235e9b9e509cba6fd4ee115b256,0,,NOT_APPLICABLE,exact basename or unique executable source mapping
https://libvirt.org::virtlogd,https://libvirt.org,arch,libvirt,libvirt,1:12.6.0-1,U1_TEMPLATE_VALUE_ONLY,/home/emrecan/github/ecylmz/unittrace/artifacts/full/roots/sources/arch/libvirt/1:12.6.0-1/libvirt-4bc0719ff048d821657016b07e7ab74e94333b01/src/logging/virtlogd.service.in,1:12.6.0-1,e8fc79480d4502504e87385ab6458d84f6b4bc9b1eb75b70fa837004fa19ba78,0,,NOT_APPLICABLE,exact basename or unique executable source mapping
https://libvirt.org::virtlogd,https://libvirt.org,fedora,libvirt-daemon-log,libvirt,libvirt-12.0.0-3.fc44.src.rpm,U1_TEMPLATE_VALUE_ONLY,/home/emrecan/github/ecylmz/unittrace/artifacts/full/roots/sources/fedora/libvirt/libvirt-12.0.0-3.fc44.src.rpm/libvirt-12.0.0/src/logging/virtlogd.service.in,libvirt-12.0.0-3.fc44.src.rpm,e8fc79480d4502504e87385ab6458d84f6b4bc9b1eb75b70fa837004fa19ba78,0,,NOT_APPLICABLE,exact basename or unique executable source mapping
https://libvirt.org::virtlxcd,https://libvirt.org,arch,libvirt,libvirt,1:12.6.0-1,U1_TEMPLATE_VALUE_ONLY,/home/emrecan/github/ecylmz/unittrace/artifacts/full/roots/sources/arch/libvirt/1:12.6.0-1/libvirt-4bc0719ff048d821657016b07e7ab74e94333b01/tools/libvirt-guests.service.in,1:12.6.0-1,659aa444ff948bef5502e2a2358c76137bcdf06cd43129950b5674ec132562a7,0,,NOT_APPLICABLE,exact basename or unique executable source mapping
https://libvirt.org::virtlxcd,https://libvirt.org,fedora,libvirt-daemon-driver-lxc,libvirt,libvirt-12.0.0-3.fc44.src.rpm,U1_TEMPLATE_VALUE_ONLY,/home/emrecan/github/ecylmz/unittrace/artifacts/full/roots/sources/fedora/libvirt/libvirt-12.0.0-3.fc44.src.rpm/libvirt-12.0.0/tools/libvirt-guests.service.in,libvirt-12.0.0-3.fc44.src.rpm,659aa444ff948bef5502e2a2358c76137bcdf06cd43129950b5674ec132562a7,0,,NOT_APPLICABLE,exact basename or unique executable source mapping
https://libvirt.org::virtnetworkd,https://libvirt.org,arch,libvirt,libvirt,1:12.6.0-1,U5_AMBIGUOUS_OR_UNRESOLVED,,1:12.6.0-1,,0,,NOT_ATTEMPTED,"no unique upstream artifact; candidates=6, executable_candidates=0"
https://libvirt.org::virtnetworkd,https://libvirt.org,fedora,libvirt-daemon-driver-network,libvirt,libvirt-12.0.0-3.fc44.src.rpm,U5_AMBIGUOUS_OR_UNRESOLVED,,libvirt-12.0.0-3.fc44.src.rpm,,0,,NOT_ATTEMPTED,"no unique upstream artifact; candidates=5, executable_candidates=0"
https://libvirt.org::virtnodedevd,https://libvirt.org,arch,libvirt,libvirt,1:12.6.0-1,U5_AMBIGUOUS_OR_UNRESOLVED,,1:12.6.0-1,,0,,NOT_ATTEMPTED,"no unique upstream artifact; candidates=6, executable_candidates=0"
https://libvirt.org::virtnodedevd,https://libvirt.org,fedora,libvirt-daemon-driver-nodedev,libvirt,libvirt-12.0.0-3.fc44.src.rpm,U5_AMBIGUOUS_OR_UNRESOLVED,,libvirt-12.0.0-3.fc44.src.rpm,,0,,NOT_ATTEMPTED,"no unique upstream artifact; candidates=5, executable_candidates=0"
https://libvirt.org::virtnwfilterd,https://libvirt.org,arch,libvirt,libvirt,1:12.6.0-1,U5_AMBIGUOUS_OR_UNRESOLVED,,1:12.6.0-1,,0,,NOT_ATTEMPTED,"no unique upstream artifact; candidates=6, executable_candidates=0"
https://libvirt.org::virtnwfilterd,https://libvirt.org,fedora,libvirt-daemon-driver-nwfilter,libvirt,libvirt-12.0.0-3.fc44.src.rpm,U5_AMBIGUOUS_OR_UNRESOLVED,,libvirt-12.0.0-3.fc44.src.rpm,,0,,NOT_ATTEMPTED,"no unique upstream artifact; candidates=5, executable_candidates=0"
https://libvirt.org::virtproxyd,https://libvirt.org,arch,libvirt,libvirt,1:12.6.0-1,U5_AMBIGUOUS_OR_UNRESOLVED,,1:12.6.0-1,,0,,NOT_ATTEMPTED,"no unique upstream artifact; candidates=6, executable_candidates=0"
https://libvirt.org::virtproxyd,https://libvirt.org,fedora,libvirt-daemon-proxy,libvirt,libvirt-12.0.0-3.fc44.src.rpm,U5_AMBIGUOUS_OR_UNRESOLVED,,libvirt-12.0.0-3.fc44.src.rpm,,0,,NOT_ATTEMPTED,"no unique upstream artifact; candidates=5, executable_candidates=0"
https://libvirt.org::virtqemud,https://libvirt.org,arch,libvirt,libvirt,1:12.6.0-1,U1_TEMPLATE_VALUE_ONLY,/home/emrecan/github/ecylmz/unittrace/artifacts/full/roots/sources/arch/libvirt/1:12.6.0-1/libvirt-4bc0719ff048d821657016b07e7ab74e94333b01/tools/libvirt-guests.service.in,1:12.6.0-1,659aa444ff948bef5502e2a2358c76137bcdf06cd43129950b5674ec132562a7,0,,NOT_APPLICABLE,exact basename or unique executable source mapping
https://libvirt.org::virtqemud,https://libvirt.org,fedora,libvirt-daemon-driver-qemu,libvirt,libvirt-12.0.0-3.fc44.src.rpm,U1_TEMPLATE_VALUE_ONLY,/home/emrecan/github/ecylmz/unittrace/artifacts/full/roots/sources/fedora/libvirt/libvirt-12.0.0-3.fc44.src.rpm/libvirt-12.0.0/tools/libvirt-guests.service.in,libvirt-12.0.0-3.fc44.src.rpm,659aa444ff948bef5502e2a2358c76137bcdf06cd43129950b5674ec132562a7,0,,NOT_APPLICABLE,exact basename or unique executable source mapping
https://libvirt.org::virtsecretd,https://libvirt.org,arch,libvirt,libvirt,1:12.6.0-1,U1_TEMPLATE_VALUE_ONLY,/home/emrecan/github/ecylmz/unittrace/artifacts/full/roots/sources/arch/libvirt/1:12.6.0-1/libvirt-4bc0719ff048d821657016b07e7ab74e94333b01/src/secret/virt-secret-init-encryption.service.in,1:12.6.0-1,3dd9aeb6a8b95299659ee760790379549a66bf8b54540efbd4a08d020e2ac627,0,,NOT_APPLICABLE,exact basename or unique executable source mapping
https://libvirt.org::virtsecretd,https://libvirt.org,fedora,libvirt-daemon-driver-secret,libvirt,libvirt-12.0.0-3.fc44.src.rpm,U5_AMBIGUOUS_OR_UNRESOLVED,,libvirt-12.0.0-3.fc44.src.rpm,,0,,NOT_ATTEMPTED,"no unique upstream artifact; candidates=5, executable_candidates=0"
https://libvirt.org::virtstoraged,https://libvirt.org,arch,libvirt,libvirt,1:12.6.0-1,U5_AMBIGUOUS_OR_UNRESOLVED,,1:12.6.0-1,,0,,NOT_ATTEMPTED,"no unique upstream artifact; candidates=6, executable_candidates=0"
https://libvirt.org::virtstoraged,https://libvirt.org,fedora,libvirt-daemon-driver-storage-core,libvirt,libvirt-12.0.0-3.fc44.src.rpm,U5_AMBIGUOUS_OR_UNRESOLVED,,libvirt-12.0.0-3.fc44.src.rpm,,0,,NOT_ATTEMPTED,"no unique upstream artifact; candidates=5, executable_candidates=0"
https://libvirt.org::virtvboxd,https://libvirt.org,arch,libvirt,libvirt,1:12.6.0-1,U1_TEMPLATE_VALUE_ONLY,/home/emrecan/github/ecylmz/unittrace/artifacts/full/roots/sources/arch/libvirt/1:12.6.0-1/libvirt-4bc0719ff048d821657016b07e7ab74e94333b01/tools/libvirt-guests.service.in,1:12.6.0-1,659aa444ff948bef5502e2a2358c76137bcdf06cd43129950b5674ec132562a7,0,,NOT_APPLICABLE,exact basename or unique executable source mapping
https://libvirt.org::virtvboxd,https://libvirt.org,fedora,libvirt-daemon-driver-vbox,libvirt,libvirt-12.0.0-3.fc44.src.rpm,U1_TEMPLATE_VALUE_ONLY,/home/emrecan/github/ecylmz/unittrace/artifacts/full/roots/sources/fedora/libvirt/libvirt-12.0.0-3.fc44.src.rpm/libvirt-12.0.0/tools/libvirt-guests.service.in,libvirt-12.0.0-3.fc44.src.rpm,659aa444ff948bef5502e2a2358c76137bcdf06cd43129950b5674ec132562a7,0,,NOT_APPLICABLE,exact basename or unique executable source mapping
https://linrunner.de/tlp::tlp,https://linrunner.de/tlp,fedora,tlp,tlp,tlp-1.10.1-1.fc44.src.rpm,U1_TEMPLATE_VALUE_ONLY,/home/emrecan/github/ecylmz/unittrace/artifacts/full/roots/sources/fedora/tlp/tlp-1.10.1-1.fc44.src.rpm/TLP-1.10.1/tlp.service.in,tlp-1.10.1-1.fc44.src.rpm,95de02b7ca4835ca72fd96095a42baf513c3d038390ee0856d3fe39772971d56,0,,NOT_APPLICABLE,exact basename or unique executable source mapping
https://linrunner.de/tlp::tlp,https://linrunner.de/tlp,ubuntu,tlp,tlp,1.8.0-1ubuntu2,U1_TEMPLATE_VALUE_ONLY,/home/emrecan/github/ecylmz/unittrace/artifacts/full/roots/sources/ubuntu/tlp/1.8.0-1ubuntu2/TLP-1.8.0/tlp.service.in,1.8.0-1ubuntu2,6c2eda770e2c37f3331c603befdfb502f9a094a7c6d1c0fb214c2e9bc1f88478,0,,NOT_APPLICABLE,exact basename or unique executable source mapping
https://linux-nfs.org::rpc.gssd,https://linux-nfs.org,debian,nfs-common,nfs-utils,1:2.8.3-1,U1_TEMPLATE_VALUE_ONLY,/home/emrecan/github/ecylmz/unittrace/artifacts/full/roots/sources/debian/nfs-utils/2.8.3-1/nfs-utils-2.8.3/systemd/rpc-gssd.service.in,1:2.8.3-1,b65136104d253dee6798b721912b6f4e0b6a7dde773106f64f82585e2d5acf25,0,,NOT_APPLICABLE,exact basename or unique executable source mapping
https://linux-nfs.org::rpc.gssd,https://linux-nfs.org,fedora,nfs-common-utils,nfs-utils,nfs-utils-2.8.7-6.fc44.src.rpm,U1_TEMPLATE_VALUE_ONLY,/home/emrecan/github/ecylmz/unittrace/artifacts/full/roots/sources/fedora/nfs-utils/nfs-utils-2.8.7-6.fc44.src.rpm/nfs-utils-2.8.7/systemd/rpc-gssd.service.in,nfs-utils-2.8.7-6.fc44.src.rpm,b65136104d253dee6798b721912b6f4e0b6a7dde773106f64f82585e2d5acf25,0,,NOT_APPLICABLE,exact basename or unique executable source mapping
https://linux-nfs.org::rpc.gssd,https://linux-nfs.org,ubuntu,nfs-common,nfs-utils,1:2.8.5-1ubuntu1,U1_TEMPLATE_VALUE_ONLY,/home/emrecan/github/ecylmz/unittrace/artifacts/full/roots/sources/ubuntu/nfs-utils/2.8.5-1ubuntu1/nfs-utils-2.8.5/systemd/rpc-gssd.service.in,1:2.8.5-1ubuntu1,b65136104d253dee6798b721912b6f4e0b6a7dde773106f64f82585e2d5acf25,0,,NOT_APPLICABLE,exact basename or unique executable source mapping
https://linux-nfs.org::upstream-unit::systemd/auth-rpcgss-module.service,https://linux-nfs.org,debian,nfs-common,nfs-utils,1:2.8.3-1,U0_STATIC,/home/emrecan/github/ecylmz/unittrace/artifacts/full/roots/sources/debian/nfs-utils/2.8.3-1/nfs-utils-2.8.3/systemd/auth-rpcgss-module.service,1:2.8.3-1,3e0ca2e272425ef73eb9a39793982575109cde0e2d719813dbbc0cb47b0e132b,0,,NOT_APPLICABLE,exact basename or unique executable source mapping
https://linux-nfs.org::upstream-unit::systemd/auth-rpcgss-module.service,https://linux-nfs.org,ubuntu,nfs-common,nfs-utils,1:2.8.5-1ubuntu1,U0_STATIC,/home/emrecan/github/ecylmz/unittrace/artifacts/full/roots/sources/ubuntu/nfs-utils/2.8.5-1ubuntu1/nfs-utils-2.8.5/systemd/auth-rpcgss-module.service,1:2.8.5-1ubuntu1,3e0ca2e272425ef73eb9a39793982575109cde0e2d719813dbbc0cb47b0e132b,0,,NOT_APPLICABLE,exact basename or unique executable source mapping
https://linux-nfs.org::upstream-unit::systemd/fsidd.service,https://linux-nfs.org,debian,nfs-kernel-server,nfs-utils,1:2.8.3-1,U0_STATIC,/home/emrecan/github/ecylmz/unittrace/artifacts/full/roots/sources/debian/nfs-utils/2.8.3-1/nfs-utils-2.8.3/systemd/fsidd.service,1:2.8.3-1,a2ffc1131a30c150f2cba4082ce50fd901d93973f4554fde5ece76e6acecfc84,0,,NOT_APPLICABLE,exact basename or unique executable source mapping
https://linux-nfs.org::upstream-unit::systemd/fsidd.service,https://linux-nfs.org,fedora,nfs-utils,nfs-utils,nfs-utils-2.8.7-6.fc44.src.rpm,U0_STATIC,/home/emrecan/github/ecylmz/unittrace/artifacts/full/roots/sources/fedora/nfs-utils/nfs-utils-2.8.7-6.fc44.src.rpm/nfs-utils-2.8.7/systemd/fsidd.service,nfs-utils-2.8.7-6.fc44.src.rpm,a2ffc1131a30c150f2cba4082ce50fd901d93973f4554fde5ece76e6acecfc84,0,,NOT_APPLICABLE,exact basename or unique executable source mapping
https://linux-nfs.org::upstream-unit::systemd/fsidd.service,https://linux-nfs.org,ubuntu,nfs-kernel-server,nfs-utils,1:2.8.5-1ubuntu1,U0_STATIC,/home/emrecan/github/ecylmz/unittrace/artifacts/full/roots/sources/ubuntu/nfs-utils/2.8.5-1ubuntu1/nfs-utils-2.8.5/systemd/fsidd.service,1:2.8.5-1ubuntu1,a2ffc1131a30c150f2cba4082ce50fd901d93973f4554fde5ece76e6acecfc84,0,,NOT_APPLICABLE,exact basename or unique executable source mapping
https://linux-nfs.org::upstream-unit::systemd/nfs-idmapd.service,https://linux-nfs.org,debian,nfs-common,nfs-utils,1:2.8.3-1,U0_STATIC,/home/emrecan/github/ecylmz/unittrace/artifacts/full/roots/sources/debian/nfs-utils/2.8.3-1/nfs-utils-2.8.3/systemd/nfs-idmapd.service,1:2.8.3-1,44a600af2e64c81e82ef11acc8109eda8e64a2e9c9f00707ef97371e3c162c16,0,,NOT_APPLICABLE,exact basename or unique executable source mapping
https://linux-nfs.org::upstream-unit::systemd/nfs-idmapd.service,https://linux-nfs.org,fedora,nfs-utils,nfs-utils,nfs-utils-2.8.7-6.fc44.src.rpm,U0_STATIC,/home/emrecan/github/ecylmz/unittrace/artifacts/full/roots/sources/fedora/nfs-utils/nfs-utils-2.8.7-6.fc44.src.rpm/nfs-utils-2.8.7/systemd/nfs-idmapd.service,nfs-utils-2.8.7-6.fc44.src.rpm,9a751eb43e4328742c6032ed2bdb92a4f8074ce9ccae4ff8582abbb0d0f26698,0,,NOT_APPLICABLE,exact basename or unique executable source mapping
https://linux-nfs.org::upstream-unit::systemd/nfs-idmapd.service,https://linux-nfs.org,ubuntu,nfs-common,nfs-utils,1:2.8.5-1ubuntu1,U0_STATIC,/home/emrecan/github/ecylmz/unittrace/artifacts/full/roots/sources/ubuntu/nfs-utils/2.8.5-1ubuntu1/nfs-utils-2.8.5/systemd/nfs-idmapd.service,1:2.8.5-1ubuntu1,9a751eb43e4328742c6032ed2bdb92a4f8074ce9ccae4ff8582abbb0d0f26698,0,,NOT_APPLICABLE,exact basename or unique executable source mapping
https://linux-nfs.org::upstream-unit::systemd/nfs-mountd.service,https://linux-nfs.org,debian,nfs-kernel-server,nfs-utils,1:2.8.3-1,U0_STATIC,/home/emrecan/github/ecylmz/unittrace/artifacts/full/roots/sources/debian/nfs-utils/2.8.3-1/nfs-utils-2.8.3/systemd/nfs-mountd.service,1:2.8.3-1,e22a7ca8850331e223ff1fd40f712e7d4429674cd761513667ef606538608b0d,0,,NOT_APPLICABLE,exact basename or unique executable source mapping
https://linux-nfs.org::upstream-unit::systemd/nfs-mountd.service,https://linux-nfs.org,fedora,nfs-utils,nfs-utils,nfs-utils-2.8.7-6.fc44.src.rpm,U0_STATIC,/home/emrecan/github/ecylmz/unittrace/artifacts/full/roots/sources/fedora/nfs-utils/nfs-utils-2.8.7-6.fc44.src.rpm/nfs-utils-2.8.7/systemd/nfs-mountd.service,nfs-utils-2.8.7-6.fc44.src.rpm,e22a7ca8850331e223ff1fd40f712e7d4429674cd761513667ef606538608b0d,0,,NOT_APPLICABLE,exact basename or unique executable source mapping
https://linux-nfs.org::upstream-unit::systemd/nfs-mountd.service,https://linux-nfs.org,ubuntu,nfs-kernel-server,nfs-utils,1:2.8.5-1ubuntu1,U0_STATIC,/home/emrecan/github/ecylmz/unittrace/artifacts/full/roots/sources/ubuntu/nfs-utils/2.8.5-1ubuntu1/nfs-utils-2.8.5/systemd/nfs-mountd.service,1:2.8.5-1ubuntu1,e22a7ca8850331e223ff1fd40f712e7d4429674cd761513667ef606538608b0d,0,,NOT_APPLICABLE,exact basename or unique executable source mapping
https://linux-nfs.org::upstream-unit::systemd/nfs-server.service,https://linux-nfs.org,debian,nfs-kernel-server,nfs-utils,1:2.8.3-1,U0_STATIC,/home/emrecan/github/ecylmz/unittrace/artifacts/full/roots/sources/debian/nfs-utils/2.8.3-1/nfs-utils-2.8.3/systemd/nfs-server.service,1:2.8.3-1,abd68bbfe5b39b7847e14eb9feb46bf5420540a74c733a7f67b86e76bee0875c,0,,NOT_APPLICABLE,exact basename or unique executable source mapping
https://linux-nfs.org::upstream-unit::systemd/nfs-server.service,https://linux-nfs.org,ubuntu,nfs-kernel-server,nfs-utils,1:2.8.5-1ubuntu1,U0_STATIC,/home/emrecan/github/ecylmz/unittrace/artifacts/full/roots/sources/ubuntu/nfs-utils/2.8.5-1ubuntu1/nfs-utils-2.8.5/systemd/nfs-server.service,1:2.8.5-1ubuntu1,abd68bbfe5b39b7847e14eb9feb46bf5420540a74c733a7f67b86e76bee0875c,0,,NOT_APPLICABLE,exact basename or unique executable source mapping
https://linux-nfs.org::upstream-unit::systemd/nfs-utils.service,https://linux-nfs.org,debian,nfs-common,nfs-utils,1:2.8.3-1,U0_STATIC,/home/emrecan/github/ecylmz/unittrace/artifacts/full/roots/sources/debian/nfs-utils/2.8.3-1/nfs-utils-2.8.3/systemd/nfs-utils.service,1:2.8.3-1,0e3045253bbab2403ad93e10de9104cfe98c2db9a3df5ec110721827bc9e85c7,0,,NOT_APPLICABLE,exact basename or unique executable source mapping
https://linux-nfs.org::upstream-unit::systemd/nfs-utils.service,https://linux-nfs.org,fedora,nfs-utils,nfs-utils,nfs-utils-2.8.7-6.fc44.src.rpm,U0_STATIC,/home/emrecan/github/ecylmz/unittrace/artifacts/full/roots/sources/fedora/nfs-utils/nfs-utils-2.8.7-6.fc44.src.rpm/nfs-utils-2.8.7/systemd/nfs-utils.service,nfs-utils-2.8.7-6.fc44.src.rpm,0e3045253bbab2403ad93e10de9104cfe98c2db9a3df5ec110721827bc9e85c7,0,,NOT_APPLICABLE,exact basename or unique executable source mapping
https://linux-nfs.org::upstream-unit::systemd/nfs-utils.service,https://linux-nfs.org,ubuntu,nfs-common,nfs-utils,1:2.8.5-1ubuntu1,U0_STATIC,/home/emrecan/github/ecylmz/unittrace/artifacts/full/roots/sources/ubuntu/nfs-utils/2.8.5-1ubuntu1/nfs-utils-2.8.5/systemd/nfs-utils.service,1:2.8.5-1ubuntu1,0e3045253bbab2403ad93e10de9104cfe98c2db9a3df5ec110721827bc9e85c7,0,,NOT_APPLICABLE,exact basename or unique executable source mapping
https://linux-nfs.org::upstream-unit::systemd/nfsdcld.service,https://linux-nfs.org,debian,nfs-kernel-server,nfs-utils,1:2.8.3-1,U0_STATIC,/home/emrecan/github/ecylmz/unittrace/artifacts/full/roots/sources/debian/nfs-utils/2.8.3-1/nfs-utils-2.8.3/systemd/nfsdcld.service,1:2.8.3-1,599b8add8d9f56c85b284d8eed4f6025bd79d73273d97146c1b6ee5042884f23,0,,NOT_APPLICABLE,exact basename or unique executable source mapping
https://linux-nfs.org::upstream-unit::systemd/nfsdcld.service,https://linux-nfs.org,fedora,nfs-utils,nfs-utils,nfs-utils-2.8.7-6.fc44.src.rpm,U0_STATIC,/home/emrecan/github/ecylmz/unittrace/artifacts/full/roots/sources/fedora/nfs-utils/nfs-utils-2.8.7-6.fc44.src.rpm/nfs-utils-2.8.7/systemd/nfsdcld.service,nfs-utils-2.8.7-6.fc44.src.rpm,599b8add8d9f56c85b284d8eed4f6025bd79d73273d97146c1b6ee5042884f23,0,,NOT_APPLICABLE,exact basename or unique executable source mapping
https://linux-nfs.org::upstream-unit::systemd/nfsdcld.service,https://linux-nfs.org,ubuntu,nfs-kernel-server,nfs-utils,1:2.8.5-1ubuntu1,U0_STATIC,/home/emrecan/github/ecylmz/unittrace/artifacts/full/roots/sources/ubuntu/nfs-utils/2.8.5-1ubuntu1/nfs-utils-2.8.5/systemd/nfsdcld.service,1:2.8.5-1ubuntu1,599b8add8d9f56c85b284d8eed4f6025bd79d73273d97146c1b6ee5042884f23,0,,NOT_APPLICABLE,exact basename or unique executable source mapping
https://linux-nfs.org::upstream-unit::systemd/rpc-statd-notify.service,https://linux-nfs.org,debian,nfs-common,nfs-utils,1:2.8.3-1,U0_STATIC,/home/emrecan/github/ecylmz/unittrace/artifacts/full/roots/sources/debian/nfs-utils/2.8.3-1/nfs-utils-2.8.3/systemd/rpc-statd-notify.service,1:2.8.3-1,66c508214211128c71b1480f13e37e031ceb299a02e031280226891d0df69af4,0,,NOT_APPLICABLE,exact basename or unique executable source mapping
https://linux-nfs.org::upstream-unit::systemd/rpc-statd-notify.service,https://linux-nfs.org,fedora,nfs-common-utils,nfs-utils,nfs-utils-2.8.7-6.fc44.src.rpm,U0_STATIC,/home/emrecan/github/ecylmz/unittrace/artifacts/full/roots/sources/fedora/nfs-utils/nfs-utils-2.8.7-6.fc44.src.rpm/nfs-utils-2.8.7/systemd/rpc-statd-notify.service,nfs-utils-2.8.7-6.fc44.src.rpm,342823041b66e7ff434790ce2b8da266ef33f3090289836bb6f0600c62361209,0,,NOT_APPLICABLE,exact basename or unique executable source mapping
https://linux-nfs.org::upstream-unit::systemd/rpc-statd-notify.service,https://linux-nfs.org,ubuntu,nfs-common,nfs-utils,1:2.8.5-1ubuntu1,U0_STATIC,/home/emrecan/github/ecylmz/unittrace/artifacts/full/roots/sources/ubuntu/nfs-utils/2.8.5-1ubuntu1/nfs-utils-2.8.5/systemd/rpc-statd-notify.service,1:2.8.5-1ubuntu1,342823041b66e7ff434790ce2b8da266ef33f3090289836bb6f0600c62361209,0,,NOT_APPLICABLE,exact basename or unique executable source mapping
https://linux-nfs.org::upstream-unit::systemd/rpc-statd.service,https://linux-nfs.org,debian,nfs-common,nfs-utils,1:2.8.3-1,U0_STATIC,/home/emrecan/github/ecylmz/unittrace/artifacts/full/roots/sources/debian/nfs-utils/2.8.3-1/nfs-utils-2.8.3/systemd/rpc-statd.service,1:2.8.3-1,1aa8b6ea2c4ab2d8ddb529e30b0488771d36a6d66c81f8832e98a511eca38fe3,0,,NOT_APPLICABLE,exact basename or unique executable source mapping
https://linux-nfs.org::upstream-unit::systemd/rpc-statd.service,https://linux-nfs.org,fedora,nfsv3-client-utils,nfs-utils,nfs-utils-2.8.7-6.fc44.src.rpm,U0_STATIC,/home/emrecan/github/ecylmz/unittrace/artifacts/full/roots/sources/fedora/nfs-utils/nfs-utils-2.8.7-6.fc44.src.rpm/nfs-utils-2.8.7/systemd/rpc-statd.service,nfs-utils-2.8.7-6.fc44.src.rpm,bf62466b2d0d27812bc2e40d566df405ddd2ab57dcf57ca482f44e0680b1e92a,0,,NOT_APPLICABLE,exact basename or unique executable source mapping
https://linux-nfs.org::upstream-unit::systemd/rpc-statd.service,https://linux-nfs.org,ubuntu,nfs-common,nfs-utils,1:2.8.5-1ubuntu1,U0_STATIC,/home/emrecan/github/ecylmz/unittrace/artifacts/full/roots/sources/ubuntu/nfs-utils/2.8.5-1ubuntu1/nfs-utils-2.8.5/systemd/rpc-statd.service,1:2.8.5-1ubuntu1,bf62466b2d0d27812bc2e40d566df405ddd2ab57dcf57ca482f44e0680b1e92a,0,,NOT_APPLICABLE,exact basename or unique executable source mapping
https://linux-nfs.org::upstream-unit::systemd/rpc-svcgssd.service,https://linux-nfs.org,debian,nfs-common,nfs-utils,1:2.8.3-1,U0_STATIC,/home/emrecan/github/ecylmz/unittrace/artifacts/full/roots/sources/debian/nfs-utils/2.8.3-1/nfs-utils-2.8.3/systemd/rpc-svcgssd.service,1:2.8.3-1,452800af5f4a26809b399ebce0a0b81b2e15f775c385bcd5d1861f0fd1a00c76,0,,NOT_APPLICABLE,exact basename or unique executable source mapping
https://linux-nfs.org::upstream-unit::systemd/rpc-svcgssd.service,https://linux-nfs.org,ubuntu,nfs-common,nfs-utils,1:2.8.5-1ubuntu1,U0_STATIC,/home/emrecan/github/ecylmz/unittrace/artifacts/full/roots/sources/ubuntu/nfs-utils/2.8.5-1ubuntu1/nfs-utils-2.8.5/systemd/rpc-svcgssd.service,1:2.8.5-1ubuntu1,452800af5f4a26809b399ebce0a0b81b2e15f775c385bcd5d1861f0fd1a00c76,0,,NOT_APPLICABLE,exact basename or unique executable source mapping
https://linuxcontainers.org/incus::incus-agent,https://linuxcontainers.org/incus,debian,incus-agent,incus,6.0.4-2+deb13u8,U0_STATIC,/home/emrecan/github/ecylmz/unittrace/artifacts/full/roots/sources/debian/incus/6.0.4-2+deb13u8/incus-6.0.4/internal/server/instance/drivers/agent-loader/systemd/incus-agent.service,6.0.4-2+deb13u8,e0c9b2357246fb6cabd0fa225fc7eddc07093e8d8eb8a380224905fafc81407e,0,,NOT_APPLICABLE,exact basename or unique executable source mapping
https://linuxcontainers.org/incus::incus-agent,https://linuxcontainers.org/incus,ubuntu,incus-agent,incus,6.0.5-8,U0_STATIC,/home/emrecan/github/ecylmz/unittrace/artifacts/full/roots/sources/ubuntu/incus/6.0.5-8/incus-6.0.5/internal/server/instance/drivers/agent-loader/systemd/incus-agent.service,6.0.5-8,e0c9b2357246fb6cabd0fa225fc7eddc07093e8d8eb8a380224905fafc81407e,0,,NOT_APPLICABLE,exact basename or unique executable source mapping
https://linuxcontainers.org/incus::incus-user,https://linuxcontainers.org/incus,arch,incus,incus,7.3.0-1,U5_AMBIGUOUS_OR_UNRESOLVED,,7.3.0-1,,0,,NOT_ATTEMPTED,"no unique upstream artifact; candidates=1, executable_candidates=0"
https://linuxcontainers.org/incus::incus-user,https://linuxcontainers.org/incus,debian,incus-base,incus,6.0.4-2+deb13u8,U5_AMBIGUOUS_OR_UNRESOLVED,,6.0.4-2+deb13u8,,0,,NOT_ATTEMPTED,"no unique upstream artifact; candidates=1, executable_candidates=0"
https://linuxcontainers.org/incus::incus-user,https://linuxcontainers.org/incus,fedora,incus,incus,incus-6.23-3.fc44.src.rpm,U5_AMBIGUOUS_OR_UNRESOLVED,,incus-6.23-3.fc44.src.rpm,,0,,NOT_ATTEMPTED,"no unique upstream artifact; candidates=1, executable_candidates=0"
https://linuxcontainers.org/incus::incus-user,https://linuxcontainers.org/incus,ubuntu,incus-base,incus,6.0.5-8,U5_AMBIGUOUS_OR_UNRESOLVED,,6.0.5-8,,0,,NOT_ATTEMPTED,"no unique upstream artifact; candidates=1, executable_candidates=0"
https://linuxcontainers.org/incus::startup,https://linuxcontainers.org/incus,debian,incus-base,incus,6.0.4-2+deb13u8,U5_AMBIGUOUS_OR_UNRESOLVED,,6.0.4-2+deb13u8,,0,,NOT_ATTEMPTED,"no unique upstream artifact; candidates=1, executable_candidates=0"
https://linuxcontainers.org/incus::startup,https://linuxcontainers.org/incus,ubuntu,incus-base,incus,6.0.5-8,U5_AMBIGUOUS_OR_UNRESOLVED,,6.0.5-8,,0,,NOT_ATTEMPTED,"no unique upstream artifact; candidates=1, executable_candidates=0"
https://linuxcontainers.org::lxc-containers,https://linuxcontainers.org,arch,lxc,lxc,1:7.0.0-2,U1_TEMPLATE_VALUE_ONLY,/home/emrecan/github/ecylmz/unittrace/artifacts/full/roots/sources/arch/lxc/1:7.0.0-2/lxc-e4415af07e3ec291205bc828e2b4e8141f91a499/config/init/systemd/lxc.service.in,1:7.0.0-2,d79997d57f57dfeea2885a0fc02b6d76535ccaad2dc66dabf7620c34beb58af5,0,,NOT_APPLICABLE,exact basename or unique executable source mapping
https://linuxcontainers.org::lxc-containers,https://linuxcontainers.org,debian,lxc,lxc,1:6.0.4-4+deb13u3,U1_TEMPLATE_VALUE_ONLY,/home/emrecan/github/ecylmz/unittrace/artifacts/full/roots/sources/debian/lxc/6.0.4-4+deb13u3/lxc-6.0.4/config/init/systemd/lxc.service.in,1:6.0.4-4+deb13u3,0c8df3a3956ef977465d73baf1da835eba3cfc8c3d1feb26c0e4bc95e96ace57,0,,NOT_APPLICABLE,exact basename or unique executable source mapping
https://linuxcontainers.org::lxc-containers,https://linuxcontainers.org,ubuntu,lxc,lxc,1:6.0.6-1,U1_TEMPLATE_VALUE_ONLY,/home/emrecan/github/ecylmz/unittrace/artifacts/full/roots/sources/ubuntu/lxc/6.0.6-1/lxc-6.0.6/config/init/systemd/lxc.service.in,1:6.0.6-1,d79997d57f57dfeea2885a0fc02b6d76535ccaad2dc66dabf7620c34beb58af5,0,,NOT_APPLICABLE,exact basename or unique executable source mapping
https://linuxcontainers.org::lxc-monitord,https://linuxcontainers.org,arch,lxc,lxc,1:7.0.0-2,U1_TEMPLATE_VALUE_ONLY,/home/emrecan/github/ecylmz/unittrace/artifacts/full/roots/sources/arch/lxc/1:7.0.0-2/lxc-e4415af07e3ec291205bc828e2b4e8141f91a499/config/init/systemd/lxc-monitord.service.in,1:7.0.0-2,27fbbe97d09cb684ffa12e47324ed7971682ab2d44a37075db7d23ff49d2e3e4,0,,NOT_APPLICABLE,exact basename or unique executable source mapping
https://linuxcontainers.org::lxc-monitord,https://linuxcontainers.org,debian,lxc,lxc,1:6.0.4-4+deb13u3,U1_TEMPLATE_VALUE_ONLY,/home/emrecan/github/ecylmz/unittrace/artifacts/full/roots/sources/debian/lxc/6.0.4-4+deb13u3/lxc-6.0.4/config/init/systemd/lxc-monitord.service.in,1:6.0.4-4+deb13u3,27fbbe97d09cb684ffa12e47324ed7971682ab2d44a37075db7d23ff49d2e3e4,0,,NOT_APPLICABLE,exact basename or unique executable source mapping
https://linuxcontainers.org::lxc-monitord,https://linuxcontainers.org,ubuntu,lxc,lxc,1:6.0.6-1,U1_TEMPLATE_VALUE_ONLY,/home/emrecan/github/ecylmz/unittrace/artifacts/full/roots/sources/ubuntu/lxc/6.0.6-1/lxc-6.0.6/config/init/systemd/lxc-monitord.service.in,1:6.0.6-1,27fbbe97d09cb684ffa12e47324ed7971682ab2d44a37075db7d23ff49d2e3e4,0,,NOT_APPLICABLE,exact basename or unique executable source mapping
https://linuxcontainers.org::lxc-net,https://linuxcontainers.org,arch,lxc,lxc,1:7.0.0-2,U1_TEMPLATE_VALUE_ONLY,/home/emrecan/github/ecylmz/unittrace/artifacts/full/roots/sources/arch/lxc/1:7.0.0-2/lxc-e4415af07e3ec291205bc828e2b4e8141f91a499/config/init/systemd/lxc-net.service.in,1:7.0.0-2,c15fddf7d5e11e2f9452a62ed44e0aa8e22947a6cc579d67e0d495f19e2b3b6c,0,,NOT_APPLICABLE,exact basename or unique executable source mapping
https://linuxcontainers.org::lxc-net,https://linuxcontainers.org,debian,lxc,lxc,1:6.0.4-4+deb13u3,U1_TEMPLATE_VALUE_ONLY,/home/emrecan/github/ecylmz/unittrace/artifacts/full/roots/sources/debian/lxc/6.0.4-4+deb13u3/lxc-6.0.4/config/init/systemd/lxc-net.service.in,1:6.0.4-4+deb13u3,c15fddf7d5e11e2f9452a62ed44e0aa8e22947a6cc579d67e0d495f19e2b3b6c,0,,NOT_APPLICABLE,exact basename or unique executable source mapping
https://linuxcontainers.org::lxc-net,https://linuxcontainers.org,ubuntu,lxc,lxc,1:6.0.6-1,U1_TEMPLATE_VALUE_ONLY,/home/emrecan/github/ecylmz/unittrace/artifacts/full/roots/sources/ubuntu/lxc/6.0.6-1/lxc-6.0.6/config/init/systemd/lxc-net.service.in,1:6.0.6-1,c15fddf7d5e11e2f9452a62ed44e0aa8e22947a6cc579d67e0d495f19e2b3b6c,0,,NOT_APPLICABLE,exact basename or unique executable source mapping
https://linuxcontainers.org::lxcfs,https://linuxcontainers.org,arch,lxcfs,lxcfs,7.0.0-2,U1_TEMPLATE_VALUE_ONLY,/home/emrecan/github/ecylmz/unittrace/artifacts/full/roots/sources/arch/lxcfs/7.0.0-2/lxcfs-0995aec6f046bb79589ce2a6a9453d371d74f24d/config/init/systemd/lxcfs.service.in,7.0.0-2,e77203d823a0c5f8987a188c8ca0f0ffec8a2b28dbcc0f89cd4063967a430a30,0,,NOT_APPLICABLE,exact basename or unique executable source mapping
https://linuxcontainers.org::lxcfs,https://linuxcontainers.org,debian,lxcfs,lxcfs,6.0.4-1+deb13u1,U1_TEMPLATE_VALUE_ONLY,/home/emrecan/github/ecylmz/unittrace/artifacts/full/roots/sources/debian/lxcfs/6.0.4-1+deb13u1/lxcfs-6.0.4/config/init/systemd/lxcfs.service.in,6.0.4-1+deb13u1,e77203d823a0c5f8987a188c8ca0f0ffec8a2b28dbcc0f89cd4063967a430a30,0,,NOT_APPLICABLE,exact basename or unique executable source mapping
https://linuxcontainers.org::lxcfs,https://linuxcontainers.org,ubuntu,lxcfs,lxcfs,6.0.5-2,U1_TEMPLATE_VALUE_ONLY,/home/emrecan/github/ecylmz/unittrace/artifacts/full/roots/sources/ubuntu/lxcfs/6.0.5-2/lxcfs-6.0.5/config/init/systemd/lxcfs.service.in,6.0.5-2,e77203d823a0c5f8987a188c8ca0f0ffec8a2b28dbcc0f89cd4063967a430a30,0,,NOT_APPLICABLE,exact basename or unique executable source mapping
https://location.ipfire.org::location,https://location.ipfire.org,fedora,libloc-tools,libloc,libloc-0.9.19-1.fc44.src.rpm,U1_TEMPLATE_VALUE_ONLY,/home/emrecan/github/ecylmz/unittrace/artifacts/full/roots/sources/fedora/libloc/libloc-0.9.19-1.fc44.src.rpm/libloc-0.9.19/src/systemd/location-update.service.in,libloc-0.9.19-1.fc44.src.rpm,aa6c8f0b0950d4e3282b0461d9310b101d1a4adbc9b1f0d14e73c3cc15fb1767,0,,NOT_APPLICABLE,exact basename or unique executable source mapping
https://location.ipfire.org::location,https://location.ipfire.org,ubuntu,location,libloc,0.9.18-3build3,U1_TEMPLATE_VALUE_ONLY,/home/emrecan/github/ecylmz/unittrace/artifacts/full/roots/sources/ubuntu/libloc/0.9.18-3build3/libloc-0.9.18/src/systemd/location-update.service.in,0.9.18-3build3,aa6c8f0b0950d4e3282b0461d9310b101d1a4adbc9b1f0d14e73c3cc15fb1767,0,,NOT_APPLICABLE,exact basename or unique executable source mapping
https://lttng.org::lttng-sessiond,https://lttng.org,debian,lttng-tools,ltt-control,2.13.15-2,U4_NO_UPSTREAM_STATIC_OR_TEMPLATE_UNIT,,2.13.15-2,,0,,NOT_APPLICABLE,complete pristine orig-tar inventory contained no service unit or template
https://lttng.org::lttng-sessiond,https://lttng.org,fedora,lttng-tools,lttng-tools,lttng-tools-2.14.0-5.fc44.src.rpm,U4_NO_UPSTREAM_STATIC_OR_TEMPLATE_UNIT,,lttng-tools-2.14.0-5.fc44.src.rpm,,0,,NOT_APPLICABLE,complete pristine orig-tar inventory contained no service unit or template
https://lttng.org::lttng-sessiond,https://lttng.org,ubuntu,lttng-tools,ltt-control,2.14.1-1build1,U4_NO_UPSTREAM_STATIC_OR_TEMPLATE_UNIT,,2.14.1-1build1,,0,,NOT_APPLICABLE,complete pristine orig-tar inventory contained no service unit or template
https://matt.ucc.asn.au/dropbear/dropbear.html::dropbear,https://matt.ucc.asn.au/dropbear/dropbear.html,fedora,dropbear,dropbear,dropbear-2025.89-3.fc44.src.rpm,U4_NO_UPSTREAM_STATIC_OR_TEMPLATE_UNIT,,dropbear-2025.89-3.fc44.src.rpm,,0,,NOT_APPLICABLE,complete pristine orig-tar inventory contained no service unit or template
https://matt.ucc.asn.au/dropbear/dropbear.html::dropbear,https://matt.ucc.asn.au/dropbear/dropbear.html,ubuntu,dropbear,dropbear,2025.89-1,U4_NO_UPSTREAM_STATIC_OR_TEMPLATE_UNIT,,2025.89-1,,0,,NOT_APPLICABLE,complete pristine orig-tar inventory contained no service unit or template
https://memcached.org::systemd-memcached-wrapper,https://memcached.org,debian,memcached,memcached,1.6.38-1,U1_TEMPLATE_VALUE_ONLY,/home/emrecan/github/ecylmz/unittrace/artifacts/full/roots/sources/debian/memcached/1.6.38-1/memcached-1.6.38/scripts/memcached.service,1.6.38-1,c9200b72f334ebea2993811385bd58411e3a10890b8b80ef74009b48208c6741,0,,NOT_APPLICABLE,exact basename or unique executable source mapping
https://memcached.org::systemd-memcached-wrapper,https://memcached.org,ubuntu,memcached,memcached,1.6.40-1,U1_TEMPLATE_VALUE_ONLY,/home/emrecan/github/ecylmz/unittrace/artifacts/full/roots/sources/ubuntu/memcached/1.6.40-1/memcached-1.6.40/scripts/memcached.service,1.6.40-1,c9200b72f334ebea2993811385bd58411e3a10890b8b80ef74009b48208c6741,0,,NOT_APPLICABLE,exact basename or unique executable source mapping
https://metalog.sourceforge.net::metalog,https://metalog.sourceforge.net,arch,metalog,metalog,20260221-1,U4_NO_UPSTREAM_STATIC_OR_TEMPLATE_UNIT,,20260221-1,,0,,NOT_APPLICABLE,complete pristine orig-tar inventory contained no service unit or template
https://metalog.sourceforge.net::metalog,https://metalog.sourceforge.net,ubuntu,metalog,metalog,20260105-1,U4_NO_UPSTREAM_STATIC_OR_TEMPLATE_UNIT,,20260105-1,,0,,NOT_APPLICABLE,complete pristine orig-tar inventory contained no service unit or template
https://mgetty.greenie.net::faxrunqd,https://mgetty.greenie.net,debian,mgetty-fax,mgetty,1.2.1-2,U0_STATIC,/home/emrecan/github/ecylmz/unittrace/artifacts/full/roots/sources/debian/mgetty/1.2.1-2/mgetty-1.2.1/distro/faxrunqd.service,1.2.1-2,cad5626e4c5738f4e0847eefdbf53f9b581c5f63135b3d4416f786bca3140682,0,,NOT_APPLICABLE,exact basename or unique executable source mapping
https://mgetty.greenie.net::faxrunqd,https://mgetty.greenie.net,fedora,mgetty-sendfax,mgetty,mgetty-1.2.1-27.fc44.src.rpm,U0_STATIC,/home/emrecan/github/ecylmz/unittrace/artifacts/full/roots/sources/fedora/mgetty/mgetty-1.2.1-27.fc44.src.rpm/mgetty-1.2.1/distro/faxrunqd.service,mgetty-1.2.1-27.fc44.src.rpm,cad5626e4c5738f4e0847eefdbf53f9b581c5f63135b3d4416f786bca3140682,0,,NOT_APPLICABLE,exact basename or unique executable source mapping
https://mgetty.greenie.net::faxrunqd,https://mgetty.greenie.net,ubuntu,mgetty-fax,mgetty,1.2.1-5,U0_STATIC,/home/emrecan/github/ecylmz/unittrace/artifacts/full/roots/sources/ubuntu/mgetty/1.2.1-5/mgetty-1.2.1/distro/faxrunqd.service,1.2.1-5,cad5626e4c5738f4e0847eefdbf53f9b581c5f63135b3d4416f786bca3140682,0,,NOT_APPLICABLE,exact basename or unique executable source mapping
https://miniflux.app::miniflux,https://miniflux.app,arch,miniflux,miniflux,2.3.3-1,U0_STATIC,/home/emrecan/github/ecylmz/unittrace/artifacts/full/roots/sources/arch/miniflux/2.3.3-1/v2-c4d54f87a81b30aa173fddf05d7ff83ae7da5796/packaging/systemd/miniflux.service,2.3.3-1,ad61edbd03dc6e9392de26cb53608c6587b3746c37fb47c09e34a963a41bc2b1,0,,NOT_APPLICABLE,exact basename or unique executable source mapping
https://miniflux.app::miniflux,https://miniflux.app,debian,miniflux,miniflux,2.2.6-1,U0_STATIC,/home/emrecan/github/ecylmz/unittrace/artifacts/full/roots/sources/debian/miniflux/2.2.6-1/v2-2.2.6/packaging/systemd/miniflux.service,2.2.6-1,ad61edbd03dc6e9392de26cb53608c6587b3746c37fb47c09e34a963a41bc2b1,0,,NOT_APPLICABLE,exact basename or unique executable source mapping
https://miniflux.app::miniflux,https://miniflux.app,ubuntu,miniflux,miniflux,2.2.16-2,U0_STATIC,/home/emrecan/github/ecylmz/unittrace/artifacts/full/roots/sources/ubuntu/miniflux/2.2.16-2/v2-2.2.16/packaging/systemd/miniflux.service,2.2.16-2,ad61edbd03dc6e9392de26cb53608c6587b3746c37fb47c09e34a963a41bc2b1,0,,NOT_APPLICABLE,exact basename or unique executable source mapping
https://miniupnp.tuxfamily.org::miniupnpd,https://miniupnp.tuxfamily.org,arch,miniupnpd,miniupnpd,2.3.10-1,U5_AMBIGUOUS_OR_UNRESOLVED,,2.3.10-1,,0,,NOT_ATTEMPTED,"no unique upstream artifact; candidates=2, executable_candidates=2"
https://miniupnp.tuxfamily.org::miniupnpd,https://miniupnp.tuxfamily.org,fedora,miniupnpd,miniupnpd,miniupnpd-2.3.10-1.fc44.src.rpm,U5_AMBIGUOUS_OR_UNRESOLVED,,miniupnpd-2.3.10-1.fc44.src.rpm,,0,,NOT_ATTEMPTED,"no unique upstream artifact; candidates=2, executable_candidates=2"
https://miniupnp.tuxfamily.org::miniupnpd,https://miniupnp.tuxfamily.org,ubuntu,miniupnpd,miniupnpd,2.3.9-2build1,U5_AMBIGUOUS_OR_UNRESOLVED,,2.3.9-2build1,,0,,NOT_ATTEMPTED,"no unique upstream artifact; candidates=2, executable_candidates=2"
https://mmonit.com/monit::monit,https://mmonit.com/monit,arch,monit,monit,6.0.0-1,U5_AMBIGUOUS_OR_UNRESOLVED,,6.0.0-1,,0,,NOT_ATTEMPTED,ambiguous exact artifacts=2
https://mmonit.com/monit::monit,https://mmonit.com/monit,debian,monit,monit,1:5.34.3-1,U5_AMBIGUOUS_OR_UNRESOLVED,,1:5.34.3-1,,0,,NOT_ATTEMPTED,ambiguous exact artifacts=2
https://mmonit.com/monit::monit,https://mmonit.com/monit,fedora,monit,monit,monit-6.0.0-1.fc44.src.rpm,U5_AMBIGUOUS_OR_UNRESOLVED,,monit-6.0.0-1.fc44.src.rpm,,0,,NOT_ATTEMPTED,ambiguous exact artifacts=2
https://mmonit.com/monit::monit,https://mmonit.com/monit,ubuntu,monit,monit,1:5.35.2-3,U5_AMBIGUOUS_OR_UNRESOLVED,,1:5.35.2-3,,0,,NOT_ATTEMPTED,ambiguous exact artifacts=2
https://mopidy.com::mopidy,https://mopidy.com,fedora,mopidy,mopidy,mopidy-4.0.0~a15-1.fc44.src.rpm,U0_STATIC,/home/emrecan/github/ecylmz/unittrace/artifacts/full/roots/sources/fedora/mopidy/mopidy-4.0.0~a15-1.fc44.src.rpm/mopidy-4.0.0a15/extra/systemd/mopidy.service,mopidy-4.0.0~a15-1.fc44.src.rpm,554ef932c8f18d8adbfc5bbe01888d70c288516c650c18d12047a202141cb056,0,,NOT_APPLICABLE,exact basename or unique executable source mapping
https://mopidy.com::mopidy,https://mopidy.com,ubuntu,mopidy,mopidy,3.4.2-6,U0_STATIC,/home/emrecan/github/ecylmz/unittrace/artifacts/full/roots/sources/ubuntu/mopidy/3.4.2-6/Mopidy-3.4.2/extra/systemd/mopidy.service,3.4.2-6,11c3d48a6b1d812b71ecb00fc94f896cd821d96be3c52a044513fc85005099ce,0,,NOT_APPLICABLE,exact basename or unique executable source mapping
https://mosquitto.org::mosquitto,https://mosquitto.org,arch,mosquitto,mosquitto,2.1.2-2,U4_NO_UPSTREAM_STATIC_OR_TEMPLATE_UNIT,,2.1.2-2,,0,,NOT_APPLICABLE,complete pristine orig-tar inventory contained no service unit or template
https://mosquitto.org::mosquitto,https://mosquitto.org,debian,mosquitto,mosquitto,2.0.21-1,U4_NO_UPSTREAM_STATIC_OR_TEMPLATE_UNIT,,2.0.21-1,,0,,NOT_APPLICABLE,complete pristine orig-tar inventory contained no service unit or template
https://mosquitto.org::mosquitto,https://mosquitto.org,fedora,mosquitto,mosquitto,mosquitto-2.1.2-2.fc44.src.rpm,U4_NO_UPSTREAM_STATIC_OR_TEMPLATE_UNIT,,mosquitto-2.1.2-2.fc44.src.rpm,,0,,NOT_APPLICABLE,complete pristine orig-tar inventory contained no service unit or template
https://mosquitto.org::mosquitto,https://mosquitto.org,ubuntu,mosquitto,mosquitto,2.0.22-5build1,U4_NO_UPSTREAM_STATIC_OR_TEMPLATE_UNIT,,2.0.22-5build1,,0,,NOT_APPLICABLE,complete pristine orig-tar inventory contained no service unit or template
https://motion-project.github.io::motion,https://motion-project.github.io,arch,motion,motion,4.7.1-2,U1_TEMPLATE_VALUE_ONLY,/home/emrecan/github/ecylmz/unittrace/artifacts/full/roots/sources/arch/motion/4.7.1-2/motion-release-4.7.1/data/motion.service.in,4.7.1-2,375a7389cf3954c9fb42ca6f33110d8933cfad602bd746f0cb57aabf7d6716b9,0,,NOT_APPLICABLE,exact basename or unique executable source mapping
https://motion-project.github.io::motion,https://motion-project.github.io,debian,motion,motion,4.7.0-3,U1_TEMPLATE_VALUE_ONLY,/home/emrecan/github/ecylmz/unittrace/artifacts/full/roots/sources/debian/motion/4.7.0-3/motion-release-4.7.0/data/motion.service.in,4.7.0-3,375a7389cf3954c9fb42ca6f33110d8933cfad602bd746f0cb57aabf7d6716b9,0,,NOT_APPLICABLE,exact basename or unique executable source mapping
https://motion-project.github.io::motion,https://motion-project.github.io,ubuntu,motion,motion,4.7.1-1build1,U1_TEMPLATE_VALUE_ONLY,/home/emrecan/github/ecylmz/unittrace/artifacts/full/roots/sources/ubuntu/motion/4.7.1-1build1/motion-release-4.7.1/data/motion.service.in,4.7.1-1build1,375a7389cf3954c9fb42ca6f33110d8933cfad602bd746f0cb57aabf7d6716b9,0,,NOT_APPLICABLE,exact basename or unique executable source mapping
https://munin-monitoring.org::munin-asyncd,https://munin-monitoring.org,arch,munin-node,munin,2.0.76-1,U4_NO_UPSTREAM_STATIC_OR_TEMPLATE_UNIT,,2.0.76-1,,0,,NOT_APPLICABLE,complete pristine orig-tar inventory contained no service unit or template
https://munin-monitoring.org::munin-asyncd,https://munin-monitoring.org,fedora,munin-node,munin,munin-2.0.76-9.fc44.src.rpm,U4_NO_UPSTREAM_STATIC_OR_TEMPLATE_UNIT,,munin-2.0.76-9.fc44.src.rpm,,0,,NOT_APPLICABLE,complete pristine orig-tar inventory contained no service unit or template
https://munin-monitoring.org::munin-asyncd,https://munin-monitoring.org,ubuntu,munin-async,munin,2.0.76-5ubuntu1,U4_NO_UPSTREAM_STATIC_OR_TEMPLATE_UNIT,,2.0.76-5ubuntu1,,0,,NOT_APPLICABLE,complete pristine orig-tar inventory contained no service unit or template
https://munin-monitoring.org::munin-cgi-graph,https://munin-monitoring.org,arch,munin,munin,2.0.76-1,U4_NO_UPSTREAM_STATIC_OR_TEMPLATE_UNIT,,2.0.76-1,,0,,NOT_APPLICABLE,complete pristine orig-tar inventory contained no service unit or template
https://munin-monitoring.org::munin-cgi-graph,https://munin-monitoring.org,fedora,munin-cgi,munin,munin-2.0.76-9.fc44.src.rpm,U4_NO_UPSTREAM_STATIC_OR_TEMPLATE_UNIT,,munin-2.0.76-9.fc44.src.rpm,,0,,NOT_APPLICABLE,complete pristine orig-tar inventory contained no service unit or template
https://munin-monitoring.org::munin-cgi-html,https://munin-monitoring.org,arch,munin,munin,2.0.76-1,U4_NO_UPSTREAM_STATIC_OR_TEMPLATE_UNIT,,2.0.76-1,,0,,NOT_APPLICABLE,complete pristine orig-tar inventory contained no service unit or template
https://munin-monitoring.org::munin-cgi-html,https://munin-monitoring.org,fedora,munin-cgi,munin,munin-2.0.76-9.fc44.src.rpm,U4_NO_UPSTREAM_STATIC_OR_TEMPLATE_UNIT,,munin-2.0.76-9.fc44.src.rpm,,0,,NOT_APPLICABLE,complete pristine orig-tar inventory contained no service unit or template
https://munin-monitoring.org::munin-node,https://munin-monitoring.org,arch,munin-node,munin,2.0.76-1,U4_NO_UPSTREAM_STATIC_OR_TEMPLATE_UNIT,,2.0.76-1,,0,,NOT_APPLICABLE,complete pristine orig-tar inventory contained no service unit or template
https://munin-monitoring.org::munin-node,https://munin-monitoring.org,fedora,munin-node,munin,munin-2.0.76-9.fc44.src.rpm,U4_NO_UPSTREAM_STATIC_OR_TEMPLATE_UNIT,,munin-2.0.76-9.fc44.src.rpm,,0,,NOT_APPLICABLE,complete pristine orig-tar inventory contained no service unit or template
https://munin-monitoring.org::munin-node,https://munin-monitoring.org,ubuntu,munin-node,munin,2.0.76-5ubuntu1,U4_NO_UPSTREAM_STATIC_OR_TEMPLATE_UNIT,,2.0.76-5ubuntu1,,0,,NOT_APPLICABLE,complete pristine orig-tar inventory contained no service unit or template
https://net-snmp.sourceforge.net::snmpd,https://net-snmp.sourceforge.net,debian,snmpd,net-snmp,5.9.4+dfsg-2+deb13u1,U0_STATIC,/home/emrecan/github/ecylmz/unittrace/artifacts/full/roots/sources/debian/net-snmp/5.9.4+dfsg-2+deb13u1/net-snmp-5.9.4/dist/snmpd.service,5.9.4+dfsg-2+deb13u1,83c7d7cc121e54bba6925529b2d422a26cc9fc59fe729c1a5e32f9d35f411b31,0,,NOT_APPLICABLE,exact basename or unique executable source mapping
https://net-snmp.sourceforge.net::snmpd,https://net-snmp.sourceforge.net,fedora,net-snmp,net-snmp,net-snmp-5.9.5.2-4.fc44.src.rpm,U0_STATIC,/home/emrecan/github/ecylmz/unittrace/artifacts/full/roots/sources/fedora/net-snmp/net-snmp-5.9.5.2-4.fc44.src.rpm/net-snmp-5.9.5.2/dist/snmpd.service,net-snmp-5.9.5.2-4.fc44.src.rpm,7ac20f686952ef6fedff3c9f7767047c21fbd84a1d7371ac067e1ec6e75b5fe9,0,,NOT_APPLICABLE,exact basename or unique executable source mapping
https://net-snmp.sourceforge.net::snmpd,https://net-snmp.sourceforge.net,ubuntu,snmpd,net-snmp,5.9.4+dfsg-2ubuntu3,U0_STATIC,/home/emrecan/github/ecylmz/unittrace/artifacts/full/roots/sources/ubuntu/net-snmp/5.9.4+dfsg-2ubuntu3/net-snmp-5.9.4/dist/snmpd.service,5.9.4+dfsg-2ubuntu3,83c7d7cc121e54bba6925529b2d422a26cc9fc59fe729c1a5e32f9d35f411b31,0,,NOT_APPLICABLE,exact basename or unique executable source mapping
https://net-snmp.sourceforge.net::snmptrapd,https://net-snmp.sourceforge.net,debian,snmptrapd,net-snmp,5.9.4+dfsg-2+deb13u1,U0_STATIC,/home/emrecan/github/ecylmz/unittrace/artifacts/full/roots/sources/debian/net-snmp/5.9.4+dfsg-2+deb13u1/net-snmp-5.9.4/dist/snmptrapd.service,5.9.4+dfsg-2+deb13u1,30a92d5335b593353d4b8d38e0ea237c467020b1d3952f5460d88ebad611a8a5,0,,NOT_APPLICABLE,exact basename or unique executable source mapping
https://net-snmp.sourceforge.net::snmptrapd,https://net-snmp.sourceforge.net,fedora,net-snmp,net-snmp,net-snmp-5.9.5.2-4.fc44.src.rpm,U0_STATIC,/home/emrecan/github/ecylmz/unittrace/artifacts/full/roots/sources/fedora/net-snmp/net-snmp-5.9.5.2-4.fc44.src.rpm/net-snmp-5.9.5.2/dist/snmptrapd.service,net-snmp-5.9.5.2-4.fc44.src.rpm,5e5b4ba56924ef2a825c2dcbdf4a7c38f17cf38adadbc47026142ae3dee9e76c,0,,NOT_APPLICABLE,exact basename or unique executable source mapping
https://net-snmp.sourceforge.net::snmptrapd,https://net-snmp.sourceforge.net,ubuntu,snmptrapd,net-snmp,5.9.4+dfsg-2ubuntu3,U0_STATIC,/home/emrecan/github/ecylmz/unittrace/artifacts/full/roots/sources/ubuntu/net-snmp/5.9.4+dfsg-2ubuntu3/net-snmp-5.9.4/dist/snmptrapd.service,5.9.4+dfsg-2ubuntu3,30a92d5335b593353d4b8d38e0ea237c467020b1d3952f5460d88ebad611a8a5,0,,NOT_APPLICABLE,exact basename or unique executable source mapping
https://netfilter.org/projects/nftables::nft,https://netfilter.org/projects/nftables,arch,nftables,nftables,1:1.1.6-3,U5_AMBIGUOUS_OR_UNRESOLVED,,1:1.1.6-3,,0,,NOT_ATTEMPTED,pristine source unavailable
https://netfilter.org/projects/nftables::nft,https://netfilter.org/projects/nftables,fedora,nftables-services,nftables,nftables-1.1.6-2.fc44.src.rpm,U1_TEMPLATE_VALUE_ONLY,/home/emrecan/github/ecylmz/unittrace/artifacts/full/roots/sources/fedora/nftables/nftables-1.1.6-2.fc44.src.rpm/nftables-1.1.6/tools/nftables.service.in,nftables-1.1.6-2.fc44.src.rpm,8792e83ad575c26318c99469fc731086e63787b4f8655352dd97978910e41410,0,,NOT_APPLICABLE,exact basename or unique executable source mapping
https://netplan.io::configure,https://netplan.io,fedora,netplan,netplan,netplan-1.2.1-2.fc44.src.rpm,U0_STATIC,/home/emrecan/github/ecylmz/unittrace/artifacts/full/roots/sources/fedora/netplan/netplan-1.2.1-2.fc44.src.rpm/netplan-1.2.1/netplan-configure.service,netplan-1.2.1-2.fc44.src.rpm,6326d4710f4f6091accb0f659e60433cabee5557287acc152b08ec532e46b550,0,,NOT_APPLICABLE,exact basename or unique executable source mapping
https://netplan.io::configure,https://netplan.io,ubuntu,netplan-generator,netplan.io,1.2-1ubuntu5,U0_STATIC,/home/emrecan/github/ecylmz/unittrace/artifacts/full/roots/sources/ubuntu/netplan.io/1.2-1ubuntu5/netplan-1.2/netplan-configure.service,1.2-1ubuntu5,6326d4710f4f6091accb0f659e60433cabee5557287acc152b08ec532e46b550,0,,NOT_APPLICABLE,exact basename or unique executable source mapping
https://networkmanager.dev::nm-cloud-setup,https://networkmanager.dev,arch,nm-cloud-setup,networkmanager,1.58.0-1,U1_TEMPLATE_VALUE_ONLY,/home/emrecan/github/ecylmz/unittrace/artifacts/full/roots/sources/arch/networkmanager/1.58.0-1/NetworkManager-61302aac7f2e7411f3b42159544926484eacd37e/src/nm-cloud-setup/nm-cloud-setup.service.in,1.58.0-1,1b7c0212aad30e382a0e3273558c96399e3d8a5bdbd20b2b7773b2ddeccef352,0,,NOT_APPLICABLE,exact basename or unique executable source mapping
https://networkmanager.dev::nm-cloud-setup,https://networkmanager.dev,fedora,NetworkManager-cloud-setup,NetworkManager,NetworkManager-1.56.1-2.fc44.src.rpm,U1_TEMPLATE_VALUE_ONLY,/home/emrecan/github/ecylmz/unittrace/artifacts/full/roots/sources/fedora/NetworkManager/NetworkManager-1.56.1-2.fc44.src.rpm/NetworkManager-1.56.1/src/nm-cloud-setup/nm-cloud-setup.service.in,NetworkManager-1.56.1-2.fc44.src.rpm,1b7c0212aad30e382a0e3273558c96399e3d8a5bdbd20b2b7773b2ddeccef352,0,,NOT_APPLICABLE,exact basename or unique executable source mapping
https://networkmanager.dev::nm-dispatcher,https://networkmanager.dev,arch,networkmanager,networkmanager,1.58.0-1,U1_TEMPLATE_VALUE_ONLY,/home/emrecan/github/ecylmz/unittrace/artifacts/full/roots/sources/arch/networkmanager/1.58.0-1/NetworkManager-61302aac7f2e7411f3b42159544926484eacd37e/data/NetworkManager-dispatcher.service.in,1.58.0-1,c1f33e688e23a41ed3ed5655900b5b966ba87ec59192bede178feaa5b6b5e32a,0,,NOT_APPLICABLE,exact basename or unique executable source mapping
https://networkmanager.dev::nm-dispatcher,https://networkmanager.dev,debian,network-manager,network-manager,1.52.1-1,U1_TEMPLATE_VALUE_ONLY,/home/emrecan/github/ecylmz/unittrace/artifacts/full/roots/sources/debian/network-manager/1.52.1-1/NetworkManager-1.52.1/data/NetworkManager-dispatcher.service.in,1.52.1-1,c1f33e688e23a41ed3ed5655900b5b966ba87ec59192bede178feaa5b6b5e32a,0,,NOT_APPLICABLE,exact basename or unique executable source mapping
https://networkmanager.dev::nm-dispatcher,https://networkmanager.dev,fedora,NetworkManager,NetworkManager,NetworkManager-1.56.1-2.fc44.src.rpm,U1_TEMPLATE_VALUE_ONLY,/home/emrecan/github/ecylmz/unittrace/artifacts/full/roots/sources/fedora/NetworkManager/NetworkManager-1.56.1-2.fc44.src.rpm/NetworkManager-1.56.1/data/NetworkManager-dispatcher.service.in,NetworkManager-1.56.1-2.fc44.src.rpm,c1f33e688e23a41ed3ed5655900b5b966ba87ec59192bede178feaa5b6b5e32a,0,,NOT_APPLICABLE,exact basename or unique executable source mapping
https://networkmanager.dev::nm-dispatcher,https://networkmanager.dev,ubuntu,network-manager,network-manager,1.54.3-2ubuntu3,U1_TEMPLATE_VALUE_ONLY,/home/emrecan/github/ecylmz/unittrace/artifacts/full/roots/sources/ubuntu/network-manager/1.54.3-2ubuntu3/NetworkManager-1.54.3/data/NetworkManager-dispatcher.service.in,1.54.3-2ubuntu3,c1f33e688e23a41ed3ed5655900b5b966ba87ec59192bede178feaa5b6b5e32a,0,,NOT_APPLICABLE,exact basename or unique executable source mapping
https://networkmanager.dev::nm-priv-helper,https://networkmanager.dev,arch,networkmanager,networkmanager,1.58.0-1,U1_TEMPLATE_VALUE_ONLY,/home/emrecan/github/ecylmz/unittrace/artifacts/full/roots/sources/arch/networkmanager/1.58.0-1/NetworkManager-61302aac7f2e7411f3b42159544926484eacd37e/data/nm-priv-helper.service.in,1.58.0-1,a49665a59c4445972b497b4d93b5b3a49dcb495edddec8e4f6fc53d953e88628,0,,NOT_APPLICABLE,exact basename or unique executable source mapping
https://networkmanager.dev::nm-priv-helper,https://networkmanager.dev,debian,network-manager,network-manager,1.52.1-1,U1_TEMPLATE_VALUE_ONLY,/home/emrecan/github/ecylmz/unittrace/artifacts/full/roots/sources/debian/network-manager/1.52.1-1/NetworkManager-1.52.1/data/nm-priv-helper.service.in,1.52.1-1,72f1c039516955438af1df533221d835357d58686a255e3cf159312ece104a32,0,,NOT_APPLICABLE,exact basename or unique executable source mapping
https://networkmanager.dev::nm-priv-helper,https://networkmanager.dev,fedora,NetworkManager,NetworkManager,NetworkManager-1.56.1-2.fc44.src.rpm,U1_TEMPLATE_VALUE_ONLY,/home/emrecan/github/ecylmz/unittrace/artifacts/full/roots/sources/fedora/NetworkManager/NetworkManager-1.56.1-2.fc44.src.rpm/NetworkManager-1.56.1/data/nm-priv-helper.service.in,NetworkManager-1.56.1-2.fc44.src.rpm,a49665a59c4445972b497b4d93b5b3a49dcb495edddec8e4f6fc53d953e88628,0,,NOT_APPLICABLE,exact basename or unique executable source mapping
https://networkmanager.dev::nm-priv-helper,https://networkmanager.dev,ubuntu,network-manager,network-manager,1.54.3-2ubuntu3,U1_TEMPLATE_VALUE_ONLY,/home/emrecan/github/ecylmz/unittrace/artifacts/full/roots/sources/ubuntu/network-manager/1.54.3-2ubuntu3/NetworkManager-1.54.3/data/nm-priv-helper.service.in,1.54.3-2ubuntu3,a49665a59c4445972b497b4d93b5b3a49dcb495edddec8e4f6fc53d953e88628,0,,NOT_APPLICABLE,exact basename or unique executable source mapping
https://networkupstools.org::systemctl,https://networkupstools.org,arch,nut,nut,2.8.5-2,U1_TEMPLATE_VALUE_ONLY,/home/emrecan/github/ecylmz/unittrace/artifacts/full/roots/sources/arch/nut/2.8.5-2/nut-0e051f9f6853e9ae0087b388b70840c9651a5eed/scripts/systemd/nut-driver-enumerator-daemon-activator.service.in,2.8.5-2,58460676428f4e2167662d5d161fb7234e5e5ae483805d14c17da421554f0679,0,,NOT_APPLICABLE,exact basename or unique executable source mapping
https://networkupstools.org::systemctl,https://networkupstools.org,ubuntu,nut-server,nut,2.8.4+really-2,U1_TEMPLATE_VALUE_ONLY,/home/emrecan/github/ecylmz/unittrace/artifacts/full/roots/sources/ubuntu/nut/2.8.4+really-2/nut-2.8.4/scripts/systemd/nut-driver-enumerator-daemon-activator.service.in,2.8.4+really-2,21c2a46f28fcabb1b401054d2ad68bc1f658918769bb4c59c6a0a93dc227a763,0,,NOT_APPLICABLE,exact basename or unique executable source mapping
https://networkupstools.org::udevadm,https://networkupstools.org,arch,nut,nut,2.8.5-2,U1_TEMPLATE_VALUE_ONLY,/home/emrecan/github/ecylmz/unittrace/artifacts/full/roots/sources/arch/nut/2.8.5-2/nut-0e051f9f6853e9ae0087b388b70840c9651a5eed/scripts/systemd/nut-udev-settle.service.in,2.8.5-2,8bb9c7751771c37ea3aad1490b9f7b29833cac637582ff318dd6b304f9ce90a4,0,,NOT_APPLICABLE,exact basename or unique executable source mapping
https://networkupstools.org::udevadm,https://networkupstools.org,ubuntu,nut-server,nut,2.8.4+really-2,U0_STATIC,/home/emrecan/github/ecylmz/unittrace/artifacts/full/roots/sources/ubuntu/nut/2.8.4+really-2/nut-2.8.4/scripts/systemd/nut-udev-settle.service,2.8.4+really-2,25bc05921e99a33d754fcbf54665f06af59a42f6f4c2fe4978c29a32ad852169,0,,NOT_APPLICABLE,exact basename or unique executable source mapping
https://networkupstools.org::upsd,https://networkupstools.org,arch,nut,nut,2.8.5-2,U2_TEMPLATE_STRUCTURAL,/home/emrecan/github/ecylmz/unittrace/artifacts/full/roots/sources/arch/nut/2.8.5-2/nut-0e051f9f6853e9ae0087b388b70840c9651a5eed/scripts/systemd/nut-server.service.in,2.8.5-2,166ef80dabaea3c9a89cca459145d674533c2fd32604fff432d431f482de761d,2,,NOT_APPLICABLE,exact basename or unique executable source mapping
https://networkupstools.org::upsd,https://networkupstools.org,debian,nut-server,nut,2.8.1-5,U2_TEMPLATE_STRUCTURAL,/home/emrecan/github/ecylmz/unittrace/artifacts/full/roots/sources/debian/nut/2.8.1-5/nut-2.8.1/scripts/systemd/nut-server.service.in,2.8.1-5,a4cc9232ddaa5edc9b87143ffe14a93f960a35de6bb515677b83641666ee088b,2,,NOT_APPLICABLE,exact basename or unique executable source mapping
https://networkupstools.org::upsd,https://networkupstools.org,ubuntu,nut-server,nut,2.8.4+really-2,U2_TEMPLATE_STRUCTURAL,/home/emrecan/github/ecylmz/unittrace/artifacts/full/roots/sources/ubuntu/nut/2.8.4+really-2/nut-2.8.4/scripts/systemd/nut-server.service.in,2.8.4+really-2,47fe417bfa2bb3c85d0de07914c04370384aaaac714f3adf671b8e1f5df8b94b,2,,NOT_APPLICABLE,exact basename or unique executable source mapping
https://networkupstools.org::upslog,https://networkupstools.org,arch,nut,nut,2.8.5-2,U2_TEMPLATE_STRUCTURAL,/home/emrecan/github/ecylmz/unittrace/artifacts/full/roots/sources/arch/nut/2.8.5-2/nut-0e051f9f6853e9ae0087b388b70840c9651a5eed/scripts/systemd/nut-logger.service.in,2.8.5-2,a2b7d330285c8749ee7f67d7fd18eadf64cb562602bcbd90460047ad0f6f84fe,2,,NOT_APPLICABLE,exact basename or unique executable source mapping
https://networkupstools.org::upslog,https://networkupstools.org,ubuntu,nut-client,nut,2.8.4+really-2,U2_TEMPLATE_STRUCTURAL,/home/emrecan/github/ecylmz/unittrace/artifacts/full/roots/sources/ubuntu/nut/2.8.4+really-2/nut-2.8.4/scripts/systemd/nut-logger.service.in,2.8.4+really-2,02d0ef1773da63709972d178f9448df0a8bec1da09c64edf37065a143c82b758,2,,NOT_APPLICABLE,exact basename or unique executable source mapping
https://networkupstools.org::upsmon,https://networkupstools.org,arch,nut,nut,2.8.5-2,U2_TEMPLATE_STRUCTURAL,/home/emrecan/github/ecylmz/unittrace/artifacts/full/roots/sources/arch/nut/2.8.5-2/nut-0e051f9f6853e9ae0087b388b70840c9651a5eed/scripts/systemd/nut-monitor.service.in,2.8.5-2,2d679337f9a3ce6212b1b3ed41076e7d7eced520c863a5c526ab2baa7835ec22,3,,NOT_APPLICABLE,exact basename or unique executable source mapping
https://networkupstools.org::upsmon,https://networkupstools.org,debian,nut-client,nut,2.8.1-5,U2_TEMPLATE_STRUCTURAL,/home/emrecan/github/ecylmz/unittrace/artifacts/full/roots/sources/debian/nut/2.8.1-5/nut-2.8.1/scripts/systemd/nut-monitor.service.in,2.8.1-5,b15d82fcb60fec19df26d41ff26cbc0f23e8e6a249280b3dc19812e5abf1d302,2,,NOT_APPLICABLE,exact basename or unique executable source mapping
https://networkupstools.org::upsmon,https://networkupstools.org,ubuntu,nut-client,nut,2.8.4+really-2,U2_TEMPLATE_STRUCTURAL,/home/emrecan/github/ecylmz/unittrace/artifacts/full/roots/sources/ubuntu/nut/2.8.4+really-2/nut-2.8.4/scripts/systemd/nut-monitor.service.in,2.8.4+really-2,d20f2680130d79eebaffa5609f59652c92cc9f08147a2b35016892030abaf682,2,,NOT_APPLICABLE,exact basename or unique executable source mapping
https://nghttp2.org::nghttpx,https://nghttp2.org,debian,nghttp2-proxy,nghttp2,1.64.0-1.1+deb13u1,U1_TEMPLATE_VALUE_ONLY,/home/emrecan/github/ecylmz/unittrace/artifacts/full/roots/sources/debian/nghttp2/1.64.0-1.1+deb13u1/nghttp2-1.64.0/contrib/nghttpx.service.in,1.64.0-1.1+deb13u1,5df2963dca3d8de8deb7cda6c95e26a0b4346c5949178da3b7f945c8612894ca,0,,NOT_APPLICABLE,exact basename or unique executable source mapping
https://nghttp2.org::nghttpx,https://nghttp2.org,fedora,nghttp2,nghttp2,nghttp2-1.68.0-5.fc44.src.rpm,U1_TEMPLATE_VALUE_ONLY,/home/emrecan/github/ecylmz/unittrace/artifacts/full/roots/sources/fedora/nghttp2/nghttp2-1.68.0-5.fc44.src.rpm/nghttp2-1.68.0/contrib/nghttpx.service.in,nghttp2-1.68.0-5.fc44.src.rpm,5df2963dca3d8de8deb7cda6c95e26a0b4346c5949178da3b7f945c8612894ca,0,,NOT_APPLICABLE,exact basename or unique executable source mapping
https://nghttp2.org::nghttpx,https://nghttp2.org,ubuntu,nghttp2-proxy,nghttp2,1.68.0-2,U1_TEMPLATE_VALUE_ONLY,/home/emrecan/github/ecylmz/unittrace/artifacts/full/roots/sources/ubuntu/nghttp2/1.68.0-2/nghttp2-1.68.0/contrib/nghttpx.service.in,1.68.0-2,5df2963dca3d8de8deb7cda6c95e26a0b4346c5949178da3b7f945c8612894ca,0,,NOT_APPLICABLE,exact basename or unique executable source mapping
https://ngircd.barton.de::ngircd,https://ngircd.barton.de,debian,ngircd,ngircd,27-2,U1_TEMPLATE_VALUE_ONLY,/home/emrecan/github/ecylmz/unittrace/artifacts/full/roots/sources/debian/ngircd/27-2/ngircd-27/contrib/ngircd.service,27-2,c8a6d3cd53eaeb0860b54347e2c93c6ef118bcb928245d4019db73f3a8b71cf1,0,,NOT_APPLICABLE,exact basename or unique executable source mapping
https://ngircd.barton.de::ngircd,https://ngircd.barton.de,fedora,ngircd,ngircd,ngircd-28-1.fc44.src.rpm,U1_TEMPLATE_VALUE_ONLY,/home/emrecan/github/ecylmz/unittrace/artifacts/full/roots/sources/fedora/ngircd/ngircd-28-1.fc44.src.rpm/ngircd-28/contrib/ngircd.service,ngircd-28-1.fc44.src.rpm,c8a6d3cd53eaeb0860b54347e2c93c6ef118bcb928245d4019db73f3a8b71cf1,0,,NOT_APPLICABLE,exact basename or unique executable source mapping
https://ngircd.barton.de::ngircd,https://ngircd.barton.de,ubuntu,ngircd,ngircd,27-2build1,U1_TEMPLATE_VALUE_ONLY,/home/emrecan/github/ecylmz/unittrace/artifacts/full/roots/sources/ubuntu/ngircd/27-2build1/ngircd-27/contrib/ngircd.service,27-2build1,c8a6d3cd53eaeb0860b54347e2c93c6ef118bcb928245d4019db73f3a8b71cf1,0,,NOT_APPLICABLE,exact basename or unique executable source mapping
https://nixos.org/nix::nix-daemon,https://nixos.org/nix,arch,nix,nix,2.35.1-3,U1_TEMPLATE_VALUE_ONLY,/home/emrecan/github/ecylmz/unittrace/artifacts/full/roots/sources/arch/nix/2.35.1-3/nix-85855aacbf5659dd85a8a290c2532d5dc6196555/misc/systemd/nix-daemon.service.in,2.35.1-3,aa4dc1ae0ba56c6b87b3e3566d7c073056466faa675332a6f988273728647c8d,0,,NOT_APPLICABLE,exact basename or unique executable source mapping
https://nixos.org/nix::nix-daemon,https://nixos.org/nix,ubuntu,nix-setup-systemd,nix,2.34.3+dfsg-1,U1_TEMPLATE_VALUE_ONLY,/home/emrecan/github/ecylmz/unittrace/artifacts/full/roots/sources/ubuntu/nix/2.34.3+dfsg-1/NixOS-nix-beabd7a/misc/systemd/nix-daemon.service.in,2.34.3+dfsg-1,aa4dc1ae0ba56c6b87b3e3566d7c073056466faa675332a6f988273728647c8d,0,,NOT_APPLICABLE,exact basename or unique executable source mapping
https://oidentd.janikrabe.com::sh,https://oidentd.janikrabe.com,debian,oidentd,oidentd,3.1.0-1,U1_TEMPLATE_VALUE_ONLY,/home/emrecan/github/ecylmz/unittrace/artifacts/full/roots/sources/debian/oidentd/3.1.0-1/oidentd-3.1.0/contrib/systemd/oidentd.service,3.1.0-1,6916ec7c413b82f0e259858fa8c5cbf455af6b0a57862716fdf8157918f09983,0,,NOT_APPLICABLE,exact basename or unique executable source mapping
https://oidentd.janikrabe.com::sh,https://oidentd.janikrabe.com,ubuntu,oidentd,oidentd,3.1.0-1build1,U1_TEMPLATE_VALUE_ONLY,/home/emrecan/github/ecylmz/unittrace/artifacts/full/roots/sources/ubuntu/oidentd/3.1.0-1build1/oidentd-3.1.0/contrib/systemd/oidentd.service,3.1.0-1build1,6916ec7c413b82f0e259858fa8c5cbf455af6b0a57862716fdf8157918f09983,0,,NOT_APPLICABLE,exact basename or unique executable source mapping
https://omniorb.sourceforge.net::omniNames,https://omniorb.sourceforge.net,debian,omniorb-nameserver,omniorb-dfsg,4.3.3+ds1-1,U4_NO_UPSTREAM_STATIC_OR_TEMPLATE_UNIT,,4.3.3+ds1-1,,0,,NOT_APPLICABLE,complete pristine orig-tar inventory contained no service unit or template
https://omniorb.sourceforge.net::omniNames,https://omniorb.sourceforge.net,fedora,omniORB-servers,omniORB,omniORB-4.3.4-2.fc44.src.rpm,U4_NO_UPSTREAM_STATIC_OR_TEMPLATE_UNIT,,omniORB-4.3.4-2.fc44.src.rpm,,0,,NOT_APPLICABLE,complete pristine orig-tar inventory contained no service unit or template
https://omniorb.sourceforge.net::omniNames,https://omniorb.sourceforge.net,ubuntu,omniorb-nameserver,omniorb-dfsg,4.3.3+ds1-1build1,U4_NO_UPSTREAM_STATIC_OR_TEMPLATE_UNIT,,4.3.3+ds1-1build1,,0,,NOT_APPLICABLE,complete pristine orig-tar inventory contained no service unit or template
https://openbao.org::bao,https://openbao.org,arch,openbao,openbao,2.6.1-1,U1_TEMPLATE_VALUE_ONLY,/home/emrecan/github/ecylmz/unittrace/artifacts/full/roots/sources/arch/openbao/2.6.1-1/openbao-ba7ad8861d0578cd4da4f7b9e5a6756d30484f8f/.release/linux/package/usr/lib/systemd/system/openbao.service,2.6.1-1,17b96da95624a58b33cf81e3b5ba850f33a1fd9c68a7e52ee198e8dd3d65e7a2,0,,NOT_APPLICABLE,exact basename or unique executable source mapping
https://openbao.org::bao,https://openbao.org,fedora,openbao,openbao,openbao-2.6.1-1.fc44.src.rpm,U5_AMBIGUOUS_OR_UNRESOLVED,,openbao-2.6.1-1.fc44.src.rpm,,0,,NOT_ATTEMPTED,ambiguous exact artifacts=2
https://opendev.org/openstack/virtualbmc::vbmcd,https://opendev.org/openstack/virtualbmc,fedora,python3-virtualbmc,python-virtualbmc,python-virtualbmc-3.2.0-8.fc44.src.rpm,U4_NO_UPSTREAM_STATIC_OR_TEMPLATE_UNIT,,python-virtualbmc-3.2.0-8.fc44.src.rpm,,0,,NOT_APPLICABLE,complete pristine orig-tar inventory contained no service unit or template
https://opendev.org/openstack/virtualbmc::vbmcd,https://opendev.org/openstack/virtualbmc,ubuntu,virtualbmc,virtualbmc,3.1.0-0ubuntu2,U4_NO_UPSTREAM_STATIC_OR_TEMPLATE_UNIT,,3.1.0-0ubuntu2,,0,,NOT_APPLICABLE,complete pristine orig-tar inventory contained no service unit or template
https://openprinting.github.io/cups::cupsd,https://openprinting.github.io/cups,arch,cups,cups,2:2.4.19-1,U2_TEMPLATE_STRUCTURAL,/home/emrecan/github/ecylmz/unittrace/artifacts/full/roots/sources/arch/cups/2:2.4.19-1/cups-2.4.19/scheduler/cups.service.in,2:2.4.19-1,4177c3ce5c5c6f3e17a9a9a004bd95af0b949d1e40bf34fb7a94dff86dfa016e,1,,NOT_APPLICABLE,exact basename or unique executable source mapping
https://openprinting.github.io/cups::cupsd,https://openprinting.github.io/cups,fedora,cups,cups,cups-2.4.19-3.fc44.src.rpm,U2_TEMPLATE_STRUCTURAL,/home/emrecan/github/ecylmz/unittrace/artifacts/full/roots/sources/fedora/cups/cups-2.4.19-3.fc44.src.rpm/cups-2.4.19/scheduler/cups.service.in,cups-2.4.19-3.fc44.src.rpm,4177c3ce5c5c6f3e17a9a9a004bd95af0b949d1e40bf34fb7a94dff86dfa016e,1,,NOT_APPLICABLE,exact basename or unique executable source mapping
https://oss.oetiker.ch/mrtg::upstream-unit::contrib/debian-systemd/mrtg.service,https://oss.oetiker.ch/mrtg,debian,mrtg,mrtg,2.17.10-13+deb13u1,U0_STATIC,/home/emrecan/github/ecylmz/unittrace/artifacts/full/roots/sources/debian/mrtg/2.17.10-13+deb13u1/mrtg-2.17.10/contrib/debian-systemd/mrtg.service,2.17.10-13+deb13u1,be56155fdec1b0d7ef4ffaed83715fa2c90e30ae3c23820bffdb70e6ef02e82e,0,,NOT_APPLICABLE,exact basename or unique executable source mapping
https://oss.oetiker.ch/mrtg::upstream-unit::contrib/debian-systemd/mrtg.service,https://oss.oetiker.ch/mrtg,ubuntu,mrtg,mrtg,2.17.10-14,U0_STATIC,/home/emrecan/github/ecylmz/unittrace/artifacts/full/roots/sources/ubuntu/mrtg/2.17.10-14/mrtg-2.17.10/contrib/debian-systemd/mrtg.service,2.17.10-14,be56155fdec1b0d7ef4ffaed83715fa2c90e30ae3c23820bffdb70e6ef02e82e,0,,NOT_APPLICABLE,exact basename or unique executable source mapping
https://oss.oetiker.ch/rrdtool::rrdcached,https://oss.oetiker.ch/rrdtool,fedora,rrdtool,rrdtool,rrdtool-1.9.0-11.fc44.src.rpm,U1_TEMPLATE_VALUE_ONLY,/home/emrecan/github/ecylmz/unittrace/artifacts/full/roots/sources/fedora/rrdtool/rrdtool-1.9.0-11.fc44.src.rpm/rrdtool-1.9.0/etc/rrdcached.service.in,rrdtool-1.9.0-11.fc44.src.rpm,0c299b94ca5af5d4887f1070836d2a8fbe942a2ec0066f0e0d200f97669c9532,0,,NOT_APPLICABLE,exact basename or unique executable source mapping
https://oss.oetiker.ch/rrdtool::rrdcached,https://oss.oetiker.ch/rrdtool,ubuntu,rrdcached,rrdtool,1.9.0-2build1,U1_TEMPLATE_VALUE_ONLY,/home/emrecan/github/ecylmz/unittrace/artifacts/full/roots/sources/ubuntu/rrdtool/1.9.0-2build1/rrdtool-1.x-1.9.0/etc/rrdcached.service.in,1.9.0-2build1,0c299b94ca5af5d4887f1070836d2a8fbe942a2ec0066f0e0d200f97669c9532,0,,NOT_APPLICABLE,exact basename or unique executable source mapping
https://oss.oetiker.ch/smokeping::smokeping,https://oss.oetiker.ch/smokeping,arch,smokeping,smokeping,2.9.0-1,U4_NO_UPSTREAM_STATIC_OR_TEMPLATE_UNIT,,2.9.0-1,,0,,NOT_APPLICABLE,complete pristine orig-tar inventory contained no service unit or template
https://oss.oetiker.ch/smokeping::smokeping,https://oss.oetiker.ch/smokeping,fedora,smokeping,smokeping,smokeping-2.9.0-15.fc44.src.rpm,U4_NO_UPSTREAM_STATIC_OR_TEMPLATE_UNIT,,smokeping-2.9.0-15.fc44.src.rpm,,0,,NOT_APPLICABLE,complete pristine orig-tar inventory contained no service unit or template
https://ostreedev.github.io/ostree::upstream-unit::src/boot/ostree-boot-complete.service,https://ostreedev.github.io/ostree,arch,ostree,ostree,2026.3-1,U0_STATIC,/home/emrecan/github/ecylmz/unittrace/artifacts/full/roots/sources/arch/ostree/2026.3-1/ostree-867d4e000137d466e06c5173691458e0b4a38a26/src/boot/ostree-boot-complete.service,2026.3-1,44fd63a1f9929697a9416ebb19d2f3f91837fd877762ba167181a6f8b1e96d67,0,,NOT_APPLICABLE,exact basename or unique executable source mapping
https://ostreedev.github.io/ostree::upstream-unit::src/boot/ostree-boot-complete.service,https://ostreedev.github.io/ostree,fedora,ostree,ostree,ostree-2026.2-1.fc44.src.rpm,U0_STATIC,/home/emrecan/github/ecylmz/unittrace/artifacts/full/roots/sources/fedora/ostree/ostree-2026.2-1.fc44.src.rpm/libostree-2026.2/src/boot/ostree-boot-complete.service,ostree-2026.2-1.fc44.src.rpm,44fd63a1f9929697a9416ebb19d2f3f91837fd877762ba167181a6f8b1e96d67,0,,NOT_APPLICABLE,exact basename or unique executable source mapping
https://ostreedev.github.io/ostree::upstream-unit::src/boot/ostree-finalize-staged-hold.service,https://ostreedev.github.io/ostree,arch,ostree,ostree,2026.3-1,U0_STATIC,/home/emrecan/github/ecylmz/unittrace/artifacts/full/roots/sources/arch/ostree/2026.3-1/ostree-867d4e000137d466e06c5173691458e0b4a38a26/src/boot/ostree-finalize-staged-hold.service,2026.3-1,93ff7ecf00f38b6fab73114cdcc0e7948fa4b6362435e1957ce2502d17e10787,0,,NOT_APPLICABLE,exact basename or unique executable source mapping
https://ostreedev.github.io/ostree::upstream-unit::src/boot/ostree-finalize-staged-hold.service,https://ostreedev.github.io/ostree,fedora,ostree,ostree,ostree-2026.2-1.fc44.src.rpm,U0_STATIC,/home/emrecan/github/ecylmz/unittrace/artifacts/full/roots/sources/fedora/ostree/ostree-2026.2-1.fc44.src.rpm/libostree-2026.2/src/boot/ostree-finalize-staged-hold.service,ostree-2026.2-1.fc44.src.rpm,93ff7ecf00f38b6fab73114cdcc0e7948fa4b6362435e1957ce2502d17e10787,0,,NOT_APPLICABLE,exact basename or unique executable source mapping
https://ostreedev.github.io/ostree::upstream-unit::src/boot/ostree-finalize-staged.service,https://ostreedev.github.io/ostree,arch,ostree,ostree,2026.3-1,U0_STATIC,/home/emrecan/github/ecylmz/unittrace/artifacts/full/roots/sources/arch/ostree/2026.3-1/ostree-867d4e000137d466e06c5173691458e0b4a38a26/src/boot/ostree-finalize-staged.service,2026.3-1,d2a4d60f65e86ae4045324c45bf5dff3cc24803e5e39b46c4e22c1c262cbb825,0,,NOT_APPLICABLE,exact basename or unique executable source mapping
https://ostreedev.github.io/ostree::upstream-unit::src/boot/ostree-finalize-staged.service,https://ostreedev.github.io/ostree,fedora,ostree,ostree,ostree-2026.2-1.fc44.src.rpm,U0_STATIC,/home/emrecan/github/ecylmz/unittrace/artifacts/full/roots/sources/fedora/ostree/ostree-2026.2-1.fc44.src.rpm/libostree-2026.2/src/boot/ostree-finalize-staged.service,ostree-2026.2-1.fc44.src.rpm,d2a4d60f65e86ae4045324c45bf5dff3cc24803e5e39b46c4e22c1c262cbb825,0,,NOT_APPLICABLE,exact basename or unique executable source mapping
https://ostreedev.github.io/ostree::upstream-unit::src/boot/ostree-prepare-root.service,https://ostreedev.github.io/ostree,arch,ostree,ostree,2026.3-1,U0_STATIC,/home/emrecan/github/ecylmz/unittrace/artifacts/full/roots/sources/arch/ostree/2026.3-1/ostree-867d4e000137d466e06c5173691458e0b4a38a26/src/boot/ostree-prepare-root.service,2026.3-1,ec1e72fc226a64fb4402785c2346c8b3d058d6e46707fe329d34cfdbd20c8cea,0,,NOT_APPLICABLE,exact basename or unique executable source mapping
https://ostreedev.github.io/ostree::upstream-unit::src/boot/ostree-prepare-root.service,https://ostreedev.github.io/ostree,fedora,ostree,ostree,ostree-2026.2-1.fc44.src.rpm,U0_STATIC,/home/emrecan/github/ecylmz/unittrace/artifacts/full/roots/sources/fedora/ostree/ostree-2026.2-1.fc44.src.rpm/libostree-2026.2/src/boot/ostree-prepare-root.service,ostree-2026.2-1.fc44.src.rpm,ec1e72fc226a64fb4402785c2346c8b3d058d6e46707fe329d34cfdbd20c8cea,0,,NOT_APPLICABLE,exact basename or unique executable source mapping
https://ostreedev.github.io/ostree::upstream-unit::src/boot/ostree-remount.service,https://ostreedev.github.io/ostree,arch,ostree,ostree,2026.3-1,U0_STATIC,/home/emrecan/github/ecylmz/unittrace/artifacts/full/roots/sources/arch/ostree/2026.3-1/ostree-867d4e000137d466e06c5173691458e0b4a38a26/src/boot/ostree-remount.service,2026.3-1,db7a927fdb87d5b7e672e86bcd49955faba77c0b4a5f33547927c2d3dde3032a,0,,NOT_APPLICABLE,exact basename or unique executable source mapping
https://ostreedev.github.io/ostree::upstream-unit::src/boot/ostree-remount.service,https://ostreedev.github.io/ostree,fedora,ostree,ostree,ostree-2026.2-1.fc44.src.rpm,U0_STATIC,/home/emrecan/github/ecylmz/unittrace/artifacts/full/roots/sources/fedora/ostree/ostree-2026.2-1.fc44.src.rpm/libostree-2026.2/src/boot/ostree-remount.service,ostree-2026.2-1.fc44.src.rpm,db7a927fdb87d5b7e672e86bcd49955faba77c0b4a5f33547927c2d3dde3032a,0,,NOT_APPLICABLE,exact basename or unique executable source mapping
https://pagure.io/certmonger::certmonger,https://pagure.io/certmonger,debian,certmonger,certmonger,0.79.20-2,U1_TEMPLATE_VALUE_ONLY,/home/emrecan/github/ecylmz/unittrace/artifacts/full/roots/sources/debian/certmonger/0.79.20-2/certmonger-0.79.20/systemd/certmonger.service.in,0.79.20-2,31e73b04240717e9c70bbfdb97d3e824ddf75cde264ec91d09b2e28cabdeb1b6,0,,NOT_APPLICABLE,exact basename or unique executable source mapping
https://pagure.io/certmonger::certmonger,https://pagure.io/certmonger,fedora,certmonger,certmonger,certmonger-0.79.21-4.fc44.src.rpm,U1_TEMPLATE_VALUE_ONLY,/home/emrecan/github/ecylmz/unittrace/artifacts/full/roots/sources/fedora/certmonger/certmonger-0.79.21-4.fc44.src.rpm/certmonger-0.79.21/systemd/certmonger.service.in,certmonger-0.79.21-4.fc44.src.rpm,31e73b04240717e9c70bbfdb97d3e824ddf75cde264ec91d09b2e28cabdeb1b6,0,,NOT_APPLICABLE,exact basename or unique executable source mapping
https://pagure.io/certmonger::certmonger,https://pagure.io/certmonger,ubuntu,certmonger,certmonger,0.79.21-1,U1_TEMPLATE_VALUE_ONLY,/home/emrecan/github/ecylmz/unittrace/artifacts/full/roots/sources/ubuntu/certmonger/0.79.21-1/certmonger-0.79.21/systemd/certmonger.service.in,0.79.21-1,31e73b04240717e9c70bbfdb97d3e824ddf75cde264ec91d09b2e28cabdeb1b6,0,,NOT_APPLICABLE,exact basename or unique executable source mapping
https://pagure.io/dlm::dlm_controld,https://pagure.io/dlm,debian,dlm-controld,dlm,4.3.0-3,U1_TEMPLATE_VALUE_ONLY,/home/emrecan/github/ecylmz/unittrace/artifacts/full/roots/sources/debian/dlm/4.3.0-3/dlm-4.3.0/init/dlm.service,4.3.0-3,d92843fed713e650ed318ee66df19f16d6d6f1c0c4f581e86cd0a9efbb96ead3,0,,NOT_APPLICABLE,exact basename or unique executable source mapping
https://pagure.io/dlm::dlm_controld,https://pagure.io/dlm,fedora,dlm,dlm,dlm-4.3.0-8.fc44.src.rpm,U1_TEMPLATE_VALUE_ONLY,/home/emrecan/github/ecylmz/unittrace/artifacts/full/roots/sources/fedora/dlm/dlm-4.3.0-8.fc44.src.rpm/dlm-4.3.0/init/dlm.service,dlm-4.3.0-8.fc44.src.rpm,d92843fed713e650ed318ee66df19f16d6d6f1c0c4f581e86cd0a9efbb96ead3,0,,NOT_APPLICABLE,exact basename or unique executable source mapping
https://pagure.io/dlm::dlm_controld,https://pagure.io/dlm,ubuntu,dlm-controld,dlm,4.3.0-3build2,U1_TEMPLATE_VALUE_ONLY,/home/emrecan/github/ecylmz/unittrace/artifacts/full/roots/sources/ubuntu/dlm/4.3.0-3build2/dlm-4.3.0/init/dlm.service,4.3.0-3build2,d92843fed713e650ed318ee66df19f16d6d6f1c0c4f581e86cd0a9efbb96ead3,0,,NOT_APPLICABLE,exact basename or unique executable source mapping
https://pagure.io/numad::numad,https://pagure.io/numad,debian,numad,numad,0.5+20150602-8,U0_STATIC,/home/emrecan/github/ecylmz/unittrace/artifacts/full/roots/sources/debian/numad/0.5+20150602-8/numad-0.5+20150602/numad.service,0.5+20150602-8,5e966520dc972e13dc4dd4f53e43aac9c30601e5f067ce27bdff015809c42f56,0,,NOT_APPLICABLE,exact basename or unique executable source mapping
https://pagure.io/numad::numad,https://pagure.io/numad,fedora,numad,numad,numad-0.5-50.20251104git.fc44.src.rpm,U0_STATIC,/home/emrecan/github/ecylmz/unittrace/artifacts/full/roots/sources/fedora/numad/numad-0.5-50.20251104git.fc44.src.rpm/numad-0.5git/numad.service,numad-0.5-50.20251104git.fc44.src.rpm,5e966520dc972e13dc4dd4f53e43aac9c30601e5f067ce27bdff015809c42f56,0,,NOT_APPLICABLE,exact basename or unique executable source mapping
https://pagure.io/numad::numad,https://pagure.io/numad,ubuntu,numad,numad,0.5+20251104-1,U0_STATIC,/home/emrecan/github/ecylmz/unittrace/artifacts/full/roots/sources/ubuntu/numad/0.5+20251104-1/numad-0.5+20251104/numad.service,0.5+20251104-1,5e966520dc972e13dc4dd4f53e43aac9c30601e5f067ce27bdff015809c42f56,0,,NOT_APPLICABLE,exact basename or unique executable source mapping
https://pagure.io/oddjob::oddjobd,https://pagure.io/oddjob,debian,oddjob,oddjob,0.34.7-2.1,U1_TEMPLATE_VALUE_ONLY,/home/emrecan/github/ecylmz/unittrace/artifacts/full/roots/sources/debian/oddjob/0.34.7-2.1/oddjob-0.34.7/scripts/oddjobd.service.in,0.34.7-2.1,ddd16f2cc49522d279eded9d89e7e1de6bbb9d955e0629fabdbbe07876be1848,0,,NOT_APPLICABLE,exact basename or unique executable source mapping
https://pagure.io/oddjob::oddjobd,https://pagure.io/oddjob,fedora,oddjob,oddjob,oddjob-0.34.7-18.fc44.src.rpm,U1_TEMPLATE_VALUE_ONLY,/home/emrecan/github/ecylmz/unittrace/artifacts/full/roots/sources/fedora/oddjob/oddjob-0.34.7-18.fc44.src.rpm/oddjob-0.34.7/scripts/oddjobd.service.in,oddjob-0.34.7-18.fc44.src.rpm,ddd16f2cc49522d279eded9d89e7e1de6bbb9d955e0629fabdbbe07876be1848,0,,NOT_APPLICABLE,exact basename or unique executable source mapping
https://pagure.io/oddjob::oddjobd,https://pagure.io/oddjob,ubuntu,oddjob,oddjob,0.34.7-2.1build2,U1_TEMPLATE_VALUE_ONLY,/home/emrecan/github/ecylmz/unittrace/artifacts/full/roots/sources/ubuntu/oddjob/0.34.7-2.1build2/oddjob-0.34.7/scripts/oddjobd.service.in,0.34.7-2.1build2,ddd16f2cc49522d279eded9d89e7e1de6bbb9d955e0629fabdbbe07876be1848,0,,NOT_APPLICABLE,exact basename or unique executable source mapping
https://pcp.io::pcp-geolocate,https://pcp.io,arch,pcp,pcp,7.2.0-2,U1_TEMPLATE_VALUE_ONLY,/home/emrecan/github/ecylmz/unittrace/artifacts/full/roots/sources/arch/pcp/7.2.0-2/pcp-7.2.0/src/pcp/geolocate/pcp-geolocate.service.in,7.2.0-2,772c12180e45b9e649324eb8806cfd7117f1d1f9618c456e1c740df4267e75b8,0,,NOT_APPLICABLE,exact basename or unique executable source mapping
https://pcp.io::pcp-geolocate,https://pcp.io,debian,pcp,pcp,6.3.8-1,U1_TEMPLATE_VALUE_ONLY,/home/emrecan/github/ecylmz/unittrace/artifacts/full/roots/sources/debian/pcp/6.3.8-1/pcp-6.3.8/src/pcp/geolocate/pcp-geolocate.service.in,6.3.8-1,5721ebaad5a468ac874f9c486dd2406faa89ca5d0c1922ae5fc7edc72503ffec,0,,NOT_APPLICABLE,exact basename or unique executable source mapping
https://pcp.io::pcp-geolocate,https://pcp.io,fedora,pcp-geolocate,pcp,pcp-7.2.0-1.fc44.src.rpm,U1_TEMPLATE_VALUE_ONLY,/home/emrecan/github/ecylmz/unittrace/artifacts/full/roots/sources/fedora/pcp/pcp-7.2.0-1.fc44.src.rpm/pcp-7.2.0/src/pcp/geolocate/pcp-geolocate.service.in,pcp-7.2.0-1.fc44.src.rpm,772c12180e45b9e649324eb8806cfd7117f1d1f9618c456e1c740df4267e75b8,0,,NOT_APPLICABLE,exact basename or unique executable source mapping
https://pcp.io::pcp-geolocate,https://pcp.io,ubuntu,pcp,pcp,7.1.1-1,U1_TEMPLATE_VALUE_ONLY,/home/emrecan/github/ecylmz/unittrace/artifacts/full/roots/sources/ubuntu/pcp/7.1.1-1/pcp-7.1.1/src/pcp/geolocate/pcp-geolocate.service.in,7.1.1-1,772c12180e45b9e649324eb8806cfd7117f1d1f9618c456e1c740df4267e75b8,0,,NOT_APPLICABLE,exact basename or unique executable source mapping
https://pcp.io::pcp-reboot-init,https://pcp.io,debian,pcp,pcp,6.3.8-1,U1_TEMPLATE_VALUE_ONLY,/home/emrecan/github/ecylmz/unittrace/artifacts/full/roots/sources/debian/pcp/6.3.8-1/pcp-6.3.8/src/pcp-reboot-init/pcp-reboot-init.service.in,6.3.8-1,a1662480739631a846c85bc141aed6b20677e695e405d167efe05010f2faee21,0,,NOT_APPLICABLE,exact basename or unique executable source mapping
https://pcp.io::pcp-reboot-init,https://pcp.io,ubuntu,pcp,pcp,7.1.1-1,U1_TEMPLATE_VALUE_ONLY,/home/emrecan/github/ecylmz/unittrace/artifacts/full/roots/sources/ubuntu/pcp/7.1.1-1/pcp-7.1.1/src/pcp-reboot-init/pcp-reboot-init.service.in,7.1.1-1,a1662480739631a846c85bc141aed6b20677e695e405d167efe05010f2faee21,0,,NOT_APPLICABLE,exact basename or unique executable source mapping
https://pcp.io::pmcd,https://pcp.io,arch,pcp,pcp,7.2.0-2,U1_TEMPLATE_VALUE_ONLY,/home/emrecan/github/ecylmz/unittrace/artifacts/full/roots/sources/arch/pcp/7.2.0-2/pcp-7.2.0/src/pmcd/pmcd.service.in,7.2.0-2,d9478783919b6a562ec3e5da35ed938431ef0e5f15d36387cbdaf079cd131013,0,,NOT_APPLICABLE,exact basename or unique executable source mapping
https://pcp.io::pmcd,https://pcp.io,debian,pcp,pcp,6.3.8-1,U1_TEMPLATE_VALUE_ONLY,/home/emrecan/github/ecylmz/unittrace/artifacts/full/roots/sources/debian/pcp/6.3.8-1/pcp-6.3.8/src/pmcd/pmcd.service.in,6.3.8-1,5978b7be7fba9757fcd68cd611c4e70dfd9231d6a65928fe7614dcaa81245cb5,0,,NOT_APPLICABLE,exact basename or unique executable source mapping
https://pcp.io::pmcd,https://pcp.io,fedora,pcp,pcp,pcp-7.2.0-1.fc44.src.rpm,U1_TEMPLATE_VALUE_ONLY,/home/emrecan/github/ecylmz/unittrace/artifacts/full/roots/sources/fedora/pcp/pcp-7.2.0-1.fc44.src.rpm/pcp-7.2.0/src/pmcd/pmcd.service.in,pcp-7.2.0-1.fc44.src.rpm,d9478783919b6a562ec3e5da35ed938431ef0e5f15d36387cbdaf079cd131013,0,,NOT_APPLICABLE,exact basename or unique executable source mapping
https://pcp.io::pmcd,https://pcp.io,ubuntu,pcp,pcp,7.1.1-1,U1_TEMPLATE_VALUE_ONLY,/home/emrecan/github/ecylmz/unittrace/artifacts/full/roots/sources/ubuntu/pcp/7.1.1-1/pcp-7.1.1/src/pmcd/pmcd.service.in,7.1.1-1,d9478783919b6a562ec3e5da35ed938431ef0e5f15d36387cbdaf079cd131013,0,,NOT_APPLICABLE,exact basename or unique executable source mapping
https://pcp.io::pmfind_check,https://pcp.io,arch,pcp,pcp,7.2.0-2,U1_TEMPLATE_VALUE_ONLY,/home/emrecan/github/ecylmz/unittrace/artifacts/full/roots/sources/arch/pcp/7.2.0-2/pcp-7.2.0/src/pmfind/pmfind.service.in,7.2.0-2,ffeb2ab2fc835838759f744c5d011b963793358bcc452d444f1749703ccb7f57,0,,NOT_APPLICABLE,exact basename or unique executable source mapping
https://pcp.io::pmfind_check,https://pcp.io,debian,pcp,pcp,6.3.8-1,U1_TEMPLATE_VALUE_ONLY,/home/emrecan/github/ecylmz/unittrace/artifacts/full/roots/sources/debian/pcp/6.3.8-1/pcp-6.3.8/src/pmfind/pmfind.service.in,6.3.8-1,ffeb2ab2fc835838759f744c5d011b963793358bcc452d444f1749703ccb7f57,0,,NOT_APPLICABLE,exact basename or unique executable source mapping
https://pcp.io::pmfind_check,https://pcp.io,fedora,pcp,pcp,pcp-7.2.0-1.fc44.src.rpm,U1_TEMPLATE_VALUE_ONLY,/home/emrecan/github/ecylmz/unittrace/artifacts/full/roots/sources/fedora/pcp/pcp-7.2.0-1.fc44.src.rpm/pcp-7.2.0/src/pmfind/pmfind.service.in,pcp-7.2.0-1.fc44.src.rpm,ffeb2ab2fc835838759f744c5d011b963793358bcc452d444f1749703ccb7f57,0,,NOT_APPLICABLE,exact basename or unique executable source mapping
https://pcp.io::pmfind_check,https://pcp.io,ubuntu,pcp,pcp,7.1.1-1,U1_TEMPLATE_VALUE_ONLY,/home/emrecan/github/ecylmz/unittrace/artifacts/full/roots/sources/ubuntu/pcp/7.1.1-1/pcp-7.1.1/src/pmfind/pmfind.service.in,7.1.1-1,ffeb2ab2fc835838759f744c5d011b963793358bcc452d444f1749703ccb7f57,0,,NOT_APPLICABLE,exact basename or unique executable source mapping
https://pcp.io::pmie,https://pcp.io,arch,pcp,pcp,7.2.0-2,U1_TEMPLATE_VALUE_ONLY,/home/emrecan/github/ecylmz/unittrace/artifacts/full/roots/sources/arch/pcp/7.2.0-2/pcp-7.2.0/src/pmie/pmie.service.in,7.2.0-2,66a6356a8a987e8db3c39d5ee4c535df522b4ba5677b005c5545ce8593e9b2a5,0,,NOT_APPLICABLE,exact basename or unique executable source mapping
https://pcp.io::pmie,https://pcp.io,fedora,pcp,pcp,pcp-7.2.0-1.fc44.src.rpm,U1_TEMPLATE_VALUE_ONLY,/home/emrecan/github/ecylmz/unittrace/artifacts/full/roots/sources/fedora/pcp/pcp-7.2.0-1.fc44.src.rpm/pcp-7.2.0/src/pmie/pmie.service.in,pcp-7.2.0-1.fc44.src.rpm,66a6356a8a987e8db3c39d5ee4c535df522b4ba5677b005c5545ce8593e9b2a5,0,,NOT_APPLICABLE,exact basename or unique executable source mapping
https://pcp.io::pmie,https://pcp.io,ubuntu,pcp,pcp,7.1.1-1,U1_TEMPLATE_VALUE_ONLY,/home/emrecan/github/ecylmz/unittrace/artifacts/full/roots/sources/ubuntu/pcp/7.1.1-1/pcp-7.1.1/src/pmie/pmie.service.in,7.1.1-1,66a6356a8a987e8db3c39d5ee4c535df522b4ba5677b005c5545ce8593e9b2a5,0,,NOT_APPLICABLE,exact basename or unique executable source mapping
https://pcp.io::pmie_check,https://pcp.io,arch,pcp,pcp,7.2.0-2,U1_TEMPLATE_VALUE_ONLY,/home/emrecan/github/ecylmz/unittrace/artifacts/full/roots/sources/arch/pcp/7.2.0-2/pcp-7.2.0/src/pmie/pmie_check.service.in,7.2.0-2,704e45ad5daa3ad9a310d55b3038cbec90c5f2213be8747456d64cf88aa11c31,0,,NOT_APPLICABLE,exact basename or unique executable source mapping
https://pcp.io::pmie_check,https://pcp.io,debian,pcp,pcp,6.3.8-1,U1_TEMPLATE_VALUE_ONLY,/home/emrecan/github/ecylmz/unittrace/artifacts/full/roots/sources/debian/pcp/6.3.8-1/pcp-6.3.8/src/pmie/pmie_check.service.in,6.3.8-1,704e45ad5daa3ad9a310d55b3038cbec90c5f2213be8747456d64cf88aa11c31,0,,NOT_APPLICABLE,exact basename or unique executable source mapping
https://pcp.io::pmie_check,https://pcp.io,fedora,pcp,pcp,pcp-7.2.0-1.fc44.src.rpm,U1_TEMPLATE_VALUE_ONLY,/home/emrecan/github/ecylmz/unittrace/artifacts/full/roots/sources/fedora/pcp/pcp-7.2.0-1.fc44.src.rpm/pcp-7.2.0/src/pmie/pmie_check.service.in,pcp-7.2.0-1.fc44.src.rpm,704e45ad5daa3ad9a310d55b3038cbec90c5f2213be8747456d64cf88aa11c31,0,,NOT_APPLICABLE,exact basename or unique executable source mapping
https://pcp.io::pmie_check,https://pcp.io,ubuntu,pcp,pcp,7.1.1-1,U1_TEMPLATE_VALUE_ONLY,/home/emrecan/github/ecylmz/unittrace/artifacts/full/roots/sources/ubuntu/pcp/7.1.1-1/pcp-7.1.1/src/pmie/pmie_check.service.in,7.1.1-1,704e45ad5daa3ad9a310d55b3038cbec90c5f2213be8747456d64cf88aa11c31,0,,NOT_APPLICABLE,exact basename or unique executable source mapping
https://pcp.io::pmie_daily,https://pcp.io,arch,pcp,pcp,7.2.0-2,U1_TEMPLATE_VALUE_ONLY,/home/emrecan/github/ecylmz/unittrace/artifacts/full/roots/sources/arch/pcp/7.2.0-2/pcp-7.2.0/src/pmie/pmie_daily.service.in,7.2.0-2,a5a2dd8806a5eaafdc4df41aece3a820e7385e3c620157b8ed6aa9078c544ffb,0,,NOT_APPLICABLE,exact basename or unique executable source mapping
https://pcp.io::pmie_daily,https://pcp.io,debian,pcp,pcp,6.3.8-1,U1_TEMPLATE_VALUE_ONLY,/home/emrecan/github/ecylmz/unittrace/artifacts/full/roots/sources/debian/pcp/6.3.8-1/pcp-6.3.8/src/pmie/pmie_daily.service.in,6.3.8-1,a5a2dd8806a5eaafdc4df41aece3a820e7385e3c620157b8ed6aa9078c544ffb,0,,NOT_APPLICABLE,exact basename or unique executable source mapping
https://pcp.io::pmie_daily,https://pcp.io,fedora,pcp,pcp,pcp-7.2.0-1.fc44.src.rpm,U1_TEMPLATE_VALUE_ONLY,/home/emrecan/github/ecylmz/unittrace/artifacts/full/roots/sources/fedora/pcp/pcp-7.2.0-1.fc44.src.rpm/pcp-7.2.0/src/pmie/pmie_daily.service.in,pcp-7.2.0-1.fc44.src.rpm,a5a2dd8806a5eaafdc4df41aece3a820e7385e3c620157b8ed6aa9078c544ffb,0,,NOT_APPLICABLE,exact basename or unique executable source mapping
https://pcp.io::pmie_daily,https://pcp.io,ubuntu,pcp,pcp,7.1.1-1,U1_TEMPLATE_VALUE_ONLY,/home/emrecan/github/ecylmz/unittrace/artifacts/full/roots/sources/ubuntu/pcp/7.1.1-1/pcp-7.1.1/src/pmie/pmie_daily.service.in,7.1.1-1,a5a2dd8806a5eaafdc4df41aece3a820e7385e3c620157b8ed6aa9078c544ffb,0,,NOT_APPLICABLE,exact basename or unique executable source mapping
https://pcp.io::pmie_farm,https://pcp.io,arch,pcp,pcp,7.2.0-2,U1_TEMPLATE_VALUE_ONLY,/home/emrecan/github/ecylmz/unittrace/artifacts/full/roots/sources/arch/pcp/7.2.0-2/pcp-7.2.0/src/pmie/pmie_farm.service.in,7.2.0-2,bb70cf76091ca5bd0020ffd8a7cf930fcd7c0195936ca78dc38c5aaf214597d4,0,,NOT_APPLICABLE,exact basename or unique executable source mapping
https://pcp.io::pmie_farm,https://pcp.io,debian,pcp,pcp,6.3.8-1,U1_TEMPLATE_VALUE_ONLY,/home/emrecan/github/ecylmz/unittrace/artifacts/full/roots/sources/debian/pcp/6.3.8-1/pcp-6.3.8/src/pmie/pmie_farm.service.in,6.3.8-1,bb70cf76091ca5bd0020ffd8a7cf930fcd7c0195936ca78dc38c5aaf214597d4,0,,NOT_APPLICABLE,exact basename or unique executable source mapping
https://pcp.io::pmie_farm,https://pcp.io,fedora,pcp,pcp,pcp-7.2.0-1.fc44.src.rpm,U1_TEMPLATE_VALUE_ONLY,/home/emrecan/github/ecylmz/unittrace/artifacts/full/roots/sources/fedora/pcp/pcp-7.2.0-1.fc44.src.rpm/pcp-7.2.0/src/pmie/pmie_farm.service.in,pcp-7.2.0-1.fc44.src.rpm,bb70cf76091ca5bd0020ffd8a7cf930fcd7c0195936ca78dc38c5aaf214597d4,0,,NOT_APPLICABLE,exact basename or unique executable source mapping
https://pcp.io::pmie_farm,https://pcp.io,ubuntu,pcp,pcp,7.1.1-1,U1_TEMPLATE_VALUE_ONLY,/home/emrecan/github/ecylmz/unittrace/artifacts/full/roots/sources/ubuntu/pcp/7.1.1-1/pcp-7.1.1/src/pmie/pmie_farm.service.in,7.1.1-1,bb70cf76091ca5bd0020ffd8a7cf930fcd7c0195936ca78dc38c5aaf214597d4,0,,NOT_APPLICABLE,exact basename or unique executable source mapping
https://pcp.io::pmiectl,https://pcp.io,arch,pcp,pcp,7.2.0-2,U1_TEMPLATE_VALUE_ONLY,/home/emrecan/github/ecylmz/unittrace/artifacts/full/roots/sources/arch/pcp/7.2.0-2/pcp-7.2.0/src/pmie/pmie_farm_check.service.in,7.2.0-2,23470941a2a2ac681cbe096ab2bb5396010489360cf1a752ab53cd53d875bc05,0,,NOT_APPLICABLE,exact basename or unique executable source mapping
https://pcp.io::pmiectl,https://pcp.io,debian,pcp,pcp,6.3.8-1,U1_TEMPLATE_VALUE_ONLY,/home/emrecan/github/ecylmz/unittrace/artifacts/full/roots/sources/debian/pcp/6.3.8-1/pcp-6.3.8/src/pmie/pmie_farm_check.service.in,6.3.8-1,23470941a2a2ac681cbe096ab2bb5396010489360cf1a752ab53cd53d875bc05,0,,NOT_APPLICABLE,exact basename or unique executable source mapping
https://pcp.io::pmiectl,https://pcp.io,fedora,pcp,pcp,pcp-7.2.0-1.fc44.src.rpm,U1_TEMPLATE_VALUE_ONLY,/home/emrecan/github/ecylmz/unittrace/artifacts/full/roots/sources/fedora/pcp/pcp-7.2.0-1.fc44.src.rpm/pcp-7.2.0/src/pmie/pmie_farm_check.service.in,pcp-7.2.0-1.fc44.src.rpm,23470941a2a2ac681cbe096ab2bb5396010489360cf1a752ab53cd53d875bc05,0,,NOT_APPLICABLE,exact basename or unique executable source mapping
https://pcp.io::pmiectl,https://pcp.io,ubuntu,pcp,pcp,7.1.1-1,U1_TEMPLATE_VALUE_ONLY,/home/emrecan/github/ecylmz/unittrace/artifacts/full/roots/sources/ubuntu/pcp/7.1.1-1/pcp-7.1.1/src/pmie/pmie_farm_check.service.in,7.1.1-1,23470941a2a2ac681cbe096ab2bb5396010489360cf1a752ab53cd53d875bc05,0,,NOT_APPLICABLE,exact basename or unique executable source mapping
https://pcp.io::pmlogctl,https://pcp.io,arch,pcp,pcp,7.2.0-2,U1_TEMPLATE_VALUE_ONLY,/home/emrecan/github/ecylmz/unittrace/artifacts/full/roots/sources/arch/pcp/7.2.0-2/pcp-7.2.0/src/pmlogger/pmlogger_farm_check.service.in,7.2.0-2,34799cb102319df0ef71716b221850eee2f803b584481f525e3f13a5cab80b64,0,,NOT_APPLICABLE,exact basename or unique executable source mapping
https://pcp.io::pmlogctl,https://pcp.io,debian,pcp,pcp,6.3.8-1,U1_TEMPLATE_VALUE_ONLY,/home/emrecan/github/ecylmz/unittrace/artifacts/full/roots/sources/debian/pcp/6.3.8-1/pcp-6.3.8/src/pmlogger/pmlogger_farm_check.service.in,6.3.8-1,480c68cb7667896901c09384c1a1f44ec2933a68b880a6c555b5ce49a8088aa9,0,,NOT_APPLICABLE,exact basename or unique executable source mapping
https://pcp.io::pmlogctl,https://pcp.io,fedora,pcp,pcp,pcp-7.2.0-1.fc44.src.rpm,U1_TEMPLATE_VALUE_ONLY,/home/emrecan/github/ecylmz/unittrace/artifacts/full/roots/sources/fedora/pcp/pcp-7.2.0-1.fc44.src.rpm/pcp-7.2.0/src/pmlogger/pmlogger_farm_check.service.in,pcp-7.2.0-1.fc44.src.rpm,34799cb102319df0ef71716b221850eee2f803b584481f525e3f13a5cab80b64,0,,NOT_APPLICABLE,exact basename or unique executable source mapping
https://pcp.io::pmlogctl,https://pcp.io,ubuntu,pcp,pcp,7.1.1-1,U1_TEMPLATE_VALUE_ONLY,/home/emrecan/github/ecylmz/unittrace/artifacts/full/roots/sources/ubuntu/pcp/7.1.1-1/pcp-7.1.1/src/pmlogger/pmlogger_farm_check.service.in,7.1.1-1,34799cb102319df0ef71716b221850eee2f803b584481f525e3f13a5cab80b64,0,,NOT_APPLICABLE,exact basename or unique executable source mapping
https://pcp.io::pmlogger,https://pcp.io,arch,pcp,pcp,7.2.0-2,U1_TEMPLATE_VALUE_ONLY,/home/emrecan/github/ecylmz/unittrace/artifacts/full/roots/sources/arch/pcp/7.2.0-2/pcp-7.2.0/src/pmlogger/pmlogger.service.in,7.2.0-2,ef81d1045bba5158061fffa8b1b9a75e65d7a830548f15217f9abeb4253d37a5,0,,NOT_APPLICABLE,exact basename or unique executable source mapping
https://pcp.io::pmlogger,https://pcp.io,fedora,pcp,pcp,pcp-7.2.0-1.fc44.src.rpm,U1_TEMPLATE_VALUE_ONLY,/home/emrecan/github/ecylmz/unittrace/artifacts/full/roots/sources/fedora/pcp/pcp-7.2.0-1.fc44.src.rpm/pcp-7.2.0/src/pmlogger/pmlogger.service.in,pcp-7.2.0-1.fc44.src.rpm,ef81d1045bba5158061fffa8b1b9a75e65d7a830548f15217f9abeb4253d37a5,0,,NOT_APPLICABLE,exact basename or unique executable source mapping
https://pcp.io::pmlogger,https://pcp.io,ubuntu,pcp,pcp,7.1.1-1,U1_TEMPLATE_VALUE_ONLY,/home/emrecan/github/ecylmz/unittrace/artifacts/full/roots/sources/ubuntu/pcp/7.1.1-1/pcp-7.1.1/src/pmlogger/pmlogger.service.in,7.1.1-1,ef81d1045bba5158061fffa8b1b9a75e65d7a830548f15217f9abeb4253d37a5,0,,NOT_APPLICABLE,exact basename or unique executable source mapping
https://pcp.io::pmlogger_check,https://pcp.io,arch,pcp,pcp,7.2.0-2,U1_TEMPLATE_VALUE_ONLY,/home/emrecan/github/ecylmz/unittrace/artifacts/full/roots/sources/arch/pcp/7.2.0-2/pcp-7.2.0/src/pmlogger/pmlogger_check.service.in,7.2.0-2,00ceffc012990b880e26c9f5381042a47a19f67d26af0f26e7b154b38d9e195f,0,,NOT_APPLICABLE,exact basename or unique executable source mapping
https://pcp.io::pmlogger_check,https://pcp.io,debian,pcp,pcp,6.3.8-1,U1_TEMPLATE_VALUE_ONLY,/home/emrecan/github/ecylmz/unittrace/artifacts/full/roots/sources/debian/pcp/6.3.8-1/pcp-6.3.8/src/pmlogger/pmlogger_check.service.in,6.3.8-1,2e9dd36912cce180f636822310e39deb0e35312e04112fd8cad51fdbe18fcf79,0,,NOT_APPLICABLE,exact basename or unique executable source mapping
https://pcp.io::pmlogger_check,https://pcp.io,fedora,pcp,pcp,pcp-7.2.0-1.fc44.src.rpm,U1_TEMPLATE_VALUE_ONLY,/home/emrecan/github/ecylmz/unittrace/artifacts/full/roots/sources/fedora/pcp/pcp-7.2.0-1.fc44.src.rpm/pcp-7.2.0/src/pmlogger/pmlogger_check.service.in,pcp-7.2.0-1.fc44.src.rpm,00ceffc012990b880e26c9f5381042a47a19f67d26af0f26e7b154b38d9e195f,0,,NOT_APPLICABLE,exact basename or unique executable source mapping
https://pcp.io::pmlogger_check,https://pcp.io,ubuntu,pcp,pcp,7.1.1-1,U1_TEMPLATE_VALUE_ONLY,/home/emrecan/github/ecylmz/unittrace/artifacts/full/roots/sources/ubuntu/pcp/7.1.1-1/pcp-7.1.1/src/pmlogger/pmlogger_check.service.in,7.1.1-1,00ceffc012990b880e26c9f5381042a47a19f67d26af0f26e7b154b38d9e195f,0,,NOT_APPLICABLE,exact basename or unique executable source mapping
https://pcp.io::pmlogger_farm,https://pcp.io,arch,pcp,pcp,7.2.0-2,U1_TEMPLATE_VALUE_ONLY,/home/emrecan/github/ecylmz/unittrace/artifacts/full/roots/sources/arch/pcp/7.2.0-2/pcp-7.2.0/src/pmlogger/pmlogger_farm.service.in,7.2.0-2,c4d95b90a8a5156b3c8df0087c7fa13b6e70a53f9bd461c97ea3881f160a44f6,0,,NOT_APPLICABLE,exact basename or unique executable source mapping
https://pcp.io::pmlogger_farm,https://pcp.io,debian,pcp,pcp,6.3.8-1,U1_TEMPLATE_VALUE_ONLY,/home/emrecan/github/ecylmz/unittrace/artifacts/full/roots/sources/debian/pcp/6.3.8-1/pcp-6.3.8/src/pmlogger/pmlogger_farm.service.in,6.3.8-1,c4d95b90a8a5156b3c8df0087c7fa13b6e70a53f9bd461c97ea3881f160a44f6,0,,NOT_APPLICABLE,exact basename or unique executable source mapping
https://pcp.io::pmlogger_farm,https://pcp.io,fedora,pcp,pcp,pcp-7.2.0-1.fc44.src.rpm,U1_TEMPLATE_VALUE_ONLY,/home/emrecan/github/ecylmz/unittrace/artifacts/full/roots/sources/fedora/pcp/pcp-7.2.0-1.fc44.src.rpm/pcp-7.2.0/src/pmlogger/pmlogger_farm.service.in,pcp-7.2.0-1.fc44.src.rpm,c4d95b90a8a5156b3c8df0087c7fa13b6e70a53f9bd461c97ea3881f160a44f6,0,,NOT_APPLICABLE,exact basename or unique executable source mapping
https://pcp.io::pmlogger_farm,https://pcp.io,ubuntu,pcp,pcp,7.1.1-1,U1_TEMPLATE_VALUE_ONLY,/home/emrecan/github/ecylmz/unittrace/artifacts/full/roots/sources/ubuntu/pcp/7.1.1-1/pcp-7.1.1/src/pmlogger/pmlogger_farm.service.in,7.1.1-1,c4d95b90a8a5156b3c8df0087c7fa13b6e70a53f9bd461c97ea3881f160a44f6,0,,NOT_APPLICABLE,exact basename or unique executable source mapping
https://pcp.io::pmproxy,https://pcp.io,arch,pcp,pcp,7.2.0-2,U1_TEMPLATE_VALUE_ONLY,/home/emrecan/github/ecylmz/unittrace/artifacts/full/roots/sources/arch/pcp/7.2.0-2/pcp-7.2.0/src/pmproxy/pmproxy.service.in,7.2.0-2,bd580af8be75c45d8c8a5f0483a84d7e1ec7db6948fbafec5862c7604880eefa,0,,NOT_APPLICABLE,exact basename or unique executable source mapping
https://pcp.io::pmproxy,https://pcp.io,fedora,pcp,pcp,pcp-7.2.0-1.fc44.src.rpm,U1_TEMPLATE_VALUE_ONLY,/home/emrecan/github/ecylmz/unittrace/artifacts/full/roots/sources/fedora/pcp/pcp-7.2.0-1.fc44.src.rpm/pcp-7.2.0/src/pmproxy/pmproxy.service.in,pcp-7.2.0-1.fc44.src.rpm,bd580af8be75c45d8c8a5f0483a84d7e1ec7db6948fbafec5862c7604880eefa,0,,NOT_APPLICABLE,exact basename or unique executable source mapping
https://pcp.io::pmproxy,https://pcp.io,ubuntu,pcp,pcp,7.1.1-1,U1_TEMPLATE_VALUE_ONLY,/home/emrecan/github/ecylmz/unittrace/artifacts/full/roots/sources/ubuntu/pcp/7.1.1-1/pcp-7.1.1/src/pmproxy/pmproxy.service.in,7.1.1-1,bd580af8be75c45d8c8a5f0483a84d7e1ec7db6948fbafec5862c7604880eefa,0,,NOT_APPLICABLE,exact basename or unique executable source mapping
https://pcp.io::pmseries_import,https://pcp.io,arch,pcp,pcp,7.2.0-2,U1_TEMPLATE_VALUE_ONLY,/home/emrecan/github/ecylmz/unittrace/artifacts/full/roots/sources/arch/pcp/7.2.0-2/pcp-7.2.0/src/pmseries/pmseries_import.service.in,7.2.0-2,c2ae2dfd9d14d76b89b7b9978957c911490c024bd17bbccd25d643b16c080801,0,,NOT_APPLICABLE,exact basename or unique executable source mapping
https://pcp.io::pmseries_import,https://pcp.io,fedora,pcp-import-pmseries,pcp,pcp-7.2.0-1.fc44.src.rpm,U1_TEMPLATE_VALUE_ONLY,/home/emrecan/github/ecylmz/unittrace/artifacts/full/roots/sources/fedora/pcp/pcp-7.2.0-1.fc44.src.rpm/pcp-7.2.0/src/pmseries/pmseries_import.service.in,pcp-7.2.0-1.fc44.src.rpm,c2ae2dfd9d14d76b89b7b9978957c911490c024bd17bbccd25d643b16c080801,0,,NOT_APPLICABLE,exact basename or unique executable source mapping
https://pcp.io::pmseries_import,https://pcp.io,ubuntu,pcp,pcp,7.1.1-1,U1_TEMPLATE_VALUE_ONLY,/home/emrecan/github/ecylmz/unittrace/artifacts/full/roots/sources/ubuntu/pcp/7.1.1-1/pcp-7.1.1/src/pmseries/pmseries_import.service.in,7.1.1-1,c2ae2dfd9d14d76b89b7b9978957c911490c024bd17bbccd25d643b16c080801,0,,NOT_APPLICABLE,exact basename or unique executable source mapping
https://pcp.io::reboot-init,https://pcp.io,arch,pcp,pcp,7.2.0-2,U1_TEMPLATE_VALUE_ONLY,/home/emrecan/github/ecylmz/unittrace/artifacts/full/roots/sources/arch/pcp/7.2.0-2/pcp-7.2.0/src/reboot-init/pcp-reboot-init.service.in,7.2.0-2,8ef7815bcb66765b1bec4653eaddfb7d5cde8b6bd65f7a787de994e2360b77a3,0,,NOT_APPLICABLE,exact basename or unique executable source mapping
https://pcp.io::reboot-init,https://pcp.io,fedora,pcp,pcp,pcp-7.2.0-1.fc44.src.rpm,U1_TEMPLATE_VALUE_ONLY,/home/emrecan/github/ecylmz/unittrace/artifacts/full/roots/sources/fedora/pcp/pcp-7.2.0-1.fc44.src.rpm/pcp-7.2.0/src/reboot-init/pcp-reboot-init.service.in,pcp-7.2.0-1.fc44.src.rpm,8ef7815bcb66765b1bec4653eaddfb7d5cde8b6bd65f7a787de994e2360b77a3,0,,NOT_APPLICABLE,exact basename or unique executable source mapping
https://pcp.io::sh,https://pcp.io,arch,pcp-atop,pcp,7.2.0-2,U1_TEMPLATE_VALUE_ONLY,/home/emrecan/github/ecylmz/unittrace/artifacts/full/roots/sources/arch/pcp/7.2.0-2/pcp-7.2.0/src/pcp/atop/atop.service.in,7.2.0-2,44f856937e6fbe642bbf2f042d64270026528f00e75c3c5009593e35967e361d,0,,NOT_APPLICABLE,exact basename or unique executable source mapping
https://pcp.io::sh,https://pcp.io,fedora,pcp-atop,pcp,pcp-7.2.0-1.fc44.src.rpm,U1_TEMPLATE_VALUE_ONLY,/home/emrecan/github/ecylmz/unittrace/artifacts/full/roots/sources/fedora/pcp/pcp-7.2.0-1.fc44.src.rpm/pcp-7.2.0/src/pcp/atop/atop.service.in,pcp-7.2.0-1.fc44.src.rpm,44f856937e6fbe642bbf2f042d64270026528f00e75c3c5009593e35967e361d,0,,NOT_APPLICABLE,exact basename or unique executable source mapping
https://pcp.io::upstream-unit::src/pcp/atop/atop-daily.service,https://pcp.io,arch,pcp-atop,pcp,7.2.0-2,U0_STATIC,/home/emrecan/github/ecylmz/unittrace/artifacts/full/roots/sources/arch/pcp/7.2.0-2/pcp-7.2.0/src/pcp/atop/atop-daily.service,7.2.0-2,452b49cda7135c38e8a10b136e98612f7a1039917a4621792ec03e61e4924822,0,,NOT_APPLICABLE,exact basename or unique executable source mapping
https://pcp.io::upstream-unit::src/pcp/atop/atop-daily.service,https://pcp.io,fedora,pcp-atop,pcp,pcp-7.2.0-1.fc44.src.rpm,U0_STATIC,/home/emrecan/github/ecylmz/unittrace/artifacts/full/roots/sources/fedora/pcp/pcp-7.2.0-1.fc44.src.rpm/pcp-7.2.0/src/pcp/atop/atop-daily.service,pcp-7.2.0-1.fc44.src.rpm,452b49cda7135c38e8a10b136e98612f7a1039917a4621792ec03e61e4924822,0,,NOT_APPLICABLE,exact basename or unique executable source mapping
https://pcsclite.apdu.fr::pcscd,https://pcsclite.apdu.fr,arch,pcsclite,pcsclite,2.5.1-1,U1_TEMPLATE_VALUE_ONLY,/home/emrecan/github/ecylmz/unittrace/artifacts/full/roots/sources/arch/pcsclite/2.5.1-1/PCSC-09138d7f7d02c714b004d9850f28727fbcc48a97/etc/pcscd.service.in,2.5.1-1,96692881f70a6195331e8164e6f1637f011a6d51c7d7ab31b86eb7c9c6242302,0,,NOT_APPLICABLE,exact basename or unique executable source mapping
https://pcsclite.apdu.fr::pcscd,https://pcsclite.apdu.fr,debian,pcscd,pcsc-lite,2.3.3-1,U1_TEMPLATE_VALUE_ONLY,/home/emrecan/github/ecylmz/unittrace/artifacts/full/roots/sources/debian/pcsc-lite/2.3.3-1/pcsc-lite-2.3.3/etc/pcscd.service.in,2.3.3-1,12f46320a2f5f970e06220b66bcfb051e85467cd7afbed23707d839b87881900,0,,NOT_APPLICABLE,exact basename or unique executable source mapping
https://pcsclite.apdu.fr::pcscd,https://pcsclite.apdu.fr,fedora,pcsc-lite,pcsc-lite,pcsc-lite-2.4.1-2.fc44.src.rpm,U1_TEMPLATE_VALUE_ONLY,/home/emrecan/github/ecylmz/unittrace/artifacts/full/roots/sources/fedora/pcsc-lite/pcsc-lite-2.4.1-2.fc44.src.rpm/pcsc-lite-2.4.1/etc/pcscd.service.in,pcsc-lite-2.4.1-2.fc44.src.rpm,96692881f70a6195331e8164e6f1637f011a6d51c7d7ab31b86eb7c9c6242302,0,,NOT_APPLICABLE,exact basename or unique executable source mapping
https://pcsclite.apdu.fr::pcscd,https://pcsclite.apdu.fr,ubuntu,pcscd,pcsc-lite,2.4.1-1,U1_TEMPLATE_VALUE_ONLY,/home/emrecan/github/ecylmz/unittrace/artifacts/full/roots/sources/ubuntu/pcsc-lite/2.4.1-1/pcsc-lite-2.4.1/etc/pcscd.service.in,2.4.1-1,96692881f70a6195331e8164e6f1637f011a6d51c7d7ab31b86eb7c9c6242302,0,,NOT_APPLICABLE,exact basename or unique executable source mapping
https://perfetto.dev::traced,https://perfetto.dev,fedora,perfetto,perfetto,perfetto-49.0-3.fc43.src.rpm,U0_STATIC,/home/emrecan/github/ecylmz/unittrace/artifacts/full/roots/sources/fedora/perfetto/perfetto-49.0-3.fc43.src.rpm/debian/traced.service,perfetto-49.0-3.fc43.src.rpm,d9a04ffa3c47d034fca0ac491f8a3f2fd414a7f6c53d99831428b99799f89d68,0,,NOT_APPLICABLE,exact basename or unique executable source mapping
https://perfetto.dev::traced,https://perfetto.dev,ubuntu,perfetto,perfetto,53.0-3,U4_NO_UPSTREAM_STATIC_OR_TEMPLATE_UNIT,,53.0-3,,0,,NOT_APPLICABLE,complete pristine orig-tar inventory contained no service unit or template
https://perfetto.dev::traced_probes,https://perfetto.dev,fedora,perfetto,perfetto,perfetto-49.0-3.fc43.src.rpm,U0_STATIC,/home/emrecan/github/ecylmz/unittrace/artifacts/full/roots/sources/fedora/perfetto/perfetto-49.0-3.fc43.src.rpm/debian/traced-probes.service,perfetto-49.0-3.fc43.src.rpm,fa264051554d1a82a876cc1a46a643ba886460c66fb54585a211647add41a882,0,,NOT_APPLICABLE,exact basename or unique executable source mapping
https://perfetto.dev::traced_probes,https://perfetto.dev,ubuntu,perfetto,perfetto,53.0-3,U4_NO_UPSTREAM_STATIC_OR_TEMPLATE_UNIT,,53.0-3,,0,,NOT_APPLICABLE,complete pristine orig-tar inventory contained no service unit or template
https://plocate.sesse.net::updatedb,https://plocate.sesse.net,arch,plocate,plocate,1.1.24-1,U1_TEMPLATE_VALUE_ONLY,/home/emrecan/github/ecylmz/unittrace/artifacts/full/roots/sources/arch/plocate/1.1.24-1/plocate-1.1.24/plocate-updatedb.service.in,1.1.24-1,d8867da6abc3e7062679c51c8b7e46d8f9484c337b127a0efe97410e0bede5a7,0,,NOT_APPLICABLE,exact basename or unique executable source mapping
https://plocate.sesse.net::updatedb,https://plocate.sesse.net,fedora,plocate,plocate,plocate-1.1.24-1.fc44.src.rpm,U1_TEMPLATE_VALUE_ONLY,/home/emrecan/github/ecylmz/unittrace/artifacts/full/roots/sources/fedora/plocate/plocate-1.1.24-1.fc44.src.rpm/plocate-1.1.24/plocate-updatedb.service.in,plocate-1.1.24-1.fc44.src.rpm,d8867da6abc3e7062679c51c8b7e46d8f9484c337b127a0efe97410e0bede5a7,0,,NOT_APPLICABLE,exact basename or unique executable source mapping
https://plocate.sesse.net::updatedb.plocate,https://plocate.sesse.net,debian,plocate,plocate,1.1.23-1,U1_TEMPLATE_VALUE_ONLY,/home/emrecan/github/ecylmz/unittrace/artifacts/full/roots/sources/debian/plocate/1.1.23-1/plocate-1.1.23/plocate-updatedb.service.in,1.1.23-1,f56f4ee223c9e95863ac3368113af79f22637a7f9a91654db11e4eb16c281315,0,,NOT_APPLICABLE,exact basename or unique executable source mapping
https://plocate.sesse.net::updatedb.plocate,https://plocate.sesse.net,ubuntu,plocate,plocate,1.1.23-1ubuntu3,U1_TEMPLATE_VALUE_ONLY,/home/emrecan/github/ecylmz/unittrace/artifacts/full/roots/sources/ubuntu/plocate/1.1.23-1ubuntu3/plocate-1.1.23/plocate-updatedb.service.in,1.1.23-1ubuntu3,f56f4ee223c9e95863ac3368113af79f22637a7f9a91654db11e4eb16c281315,0,,NOT_APPLICABLE,exact basename or unique executable source mapping
https://poptop.sourceforge.net::pptpd,https://poptop.sourceforge.net,arch,pptpd,pptpd,1.5.0-1,U4_NO_UPSTREAM_STATIC_OR_TEMPLATE_UNIT,,1.5.0-1,,0,,NOT_APPLICABLE,complete pristine orig-tar inventory contained no service unit or template
https://poptop.sourceforge.net::pptpd,https://poptop.sourceforge.net,fedora,pptpd,pptpd,pptpd-1.5.0-7.fc44.src.rpm,U4_NO_UPSTREAM_STATIC_OR_TEMPLATE_UNIT,,pptpd-1.5.0-7.fc44.src.rpm,,0,,NOT_APPLICABLE,complete pristine orig-tar inventory contained no service unit or template
https://portsentry.xyz::portsentry,https://portsentry.xyz,fedora,portsentry,portsentry,portsentry-2.0.7-1.fc44.src.rpm,U1_TEMPLATE_VALUE_ONLY,/home/emrecan/github/ecylmz/unittrace/artifacts/full/roots/sources/fedora/portsentry/portsentry-2.0.7-1.fc44.src.rpm/portsentry-2.0.7/init/portsentry.service.in,portsentry-2.0.7-1.fc44.src.rpm,62ab4c015bd589c5722289a4bc8ed8392cf4cb1c63aed6a77bb97303cc49de69,0,,NOT_APPLICABLE,exact basename or unique executable source mapping
https://portsentry.xyz::portsentry,https://portsentry.xyz,ubuntu,portsentry,portsentry,2.0.6-1,U1_TEMPLATE_VALUE_ONLY,/home/emrecan/github/ecylmz/unittrace/artifacts/full/roots/sources/ubuntu/portsentry/2.0.6-1/portsentry-2.0.6/init/portsentry.service.in,2.0.6-1,62ab4c015bd589c5722289a4bc8ed8392cf4cb1c63aed6a77bb97303cc49de69,0,,NOT_APPLICABLE,exact basename or unique executable source mapping
https://postfwd.org::postfwd,https://postfwd.org,arch,postfwd,postfwd,2.03-3,U5_AMBIGUOUS_OR_UNRESOLVED,,2.03-3,,0,,NOT_ATTEMPTED,pristine source unavailable
https://postfwd.org::postfwd,https://postfwd.org,fedora,postfwd,postfwd,postfwd-2.03-13.fc44.src.rpm,U0_STATIC,/home/emrecan/github/ecylmz/unittrace/artifacts/full/roots/sources/fedora/postfwd/postfwd-2.03-13.fc44.src.rpm/postfwd-2.03/bin/postfwd.service,postfwd-2.03-13.fc44.src.rpm,5fe1a575d3da3e817967e84d11a435aed161fabe1b8fcfaedc3305062929987d,0,,NOT_APPLICABLE,exact basename or unique executable source mapping
https://postgrey.schweikert.ch::postgrey,https://postgrey.schweikert.ch,arch,postgrey,postgrey,1.37-7,U4_NO_UPSTREAM_STATIC_OR_TEMPLATE_UNIT,,1.37-7,,0,,NOT_APPLICABLE,complete pristine orig-tar inventory contained no service unit or template
https://postgrey.schweikert.ch::postgrey,https://postgrey.schweikert.ch,fedora,postgrey,postgrey,postgrey-1.37-28.fc44.src.rpm,U4_NO_UPSTREAM_STATIC_OR_TEMPLATE_UNIT,,postgrey-1.37-28.fc44.src.rpm,,0,,NOT_APPLICABLE,complete pristine orig-tar inventory contained no service unit or template
https://postgrey.schweikert.ch::postgrey,https://postgrey.schweikert.ch,ubuntu,postgrey,postgrey,1.37-2.2,U4_NO_UPSTREAM_STATIC_OR_TEMPLATE_UNIT,,1.37-2.2,,0,,NOT_APPLICABLE,complete pristine orig-tar inventory contained no service unit or template
https://prometheus.io::prometheus,https://prometheus.io,arch,prometheus,prometheus,3.13.2-1,U4_NO_UPSTREAM_STATIC_OR_TEMPLATE_UNIT,,3.13.2-1,,0,,NOT_APPLICABLE,complete pristine orig-tar inventory contained no service unit or template
https://prometheus.io::prometheus,https://prometheus.io,debian,prometheus,prometheus,2.53.3+ds1-2,U4_NO_UPSTREAM_STATIC_OR_TEMPLATE_UNIT,,2.53.3+ds1-2,,0,,NOT_APPLICABLE,complete pristine orig-tar inventory contained no service unit or template
https://prometheus.io::prometheus,https://prometheus.io,ubuntu,prometheus,prometheus,2.53.5+ds1-3,U4_NO_UPSTREAM_STATIC_OR_TEMPLATE_UNIT,,2.53.5+ds1-3,,0,,NOT_APPLICABLE,complete pristine orig-tar inventory contained no service unit or template
https://prosody.im::prosody,https://prosody.im,arch,prosody,prosody,1:13.0.6-1,U4_NO_UPSTREAM_STATIC_OR_TEMPLATE_UNIT,,1:13.0.6-1,,0,,NOT_APPLICABLE,complete pristine orig-tar inventory contained no service unit or template
https://prosody.im::prosody,https://prosody.im,fedora,prosody,prosody,prosody-13.0.6-1.fc44.src.rpm,U4_NO_UPSTREAM_STATIC_OR_TEMPLATE_UNIT,,prosody-13.0.6-1.fc44.src.rpm,,0,,NOT_APPLICABLE,complete pristine orig-tar inventory contained no service unit or template
https://qosient.com/argus::radium,https://qosient.com/argus,debian,argus-client,argus-clients,1:5.0.2+git20250321.41f65e2-2,U5_AMBIGUOUS_OR_UNRESOLVED,,1:5.0.2+git20250321.41f65e2-2,,0,,NOT_ATTEMPTED,ambiguous exact artifacts=2
https://qosient.com/argus::radium,https://qosient.com/argus,ubuntu,argus-client,argus-clients,1:5.0.2+git20250321.41f65e2-2ubuntu2,U5_AMBIGUOUS_OR_UNRESOLVED,,1:5.0.2+git20250321.41f65e2-2ubuntu2,,0,,NOT_ATTEMPTED,ambiguous exact artifacts=2
https://qosient.com/argus::rastream,https://qosient.com/argus,debian,argus-client,argus-clients,1:5.0.2+git20250321.41f65e2-2,U1_TEMPLATE_VALUE_ONLY,/home/emrecan/github/ecylmz/unittrace/artifacts/full/roots/sources/debian/argus-clients/5.0.2+git20250321.41f65e2-2/argus-clients-5.0.2+git20250321.41f65e2/pkg/rhel/systemd/rastream.service,1:5.0.2+git20250321.41f65e2-2,84473042e5a11e1f0f5ea4d5890ea57f229173948fb9bb3d10a4fed012068e48,0,,NOT_APPLICABLE,exact basename or unique executable source mapping
https://qosient.com/argus::rastream,https://qosient.com/argus,ubuntu,argus-client,argus-clients,1:5.0.2+git20250321.41f65e2-2ubuntu2,U1_TEMPLATE_VALUE_ONLY,/home/emrecan/github/ecylmz/unittrace/artifacts/full/roots/sources/ubuntu/argus-clients/5.0.2+git20250321.41f65e2-2ubuntu2/argus-clients-5.0.2+git20250321.41f65e2/pkg/rhel/systemd/rastream.service,1:5.0.2+git20250321.41f65e2-2ubuntu2,84473042e5a11e1f0f5ea4d5890ea57f229173948fb9bb3d10a4fed012068e48,0,,NOT_APPLICABLE,exact basename or unique executable source mapping
https://quassel-irc.org::quasselcore,https://quassel-irc.org,arch,quassel-core,quassel,0.14.0-4,U4_NO_UPSTREAM_STATIC_OR_TEMPLATE_UNIT,,0.14.0-4,,0,,NOT_APPLICABLE,complete pristine orig-tar inventory contained no service unit or template
https://quassel-irc.org::quasselcore,https://quassel-irc.org,fedora,quassel-core,quassel,quassel-0.14.0-14.fc44.src.rpm,U4_NO_UPSTREAM_STATIC_OR_TEMPLATE_UNIT,,quassel-0.14.0-14.fc44.src.rpm,,0,,NOT_APPLICABLE,complete pristine orig-tar inventory contained no service unit or template
https://radicale.org::radicale,https://radicale.org,arch,radicale,radicale,3.7.8-1,U4_NO_UPSTREAM_STATIC_OR_TEMPLATE_UNIT,,3.7.8-1,,0,,NOT_APPLICABLE,complete pristine orig-tar inventory contained no service unit or template
https://radicale.org::radicale,https://radicale.org,fedora,radicale3,radicale,radicale-3.7.7-1.fc44.src.rpm,U4_NO_UPSTREAM_STATIC_OR_TEMPLATE_UNIT,,radicale-3.7.7-1.fc44.src.rpm,,0,,NOT_APPLICABLE,complete pristine orig-tar inventory contained no service unit or template
https://radicale.org::radicale,https://radicale.org,ubuntu,radicale,radicale,3.6.0-1ubuntu1,U4_NO_UPSTREAM_STATIC_OR_TEMPLATE_UNIT,,3.6.0-1ubuntu1,,0,,NOT_APPLICABLE,complete pristine orig-tar inventory contained no service unit or template
https://radscan.com/nas.html::nasd,https://radscan.com/nas.html,fedora,nas,nas,nas-1.9.5-15.fc44.src.rpm,U4_NO_UPSTREAM_STATIC_OR_TEMPLATE_UNIT,,nas-1.9.5-15.fc44.src.rpm,,0,,NOT_APPLICABLE,complete pristine orig-tar inventory contained no service unit or template
https://radscan.com/nas.html::nasd,https://radscan.com/nas.html,ubuntu,nas,nas,1.9.4-9.2,U4_NO_UPSTREAM_STATIC_OR_TEMPLATE_UNIT,,1.9.4-9.2,,0,,NOT_APPLICABLE,complete pristine orig-tar inventory contained no service unit or template
https://radsecproxy.github.io::radsecproxy,https://radsecproxy.github.io,debian,radsecproxy,radsecproxy,1.11.2-1,U4_NO_UPSTREAM_STATIC_OR_TEMPLATE_UNIT,,1.11.2-1,,0,,NOT_APPLICABLE,complete pristine orig-tar inventory contained no service unit or template
https://radsecproxy.github.io::radsecproxy,https://radsecproxy.github.io,fedora,radsecproxy,radsecproxy,radsecproxy-1.11.3-1.fc44.src.rpm,U4_NO_UPSTREAM_STATIC_OR_TEMPLATE_UNIT,,radsecproxy-1.11.3-1.fc44.src.rpm,,0,,NOT_APPLICABLE,complete pristine orig-tar inventory contained no service unit or template
https://radsecproxy.github.io::radsecproxy,https://radsecproxy.github.io,ubuntu,radsecproxy,radsecproxy,1.11.2-1build1,U4_NO_UPSTREAM_STATIC_OR_TEMPLATE_UNIT,,1.11.2-1build1,,0,,NOT_APPLICABLE,complete pristine orig-tar inventory contained no service unit or template
https://redict.io::redict-sentinel,https://redict.io,fedora,redict,redict,redict-7.3.6-1.fc44.src.rpm,U5_AMBIGUOUS_OR_UNRESOLVED,,redict-7.3.6-1.fc44.src.rpm,,0,,NOT_ATTEMPTED,"no unique upstream artifact; candidates=2, executable_candidates=0"
https://redict.io::redict-sentinel,https://redict.io,ubuntu,redict-sentinel,redict,7.3.6+ds-1,U5_AMBIGUOUS_OR_UNRESOLVED,,7.3.6+ds-1,,0,,NOT_ATTEMPTED,"no unique upstream artifact; candidates=2, executable_candidates=0"
https://redict.io::redict-server,https://redict.io,fedora,redict,redict,redict-7.3.6-1.fc44.src.rpm,U5_AMBIGUOUS_OR_UNRESOLVED,,redict-7.3.6-1.fc44.src.rpm,,0,,NOT_ATTEMPTED,"no unique upstream artifact; candidates=2, executable_candidates=2"
https://redict.io::redict-server,https://redict.io,ubuntu,redict-server,redict,7.3.6+ds-1,U5_AMBIGUOUS_OR_UNRESOLVED,,7.3.6+ds-1,,0,,NOT_ATTEMPTED,"no unique upstream artifact; candidates=2, executable_candidates=2"
https://roy.marples.name/projects/dhcpcd::dhcpcd,https://roy.marples.name/projects/dhcpcd,arch,dhcpcd,dhcpcd,10.5.0-1,U4_NO_UPSTREAM_STATIC_OR_TEMPLATE_UNIT,,10.5.0-1,,0,,NOT_APPLICABLE,complete pristine orig-tar inventory contained no service unit or template
https://roy.marples.name/projects/dhcpcd::dhcpcd,https://roy.marples.name/projects/dhcpcd,fedora,dhcpcd,dhcpcd,dhcpcd-10.3.2-1.fc44.src.rpm,U4_NO_UPSTREAM_STATIC_OR_TEMPLATE_UNIT,,dhcpcd-10.3.2-1.fc44.src.rpm,,0,,NOT_APPLICABLE,complete pristine orig-tar inventory contained no service unit or template
https://rspamd.com::upstream-unit::rspamd.service,https://rspamd.com,debian,rspamd,rspamd,3.12.1-1,U1_TEMPLATE_VALUE_ONLY,/home/emrecan/github/ecylmz/unittrace/artifacts/full/roots/sources/debian/rspamd/3.12.1-1/rspamd-3.12.1/rspamd.service,3.12.1-1,8eb25a6315383def50c8fb65f089e648d6358c1b3f8af928319f09e9ae3844e9,0,,NOT_APPLICABLE,exact basename or unique executable source mapping
https://rspamd.com::upstream-unit::rspamd.service,https://rspamd.com,ubuntu,rspamd,rspamd,3.8.1-1.2ubuntu3,U1_TEMPLATE_VALUE_ONLY,/home/emrecan/github/ecylmz/unittrace/artifacts/full/roots/sources/ubuntu/rspamd/3.8.1-1.2ubuntu3/rspamd-3.8.1/rspamd.service,3.8.1-1.2ubuntu3,8eb25a6315383def50c8fb65f089e648d6358c1b3f8af928319f09e9ae3844e9,0,,NOT_APPLICABLE,exact basename or unique executable source mapping
https://rsync.samba.org::upstream-unit::packaging/systemd/rsync.service,https://rsync.samba.org,arch,rsync,rsync,3.4.4-1,U5_AMBIGUOUS_OR_UNRESOLVED,,3.4.4-1,,0,,NOT_ATTEMPTED,"no unique upstream artifact; candidates=2, executable_candidates=2"
https://rsync.samba.org::upstream-unit::packaging/systemd/rsync.service,https://rsync.samba.org,debian,rsync,rsync,3.4.1+ds1-5+deb13u4,U0_STATIC,/home/emrecan/github/ecylmz/unittrace/artifacts/full/roots/sources/debian/rsync/3.4.1+ds1-5+deb13u4/rsync-3.4.1/packaging/systemd/rsync.service,3.4.1+ds1-5+deb13u4,2e28030011f157a267bd85c101e6803ba14036844275680776fc81a905ebc4b3,0,,NOT_APPLICABLE,exact basename or unique executable source mapping
https://rsync.samba.org::upstream-unit::packaging/systemd/rsync.service,https://rsync.samba.org,ubuntu,rsync,rsync,3.4.1+ds1-7,U0_STATIC,/home/emrecan/github/ecylmz/unittrace/artifacts/full/roots/sources/ubuntu/rsync/3.4.1+ds1-7/rsync-3.4.1/packaging/systemd/rsync.service,3.4.1+ds1-7,2e28030011f157a267bd85c101e6803ba14036844275680776fc81a905ebc4b3,0,,NOT_APPLICABLE,exact basename or unique executable source mapping
https://salsa.debian.org/consolation-team/consolation::consolation,https://salsa.debian.org/consolation-team/consolation,debian,consolation,consolation,0.0.10-1,U1_TEMPLATE_VALUE_ONLY,/home/emrecan/github/ecylmz/unittrace/artifacts/full/roots/sources/debian/consolation/0.0.10-1/consolation-0.0.10/consolation.service.in,0.0.10-1,e19e6a6bcc3cddc583434fc54e8f439a10beeea5d71083f1f13429fbdb666327,0,,NOT_APPLICABLE,exact basename or unique executable source mapping
https://salsa.debian.org/consolation-team/consolation::consolation,https://salsa.debian.org/consolation-team/consolation,fedora,consolation,consolation,consolation-0.0.7-17.fc44.src.rpm,U1_TEMPLATE_VALUE_ONLY,/home/emrecan/github/ecylmz/unittrace/artifacts/full/roots/sources/fedora/consolation/consolation-0.0.7-17.fc44.src.rpm/consolation-consolation-0.0.7/consolation.service.in,consolation-0.0.7-17.fc44.src.rpm,e19e6a6bcc3cddc583434fc54e8f439a10beeea5d71083f1f13429fbdb666327,0,,NOT_APPLICABLE,exact basename or unique executable source mapping
https://salsa.debian.org/consolation-team/consolation::consolation,https://salsa.debian.org/consolation-team/consolation,ubuntu,consolation,consolation,0.0.10-1build1,U1_TEMPLATE_VALUE_ONLY,/home/emrecan/github/ecylmz/unittrace/artifacts/full/roots/sources/ubuntu/consolation/0.0.10-1build1/consolation-0.0.10/consolation.service.in,0.0.10-1build1,e19e6a6bcc3cddc583434fc54e8f439a10beeea5d71083f1f13429fbdb666327,0,,NOT_APPLICABLE,exact basename or unique executable source mapping
https://savannah.nongnu.org/projects/hddtemp::hddtemp,https://savannah.nongnu.org/projects/hddtemp,arch,hddtemp,hddtemp,0.3.beta15.54-5,U5_AMBIGUOUS_OR_UNRESOLVED,,0.3.beta15.54-5,,0,,NOT_ATTEMPTED,pristine source unavailable
https://savannah.nongnu.org/projects/hddtemp::hddtemp,https://savannah.nongnu.org/projects/hddtemp,fedora,hddtemp,hddtemp,hddtemp-0.3-0.60.beta15.fc44.src.rpm,U4_NO_UPSTREAM_STATIC_OR_TEMPLATE_UNIT,,hddtemp-0.3-0.60.beta15.fc44.src.rpm,,0,,NOT_APPLICABLE,complete pristine orig-tar inventory contained no service unit or template
https://security.appspot.com/vsftpd.html::vsftpd,https://security.appspot.com/vsftpd.html,arch,vsftpd,vsftpd,3.0.5-2,U5_AMBIGUOUS_OR_UNRESOLVED,,3.0.5-2,,0,,NOT_ATTEMPTED,pristine source unavailable
https://security.appspot.com/vsftpd.html::vsftpd,https://security.appspot.com/vsftpd.html,fedora,vsftpd,vsftpd,vsftpd-3.0.5-15.fc44.src.rpm,U4_NO_UPSTREAM_STATIC_OR_TEMPLATE_UNIT,,vsftpd-3.0.5-15.fc44.src.rpm,,0,,NOT_APPLICABLE,complete pristine orig-tar inventory contained no service unit or template
https://slurm.schedmd.com::sackd,https://slurm.schedmd.com,debian,sackd,slurm-wlm,24.11.5-4,U2_TEMPLATE_STRUCTURAL,/home/emrecan/github/ecylmz/unittrace/artifacts/full/roots/sources/debian/slurm-wlm/24.11.5-4/slurm-slurm-24-11-5-1/etc/sackd.service.in,24.11.5-4,3461ed65ea0c272a9c6dfcdb90548b79af1fb91238ec28b0352f665bf8317fc9,1,,NOT_APPLICABLE,exact basename or unique executable source mapping
https://slurm.schedmd.com::sackd,https://slurm.schedmd.com,ubuntu,sackd,slurm-wlm,25.11.2-1ubuntu2,U2_TEMPLATE_STRUCTURAL,/home/emrecan/github/ecylmz/unittrace/artifacts/full/roots/sources/ubuntu/slurm-wlm/25.11.2-1ubuntu2/slurm-slurm-25-11-2-1/etc/sackd.service.in,25.11.2-1ubuntu2,3461ed65ea0c272a9c6dfcdb90548b79af1fb91238ec28b0352f665bf8317fc9,1,,NOT_APPLICABLE,exact basename or unique executable source mapping
https://slurm.schedmd.com::slurmctld,https://slurm.schedmd.com,debian,slurmctld,slurm-wlm,24.11.5-4,U2_TEMPLATE_STRUCTURAL,/home/emrecan/github/ecylmz/unittrace/artifacts/full/roots/sources/debian/slurm-wlm/24.11.5-4/slurm-slurm-24-11-5-1/etc/slurmctld.service.in,24.11.5-4,b5cc55a443c1773d8791581b1d4cbf99adfed1117a40354b0a1605d29b7b3d47,1,,NOT_APPLICABLE,exact basename or unique executable source mapping
https://slurm.schedmd.com::slurmctld,https://slurm.schedmd.com,fedora,slurm-slurmctld,slurm,slurm-24.05.2-6.fc44.src.rpm,U2_TEMPLATE_STRUCTURAL,/home/emrecan/github/ecylmz/unittrace/artifacts/full/roots/sources/fedora/slurm/slurm-24.05.2-6.fc44.src.rpm/slurm-24.05.2/etc/slurmctld.service.in,slurm-24.05.2-6.fc44.src.rpm,b5cc55a443c1773d8791581b1d4cbf99adfed1117a40354b0a1605d29b7b3d47,1,,NOT_APPLICABLE,exact basename or unique executable source mapping
https://slurm.schedmd.com::slurmctld,https://slurm.schedmd.com,ubuntu,slurmctld,slurm-wlm,25.11.2-1ubuntu2,U2_TEMPLATE_STRUCTURAL,/home/emrecan/github/ecylmz/unittrace/artifacts/full/roots/sources/ubuntu/slurm-wlm/25.11.2-1ubuntu2/slurm-slurm-25-11-2-1/etc/slurmctld.service.in,25.11.2-1ubuntu2,6b886c2a644140c205282845f05354b92b4a25df77b18a415cb062531a5a972d,1,,NOT_APPLICABLE,exact basename or unique executable source mapping
https://slurm.schedmd.com::slurmd,https://slurm.schedmd.com,debian,slurmd,slurm-wlm,24.11.5-4,U2_TEMPLATE_STRUCTURAL,/home/emrecan/github/ecylmz/unittrace/artifacts/full/roots/sources/debian/slurm-wlm/24.11.5-4/slurm-slurm-24-11-5-1/etc/slurmd.service.in,24.11.5-4,71fc3ae82939771246fa339d34a1c8f27d662d4d418bd77165866a137b36b005,1,,NOT_APPLICABLE,exact basename or unique executable source mapping
https://slurm.schedmd.com::slurmd,https://slurm.schedmd.com,fedora,slurm-slurmd,slurm,slurm-24.05.2-6.fc44.src.rpm,U2_TEMPLATE_STRUCTURAL,/home/emrecan/github/ecylmz/unittrace/artifacts/full/roots/sources/fedora/slurm/slurm-24.05.2-6.fc44.src.rpm/slurm-24.05.2/etc/slurmd.service.in,slurm-24.05.2-6.fc44.src.rpm,71fc3ae82939771246fa339d34a1c8f27d662d4d418bd77165866a137b36b005,1,,NOT_APPLICABLE,exact basename or unique executable source mapping
https://slurm.schedmd.com::slurmd,https://slurm.schedmd.com,ubuntu,slurmd,slurm-wlm,25.11.2-1ubuntu2,U2_TEMPLATE_STRUCTURAL,/home/emrecan/github/ecylmz/unittrace/artifacts/full/roots/sources/ubuntu/slurm-wlm/25.11.2-1ubuntu2/slurm-slurm-25-11-2-1/etc/slurmd.service.in,25.11.2-1ubuntu2,71fc3ae82939771246fa339d34a1c8f27d662d4d418bd77165866a137b36b005,1,,NOT_APPLICABLE,exact basename or unique executable source mapping
https://slurm.schedmd.com::slurmdbd,https://slurm.schedmd.com,debian,slurmdbd,slurm-wlm,24.11.5-4,U2_TEMPLATE_STRUCTURAL,/home/emrecan/github/ecylmz/unittrace/artifacts/full/roots/sources/debian/slurm-wlm/24.11.5-4/slurm-slurm-24-11-5-1/etc/slurmdbd.service.in,24.11.5-4,0a154111286056a4bdee9361d90b10b7882883861e77fdcd4cd99bf9363a690c,1,,NOT_APPLICABLE,exact basename or unique executable source mapping
https://slurm.schedmd.com::slurmdbd,https://slurm.schedmd.com,fedora,slurm-slurmdbd,slurm,slurm-24.05.2-6.fc44.src.rpm,U2_TEMPLATE_STRUCTURAL,/home/emrecan/github/ecylmz/unittrace/artifacts/full/roots/sources/fedora/slurm/slurm-24.05.2-6.fc44.src.rpm/slurm-24.05.2/etc/slurmdbd.service.in,slurm-24.05.2-6.fc44.src.rpm,0a154111286056a4bdee9361d90b10b7882883861e77fdcd4cd99bf9363a690c,1,,NOT_APPLICABLE,exact basename or unique executable source mapping
https://slurm.schedmd.com::slurmdbd,https://slurm.schedmd.com,ubuntu,slurmdbd,slurm-wlm,25.11.2-1ubuntu2,U2_TEMPLATE_STRUCTURAL,/home/emrecan/github/ecylmz/unittrace/artifacts/full/roots/sources/ubuntu/slurm-wlm/25.11.2-1ubuntu2/slurm-slurm-25-11-2-1/etc/slurmdbd.service.in,25.11.2-1ubuntu2,4faba72033e9441e5797f7503662661c3ed0e00fe82d685d74e18de7bf8ff13a,1,,NOT_APPLICABLE,exact basename or unique executable source mapping
https://slurm.schedmd.com::slurmrestd,https://slurm.schedmd.com,debian,slurmrestd,slurm-wlm,24.11.5-4,U1_TEMPLATE_VALUE_ONLY,/home/emrecan/github/ecylmz/unittrace/artifacts/full/roots/sources/debian/slurm-wlm/24.11.5-4/slurm-slurm-24-11-5-1/etc/slurmrestd.service.in,24.11.5-4,4b844b1ea1cf200eb7e17540e537cbc2911d184091fbcfcc590c639c8988f588,0,,NOT_APPLICABLE,exact basename or unique executable source mapping
https://slurm.schedmd.com::slurmrestd,https://slurm.schedmd.com,fedora,slurm-slurmrestd,slurm,slurm-24.05.2-6.fc44.src.rpm,U1_TEMPLATE_VALUE_ONLY,/home/emrecan/github/ecylmz/unittrace/artifacts/full/roots/sources/fedora/slurm/slurm-24.05.2-6.fc44.src.rpm/slurm-24.05.2/etc/slurmrestd.service.in,slurm-24.05.2-6.fc44.src.rpm,4b844b1ea1cf200eb7e17540e537cbc2911d184091fbcfcc590c639c8988f588,0,,NOT_APPLICABLE,exact basename or unique executable source mapping
https://slurm.schedmd.com::slurmrestd,https://slurm.schedmd.com,ubuntu,slurmrestd,slurm-wlm,25.11.2-1ubuntu2,U1_TEMPLATE_VALUE_ONLY,/home/emrecan/github/ecylmz/unittrace/artifacts/full/roots/sources/ubuntu/slurm-wlm/25.11.2-1ubuntu2/slurm-slurm-25-11-2-1/etc/slurmrestd.service.in,25.11.2-1ubuntu2,b6b509d03dbb608ce122353ede65a551ad7fa8366ed957742348c647c8432a06,0,,NOT_APPLICABLE,exact basename or unique executable source mapping
https://snapper.io::snapper,https://snapper.io,debian,snapper,snapper,0.10.6-1.2,U5_AMBIGUOUS_OR_UNRESOLVED,,0.10.6-1.2,,0,,NOT_ATTEMPTED,"no unique upstream artifact; candidates=5, executable_candidates=5"
https://snapper.io::snapper,https://snapper.io,ubuntu,snapper,snapper,0.10.6-1.3,U5_AMBIGUOUS_OR_UNRESOLVED,,0.10.6-1.3,,0,,NOT_ATTEMPTED,"no unique upstream artifact; candidates=5, executable_candidates=5"
https://snapper.io::snapperd,https://snapper.io,debian,snapper,snapper,0.10.6-1.2,U0_STATIC,/home/emrecan/github/ecylmz/unittrace/artifacts/full/roots/sources/debian/snapper/0.10.6-1.2/snapper-0.10.6/data/snapperd.service,0.10.6-1.2,dbdb25e0e28cc400cd1486501784af4d62389c2ddb03511c58c404cc55bde093,0,,NOT_APPLICABLE,exact basename or unique executable source mapping
https://snapper.io::snapperd,https://snapper.io,ubuntu,snapper,snapper,0.10.6-1.3,U0_STATIC,/home/emrecan/github/ecylmz/unittrace/artifacts/full/roots/sources/ubuntu/snapper/0.10.6-1.3/snapper-0.10.6/data/snapperd.service,0.10.6-1.3,dbdb25e0e28cc400cd1486501784af4d62389c2ddb03511c58c404cc55bde093,0,,NOT_APPLICABLE,exact basename or unique executable source mapping
https://snapper.io::upstream-unit::data/backup.service,https://snapper.io,arch,snapper,snapper,0.13.1-2,U0_STATIC,/home/emrecan/github/ecylmz/unittrace/artifacts/full/roots/sources/arch/snapper/0.13.1-2/snapper-8cfc33817b91dbf7194d7fd043dc378026d01db5/data/backup.service,0.13.1-2,3d47a24de08f4e8da3d8866b9b9c2f378a34310e29236b36085220ab34d3ae6b,0,,NOT_APPLICABLE,exact basename or unique executable source mapping
https://snapper.io::upstream-unit::data/backup.service,https://snapper.io,fedora,snapper-backup,snapper,snapper-0.13.0-3.fc44.src.rpm,U0_STATIC,/home/emrecan/github/ecylmz/unittrace/artifacts/full/roots/sources/fedora/snapper/snapper-0.13.0-3.fc44.src.rpm/snapper-0.13.0/data/backup.service,snapper-0.13.0-3.fc44.src.rpm,cb0e5514edda09e51fb40136e64f5c953c3e09e1b9f0c67957aba92cf8e1fcb4,0,,NOT_APPLICABLE,exact basename or unique executable source mapping
https://snapper.io::upstream-unit::data/boot.service,https://snapper.io,arch,snapper,snapper,0.13.1-2,U5_AMBIGUOUS_OR_UNRESOLVED,,0.13.1-2,,0,,NOT_ATTEMPTED,"no unique upstream artifact; candidates=6, executable_candidates=5"
https://snapper.io::upstream-unit::data/boot.service,https://snapper.io,fedora,snapper,snapper,snapper-0.13.0-3.fc44.src.rpm,U5_AMBIGUOUS_OR_UNRESOLVED,,snapper-0.13.0-3.fc44.src.rpm,,0,,NOT_ATTEMPTED,"no unique upstream artifact; candidates=6, executable_candidates=5"
https://snapper.io::upstream-unit::data/cleanup.service,https://snapper.io,arch,snapper,snapper,0.13.1-2,U5_AMBIGUOUS_OR_UNRESOLVED,,0.13.1-2,,0,,NOT_ATTEMPTED,"no unique upstream artifact; candidates=6, executable_candidates=2"
https://snapper.io::upstream-unit::data/cleanup.service,https://snapper.io,debian,snapper,snapper,0.10.6-1.2,U5_AMBIGUOUS_OR_UNRESOLVED,,0.10.6-1.2,,0,,NOT_ATTEMPTED,"no unique upstream artifact; candidates=5, executable_candidates=2"
https://snapper.io::upstream-unit::data/cleanup.service,https://snapper.io,ubuntu,snapper,snapper,0.10.6-1.3,U5_AMBIGUOUS_OR_UNRESOLVED,,0.10.6-1.3,,0,,NOT_ATTEMPTED,"no unique upstream artifact; candidates=5, executable_candidates=2"
https://snapper.io::upstream-unit::data/snapperd.service,https://snapper.io,arch,snapper,snapper,0.13.1-2,U0_STATIC,/home/emrecan/github/ecylmz/unittrace/artifacts/full/roots/sources/arch/snapper/0.13.1-2/snapper-8cfc33817b91dbf7194d7fd043dc378026d01db5/data/snapperd.service,0.13.1-2,20d019e8073af8be9642721a813bfe96ed24193506317e7b68b1b5ae1f5c43fc,0,,NOT_APPLICABLE,exact basename or unique executable source mapping
https://snapper.io::upstream-unit::data/snapperd.service,https://snapper.io,fedora,snapper,snapper,snapper-0.13.0-3.fc44.src.rpm,U0_STATIC,/home/emrecan/github/ecylmz/unittrace/artifacts/full/roots/sources/fedora/snapper/snapper-0.13.0-3.fc44.src.rpm/snapper-0.13.0/data/snapperd.service,snapper-0.13.0-3.fc44.src.rpm,20d019e8073af8be9642721a813bfe96ed24193506317e7b68b1b5ae1f5c43fc,0,,NOT_APPLICABLE,exact basename or unique executable source mapping
https://snapper.io::upstream-unit::data/timeline.service,https://snapper.io,arch,snapper,snapper,0.13.1-2,U5_AMBIGUOUS_OR_UNRESOLVED,,0.13.1-2,,0,,NOT_ATTEMPTED,"no unique upstream artifact; candidates=6, executable_candidates=2"
https://snapper.io::upstream-unit::data/timeline.service,https://snapper.io,debian,snapper,snapper,0.10.6-1.2,U5_AMBIGUOUS_OR_UNRESOLVED,,0.10.6-1.2,,0,,NOT_ATTEMPTED,"no unique upstream artifact; candidates=5, executable_candidates=2"
https://snapper.io::upstream-unit::data/timeline.service,https://snapper.io,ubuntu,snapper,snapper,0.10.6-1.3,U5_AMBIGUOUS_OR_UNRESOLVED,,0.10.6-1.3,,0,,NOT_ATTEMPTED,"no unique upstream artifact; candidates=5, executable_candidates=2"
https://soju.im::soju,https://soju.im,arch,soju,soju,0.10.1-1,U5_AMBIGUOUS_OR_UNRESOLVED,,0.10.1-1,,0,,NOT_ATTEMPTED,pristine source unavailable
https://soju.im::soju,https://soju.im,debian,soju,soju,0.9.0-1,U1_TEMPLATE_VALUE_ONLY,/home/emrecan/github/ecylmz/unittrace/artifacts/full/roots/sources/debian/soju/0.9.0-1/soju-0.9.0/contrib/soju.service,0.9.0-1,8079f1c92cde4ab62c0ec3c6033292b388d46bd54de86c62a1c30cd23a7fcbf1,0,,NOT_APPLICABLE,exact basename or unique executable source mapping
https://soju.im::soju,https://soju.im,ubuntu,soju,soju,0.10.1-1,U1_TEMPLATE_VALUE_ONLY,/home/emrecan/github/ecylmz/unittrace/artifacts/full/roots/sources/ubuntu/soju/0.10.1-1/soju-0.10.1/contrib/soju.service,0.10.1-1,8079f1c92cde4ab62c0ec3c6033292b388d46bd54de86c62a1c30cd23a7fcbf1,0,,NOT_APPLICABLE,exact basename or unique executable source mapping
https://sourceforge.net/projects/acpid2::acpid,https://sourceforge.net/projects/acpid2,arch,acpid,acpid,2.0.34-2,U4_NO_UPSTREAM_STATIC_OR_TEMPLATE_UNIT,,2.0.34-2,,0,,NOT_APPLICABLE,complete pristine orig-tar inventory contained no service unit or template
https://sourceforge.net/projects/acpid2::acpid,https://sourceforge.net/projects/acpid2,debian,acpid,acpid,1:2.0.34-1,U4_NO_UPSTREAM_STATIC_OR_TEMPLATE_UNIT,,1:2.0.34-1,,0,,NOT_APPLICABLE,complete pristine orig-tar inventory contained no service unit or template
https://sourceforge.net/projects/acpid2::acpid,https://sourceforge.net/projects/acpid2,fedora,acpid,acpid,acpid-2.0.34-16.fc44.src.rpm,U4_NO_UPSTREAM_STATIC_OR_TEMPLATE_UNIT,,acpid-2.0.34-16.fc44.src.rpm,,0,,NOT_APPLICABLE,complete pristine orig-tar inventory contained no service unit or template
https://sourceforge.net/projects/acpid2::acpid,https://sourceforge.net/projects/acpid2,ubuntu,acpid,acpid,1:2.0.34-1ubuntu3,U4_NO_UPSTREAM_STATIC_OR_TEMPLATE_UNIT,,1:2.0.34-1ubuntu3,,0,,NOT_APPLICABLE,complete pristine orig-tar inventory contained no service unit or template
https://sourceforge.net/projects/atftp::in.tftpd,https://sourceforge.net/projects/atftp,debian,atftpd,atftp,0.8.0-8,U4_NO_UPSTREAM_STATIC_OR_TEMPLATE_UNIT,,0.8.0-8,,0,,NOT_APPLICABLE,complete pristine orig-tar inventory contained no service unit or template
https://sourceforge.net/projects/atftp::in.tftpd,https://sourceforge.net/projects/atftp,ubuntu,atftpd,atftp,0.8.0-8build1,U4_NO_UPSTREAM_STATIC_OR_TEMPLATE_UNIT,,0.8.0-8build1,,0,,NOT_APPLICABLE,complete pristine orig-tar inventory contained no service unit or template
https://sourceforge.net/projects/dict::dictd,https://sourceforge.net/projects/dict,arch,dictd,dictd,1.13.3-1,U4_NO_UPSTREAM_STATIC_OR_TEMPLATE_UNIT,,1.13.3-1,,0,,NOT_APPLICABLE,complete pristine orig-tar inventory contained no service unit or template
https://sourceforge.net/projects/dict::dictd,https://sourceforge.net/projects/dict,ubuntu,dictd,dictd,1.13.1+dfsg-1.3,U4_NO_UPSTREAM_STATIC_OR_TEMPLATE_UNIT,,1.13.1+dfsg-1.3,,0,,NOT_APPLICABLE,complete pristine orig-tar inventory contained no service unit or template
https://sourceforge.net/projects/linuxquota::quota-initial-check.sh,https://sourceforge.net/projects/linuxquota,debian,quota,quota,4.09-1,U4_NO_UPSTREAM_STATIC_OR_TEMPLATE_UNIT,,4.09-1,,0,,NOT_APPLICABLE,complete pristine orig-tar inventory contained no service unit or template
https://sourceforge.net/projects/linuxquota::quota-initial-check.sh,https://sourceforge.net/projects/linuxquota,ubuntu,quota,quota,4.09-1build1,U4_NO_UPSTREAM_STATIC_OR_TEMPLATE_UNIT,,4.09-1build1,,0,,NOT_APPLICABLE,complete pristine orig-tar inventory contained no service unit or template
https://sourceforge.net/projects/linuxquota::quotarpc.sh,https://sourceforge.net/projects/linuxquota,debian,quota,quota,4.09-1,U4_NO_UPSTREAM_STATIC_OR_TEMPLATE_UNIT,,4.09-1,,0,,NOT_APPLICABLE,complete pristine orig-tar inventory contained no service unit or template
https://sourceforge.net/projects/linuxquota::quotarpc.sh,https://sourceforge.net/projects/linuxquota,ubuntu,quota,quota,4.09-1build1,U4_NO_UPSTREAM_STATIC_OR_TEMPLATE_UNIT,,4.09-1build1,,0,,NOT_APPLICABLE,complete pristine orig-tar inventory contained no service unit or template
https://sourceforge.net/projects/minidlna::minidlnad,https://sourceforge.net/projects/minidlna,arch,minidlna,minidlna,1.3.3-7,U5_AMBIGUOUS_OR_UNRESOLVED,,1.3.3-7,,0,,NOT_ATTEMPTED,pristine source unavailable
https://sourceforge.net/projects/minidlna::minidlnad,https://sourceforge.net/projects/minidlna,debian,minidlna,minidlna,1.3.3+dfsg-1.1,U4_NO_UPSTREAM_STATIC_OR_TEMPLATE_UNIT,,1.3.3+dfsg-1.1,,0,,NOT_APPLICABLE,complete pristine orig-tar inventory contained no service unit or template
https://sourceforge.net/projects/minidlna::minidlnad,https://sourceforge.net/projects/minidlna,fedora,minidlna,minidlna,minidlna-1.3.3-16.fc44.src.rpm,U4_NO_UPSTREAM_STATIC_OR_TEMPLATE_UNIT,,minidlna-1.3.3-16.fc44.src.rpm,,0,,NOT_APPLICABLE,complete pristine orig-tar inventory contained no service unit or template
https://sourceforge.net/projects/minidlna::minidlnad,https://sourceforge.net/projects/minidlna,ubuntu,minidlna,minidlna,1.3.3+dfsg-1.1build2,U4_NO_UPSTREAM_STATIC_OR_TEMPLATE_UNIT,,1.3.3+dfsg-1.1build2,,0,,NOT_APPLICABLE,complete pristine orig-tar inventory contained no service unit or template
https://sourceforge.net/projects/rpcbind::rpcbind,https://sourceforge.net/projects/rpcbind,debian,rpcbind,rpcbind,1.2.7-1,U1_TEMPLATE_VALUE_ONLY,/home/emrecan/github/ecylmz/unittrace/artifacts/full/roots/sources/debian/rpcbind/1.2.7-1/rpcbind-1.2.7/systemd/rpcbind.service.in,1.2.7-1,9da8b3d53602c3a037c30916a2b880c3bbeb97b8fdba924bc605cd326d20c90e,0,,NOT_APPLICABLE,exact basename or unique executable source mapping
https://sourceforge.net/projects/rpcbind::rpcbind,https://sourceforge.net/projects/rpcbind,fedora,rpcbind,rpcbind,rpcbind-1.2.9-2.fc44.src.rpm,U1_TEMPLATE_VALUE_ONLY,/home/emrecan/github/ecylmz/unittrace/artifacts/full/roots/sources/fedora/rpcbind/rpcbind-1.2.9-2.fc44.src.rpm/rpcbind-1.2.9/systemd/rpcbind.service.in,rpcbind-1.2.9-2.fc44.src.rpm,6cdbe1f119eb06bb18e11541d3e60d2820363e34c76afd38159d72db29f23f0f,0,,NOT_APPLICABLE,exact basename or unique executable source mapping
https://sourceforge.net/projects/rpcbind::rpcbind,https://sourceforge.net/projects/rpcbind,ubuntu,rpcbind,rpcbind,1.2.7-1build2,U1_TEMPLATE_VALUE_ONLY,/home/emrecan/github/ecylmz/unittrace/artifacts/full/roots/sources/ubuntu/rpcbind/1.2.7-1build2/rpcbind-1.2.7/systemd/rpcbind.service.in,1.2.7-1build2,9da8b3d53602c3a037c30916a2b880c3bbeb97b8fdba924bc605cd326d20c90e,0,,NOT_APPLICABLE,exact basename or unique executable source mapping
https://sourceforge.net/projects/slim-fork::slim,https://sourceforge.net/projects/slim-fork,debian,slim,slim,1.4.1-2,U0_STATIC,/home/emrecan/github/ecylmz/unittrace/artifacts/full/roots/sources/debian/slim/1.4.1-2/slim-1.4.1/slim.service,1.4.1-2,69adcbf386eac48a6af07333c91c9753e36b5dcb6c5888a8837adffff8b1c469,0,,NOT_APPLICABLE,exact basename or unique executable source mapping
https://sourceforge.net/projects/slim-fork::slim,https://sourceforge.net/projects/slim-fork,fedora,slim,slim,slim-1.4.0-16.fc44.src.rpm,U0_STATIC,/home/emrecan/github/ecylmz/unittrace/artifacts/full/roots/sources/fedora/slim/slim-1.4.0-16.fc44.src.rpm/slim-1.4.0/slim.service,slim-1.4.0-16.fc44.src.rpm,925fcf29e9ba0b47ff215ccf9831cf47e95a48661262d03a82599352a4df5802,0,,NOT_APPLICABLE,exact basename or unique executable source mapping
https://sourceforge.net/projects/slim-fork::slim,https://sourceforge.net/projects/slim-fork,ubuntu,slim,slim,1.4.1-3,U0_STATIC,/home/emrecan/github/ecylmz/unittrace/artifacts/full/roots/sources/ubuntu/slim/1.4.1-3/slim-1.4.1/slim.service,1.4.1-3,69adcbf386eac48a6af07333c91c9753e36b5dcb6c5888a8837adffff8b1c469,0,,NOT_APPLICABLE,exact basename or unique executable source mapping
https://sourceware.org/lvm2::dmeventd,https://sourceware.org/lvm2,debian,dmeventd,lvm2,2.03.31-2,U5_AMBIGUOUS_OR_UNRESOLVED,,2.03.31-2,,0,,NOT_ATTEMPTED,"no unique upstream artifact; candidates=11, executable_candidates=2"
https://sourceware.org/lvm2::dmeventd,https://sourceware.org/lvm2,fedora,device-mapper-event,lvm2,lvm2-2.03.38-2.fc44.src.rpm,U5_AMBIGUOUS_OR_UNRESOLVED,,lvm2-2.03.38-2.fc44.src.rpm,,0,,NOT_ATTEMPTED,"no unique upstream artifact; candidates=11, executable_candidates=2"
https://sourceware.org/lvm2::dmeventd,https://sourceware.org/lvm2,ubuntu,dmeventd,lvm2,2.03.31-2ubuntu3,U5_AMBIGUOUS_OR_UNRESOLVED,,2.03.31-2ubuntu3,,0,,NOT_ATTEMPTED,"no unique upstream artifact; candidates=11, executable_candidates=2"
https://sourceware.org/lvm2::lvmdbusd,https://sourceware.org/lvm2,fedora,lvm2-dbusd,lvm2,lvm2-2.03.38-2.fc44.src.rpm,U5_AMBIGUOUS_OR_UNRESOLVED,,lvm2-2.03.38-2.fc44.src.rpm,,0,,NOT_ATTEMPTED,"no unique upstream artifact; candidates=11, executable_candidates=2"
https://sourceware.org/lvm2::lvmdbusd,https://sourceware.org/lvm2,ubuntu,lvm2-dbusd,lvm2,2.03.31-2ubuntu3,U5_AMBIGUOUS_OR_UNRESOLVED,,2.03.31-2ubuntu3,,0,,NOT_ATTEMPTED,"no unique upstream artifact; candidates=11, executable_candidates=2"
https://sourceware.org/lvm2::lvmlockd,https://sourceware.org/lvm2,debian,lvm2-lockd,lvm2,2.03.31-2,U1_TEMPLATE_VALUE_ONLY,/home/emrecan/github/ecylmz/unittrace/artifacts/full/roots/sources/debian/lvm2/2.03.31-2/LVM2.2.03.31/scripts/lvmlockd.service.in,2.03.31-2,8e4e3754e9d2fd533eebb8e9fdb4402d7983fe3082ef59f5ca9bf2fec41c09b1,0,,NOT_APPLICABLE,exact basename or unique executable source mapping
https://sourceware.org/lvm2::lvmlockd,https://sourceware.org/lvm2,fedora,lvm2-lockd,lvm2,lvm2-2.03.38-2.fc44.src.rpm,U1_TEMPLATE_VALUE_ONLY,/home/emrecan/github/ecylmz/unittrace/artifacts/full/roots/sources/fedora/lvm2/lvm2-2.03.38-2.fc44.src.rpm/LVM2.2.03.38/scripts/lvmlockd.service.in,lvm2-2.03.38-2.fc44.src.rpm,8e4e3754e9d2fd533eebb8e9fdb4402d7983fe3082ef59f5ca9bf2fec41c09b1,0,,NOT_APPLICABLE,exact basename or unique executable source mapping
https://sourceware.org/lvm2::lvmlockd,https://sourceware.org/lvm2,ubuntu,lvm2-lockd,lvm2,2.03.31-2ubuntu3,U1_TEMPLATE_VALUE_ONLY,/home/emrecan/github/ecylmz/unittrace/artifacts/full/roots/sources/ubuntu/lvm2/2.03.31-2ubuntu3/LVM2.2.03.31/scripts/lvmlockd.service.in,2.03.31-2ubuntu3,8e4e3754e9d2fd533eebb8e9fdb4402d7983fe3082ef59f5ca9bf2fec41c09b1,0,,NOT_APPLICABLE,exact basename or unique executable source mapping
https://sourceware.org/lvm2::lvmpolld,https://sourceware.org/lvm2,arch,lvm2,lvm2,2.03.42-1,U1_TEMPLATE_VALUE_ONLY,/home/emrecan/github/ecylmz/unittrace/artifacts/full/roots/sources/arch/lvm2/2.03.42-1/lvm2-56bef2d3430fcc5d5b00f64c099251ea824ad16f/scripts/lvm2_lvmpolld_systemd_red_hat.service.in,2.03.42-1,e3aeac5d6cddd74a6a8cc28dd1b606fc95b66a891bbb239e79e3d3f7e6e07c53,0,,NOT_APPLICABLE,exact basename or unique executable source mapping
https://sourceware.org/lvm2::lvmpolld,https://sourceware.org/lvm2,debian,lvm2,lvm2,2.03.31-2,U1_TEMPLATE_VALUE_ONLY,/home/emrecan/github/ecylmz/unittrace/artifacts/full/roots/sources/debian/lvm2/2.03.31-2/LVM2.2.03.31/scripts/lvm2_lvmpolld_systemd_red_hat.service.in,2.03.31-2,e3aeac5d6cddd74a6a8cc28dd1b606fc95b66a891bbb239e79e3d3f7e6e07c53,0,,NOT_APPLICABLE,exact basename or unique executable source mapping
https://sourceware.org/lvm2::lvmpolld,https://sourceware.org/lvm2,fedora,lvm2,lvm2,lvm2-2.03.38-2.fc44.src.rpm,U1_TEMPLATE_VALUE_ONLY,/home/emrecan/github/ecylmz/unittrace/artifacts/full/roots/sources/fedora/lvm2/lvm2-2.03.38-2.fc44.src.rpm/LVM2.2.03.38/scripts/lvm2_lvmpolld_systemd_red_hat.service.in,lvm2-2.03.38-2.fc44.src.rpm,e3aeac5d6cddd74a6a8cc28dd1b606fc95b66a891bbb239e79e3d3f7e6e07c53,0,,NOT_APPLICABLE,exact basename or unique executable source mapping
https://sourceware.org/lvm2::lvmpolld,https://sourceware.org/lvm2,ubuntu,lvm2,lvm2,2.03.31-2ubuntu3,U1_TEMPLATE_VALUE_ONLY,/home/emrecan/github/ecylmz/unittrace/artifacts/full/roots/sources/ubuntu/lvm2/2.03.31-2ubuntu3/LVM2.2.03.31/scripts/lvm2_lvmpolld_systemd_red_hat.service.in,2.03.31-2ubuntu3,e3aeac5d6cddd74a6a8cc28dd1b606fc95b66a891bbb239e79e3d3f7e6e07c53,0,,NOT_APPLICABLE,exact basename or unique executable source mapping
https://sourceware.org/lvm2::true,https://sourceware.org/lvm2,arch,lvm2,lvm2,2.03.42-1,U5_AMBIGUOUS_OR_UNRESOLVED,,2.03.42-1,,0,,NOT_ATTEMPTED,"no unique upstream artifact; candidates=11, executable_candidates=2"
https://sourceware.org/lvm2::true,https://sourceware.org/lvm2,debian,lvm2,lvm2,2.03.31-2,U5_AMBIGUOUS_OR_UNRESOLVED,,2.03.31-2,,0,,NOT_ATTEMPTED,"no unique upstream artifact; candidates=11, executable_candidates=2"
https://sourceware.org/lvm2::true,https://sourceware.org/lvm2,fedora,lvm2,lvm2,lvm2-2.03.38-2.fc44.src.rpm,U5_AMBIGUOUS_OR_UNRESOLVED,,lvm2-2.03.38-2.fc44.src.rpm,,0,,NOT_ATTEMPTED,"no unique upstream artifact; candidates=11, executable_candidates=2"
https://sourceware.org/lvm2::true,https://sourceware.org/lvm2,ubuntu,lvm2,lvm2,2.03.31-2ubuntu3,U5_AMBIGUOUS_OR_UNRESOLVED,,2.03.31-2ubuntu3,,0,,NOT_ATTEMPTED,"no unique upstream artifact; candidates=11, executable_candidates=2"
https://sourceware.org/lvm2::upstream-unit::scripts/lvm-devices-import.service,https://sourceware.org/lvm2,arch,lvm2,lvm2,2.03.42-1,U0_STATIC,/home/emrecan/github/ecylmz/unittrace/artifacts/full/roots/sources/arch/lvm2/2.03.42-1/lvm2-56bef2d3430fcc5d5b00f64c099251ea824ad16f/scripts/lvm-devices-import.service,2.03.42-1,3577115e5c633f984678afad57bd4e548cda128684ee9a7aca8c72cc49f98cae,0,,NOT_APPLICABLE,exact basename or unique executable source mapping
https://sourceware.org/lvm2::upstream-unit::scripts/lvm-devices-import.service,https://sourceware.org/lvm2,fedora,lvm2,lvm2,lvm2-2.03.38-2.fc44.src.rpm,U0_STATIC,/home/emrecan/github/ecylmz/unittrace/artifacts/full/roots/sources/fedora/lvm2/lvm2-2.03.38-2.fc44.src.rpm/LVM2.2.03.38/scripts/lvm-devices-import.service,lvm2-2.03.38-2.fc44.src.rpm,3577115e5c633f984678afad57bd4e548cda128684ee9a7aca8c72cc49f98cae,0,,NOT_APPLICABLE,exact basename or unique executable source mapping
https://sourceware.org/systemtap::upstream-unit::stap-exporter/stap-exporter.service,https://sourceware.org/systemtap,arch,systemtap,systemtap,5.5-1,U1_TEMPLATE_VALUE_ONLY,/home/emrecan/github/ecylmz/unittrace/artifacts/full/roots/sources/arch/systemtap/5.5-1/systemtap-5.5/stap-exporter/stap-exporter.service,5.5-1,d323f26b6dfde86e2953aacf4489f07ae0dd702dd62ba40634df0391205c2102,0,,NOT_APPLICABLE,exact basename or unique executable source mapping
https://sourceware.org/systemtap::upstream-unit::stap-exporter/stap-exporter.service,https://sourceware.org/systemtap,fedora,systemtap-exporter,systemtap,systemtap-5.5-1.fc44.src.rpm,U1_TEMPLATE_VALUE_ONLY,/home/emrecan/github/ecylmz/unittrace/artifacts/full/roots/sources/fedora/systemtap/systemtap-5.5-1.fc44.src.rpm/systemtap-5.5/stap-exporter/stap-exporter.service,systemtap-5.5-1.fc44.src.rpm,d323f26b6dfde86e2953aacf4489f07ae0dd702dd62ba40634df0391205c2102,0,,NOT_APPLICABLE,exact basename or unique executable source mapping
https://spacenav.sourceforge.net::spacenavd,https://spacenav.sourceforge.net,debian,spacenavd,spacenavd,1.3.1-1,U0_STATIC,/home/emrecan/github/ecylmz/unittrace/artifacts/full/roots/sources/debian/spacenavd/1.3.1-1/spacenavd-1.3.1/contrib/systemd/spacenavd.service,1.3.1-1,0d489019bee1ff6965997d3fde4662b9781e25a87d466ac61c96759571a67b8e,0,,NOT_APPLICABLE,exact basename or unique executable source mapping
https://spacenav.sourceforge.net::spacenavd,https://spacenav.sourceforge.net,fedora,spacenavd,spacenavd,spacenavd-1.3.1-3.fc44.src.rpm,U0_STATIC,/home/emrecan/github/ecylmz/unittrace/artifacts/full/roots/sources/fedora/spacenavd/spacenavd-1.3.1-3.fc44.src.rpm/spacenavd-1.3.1/contrib/systemd/spacenavd.service,spacenavd-1.3.1-3.fc44.src.rpm,0d489019bee1ff6965997d3fde4662b9781e25a87d466ac61c96759571a67b8e,0,,NOT_APPLICABLE,exact basename or unique executable source mapping
https://spacenav.sourceforge.net::spacenavd,https://spacenav.sourceforge.net,ubuntu,spacenavd,spacenavd,1.3.1-1build1,U0_STATIC,/home/emrecan/github/ecylmz/unittrace/artifacts/full/roots/sources/ubuntu/spacenavd/1.3.1-1build1/spacenavd-1.3.1/contrib/systemd/spacenavd.service,1.3.1-1build1,0d489019bee1ff6965997d3fde4662b9781e25a87d466ac61c96759571a67b8e,0,,NOT_APPLICABLE,exact basename or unique executable source mapping
https://spamassassin.apache.org::spamd,https://spamassassin.apache.org,arch,spamassassin,spamassassin,4.0.2-2,U4_NO_UPSTREAM_STATIC_OR_TEMPLATE_UNIT,,4.0.2-2,,0,,NOT_APPLICABLE,complete pristine orig-tar inventory contained no service unit or template
https://spamassassin.apache.org::spamd,https://spamassassin.apache.org,fedora,spamassassin,spamassassin,spamassassin-4.0.2-3.fc44.src.rpm,U4_NO_UPSTREAM_STATIC_OR_TEMPLATE_UNIT,,spamassassin-4.0.2-3.fc44.src.rpm,,0,,NOT_APPLICABLE,complete pristine orig-tar inventory contained no service unit or template
https://sqlgrey.sourceforge.net::sqlgrey,https://sqlgrey.sourceforge.net,fedora,sqlgrey,sqlgrey,sqlgrey-1.8.0-34.fc44.src.rpm,U4_NO_UPSTREAM_STATIC_OR_TEMPLATE_UNIT,,sqlgrey-1.8.0-34.fc44.src.rpm,,0,,NOT_APPLICABLE,complete pristine orig-tar inventory contained no service unit or template
https://sqlgrey.sourceforge.net::sqlgrey,https://sqlgrey.sourceforge.net,ubuntu,sqlgrey,sqlgrey,1:1.8.0-5.2build1,U4_NO_UPSTREAM_STATIC_OR_TEMPLATE_UNIT,,1:1.8.0-5.2build1,,0,,NOT_APPLICABLE,complete pristine orig-tar inventory contained no service unit or template
https://sr.ht/~kennylevinsen/seatd::seatd,https://sr.ht/~kennylevinsen/seatd,debian,seatd,seatd,0.9.1-1,U0_STATIC,/home/emrecan/github/ecylmz/unittrace/artifacts/full/roots/sources/debian/seatd/0.9.1-1/seatd-0.9.1/contrib/systemd/seatd.service,0.9.1-1,0cf3d4722b7a85bf1d026342e52b600d03ea794d8e0faca8a7be269ab2f2edc9,0,,NOT_APPLICABLE,exact basename or unique executable source mapping
https://sr.ht/~kennylevinsen/seatd::seatd,https://sr.ht/~kennylevinsen/seatd,ubuntu,seatd,seatd,0.9.2-2,U0_STATIC,/home/emrecan/github/ecylmz/unittrace/artifacts/full/roots/sources/ubuntu/seatd/0.9.2-2/seatd-0.9.2/contrib/systemd/seatd.service,0.9.2-2,0cf3d4722b7a85bf1d026342e52b600d03ea794d8e0faca8a7be269ab2f2edc9,0,,NOT_APPLICABLE,exact basename or unique executable source mapping
https://sr.ht/~kennylevinsen/seatd::upstream-unit::contrib/systemd/seatd.service,https://sr.ht/~kennylevinsen/seatd,arch,seatd,seatd,0.9.3-1,U0_STATIC,/home/emrecan/github/ecylmz/unittrace/artifacts/full/roots/sources/arch/seatd/0.9.3-1/seatd-0.9.3/contrib/systemd/seatd.service,0.9.3-1,0cf3d4722b7a85bf1d026342e52b600d03ea794d8e0faca8a7be269ab2f2edc9,0,,NOT_APPLICABLE,exact basename or unique executable source mapping
https://sr.ht/~kennylevinsen/seatd::upstream-unit::contrib/systemd/seatd.service,https://sr.ht/~kennylevinsen/seatd,fedora,seatd,seatd,seatd-0.9.3-1.fc44.src.rpm,U0_STATIC,/home/emrecan/github/ecylmz/unittrace/artifacts/full/roots/sources/fedora/seatd/seatd-0.9.3-1.fc44.src.rpm/seatd-0.9.3/contrib/systemd/seatd.service,seatd-0.9.3-1.fc44.src.rpm,0cf3d4722b7a85bf1d026342e52b600d03ea794d8e0faca8a7be269ab2f2edc9,0,,NOT_APPLICABLE,exact basename or unique executable source mapping
https://subversion.apache.org::svnserve,https://subversion.apache.org,arch,subversion,subversion,1.14.5-5,U4_NO_UPSTREAM_STATIC_OR_TEMPLATE_UNIT,,1.14.5-5,,0,,NOT_APPLICABLE,complete pristine orig-tar inventory contained no service unit or template
https://subversion.apache.org::svnserve,https://subversion.apache.org,fedora,subversion,subversion,subversion-1.14.5-26.fc44.src.rpm,U4_NO_UPSTREAM_STATIC_OR_TEMPLATE_UNIT,,subversion-1.14.5-26.fc44.src.rpm,,0,,NOT_APPLICABLE,complete pristine orig-tar inventory contained no service unit or template
https://supervisord.org::supervisord,https://supervisord.org,arch,supervisor,supervisor,4.3.0-3,U4_NO_UPSTREAM_STATIC_OR_TEMPLATE_UNIT,,4.3.0-3,,0,,NOT_APPLICABLE,complete pristine orig-tar inventory contained no service unit or template
https://supervisord.org::supervisord,https://supervisord.org,fedora,supervisor,supervisor,supervisor-4.3.0-1.fc44.src.rpm,U4_NO_UPSTREAM_STATIC_OR_TEMPLATE_UNIT,,supervisor-4.3.0-1.fc44.src.rpm,,0,,NOT_APPLICABLE,complete pristine orig-tar inventory contained no service unit or template
https://supervisord.org::supervisord,https://supervisord.org,ubuntu,supervisor,supervisor,4.3.0-1,U4_NO_UPSTREAM_STATIC_OR_TEMPLATE_UNIT,,4.3.0-1,,0,,NOT_APPLICABLE,complete pristine orig-tar inventory contained no service unit or template
https://suricata.io::suricata,https://suricata.io,debian,suricata,suricata,1:7.0.10-1+deb13u4,U1_TEMPLATE_VALUE_ONLY,/home/emrecan/github/ecylmz/unittrace/artifacts/full/roots/sources/debian/suricata/7.0.10-1+deb13u4/suricata-7.0.10/etc/suricata.service.in,1:7.0.10-1+deb13u4,84b606950374b14d70ce73e19c22af7045c0bcc0e419bb856bfaf0b1ddd14257,0,,NOT_APPLICABLE,exact basename or unique executable source mapping
https://suricata.io::suricata,https://suricata.io,fedora,suricata,suricata,suricata-8.0.5-1.fc44.src.rpm,U1_TEMPLATE_VALUE_ONLY,/home/emrecan/github/ecylmz/unittrace/artifacts/full/roots/sources/fedora/suricata/suricata-8.0.5-1.fc44.src.rpm/suricata-8.0.5/etc/suricata.service.in,suricata-8.0.5-1.fc44.src.rpm,84b606950374b14d70ce73e19c22af7045c0bcc0e419bb856bfaf0b1ddd14257,0,,NOT_APPLICABLE,exact basename or unique executable source mapping
https://suricata.io::suricata,https://suricata.io,ubuntu,suricata,suricata,1:8.0.3-1,U1_TEMPLATE_VALUE_ONLY,/home/emrecan/github/ecylmz/unittrace/artifacts/full/roots/sources/ubuntu/suricata/8.0.3-1/suricata-8.0.3/etc/suricata.service.in,1:8.0.3-1,84b606950374b14d70ce73e19c22af7045c0bcc0e419bb856bfaf0b1ddd14257,0,,NOT_APPLICABLE,exact basename or unique executable source mapping
https://sysstat.github.io::sa2,https://sysstat.github.io,arch,sysstat,sysstat,12.7.9-1,U1_TEMPLATE_VALUE_ONLY,/home/emrecan/github/ecylmz/unittrace/artifacts/full/roots/sources/arch/sysstat/12.7.9-1/sysstat-12.7.9/cron/sysstat-summary.service.in,12.7.9-1,b4a50200cfadafbfaeaa257f8a7be2b65f9687aede91b00c774c7ff068aca3b6,0,,NOT_APPLICABLE,exact basename or unique executable source mapping
https://sysstat.github.io::sa2,https://sysstat.github.io,debian,sysstat,sysstat,12.7.5-2,U1_TEMPLATE_VALUE_ONLY,/home/emrecan/github/ecylmz/unittrace/artifacts/full/roots/sources/debian/sysstat/12.7.5-2/sysstat-12.7.5/cron/sysstat-summary.service.in,12.7.5-2,b4a50200cfadafbfaeaa257f8a7be2b65f9687aede91b00c774c7ff068aca3b6,0,,NOT_APPLICABLE,exact basename or unique executable source mapping
https://sysstat.github.io::sa2,https://sysstat.github.io,fedora,sysstat,sysstat,sysstat-12.7.9-2.fc44.src.rpm,U1_TEMPLATE_VALUE_ONLY,/home/emrecan/github/ecylmz/unittrace/artifacts/full/roots/sources/fedora/sysstat/sysstat-12.7.9-2.fc44.src.rpm/sysstat-12.7.9/cron/sysstat-summary.service.in,sysstat-12.7.9-2.fc44.src.rpm,b4a50200cfadafbfaeaa257f8a7be2b65f9687aede91b00c774c7ff068aca3b6,0,,NOT_APPLICABLE,exact basename or unique executable source mapping
https://sysstat.github.io::sa2,https://sysstat.github.io,ubuntu,sysstat,sysstat,12.7.7-0ubuntu2,U1_TEMPLATE_VALUE_ONLY,/home/emrecan/github/ecylmz/unittrace/artifacts/full/roots/sources/ubuntu/sysstat/12.7.7-0ubuntu2/sysstat-12.7.7/cron/sysstat-summary.service.in,12.7.7-0ubuntu2,b4a50200cfadafbfaeaa257f8a7be2b65f9687aede91b00c774c7ff068aca3b6,0,,NOT_APPLICABLE,exact basename or unique executable source mapping
https://systemd.io::agetty,https://systemd.io,debian,systemd,systemd,257.13-1~deb13u1,U1_TEMPLATE_VALUE_ONLY,/home/emrecan/github/ecylmz/unittrace/artifacts/full/roots/sources/debian/systemd/257.13-1~deb13u1/systemd-257.13/units/console-getty.service.in,257.13-1~deb13u1,c12e45a3f5067b415cd48927c10197c68657db675331e5dfe373767326e9eb3c,0,,NOT_APPLICABLE,exact basename or unique executable source mapping
https://systemd.io::agetty,https://systemd.io,fedora,systemd,systemd,systemd-259.8-1.fc44.src.rpm,U1_TEMPLATE_VALUE_ONLY,/home/emrecan/github/ecylmz/unittrace/artifacts/full/roots/sources/fedora/systemd/systemd-259.8-1.fc44.src.rpm/systemd-259.8/units/console-getty.service.in,systemd-259.8-1.fc44.src.rpm,dbc8437f5a1b36aafb42ce60f34370fb23a514d6ed4886ac4029f8b812dfc58b,0,,NOT_APPLICABLE,exact basename or unique executable source mapping
https://systemd.io::agetty,https://systemd.io,ubuntu,systemd,systemd,259.5-0ubuntu3,U1_TEMPLATE_VALUE_ONLY,/home/emrecan/github/ecylmz/unittrace/artifacts/full/roots/sources/ubuntu/systemd/259.5-0ubuntu3/systemd-259.5/units/console-getty.service.in,259.5-0ubuntu3,dbc8437f5a1b36aafb42ce60f34370fb23a514d6ed4886ac4029f8b812dfc58b,0,,NOT_APPLICABLE,exact basename or unique executable source mapping
https://systemd.io::kmod,https://systemd.io,debian,systemd,systemd,257.13-1~deb13u1,U1_TEMPLATE_VALUE_ONLY,/home/emrecan/github/ecylmz/unittrace/artifacts/full/roots/sources/debian/systemd/257.13-1~deb13u1/systemd-257.13/units/kmod-static-nodes.service.in,257.13-1~deb13u1,03a0e0bfa00d5920385cd70bfd6ad51f26d2c729eb4ab66543fc53c38c30bb64,0,,NOT_APPLICABLE,exact basename or unique executable source mapping
https://systemd.io::kmod,https://systemd.io,fedora,systemd-udev,systemd,systemd-259.8-1.fc44.src.rpm,U1_TEMPLATE_VALUE_ONLY,/home/emrecan/github/ecylmz/unittrace/artifacts/full/roots/sources/fedora/systemd/systemd-259.8-1.fc44.src.rpm/systemd-259.8/units/kmod-static-nodes.service.in,systemd-259.8-1.fc44.src.rpm,2f64fd693902842ece4281ef1eb7b304be69c097ce61db5d5b1b48f6e82d8d34,0,,NOT_APPLICABLE,exact basename or unique executable source mapping
https://systemd.io::kmod,https://systemd.io,ubuntu,systemd,systemd,259.5-0ubuntu3,U1_TEMPLATE_VALUE_ONLY,/home/emrecan/github/ecylmz/unittrace/artifacts/full/roots/sources/ubuntu/systemd/259.5-0ubuntu3/systemd-259.5/units/kmod-static-nodes.service.in,259.5-0ubuntu3,2f64fd693902842ece4281ef1eb7b304be69c097ce61db5d5b1b48f6e82d8d34,0,,NOT_APPLICABLE,exact basename or unique executable source mapping
https://systemd.io::quotaon,https://systemd.io,debian,systemd,systemd,257.13-1~deb13u1,U1_TEMPLATE_VALUE_ONLY,/home/emrecan/github/ecylmz/unittrace/artifacts/full/roots/sources/debian/systemd/257.13-1~deb13u1/systemd-257.13/units/quotaon-root.service.in,257.13-1~deb13u1,37e443f71348dd6312a83aa91c97dfc9d403e6017d991d2f95e070ef15b6056a,0,,NOT_APPLICABLE,exact basename or unique executable source mapping
https://systemd.io::quotaon,https://systemd.io,fedora,systemd-udev,systemd,systemd-259.8-1.fc44.src.rpm,U1_TEMPLATE_VALUE_ONLY,/home/emrecan/github/ecylmz/unittrace/artifacts/full/roots/sources/fedora/systemd/systemd-259.8-1.fc44.src.rpm/systemd-259.8/units/quotaon-root.service.in,systemd-259.8-1.fc44.src.rpm,37e443f71348dd6312a83aa91c97dfc9d403e6017d991d2f95e070ef15b6056a,0,,NOT_APPLICABLE,exact basename or unique executable source mapping
https://systemd.io::quotaon,https://systemd.io,ubuntu,systemd,systemd,259.5-0ubuntu3,U1_TEMPLATE_VALUE_ONLY,/home/emrecan/github/ecylmz/unittrace/artifacts/full/roots/sources/ubuntu/systemd/259.5-0ubuntu3/systemd-259.5/units/quotaon-root.service.in,259.5-0ubuntu3,37e443f71348dd6312a83aa91c97dfc9d403e6017d991d2f95e070ef15b6056a,0,,NOT_APPLICABLE,exact basename or unique executable source mapping
https://systemd.io::rc.local,https://systemd.io,debian,systemd,systemd,257.13-1~deb13u1,U1_TEMPLATE_VALUE_ONLY,/home/emrecan/github/ecylmz/unittrace/artifacts/full/roots/sources/debian/systemd/257.13-1~deb13u1/systemd-257.13/units/rc-local.service.in,257.13-1~deb13u1,e181dcffa9307fe3f14664e0ddb7b3573d96d7693801a89798ebf0615a49ed2e,0,,NOT_APPLICABLE,exact basename or unique executable source mapping
https://systemd.io::rc.local,https://systemd.io,fedora,systemd,systemd,systemd-259.8-1.fc44.src.rpm,U1_TEMPLATE_VALUE_ONLY,/home/emrecan/github/ecylmz/unittrace/artifacts/full/roots/sources/fedora/systemd/systemd-259.8-1.fc44.src.rpm/systemd-259.8/units/rc-local.service.in,systemd-259.8-1.fc44.src.rpm,0ed916006b705d2bd8af6ab3ef8872ff68c3add0069bc12101126e0335320b4f,0,,NOT_APPLICABLE,exact basename or unique executable source mapping
https://systemd.io::rc.local,https://systemd.io,ubuntu,systemd,systemd,259.5-0ubuntu3,U1_TEMPLATE_VALUE_ONLY,/home/emrecan/github/ecylmz/unittrace/artifacts/full/roots/sources/ubuntu/systemd/259.5-0ubuntu3/systemd-259.5/units/rc-local.service.in,259.5-0ubuntu3,0ed916006b705d2bd8af6ab3ef8872ff68c3add0069bc12101126e0335320b4f,0,,NOT_APPLICABLE,exact basename or unique executable source mapping
https://systemd.io::systemd-battery-check,https://systemd.io,debian,systemd,systemd,257.13-1~deb13u1,U1_TEMPLATE_VALUE_ONLY,/home/emrecan/github/ecylmz/unittrace/artifacts/full/roots/sources/debian/systemd/257.13-1~deb13u1/systemd-257.13/units/systemd-battery-check.service.in,257.13-1~deb13u1,b6134f67cee3711f5be025463b48adaee06e1dc0ff788a59fc901f967af8001c,0,,NOT_APPLICABLE,exact basename or unique executable source mapping
https://systemd.io::systemd-battery-check,https://systemd.io,fedora,systemd,systemd,systemd-259.8-1.fc44.src.rpm,U1_TEMPLATE_VALUE_ONLY,/home/emrecan/github/ecylmz/unittrace/artifacts/full/roots/sources/fedora/systemd/systemd-259.8-1.fc44.src.rpm/systemd-259.8/units/systemd-battery-check.service.in,systemd-259.8-1.fc44.src.rpm,a0b2103d2786b73c9e8c63737e549384c7e58801a33f3c3a712e6bbf6cda509f,0,,NOT_APPLICABLE,exact basename or unique executable source mapping
https://systemd.io::systemd-battery-check,https://systemd.io,ubuntu,systemd,systemd,259.5-0ubuntu3,U1_TEMPLATE_VALUE_ONLY,/home/emrecan/github/ecylmz/unittrace/artifacts/full/roots/sources/ubuntu/systemd/259.5-0ubuntu3/systemd-259.5/units/systemd-battery-check.service.in,259.5-0ubuntu3,a0b2103d2786b73c9e8c63737e549384c7e58801a33f3c3a712e6bbf6cda509f,0,,NOT_APPLICABLE,exact basename or unique executable source mapping
https://systemd.io::systemd-binfmt,https://systemd.io,debian,systemd,systemd,257.13-1~deb13u1,U1_TEMPLATE_VALUE_ONLY,/home/emrecan/github/ecylmz/unittrace/artifacts/full/roots/sources/debian/systemd/257.13-1~deb13u1/systemd-257.13/units/systemd-binfmt.service.in,257.13-1~deb13u1,6a23604a880f0f33b838d4cce3439086808ce6b24b8c7ac7462dd90e9309e506,0,,NOT_APPLICABLE,exact basename or unique executable source mapping
https://systemd.io::systemd-binfmt,https://systemd.io,fedora,systemd-udev,systemd,systemd-259.8-1.fc44.src.rpm,U1_TEMPLATE_VALUE_ONLY,/home/emrecan/github/ecylmz/unittrace/artifacts/full/roots/sources/fedora/systemd/systemd-259.8-1.fc44.src.rpm/systemd-259.8/units/systemd-binfmt.service.in,systemd-259.8-1.fc44.src.rpm,6a23604a880f0f33b838d4cce3439086808ce6b24b8c7ac7462dd90e9309e506,0,,NOT_APPLICABLE,exact basename or unique executable source mapping
https://systemd.io::systemd-binfmt,https://systemd.io,ubuntu,systemd,systemd,259.5-0ubuntu3,U1_TEMPLATE_VALUE_ONLY,/home/emrecan/github/ecylmz/unittrace/artifacts/full/roots/sources/ubuntu/systemd/259.5-0ubuntu3/systemd-259.5/units/systemd-binfmt.service.in,259.5-0ubuntu3,6a23604a880f0f33b838d4cce3439086808ce6b24b8c7ac7462dd90e9309e506,0,,NOT_APPLICABLE,exact basename or unique executable source mapping
https://systemd.io::systemd-bless-boot,https://systemd.io,debian,systemd-boot,systemd,257.13-1~deb13u1,U1_TEMPLATE_VALUE_ONLY,/home/emrecan/github/ecylmz/unittrace/artifacts/full/roots/sources/debian/systemd/257.13-1~deb13u1/systemd-257.13/units/systemd-bless-boot.service.in,257.13-1~deb13u1,8c714a97a7bcb0c39fef315596ed799efb98211408703efa29e59e50776bc999,0,,NOT_APPLICABLE,exact basename or unique executable source mapping
https://systemd.io::systemd-bless-boot,https://systemd.io,fedora,systemd-udev,systemd,systemd-259.8-1.fc44.src.rpm,U1_TEMPLATE_VALUE_ONLY,/home/emrecan/github/ecylmz/unittrace/artifacts/full/roots/sources/fedora/systemd/systemd-259.8-1.fc44.src.rpm/systemd-259.8/units/systemd-bless-boot.service.in,systemd-259.8-1.fc44.src.rpm,8c714a97a7bcb0c39fef315596ed799efb98211408703efa29e59e50776bc999,0,,NOT_APPLICABLE,exact basename or unique executable source mapping
https://systemd.io::systemd-bless-boot,https://systemd.io,ubuntu,systemd-boot,systemd,259.5-0ubuntu3,U1_TEMPLATE_VALUE_ONLY,/home/emrecan/github/ecylmz/unittrace/artifacts/full/roots/sources/ubuntu/systemd/259.5-0ubuntu3/systemd-259.5/units/systemd-bless-boot.service.in,259.5-0ubuntu3,8c714a97a7bcb0c39fef315596ed799efb98211408703efa29e59e50776bc999,0,,NOT_APPLICABLE,exact basename or unique executable source mapping
https://systemd.io::systemd-boot-check-no-failures,https://systemd.io,debian,systemd,systemd,257.13-1~deb13u1,U1_TEMPLATE_VALUE_ONLY,/home/emrecan/github/ecylmz/unittrace/artifacts/full/roots/sources/debian/systemd/257.13-1~deb13u1/systemd-257.13/units/systemd-boot-check-no-failures.service.in,257.13-1~deb13u1,26e7501887d58aba1d61ec3572b4d7753685bcf43ea3873c27597ed5d60f6b5d,0,,NOT_APPLICABLE,exact basename or unique executable source mapping
https://systemd.io::systemd-boot-check-no-failures,https://systemd.io,fedora,systemd,systemd,systemd-259.8-1.fc44.src.rpm,U1_TEMPLATE_VALUE_ONLY,/home/emrecan/github/ecylmz/unittrace/artifacts/full/roots/sources/fedora/systemd/systemd-259.8-1.fc44.src.rpm/systemd-259.8/units/systemd-boot-check-no-failures.service.in,systemd-259.8-1.fc44.src.rpm,26e7501887d58aba1d61ec3572b4d7753685bcf43ea3873c27597ed5d60f6b5d,0,,NOT_APPLICABLE,exact basename or unique executable source mapping
https://systemd.io::systemd-boot-check-no-failures,https://systemd.io,ubuntu,systemd,systemd,259.5-0ubuntu3,U1_TEMPLATE_VALUE_ONLY,/home/emrecan/github/ecylmz/unittrace/artifacts/full/roots/sources/ubuntu/systemd/259.5-0ubuntu3/systemd-259.5/units/systemd-boot-check-no-failures.service.in,259.5-0ubuntu3,26e7501887d58aba1d61ec3572b4d7753685bcf43ea3873c27597ed5d60f6b5d,0,,NOT_APPLICABLE,exact basename or unique executable source mapping
https://systemd.io::systemd-bsod,https://systemd.io,debian,systemd,systemd,257.13-1~deb13u1,U1_TEMPLATE_VALUE_ONLY,/home/emrecan/github/ecylmz/unittrace/artifacts/full/roots/sources/debian/systemd/257.13-1~deb13u1/systemd-257.13/units/systemd-bsod.service.in,257.13-1~deb13u1,ac0d60932da1bfbb7a0c50f6620cbf289ecb41061765cd97e2be5773cd56ab02,0,,NOT_APPLICABLE,exact basename or unique executable source mapping
https://systemd.io::systemd-bsod,https://systemd.io,fedora,systemd-udev,systemd,systemd-259.8-1.fc44.src.rpm,U1_TEMPLATE_VALUE_ONLY,/home/emrecan/github/ecylmz/unittrace/artifacts/full/roots/sources/fedora/systemd/systemd-259.8-1.fc44.src.rpm/systemd-259.8/units/systemd-bsod.service.in,systemd-259.8-1.fc44.src.rpm,ac0d60932da1bfbb7a0c50f6620cbf289ecb41061765cd97e2be5773cd56ab02,0,,NOT_APPLICABLE,exact basename or unique executable source mapping
https://systemd.io::systemd-bsod,https://systemd.io,ubuntu,systemd,systemd,259.5-0ubuntu3,U1_TEMPLATE_VALUE_ONLY,/home/emrecan/github/ecylmz/unittrace/artifacts/full/roots/sources/ubuntu/systemd/259.5-0ubuntu3/systemd-259.5/units/systemd-bsod.service.in,259.5-0ubuntu3,ac0d60932da1bfbb7a0c50f6620cbf289ecb41061765cd97e2be5773cd56ab02,0,,NOT_APPLICABLE,exact basename or unique executable source mapping
https://systemd.io::systemd-fsck,https://systemd.io,debian,systemd,systemd,257.13-1~deb13u1,U5_AMBIGUOUS_OR_UNRESOLVED,,257.13-1~deb13u1,,0,,NOT_ATTEMPTED,ambiguous exact artifacts=8
https://systemd.io::systemd-fsck,https://systemd.io,fedora,systemd-udev,systemd,systemd-259.8-1.fc44.src.rpm,U5_AMBIGUOUS_OR_UNRESOLVED,,systemd-259.8-1.fc44.src.rpm,,0,,NOT_ATTEMPTED,ambiguous exact artifacts=8
https://systemd.io::systemd-fsck,https://systemd.io,ubuntu,systemd,systemd,259.5-0ubuntu3,U5_AMBIGUOUS_OR_UNRESOLVED,,259.5-0ubuntu3,,0,,NOT_ATTEMPTED,ambiguous exact artifacts=8
https://systemd.io::systemd-growfs,https://systemd.io,debian,systemd,systemd,257.13-1~deb13u1,U1_TEMPLATE_VALUE_ONLY,/home/emrecan/github/ecylmz/unittrace/artifacts/full/roots/sources/debian/systemd/257.13-1~deb13u1/systemd-257.13/units/systemd-growfs-root.service.in,257.13-1~deb13u1,935fe0a9385c74eeed029da06734e9b3e12fb07509f7083c0e4ba048786a74c1,0,,NOT_APPLICABLE,exact basename or unique executable source mapping
https://systemd.io::systemd-growfs,https://systemd.io,fedora,systemd-udev,systemd,systemd-259.8-1.fc44.src.rpm,U1_TEMPLATE_VALUE_ONLY,/home/emrecan/github/ecylmz/unittrace/artifacts/full/roots/sources/fedora/systemd/systemd-259.8-1.fc44.src.rpm/systemd-259.8/units/systemd-growfs-root.service.in,systemd-259.8-1.fc44.src.rpm,935fe0a9385c74eeed029da06734e9b3e12fb07509f7083c0e4ba048786a74c1,0,,NOT_APPLICABLE,exact basename or unique executable source mapping
https://systemd.io::systemd-growfs,https://systemd.io,ubuntu,systemd,systemd,259.5-0ubuntu3,U1_TEMPLATE_VALUE_ONLY,/home/emrecan/github/ecylmz/unittrace/artifacts/full/roots/sources/ubuntu/systemd/259.5-0ubuntu3/systemd-259.5/units/systemd-growfs-root.service.in,259.5-0ubuntu3,935fe0a9385c74eeed029da06734e9b3e12fb07509f7083c0e4ba048786a74c1,0,,NOT_APPLICABLE,exact basename or unique executable source mapping
https://systemd.io::systemd-homed,https://systemd.io,debian,systemd-homed,systemd,257.13-1~deb13u1,U1_TEMPLATE_VALUE_ONLY,/home/emrecan/github/ecylmz/unittrace/artifacts/full/roots/sources/debian/systemd/257.13-1~deb13u1/systemd-257.13/units/systemd-homed.service.in,257.13-1~deb13u1,409ecc671e2035b604ecad3aa54b9bca5c6c6147f56c1d5d40363b24d76953ff,0,,NOT_APPLICABLE,exact basename or unique executable source mapping
https://systemd.io::systemd-homed,https://systemd.io,fedora,systemd-udev,systemd,systemd-259.8-1.fc44.src.rpm,U1_TEMPLATE_VALUE_ONLY,/home/emrecan/github/ecylmz/unittrace/artifacts/full/roots/sources/fedora/systemd/systemd-259.8-1.fc44.src.rpm/systemd-259.8/units/systemd-homed.service.in,systemd-259.8-1.fc44.src.rpm,34d57b87a5ebe1ec49df60be851273f99f75b63880d633b33da672c68b6bb826,0,,NOT_APPLICABLE,exact basename or unique executable source mapping
https://systemd.io::systemd-homed,https://systemd.io,ubuntu,systemd-homed,systemd,259.5-0ubuntu3,U1_TEMPLATE_VALUE_ONLY,/home/emrecan/github/ecylmz/unittrace/artifacts/full/roots/sources/ubuntu/systemd/259.5-0ubuntu3/systemd-259.5/units/systemd-homed.service.in,259.5-0ubuntu3,34d57b87a5ebe1ec49df60be851273f99f75b63880d633b33da672c68b6bb826,0,,NOT_APPLICABLE,exact basename or unique executable source mapping
https://systemd.io::systemd-hostnamed,https://systemd.io,debian,systemd,systemd,257.13-1~deb13u1,U1_TEMPLATE_VALUE_ONLY,/home/emrecan/github/ecylmz/unittrace/artifacts/full/roots/sources/debian/systemd/257.13-1~deb13u1/systemd-257.13/units/systemd-hostnamed.service.in,257.13-1~deb13u1,8497c9023eed4d22b9213a9ddd757ca2ef32c98cc51b670637db810a98c4abe7,0,,NOT_APPLICABLE,exact basename or unique executable source mapping
https://systemd.io::systemd-hostnamed,https://systemd.io,fedora,systemd,systemd,systemd-259.8-1.fc44.src.rpm,U1_TEMPLATE_VALUE_ONLY,/home/emrecan/github/ecylmz/unittrace/artifacts/full/roots/sources/fedora/systemd/systemd-259.8-1.fc44.src.rpm/systemd-259.8/units/systemd-hostnamed.service.in,systemd-259.8-1.fc44.src.rpm,8497c9023eed4d22b9213a9ddd757ca2ef32c98cc51b670637db810a98c4abe7,0,,NOT_APPLICABLE,exact basename or unique executable source mapping
https://systemd.io::systemd-hostnamed,https://systemd.io,ubuntu,systemd,systemd,259.5-0ubuntu3,U1_TEMPLATE_VALUE_ONLY,/home/emrecan/github/ecylmz/unittrace/artifacts/full/roots/sources/ubuntu/systemd/259.5-0ubuntu3/systemd-259.5/units/systemd-hostnamed.service.in,259.5-0ubuntu3,8497c9023eed4d22b9213a9ddd757ca2ef32c98cc51b670637db810a98c4abe7,0,,NOT_APPLICABLE,exact basename or unique executable source mapping
https://systemd.io::systemd-hwdb,https://systemd.io,debian,udev,systemd,257.13-1~deb13u1,U1_TEMPLATE_VALUE_ONLY,/home/emrecan/github/ecylmz/unittrace/artifacts/full/roots/sources/debian/systemd/257.13-1~deb13u1/systemd-257.13/units/systemd-hwdb-update.service.in,257.13-1~deb13u1,63cec57a798c0a6af55d6ae57f983fcf3a621e02cf85d147e403a5d560db9ac6,0,,NOT_APPLICABLE,exact basename or unique executable source mapping
https://systemd.io::systemd-hwdb,https://systemd.io,fedora,systemd-udev,systemd,systemd-259.8-1.fc44.src.rpm,U1_TEMPLATE_VALUE_ONLY,/home/emrecan/github/ecylmz/unittrace/artifacts/full/roots/sources/fedora/systemd/systemd-259.8-1.fc44.src.rpm/systemd-259.8/units/systemd-hwdb-update.service.in,systemd-259.8-1.fc44.src.rpm,63cec57a798c0a6af55d6ae57f983fcf3a621e02cf85d147e403a5d560db9ac6,0,,NOT_APPLICABLE,exact basename or unique executable source mapping
https://systemd.io::systemd-hwdb,https://systemd.io,ubuntu,udev,systemd,259.5-0ubuntu3,U1_TEMPLATE_VALUE_ONLY,/home/emrecan/github/ecylmz/unittrace/artifacts/full/roots/sources/ubuntu/systemd/259.5-0ubuntu3/systemd-259.5/units/systemd-hwdb-update.service.in,259.5-0ubuntu3,63cec57a798c0a6af55d6ae57f983fcf3a621e02cf85d147e403a5d560db9ac6,0,,NOT_APPLICABLE,exact basename or unique executable source mapping
https://systemd.io::systemd-importd,https://systemd.io,debian,systemd-container,systemd,257.13-1~deb13u1,U1_TEMPLATE_VALUE_ONLY,/home/emrecan/github/ecylmz/unittrace/artifacts/full/roots/sources/debian/systemd/257.13-1~deb13u1/systemd-257.13/units/systemd-importd.service.in,257.13-1~deb13u1,e770b27b996350b1da496df0334e3415f5b20b1121a738185fe73ed18173bb2f,0,,NOT_APPLICABLE,exact basename or unique executable source mapping
https://systemd.io::systemd-importd,https://systemd.io,fedora,systemd-container,systemd,systemd-259.8-1.fc44.src.rpm,U5_AMBIGUOUS_OR_UNRESOLVED,,systemd-259.8-1.fc44.src.rpm,,0,,NOT_ATTEMPTED,ambiguous exact artifacts=2
https://systemd.io::systemd-importd,https://systemd.io,ubuntu,systemd-container,systemd,259.5-0ubuntu3,U5_AMBIGUOUS_OR_UNRESOLVED,,259.5-0ubuntu3,,0,,NOT_ATTEMPTED,ambiguous exact artifacts=2
https://systemd.io::systemd-journal-gatewayd,https://systemd.io,debian,systemd-journal-remote,systemd,257.13-1~deb13u1,U1_TEMPLATE_VALUE_ONLY,/home/emrecan/github/ecylmz/unittrace/artifacts/full/roots/sources/debian/systemd/257.13-1~deb13u1/systemd-257.13/units/systemd-journal-gatewayd.service.in,257.13-1~deb13u1,94f50fccc027c3d7c296d834f4327a6c587906ff9c57b6c1f37c9c9a40a923a3,0,,NOT_APPLICABLE,exact basename or unique executable source mapping
https://systemd.io::systemd-journal-gatewayd,https://systemd.io,fedora,systemd-journal-remote,systemd,systemd-259.8-1.fc44.src.rpm,U1_TEMPLATE_VALUE_ONLY,/home/emrecan/github/ecylmz/unittrace/artifacts/full/roots/sources/fedora/systemd/systemd-259.8-1.fc44.src.rpm/systemd-259.8/units/systemd-journal-gatewayd.service.in,systemd-259.8-1.fc44.src.rpm,94f50fccc027c3d7c296d834f4327a6c587906ff9c57b6c1f37c9c9a40a923a3,0,,NOT_APPLICABLE,exact basename or unique executable source mapping
https://systemd.io::systemd-journal-gatewayd,https://systemd.io,ubuntu,systemd-journal-remote,systemd,259.5-0ubuntu3,U1_TEMPLATE_VALUE_ONLY,/home/emrecan/github/ecylmz/unittrace/artifacts/full/roots/sources/ubuntu/systemd/259.5-0ubuntu3/systemd-259.5/units/systemd-journal-gatewayd.service.in,259.5-0ubuntu3,94f50fccc027c3d7c296d834f4327a6c587906ff9c57b6c1f37c9c9a40a923a3,0,,NOT_APPLICABLE,exact basename or unique executable source mapping
https://systemd.io::systemd-journal-remote,https://systemd.io,debian,systemd-journal-remote,systemd,257.13-1~deb13u1,U1_TEMPLATE_VALUE_ONLY,/home/emrecan/github/ecylmz/unittrace/artifacts/full/roots/sources/debian/systemd/257.13-1~deb13u1/systemd-257.13/units/systemd-journal-remote.service.in,257.13-1~deb13u1,b67a28b44edcd7566e48d3de0248d56c8561702a2d8eb277daec735394a211c0,0,,NOT_APPLICABLE,exact basename or unique executable source mapping
https://systemd.io::systemd-journal-remote,https://systemd.io,fedora,systemd-journal-remote,systemd,systemd-259.8-1.fc44.src.rpm,U1_TEMPLATE_VALUE_ONLY,/home/emrecan/github/ecylmz/unittrace/artifacts/full/roots/sources/fedora/systemd/systemd-259.8-1.fc44.src.rpm/systemd-259.8/units/systemd-journal-remote.service.in,systemd-259.8-1.fc44.src.rpm,b67a28b44edcd7566e48d3de0248d56c8561702a2d8eb277daec735394a211c0,0,,NOT_APPLICABLE,exact basename or unique executable source mapping
https://systemd.io::systemd-journal-remote,https://systemd.io,ubuntu,systemd-journal-remote,systemd,259.5-0ubuntu3,U1_TEMPLATE_VALUE_ONLY,/home/emrecan/github/ecylmz/unittrace/artifacts/full/roots/sources/ubuntu/systemd/259.5-0ubuntu3/systemd-259.5/units/systemd-journal-remote.service.in,259.5-0ubuntu3,b67a28b44edcd7566e48d3de0248d56c8561702a2d8eb277daec735394a211c0,0,,NOT_APPLICABLE,exact basename or unique executable source mapping
https://systemd.io::systemd-journal-upload,https://systemd.io,debian,systemd-journal-remote,systemd,257.13-1~deb13u1,U1_TEMPLATE_VALUE_ONLY,/home/emrecan/github/ecylmz/unittrace/artifacts/full/roots/sources/debian/systemd/257.13-1~deb13u1/systemd-257.13/units/systemd-journal-upload.service.in,257.13-1~deb13u1,d4406d75e47433e62edc70cb87f52776a80da6ca94314e4f2a6e225691adfbdb,0,,NOT_APPLICABLE,exact basename or unique executable source mapping
https://systemd.io::systemd-journal-upload,https://systemd.io,fedora,systemd-journal-remote,systemd,systemd-259.8-1.fc44.src.rpm,U1_TEMPLATE_VALUE_ONLY,/home/emrecan/github/ecylmz/unittrace/artifacts/full/roots/sources/fedora/systemd/systemd-259.8-1.fc44.src.rpm/systemd-259.8/units/systemd-journal-upload.service.in,systemd-259.8-1.fc44.src.rpm,d4406d75e47433e62edc70cb87f52776a80da6ca94314e4f2a6e225691adfbdb,0,,NOT_APPLICABLE,exact basename or unique executable source mapping
https://systemd.io::systemd-journal-upload,https://systemd.io,ubuntu,systemd-journal-remote,systemd,259.5-0ubuntu3,U1_TEMPLATE_VALUE_ONLY,/home/emrecan/github/ecylmz/unittrace/artifacts/full/roots/sources/ubuntu/systemd/259.5-0ubuntu3/systemd-259.5/units/systemd-journal-upload.service.in,259.5-0ubuntu3,d4406d75e47433e62edc70cb87f52776a80da6ca94314e4f2a6e225691adfbdb,0,,NOT_APPLICABLE,exact basename or unique executable source mapping
https://systemd.io::systemd-journald,https://systemd.io,debian,systemd,systemd,257.13-1~deb13u1,U1_TEMPLATE_VALUE_ONLY,/home/emrecan/github/ecylmz/unittrace/artifacts/full/roots/sources/debian/systemd/257.13-1~deb13u1/systemd-257.13/units/systemd-journald.service.in,257.13-1~deb13u1,eda27a2ec6b325d6ce9316a9fa279c41876258115c6cc0524891c1f152f0cf29,0,,NOT_APPLICABLE,exact basename or unique executable source mapping
https://systemd.io::systemd-journald,https://systemd.io,fedora,systemd,systemd,systemd-259.8-1.fc44.src.rpm,U1_TEMPLATE_VALUE_ONLY,/home/emrecan/github/ecylmz/unittrace/artifacts/full/roots/sources/fedora/systemd/systemd-259.8-1.fc44.src.rpm/systemd-259.8/units/systemd-journald.service.in,systemd-259.8-1.fc44.src.rpm,3c60e091124a289d8cac891d4c6e66b56db9b7d047ae96b185711e03bfea1fad,0,,NOT_APPLICABLE,exact basename or unique executable source mapping
https://systemd.io::systemd-journald,https://systemd.io,ubuntu,systemd,systemd,259.5-0ubuntu3,U1_TEMPLATE_VALUE_ONLY,/home/emrecan/github/ecylmz/unittrace/artifacts/full/roots/sources/ubuntu/systemd/259.5-0ubuntu3/systemd-259.5/units/systemd-journald.service.in,259.5-0ubuntu3,3c60e091124a289d8cac891d4c6e66b56db9b7d047ae96b185711e03bfea1fad,0,,NOT_APPLICABLE,exact basename or unique executable source mapping
https://systemd.io::systemd-localed,https://systemd.io,debian,systemd,systemd,257.13-1~deb13u1,U1_TEMPLATE_VALUE_ONLY,/home/emrecan/github/ecylmz/unittrace/artifacts/full/roots/sources/debian/systemd/257.13-1~deb13u1/systemd-257.13/units/systemd-localed.service.in,257.13-1~deb13u1,77b93f8496dd4a418361cc10202b9c08adc36660d507437aca6319f19be25cb2,0,,NOT_APPLICABLE,exact basename or unique executable source mapping
https://systemd.io::systemd-localed,https://systemd.io,fedora,systemd,systemd,systemd-259.8-1.fc44.src.rpm,U1_TEMPLATE_VALUE_ONLY,/home/emrecan/github/ecylmz/unittrace/artifacts/full/roots/sources/fedora/systemd/systemd-259.8-1.fc44.src.rpm/systemd-259.8/units/systemd-localed.service.in,systemd-259.8-1.fc44.src.rpm,77b93f8496dd4a418361cc10202b9c08adc36660d507437aca6319f19be25cb2,0,,NOT_APPLICABLE,exact basename or unique executable source mapping
https://systemd.io::systemd-localed,https://systemd.io,ubuntu,systemd,systemd,259.5-0ubuntu3,U1_TEMPLATE_VALUE_ONLY,/home/emrecan/github/ecylmz/unittrace/artifacts/full/roots/sources/ubuntu/systemd/259.5-0ubuntu3/systemd-259.5/units/systemd-localed.service.in,259.5-0ubuntu3,77b93f8496dd4a418361cc10202b9c08adc36660d507437aca6319f19be25cb2,0,,NOT_APPLICABLE,exact basename or unique executable source mapping
https://systemd.io::systemd-logind,https://systemd.io,debian,systemd,systemd,257.13-1~deb13u1,U1_TEMPLATE_VALUE_ONLY,/home/emrecan/github/ecylmz/unittrace/artifacts/full/roots/sources/debian/systemd/257.13-1~deb13u1/systemd-257.13/units/systemd-logind.service.in,257.13-1~deb13u1,feaa7aecdf5e3da28c3214417c69e7d966e672135a1711f5ed47ab10218dbba0,0,,NOT_APPLICABLE,exact basename or unique executable source mapping
https://systemd.io::systemd-logind,https://systemd.io,fedora,systemd,systemd,systemd-259.8-1.fc44.src.rpm,U1_TEMPLATE_VALUE_ONLY,/home/emrecan/github/ecylmz/unittrace/artifacts/full/roots/sources/fedora/systemd/systemd-259.8-1.fc44.src.rpm/systemd-259.8/units/systemd-logind.service.in,systemd-259.8-1.fc44.src.rpm,feaa7aecdf5e3da28c3214417c69e7d966e672135a1711f5ed47ab10218dbba0,0,,NOT_APPLICABLE,exact basename or unique executable source mapping
https://systemd.io::systemd-logind,https://systemd.io,ubuntu,systemd,systemd,259.5-0ubuntu3,U1_TEMPLATE_VALUE_ONLY,/home/emrecan/github/ecylmz/unittrace/artifacts/full/roots/sources/ubuntu/systemd/259.5-0ubuntu3/systemd-259.5/units/systemd-logind.service.in,259.5-0ubuntu3,feaa7aecdf5e3da28c3214417c69e7d966e672135a1711f5ed47ab10218dbba0,0,,NOT_APPLICABLE,exact basename or unique executable source mapping
https://systemd.io::systemd-machined,https://systemd.io,debian,systemd-container,systemd,257.13-1~deb13u1,U5_AMBIGUOUS_OR_UNRESOLVED,,257.13-1~deb13u1,,0,,NOT_ATTEMPTED,ambiguous exact artifacts=2
https://systemd.io::systemd-machined,https://systemd.io,fedora,systemd-container,systemd,systemd-259.8-1.fc44.src.rpm,U5_AMBIGUOUS_OR_UNRESOLVED,,systemd-259.8-1.fc44.src.rpm,,0,,NOT_ATTEMPTED,ambiguous exact artifacts=3
https://systemd.io::systemd-machined,https://systemd.io,ubuntu,systemd-container,systemd,259.5-0ubuntu3,U5_AMBIGUOUS_OR_UNRESOLVED,,259.5-0ubuntu3,,0,,NOT_ATTEMPTED,ambiguous exact artifacts=3
https://systemd.io::systemd-modules-load,https://systemd.io,debian,systemd,systemd,257.13-1~deb13u1,U1_TEMPLATE_VALUE_ONLY,/home/emrecan/github/ecylmz/unittrace/artifacts/full/roots/sources/debian/systemd/257.13-1~deb13u1/systemd-257.13/units/systemd-modules-load.service.in,257.13-1~deb13u1,a7c84c26f801d09f118bbaa4d0c426e507f3ff9f7d2fb1540b0a77e4144b2cf9,0,,NOT_APPLICABLE,exact basename or unique executable source mapping
https://systemd.io::systemd-modules-load,https://systemd.io,fedora,systemd-udev,systemd,systemd-259.8-1.fc44.src.rpm,U1_TEMPLATE_VALUE_ONLY,/home/emrecan/github/ecylmz/unittrace/artifacts/full/roots/sources/fedora/systemd/systemd-259.8-1.fc44.src.rpm/systemd-259.8/units/systemd-modules-load.service.in,systemd-259.8-1.fc44.src.rpm,a7c84c26f801d09f118bbaa4d0c426e507f3ff9f7d2fb1540b0a77e4144b2cf9,0,,NOT_APPLICABLE,exact basename or unique executable source mapping
https://systemd.io::systemd-modules-load,https://systemd.io,ubuntu,systemd,systemd,259.5-0ubuntu3,U1_TEMPLATE_VALUE_ONLY,/home/emrecan/github/ecylmz/unittrace/artifacts/full/roots/sources/ubuntu/systemd/259.5-0ubuntu3/systemd-259.5/units/systemd-modules-load.service.in,259.5-0ubuntu3,a7c84c26f801d09f118bbaa4d0c426e507f3ff9f7d2fb1540b0a77e4144b2cf9,0,,NOT_APPLICABLE,exact basename or unique executable source mapping
https://systemd.io::systemd-mountfsd,https://systemd.io,debian,systemd-container,systemd,257.13-1~deb13u1,U1_TEMPLATE_VALUE_ONLY,/home/emrecan/github/ecylmz/unittrace/artifacts/full/roots/sources/debian/systemd/257.13-1~deb13u1/systemd-257.13/units/systemd-mountfsd.service.in,257.13-1~deb13u1,0532422c738a399ca0358ba5651bde99ef65b5044f55eb560b156302afe6aebb,0,,NOT_APPLICABLE,exact basename or unique executable source mapping
https://systemd.io::systemd-mountfsd,https://systemd.io,fedora,systemd-container,systemd,systemd-259.8-1.fc44.src.rpm,U1_TEMPLATE_VALUE_ONLY,/home/emrecan/github/ecylmz/unittrace/artifacts/full/roots/sources/fedora/systemd/systemd-259.8-1.fc44.src.rpm/systemd-259.8/units/systemd-mountfsd.service.in,systemd-259.8-1.fc44.src.rpm,c261a6bb51e5a462d369022715d277e009bc8b10f208aa6c696c625e88bb0774,0,,NOT_APPLICABLE,exact basename or unique executable source mapping
https://systemd.io::systemd-mountfsd,https://systemd.io,ubuntu,systemd-container,systemd,259.5-0ubuntu3,U1_TEMPLATE_VALUE_ONLY,/home/emrecan/github/ecylmz/unittrace/artifacts/full/roots/sources/ubuntu/systemd/259.5-0ubuntu3/systemd-259.5/units/systemd-mountfsd.service.in,259.5-0ubuntu3,c261a6bb51e5a462d369022715d277e009bc8b10f208aa6c696c625e88bb0774,0,,NOT_APPLICABLE,exact basename or unique executable source mapping
https://systemd.io::systemd-networkd,https://systemd.io,debian,systemd,systemd,257.13-1~deb13u1,U1_TEMPLATE_VALUE_ONLY,/home/emrecan/github/ecylmz/unittrace/artifacts/full/roots/sources/debian/systemd/257.13-1~deb13u1/systemd-257.13/units/systemd-networkd.service.in,257.13-1~deb13u1,808a61c28c62d74a02b30716b6c4e9161569c7937fd983c257ea0a4c43accdf6,0,,NOT_APPLICABLE,exact basename or unique executable source mapping
https://systemd.io::systemd-networkd,https://systemd.io,fedora,systemd-networkd,systemd,systemd-259.8-1.fc44.src.rpm,U1_TEMPLATE_VALUE_ONLY,/home/emrecan/github/ecylmz/unittrace/artifacts/full/roots/sources/fedora/systemd/systemd-259.8-1.fc44.src.rpm/systemd-259.8/units/systemd-networkd.service.in,systemd-259.8-1.fc44.src.rpm,8eb36429f2f6515248c6a343ae5446e196cc556246bcf6a02e5a6abd3a544512,0,,NOT_APPLICABLE,exact basename or unique executable source mapping
https://systemd.io::systemd-networkd,https://systemd.io,ubuntu,systemd,systemd,259.5-0ubuntu3,U1_TEMPLATE_VALUE_ONLY,/home/emrecan/github/ecylmz/unittrace/artifacts/full/roots/sources/ubuntu/systemd/259.5-0ubuntu3/systemd-259.5/units/systemd-networkd.service.in,259.5-0ubuntu3,8eb36429f2f6515248c6a343ae5446e196cc556246bcf6a02e5a6abd3a544512,0,,NOT_APPLICABLE,exact basename or unique executable source mapping
https://systemd.io::systemd-networkd-wait-online,https://systemd.io,debian,systemd,systemd,257.13-1~deb13u1,U1_TEMPLATE_VALUE_ONLY,/home/emrecan/github/ecylmz/unittrace/artifacts/full/roots/sources/debian/systemd/257.13-1~deb13u1/systemd-257.13/units/systemd-networkd-wait-online.service.in,257.13-1~deb13u1,06e4df23eae3c9094c603993ea9505e12122bb80425f82334b411e6e62268c2a,0,,NOT_APPLICABLE,exact basename or unique executable source mapping
https://systemd.io::systemd-networkd-wait-online,https://systemd.io,fedora,systemd-networkd,systemd,systemd-259.8-1.fc44.src.rpm,U1_TEMPLATE_VALUE_ONLY,/home/emrecan/github/ecylmz/unittrace/artifacts/full/roots/sources/fedora/systemd/systemd-259.8-1.fc44.src.rpm/systemd-259.8/units/systemd-networkd-wait-online.service.in,systemd-259.8-1.fc44.src.rpm,a2baee9c400be276174f3ec510aad7e9d255714ffe14c716cf5d6d08c657631c,0,,NOT_APPLICABLE,exact basename or unique executable source mapping
https://systemd.io::systemd-networkd-wait-online,https://systemd.io,ubuntu,systemd,systemd,259.5-0ubuntu3,U1_TEMPLATE_VALUE_ONLY,/home/emrecan/github/ecylmz/unittrace/artifacts/full/roots/sources/ubuntu/systemd/259.5-0ubuntu3/systemd-259.5/units/systemd-networkd-wait-online.service.in,259.5-0ubuntu3,a2baee9c400be276174f3ec510aad7e9d255714ffe14c716cf5d6d08c657631c,0,,NOT_APPLICABLE,exact basename or unique executable source mapping
https://systemd.io::systemd-nsresourced,https://systemd.io,debian,systemd-container,systemd,257.13-1~deb13u1,U1_TEMPLATE_VALUE_ONLY,/home/emrecan/github/ecylmz/unittrace/artifacts/full/roots/sources/debian/systemd/257.13-1~deb13u1/systemd-257.13/units/systemd-nsresourced.service.in,257.13-1~deb13u1,8794aeb478797a068593ed3774ad8c7271f527c825721db2c4b3200cb67b6566,0,,NOT_APPLICABLE,exact basename or unique executable source mapping
https://systemd.io::systemd-nsresourced,https://systemd.io,fedora,systemd-container,systemd,systemd-259.8-1.fc44.src.rpm,U1_TEMPLATE_VALUE_ONLY,/home/emrecan/github/ecylmz/unittrace/artifacts/full/roots/sources/fedora/systemd/systemd-259.8-1.fc44.src.rpm/systemd-259.8/units/systemd-nsresourced.service.in,systemd-259.8-1.fc44.src.rpm,b1fc45dfccc55159b51c04c401d133ea849b87c0ee504fde425598f53446488e,0,,NOT_APPLICABLE,exact basename or unique executable source mapping
https://systemd.io::systemd-nsresourced,https://systemd.io,ubuntu,systemd-container,systemd,259.5-0ubuntu3,U1_TEMPLATE_VALUE_ONLY,/home/emrecan/github/ecylmz/unittrace/artifacts/full/roots/sources/ubuntu/systemd/259.5-0ubuntu3/systemd-259.5/units/systemd-nsresourced.service.in,259.5-0ubuntu3,b1fc45dfccc55159b51c04c401d133ea849b87c0ee504fde425598f53446488e,0,,NOT_APPLICABLE,exact basename or unique executable source mapping
https://systemd.io::systemd-oomd,https://systemd.io,debian,systemd-oomd,systemd,257.13-1~deb13u1,U1_TEMPLATE_VALUE_ONLY,/home/emrecan/github/ecylmz/unittrace/artifacts/full/roots/sources/debian/systemd/257.13-1~deb13u1/systemd-257.13/units/systemd-oomd.service.in,257.13-1~deb13u1,b46e0f5aab159f39c54fdd2e3997b01c5f30ecbb2b52272ac9cf0969ddf95805,0,,NOT_APPLICABLE,exact basename or unique executable source mapping
https://systemd.io::systemd-oomd,https://systemd.io,fedora,systemd-udev,systemd,systemd-259.8-1.fc44.src.rpm,U1_TEMPLATE_VALUE_ONLY,/home/emrecan/github/ecylmz/unittrace/artifacts/full/roots/sources/fedora/systemd/systemd-259.8-1.fc44.src.rpm/systemd-259.8/units/systemd-oomd.service.in,systemd-259.8-1.fc44.src.rpm,2f4c2862b5826e85d63d5c7993f8610556f2f201facc0b20af04c1b972f288d3,0,,NOT_APPLICABLE,exact basename or unique executable source mapping
https://systemd.io::systemd-oomd,https://systemd.io,ubuntu,systemd-oomd,systemd,259.5-0ubuntu3,U1_TEMPLATE_VALUE_ONLY,/home/emrecan/github/ecylmz/unittrace/artifacts/full/roots/sources/ubuntu/systemd/259.5-0ubuntu3/systemd-259.5/units/systemd-oomd.service.in,259.5-0ubuntu3,2f4c2862b5826e85d63d5c7993f8610556f2f201facc0b20af04c1b972f288d3,0,,NOT_APPLICABLE,exact basename or unique executable source mapping
https://systemd.io::systemd-portabled,https://systemd.io,debian,systemd-container,systemd,257.13-1~deb13u1,U1_TEMPLATE_VALUE_ONLY,/home/emrecan/github/ecylmz/unittrace/artifacts/full/roots/sources/debian/systemd/257.13-1~deb13u1/systemd-257.13/units/systemd-portabled.service.in,257.13-1~deb13u1,02b6444d5d25396b6b65eb5b8054d4382deacf2fb822d6cf97cab00d8b15c66a,0,,NOT_APPLICABLE,exact basename or unique executable source mapping
https://systemd.io::systemd-portabled,https://systemd.io,fedora,systemd-udev,systemd,systemd-259.8-1.fc44.src.rpm,U1_TEMPLATE_VALUE_ONLY,/home/emrecan/github/ecylmz/unittrace/artifacts/full/roots/sources/fedora/systemd/systemd-259.8-1.fc44.src.rpm/systemd-259.8/units/systemd-portabled.service.in,systemd-259.8-1.fc44.src.rpm,02b6444d5d25396b6b65eb5b8054d4382deacf2fb822d6cf97cab00d8b15c66a,0,,NOT_APPLICABLE,exact basename or unique executable source mapping
https://systemd.io::systemd-portabled,https://systemd.io,ubuntu,systemd-container,systemd,259.5-0ubuntu3,U1_TEMPLATE_VALUE_ONLY,/home/emrecan/github/ecylmz/unittrace/artifacts/full/roots/sources/ubuntu/systemd/259.5-0ubuntu3/systemd-259.5/units/systemd-portabled.service.in,259.5-0ubuntu3,02b6444d5d25396b6b65eb5b8054d4382deacf2fb822d6cf97cab00d8b15c66a,0,,NOT_APPLICABLE,exact basename or unique executable source mapping
https://systemd.io::systemd-pstore,https://systemd.io,debian,systemd,systemd,257.13-1~deb13u1,U1_TEMPLATE_VALUE_ONLY,/home/emrecan/github/ecylmz/unittrace/artifacts/full/roots/sources/debian/systemd/257.13-1~deb13u1/systemd-257.13/units/systemd-pstore.service.in,257.13-1~deb13u1,61bf8ba5cc2a13fcd44a5e43937ef1652370adcefc0e3fc9de882d44a2fe0cc0,0,,NOT_APPLICABLE,exact basename or unique executable source mapping
https://systemd.io::systemd-pstore,https://systemd.io,fedora,systemd-udev,systemd,systemd-259.8-1.fc44.src.rpm,U1_TEMPLATE_VALUE_ONLY,/home/emrecan/github/ecylmz/unittrace/artifacts/full/roots/sources/fedora/systemd/systemd-259.8-1.fc44.src.rpm/systemd-259.8/units/systemd-pstore.service.in,systemd-259.8-1.fc44.src.rpm,61bf8ba5cc2a13fcd44a5e43937ef1652370adcefc0e3fc9de882d44a2fe0cc0,0,,NOT_APPLICABLE,exact basename or unique executable source mapping
https://systemd.io::systemd-pstore,https://systemd.io,ubuntu,systemd,systemd,259.5-0ubuntu3,U1_TEMPLATE_VALUE_ONLY,/home/emrecan/github/ecylmz/unittrace/artifacts/full/roots/sources/ubuntu/systemd/259.5-0ubuntu3/systemd-259.5/units/systemd-pstore.service.in,259.5-0ubuntu3,61bf8ba5cc2a13fcd44a5e43937ef1652370adcefc0e3fc9de882d44a2fe0cc0,0,,NOT_APPLICABLE,exact basename or unique executable source mapping
https://systemd.io::systemd-quotacheck,https://systemd.io,debian,systemd,systemd,257.13-1~deb13u1,U1_TEMPLATE_VALUE_ONLY,/home/emrecan/github/ecylmz/unittrace/artifacts/full/roots/sources/debian/systemd/257.13-1~deb13u1/systemd-257.13/units/systemd-quotacheck-root.service.in,257.13-1~deb13u1,71dbd0e8f913f9dc1fb72c999050bb3a8286973c44885943148c427141f6ecfd,0,,NOT_APPLICABLE,exact basename or unique executable source mapping
https://systemd.io::systemd-quotacheck,https://systemd.io,fedora,systemd-udev,systemd,systemd-259.8-1.fc44.src.rpm,U1_TEMPLATE_VALUE_ONLY,/home/emrecan/github/ecylmz/unittrace/artifacts/full/roots/sources/fedora/systemd/systemd-259.8-1.fc44.src.rpm/systemd-259.8/units/systemd-quotacheck-root.service.in,systemd-259.8-1.fc44.src.rpm,e89f0126ce29586b809e7f307b609a1e265e3e963cfe2f1b1724d0c991905a9e,0,,NOT_APPLICABLE,exact basename or unique executable source mapping
https://systemd.io::systemd-quotacheck,https://systemd.io,ubuntu,systemd,systemd,259.5-0ubuntu3,U1_TEMPLATE_VALUE_ONLY,/home/emrecan/github/ecylmz/unittrace/artifacts/full/roots/sources/ubuntu/systemd/259.5-0ubuntu3/systemd-259.5/units/systemd-quotacheck-root.service.in,259.5-0ubuntu3,e89f0126ce29586b809e7f307b609a1e265e3e963cfe2f1b1724d0c991905a9e,0,,NOT_APPLICABLE,exact basename or unique executable source mapping
https://systemd.io::systemd-random-seed,https://systemd.io,debian,systemd,systemd,257.13-1~deb13u1,U1_TEMPLATE_VALUE_ONLY,/home/emrecan/github/ecylmz/unittrace/artifacts/full/roots/sources/debian/systemd/257.13-1~deb13u1/systemd-257.13/units/systemd-random-seed.service.in,257.13-1~deb13u1,f29b83bfb6d2651e0064781cec17881f2ca55bdd8f1583543a263c3a9a8cab30,0,,NOT_APPLICABLE,exact basename or unique executable source mapping
https://systemd.io::systemd-random-seed,https://systemd.io,fedora,systemd-udev,systemd,systemd-259.8-1.fc44.src.rpm,U1_TEMPLATE_VALUE_ONLY,/home/emrecan/github/ecylmz/unittrace/artifacts/full/roots/sources/fedora/systemd/systemd-259.8-1.fc44.src.rpm/systemd-259.8/units/systemd-random-seed.service.in,systemd-259.8-1.fc44.src.rpm,f29b83bfb6d2651e0064781cec17881f2ca55bdd8f1583543a263c3a9a8cab30,0,,NOT_APPLICABLE,exact basename or unique executable source mapping
https://systemd.io::systemd-random-seed,https://systemd.io,ubuntu,systemd,systemd,259.5-0ubuntu3,U1_TEMPLATE_VALUE_ONLY,/home/emrecan/github/ecylmz/unittrace/artifacts/full/roots/sources/ubuntu/systemd/259.5-0ubuntu3/systemd-259.5/units/systemd-random-seed.service.in,259.5-0ubuntu3,f29b83bfb6d2651e0064781cec17881f2ca55bdd8f1583543a263c3a9a8cab30,0,,NOT_APPLICABLE,exact basename or unique executable source mapping
https://systemd.io::systemd-remount-fs,https://systemd.io,debian,systemd,systemd,257.13-1~deb13u1,U5_AMBIGUOUS_OR_UNRESOLVED,,257.13-1~deb13u1,,0,,NOT_ATTEMPTED,ambiguous exact artifacts=3
https://systemd.io::systemd-remount-fs,https://systemd.io,fedora,systemd-udev,systemd,systemd-259.8-1.fc44.src.rpm,U5_AMBIGUOUS_OR_UNRESOLVED,,systemd-259.8-1.fc44.src.rpm,,0,,NOT_ATTEMPTED,ambiguous exact artifacts=3
https://systemd.io::systemd-remount-fs,https://systemd.io,ubuntu,systemd,systemd,259.5-0ubuntu3,U5_AMBIGUOUS_OR_UNRESOLVED,,259.5-0ubuntu3,,0,,NOT_ATTEMPTED,ambiguous exact artifacts=3
https://systemd.io::systemd-resolved,https://systemd.io,debian,systemd-resolved,systemd,257.13-1~deb13u1,U5_AMBIGUOUS_OR_UNRESOLVED,,257.13-1~deb13u1,,0,,NOT_ATTEMPTED,ambiguous exact artifacts=2
https://systemd.io::systemd-resolved,https://systemd.io,fedora,systemd-resolved,systemd,systemd-259.8-1.fc44.src.rpm,U5_AMBIGUOUS_OR_UNRESOLVED,,systemd-259.8-1.fc44.src.rpm,,0,,NOT_ATTEMPTED,ambiguous exact artifacts=2
https://systemd.io::systemd-resolved,https://systemd.io,ubuntu,systemd-resolved,systemd,259.5-0ubuntu3,U5_AMBIGUOUS_OR_UNRESOLVED,,259.5-0ubuntu3,,0,,NOT_ATTEMPTED,ambiguous exact artifacts=2
https://systemd.io::systemd-rfkill,https://systemd.io,debian,systemd,systemd,257.13-1~deb13u1,U1_TEMPLATE_VALUE_ONLY,/home/emrecan/github/ecylmz/unittrace/artifacts/full/roots/sources/debian/systemd/257.13-1~deb13u1/systemd-257.13/units/systemd-rfkill.service.in,257.13-1~deb13u1,d84f09876e506b96f8a29f9499b58003324f311d74be3e3e877dbe48100be2bd,0,,NOT_APPLICABLE,exact basename or unique executable source mapping
https://systemd.io::systemd-rfkill,https://systemd.io,fedora,systemd-udev,systemd,systemd-259.8-1.fc44.src.rpm,U1_TEMPLATE_VALUE_ONLY,/home/emrecan/github/ecylmz/unittrace/artifacts/full/roots/sources/fedora/systemd/systemd-259.8-1.fc44.src.rpm/systemd-259.8/units/systemd-rfkill.service.in,systemd-259.8-1.fc44.src.rpm,d84f09876e506b96f8a29f9499b58003324f311d74be3e3e877dbe48100be2bd,0,,NOT_APPLICABLE,exact basename or unique executable source mapping
https://systemd.io::systemd-rfkill,https://systemd.io,ubuntu,systemd,systemd,259.5-0ubuntu3,U1_TEMPLATE_VALUE_ONLY,/home/emrecan/github/ecylmz/unittrace/artifacts/full/roots/sources/ubuntu/systemd/259.5-0ubuntu3/systemd-259.5/units/systemd-rfkill.service.in,259.5-0ubuntu3,d84f09876e506b96f8a29f9499b58003324f311d74be3e3e877dbe48100be2bd,0,,NOT_APPLICABLE,exact basename or unique executable source mapping
https://systemd.io::systemd-storagetm,https://systemd.io,debian,systemd,systemd,257.13-1~deb13u1,U1_TEMPLATE_VALUE_ONLY,/home/emrecan/github/ecylmz/unittrace/artifacts/full/roots/sources/debian/systemd/257.13-1~deb13u1/systemd-257.13/units/systemd-storagetm.service.in,257.13-1~deb13u1,cd96fcd138ab65f40700a0ebf8f10369e26901418cc08cb2b225e65d276114aa,0,,NOT_APPLICABLE,exact basename or unique executable source mapping
https://systemd.io::systemd-storagetm,https://systemd.io,fedora,systemd,systemd,systemd-259.8-1.fc44.src.rpm,U1_TEMPLATE_VALUE_ONLY,/home/emrecan/github/ecylmz/unittrace/artifacts/full/roots/sources/fedora/systemd/systemd-259.8-1.fc44.src.rpm/systemd-259.8/units/systemd-storagetm.service.in,systemd-259.8-1.fc44.src.rpm,38852e5c6e97354c5dc606624051007dc8ced4e9541cb233f82863bf9df3c960,0,,NOT_APPLICABLE,exact basename or unique executable source mapping
https://systemd.io::systemd-storagetm,https://systemd.io,ubuntu,systemd,systemd,259.5-0ubuntu3,U1_TEMPLATE_VALUE_ONLY,/home/emrecan/github/ecylmz/unittrace/artifacts/full/roots/sources/ubuntu/systemd/259.5-0ubuntu3/systemd-259.5/units/systemd-storagetm.service.in,259.5-0ubuntu3,38852e5c6e97354c5dc606624051007dc8ced4e9541cb233f82863bf9df3c960,0,,NOT_APPLICABLE,exact basename or unique executable source mapping
https://systemd.io::systemd-sysctl,https://systemd.io,debian,systemd,systemd,257.13-1~deb13u1,U1_TEMPLATE_VALUE_ONLY,/home/emrecan/github/ecylmz/unittrace/artifacts/full/roots/sources/debian/systemd/257.13-1~deb13u1/systemd-257.13/units/systemd-sysctl.service.in,257.13-1~deb13u1,23d10490adb5a4cce26aafaa3408c36d1573cf6f73b150e59094b32b979aeee0,0,,NOT_APPLICABLE,exact basename or unique executable source mapping
https://systemd.io::systemd-sysctl,https://systemd.io,fedora,systemd-udev,systemd,systemd-259.8-1.fc44.src.rpm,U1_TEMPLATE_VALUE_ONLY,/home/emrecan/github/ecylmz/unittrace/artifacts/full/roots/sources/fedora/systemd/systemd-259.8-1.fc44.src.rpm/systemd-259.8/units/systemd-sysctl.service.in,systemd-259.8-1.fc44.src.rpm,23d10490adb5a4cce26aafaa3408c36d1573cf6f73b150e59094b32b979aeee0,0,,NOT_APPLICABLE,exact basename or unique executable source mapping
https://systemd.io::systemd-sysctl,https://systemd.io,ubuntu,systemd,systemd,259.5-0ubuntu3,U1_TEMPLATE_VALUE_ONLY,/home/emrecan/github/ecylmz/unittrace/artifacts/full/roots/sources/ubuntu/systemd/259.5-0ubuntu3/systemd-259.5/units/systemd-sysctl.service.in,259.5-0ubuntu3,23d10490adb5a4cce26aafaa3408c36d1573cf6f73b150e59094b32b979aeee0,0,,NOT_APPLICABLE,exact basename or unique executable source mapping
https://systemd.io::systemd-sysroot-fstab-check,https://systemd.io,fedora,systemd-udev,systemd,systemd-259.8-1.fc44.src.rpm,U1_TEMPLATE_VALUE_ONLY,/home/emrecan/github/ecylmz/unittrace/artifacts/full/roots/sources/fedora/systemd/systemd-259.8-1.fc44.src.rpm/systemd-259.8/units/initrd-parse-etc.service.in,systemd-259.8-1.fc44.src.rpm,628046ed6c4fe5b393eb3ed77751f82cb5e8e624b5a8151b7a27451676296df6,0,,NOT_APPLICABLE,exact basename or unique executable source mapping
https://systemd.io::systemd-sysroot-fstab-check,https://systemd.io,ubuntu,systemd,systemd,259.5-0ubuntu3,U1_TEMPLATE_VALUE_ONLY,/home/emrecan/github/ecylmz/unittrace/artifacts/full/roots/sources/ubuntu/systemd/259.5-0ubuntu3/systemd-259.5/units/initrd-parse-etc.service.in,259.5-0ubuntu3,628046ed6c4fe5b393eb3ed77751f82cb5e8e624b5a8151b7a27451676296df6,0,,NOT_APPLICABLE,exact basename or unique executable source mapping
https://systemd.io::systemd-time-wait-sync,https://systemd.io,debian,systemd-timesyncd,systemd,257.13-1~deb13u1,U1_TEMPLATE_VALUE_ONLY,/home/emrecan/github/ecylmz/unittrace/artifacts/full/roots/sources/debian/systemd/257.13-1~deb13u1/systemd-257.13/units/systemd-time-wait-sync.service.in,257.13-1~deb13u1,36b1e43f0954de2de240e9a5a1901389ce56fdac2b11599284892f27616eb714,0,,NOT_APPLICABLE,exact basename or unique executable source mapping
https://systemd.io::systemd-time-wait-sync,https://systemd.io,fedora,systemd,systemd,systemd-259.8-1.fc44.src.rpm,U1_TEMPLATE_VALUE_ONLY,/home/emrecan/github/ecylmz/unittrace/artifacts/full/roots/sources/fedora/systemd/systemd-259.8-1.fc44.src.rpm/systemd-259.8/units/systemd-time-wait-sync.service.in,systemd-259.8-1.fc44.src.rpm,36b1e43f0954de2de240e9a5a1901389ce56fdac2b11599284892f27616eb714,0,,NOT_APPLICABLE,exact basename or unique executable source mapping
https://systemd.io::systemd-time-wait-sync,https://systemd.io,ubuntu,systemd-timesyncd,systemd,259.5-0ubuntu3,U1_TEMPLATE_VALUE_ONLY,/home/emrecan/github/ecylmz/unittrace/artifacts/full/roots/sources/ubuntu/systemd/259.5-0ubuntu3/systemd-259.5/units/systemd-time-wait-sync.service.in,259.5-0ubuntu3,36b1e43f0954de2de240e9a5a1901389ce56fdac2b11599284892f27616eb714,0,,NOT_APPLICABLE,exact basename or unique executable source mapping
https://systemd.io::systemd-timedated,https://systemd.io,debian,systemd,systemd,257.13-1~deb13u1,U1_TEMPLATE_VALUE_ONLY,/home/emrecan/github/ecylmz/unittrace/artifacts/full/roots/sources/debian/systemd/257.13-1~deb13u1/systemd-257.13/units/systemd-timedated.service.in,257.13-1~deb13u1,c9bac4f792461f060e46f5de446d0c732c78cdf7864c12fb1a2b4225e587bc77,0,,NOT_APPLICABLE,exact basename or unique executable source mapping
https://systemd.io::systemd-timedated,https://systemd.io,fedora,systemd,systemd,systemd-259.8-1.fc44.src.rpm,U1_TEMPLATE_VALUE_ONLY,/home/emrecan/github/ecylmz/unittrace/artifacts/full/roots/sources/fedora/systemd/systemd-259.8-1.fc44.src.rpm/systemd-259.8/units/systemd-timedated.service.in,systemd-259.8-1.fc44.src.rpm,c9bac4f792461f060e46f5de446d0c732c78cdf7864c12fb1a2b4225e587bc77,0,,NOT_APPLICABLE,exact basename or unique executable source mapping
https://systemd.io::systemd-timedated,https://systemd.io,ubuntu,systemd,systemd,259.5-0ubuntu3,U1_TEMPLATE_VALUE_ONLY,/home/emrecan/github/ecylmz/unittrace/artifacts/full/roots/sources/ubuntu/systemd/259.5-0ubuntu3/systemd-259.5/units/systemd-timedated.service.in,259.5-0ubuntu3,c9bac4f792461f060e46f5de446d0c732c78cdf7864c12fb1a2b4225e587bc77,0,,NOT_APPLICABLE,exact basename or unique executable source mapping
https://systemd.io::systemd-timesyncd,https://systemd.io,debian,systemd-timesyncd,systemd,257.13-1~deb13u1,U1_TEMPLATE_VALUE_ONLY,/home/emrecan/github/ecylmz/unittrace/artifacts/full/roots/sources/debian/systemd/257.13-1~deb13u1/systemd-257.13/units/systemd-timesyncd.service.in,257.13-1~deb13u1,37cb34eaa6e02b3201a41e55512ff4b75e2829ab037e4b9753daa2b118acb276,0,,NOT_APPLICABLE,exact basename or unique executable source mapping
https://systemd.io::systemd-timesyncd,https://systemd.io,fedora,systemd-udev,systemd,systemd-259.8-1.fc44.src.rpm,U1_TEMPLATE_VALUE_ONLY,/home/emrecan/github/ecylmz/unittrace/artifacts/full/roots/sources/fedora/systemd/systemd-259.8-1.fc44.src.rpm/systemd-259.8/units/systemd-timesyncd.service.in,systemd-259.8-1.fc44.src.rpm,ba5f1924baab1dae1bdfbfcc67ea8d150760c4e5157f93ca383fbc45079f63f4,0,,NOT_APPLICABLE,exact basename or unique executable source mapping
https://systemd.io::systemd-timesyncd,https://systemd.io,ubuntu,systemd-timesyncd,systemd,259.5-0ubuntu3,U1_TEMPLATE_VALUE_ONLY,/home/emrecan/github/ecylmz/unittrace/artifacts/full/roots/sources/ubuntu/systemd/259.5-0ubuntu3/systemd-259.5/units/systemd-timesyncd.service.in,259.5-0ubuntu3,ba5f1924baab1dae1bdfbfcc67ea8d150760c4e5157f93ca383fbc45079f63f4,0,,NOT_APPLICABLE,exact basename or unique executable source mapping
https://systemd.io::systemd-tpm2-clear,https://systemd.io,fedora,systemd,systemd,systemd-259.8-1.fc44.src.rpm,U1_TEMPLATE_VALUE_ONLY,/home/emrecan/github/ecylmz/unittrace/artifacts/full/roots/sources/fedora/systemd/systemd-259.8-1.fc44.src.rpm/systemd-259.8/units/systemd-tpm2-clear.service.in,systemd-259.8-1.fc44.src.rpm,74c9e2e35715aad0a378e0afa6c95a0574903c17f0dad44119b94e109785fdae,0,,NOT_APPLICABLE,exact basename or unique executable source mapping
https://systemd.io::systemd-tpm2-clear,https://systemd.io,ubuntu,systemd,systemd,259.5-0ubuntu3,U1_TEMPLATE_VALUE_ONLY,/home/emrecan/github/ecylmz/unittrace/artifacts/full/roots/sources/ubuntu/systemd/259.5-0ubuntu3/systemd-259.5/units/systemd-tpm2-clear.service.in,259.5-0ubuntu3,74c9e2e35715aad0a378e0afa6c95a0574903c17f0dad44119b94e109785fdae,0,,NOT_APPLICABLE,exact basename or unique executable source mapping
https://systemd.io::systemd-udevd,https://systemd.io,debian,udev,systemd,257.13-1~deb13u1,U1_TEMPLATE_VALUE_ONLY,/home/emrecan/github/ecylmz/unittrace/artifacts/full/roots/sources/debian/systemd/257.13-1~deb13u1/systemd-257.13/units/systemd-udevd.service.in,257.13-1~deb13u1,853fc82fb3455e15c0cc4e52defdcadc62220c3f40199db1cf0e7d66582606d4,0,,NOT_APPLICABLE,exact basename or unique executable source mapping
https://systemd.io::systemd-udevd,https://systemd.io,fedora,systemd-udev,systemd,systemd-259.8-1.fc44.src.rpm,U1_TEMPLATE_VALUE_ONLY,/home/emrecan/github/ecylmz/unittrace/artifacts/full/roots/sources/fedora/systemd/systemd-259.8-1.fc44.src.rpm/systemd-259.8/units/systemd-udevd.service.in,systemd-259.8-1.fc44.src.rpm,24c70a01a6d92523ac5878a4958bc0ed087bc28293ff19adfb0be63a944bb6e4,0,,NOT_APPLICABLE,exact basename or unique executable source mapping
https://systemd.io::systemd-udevd,https://systemd.io,ubuntu,udev,systemd,259.5-0ubuntu3,U1_TEMPLATE_VALUE_ONLY,/home/emrecan/github/ecylmz/unittrace/artifacts/full/roots/sources/ubuntu/systemd/259.5-0ubuntu3/systemd-259.5/units/systemd-udevd.service.in,259.5-0ubuntu3,24c70a01a6d92523ac5878a4958bc0ed087bc28293ff19adfb0be63a944bb6e4,0,,NOT_APPLICABLE,exact basename or unique executable source mapping
https://systemd.io::systemd-update-done,https://systemd.io,debian,systemd,systemd,257.13-1~deb13u1,U1_TEMPLATE_VALUE_ONLY,/home/emrecan/github/ecylmz/unittrace/artifacts/full/roots/sources/debian/systemd/257.13-1~deb13u1/systemd-257.13/units/systemd-update-done.service.in,257.13-1~deb13u1,2ca7b8c06debdf75024eb12a2bb0a7b52422e7e9b8277c8bd36b5a82f36d5a41,0,,NOT_APPLICABLE,exact basename or unique executable source mapping
https://systemd.io::systemd-update-done,https://systemd.io,fedora,systemd,systemd,systemd-259.8-1.fc44.src.rpm,U1_TEMPLATE_VALUE_ONLY,/home/emrecan/github/ecylmz/unittrace/artifacts/full/roots/sources/fedora/systemd/systemd-259.8-1.fc44.src.rpm/systemd-259.8/units/systemd-update-done.service.in,systemd-259.8-1.fc44.src.rpm,2ca7b8c06debdf75024eb12a2bb0a7b52422e7e9b8277c8bd36b5a82f36d5a41,0,,NOT_APPLICABLE,exact basename or unique executable source mapping
https://systemd.io::systemd-update-done,https://systemd.io,ubuntu,systemd,systemd,259.5-0ubuntu3,U1_TEMPLATE_VALUE_ONLY,/home/emrecan/github/ecylmz/unittrace/artifacts/full/roots/sources/ubuntu/systemd/259.5-0ubuntu3/systemd-259.5/units/systemd-update-done.service.in,259.5-0ubuntu3,2ca7b8c06debdf75024eb12a2bb0a7b52422e7e9b8277c8bd36b5a82f36d5a41,0,,NOT_APPLICABLE,exact basename or unique executable source mapping
https://systemd.io::systemd-user-sessions,https://systemd.io,debian,systemd,systemd,257.13-1~deb13u1,U1_TEMPLATE_VALUE_ONLY,/home/emrecan/github/ecylmz/unittrace/artifacts/full/roots/sources/debian/systemd/257.13-1~deb13u1/systemd-257.13/units/systemd-user-sessions.service.in,257.13-1~deb13u1,6daf2300caf1b7b7517d135d6eaa3feb6940fdd4a316d77fbc9454830c2f2445,0,,NOT_APPLICABLE,exact basename or unique executable source mapping
https://systemd.io::systemd-user-sessions,https://systemd.io,fedora,systemd,systemd,systemd-259.8-1.fc44.src.rpm,U1_TEMPLATE_VALUE_ONLY,/home/emrecan/github/ecylmz/unittrace/artifacts/full/roots/sources/fedora/systemd/systemd-259.8-1.fc44.src.rpm/systemd-259.8/units/systemd-user-sessions.service.in,systemd-259.8-1.fc44.src.rpm,6daf2300caf1b7b7517d135d6eaa3feb6940fdd4a316d77fbc9454830c2f2445,0,,NOT_APPLICABLE,exact basename or unique executable source mapping
https://systemd.io::systemd-user-sessions,https://systemd.io,ubuntu,systemd,systemd,259.5-0ubuntu3,U1_TEMPLATE_VALUE_ONLY,/home/emrecan/github/ecylmz/unittrace/artifacts/full/roots/sources/ubuntu/systemd/259.5-0ubuntu3/systemd-259.5/units/systemd-user-sessions.service.in,259.5-0ubuntu3,6daf2300caf1b7b7517d135d6eaa3feb6940fdd4a316d77fbc9454830c2f2445,0,,NOT_APPLICABLE,exact basename or unique executable source mapping
https://systemd.io::systemd-userdbd,https://systemd.io,debian,systemd-userdbd,systemd,257.13-1~deb13u1,U1_TEMPLATE_VALUE_ONLY,/home/emrecan/github/ecylmz/unittrace/artifacts/full/roots/sources/debian/systemd/257.13-1~deb13u1/systemd-257.13/units/systemd-userdbd.service.in,257.13-1~deb13u1,657445da5b0d8dad056820db18b89d2f4b9bbafc19f7681469a12f3583f952ea,0,,NOT_APPLICABLE,exact basename or unique executable source mapping
https://systemd.io::systemd-userdbd,https://systemd.io,fedora,systemd,systemd,systemd-259.8-1.fc44.src.rpm,U1_TEMPLATE_VALUE_ONLY,/home/emrecan/github/ecylmz/unittrace/artifacts/full/roots/sources/fedora/systemd/systemd-259.8-1.fc44.src.rpm/systemd-259.8/units/systemd-userdbd.service.in,systemd-259.8-1.fc44.src.rpm,0cb0023fbcbe362e49c3653f39b3d052da1305fa4f01155ac73decc3113e1a76,0,,NOT_APPLICABLE,exact basename or unique executable source mapping
https://systemd.io::systemd-userdbd,https://systemd.io,ubuntu,systemd-userdbd,systemd,259.5-0ubuntu3,U1_TEMPLATE_VALUE_ONLY,/home/emrecan/github/ecylmz/unittrace/artifacts/full/roots/sources/ubuntu/systemd/259.5-0ubuntu3/systemd-259.5/units/systemd-userdbd.service.in,259.5-0ubuntu3,0cb0023fbcbe362e49c3653f39b3d052da1305fa4f01155ac73decc3113e1a76,0,,NOT_APPLICABLE,exact basename or unique executable source mapping
https://systemd.io::systemd-volatile-root,https://systemd.io,debian,systemd,systemd,257.13-1~deb13u1,U1_TEMPLATE_VALUE_ONLY,/home/emrecan/github/ecylmz/unittrace/artifacts/full/roots/sources/debian/systemd/257.13-1~deb13u1/systemd-257.13/units/systemd-volatile-root.service.in,257.13-1~deb13u1,4aabe19420a36cac6860b0d3504c9fb7bdcef772e01ef4d185014cdac63d2b2f,0,,NOT_APPLICABLE,exact basename or unique executable source mapping
https://systemd.io::systemd-volatile-root,https://systemd.io,fedora,systemd-udev,systemd,systemd-259.8-1.fc44.src.rpm,U1_TEMPLATE_VALUE_ONLY,/home/emrecan/github/ecylmz/unittrace/artifacts/full/roots/sources/fedora/systemd/systemd-259.8-1.fc44.src.rpm/systemd-259.8/units/systemd-volatile-root.service.in,systemd-259.8-1.fc44.src.rpm,4aabe19420a36cac6860b0d3504c9fb7bdcef772e01ef4d185014cdac63d2b2f,0,,NOT_APPLICABLE,exact basename or unique executable source mapping
https://systemd.io::systemd-volatile-root,https://systemd.io,ubuntu,systemd,systemd,259.5-0ubuntu3,U1_TEMPLATE_VALUE_ONLY,/home/emrecan/github/ecylmz/unittrace/artifacts/full/roots/sources/ubuntu/systemd/259.5-0ubuntu3/systemd-259.5/units/systemd-volatile-root.service.in,259.5-0ubuntu3,4aabe19420a36cac6860b0d3504c9fb7bdcef772e01ef4d185014cdac63d2b2f,0,,NOT_APPLICABLE,exact basename or unique executable source mapping
https://systemd.io::upstream-unit::units/initrd-cleanup.service,https://systemd.io,debian,systemd,systemd,257.13-1~deb13u1,U0_STATIC,/home/emrecan/github/ecylmz/unittrace/artifacts/full/roots/sources/debian/systemd/257.13-1~deb13u1/systemd-257.13/units/initrd-cleanup.service,257.13-1~deb13u1,739b3b479916b674d3f7a8fcbe1b6be73a7f61ca444737b3eb37d1e8646fd3fc,0,,NOT_APPLICABLE,exact basename or unique executable source mapping
https://systemd.io::upstream-unit::units/initrd-cleanup.service,https://systemd.io,fedora,systemd-udev,systemd,systemd-259.8-1.fc44.src.rpm,U0_STATIC,/home/emrecan/github/ecylmz/unittrace/artifacts/full/roots/sources/fedora/systemd/systemd-259.8-1.fc44.src.rpm/systemd-259.8/units/initrd-cleanup.service,systemd-259.8-1.fc44.src.rpm,7bfb7c01d4e5a9467cbf779e5862748b9666abad598978900fa0ee613f86f4bd,0,,NOT_APPLICABLE,exact basename or unique executable source mapping
https://systemd.io::upstream-unit::units/initrd-cleanup.service,https://systemd.io,ubuntu,systemd,systemd,259.5-0ubuntu3,U0_STATIC,/home/emrecan/github/ecylmz/unittrace/artifacts/full/roots/sources/ubuntu/systemd/259.5-0ubuntu3/systemd-259.5/units/initrd-cleanup.service,259.5-0ubuntu3,7bfb7c01d4e5a9467cbf779e5862748b9666abad598978900fa0ee613f86f4bd,0,,NOT_APPLICABLE,exact basename or unique executable source mapping
https://systemd.io::upstream-unit::units/initrd-switch-root.service,https://systemd.io,debian,systemd,systemd,257.13-1~deb13u1,U0_STATIC,/home/emrecan/github/ecylmz/unittrace/artifacts/full/roots/sources/debian/systemd/257.13-1~deb13u1/systemd-257.13/units/initrd-switch-root.service,257.13-1~deb13u1,e8f9fe126cdf066e64010778324836909878b6b660e3f23da88d3b20016e4628,0,,NOT_APPLICABLE,exact basename or unique executable source mapping
https://systemd.io::upstream-unit::units/initrd-switch-root.service,https://systemd.io,fedora,systemd-udev,systemd,systemd-259.8-1.fc44.src.rpm,U0_STATIC,/home/emrecan/github/ecylmz/unittrace/artifacts/full/roots/sources/fedora/systemd/systemd-259.8-1.fc44.src.rpm/systemd-259.8/units/initrd-switch-root.service,systemd-259.8-1.fc44.src.rpm,4fb79405ea718d67588a2ca862d7bc0c2899f2dcf95d7bae1e9f82cf77734dc0,0,,NOT_APPLICABLE,exact basename or unique executable source mapping
https://systemd.io::upstream-unit::units/initrd-switch-root.service,https://systemd.io,ubuntu,systemd,systemd,259.5-0ubuntu3,U0_STATIC,/home/emrecan/github/ecylmz/unittrace/artifacts/full/roots/sources/ubuntu/systemd/259.5-0ubuntu3/systemd-259.5/units/initrd-switch-root.service,259.5-0ubuntu3,4fb79405ea718d67588a2ca862d7bc0c2899f2dcf95d7bae1e9f82cf77734dc0,0,,NOT_APPLICABLE,exact basename or unique executable source mapping
https://systemd.io::upstream-unit::units/initrd-udevadm-cleanup-db.service,https://systemd.io,debian,systemd,systemd,257.13-1~deb13u1,U0_STATIC,/home/emrecan/github/ecylmz/unittrace/artifacts/full/roots/sources/debian/systemd/257.13-1~deb13u1/systemd-257.13/units/initrd-udevadm-cleanup-db.service,257.13-1~deb13u1,413c905a055a7d1b05e3227c15e2b157622eef53ef225d2463fe7648f3a976e2,0,,NOT_APPLICABLE,exact basename or unique executable source mapping
https://systemd.io::upstream-unit::units/initrd-udevadm-cleanup-db.service,https://systemd.io,fedora,systemd-udev,systemd,systemd-259.8-1.fc44.src.rpm,U0_STATIC,/home/emrecan/github/ecylmz/unittrace/artifacts/full/roots/sources/fedora/systemd/systemd-259.8-1.fc44.src.rpm/systemd-259.8/units/initrd-udevadm-cleanup-db.service,systemd-259.8-1.fc44.src.rpm,79a81a7f018a26aca1d3c14054ffdde1077b416806f2f7efacf2ee56d8611955,0,,NOT_APPLICABLE,exact basename or unique executable source mapping
https://systemd.io::upstream-unit::units/initrd-udevadm-cleanup-db.service,https://systemd.io,ubuntu,systemd,systemd,259.5-0ubuntu3,U0_STATIC,/home/emrecan/github/ecylmz/unittrace/artifacts/full/roots/sources/ubuntu/systemd/259.5-0ubuntu3/systemd-259.5/units/initrd-udevadm-cleanup-db.service,259.5-0ubuntu3,79a81a7f018a26aca1d3c14054ffdde1077b416806f2f7efacf2ee56d8611955,0,,NOT_APPLICABLE,exact basename or unique executable source mapping
https://systemd.io::upstream-unit::units/ldconfig.service,https://systemd.io,debian,systemd,systemd,257.13-1~deb13u1,U0_STATIC,/home/emrecan/github/ecylmz/unittrace/artifacts/full/roots/sources/debian/systemd/257.13-1~deb13u1/systemd-257.13/units/ldconfig.service,257.13-1~deb13u1,638d37b89c8f0d22e4102374721bb047cf30e11093f8bfa04dae6e404518918e,0,,NOT_APPLICABLE,exact basename or unique executable source mapping
https://systemd.io::upstream-unit::units/ldconfig.service,https://systemd.io,fedora,systemd,systemd,systemd-259.8-1.fc44.src.rpm,U0_STATIC,/home/emrecan/github/ecylmz/unittrace/artifacts/full/roots/sources/fedora/systemd/systemd-259.8-1.fc44.src.rpm/systemd-259.8/units/ldconfig.service,systemd-259.8-1.fc44.src.rpm,8f84fde0c695fa061222114f56c651dcba7e2976dc9278f3660d13f90f1f12c4,0,,NOT_APPLICABLE,exact basename or unique executable source mapping
https://systemd.io::upstream-unit::units/ldconfig.service,https://systemd.io,ubuntu,systemd,systemd,259.5-0ubuntu3,U0_STATIC,/home/emrecan/github/ecylmz/unittrace/artifacts/full/roots/sources/ubuntu/systemd/259.5-0ubuntu3/systemd-259.5/units/ldconfig.service,259.5-0ubuntu3,8f84fde0c695fa061222114f56c651dcba7e2976dc9278f3660d13f90f1f12c4,0,,NOT_APPLICABLE,exact basename or unique executable source mapping
https://systemd.io::upstream-unit::units/system-update-cleanup.service,https://systemd.io,debian,systemd,systemd,257.13-1~deb13u1,U0_STATIC,/home/emrecan/github/ecylmz/unittrace/artifacts/full/roots/sources/debian/systemd/257.13-1~deb13u1/systemd-257.13/units/system-update-cleanup.service,257.13-1~deb13u1,97597c8bcc74f345344d0a727fc0a2b08355e48ec034fc497710a44fa131c578,0,,NOT_APPLICABLE,exact basename or unique executable source mapping
https://systemd.io::upstream-unit::units/system-update-cleanup.service,https://systemd.io,fedora,systemd,systemd,systemd-259.8-1.fc44.src.rpm,U0_STATIC,/home/emrecan/github/ecylmz/unittrace/artifacts/full/roots/sources/fedora/systemd/systemd-259.8-1.fc44.src.rpm/systemd-259.8/units/system-update-cleanup.service,systemd-259.8-1.fc44.src.rpm,97597c8bcc74f345344d0a727fc0a2b08355e48ec034fc497710a44fa131c578,0,,NOT_APPLICABLE,exact basename or unique executable source mapping
https://systemd.io::upstream-unit::units/system-update-cleanup.service,https://systemd.io,ubuntu,systemd,systemd,259.5-0ubuntu3,U0_STATIC,/home/emrecan/github/ecylmz/unittrace/artifacts/full/roots/sources/ubuntu/systemd/259.5-0ubuntu3/systemd-259.5/units/system-update-cleanup.service,259.5-0ubuntu3,97597c8bcc74f345344d0a727fc0a2b08355e48ec034fc497710a44fa131c578,0,,NOT_APPLICABLE,exact basename or unique executable source mapping
https://systemd.io::upstream-unit::units/systemd-ask-password-console.service,https://systemd.io,debian,systemd,systemd,257.13-1~deb13u1,U0_STATIC,/home/emrecan/github/ecylmz/unittrace/artifacts/full/roots/sources/debian/systemd/257.13-1~deb13u1/systemd-257.13/units/systemd-ask-password-console.service,257.13-1~deb13u1,339e74aeb29cc207061218b294213557feafc9c6e3962e32fda84d5dbd850804,0,,NOT_APPLICABLE,exact basename or unique executable source mapping
https://systemd.io::upstream-unit::units/systemd-ask-password-console.service,https://systemd.io,fedora,systemd,systemd,systemd-259.8-1.fc44.src.rpm,U0_STATIC,/home/emrecan/github/ecylmz/unittrace/artifacts/full/roots/sources/fedora/systemd/systemd-259.8-1.fc44.src.rpm/systemd-259.8/units/systemd-ask-password-console.service,systemd-259.8-1.fc44.src.rpm,4b3a52a0ef6d90069cf31d9f4176f504f740b707cbbb2173e0e239c6f4fabc77,0,,NOT_APPLICABLE,exact basename or unique executable source mapping
https://systemd.io::upstream-unit::units/systemd-ask-password-console.service,https://systemd.io,ubuntu,systemd,systemd,259.5-0ubuntu3,U0_STATIC,/home/emrecan/github/ecylmz/unittrace/artifacts/full/roots/sources/ubuntu/systemd/259.5-0ubuntu3/systemd-259.5/units/systemd-ask-password-console.service,259.5-0ubuntu3,4b3a52a0ef6d90069cf31d9f4176f504f740b707cbbb2173e0e239c6f4fabc77,0,,NOT_APPLICABLE,exact basename or unique executable source mapping
https://systemd.io::upstream-unit::units/systemd-ask-password-wall.service,https://systemd.io,debian,systemd,systemd,257.13-1~deb13u1,U0_STATIC,/home/emrecan/github/ecylmz/unittrace/artifacts/full/roots/sources/debian/systemd/257.13-1~deb13u1/systemd-257.13/units/systemd-ask-password-wall.service,257.13-1~deb13u1,f6c97f36c5089e8b00c180c463e46b7050cb65a5609233975e32f5adeb9c2ea0,0,,NOT_APPLICABLE,exact basename or unique executable source mapping
https://systemd.io::upstream-unit::units/systemd-ask-password-wall.service,https://systemd.io,fedora,systemd,systemd,systemd-259.8-1.fc44.src.rpm,U0_STATIC,/home/emrecan/github/ecylmz/unittrace/artifacts/full/roots/sources/fedora/systemd/systemd-259.8-1.fc44.src.rpm/systemd-259.8/units/systemd-ask-password-wall.service,systemd-259.8-1.fc44.src.rpm,53216d353faab91a36fdd6b6e686e105ef517b77b30c32c5386a98093fe8e816,0,,NOT_APPLICABLE,exact basename or unique executable source mapping
https://systemd.io::upstream-unit::units/systemd-ask-password-wall.service,https://systemd.io,ubuntu,systemd,systemd,259.5-0ubuntu3,U0_STATIC,/home/emrecan/github/ecylmz/unittrace/artifacts/full/roots/sources/ubuntu/systemd/259.5-0ubuntu3/systemd-259.5/units/systemd-ask-password-wall.service,259.5-0ubuntu3,53216d353faab91a36fdd6b6e686e105ef517b77b30c32c5386a98093fe8e816,0,,NOT_APPLICABLE,exact basename or unique executable source mapping
https://systemd.io::upstream-unit::units/systemd-boot-clear-sysfail.service,https://systemd.io,fedora,systemd,systemd,systemd-259.8-1.fc44.src.rpm,U0_STATIC,/home/emrecan/github/ecylmz/unittrace/artifacts/full/roots/sources/fedora/systemd/systemd-259.8-1.fc44.src.rpm/systemd-259.8/units/systemd-boot-clear-sysfail.service,systemd-259.8-1.fc44.src.rpm,440f26d566d5111f6020ac0a0ff40e8546e5b909c3eaf8b8ed08632fa21364af,0,,NOT_APPLICABLE,exact basename or unique executable source mapping
https://systemd.io::upstream-unit::units/systemd-boot-clear-sysfail.service,https://systemd.io,ubuntu,systemd-boot,systemd,259.5-0ubuntu3,U0_STATIC,/home/emrecan/github/ecylmz/unittrace/artifacts/full/roots/sources/ubuntu/systemd/259.5-0ubuntu3/systemd-259.5/units/systemd-boot-clear-sysfail.service,259.5-0ubuntu3,440f26d566d5111f6020ac0a0ff40e8546e5b909c3eaf8b8ed08632fa21364af,0,,NOT_APPLICABLE,exact basename or unique executable source mapping
https://systemd.io::upstream-unit::units/systemd-boot-random-seed.service,https://systemd.io,debian,systemd-boot,systemd,257.13-1~deb13u1,U0_STATIC,/home/emrecan/github/ecylmz/unittrace/artifacts/full/roots/sources/debian/systemd/257.13-1~deb13u1/systemd-257.13/units/systemd-boot-random-seed.service,257.13-1~deb13u1,a3fc62425342926bcd0097b2eb4d096ae3ccbda2d242031fc25b17568ea04621,0,,NOT_APPLICABLE,exact basename or unique executable source mapping
https://systemd.io::upstream-unit::units/systemd-boot-random-seed.service,https://systemd.io,fedora,systemd-udev,systemd,systemd-259.8-1.fc44.src.rpm,U0_STATIC,/home/emrecan/github/ecylmz/unittrace/artifacts/full/roots/sources/fedora/systemd/systemd-259.8-1.fc44.src.rpm/systemd-259.8/units/systemd-boot-random-seed.service,systemd-259.8-1.fc44.src.rpm,a3fc62425342926bcd0097b2eb4d096ae3ccbda2d242031fc25b17568ea04621,0,,NOT_APPLICABLE,exact basename or unique executable source mapping
https://systemd.io::upstream-unit::units/systemd-boot-random-seed.service,https://systemd.io,ubuntu,systemd-boot,systemd,259.5-0ubuntu3,U0_STATIC,/home/emrecan/github/ecylmz/unittrace/artifacts/full/roots/sources/ubuntu/systemd/259.5-0ubuntu3/systemd-259.5/units/systemd-boot-random-seed.service,259.5-0ubuntu3,a3fc62425342926bcd0097b2eb4d096ae3ccbda2d242031fc25b17568ea04621,0,,NOT_APPLICABLE,exact basename or unique executable source mapping
https://systemd.io::upstream-unit::units/systemd-boot-update.service,https://systemd.io,debian,systemd-boot,systemd,257.13-1~deb13u1,U0_STATIC,/home/emrecan/github/ecylmz/unittrace/artifacts/full/roots/sources/debian/systemd/257.13-1~deb13u1/systemd-257.13/units/systemd-boot-update.service,257.13-1~deb13u1,960870b799a9f1dd6e2ce2eff4da91766c33f31f3b76f84484278de5fdc6fde7,0,,NOT_APPLICABLE,exact basename or unique executable source mapping
https://systemd.io::upstream-unit::units/systemd-boot-update.service,https://systemd.io,fedora,systemd-udev,systemd,systemd-259.8-1.fc44.src.rpm,U0_STATIC,/home/emrecan/github/ecylmz/unittrace/artifacts/full/roots/sources/fedora/systemd/systemd-259.8-1.fc44.src.rpm/systemd-259.8/units/systemd-boot-update.service,systemd-259.8-1.fc44.src.rpm,57c45ccdfe30bab515b446aa5a9d3cd089fdcf1d7d8fc3a8c05e8e2607dc7e62,0,,NOT_APPLICABLE,exact basename or unique executable source mapping
https://systemd.io::upstream-unit::units/systemd-boot-update.service,https://systemd.io,ubuntu,systemd-boot,systemd,259.5-0ubuntu3,U0_STATIC,/home/emrecan/github/ecylmz/unittrace/artifacts/full/roots/sources/ubuntu/systemd/259.5-0ubuntu3/systemd-259.5/units/systemd-boot-update.service,259.5-0ubuntu3,57c45ccdfe30bab515b446aa5a9d3cd089fdcf1d7d8fc3a8c05e8e2607dc7e62,0,,NOT_APPLICABLE,exact basename or unique executable source mapping
https://systemd.io::upstream-unit::units/systemd-confext-initrd.service,https://systemd.io,fedora,systemd,systemd,systemd-259.8-1.fc44.src.rpm,U0_STATIC,/home/emrecan/github/ecylmz/unittrace/artifacts/full/roots/sources/fedora/systemd/systemd-259.8-1.fc44.src.rpm/systemd-259.8/units/systemd-confext-initrd.service,systemd-259.8-1.fc44.src.rpm,ff452fdc9f8577c4a38d8291bf46a704acd863da597de8eb6e6375ff53054de7,0,,NOT_APPLICABLE,exact basename or unique executable source mapping
https://systemd.io::upstream-unit::units/systemd-confext-initrd.service,https://systemd.io,ubuntu,systemd,systemd,259.5-0ubuntu3,U0_STATIC,/home/emrecan/github/ecylmz/unittrace/artifacts/full/roots/sources/ubuntu/systemd/259.5-0ubuntu3/systemd-259.5/units/systemd-confext-initrd.service,259.5-0ubuntu3,ff452fdc9f8577c4a38d8291bf46a704acd863da597de8eb6e6375ff53054de7,0,,NOT_APPLICABLE,exact basename or unique executable source mapping
https://systemd.io::upstream-unit::units/systemd-confext.service,https://systemd.io,debian,systemd,systemd,257.13-1~deb13u1,U0_STATIC,/home/emrecan/github/ecylmz/unittrace/artifacts/full/roots/sources/debian/systemd/257.13-1~deb13u1/systemd-257.13/units/systemd-confext.service,257.13-1~deb13u1,e00c500d312ba41752173bef2cb1c4da479e0fe84d42af05ad45b623e87051b0,0,,NOT_APPLICABLE,exact basename or unique executable source mapping
https://systemd.io::upstream-unit::units/systemd-confext.service,https://systemd.io,fedora,systemd,systemd,systemd-259.8-1.fc44.src.rpm,U0_STATIC,/home/emrecan/github/ecylmz/unittrace/artifacts/full/roots/sources/fedora/systemd/systemd-259.8-1.fc44.src.rpm/systemd-259.8/units/systemd-confext.service,systemd-259.8-1.fc44.src.rpm,dd2ac3afe013d4b2c44bdef119631b5be98d50cf89687c6903b49464ae9eeda8,0,,NOT_APPLICABLE,exact basename or unique executable source mapping
https://systemd.io::upstream-unit::units/systemd-confext.service,https://systemd.io,ubuntu,systemd,systemd,259.5-0ubuntu3,U0_STATIC,/home/emrecan/github/ecylmz/unittrace/artifacts/full/roots/sources/ubuntu/systemd/259.5-0ubuntu3/systemd-259.5/units/systemd-confext.service,259.5-0ubuntu3,dd2ac3afe013d4b2c44bdef119631b5be98d50cf89687c6903b49464ae9eeda8,0,,NOT_APPLICABLE,exact basename or unique executable source mapping
https://systemd.io::upstream-unit::units/systemd-exit.service,https://systemd.io,debian,systemd,systemd,257.13-1~deb13u1,U5_AMBIGUOUS_OR_UNRESOLVED,,257.13-1~deb13u1,,0,,NOT_ATTEMPTED,ambiguous exact artifacts=2
https://systemd.io::upstream-unit::units/systemd-exit.service,https://systemd.io,fedora,systemd,systemd,systemd-259.8-1.fc44.src.rpm,U5_AMBIGUOUS_OR_UNRESOLVED,,systemd-259.8-1.fc44.src.rpm,,0,,NOT_ATTEMPTED,ambiguous exact artifacts=2
https://systemd.io::upstream-unit::units/systemd-exit.service,https://systemd.io,ubuntu,systemd,systemd,259.5-0ubuntu3,U5_AMBIGUOUS_OR_UNRESOLVED,,259.5-0ubuntu3,,0,,NOT_ATTEMPTED,ambiguous exact artifacts=2
https://systemd.io::upstream-unit::units/systemd-factory-reset-reboot.service,https://systemd.io,fedora,systemd,systemd,systemd-259.8-1.fc44.src.rpm,U0_STATIC,/home/emrecan/github/ecylmz/unittrace/artifacts/full/roots/sources/fedora/systemd/systemd-259.8-1.fc44.src.rpm/systemd-259.8/units/systemd-factory-reset-reboot.service,systemd-259.8-1.fc44.src.rpm,4f3139f9bd303df9f0211b08d9e922ad36dd220d799b389fbea8565be60aece4,0,,NOT_APPLICABLE,exact basename or unique executable source mapping
https://systemd.io::upstream-unit::units/systemd-factory-reset-reboot.service,https://systemd.io,ubuntu,systemd,systemd,259.5-0ubuntu3,U0_STATIC,/home/emrecan/github/ecylmz/unittrace/artifacts/full/roots/sources/ubuntu/systemd/259.5-0ubuntu3/systemd-259.5/units/systemd-factory-reset-reboot.service,259.5-0ubuntu3,4f3139f9bd303df9f0211b08d9e922ad36dd220d799b389fbea8565be60aece4,0,,NOT_APPLICABLE,exact basename or unique executable source mapping
https://systemd.io::upstream-unit::units/systemd-firstboot.service,https://systemd.io,debian,systemd,systemd,257.13-1~deb13u1,U0_STATIC,/home/emrecan/github/ecylmz/unittrace/artifacts/full/roots/sources/debian/systemd/257.13-1~deb13u1/systemd-257.13/units/systemd-firstboot.service,257.13-1~deb13u1,3921ffaf215f059cf0c40f22dda32a9a6dec603a8ffd08beb54ff8d4e2aa6005,0,,NOT_APPLICABLE,exact basename or unique executable source mapping
https://systemd.io::upstream-unit::units/systemd-firstboot.service,https://systemd.io,fedora,systemd,systemd,systemd-259.8-1.fc44.src.rpm,U0_STATIC,/home/emrecan/github/ecylmz/unittrace/artifacts/full/roots/sources/fedora/systemd/systemd-259.8-1.fc44.src.rpm/systemd-259.8/units/systemd-firstboot.service,systemd-259.8-1.fc44.src.rpm,fa39fdd0c5c056932b78d1b2c2e2690609c6338e3dcd65d24466e2f6cc979a0d,0,,NOT_APPLICABLE,exact basename or unique executable source mapping
https://systemd.io::upstream-unit::units/systemd-firstboot.service,https://systemd.io,ubuntu,systemd,systemd,259.5-0ubuntu3,U0_STATIC,/home/emrecan/github/ecylmz/unittrace/artifacts/full/roots/sources/ubuntu/systemd/259.5-0ubuntu3/systemd-259.5/units/systemd-firstboot.service,259.5-0ubuntu3,fa39fdd0c5c056932b78d1b2c2e2690609c6338e3dcd65d24466e2f6cc979a0d,0,,NOT_APPLICABLE,exact basename or unique executable source mapping
https://systemd.io::upstream-unit::units/systemd-halt.service,https://systemd.io,debian,systemd,systemd,257.13-1~deb13u1,U0_STATIC,/home/emrecan/github/ecylmz/unittrace/artifacts/full/roots/sources/debian/systemd/257.13-1~deb13u1/systemd-257.13/units/systemd-halt.service,257.13-1~deb13u1,bf86c32b029f1303460fbea1e9e5c6782880e1ac2e2059365a75a8685ed9b13e,0,,NOT_APPLICABLE,exact basename or unique executable source mapping
https://systemd.io::upstream-unit::units/systemd-halt.service,https://systemd.io,fedora,systemd,systemd,systemd-259.8-1.fc44.src.rpm,U0_STATIC,/home/emrecan/github/ecylmz/unittrace/artifacts/full/roots/sources/fedora/systemd/systemd-259.8-1.fc44.src.rpm/systemd-259.8/units/systemd-halt.service,systemd-259.8-1.fc44.src.rpm,bf86c32b029f1303460fbea1e9e5c6782880e1ac2e2059365a75a8685ed9b13e,0,,NOT_APPLICABLE,exact basename or unique executable source mapping
https://systemd.io::upstream-unit::units/systemd-halt.service,https://systemd.io,ubuntu,systemd,systemd,259.5-0ubuntu3,U0_STATIC,/home/emrecan/github/ecylmz/unittrace/artifacts/full/roots/sources/ubuntu/systemd/259.5-0ubuntu3/systemd-259.5/units/systemd-halt.service,259.5-0ubuntu3,bf86c32b029f1303460fbea1e9e5c6782880e1ac2e2059365a75a8685ed9b13e,0,,NOT_APPLICABLE,exact basename or unique executable source mapping
https://systemd.io::upstream-unit::units/systemd-homed-activate.service,https://systemd.io,debian,systemd-homed,systemd,257.13-1~deb13u1,U0_STATIC,/home/emrecan/github/ecylmz/unittrace/artifacts/full/roots/sources/debian/systemd/257.13-1~deb13u1/systemd-257.13/units/systemd-homed-activate.service,257.13-1~deb13u1,4f816a2918cc824b4c878e129461db1809f730be2ab337ed052206e35a570c8e,0,,NOT_APPLICABLE,exact basename or unique executable source mapping
https://systemd.io::upstream-unit::units/systemd-homed-activate.service,https://systemd.io,fedora,systemd-udev,systemd,systemd-259.8-1.fc44.src.rpm,U0_STATIC,/home/emrecan/github/ecylmz/unittrace/artifacts/full/roots/sources/fedora/systemd/systemd-259.8-1.fc44.src.rpm/systemd-259.8/units/systemd-homed-activate.service,systemd-259.8-1.fc44.src.rpm,4f816a2918cc824b4c878e129461db1809f730be2ab337ed052206e35a570c8e,0,,NOT_APPLICABLE,exact basename or unique executable source mapping
https://systemd.io::upstream-unit::units/systemd-homed-activate.service,https://systemd.io,ubuntu,systemd-homed,systemd,259.5-0ubuntu3,U0_STATIC,/home/emrecan/github/ecylmz/unittrace/artifacts/full/roots/sources/ubuntu/systemd/259.5-0ubuntu3/systemd-259.5/units/systemd-homed-activate.service,259.5-0ubuntu3,4f816a2918cc824b4c878e129461db1809f730be2ab337ed052206e35a570c8e,0,,NOT_APPLICABLE,exact basename or unique executable source mapping
https://systemd.io::upstream-unit::units/systemd-homed-firstboot.service,https://systemd.io,debian,systemd-homed,systemd,257.13-1~deb13u1,U0_STATIC,/home/emrecan/github/ecylmz/unittrace/artifacts/full/roots/sources/debian/systemd/257.13-1~deb13u1/systemd-257.13/units/systemd-homed-firstboot.service,257.13-1~deb13u1,0eadb5991b69c76e4cb768076c726019b96ca0af1e1b76a86d685ce03e465a44,0,,NOT_APPLICABLE,exact basename or unique executable source mapping
https://systemd.io::upstream-unit::units/systemd-homed-firstboot.service,https://systemd.io,fedora,systemd-udev,systemd,systemd-259.8-1.fc44.src.rpm,U0_STATIC,/home/emrecan/github/ecylmz/unittrace/artifacts/full/roots/sources/fedora/systemd/systemd-259.8-1.fc44.src.rpm/systemd-259.8/units/systemd-homed-firstboot.service,systemd-259.8-1.fc44.src.rpm,ea608557f426c13e2954d056272e7a6e58562f38b4b964410b20531f7bb04867,0,,NOT_APPLICABLE,exact basename or unique executable source mapping
https://systemd.io::upstream-unit::units/systemd-homed-firstboot.service,https://systemd.io,ubuntu,systemd-homed,systemd,259.5-0ubuntu3,U0_STATIC,/home/emrecan/github/ecylmz/unittrace/artifacts/full/roots/sources/ubuntu/systemd/259.5-0ubuntu3/systemd-259.5/units/systemd-homed-firstboot.service,259.5-0ubuntu3,ea608557f426c13e2954d056272e7a6e58562f38b4b964410b20531f7bb04867,0,,NOT_APPLICABLE,exact basename or unique executable source mapping
https://systemd.io::upstream-unit::units/systemd-journal-catalog-update.service,https://systemd.io,debian,systemd,systemd,257.13-1~deb13u1,U0_STATIC,/home/emrecan/github/ecylmz/unittrace/artifacts/full/roots/sources/debian/systemd/257.13-1~deb13u1/systemd-257.13/units/systemd-journal-catalog-update.service,257.13-1~deb13u1,9d06e11680ff85b40579106281faf56442dfac86bddff0151d8524464439ae9e,0,,NOT_APPLICABLE,exact basename or unique executable source mapping
https://systemd.io::upstream-unit::units/systemd-journal-catalog-update.service,https://systemd.io,fedora,systemd,systemd,systemd-259.8-1.fc44.src.rpm,U0_STATIC,/home/emrecan/github/ecylmz/unittrace/artifacts/full/roots/sources/fedora/systemd/systemd-259.8-1.fc44.src.rpm/systemd-259.8/units/systemd-journal-catalog-update.service,systemd-259.8-1.fc44.src.rpm,9d06e11680ff85b40579106281faf56442dfac86bddff0151d8524464439ae9e,0,,NOT_APPLICABLE,exact basename or unique executable source mapping
https://systemd.io::upstream-unit::units/systemd-journal-catalog-update.service,https://systemd.io,ubuntu,systemd,systemd,259.5-0ubuntu3,U0_STATIC,/home/emrecan/github/ecylmz/unittrace/artifacts/full/roots/sources/ubuntu/systemd/259.5-0ubuntu3/systemd-259.5/units/systemd-journal-catalog-update.service,259.5-0ubuntu3,9d06e11680ff85b40579106281faf56442dfac86bddff0151d8524464439ae9e,0,,NOT_APPLICABLE,exact basename or unique executable source mapping
https://systemd.io::upstream-unit::units/systemd-journal-flush.service,https://systemd.io,debian,systemd,systemd,257.13-1~deb13u1,U0_STATIC,/home/emrecan/github/ecylmz/unittrace/artifacts/full/roots/sources/debian/systemd/257.13-1~deb13u1/systemd-257.13/units/systemd-journal-flush.service,257.13-1~deb13u1,469693d108ff3e4b38b385cd8fce418f548406902c38bde3d2fc0e2c717bd667,0,,NOT_APPLICABLE,exact basename or unique executable source mapping
https://systemd.io::upstream-unit::units/systemd-journal-flush.service,https://systemd.io,fedora,systemd,systemd,systemd-259.8-1.fc44.src.rpm,U0_STATIC,/home/emrecan/github/ecylmz/unittrace/artifacts/full/roots/sources/fedora/systemd/systemd-259.8-1.fc44.src.rpm/systemd-259.8/units/systemd-journal-flush.service,systemd-259.8-1.fc44.src.rpm,469693d108ff3e4b38b385cd8fce418f548406902c38bde3d2fc0e2c717bd667,0,,NOT_APPLICABLE,exact basename or unique executable source mapping
https://systemd.io::upstream-unit::units/systemd-journal-flush.service,https://systemd.io,ubuntu,systemd,systemd,259.5-0ubuntu3,U0_STATIC,/home/emrecan/github/ecylmz/unittrace/artifacts/full/roots/sources/ubuntu/systemd/259.5-0ubuntu3/systemd-259.5/units/systemd-journal-flush.service,259.5-0ubuntu3,469693d108ff3e4b38b385cd8fce418f548406902c38bde3d2fc0e2c717bd667,0,,NOT_APPLICABLE,exact basename or unique executable source mapping
https://systemd.io::upstream-unit::units/systemd-kexec.service,https://systemd.io,debian,systemd,systemd,257.13-1~deb13u1,U0_STATIC,/home/emrecan/github/ecylmz/unittrace/artifacts/full/roots/sources/debian/systemd/257.13-1~deb13u1/systemd-257.13/units/systemd-kexec.service,257.13-1~deb13u1,31427eb5414f59c161c03201c6f92d23db0fe83476e6976c45705765a90bbd10,0,,NOT_APPLICABLE,exact basename or unique executable source mapping
https://systemd.io::upstream-unit::units/systemd-kexec.service,https://systemd.io,fedora,systemd,systemd,systemd-259.8-1.fc44.src.rpm,U0_STATIC,/home/emrecan/github/ecylmz/unittrace/artifacts/full/roots/sources/fedora/systemd/systemd-259.8-1.fc44.src.rpm/systemd-259.8/units/systemd-kexec.service,systemd-259.8-1.fc44.src.rpm,31427eb5414f59c161c03201c6f92d23db0fe83476e6976c45705765a90bbd10,0,,NOT_APPLICABLE,exact basename or unique executable source mapping
https://systemd.io::upstream-unit::units/systemd-kexec.service,https://systemd.io,ubuntu,systemd,systemd,259.5-0ubuntu3,U0_STATIC,/home/emrecan/github/ecylmz/unittrace/artifacts/full/roots/sources/ubuntu/systemd/259.5-0ubuntu3/systemd-259.5/units/systemd-kexec.service,259.5-0ubuntu3,31427eb5414f59c161c03201c6f92d23db0fe83476e6976c45705765a90bbd10,0,,NOT_APPLICABLE,exact basename or unique executable source mapping
https://systemd.io::upstream-unit::units/systemd-machine-id-commit.service,https://systemd.io,debian,systemd,systemd,257.13-1~deb13u1,U0_STATIC,/home/emrecan/github/ecylmz/unittrace/artifacts/full/roots/sources/debian/systemd/257.13-1~deb13u1/systemd-257.13/units/systemd-machine-id-commit.service,257.13-1~deb13u1,996b360245c5ad4a83e95dc5de0aa655f3c1806a440aa22ed923c6022405ff56,0,,NOT_APPLICABLE,exact basename or unique executable source mapping
https://systemd.io::upstream-unit::units/systemd-machine-id-commit.service,https://systemd.io,fedora,systemd,systemd,systemd-259.8-1.fc44.src.rpm,U0_STATIC,/home/emrecan/github/ecylmz/unittrace/artifacts/full/roots/sources/fedora/systemd/systemd-259.8-1.fc44.src.rpm/systemd-259.8/units/systemd-machine-id-commit.service,systemd-259.8-1.fc44.src.rpm,996b360245c5ad4a83e95dc5de0aa655f3c1806a440aa22ed923c6022405ff56,0,,NOT_APPLICABLE,exact basename or unique executable source mapping
https://systemd.io::upstream-unit::units/systemd-machine-id-commit.service,https://systemd.io,ubuntu,systemd,systemd,259.5-0ubuntu3,U0_STATIC,/home/emrecan/github/ecylmz/unittrace/artifacts/full/roots/sources/ubuntu/systemd/259.5-0ubuntu3/systemd-259.5/units/systemd-machine-id-commit.service,259.5-0ubuntu3,996b360245c5ad4a83e95dc5de0aa655f3c1806a440aa22ed923c6022405ff56,0,,NOT_APPLICABLE,exact basename or unique executable source mapping
https://systemd.io::upstream-unit::units/systemd-networkd-persistent-storage.service,https://systemd.io,debian,systemd,systemd,257.13-1~deb13u1,U0_STATIC,/home/emrecan/github/ecylmz/unittrace/artifacts/full/roots/sources/debian/systemd/257.13-1~deb13u1/systemd-257.13/units/systemd-networkd-persistent-storage.service,257.13-1~deb13u1,2bd7a373e9bb8644119e8a950ebb342124fbbb20750ab03490f8359049a626e0,0,,NOT_APPLICABLE,exact basename or unique executable source mapping
https://systemd.io::upstream-unit::units/systemd-networkd-persistent-storage.service,https://systemd.io,fedora,systemd-networkd,systemd,systemd-259.8-1.fc44.src.rpm,U0_STATIC,/home/emrecan/github/ecylmz/unittrace/artifacts/full/roots/sources/fedora/systemd/systemd-259.8-1.fc44.src.rpm/systemd-259.8/units/systemd-networkd-persistent-storage.service,systemd-259.8-1.fc44.src.rpm,2bd7a373e9bb8644119e8a950ebb342124fbbb20750ab03490f8359049a626e0,0,,NOT_APPLICABLE,exact basename or unique executable source mapping
https://systemd.io::upstream-unit::units/systemd-networkd-persistent-storage.service,https://systemd.io,ubuntu,systemd,systemd,259.5-0ubuntu3,U0_STATIC,/home/emrecan/github/ecylmz/unittrace/artifacts/full/roots/sources/ubuntu/systemd/259.5-0ubuntu3/systemd-259.5/units/systemd-networkd-persistent-storage.service,259.5-0ubuntu3,2bd7a373e9bb8644119e8a950ebb342124fbbb20750ab03490f8359049a626e0,0,,NOT_APPLICABLE,exact basename or unique executable source mapping
https://systemd.io::upstream-unit::units/systemd-poweroff.service,https://systemd.io,debian,systemd,systemd,257.13-1~deb13u1,U0_STATIC,/home/emrecan/github/ecylmz/unittrace/artifacts/full/roots/sources/debian/systemd/257.13-1~deb13u1/systemd-257.13/units/systemd-poweroff.service,257.13-1~deb13u1,d9c09b6716cb56dc5a54c18babb66a0882d352525a4e242d69c3584bda7153a4,0,,NOT_APPLICABLE,exact basename or unique executable source mapping
https://systemd.io::upstream-unit::units/systemd-poweroff.service,https://systemd.io,fedora,systemd,systemd,systemd-259.8-1.fc44.src.rpm,U0_STATIC,/home/emrecan/github/ecylmz/unittrace/artifacts/full/roots/sources/fedora/systemd/systemd-259.8-1.fc44.src.rpm/systemd-259.8/units/systemd-poweroff.service,systemd-259.8-1.fc44.src.rpm,d9c09b6716cb56dc5a54c18babb66a0882d352525a4e242d69c3584bda7153a4,0,,NOT_APPLICABLE,exact basename or unique executable source mapping
https://systemd.io::upstream-unit::units/systemd-poweroff.service,https://systemd.io,ubuntu,systemd,systemd,259.5-0ubuntu3,U0_STATIC,/home/emrecan/github/ecylmz/unittrace/artifacts/full/roots/sources/ubuntu/systemd/259.5-0ubuntu3/systemd-259.5/units/systemd-poweroff.service,259.5-0ubuntu3,d9c09b6716cb56dc5a54c18babb66a0882d352525a4e242d69c3584bda7153a4,0,,NOT_APPLICABLE,exact basename or unique executable source mapping
https://systemd.io::upstream-unit::units/systemd-reboot.service,https://systemd.io,debian,systemd,systemd,257.13-1~deb13u1,U0_STATIC,/home/emrecan/github/ecylmz/unittrace/artifacts/full/roots/sources/debian/systemd/257.13-1~deb13u1/systemd-257.13/units/systemd-reboot.service,257.13-1~deb13u1,c7ba107db4bd819ea7cfb30293dd7bbe595669d1eaa25238471a55b6845c8bf8,0,,NOT_APPLICABLE,exact basename or unique executable source mapping
https://systemd.io::upstream-unit::units/systemd-reboot.service,https://systemd.io,fedora,systemd,systemd,systemd-259.8-1.fc44.src.rpm,U0_STATIC,/home/emrecan/github/ecylmz/unittrace/artifacts/full/roots/sources/fedora/systemd/systemd-259.8-1.fc44.src.rpm/systemd-259.8/units/systemd-reboot.service,systemd-259.8-1.fc44.src.rpm,c7ba107db4bd819ea7cfb30293dd7bbe595669d1eaa25238471a55b6845c8bf8,0,,NOT_APPLICABLE,exact basename or unique executable source mapping
https://systemd.io::upstream-unit::units/systemd-reboot.service,https://systemd.io,ubuntu,systemd,systemd,259.5-0ubuntu3,U0_STATIC,/home/emrecan/github/ecylmz/unittrace/artifacts/full/roots/sources/ubuntu/systemd/259.5-0ubuntu3/systemd-259.5/units/systemd-reboot.service,259.5-0ubuntu3,c7ba107db4bd819ea7cfb30293dd7bbe595669d1eaa25238471a55b6845c8bf8,0,,NOT_APPLICABLE,exact basename or unique executable source mapping
https://systemd.io::upstream-unit::units/systemd-repart.service,https://systemd.io,debian,systemd-repart,systemd,257.13-1~deb13u1,U0_STATIC,/home/emrecan/github/ecylmz/unittrace/artifacts/full/roots/sources/debian/systemd/257.13-1~deb13u1/systemd-257.13/units/systemd-repart.service,257.13-1~deb13u1,ba24579925f82800c078555df0bf6fdd06f297dc1c61f844d5383e2e86ebfecf,0,,NOT_APPLICABLE,exact basename or unique executable source mapping
https://systemd.io::upstream-unit::units/systemd-repart.service,https://systemd.io,fedora,systemd-udev,systemd,systemd-259.8-1.fc44.src.rpm,U0_STATIC,/home/emrecan/github/ecylmz/unittrace/artifacts/full/roots/sources/fedora/systemd/systemd-259.8-1.fc44.src.rpm/systemd-259.8/units/systemd-repart.service,systemd-259.8-1.fc44.src.rpm,d590b409196656bbcfab769b44f6c8314c65ee119d41fa7ac8dea124b340de58,0,,NOT_APPLICABLE,exact basename or unique executable source mapping
https://systemd.io::upstream-unit::units/systemd-repart.service,https://systemd.io,ubuntu,systemd-repart,systemd,259.5-0ubuntu3,U0_STATIC,/home/emrecan/github/ecylmz/unittrace/artifacts/full/roots/sources/ubuntu/systemd/259.5-0ubuntu3/systemd-259.5/units/systemd-repart.service,259.5-0ubuntu3,d590b409196656bbcfab769b44f6c8314c65ee119d41fa7ac8dea124b340de58,0,,NOT_APPLICABLE,exact basename or unique executable source mapping
https://systemd.io::upstream-unit::units/systemd-soft-reboot.service,https://systemd.io,debian,systemd,systemd,257.13-1~deb13u1,U0_STATIC,/home/emrecan/github/ecylmz/unittrace/artifacts/full/roots/sources/debian/systemd/257.13-1~deb13u1/systemd-257.13/units/systemd-soft-reboot.service,257.13-1~deb13u1,affc67763e67305ed535e382965627cd92003073c8181d733d77dd8329801158,0,,NOT_APPLICABLE,exact basename or unique executable source mapping
https://systemd.io::upstream-unit::units/systemd-soft-reboot.service,https://systemd.io,fedora,systemd,systemd,systemd-259.8-1.fc44.src.rpm,U0_STATIC,/home/emrecan/github/ecylmz/unittrace/artifacts/full/roots/sources/fedora/systemd/systemd-259.8-1.fc44.src.rpm/systemd-259.8/units/systemd-soft-reboot.service,systemd-259.8-1.fc44.src.rpm,affc67763e67305ed535e382965627cd92003073c8181d733d77dd8329801158,0,,NOT_APPLICABLE,exact basename or unique executable source mapping
https://systemd.io::upstream-unit::units/systemd-soft-reboot.service,https://systemd.io,ubuntu,systemd,systemd,259.5-0ubuntu3,U0_STATIC,/home/emrecan/github/ecylmz/unittrace/artifacts/full/roots/sources/ubuntu/systemd/259.5-0ubuntu3/systemd-259.5/units/systemd-soft-reboot.service,259.5-0ubuntu3,affc67763e67305ed535e382965627cd92003073c8181d733d77dd8329801158,0,,NOT_APPLICABLE,exact basename or unique executable source mapping
https://systemd.io::upstream-unit::units/systemd-sysext-initrd.service,https://systemd.io,fedora,systemd,systemd,systemd-259.8-1.fc44.src.rpm,U0_STATIC,/home/emrecan/github/ecylmz/unittrace/artifacts/full/roots/sources/fedora/systemd/systemd-259.8-1.fc44.src.rpm/systemd-259.8/units/systemd-sysext-initrd.service,systemd-259.8-1.fc44.src.rpm,af1e9b6639f4341391181f1214e3f2d61a9b264f62d6fb6a4758eb18c112aa7a,0,,NOT_APPLICABLE,exact basename or unique executable source mapping
https://systemd.io::upstream-unit::units/systemd-sysext-initrd.service,https://systemd.io,ubuntu,systemd,systemd,259.5-0ubuntu3,U0_STATIC,/home/emrecan/github/ecylmz/unittrace/artifacts/full/roots/sources/ubuntu/systemd/259.5-0ubuntu3/systemd-259.5/units/systemd-sysext-initrd.service,259.5-0ubuntu3,af1e9b6639f4341391181f1214e3f2d61a9b264f62d6fb6a4758eb18c112aa7a,0,,NOT_APPLICABLE,exact basename or unique executable source mapping
https://systemd.io::upstream-unit::units/systemd-sysext.service,https://systemd.io,debian,systemd,systemd,257.13-1~deb13u1,U0_STATIC,/home/emrecan/github/ecylmz/unittrace/artifacts/full/roots/sources/debian/systemd/257.13-1~deb13u1/systemd-257.13/units/systemd-sysext.service,257.13-1~deb13u1,3fe0cbe63251333d54d927bd2177285577bb77ab8fded8cebcc212e88e0360c9,0,,NOT_APPLICABLE,exact basename or unique executable source mapping
https://systemd.io::upstream-unit::units/systemd-sysext.service,https://systemd.io,fedora,systemd,systemd,systemd-259.8-1.fc44.src.rpm,U0_STATIC,/home/emrecan/github/ecylmz/unittrace/artifacts/full/roots/sources/fedora/systemd/systemd-259.8-1.fc44.src.rpm/systemd-259.8/units/systemd-sysext.service,systemd-259.8-1.fc44.src.rpm,bfda9cdb78b7fa89352e26bb614adee2f3c64742bd7606f957b12a3b49859a2e,0,,NOT_APPLICABLE,exact basename or unique executable source mapping
https://systemd.io::upstream-unit::units/systemd-sysext.service,https://systemd.io,ubuntu,systemd,systemd,259.5-0ubuntu3,U0_STATIC,/home/emrecan/github/ecylmz/unittrace/artifacts/full/roots/sources/ubuntu/systemd/259.5-0ubuntu3/systemd-259.5/units/systemd-sysext.service,259.5-0ubuntu3,c4bf086f8f61521f53ccf9e62f39f9a434623673dabfd4012f7da936096361fa,0,,NOT_APPLICABLE,exact basename or unique executable source mapping
https://systemd.io::upstream-unit::units/systemd-sysusers.service,https://systemd.io,debian,systemd,systemd,257.13-1~deb13u1,U0_STATIC,/home/emrecan/github/ecylmz/unittrace/artifacts/full/roots/sources/debian/systemd/257.13-1~deb13u1/systemd-257.13/units/systemd-sysusers.service,257.13-1~deb13u1,22c1aa54692be4fc17b11c0e77230d88cae5d10794def3b4a9d6070f299a6165,0,,NOT_APPLICABLE,exact basename or unique executable source mapping
https://systemd.io::upstream-unit::units/systemd-sysusers.service,https://systemd.io,fedora,systemd,systemd,systemd-259.8-1.fc44.src.rpm,U0_STATIC,/home/emrecan/github/ecylmz/unittrace/artifacts/full/roots/sources/fedora/systemd/systemd-259.8-1.fc44.src.rpm/systemd-259.8/units/systemd-sysusers.service,systemd-259.8-1.fc44.src.rpm,22c1aa54692be4fc17b11c0e77230d88cae5d10794def3b4a9d6070f299a6165,0,,NOT_APPLICABLE,exact basename or unique executable source mapping
https://systemd.io::upstream-unit::units/systemd-sysusers.service,https://systemd.io,ubuntu,systemd,systemd,259.5-0ubuntu3,U0_STATIC,/home/emrecan/github/ecylmz/unittrace/artifacts/full/roots/sources/ubuntu/systemd/259.5-0ubuntu3/systemd-259.5/units/systemd-sysusers.service,259.5-0ubuntu3,22c1aa54692be4fc17b11c0e77230d88cae5d10794def3b4a9d6070f299a6165,0,,NOT_APPLICABLE,exact basename or unique executable source mapping
https://systemd.io::upstream-unit::units/systemd-tmpfiles-clean.service,https://systemd.io,debian,systemd,systemd,257.13-1~deb13u1,U5_AMBIGUOUS_OR_UNRESOLVED,,257.13-1~deb13u1,,0,,NOT_ATTEMPTED,ambiguous exact artifacts=2
https://systemd.io::upstream-unit::units/systemd-tmpfiles-clean.service,https://systemd.io,fedora,systemd,systemd,systemd-259.8-1.fc44.src.rpm,U5_AMBIGUOUS_OR_UNRESOLVED,,systemd-259.8-1.fc44.src.rpm,,0,,NOT_ATTEMPTED,ambiguous exact artifacts=2
https://systemd.io::upstream-unit::units/systemd-tmpfiles-clean.service,https://systemd.io,ubuntu,systemd,systemd,259.5-0ubuntu3,U5_AMBIGUOUS_OR_UNRESOLVED,,259.5-0ubuntu3,,0,,NOT_ATTEMPTED,ambiguous exact artifacts=2
https://systemd.io::upstream-unit::units/systemd-tmpfiles-setup-dev-early.service,https://systemd.io,debian,systemd,systemd,257.13-1~deb13u1,U0_STATIC,/home/emrecan/github/ecylmz/unittrace/artifacts/full/roots/sources/debian/systemd/257.13-1~deb13u1/systemd-257.13/units/systemd-tmpfiles-setup-dev-early.service,257.13-1~deb13u1,6c9429db294f317608868337ca1befd1fc961886e0d4accf8997dfd33e1a61de,0,,NOT_APPLICABLE,exact basename or unique executable source mapping
https://systemd.io::upstream-unit::units/systemd-tmpfiles-setup-dev-early.service,https://systemd.io,fedora,systemd-udev,systemd,systemd-259.8-1.fc44.src.rpm,U0_STATIC,/home/emrecan/github/ecylmz/unittrace/artifacts/full/roots/sources/fedora/systemd/systemd-259.8-1.fc44.src.rpm/systemd-259.8/units/systemd-tmpfiles-setup-dev-early.service,systemd-259.8-1.fc44.src.rpm,6c9429db294f317608868337ca1befd1fc961886e0d4accf8997dfd33e1a61de,0,,NOT_APPLICABLE,exact basename or unique executable source mapping
https://systemd.io::upstream-unit::units/systemd-tmpfiles-setup-dev-early.service,https://systemd.io,ubuntu,systemd,systemd,259.5-0ubuntu3,U0_STATIC,/home/emrecan/github/ecylmz/unittrace/artifacts/full/roots/sources/ubuntu/systemd/259.5-0ubuntu3/systemd-259.5/units/systemd-tmpfiles-setup-dev-early.service,259.5-0ubuntu3,6c9429db294f317608868337ca1befd1fc961886e0d4accf8997dfd33e1a61de,0,,NOT_APPLICABLE,exact basename or unique executable source mapping
https://systemd.io::upstream-unit::units/systemd-tmpfiles-setup-dev.service,https://systemd.io,debian,systemd,systemd,257.13-1~deb13u1,U0_STATIC,/home/emrecan/github/ecylmz/unittrace/artifacts/full/roots/sources/debian/systemd/257.13-1~deb13u1/systemd-257.13/units/systemd-tmpfiles-setup-dev.service,257.13-1~deb13u1,9f0a6b2414d3b398357b7508f6a841acae0d8f0ff079e096c0bed78f0572122e,0,,NOT_APPLICABLE,exact basename or unique executable source mapping
https://systemd.io::upstream-unit::units/systemd-tmpfiles-setup-dev.service,https://systemd.io,fedora,systemd-udev,systemd,systemd-259.8-1.fc44.src.rpm,U0_STATIC,/home/emrecan/github/ecylmz/unittrace/artifacts/full/roots/sources/fedora/systemd/systemd-259.8-1.fc44.src.rpm/systemd-259.8/units/systemd-tmpfiles-setup-dev.service,systemd-259.8-1.fc44.src.rpm,9f0a6b2414d3b398357b7508f6a841acae0d8f0ff079e096c0bed78f0572122e,0,,NOT_APPLICABLE,exact basename or unique executable source mapping
https://systemd.io::upstream-unit::units/systemd-tmpfiles-setup-dev.service,https://systemd.io,ubuntu,systemd,systemd,259.5-0ubuntu3,U0_STATIC,/home/emrecan/github/ecylmz/unittrace/artifacts/full/roots/sources/ubuntu/systemd/259.5-0ubuntu3/systemd-259.5/units/systemd-tmpfiles-setup-dev.service,259.5-0ubuntu3,9f0a6b2414d3b398357b7508f6a841acae0d8f0ff079e096c0bed78f0572122e,0,,NOT_APPLICABLE,exact basename or unique executable source mapping
https://systemd.io::upstream-unit::units/systemd-tmpfiles-setup.service,https://systemd.io,debian,systemd,systemd,257.13-1~deb13u1,U5_AMBIGUOUS_OR_UNRESOLVED,,257.13-1~deb13u1,,0,,NOT_ATTEMPTED,ambiguous exact artifacts=2
https://systemd.io::upstream-unit::units/systemd-tmpfiles-setup.service,https://systemd.io,fedora,systemd,systemd,systemd-259.8-1.fc44.src.rpm,U5_AMBIGUOUS_OR_UNRESOLVED,,systemd-259.8-1.fc44.src.rpm,,0,,NOT_ATTEMPTED,ambiguous exact artifacts=2
https://systemd.io::upstream-unit::units/systemd-tmpfiles-setup.service,https://systemd.io,ubuntu,systemd,systemd,259.5-0ubuntu3,U5_AMBIGUOUS_OR_UNRESOLVED,,259.5-0ubuntu3,,0,,NOT_ATTEMPTED,ambiguous exact artifacts=2
https://systemd.io::upstream-unit::units/systemd-udev-load-credentials.service,https://systemd.io,debian,udev,systemd,257.13-1~deb13u1,U0_STATIC,/home/emrecan/github/ecylmz/unittrace/artifacts/full/roots/sources/debian/systemd/257.13-1~deb13u1/systemd-257.13/units/systemd-udev-load-credentials.service,257.13-1~deb13u1,f996051843b782c0d2a2ac38713ef1fee6541d1fa0739adc117d5c75a02b9b04,0,,NOT_APPLICABLE,exact basename or unique executable source mapping
https://systemd.io::upstream-unit::units/systemd-udev-load-credentials.service,https://systemd.io,fedora,systemd-udev,systemd,systemd-259.8-1.fc44.src.rpm,U0_STATIC,/home/emrecan/github/ecylmz/unittrace/artifacts/full/roots/sources/fedora/systemd/systemd-259.8-1.fc44.src.rpm/systemd-259.8/units/systemd-udev-load-credentials.service,systemd-259.8-1.fc44.src.rpm,f996051843b782c0d2a2ac38713ef1fee6541d1fa0739adc117d5c75a02b9b04,0,,NOT_APPLICABLE,exact basename or unique executable source mapping
https://systemd.io::upstream-unit::units/systemd-udev-load-credentials.service,https://systemd.io,ubuntu,udev,systemd,259.5-0ubuntu3,U0_STATIC,/home/emrecan/github/ecylmz/unittrace/artifacts/full/roots/sources/ubuntu/systemd/259.5-0ubuntu3/systemd-259.5/units/systemd-udev-load-credentials.service,259.5-0ubuntu3,f996051843b782c0d2a2ac38713ef1fee6541d1fa0739adc117d5c75a02b9b04,0,,NOT_APPLICABLE,exact basename or unique executable source mapping
https://systemd.io::upstream-unit::units/systemd-udev-settle.service,https://systemd.io,debian,udev,systemd,257.13-1~deb13u1,U0_STATIC,/home/emrecan/github/ecylmz/unittrace/artifacts/full/roots/sources/debian/systemd/257.13-1~deb13u1/systemd-257.13/units/systemd-udev-settle.service,257.13-1~deb13u1,363f7496d0613fd14f020629e7057f54afe84c9c6d2b4d94153ac09f0aee8f5c,0,,NOT_APPLICABLE,exact basename or unique executable source mapping
https://systemd.io::upstream-unit::units/systemd-udev-settle.service,https://systemd.io,fedora,systemd-udev,systemd,systemd-259.8-1.fc44.src.rpm,U0_STATIC,/home/emrecan/github/ecylmz/unittrace/artifacts/full/roots/sources/fedora/systemd/systemd-259.8-1.fc44.src.rpm/systemd-259.8/units/systemd-udev-settle.service,systemd-259.8-1.fc44.src.rpm,363f7496d0613fd14f020629e7057f54afe84c9c6d2b4d94153ac09f0aee8f5c,0,,NOT_APPLICABLE,exact basename or unique executable source mapping
https://systemd.io::upstream-unit::units/systemd-udev-settle.service,https://systemd.io,ubuntu,udev,systemd,259.5-0ubuntu3,U0_STATIC,/home/emrecan/github/ecylmz/unittrace/artifacts/full/roots/sources/ubuntu/systemd/259.5-0ubuntu3/systemd-259.5/units/systemd-udev-settle.service,259.5-0ubuntu3,363f7496d0613fd14f020629e7057f54afe84c9c6d2b4d94153ac09f0aee8f5c,0,,NOT_APPLICABLE,exact basename or unique executable source mapping
https://systemd.io::upstream-unit::units/systemd-udev-trigger.service,https://systemd.io,debian,udev,systemd,257.13-1~deb13u1,U0_STATIC,/home/emrecan/github/ecylmz/unittrace/artifacts/full/roots/sources/debian/systemd/257.13-1~deb13u1/systemd-257.13/units/systemd-udev-trigger.service,257.13-1~deb13u1,ca17e0b752202606d821f4714736096049ab34f1176fcb2e403808e33d8f3067,0,,NOT_APPLICABLE,exact basename or unique executable source mapping
https://systemd.io::upstream-unit::units/systemd-udev-trigger.service,https://systemd.io,fedora,systemd-udev,systemd,systemd-259.8-1.fc44.src.rpm,U0_STATIC,/home/emrecan/github/ecylmz/unittrace/artifacts/full/roots/sources/fedora/systemd/systemd-259.8-1.fc44.src.rpm/systemd-259.8/units/systemd-udev-trigger.service,systemd-259.8-1.fc44.src.rpm,42e585c2859b76e4106b64b915dc900f1e5390bf32686a9181acd95eea1c7064,0,,NOT_APPLICABLE,exact basename or unique executable source mapping
https://systemd.io::upstream-unit::units/systemd-udev-trigger.service,https://systemd.io,ubuntu,udev,systemd,259.5-0ubuntu3,U0_STATIC,/home/emrecan/github/ecylmz/unittrace/artifacts/full/roots/sources/ubuntu/systemd/259.5-0ubuntu3/systemd-259.5/units/systemd-udev-trigger.service,259.5-0ubuntu3,42e585c2859b76e4106b64b915dc900f1e5390bf32686a9181acd95eea1c7064,0,,NOT_APPLICABLE,exact basename or unique executable source mapping
https://systemd.io::upstream-unit::units/systemd-userdb-load-credentials.service,https://systemd.io,fedora,systemd,systemd,systemd-259.8-1.fc44.src.rpm,U0_STATIC,/home/emrecan/github/ecylmz/unittrace/artifacts/full/roots/sources/fedora/systemd/systemd-259.8-1.fc44.src.rpm/systemd-259.8/units/systemd-userdb-load-credentials.service,systemd-259.8-1.fc44.src.rpm,d169de9b82f414be0d60814beb7e330e3ab5f38ad37073e229d1cf0876b14f90,0,,NOT_APPLICABLE,exact basename or unique executable source mapping
https://systemd.io::upstream-unit::units/systemd-userdb-load-credentials.service,https://systemd.io,ubuntu,systemd-userdbd,systemd,259.5-0ubuntu3,U0_STATIC,/home/emrecan/github/ecylmz/unittrace/artifacts/full/roots/sources/ubuntu/systemd/259.5-0ubuntu3/systemd-259.5/units/systemd-userdb-load-credentials.service,259.5-0ubuntu3,aecc18826f4916011334e366798f1c2fb477a4e242ebb3ea829bb19f22779c99,0,,NOT_APPLICABLE,exact basename or unique executable source mapping
https://tetrinetx.sourceforge.net::tetrinetx,https://tetrinetx.sourceforge.net,debian,tetrinetx,tetrinetx,1.13.16-18,U4_NO_UPSTREAM_STATIC_OR_TEMPLATE_UNIT,,1.13.16-18,,0,,NOT_APPLICABLE,complete pristine orig-tar inventory contained no service unit or template
https://tetrinetx.sourceforge.net::tetrinetx,https://tetrinetx.sourceforge.net,fedora,tetrinetx,tetrinetx,tetrinetx-1.13.16-43.fc43.src.rpm,U4_NO_UPSTREAM_STATIC_OR_TEMPLATE_UNIT,,tetrinetx-1.13.16-43.fc43.src.rpm,,0,,NOT_APPLICABLE,complete pristine orig-tar inventory contained no service unit or template
https://tetrinetx.sourceforge.net::tetrinetx,https://tetrinetx.sourceforge.net,ubuntu,tetrinetx,tetrinetx,1.13.16-19,U4_NO_UPSTREAM_STATIC_OR_TEMPLATE_UNIT,,1.13.16-19,,0,,NOT_APPLICABLE,complete pristine orig-tar inventory contained no service unit or template
https://tinyproxy.github.io::tinyproxy,https://tinyproxy.github.io,arch,tinyproxy,tinyproxy,1.11.3-1,U4_NO_UPSTREAM_STATIC_OR_TEMPLATE_UNIT,,1.11.3-1,,0,,NOT_APPLICABLE,complete pristine orig-tar inventory contained no service unit or template
https://tinyproxy.github.io::tinyproxy,https://tinyproxy.github.io,fedora,tinyproxy,tinyproxy,tinyproxy-1.11.2-8.fc44.src.rpm,U4_NO_UPSTREAM_STATIC_OR_TEMPLATE_UNIT,,tinyproxy-1.11.2-8.fc44.src.rpm,,0,,NOT_APPLICABLE,complete pristine orig-tar inventory contained no service unit or template
https://tinyproxy.github.io::tinyproxy,https://tinyproxy.github.io,ubuntu,tinyproxy,tinyproxy,1.11.3-1,U4_NO_UPSTREAM_STATIC_OR_TEMPLATE_UNIT,,1.11.3-1,,0,,NOT_APPLICABLE,complete pristine orig-tar inventory contained no service unit or template
https://torsion.org/borgmatic::systemd-inhibit,https://torsion.org/borgmatic,arch,borgmatic,borgmatic,2.1.6-1,U5_AMBIGUOUS_OR_UNRESOLVED,,2.1.6-1,,0,,NOT_ATTEMPTED,pristine source unavailable
https://torsion.org/borgmatic::systemd-inhibit,https://torsion.org/borgmatic,fedora,borgmatic,borgmatic,borgmatic-2.1.6-1.fc44.src.rpm,U0_STATIC,/home/emrecan/github/ecylmz/unittrace/artifacts/full/roots/sources/fedora/borgmatic/borgmatic-2.1.6-1.fc44.src.rpm/borgmatic/sample/systemd/borgmatic.service,borgmatic-2.1.6-1.fc44.src.rpm,212344fdd9af19acbc5cf477dfec415b35e32b6844102c199b242a4fbdc95540,0,,NOT_APPLICABLE,exact basename or unique executable source mapping
https://torsion.org/borgmatic::systemd-inhibit,https://torsion.org/borgmatic,ubuntu,borgmatic,borgmatic,2.0.11-2,U0_STATIC,/home/emrecan/github/ecylmz/unittrace/artifacts/full/roots/sources/ubuntu/borgmatic/2.0.11-2/borgmatic/sample/systemd/borgmatic.service,2.0.11-2,000ce315963dc5125990a69ccbe130b3793c7aeaa3716ebf76e5ce480f53e2cb,0,,NOT_APPLICABLE,exact basename or unique executable source mapping
https://trousers.sourceforge.net::tcsd,https://trousers.sourceforge.net,debian,trousers,trousers,0.3.15-0.4,U4_NO_UPSTREAM_STATIC_OR_TEMPLATE_UNIT,,0.3.15-0.4,,0,,NOT_APPLICABLE,complete pristine orig-tar inventory contained no service unit or template
https://trousers.sourceforge.net::tcsd,https://trousers.sourceforge.net,fedora,trousers,trousers,trousers-0.3.15-17.fc44.src.rpm,U4_NO_UPSTREAM_STATIC_OR_TEMPLATE_UNIT,,trousers-0.3.15-17.fc44.src.rpm,,0,,NOT_APPLICABLE,complete pristine orig-tar inventory contained no service unit or template
https://trousers.sourceforge.net::tcsd,https://trousers.sourceforge.net,ubuntu,trousers,trousers,0.3.15-1,U4_NO_UPSTREAM_STATIC_OR_TEMPLATE_UNIT,,0.3.15-1,,0,,NOT_APPLICABLE,complete pristine orig-tar inventory contained no service unit or template
https://unix4lyfe.org/darkstat::darkstat,https://unix4lyfe.org/darkstat,arch,darkstat,darkstat,3.0.722-1,U4_NO_UPSTREAM_STATIC_OR_TEMPLATE_UNIT,,3.0.722-1,,0,,NOT_APPLICABLE,complete pristine orig-tar inventory contained no service unit or template
https://unix4lyfe.org/darkstat::darkstat,https://unix4lyfe.org/darkstat,debian,darkstat,darkstat,3.0.721-2,U4_NO_UPSTREAM_STATIC_OR_TEMPLATE_UNIT,,3.0.721-2,,0,,NOT_APPLICABLE,complete pristine orig-tar inventory contained no service unit or template
https://unix4lyfe.org/darkstat::darkstat,https://unix4lyfe.org/darkstat,fedora,darkstat,darkstat,darkstat-3.0.721-13.fc44.src.rpm,U4_NO_UPSTREAM_STATIC_OR_TEMPLATE_UNIT,,darkstat-3.0.721-13.fc44.src.rpm,,0,,NOT_APPLICABLE,complete pristine orig-tar inventory contained no service unit or template
https://unix4lyfe.org/darkstat::darkstat,https://unix4lyfe.org/darkstat,ubuntu,darkstat,darkstat,3.0.722-1,U4_NO_UPSTREAM_STATIC_OR_TEMPLATE_UNIT,,3.0.722-1,,0,,NOT_APPLICABLE,complete pristine orig-tar inventory contained no service unit or template
https://upower.freedesktop.org::upowerd,https://upower.freedesktop.org,arch,upower,upower,1.91.3-1,U5_AMBIGUOUS_OR_UNRESOLVED,,1.91.3-1,,0,,NOT_ATTEMPTED,pristine source unavailable
https://upower.freedesktop.org::upowerd,https://upower.freedesktop.org,debian,upower,upower,1.90.9-1,U1_TEMPLATE_VALUE_ONLY,/home/emrecan/github/ecylmz/unittrace/artifacts/full/roots/sources/debian/upower/1.90.9-1/upower-v1.90.9/src/upower.service.in,1.90.9-1,311f7a7c638a5a3a276955338f5a8d6acdd84e964ef5314fa16af719cf186a16,0,,NOT_APPLICABLE,exact basename or unique executable source mapping
https://upower.freedesktop.org::upowerd,https://upower.freedesktop.org,fedora,upower,upower,upower-1.91.3-1.fc44.src.rpm,U1_TEMPLATE_VALUE_ONLY,/home/emrecan/github/ecylmz/unittrace/artifacts/full/roots/sources/fedora/upower/upower-1.91.3-1.fc44.src.rpm/upower-v1.91.3/src/upower.service.in,upower-1.91.3-1.fc44.src.rpm,311f7a7c638a5a3a276955338f5a8d6acdd84e964ef5314fa16af719cf186a16,0,,NOT_APPLICABLE,exact basename or unique executable source mapping
https://upower.freedesktop.org::upowerd,https://upower.freedesktop.org,ubuntu,upower,upower,1.91.1-1,U1_TEMPLATE_VALUE_ONLY,/home/emrecan/github/ecylmz/unittrace/artifacts/full/roots/sources/ubuntu/upower/1.91.1-1/upower-v1.91.1/src/upower.service.in,1.91.1-1,311f7a7c638a5a3a276955338f5a8d6acdd84e964ef5314fa16af719cf186a16,0,,NOT_APPLICABLE,exact basename or unique executable source mapping
https://usbguard.github.io::usbguard-daemon,https://usbguard.github.io,debian,usbguard,usbguard,1.1.3+ds-3,U1_TEMPLATE_VALUE_ONLY,/home/emrecan/github/ecylmz/unittrace/artifacts/full/roots/sources/debian/usbguard/1.1.3+ds-3/usbguard-1.1.3+ds/usbguard.service.in,1.1.3+ds-3,b4b14a991e825e735fdfc82d3184fe7048492b941f47a279700ec0807b4f0fa8,0,,NOT_APPLICABLE,exact basename or unique executable source mapping
https://usbguard.github.io::usbguard-daemon,https://usbguard.github.io,fedora,usbguard,usbguard,usbguard-1.1.4-1.fc44.src.rpm,U1_TEMPLATE_VALUE_ONLY,/home/emrecan/github/ecylmz/unittrace/artifacts/full/roots/sources/fedora/usbguard/usbguard-1.1.4-1.fc44.src.rpm/usbguard-1.1.4/usbguard.service.in,usbguard-1.1.4-1.fc44.src.rpm,bea68e0e38714d064a49d1420cf2693c5221b9fefe6c51ebd55938ed1cd0c98a,0,,NOT_APPLICABLE,exact basename or unique executable source mapping
https://usbguard.github.io::usbguard-daemon,https://usbguard.github.io,ubuntu,usbguard,usbguard,1.1.4+ds-2,U1_TEMPLATE_VALUE_ONLY,/home/emrecan/github/ecylmz/unittrace/artifacts/full/roots/sources/ubuntu/usbguard/1.1.4+ds-2/usbguard-1.1.4+ds/usbguard.service.in,1.1.4+ds-2,bea68e0e38714d064a49d1420cf2693c5221b9fefe6c51ebd55938ed1cd0c98a,0,,NOT_APPLICABLE,exact basename or unique executable source mapping
https://usbguard.github.io::usbguard-dbus,https://usbguard.github.io,debian,usbguard,usbguard,1.1.3+ds-3,U1_TEMPLATE_VALUE_ONLY,/home/emrecan/github/ecylmz/unittrace/artifacts/full/roots/sources/debian/usbguard/1.1.3+ds-3/usbguard-1.1.3+ds/src/DBus/usbguard-dbus.service.in,1.1.3+ds-3,08d7c2e0e4dc3fd796476065f75e7844979e3a5ba5ba41f8ee3eae8ea220c66a,0,,NOT_APPLICABLE,exact basename or unique executable source mapping
https://usbguard.github.io::usbguard-dbus,https://usbguard.github.io,fedora,usbguard-dbus,usbguard,usbguard-1.1.4-1.fc44.src.rpm,U1_TEMPLATE_VALUE_ONLY,/home/emrecan/github/ecylmz/unittrace/artifacts/full/roots/sources/fedora/usbguard/usbguard-1.1.4-1.fc44.src.rpm/usbguard-1.1.4/src/DBus/usbguard-dbus.service.in,usbguard-1.1.4-1.fc44.src.rpm,08d7c2e0e4dc3fd796476065f75e7844979e3a5ba5ba41f8ee3eae8ea220c66a,0,,NOT_APPLICABLE,exact basename or unique executable source mapping
https://usbguard.github.io::usbguard-dbus,https://usbguard.github.io,ubuntu,usbguard,usbguard,1.1.4+ds-2,U1_TEMPLATE_VALUE_ONLY,/home/emrecan/github/ecylmz/unittrace/artifacts/full/roots/sources/ubuntu/usbguard/1.1.4+ds-2/usbguard-1.1.4+ds/src/DBus/usbguard-dbus.service.in,1.1.4+ds-2,08d7c2e0e4dc3fd796476065f75e7844979e3a5ba5ba41f8ee3eae8ea220c66a,0,,NOT_APPLICABLE,exact basename or unique executable source mapping
https://valkey.io::valkey-sentinel,https://valkey.io,arch,valkey,valkey,9.1.1-1,U5_AMBIGUOUS_OR_UNRESOLVED,,9.1.1-1,,0,,NOT_ATTEMPTED,pristine source unavailable
https://valkey.io::valkey-sentinel,https://valkey.io,debian,valkey-sentinel,valkey,8.1.1+dfsg1-3+deb13u2,U5_AMBIGUOUS_OR_UNRESOLVED,,8.1.1+dfsg1-3+deb13u2,,0,,NOT_ATTEMPTED,"no unique upstream artifact; candidates=2, executable_candidates=0"
https://valkey.io::valkey-sentinel,https://valkey.io,fedora,valkey,valkey,valkey-9.0.5-1.fc44.src.rpm,U5_AMBIGUOUS_OR_UNRESOLVED,,valkey-9.0.5-1.fc44.src.rpm,,0,,NOT_ATTEMPTED,"no unique upstream artifact; candidates=2, executable_candidates=0"
https://valkey.io::valkey-sentinel,https://valkey.io,ubuntu,valkey-sentinel,valkey,9.0.3-0ubuntu2,U5_AMBIGUOUS_OR_UNRESOLVED,,9.0.3-0ubuntu2,,0,,NOT_ATTEMPTED,"no unique upstream artifact; candidates=2, executable_candidates=0"
https://valkey.io::valkey-server,https://valkey.io,arch,valkey,valkey,9.1.1-1,U5_AMBIGUOUS_OR_UNRESOLVED,,9.1.1-1,,0,,NOT_ATTEMPTED,pristine source unavailable
https://valkey.io::valkey-server,https://valkey.io,debian,valkey-server,valkey,8.1.1+dfsg1-3+deb13u2,U5_AMBIGUOUS_OR_UNRESOLVED,,8.1.1+dfsg1-3+deb13u2,,0,,NOT_ATTEMPTED,"no unique upstream artifact; candidates=2, executable_candidates=2"
https://valkey.io::valkey-server,https://valkey.io,fedora,valkey,valkey,valkey-9.0.5-1.fc44.src.rpm,U5_AMBIGUOUS_OR_UNRESOLVED,,valkey-9.0.5-1.fc44.src.rpm,,0,,NOT_ATTEMPTED,"no unique upstream artifact; candidates=2, executable_candidates=2"
https://valkey.io::valkey-server,https://valkey.io,ubuntu,valkey-server,valkey,9.0.3-0ubuntu2,U5_AMBIGUOUS_OR_UNRESOLVED,,9.0.3-0ubuntu2,,0,,NOT_ATTEMPTED,"no unique upstream artifact; candidates=2, executable_candidates=2"
https://w1.fi/hostapd::hostapd,https://w1.fi/hostapd,arch,hostapd,hostapd,2.11-4,U5_AMBIGUOUS_OR_UNRESOLVED,,2.11-4,,0,,NOT_ATTEMPTED,pristine source unavailable
https://w1.fi/hostapd::hostapd,https://w1.fi/hostapd,fedora,hostapd,hostapd,hostapd-2.11-4.fc44.src.rpm,U4_NO_UPSTREAM_STATIC_OR_TEMPLATE_UNIT,,hostapd-2.11-4.fc44.src.rpm,,0,,NOT_APPLICABLE,complete pristine orig-tar inventory contained no service unit or template
https://w1.fi/wpa_supplicant::hostapd,https://w1.fi/wpa_supplicant,debian,hostapd,wpa,2:2.10-24,U5_AMBIGUOUS_OR_UNRESOLVED,,2:2.10-24,,0,,NOT_ATTEMPTED,"no unique upstream artifact; candidates=2, executable_candidates=0"
https://w1.fi/wpa_supplicant::hostapd,https://w1.fi/wpa_supplicant,ubuntu,hostapd,wpa,2:2.11-0ubuntu5,U5_AMBIGUOUS_OR_UNRESOLVED,,2:2.11-0ubuntu5,,0,,NOT_ATTEMPTED,"no unique upstream artifact; candidates=2, executable_candidates=0"
https://w1.fi/wpa_supplicant::wpa_supplicant,https://w1.fi/wpa_supplicant,arch,wpa_supplicant,wpa_supplicant,2:2.11-5,U5_AMBIGUOUS_OR_UNRESOLVED,,2:2.11-5,,0,,NOT_ATTEMPTED,pristine source unavailable
https://w1.fi/wpa_supplicant::wpa_supplicant,https://w1.fi/wpa_supplicant,debian,wpasupplicant,wpa,2:2.10-24,U1_TEMPLATE_VALUE_ONLY,/home/emrecan/github/ecylmz/unittrace/artifacts/full/roots/sources/debian/wpa/2.10-24/wpa-2.10/wpa_supplicant/systemd/wpa_supplicant.service.in,2:2.10-24,bbfbef9750983d16919167cd16561ce72195a126af380e0fb4fc70d3e051d91b,0,,NOT_APPLICABLE,exact basename or unique executable source mapping
https://w1.fi/wpa_supplicant::wpa_supplicant,https://w1.fi/wpa_supplicant,fedora,wpa_supplicant,wpa_supplicant,wpa_supplicant-2.11-9.fc44.src.rpm,U1_TEMPLATE_VALUE_ONLY,/home/emrecan/github/ecylmz/unittrace/artifacts/full/roots/sources/fedora/wpa_supplicant/wpa_supplicant-2.11-9.fc44.src.rpm/wpa_supplicant-2.11/wpa_supplicant/systemd/wpa_supplicant.service.in,wpa_supplicant-2.11-9.fc44.src.rpm,bbfbef9750983d16919167cd16561ce72195a126af380e0fb4fc70d3e051d91b,0,,NOT_APPLICABLE,exact basename or unique executable source mapping
https://w1.fi/wpa_supplicant::wpa_supplicant,https://w1.fi/wpa_supplicant,ubuntu,wpasupplicant,wpa,2:2.11-0ubuntu5,U1_TEMPLATE_VALUE_ONLY,/home/emrecan/github/ecylmz/unittrace/artifacts/full/roots/sources/ubuntu/wpa/2.11-0ubuntu5/wpa-2.11/wpa_supplicant/systemd/wpa_supplicant.service.in,2:2.11-0ubuntu5,bbfbef9750983d16919167cd16561ce72195a126af380e0fb4fc70d3e051d91b,0,,NOT_APPLICABLE,exact basename or unique executable source mapping
https://wammu.eu/gammu::gammu-smsd,https://wammu.eu/gammu,arch,gammu,gammu,1.43.2-1,U1_TEMPLATE_VALUE_ONLY,/home/emrecan/github/ecylmz/unittrace/artifacts/full/roots/sources/arch/gammu/1.43.2-1/gammu-94f5c596580d069414a06414a7c3449e6f36ce83/contrib/init/gammu-smsd.service,1.43.2-1,d7f8dd6f21b5d90c9d8dd129ef989be1e7c26d6b22c583f5ac8779c74838b3b1,0,,NOT_APPLICABLE,exact basename or unique executable source mapping
https://wammu.eu/gammu::gammu-smsd,https://wammu.eu/gammu,debian,gammu-smsd,gammu,1.42.0-10,U1_TEMPLATE_VALUE_ONLY,/home/emrecan/github/ecylmz/unittrace/artifacts/full/roots/sources/debian/gammu/1.42.0-10/gammu-1.42.0/contrib/init/gammu-smsd.service,1.42.0-10,21fdb891c3b7230e5c4cd8fc634260834248a4b71003ebd7a4dde987256682fa,0,,NOT_APPLICABLE,exact basename or unique executable source mapping
https://wammu.eu/gammu::gammu-smsd,https://wammu.eu/gammu,fedora,gammu,gammu,gammu-1.42.0-21.fc44.src.rpm,U1_TEMPLATE_VALUE_ONLY,/home/emrecan/github/ecylmz/unittrace/artifacts/full/roots/sources/fedora/gammu/gammu-1.42.0-21.fc44.src.rpm/gammu-1.42.0/contrib/init/gammu-smsd.service,gammu-1.42.0-21.fc44.src.rpm,21fdb891c3b7230e5c4cd8fc634260834248a4b71003ebd7a4dde987256682fa,0,,NOT_APPLICABLE,exact basename or unique executable source mapping
https://wammu.eu/gammu::gammu-smsd,https://wammu.eu/gammu,ubuntu,gammu-smsd,gammu,1.42.0-11,U1_TEMPLATE_VALUE_ONLY,/home/emrecan/github/ecylmz/unittrace/artifacts/full/roots/sources/ubuntu/gammu/1.42.0-11/gammu-1.42.0/contrib/init/gammu-smsd.service,1.42.0-11,21fdb891c3b7230e5c4cd8fc634260834248a4b71003ebd7a4dde987256682fa,0,,NOT_APPLICABLE,exact basename or unique executable source mapping
https://web.mit.edu/kerberos::kadmind,https://web.mit.edu/kerberos,arch,krb5,krb5,1.22.2-1,U4_NO_UPSTREAM_STATIC_OR_TEMPLATE_UNIT,,1.22.2-1,,0,,NOT_APPLICABLE,complete pristine orig-tar inventory contained no service unit or template
https://web.mit.edu/kerberos::kadmind,https://web.mit.edu/kerberos,debian,krb5-admin-server,krb5,1.21.3-5+deb13u1,U4_NO_UPSTREAM_STATIC_OR_TEMPLATE_UNIT,,1.21.3-5+deb13u1,,0,,NOT_APPLICABLE,complete pristine orig-tar inventory contained no service unit or template
https://web.mit.edu/kerberos::kadmind,https://web.mit.edu/kerberos,ubuntu,krb5-admin-server,krb5,1.22.1-2ubuntu4,U4_NO_UPSTREAM_STATIC_OR_TEMPLATE_UNIT,,1.22.1-2ubuntu4,,0,,NOT_APPLICABLE,complete pristine orig-tar inventory contained no service unit or template
https://web.mit.edu/kerberos::kpropd,https://web.mit.edu/kerberos,arch,krb5,krb5,1.22.2-1,U4_NO_UPSTREAM_STATIC_OR_TEMPLATE_UNIT,,1.22.2-1,,0,,NOT_APPLICABLE,complete pristine orig-tar inventory contained no service unit or template
https://web.mit.edu/kerberos::kpropd,https://web.mit.edu/kerberos,debian,krb5-kpropd,krb5,1.21.3-5+deb13u1,U4_NO_UPSTREAM_STATIC_OR_TEMPLATE_UNIT,,1.21.3-5+deb13u1,,0,,NOT_APPLICABLE,complete pristine orig-tar inventory contained no service unit or template
https://web.mit.edu/kerberos::kpropd,https://web.mit.edu/kerberos,ubuntu,krb5-kpropd,krb5,1.22.1-2ubuntu4,U4_NO_UPSTREAM_STATIC_OR_TEMPLATE_UNIT,,1.22.1-2ubuntu4,,0,,NOT_APPLICABLE,complete pristine orig-tar inventory contained no service unit or template
https://web.mit.edu/kerberos::krb5kdc,https://web.mit.edu/kerberos,arch,krb5,krb5,1.22.2-1,U4_NO_UPSTREAM_STATIC_OR_TEMPLATE_UNIT,,1.22.2-1,,0,,NOT_APPLICABLE,complete pristine orig-tar inventory contained no service unit or template
https://web.mit.edu/kerberos::krb5kdc,https://web.mit.edu/kerberos,debian,krb5-kdc,krb5,1.21.3-5+deb13u1,U4_NO_UPSTREAM_STATIC_OR_TEMPLATE_UNIT,,1.21.3-5+deb13u1,,0,,NOT_APPLICABLE,complete pristine orig-tar inventory contained no service unit or template
https://web.mit.edu/kerberos::krb5kdc,https://web.mit.edu/kerberos,ubuntu,krb5-kdc,krb5,1.22.1-2ubuntu4,U4_NO_UPSTREAM_STATIC_OR_TEMPLATE_UNIT,,1.22.1-2ubuntu4,,0,,NOT_APPLICABLE,complete pristine orig-tar inventory contained no service unit or template
https://wiki.gnome.org/Projects/GDM::gdm3,https://wiki.gnome.org/Projects/GDM,debian,gdm3,gdm3,48.0-2,U1_TEMPLATE_VALUE_ONLY,/home/emrecan/github/ecylmz/unittrace/artifacts/full/roots/sources/debian/gdm3/48.0-2/gdm-48.0/data/gdm.service.in,48.0-2,a647fe65fff63706e558463aa519fd81c94f4e1cdb8594489c5ccec661c47dd9,0,,NOT_APPLICABLE,exact basename or unique executable source mapping
https://wiki.gnome.org/Projects/GDM::gdm3,https://wiki.gnome.org/Projects/GDM,ubuntu,gdm3,gdm3,50.0-0ubuntu1,U1_TEMPLATE_VALUE_ONLY,/home/emrecan/github/ecylmz/unittrace/artifacts/full/roots/sources/ubuntu/gdm3/50.0-0ubuntu1/gdm-50.0/data/gdm.service.in,50.0-0ubuntu1,a647fe65fff63706e558463aa519fd81c94f4e1cdb8594489c5ccec661c47dd9,0,,NOT_APPLICABLE,exact basename or unique executable source mapping
https://wiki.gnome.org/phodav::spice-webdavd,https://wiki.gnome.org/phodav,arch,phodav,phodav,3.0-4,U1_TEMPLATE_VALUE_ONLY,/home/emrecan/github/ecylmz/unittrace/artifacts/full/roots/sources/arch/phodav/3.0-4/phodav-d733fd853f0664ad8035b1b85604c62de0e97098/data/spice-webdavd.service,3.0-4,6f2c427223b1314eb0759fa68e3df38c45d2527403156a3789767fd8f03ba687,0,,NOT_APPLICABLE,exact basename or unique executable source mapping
https://wiki.gnome.org/phodav::spice-webdavd,https://wiki.gnome.org/phodav,debian,spice-webdavd,phodav,3.0-9,U1_TEMPLATE_VALUE_ONLY,/home/emrecan/github/ecylmz/unittrace/artifacts/full/roots/sources/debian/phodav/3.0-9/phodav-3.0/data/spice-webdavd.service,3.0-9,6f2c427223b1314eb0759fa68e3df38c45d2527403156a3789767fd8f03ba687,0,,NOT_APPLICABLE,exact basename or unique executable source mapping
https://wiki.gnome.org/phodav::spice-webdavd,https://wiki.gnome.org/phodav,fedora,spice-webdavd,phodav,phodav-3.0-13.fc44.src.rpm,U1_TEMPLATE_VALUE_ONLY,/home/emrecan/github/ecylmz/unittrace/artifacts/full/roots/sources/fedora/phodav/phodav-3.0-13.fc44.src.rpm/phodav-3.0/data/spice-webdavd.service,phodav-3.0-13.fc44.src.rpm,6f2c427223b1314eb0759fa68e3df38c45d2527403156a3789767fd8f03ba687,0,,NOT_APPLICABLE,exact basename or unique executable source mapping
https://wiki.nikhef.nl/grid/FetchCRL3::fetch-crl,https://wiki.nikhef.nl/grid/FetchCRL3,fedora,fetch-crl,fetch-crl,fetch-crl-3.0.23-7.fc44.src.rpm,U4_NO_UPSTREAM_STATIC_OR_TEMPLATE_UNIT,,fetch-crl-3.0.23-7.fc44.src.rpm,,0,,NOT_APPLICABLE,complete pristine orig-tar inventory contained no service unit or template
https://wiki.nikhef.nl/grid/FetchCRL3::fetch-crl,https://wiki.nikhef.nl/grid/FetchCRL3,ubuntu,fetch-crl,fetch-crl,3.0.23-1build1,U4_NO_UPSTREAM_STATIC_OR_TEMPLATE_UNIT,,3.0.23-1build1,,0,,NOT_APPLICABLE,complete pristine orig-tar inventory contained no service unit or template
https://www.anope.org::anope,https://www.anope.org,debian,anope,anope,2.0.17-1,U4_NO_UPSTREAM_STATIC_OR_TEMPLATE_UNIT,,2.0.17-1,,0,,NOT_APPLICABLE,complete pristine orig-tar inventory contained no service unit or template
https://www.anope.org::anope,https://www.anope.org,fedora,anope,anope,anope-2.1.4-6.fc44.src.rpm,U4_NO_UPSTREAM_STATIC_OR_TEMPLATE_UNIT,,anope-2.1.4-6.fc44.src.rpm,,0,,NOT_APPLICABLE,complete pristine orig-tar inventory contained no service unit or template
https://www.anope.org::anope,https://www.anope.org,ubuntu,anope,anope,2.0.17-1.1,U4_NO_UPSTREAM_STATIC_OR_TEMPLATE_UNIT,,2.0.17-1.1,,0,,NOT_APPLICABLE,complete pristine orig-tar inventory contained no service unit or template
https://www.apcupsd.org::apcupsd,https://www.apcupsd.org,arch,apcupsd,apcupsd,3.14.14-9,U4_NO_UPSTREAM_STATIC_OR_TEMPLATE_UNIT,,3.14.14-9,,0,,NOT_APPLICABLE,complete pristine orig-tar inventory contained no service unit or template
https://www.apcupsd.org::apcupsd,https://www.apcupsd.org,debian,apcupsd,apcupsd,3.14.14-5,U4_NO_UPSTREAM_STATIC_OR_TEMPLATE_UNIT,,3.14.14-5,,0,,NOT_APPLICABLE,complete pristine orig-tar inventory contained no service unit or template
https://www.apcupsd.org::apcupsd,https://www.apcupsd.org,ubuntu,apcupsd,apcupsd,3.14.14-7,U4_NO_UPSTREAM_STATIC_OR_TEMPLATE_UNIT,,3.14.14-7,,0,,NOT_APPLICABLE,complete pristine orig-tar inventory contained no service unit or template
https://www.asterisk.org::asterisk,https://www.asterisk.org,fedora,asterisk,asterisk,asterisk-18.26.4-1.fc44.src.rpm,U1_TEMPLATE_VALUE_ONLY,/home/emrecan/github/ecylmz/unittrace/artifacts/full/roots/sources/fedora/asterisk/asterisk-18.26.4-1.fc44.src.rpm/asterisk-18.26.4/contrib/systemd/asterisk.service,asterisk-18.26.4-1.fc44.src.rpm,24468c85d03752cbe8969453ee4990766c2b7bbb9471baafafc258d055a6811a,0,,NOT_APPLICABLE,exact basename or unique executable source mapping
https://www.asterisk.org::asterisk,https://www.asterisk.org,ubuntu,asterisk,asterisk,1:22.5.2~dfsg+~cs6.15.60671435-1,U1_TEMPLATE_VALUE_ONLY,/home/emrecan/github/ecylmz/unittrace/artifacts/full/roots/sources/ubuntu/asterisk/22.5.2~dfsg+~cs6.15.60671435-1/asterisk-22.5.2/contrib/systemd/asterisk.service,1:22.5.2~dfsg+~cs6.15.60671435-1,24468c85d03752cbe8969453ee4990766c2b7bbb9471baafafc258d055a6811a,0,,NOT_APPLICABLE,exact basename or unique executable source mapping
https://www.atoptool.nl::sh,https://www.atoptool.nl,arch,atop,atop,2.13.0-1,U1_TEMPLATE_VALUE_ONLY,/home/emrecan/github/ecylmz/unittrace/artifacts/full/roots/sources/arch/atop/2.13.0-1/atop-2.13.0/atop.service,2.13.0-1,7ae7b99d55e99754422a168149354cd4f25a25c23d2d8907e33bc984b1344c55,0,,NOT_APPLICABLE,exact basename or unique executable source mapping
https://www.atoptool.nl::sh,https://www.atoptool.nl,fedora,atop,atop,atop-2.13.0-1.fc44.src.rpm,U1_TEMPLATE_VALUE_ONLY,/home/emrecan/github/ecylmz/unittrace/artifacts/full/roots/sources/fedora/atop/atop-2.13.0-1.fc44.src.rpm/atop-2.13.0/atop.service,atop-2.13.0-1.fc44.src.rpm,7ae7b99d55e99754422a168149354cd4f25a25c23d2d8907e33bc984b1344c55,0,,NOT_APPLICABLE,exact basename or unique executable source mapping
https://www.atoptool.nl::upstream-unit::atop-rotate.service,https://www.atoptool.nl,arch,atop,atop,2.13.0-1,U0_STATIC,/home/emrecan/github/ecylmz/unittrace/artifacts/full/roots/sources/arch/atop/2.13.0-1/atop-2.13.0/atop-rotate.service,2.13.0-1,83fb19d4f63ff1a13fed8e37297045cfa556b1eda1039a79bd7f83ad1abcb261,0,,NOT_APPLICABLE,exact basename or unique executable source mapping
https://www.atoptool.nl::upstream-unit::atop-rotate.service,https://www.atoptool.nl,fedora,atop,atop,atop-2.13.0-1.fc44.src.rpm,U0_STATIC,/home/emrecan/github/ecylmz/unittrace/artifacts/full/roots/sources/fedora/atop/atop-2.13.0-1.fc44.src.rpm/atop-2.13.0/atop-rotate.service,atop-2.13.0-1.fc44.src.rpm,83fb19d4f63ff1a13fed8e37297045cfa556b1eda1039a79bd7f83ad1abcb261,0,,NOT_APPLICABLE,exact basename or unique executable source mapping
https://www.atoptool.nl::upstream-unit::atopacct.service,https://www.atoptool.nl,arch,atop,atop,2.13.0-1,U0_STATIC,/home/emrecan/github/ecylmz/unittrace/artifacts/full/roots/sources/arch/atop/2.13.0-1/atop-2.13.0/atopacct.service,2.13.0-1,bf3d396f8b0e4fe7006f57183f886eab3ddb66f846aef16af475dc440cac5532,0,,NOT_APPLICABLE,exact basename or unique executable source mapping
https://www.atoptool.nl::upstream-unit::atopacct.service,https://www.atoptool.nl,fedora,atop,atop,atop-2.13.0-1.fc44.src.rpm,U0_STATIC,/home/emrecan/github/ecylmz/unittrace/artifacts/full/roots/sources/fedora/atop/atop-2.13.0-1.fc44.src.rpm/atop-2.13.0/atopacct.service,atop-2.13.0-1.fc44.src.rpm,bf3d396f8b0e4fe7006f57183f886eab3ddb66f846aef16af475dc440cac5532,0,,NOT_APPLICABLE,exact basename or unique executable source mapping
https://www.bacula.org::bacula-dir,https://www.bacula.org,debian,bacula-director,bacula,15.0.3-3,U1_TEMPLATE_VALUE_ONLY,/home/emrecan/github/ecylmz/unittrace/artifacts/full/roots/sources/debian/bacula/15.0.3-3/bacula-15.0.3/platforms/systemd/bacula-dir.service.in,15.0.3-3,c2f83b96bdebe19215a35fea329f85b6b2f3a0561c9f03798c7425c63e2d2625,0,,NOT_APPLICABLE,exact basename or unique executable source mapping
https://www.bacula.org::bacula-dir,https://www.bacula.org,fedora,bacula-director,bacula,bacula-15.0.3-5.fc44.src.rpm,U1_TEMPLATE_VALUE_ONLY,/home/emrecan/github/ecylmz/unittrace/artifacts/full/roots/sources/fedora/bacula/bacula-15.0.3-5.fc44.src.rpm/bacula-15.0.3/platforms/systemd/bacula-dir.service.in,bacula-15.0.3-5.fc44.src.rpm,c2f83b96bdebe19215a35fea329f85b6b2f3a0561c9f03798c7425c63e2d2625,0,,NOT_APPLICABLE,exact basename or unique executable source mapping
https://www.bacula.org::bacula-dir,https://www.bacula.org,ubuntu,bacula-director,bacula,15.0.3-5,U1_TEMPLATE_VALUE_ONLY,/home/emrecan/github/ecylmz/unittrace/artifacts/full/roots/sources/ubuntu/bacula/15.0.3-5/bacula-15.0.3/platforms/systemd/bacula-dir.service.in,15.0.3-5,c2f83b96bdebe19215a35fea329f85b6b2f3a0561c9f03798c7425c63e2d2625,0,,NOT_APPLICABLE,exact basename or unique executable source mapping
https://www.bacula.org::bacula-fd,https://www.bacula.org,debian,bacula-fd,bacula,15.0.3-3,U1_TEMPLATE_VALUE_ONLY,/home/emrecan/github/ecylmz/unittrace/artifacts/full/roots/sources/debian/bacula/15.0.3-3/bacula-15.0.3/platforms/systemd/bacula-fd.service.in,15.0.3-3,cb079062c6b1c76cb0c5c812aa6bc4cfde8764dfc98ce311e98d498da1ccfd06,0,,NOT_APPLICABLE,exact basename or unique executable source mapping
https://www.bacula.org::bacula-fd,https://www.bacula.org,fedora,bacula-client,bacula,bacula-15.0.3-5.fc44.src.rpm,U1_TEMPLATE_VALUE_ONLY,/home/emrecan/github/ecylmz/unittrace/artifacts/full/roots/sources/fedora/bacula/bacula-15.0.3-5.fc44.src.rpm/bacula-15.0.3/platforms/systemd/bacula-fd.service.in,bacula-15.0.3-5.fc44.src.rpm,cb079062c6b1c76cb0c5c812aa6bc4cfde8764dfc98ce311e98d498da1ccfd06,0,,NOT_APPLICABLE,exact basename or unique executable source mapping
https://www.bacula.org::bacula-fd,https://www.bacula.org,ubuntu,bacula-fd,bacula,15.0.3-5,U1_TEMPLATE_VALUE_ONLY,/home/emrecan/github/ecylmz/unittrace/artifacts/full/roots/sources/ubuntu/bacula/15.0.3-5/bacula-15.0.3/platforms/systemd/bacula-fd.service.in,15.0.3-5,cb079062c6b1c76cb0c5c812aa6bc4cfde8764dfc98ce311e98d498da1ccfd06,0,,NOT_APPLICABLE,exact basename or unique executable source mapping
https://www.bacula.org::bacula-sd,https://www.bacula.org,debian,bacula-sd,bacula,15.0.3-3,U1_TEMPLATE_VALUE_ONLY,/home/emrecan/github/ecylmz/unittrace/artifacts/full/roots/sources/debian/bacula/15.0.3-3/bacula-15.0.3/platforms/systemd/bacula-sd.service.in,15.0.3-3,e892b955606fa40334aa45f95d9a46ac0b5e94b1533d67c6a27df1f50d255234,0,,NOT_APPLICABLE,exact basename or unique executable source mapping
https://www.bacula.org::bacula-sd,https://www.bacula.org,fedora,bacula-storage,bacula,bacula-15.0.3-5.fc44.src.rpm,U1_TEMPLATE_VALUE_ONLY,/home/emrecan/github/ecylmz/unittrace/artifacts/full/roots/sources/fedora/bacula/bacula-15.0.3-5.fc44.src.rpm/bacula-15.0.3/platforms/systemd/bacula-sd.service.in,bacula-15.0.3-5.fc44.src.rpm,e892b955606fa40334aa45f95d9a46ac0b5e94b1533d67c6a27df1f50d255234,0,,NOT_APPLICABLE,exact basename or unique executable source mapping
https://www.bacula.org::bacula-sd,https://www.bacula.org,ubuntu,bacula-sd,bacula,15.0.3-5,U1_TEMPLATE_VALUE_ONLY,/home/emrecan/github/ecylmz/unittrace/artifacts/full/roots/sources/ubuntu/bacula/15.0.3-5/bacula-15.0.3/platforms/systemd/bacula-sd.service.in,15.0.3-5,e892b955606fa40334aa45f95d9a46ac0b5e94b1533d67c6a27df1f50d255234,0,,NOT_APPLICABLE,exact basename or unique executable source mapping
https://www.bitlbee.org::bitlbee,https://www.bitlbee.org,fedora,bitlbee,bitlbee,bitlbee-3.6-20.fc44.src.rpm,U1_TEMPLATE_VALUE_ONLY,/home/emrecan/github/ecylmz/unittrace/artifacts/full/roots/sources/fedora/bitlbee/bitlbee-3.6-20.fc44.src.rpm/bitlbee-3.6/init/bitlbee.service.in,bitlbee-3.6-20.fc44.src.rpm,6572e199fb565401acd7b7b8dd6bf6f533e70f5f56e82a20fa2d681fcc5d0cb8,0,,NOT_APPLICABLE,exact basename or unique executable source mapping
https://www.bitlbee.org::bitlbee,https://www.bitlbee.org,ubuntu,bitlbee-common,bitlbee,3.6-2,U1_TEMPLATE_VALUE_ONLY,/home/emrecan/github/ecylmz/unittrace/artifacts/full/roots/sources/ubuntu/bitlbee/3.6-2/bitlbee-3.6/init/bitlbee.service.in,3.6-2,6572e199fb565401acd7b7b8dd6bf6f533e70f5f56e82a20fa2d681fcc5d0cb8,0,,NOT_APPLICABLE,exact basename or unique executable source mapping
https://www.bluez.org::bluetooth-meshd,https://www.bluez.org,arch,bluez-mesh,bluez,5.87-2,U1_TEMPLATE_VALUE_ONLY,/home/emrecan/github/ecylmz/unittrace/artifacts/full/roots/sources/arch/bluez/5.87-2/bluez-65d11edee469c24dcc8d075b8be9c040cebaaf98/mesh/bluetooth-mesh.service.in,5.87-2,c4d667ae19722540ca6dac7118963f0f98d010ee01c3fb274b4ee3805cd0ccfc,0,,NOT_APPLICABLE,exact basename or unique executable source mapping
https://www.bluez.org::bluetooth-meshd,https://www.bluez.org,debian,bluez-meshd,bluez,5.82-1.1,U1_TEMPLATE_VALUE_ONLY,/home/emrecan/github/ecylmz/unittrace/artifacts/full/roots/sources/debian/bluez/5.82-1.1/bluez-5.82/mesh/bluetooth-mesh.service.in,5.82-1.1,c4d667ae19722540ca6dac7118963f0f98d010ee01c3fb274b4ee3805cd0ccfc,0,,NOT_APPLICABLE,exact basename or unique executable source mapping
https://www.bluez.org::bluetooth-meshd,https://www.bluez.org,fedora,bluez-mesh,bluez,bluez-5.87-3.fc44.src.rpm,U1_TEMPLATE_VALUE_ONLY,/home/emrecan/github/ecylmz/unittrace/artifacts/full/roots/sources/fedora/bluez/bluez-5.87-3.fc44.src.rpm/bluez-5.87/mesh/bluetooth-mesh.service.in,bluez-5.87-3.fc44.src.rpm,c4d667ae19722540ca6dac7118963f0f98d010ee01c3fb274b4ee3805cd0ccfc,0,,NOT_APPLICABLE,exact basename or unique executable source mapping
https://www.bluez.org::bluetooth-meshd,https://www.bluez.org,ubuntu,bluez-meshd,bluez,5.85-4,U1_TEMPLATE_VALUE_ONLY,/home/emrecan/github/ecylmz/unittrace/artifacts/full/roots/sources/ubuntu/bluez/5.85-4/bluez-5.85/mesh/bluetooth-mesh.service.in,5.85-4,c4d667ae19722540ca6dac7118963f0f98d010ee01c3fb274b4ee3805cd0ccfc,0,,NOT_APPLICABLE,exact basename or unique executable source mapping
https://www.bluez.org::bluetoothd,https://www.bluez.org,arch,bluez,bluez,5.87-2,U1_TEMPLATE_VALUE_ONLY,/home/emrecan/github/ecylmz/unittrace/artifacts/full/roots/sources/arch/bluez/5.87-2/bluez-65d11edee469c24dcc8d075b8be9c040cebaaf98/src/bluetooth.service.in,5.87-2,b82713de604b304c79fb5c3235b33a419e6ce189470a740397ac0fe4b1233f43,0,,NOT_APPLICABLE,exact basename or unique executable source mapping
https://www.bluez.org::bluetoothd,https://www.bluez.org,debian,bluez,bluez,5.82-1.1,U1_TEMPLATE_VALUE_ONLY,/home/emrecan/github/ecylmz/unittrace/artifacts/full/roots/sources/debian/bluez/5.82-1.1/bluez-5.82/src/bluetooth.service.in,5.82-1.1,633080769b03863b8cf0a8bf205692570dfe36316079d073850ff55a963b66ae,0,,NOT_APPLICABLE,exact basename or unique executable source mapping
https://www.bluez.org::bluetoothd,https://www.bluez.org,fedora,bluez,bluez,bluez-5.87-3.fc44.src.rpm,U1_TEMPLATE_VALUE_ONLY,/home/emrecan/github/ecylmz/unittrace/artifacts/full/roots/sources/fedora/bluez/bluez-5.87-3.fc44.src.rpm/bluez-5.87/src/bluetooth.service.in,bluez-5.87-3.fc44.src.rpm,b82713de604b304c79fb5c3235b33a419e6ce189470a740397ac0fe4b1233f43,0,,NOT_APPLICABLE,exact basename or unique executable source mapping
https://www.bluez.org::bluetoothd,https://www.bluez.org,ubuntu,bluez,bluez,5.85-4,U1_TEMPLATE_VALUE_ONLY,/home/emrecan/github/ecylmz/unittrace/artifacts/full/roots/sources/ubuntu/bluez/5.85-4/bluez-5.85/src/bluetooth.service.in,5.85-4,633080769b03863b8cf0a8bf205692570dfe36316079d073850ff55a963b66ae,0,,NOT_APPLICABLE,exact basename or unique executable source mapping
https://www.cipherdyne.org/fwknop::fwknopd,https://www.cipherdyne.org/fwknop,arch,fwknop,fwknop,2.6.11-1,U1_TEMPLATE_VALUE_ONLY,/home/emrecan/github/ecylmz/unittrace/artifacts/full/roots/sources/arch/fwknop/2.6.11-1/fwknop-2.6.11/extras/systemd/fwknopd.service,2.6.11-1,3907d96ad17900e459157575331f9fdaea653945b12cabc2b6b911a8c65aa759,0,,NOT_APPLICABLE,exact basename or unique executable source mapping
https://www.cipherdyne.org/fwknop::fwknopd,https://www.cipherdyne.org/fwknop,fedora,fwknop,fwknop,fwknop-2.6.11-6.fc44.src.rpm,U1_TEMPLATE_VALUE_ONLY,/home/emrecan/github/ecylmz/unittrace/artifacts/full/roots/sources/fedora/fwknop/fwknop-2.6.11-6.fc44.src.rpm/fwknop-2.6.11/extras/systemd/fwknopd.service,fwknop-2.6.11-6.fc44.src.rpm,3907d96ad17900e459157575331f9fdaea653945b12cabc2b6b911a8c65aa759,0,,NOT_APPLICABLE,exact basename or unique executable source mapping
https://www.cipherdyne.org/psad::psad,https://www.cipherdyne.org/psad,debian,psad,psad,2.4.6-3,U0_STATIC,/home/emrecan/github/ecylmz/unittrace/artifacts/full/roots/sources/debian/psad/2.4.6-3/psad-2.4.6/init-scripts/systemd/psad.service,2.4.6-3,99a22525637b99f5a4743a88a10145c2c94276774f56d6a9246b930c0d0c6d0f,0,,NOT_APPLICABLE,exact basename or unique executable source mapping
https://www.cipherdyne.org/psad::psad,https://www.cipherdyne.org/psad,fedora,psad,psad,psad-2.4.6-24.fc44.src.rpm,U0_STATIC,/home/emrecan/github/ecylmz/unittrace/artifacts/full/roots/sources/fedora/psad/psad-2.4.6-24.fc44.src.rpm/psad-2.4.6/init-scripts/systemd/psad.service,psad-2.4.6-24.fc44.src.rpm,99a22525637b99f5a4743a88a10145c2c94276774f56d6a9246b930c0d0c6d0f,0,,NOT_APPLICABLE,exact basename or unique executable source mapping
https://www.cipherdyne.org/psad::psad,https://www.cipherdyne.org/psad,ubuntu,psad,psad,2.4.6-3build1,U0_STATIC,/home/emrecan/github/ecylmz/unittrace/artifacts/full/roots/sources/ubuntu/psad/2.4.6-3build1/psad-2.4.6/init-scripts/systemd/psad.service,2.4.6-3build1,99a22525637b99f5a4743a88a10145c2c94276774f56d6a9246b930c0d0c6d0f,0,,NOT_APPLICABLE,exact basename or unique executable source mapping
https://www.clamav.net::clamd,https://www.clamav.net,arch,clamav,clamav,1.5.3-1,U1_TEMPLATE_VALUE_ONLY,/home/emrecan/github/ecylmz/unittrace/artifacts/full/roots/sources/arch/clamav/1.5.3-1/clamav-1.5.3/clamd/clamav-daemon.service.in,1.5.3-1,e0bd83bb1bb454bdb7a374c276a4a840476a2525b9926bd771d8fa1741d241ff,0,,NOT_APPLICABLE,exact basename or unique executable source mapping
https://www.clamav.net::clamd,https://www.clamav.net,debian,clamav-daemon,clamav,1.4.3+dfsg-1,U1_TEMPLATE_VALUE_ONLY,/home/emrecan/github/ecylmz/unittrace/artifacts/full/roots/sources/debian/clamav/1.4.3+dfsg-1/clamav-1.4.3+dfsg/clamd/clamav-daemon.service.in,1.4.3+dfsg-1,e0bd83bb1bb454bdb7a374c276a4a840476a2525b9926bd771d8fa1741d241ff,0,,NOT_APPLICABLE,exact basename or unique executable source mapping
https://www.clamav.net::clamd,https://www.clamav.net,ubuntu,clamav-daemon,clamav,1.4.3+dfsg-2ubuntu3,U1_TEMPLATE_VALUE_ONLY,/home/emrecan/github/ecylmz/unittrace/artifacts/full/roots/sources/ubuntu/clamav/1.4.3+dfsg-2ubuntu3/clamav-1.4.3+dfsg/clamd/clamav-daemon.service.in,1.4.3+dfsg-2ubuntu3,e0bd83bb1bb454bdb7a374c276a4a840476a2525b9926bd771d8fa1741d241ff,0,,NOT_APPLICABLE,exact basename or unique executable source mapping
https://www.clamav.net::clamonacc,https://www.clamav.net,arch,clamav,clamav,1.5.3-1,U1_TEMPLATE_VALUE_ONLY,/home/emrecan/github/ecylmz/unittrace/artifacts/full/roots/sources/arch/clamav/1.5.3-1/clamav-1.5.3/clamonacc/clamav-clamonacc.service.in,1.5.3-1,2bdb09552829872b358bab42b0102bb030c9ab9e10bbbaa9add5e22619cf72a5,0,,NOT_APPLICABLE,exact basename or unique executable source mapping
https://www.clamav.net::clamonacc,https://www.clamav.net,debian,clamav-daemon,clamav,1.4.3+dfsg-1,U1_TEMPLATE_VALUE_ONLY,/home/emrecan/github/ecylmz/unittrace/artifacts/full/roots/sources/debian/clamav/1.4.3+dfsg-1/clamav-1.4.3+dfsg/clamonacc/clamav-clamonacc.service.in,1.4.3+dfsg-1,2bdb09552829872b358bab42b0102bb030c9ab9e10bbbaa9add5e22619cf72a5,0,,NOT_APPLICABLE,exact basename or unique executable source mapping
https://www.clamav.net::clamonacc,https://www.clamav.net,fedora,clamav,clamav,clamav-1.4.5-1.fc44.src.rpm,U1_TEMPLATE_VALUE_ONLY,/home/emrecan/github/ecylmz/unittrace/artifacts/full/roots/sources/fedora/clamav/clamav-1.4.5-1.fc44.src.rpm/clamav-1.4.5/clamonacc/clamav-clamonacc.service.in,clamav-1.4.5-1.fc44.src.rpm,2bdb09552829872b358bab42b0102bb030c9ab9e10bbbaa9add5e22619cf72a5,0,,NOT_APPLICABLE,exact basename or unique executable source mapping
https://www.clamav.net::clamonacc,https://www.clamav.net,ubuntu,clamav-daemon,clamav,1.4.3+dfsg-2ubuntu3,U1_TEMPLATE_VALUE_ONLY,/home/emrecan/github/ecylmz/unittrace/artifacts/full/roots/sources/ubuntu/clamav/1.4.3+dfsg-2ubuntu3/clamav-1.4.3+dfsg/clamonacc/clamav-clamonacc.service.in,1.4.3+dfsg-2ubuntu3,2bdb09552829872b358bab42b0102bb030c9ab9e10bbbaa9add5e22619cf72a5,0,,NOT_APPLICABLE,exact basename or unique executable source mapping
https://www.clusterlabs.org::pacemaker-remoted,https://www.clusterlabs.org,debian,pacemaker-remote,pacemaker,3.0.0-2,U1_TEMPLATE_VALUE_ONLY,/home/emrecan/github/ecylmz/unittrace/artifacts/full/roots/sources/debian/pacemaker/3.0.0-2/pacemaker-Pacemaker-3.0.0/daemons/execd/pacemaker_remote.service.in,3.0.0-2,046f46a31deb04575d4b94c9fcbf53d1778d6c8fe7b0cc9bac032eb2c619aa0f,0,,NOT_APPLICABLE,exact basename or unique executable source mapping
https://www.clusterlabs.org::pacemaker-remoted,https://www.clusterlabs.org,fedora,pacemaker-remote,pacemaker,pacemaker-3.0.2-3.fc44.src.rpm,U1_TEMPLATE_VALUE_ONLY,/home/emrecan/github/ecylmz/unittrace/artifacts/full/roots/sources/fedora/pacemaker/pacemaker-3.0.2-3.fc44.src.rpm/pacemaker-c75e25851/daemons/execd/pacemaker_remote.service.in,pacemaker-3.0.2-3.fc44.src.rpm,e6de2391ad194073c41cbdcffd23b7fedb183fd949212be182ecdf54502af81e,0,,NOT_APPLICABLE,exact basename or unique executable source mapping
https://www.clusterlabs.org::pacemaker-remoted,https://www.clusterlabs.org,ubuntu,pacemaker-remote,pacemaker,3.0.1-1ubuntu2,U1_TEMPLATE_VALUE_ONLY,/home/emrecan/github/ecylmz/unittrace/artifacts/full/roots/sources/ubuntu/pacemaker/3.0.1-1ubuntu2/pacemaker-Pacemaker-3.0.1/daemons/execd/pacemaker_remote.service.in,3.0.1-1ubuntu2,046f46a31deb04575d4b94c9fcbf53d1778d6c8fe7b0cc9bac032eb2c619aa0f,0,,NOT_APPLICABLE,exact basename or unique executable source mapping
https://www.clusterlabs.org::pacemakerd,https://www.clusterlabs.org,debian,pacemaker,pacemaker,3.0.0-2,U1_TEMPLATE_VALUE_ONLY,/home/emrecan/github/ecylmz/unittrace/artifacts/full/roots/sources/debian/pacemaker/3.0.0-2/pacemaker-Pacemaker-3.0.0/daemons/pacemakerd/pacemaker.service.in,3.0.0-2,427881df3aa0e452160783b37bf5794f488dae742dbeacdadad94f948e011889,0,,NOT_APPLICABLE,exact basename or unique executable source mapping
https://www.clusterlabs.org::pacemakerd,https://www.clusterlabs.org,fedora,pacemaker,pacemaker,pacemaker-3.0.2-3.fc44.src.rpm,U1_TEMPLATE_VALUE_ONLY,/home/emrecan/github/ecylmz/unittrace/artifacts/full/roots/sources/fedora/pacemaker/pacemaker-3.0.2-3.fc44.src.rpm/pacemaker-c75e25851/daemons/pacemakerd/pacemaker.service.in,pacemaker-3.0.2-3.fc44.src.rpm,789937f390b58fa622f199c5691348038f25fe5aedc4bac199843aeb47edcf14,0,,NOT_APPLICABLE,exact basename or unique executable source mapping
https://www.clusterlabs.org::pacemakerd,https://www.clusterlabs.org,ubuntu,pacemaker,pacemaker,3.0.1-1ubuntu2,U1_TEMPLATE_VALUE_ONLY,/home/emrecan/github/ecylmz/unittrace/artifacts/full/roots/sources/ubuntu/pacemaker/3.0.1-1ubuntu2/pacemaker-Pacemaker-3.0.1/daemons/pacemakerd/pacemaker.service.in,3.0.1-1ubuntu2,427881df3aa0e452160783b37bf5794f488dae742dbeacdadad94f948e011889,0,,NOT_APPLICABLE,exact basename or unique executable source mapping
https://www.conserver.com::conserver,https://www.conserver.com,debian,conserver-server,conserver,8.2.7-3,U4_NO_UPSTREAM_STATIC_OR_TEMPLATE_UNIT,,8.2.7-3,,0,,NOT_APPLICABLE,complete pristine orig-tar inventory contained no service unit or template
https://www.conserver.com::conserver,https://www.conserver.com,fedora,conserver,conserver,conserver-8.3.0-1.fc44.src.rpm,U4_NO_UPSTREAM_STATIC_OR_TEMPLATE_UNIT,,conserver-8.3.0-1.fc44.src.rpm,,0,,NOT_APPLICABLE,complete pristine orig-tar inventory contained no service unit or template
https://www.conserver.com::conserver,https://www.conserver.com,ubuntu,conserver-server,conserver,8.2.7-3.1build1,U4_NO_UPSTREAM_STATIC_OR_TEMPLATE_UNIT,,8.2.7-3.1build1,,0,,NOT_APPLICABLE,complete pristine orig-tar inventory contained no service unit or template
https://www.cstr.ed.ac.uk/projects/festival::festival,https://www.cstr.ed.ac.uk/projects/festival,fedora,festival,festival,festival-2.5.0-29.fc44.src.rpm,U4_NO_UPSTREAM_STATIC_OR_TEMPLATE_UNIT,,festival-2.5.0-29.fc44.src.rpm,,0,,NOT_APPLICABLE,complete pristine orig-tar inventory contained no service unit or template
https://www.cstr.ed.ac.uk/projects/festival::festival,https://www.cstr.ed.ac.uk/projects/festival,ubuntu,festival,festival,1:2.5.0-13,U4_NO_UPSTREAM_STATIC_OR_TEMPLATE_UNIT,,1:2.5.0-13,,0,,NOT_APPLICABLE,complete pristine orig-tar inventory contained no service unit or template
https://www.cyrusimap.org/sasl::saslauthd,https://www.cyrusimap.org/sasl,arch,cyrus-sasl,cyrus-sasl,2.1.28-4,U4_NO_UPSTREAM_STATIC_OR_TEMPLATE_UNIT,,2.1.28-4,,0,,NOT_APPLICABLE,complete pristine orig-tar inventory contained no service unit or template
https://www.cyrusimap.org/sasl::saslauthd,https://www.cyrusimap.org/sasl,debian,sasl2-bin,cyrus-sasl2,2.1.28+dfsg1-9,U4_NO_UPSTREAM_STATIC_OR_TEMPLATE_UNIT,,2.1.28+dfsg1-9,,0,,NOT_APPLICABLE,complete pristine orig-tar inventory contained no service unit or template
https://www.cyrusimap.org/sasl::saslauthd,https://www.cyrusimap.org/sasl,fedora,cyrus-sasl,cyrus-sasl,cyrus-sasl-2.1.28-35.fc44.src.rpm,U4_NO_UPSTREAM_STATIC_OR_TEMPLATE_UNIT,,cyrus-sasl-2.1.28-35.fc44.src.rpm,,0,,NOT_APPLICABLE,complete pristine orig-tar inventory contained no service unit or template
https://www.cyrusimap.org/sasl::saslauthd,https://www.cyrusimap.org/sasl,ubuntu,sasl2-bin,cyrus-sasl2,2.1.28+dfsg1-9ubuntu3,U4_NO_UPSTREAM_STATIC_OR_TEMPLATE_UNIT,,2.1.28+dfsg1-9ubuntu3,,0,,NOT_APPLICABLE,complete pristine orig-tar inventory contained no service unit or template
https://www.cyrusimap.org::cyrmaster,https://www.cyrusimap.org,debian,cyrus-common,cyrus-imapd,3.10.2-1,U4_NO_UPSTREAM_STATIC_OR_TEMPLATE_UNIT,,3.10.2-1,,0,,NOT_APPLICABLE,complete pristine orig-tar inventory contained no service unit or template
https://www.cyrusimap.org::cyrmaster,https://www.cyrusimap.org,ubuntu,cyrus-common,cyrus-imapd,3.12.1-3,U4_NO_UPSTREAM_STATIC_OR_TEMPLATE_UNIT,,3.12.1-3,,0,,NOT_APPLICABLE,complete pristine orig-tar inventory contained no service unit or template
https://www.drbd.org::upstream-unit::scripts/drbd.service,https://www.drbd.org,debian,drbd-utils,drbd-utils,9.22.0-1.1,U0_STATIC,/home/emrecan/github/ecylmz/unittrace/artifacts/full/roots/sources/debian/drbd-utils/9.22.0-1.1/drbd-utils-9.22.0/scripts/drbd.service,9.22.0-1.1,62c2d04fb9274f39bfc881da149396c574ee94192fa7aa80e2a3519771028ee9,0,,NOT_APPLICABLE,exact basename or unique executable source mapping
https://www.drbd.org::upstream-unit::scripts/drbd.service,https://www.drbd.org,ubuntu,drbd-utils,drbd-utils,9.22.0-1.2build1,U0_STATIC,/home/emrecan/github/ecylmz/unittrace/artifacts/full/roots/sources/ubuntu/drbd-utils/9.22.0-1.2build1/drbd-utils-9.22.0/scripts/drbd.service,9.22.0-1.2build1,62c2d04fb9274f39bfc881da149396c574ee94192fa7aa80e2a3519771028ee9,0,,NOT_APPLICABLE,exact basename or unique executable source mapping
https://www.ejabberd.im::sh,https://www.ejabberd.im,debian,ejabberd,ejabberd,24.12-3+deb13u2,U4_NO_UPSTREAM_STATIC_OR_TEMPLATE_UNIT,,24.12-3+deb13u2,,0,,NOT_APPLICABLE,complete pristine orig-tar inventory contained no service unit or template
https://www.ejabberd.im::sh,https://www.ejabberd.im,ubuntu,ejabberd,ejabberd,24.12-4,U4_NO_UPSTREAM_STATIC_OR_TEMPLATE_UNIT,,24.12-4,,0,,NOT_APPLICABLE,complete pristine orig-tar inventory contained no service unit or template
https://www.erlang.org::epmd,https://www.erlang.org,debian,erlang-base,erlang,1:27.3.4.1+dfsg-1+deb13u2,U4_NO_UPSTREAM_STATIC_OR_TEMPLATE_UNIT,,1:27.3.4.1+dfsg-1+deb13u2,,0,,NOT_APPLICABLE,complete pristine orig-tar inventory contained no service unit or template
https://www.erlang.org::epmd,https://www.erlang.org,fedora,erlang-erts,erlang,erlang-26.2.5.21-5.fc44.src.rpm,U4_NO_UPSTREAM_STATIC_OR_TEMPLATE_UNIT,,erlang-26.2.5.21-5.fc44.src.rpm,,0,,NOT_APPLICABLE,complete pristine orig-tar inventory contained no service unit or template
https://www.erlang.org::epmd,https://www.erlang.org,ubuntu,erlang-base,erlang,1:27.3.4.6+dfsg-1,U4_NO_UPSTREAM_STATIC_OR_TEMPLATE_UNIT,,1:27.3.4.6+dfsg-1,,0,,NOT_APPLICABLE,complete pristine orig-tar inventory contained no service unit or template
https://www.exim.org::exim,https://www.exim.org,arch,exim,exim,4.99.5-1,U4_NO_UPSTREAM_STATIC_OR_TEMPLATE_UNIT,,4.99.5-1,,0,,NOT_APPLICABLE,complete pristine orig-tar inventory contained no service unit or template
https://www.exim.org::exim,https://www.exim.org,fedora,exim,exim,exim-4.99.5-1.fc44.src.rpm,U4_NO_UPSTREAM_STATIC_OR_TEMPLATE_UNIT,,exim-4.99.5-1.fc44.src.rpm,,0,,NOT_APPLICABLE,complete pristine orig-tar inventory contained no service unit or template
https://www.exim.org::exim4-base,https://www.exim.org,debian,exim4-base,exim4,4.98.2-1+deb13u3,U4_NO_UPSTREAM_STATIC_OR_TEMPLATE_UNIT,,4.98.2-1+deb13u3,,0,,NOT_APPLICABLE,complete pristine orig-tar inventory contained no service unit or template
https://www.exim.org::exim4-base,https://www.exim.org,ubuntu,exim4-base,exim4,4.99.1-1ubuntu1,U4_NO_UPSTREAM_STATIC_OR_TEMPLATE_UNIT,,4.99.1-1ubuntu1,,0,,NOT_APPLICABLE,complete pristine orig-tar inventory contained no service unit or template
https://www.eyrie.org/~eagle/software/inn::rc.news,https://www.eyrie.org/~eagle/software/inn,debian,inn2,inn2,2.7.3-1,U4_NO_UPSTREAM_STATIC_OR_TEMPLATE_UNIT,,2.7.3-1,,0,,NOT_APPLICABLE,complete pristine orig-tar inventory contained no service unit or template
https://www.eyrie.org/~eagle/software/inn::rc.news,https://www.eyrie.org/~eagle/software/inn,fedora,inn,inn,inn-2.7.3-5.fc44.src.rpm,U4_NO_UPSTREAM_STATIC_OR_TEMPLATE_UNIT,,inn-2.7.3-5.fc44.src.rpm,,0,,NOT_APPLICABLE,complete pristine orig-tar inventory contained no service unit or template
https://www.eyrie.org/~eagle/software/inn::rc.news,https://www.eyrie.org/~eagle/software/inn,ubuntu,inn2,inn2,2.7.4~20250809-1build1,U4_NO_UPSTREAM_STATIC_OR_TEMPLATE_UNIT,,2.7.4~20250809-1build1,,0,,NOT_APPLICABLE,complete pristine orig-tar inventory contained no service unit or template
https://www.fail2ban.org::fail2ban-server,https://www.fail2ban.org,arch,fail2ban,fail2ban,1.1.0-8,U1_TEMPLATE_VALUE_ONLY,/home/emrecan/github/ecylmz/unittrace/artifacts/full/roots/sources/arch/fail2ban/1.1.0-8/fail2ban-61799e15e1dd4389dea0cc7595da0a287835a177/files/fail2ban.service.in,1.1.0-8,4f30ae898dbd8eca72e377a669f913015070a2f766192d456c51b002e8f391c1,0,,NOT_APPLICABLE,exact basename or unique executable source mapping
https://www.fail2ban.org::fail2ban-server,https://www.fail2ban.org,fedora,fail2ban-server,fail2ban,fail2ban-1.1.0-16.fc44.src.rpm,U1_TEMPLATE_VALUE_ONLY,/home/emrecan/github/ecylmz/unittrace/artifacts/full/roots/sources/fedora/fail2ban/fail2ban-1.1.0-16.fc44.src.rpm/fail2ban-1.1.0/files/fail2ban.service.in,fail2ban-1.1.0-16.fc44.src.rpm,4f30ae898dbd8eca72e377a669f913015070a2f766192d456c51b002e8f391c1,0,,NOT_APPLICABLE,exact basename or unique executable source mapping
https://www.fail2ban.org::fail2ban-server,https://www.fail2ban.org,ubuntu,fail2ban,fail2ban,1.1.0-9,U1_TEMPLATE_VALUE_ONLY,/home/emrecan/github/ecylmz/unittrace/artifacts/full/roots/sources/ubuntu/fail2ban/1.1.0-9/fail2ban-1.1.0/files/fail2ban.service.in,1.1.0-9,4f30ae898dbd8eca72e377a669f913015070a2f766192d456c51b002e8f391c1,0,,NOT_APPLICABLE,exact basename or unique executable source mapping
https://www.finnie.org/software/2ping::upstream-unit::2ping.service,https://www.finnie.org/software/2ping,fedora,2ping,2ping,2ping-4.5.1-24.fc44.src.rpm,U0_STATIC,/home/emrecan/github/ecylmz/unittrace/artifacts/full/roots/sources/fedora/2ping/2ping-4.5.1-24.fc44.src.rpm/2ping-4.5.1/2ping.service,2ping-4.5.1-24.fc44.src.rpm,8152fb73b340fbed5dd098342b20714d69d23ab9c32e815b86efd5163d52169c,0,,NOT_APPLICABLE,exact basename or unique executable source mapping
https://www.finnie.org/software/2ping::upstream-unit::2ping.service,https://www.finnie.org/software/2ping,ubuntu,2ping,2ping,4.5-2,U0_STATIC,/home/emrecan/github/ecylmz/unittrace/artifacts/full/roots/sources/ubuntu/2ping/4.5-2/2ping-4.5/2ping.service,4.5-2,8152fb73b340fbed5dd098342b20714d69d23ab9c32e815b86efd5163d52169c,0,,NOT_APPLICABLE,exact basename or unique executable source mapping
https://www.firewalld.org::firewalld,https://www.firewalld.org,fedora,firewalld,firewalld,firewalld-2.4.4-1.fc44.src.rpm,U1_TEMPLATE_VALUE_ONLY,/home/emrecan/github/ecylmz/unittrace/artifacts/full/roots/sources/fedora/firewalld/firewalld-2.4.4-1.fc44.src.rpm/firewalld-2.4.4/config/firewalld.service.in,firewalld-2.4.4-1.fc44.src.rpm,22bf76bc876a1dc15b08c9c6ed947d5150fefa77f7ea414e08b0b5e0de27d6e2,0,,NOT_APPLICABLE,exact basename or unique executable source mapping
https://www.firewalld.org::firewalld,https://www.firewalld.org,ubuntu,firewalld,firewalld,2.3.1-3,U1_TEMPLATE_VALUE_ONLY,/home/emrecan/github/ecylmz/unittrace/artifacts/full/roots/sources/ubuntu/firewalld/2.3.1-3/firewalld-2.3.1/config/firewalld.service.in,2.3.1-3,2284e347157a37f4c72769e14a0c6143f1525f1d23effcdba07b4a9de35d9fc9,0,,NOT_APPLICABLE,exact basename or unique executable source mapping
https://www.freedesktop.org/software/PackageKit::packagekitd,https://www.freedesktop.org/software/PackageKit,arch,packagekit,packagekit,1.3.6-1,U1_TEMPLATE_VALUE_ONLY,/home/emrecan/github/ecylmz/unittrace/artifacts/full/roots/sources/arch/packagekit/1.3.6-1/PackageKit-cf89311412a109098d186b238793368907c48d95/data/packagekit.service.in,1.3.6-1,edaf1a9969dca02b9db94148b17c7f1416f1084a61e0128dec17b6bbf0bb36f4,0,,NOT_APPLICABLE,exact basename or unique executable source mapping
https://www.freedesktop.org/software/PackageKit::packagekitd,https://www.freedesktop.org/software/PackageKit,debian,packagekit,packagekit,1.3.1-1+deb13u1,U1_TEMPLATE_VALUE_ONLY,/home/emrecan/github/ecylmz/unittrace/artifacts/full/roots/sources/debian/packagekit/1.3.1-1+deb13u1/PackageKit-1.3.1/data/packagekit.service.in,1.3.1-1+deb13u1,edaf1a9969dca02b9db94148b17c7f1416f1084a61e0128dec17b6bbf0bb36f4,0,,NOT_APPLICABLE,exact basename or unique executable source mapping
https://www.freedesktop.org/software/PackageKit::packagekitd,https://www.freedesktop.org/software/PackageKit,fedora,PackageKit,PackageKit,PackageKit-1.3.6-1.fc44.src.rpm,U1_TEMPLATE_VALUE_ONLY,/home/emrecan/github/ecylmz/unittrace/artifacts/full/roots/sources/fedora/PackageKit/PackageKit-1.3.6-1.fc44.src.rpm/PackageKit-1.3.6/data/packagekit.service.in,PackageKit-1.3.6-1.fc44.src.rpm,edaf1a9969dca02b9db94148b17c7f1416f1084a61e0128dec17b6bbf0bb36f4,0,,NOT_APPLICABLE,exact basename or unique executable source mapping
https://www.freedesktop.org/software/PackageKit::packagekitd,https://www.freedesktop.org/software/PackageKit,ubuntu,packagekit,packagekit,1.3.4-3,U1_TEMPLATE_VALUE_ONLY,/home/emrecan/github/ecylmz/unittrace/artifacts/full/roots/sources/ubuntu/packagekit/1.3.4-3/PackageKit-1.3.4/data/packagekit.service.in,1.3.4-3,edaf1a9969dca02b9db94148b17c7f1416f1084a61e0128dec17b6bbf0bb36f4,0,,NOT_APPLICABLE,exact basename or unique executable source mapping
https://www.freedesktop.org/software/PackageKit::pk-offline-update,https://www.freedesktop.org/software/PackageKit,arch,packagekit,packagekit,1.3.6-1,U1_TEMPLATE_VALUE_ONLY,/home/emrecan/github/ecylmz/unittrace/artifacts/full/roots/sources/arch/packagekit/1.3.6-1/PackageKit-cf89311412a109098d186b238793368907c48d95/data/packagekit-offline-update.service.in,1.3.6-1,1b33c70f524a909f24810443ad42937b89a4af38285fbc621202cfe62643cf52,0,,NOT_APPLICABLE,exact basename or unique executable source mapping
https://www.freedesktop.org/software/PackageKit::pk-offline-update,https://www.freedesktop.org/software/PackageKit,debian,packagekit,packagekit,1.3.1-1+deb13u1,U1_TEMPLATE_VALUE_ONLY,/home/emrecan/github/ecylmz/unittrace/artifacts/full/roots/sources/debian/packagekit/1.3.1-1+deb13u1/PackageKit-1.3.1/data/packagekit-offline-update.service.in,1.3.1-1+deb13u1,f572239d9a1b53ca14380ef17b99496729ed0981e65a7419f21d81a4a0ba9b05,0,,NOT_APPLICABLE,exact basename or unique executable source mapping
https://www.freedesktop.org/software/PackageKit::pk-offline-update,https://www.freedesktop.org/software/PackageKit,fedora,PackageKit,PackageKit,PackageKit-1.3.6-1.fc44.src.rpm,U1_TEMPLATE_VALUE_ONLY,/home/emrecan/github/ecylmz/unittrace/artifacts/full/roots/sources/fedora/PackageKit/PackageKit-1.3.6-1.fc44.src.rpm/PackageKit-1.3.6/data/packagekit-offline-update.service.in,PackageKit-1.3.6-1.fc44.src.rpm,1b33c70f524a909f24810443ad42937b89a4af38285fbc621202cfe62643cf52,0,,NOT_APPLICABLE,exact basename or unique executable source mapping
https://www.freedesktop.org/software/PackageKit::pk-offline-update,https://www.freedesktop.org/software/PackageKit,ubuntu,packagekit,packagekit,1.3.4-3,U1_TEMPLATE_VALUE_ONLY,/home/emrecan/github/ecylmz/unittrace/artifacts/full/roots/sources/ubuntu/packagekit/1.3.4-3/PackageKit-1.3.4/data/packagekit-offline-update.service.in,1.3.4-3,1b33c70f524a909f24810443ad42937b89a4af38285fbc621202cfe62643cf52,0,,NOT_APPLICABLE,exact basename or unique executable source mapping
https://www.freedesktop.org/software/colord::colord,https://www.freedesktop.org/software/colord,arch,colord,colord,1.4.8-1,U1_TEMPLATE_VALUE_ONLY,/home/emrecan/github/ecylmz/unittrace/artifacts/full/roots/sources/arch/colord/1.4.8-1/colord-e3ee294acdc53d7f191e1090631d75f471e59d82/data/colord.service.in,1.4.8-1,634eae694b460092d334379c122236577f361d44408df928310370aea2799c4f,0,,NOT_APPLICABLE,exact basename or unique executable source mapping
https://www.freedesktop.org/software/colord::colord,https://www.freedesktop.org/software/colord,debian,colord,colord,1.4.7-3,U1_TEMPLATE_VALUE_ONLY,/home/emrecan/github/ecylmz/unittrace/artifacts/full/roots/sources/debian/colord/1.4.7-3/colord-1.4.7/data/colord.service.in,1.4.7-3,65592057403756c0e36af03d36888ece2fc6d9a631b0cb06146d6509e8cf64ad,0,,NOT_APPLICABLE,exact basename or unique executable source mapping
https://www.freedesktop.org/software/colord::colord,https://www.freedesktop.org/software/colord,fedora,colord,colord,colord-1.4.8-4.fc44.src.rpm,U1_TEMPLATE_VALUE_ONLY,/home/emrecan/github/ecylmz/unittrace/artifacts/full/roots/sources/fedora/colord/colord-1.4.8-4.fc44.src.rpm/colord-1.4.8/data/colord.service.in,colord-1.4.8-4.fc44.src.rpm,634eae694b460092d334379c122236577f361d44408df928310370aea2799c4f,0,,NOT_APPLICABLE,exact basename or unique executable source mapping
https://www.freedesktop.org/software/colord::colord,https://www.freedesktop.org/software/colord,ubuntu,colord,colord,1.4.8-3,U1_TEMPLATE_VALUE_ONLY,/home/emrecan/github/ecylmz/unittrace/artifacts/full/roots/sources/ubuntu/colord/1.4.8-3/colord-1.4.8/data/colord.service.in,1.4.8-3,634eae694b460092d334379c122236577f361d44408df928310370aea2799c4f,0,,NOT_APPLICABLE,exact basename or unique executable source mapping
https://www.freedesktop.org/wiki/Software/AccountsService::accounts-daemon,https://www.freedesktop.org/wiki/Software/AccountsService,debian,accountsservice,accountsservice,23.13.9-7,U1_TEMPLATE_VALUE_ONLY,/home/emrecan/github/ecylmz/unittrace/artifacts/full/roots/sources/debian/accountsservice/23.13.9-7/accountsservice-23.13.9/data/accounts-daemon.service.in,23.13.9-7,626c2beb0d457d5e8d9d644f1740e4f046859421a30d84bd5087b4fa4b1e8314,0,,NOT_APPLICABLE,exact basename or unique executable source mapping
https://www.freedesktop.org/wiki/Software/AccountsService::accounts-daemon,https://www.freedesktop.org/wiki/Software/AccountsService,fedora,accountsservice,accountsservice,accountsservice-23.13.9-16.fc44.src.rpm,U1_TEMPLATE_VALUE_ONLY,/home/emrecan/github/ecylmz/unittrace/artifacts/full/roots/sources/fedora/accountsservice/accountsservice-23.13.9-16.fc44.src.rpm/accountsservice-23.13.9/data/accounts-daemon.service.in,accountsservice-23.13.9-16.fc44.src.rpm,626c2beb0d457d5e8d9d644f1740e4f046859421a30d84bd5087b4fa4b1e8314,0,,NOT_APPLICABLE,exact basename or unique executable source mapping
https://www.freedesktop.org/wiki/Software/AccountsService::accounts-daemon,https://www.freedesktop.org/wiki/Software/AccountsService,ubuntu,accountsservice,accountsservice,23.13.9-8ubuntu5,U1_TEMPLATE_VALUE_ONLY,/home/emrecan/github/ecylmz/unittrace/artifacts/full/roots/sources/ubuntu/accountsservice/23.13.9-8ubuntu5/accountsservice-23.13.9/data/accounts-daemon.service.in,23.13.9-8ubuntu5,626c2beb0d457d5e8d9d644f1740e4f046859421a30d84bd5087b4fa4b1e8314,0,,NOT_APPLICABLE,exact basename or unique executable source mapping
https://www.freedesktop.org/wiki/Software/ModemManager::ModemManager,https://www.freedesktop.org/wiki/Software/ModemManager,arch,modemmanager,modemmanager,1.24.2-1,U1_TEMPLATE_VALUE_ONLY,/home/emrecan/github/ecylmz/unittrace/artifacts/full/roots/sources/arch/modemmanager/1.24.2-1/ModemManager-f2b9ab1ad78d322f32134a444b5b54c6e8160e19/data/ModemManager.service.in,1.24.2-1,667161714329b9f9b7145b36f68e6a1ca99ba4edc8f87fb14a99c87f79bc3f90,0,,NOT_APPLICABLE,exact basename or unique executable source mapping
https://www.freedesktop.org/wiki/Software/ModemManager::ModemManager,https://www.freedesktop.org/wiki/Software/ModemManager,debian,modemmanager,modemmanager,1.24.0-1+deb13u1,U1_TEMPLATE_VALUE_ONLY,/home/emrecan/github/ecylmz/unittrace/artifacts/full/roots/sources/debian/modemmanager/1.24.0-1+deb13u1/modemmanager-1.24.0/data/ModemManager.service.in,1.24.0-1+deb13u1,667161714329b9f9b7145b36f68e6a1ca99ba4edc8f87fb14a99c87f79bc3f90,0,,NOT_APPLICABLE,exact basename or unique executable source mapping
https://www.freedesktop.org/wiki/Software/ModemManager::ModemManager,https://www.freedesktop.org/wiki/Software/ModemManager,ubuntu,modemmanager,modemmanager,1.25.95-1ubuntu1,U1_TEMPLATE_VALUE_ONLY,/home/emrecan/github/ecylmz/unittrace/artifacts/full/roots/sources/ubuntu/modemmanager/1.25.95-1ubuntu1/modemmanager-1.25.95/data/ModemManager.service.in,1.25.95-1ubuntu1,667161714329b9f9b7145b36f68e6a1ca99ba4edc8f87fb14a99c87f79bc3f90,0,,NOT_APPLICABLE,exact basename or unique executable source mapping
https://www.freedesktop.org/wiki/Software/Plymouth::systemd-tty-ask-password-agent,https://www.freedesktop.org/wiki/Software/Plymouth,arch,plymouth,plymouth,26.134.222-2,U1_TEMPLATE_VALUE_ONLY,/home/emrecan/github/ecylmz/unittrace/artifacts/full/roots/sources/arch/plymouth/26.134.222-2/plymouth-d15928a8e06c217aad0f2e3579df23fec93dc009/systemd-units/systemd-ask-password-plymouth.service.in,26.134.222-2,0856b84865929a0ea157cecc3b995d49cf463c5437d6f9c1be36e664a3388ac6,0,,NOT_APPLICABLE,exact basename or unique executable source mapping
https://www.freedesktop.org/wiki/Software/Plymouth::systemd-tty-ask-password-agent,https://www.freedesktop.org/wiki/Software/Plymouth,debian,plymouth,plymouth,24.004.60-5,U1_TEMPLATE_VALUE_ONLY,/home/emrecan/github/ecylmz/unittrace/artifacts/full/roots/sources/debian/plymouth/24.004.60-5/plymouth-24.004.60/systemd-units/systemd-ask-password-plymouth.service.in,24.004.60-5,0856b84865929a0ea157cecc3b995d49cf463c5437d6f9c1be36e664a3388ac6,0,,NOT_APPLICABLE,exact basename or unique executable source mapping
https://www.freedesktop.org/wiki/Software/Plymouth::systemd-tty-ask-password-agent,https://www.freedesktop.org/wiki/Software/Plymouth,fedora,plymouth,plymouth,plymouth-24.004.60-24.fc44.src.rpm,U1_TEMPLATE_VALUE_ONLY,/home/emrecan/github/ecylmz/unittrace/artifacts/full/roots/sources/fedora/plymouth/plymouth-24.004.60-24.fc44.src.rpm/plymouth-24.004.60/systemd-units/systemd-ask-password-plymouth.service.in,plymouth-24.004.60-24.fc44.src.rpm,0856b84865929a0ea157cecc3b995d49cf463c5437d6f9c1be36e664a3388ac6,0,,NOT_APPLICABLE,exact basename or unique executable source mapping
https://www.freedesktop.org/wiki/Software/Plymouth::systemd-tty-ask-password-agent,https://www.freedesktop.org/wiki/Software/Plymouth,ubuntu,plymouth,plymouth,24.004.60+git20250831.4a3c171d-0ubuntu8,U1_TEMPLATE_VALUE_ONLY,/home/emrecan/github/ecylmz/unittrace/artifacts/full/roots/sources/ubuntu/plymouth/24.004.60+git20250831.4a3c171d-0ubuntu8/plymouth-24.004.60+git20250831.4a3c171d/systemd-units/systemd-ask-password-plymouth.service.in,24.004.60+git20250831.4a3c171d-0ubuntu8,0856b84865929a0ea157cecc3b995d49cf463c5437d6f9c1be36e664a3388ac6,0,,NOT_APPLICABLE,exact basename or unique executable source mapping
https://www.freedesktop.org/wiki/Software/dbus::dbus-daemon,https://www.freedesktop.org/wiki/Software/dbus,arch,dbus-daemon-units,dbus,1.16.2-1,U5_AMBIGUOUS_OR_UNRESOLVED,,1.16.2-1,,0,,NOT_ATTEMPTED,ambiguous exact artifacts=2
https://www.freedesktop.org/wiki/Software/dbus::dbus-daemon,https://www.freedesktop.org/wiki/Software/dbus,fedora,dbus-daemon,dbus,dbus-1.16.2-1.fc44.src.rpm,U5_AMBIGUOUS_OR_UNRESOLVED,,dbus-1.16.2-1.fc44.src.rpm,,0,,NOT_ATTEMPTED,"no unique upstream artifact; candidates=28, executable_candidates=2"
https://www.freedesktop.org/wiki/Software/fprint/fprintd::fprintd,https://www.freedesktop.org/wiki/Software/fprint/fprintd,debian,fprintd,fprintd,1.94.5-2,U1_TEMPLATE_VALUE_ONLY,/home/emrecan/github/ecylmz/unittrace/artifacts/full/roots/sources/debian/fprintd/1.94.5-2/fprintd-v1.94.5/data/fprintd.service.in,1.94.5-2,57326c91f9f940dffbf1c546dbf131d908d0283f8d289126a37c5c412a039d98,0,,NOT_APPLICABLE,exact basename or unique executable source mapping
https://www.freedesktop.org/wiki/Software/fprint/fprintd::fprintd,https://www.freedesktop.org/wiki/Software/fprint/fprintd,fedora,fprintd,fprintd,fprintd-1.94.5-5.fc44.src.rpm,U1_TEMPLATE_VALUE_ONLY,/home/emrecan/github/ecylmz/unittrace/artifacts/full/roots/sources/fedora/fprintd/fprintd-1.94.5-5.fc44.src.rpm/fprintd-v1.94.5/data/fprintd.service.in,fprintd-1.94.5-5.fc44.src.rpm,57326c91f9f940dffbf1c546dbf131d908d0283f8d289126a37c5c412a039d98,0,,NOT_APPLICABLE,exact basename or unique executable source mapping
https://www.freedesktop.org/wiki/Software/fprint/fprintd::fprintd,https://www.freedesktop.org/wiki/Software/fprint/fprintd,ubuntu,fprintd,fprintd,1.94.5-4,U1_TEMPLATE_VALUE_ONLY,/home/emrecan/github/ecylmz/unittrace/artifacts/full/roots/sources/ubuntu/fprintd/1.94.5-4/fprintd-v1.94.5/data/fprintd.service.in,1.94.5-4,57326c91f9f940dffbf1c546dbf131d908d0283f8d289126a37c5c412a039d98,0,,NOT_APPLICABLE,exact basename or unique executable source mapping
https://www.freedesktop.org/wiki/Software/udisks::udisksd,https://www.freedesktop.org/wiki/Software/udisks,arch,udisks2,udisks2,2.11.2-1,U1_TEMPLATE_VALUE_ONLY,/home/emrecan/github/ecylmz/unittrace/artifacts/full/roots/sources/arch/udisks2/2.11.2-1/udisks-caffebe56d8208365cf0d62e0d05d31260d91156/data/udisks2.service.in,2.11.2-1,0767894a561486b81941a6e73dc47bece21fe4812ad1fb2738dea06cd37b36aa,0,,NOT_APPLICABLE,exact basename or unique executable source mapping
https://www.freedesktop.org/wiki/Software/udisks::udisksd,https://www.freedesktop.org/wiki/Software/udisks,debian,udisks2,udisks2,2.10.1-12.1+deb13u1,U1_TEMPLATE_VALUE_ONLY,/home/emrecan/github/ecylmz/unittrace/artifacts/full/roots/sources/debian/udisks2/2.10.1-12.1+deb13u1/udisks-2.10.1/data/udisks2.service.in,2.10.1-12.1+deb13u1,0767894a561486b81941a6e73dc47bece21fe4812ad1fb2738dea06cd37b36aa,0,,NOT_APPLICABLE,exact basename or unique executable source mapping
https://www.freedesktop.org/wiki/Software/udisks::udisksd,https://www.freedesktop.org/wiki/Software/udisks,ubuntu,udisks2,udisks2,2.10.91-1ubuntu2,U1_TEMPLATE_VALUE_ONLY,/home/emrecan/github/ecylmz/unittrace/artifacts/full/roots/sources/ubuntu/udisks2/2.10.91-1ubuntu2/udisks-2.10.91/data/udisks2.service.in,2.10.91-1ubuntu2,0767894a561486b81941a6e73dc47bece21fe4812ad1fb2738dea06cd37b36aa,0,,NOT_APPLICABLE,exact basename or unique executable source mapping
https://www.freeipa.org::ipa-epn,https://www.freeipa.org,debian,freeipa-client-epn,freeipa,4.12.4-1,U1_TEMPLATE_VALUE_ONLY,/home/emrecan/github/ecylmz/unittrace/artifacts/full/roots/sources/debian/freeipa/4.12.4-1/freeipa-4.12.4/client/systemd/ipa-epn.service.in,4.12.4-1,274867c03886a34116705cd6833043c087d18f1405311821a290a644a453cf25,0,,NOT_APPLICABLE,exact basename or unique executable source mapping
https://www.freeipa.org::ipa-epn,https://www.freeipa.org,fedora,freeipa-client-epn,freeipa,freeipa-4.13.2-1.fc44.src.rpm,U1_TEMPLATE_VALUE_ONLY,/home/emrecan/github/ecylmz/unittrace/artifacts/full/roots/sources/fedora/freeipa/freeipa-4.13.2-1.fc44.src.rpm/freeipa-4.13.2/client/systemd/ipa-epn.service.in,freeipa-4.13.2-1.fc44.src.rpm,274867c03886a34116705cd6833043c087d18f1405311821a290a644a453cf25,0,,NOT_APPLICABLE,exact basename or unique executable source mapping
https://www.freeipa.org::ipa-epn,https://www.freeipa.org,ubuntu,freeipa-client-epn,freeipa,4.13.1-1,U1_TEMPLATE_VALUE_ONLY,/home/emrecan/github/ecylmz/unittrace/artifacts/full/roots/sources/ubuntu/freeipa/4.13.1-1/freeipa-4.13.1/client/systemd/ipa-epn.service.in,4.13.1-1,274867c03886a34116705cd6833043c087d18f1405311821a290a644a453cf25,0,,NOT_APPLICABLE,exact basename or unique executable source mapping
https://www.freeradius.org::freeradius,https://www.freeradius.org,debian,freeradius,freeradius,3.2.7+dfsg-1+deb13u2,U1_TEMPLATE_VALUE_ONLY,/home/emrecan/github/ecylmz/unittrace/artifacts/full/roots/sources/debian/freeradius/3.2.7+dfsg-1+deb13u2/freeradius-server-3.2.7/redhat/radiusd.service,3.2.7+dfsg-1+deb13u2,1d21f9e235f58708d2239e29a5ef52697dce73d95f344490ad0060a9b7c2ccda,0,,NOT_APPLICABLE,exact basename or unique executable source mapping
https://www.freeradius.org::freeradius,https://www.freeradius.org,ubuntu,freeradius,freeradius,3.2.8+dfsg-1ubuntu2,U1_TEMPLATE_VALUE_ONLY,/home/emrecan/github/ecylmz/unittrace/artifacts/full/roots/sources/ubuntu/freeradius/3.2.8+dfsg-1ubuntu2/freeradius-server-3.2.8/redhat/radiusd.service,3.2.8+dfsg-1ubuntu2,1d21f9e235f58708d2239e29a5ef52697dce73d95f344490ad0060a9b7c2ccda,0,,NOT_APPLICABLE,exact basename or unique executable source mapping
https://www.frrouting.org::frrinit.sh,https://www.frrouting.org,debian,frr,frr,10.3-3+deb13u1,U1_TEMPLATE_VALUE_ONLY,/home/emrecan/github/ecylmz/unittrace/artifacts/full/roots/sources/debian/frr/10.3-3+deb13u1/frr-10.3/tools/frr.service.in,10.3-3+deb13u1,c6dfa2116aa666f46cb027a2b5f56ef86052f552fcde3d964836ba92da6735d2,0,,NOT_APPLICABLE,exact basename or unique executable source mapping
https://www.frrouting.org::frrinit.sh,https://www.frrouting.org,fedora,frr,frr,frr-10.6.1-1.fc44.src.rpm,U1_TEMPLATE_VALUE_ONLY,/home/emrecan/github/ecylmz/unittrace/artifacts/full/roots/sources/fedora/frr/frr-10.6.1-1.fc44.src.rpm/frr-10.6.1/tools/frr.service.in,frr-10.6.1-1.fc44.src.rpm,dfdc24580b2935dd53341b128c0bfd8a5d11ae06a8567d5ca04ae78811e02b07,0,,NOT_APPLICABLE,exact basename or unique executable source mapping
https://www.gluster.org::glusterd,https://www.gluster.org,arch,glusterfs,glusterfs,1:11.2-2,U1_TEMPLATE_VALUE_ONLY,/home/emrecan/github/ecylmz/unittrace/artifacts/full/roots/sources/arch/glusterfs/1:11.2-2/glusterfs-11.2/extras/systemd/glusterd.service.in,1:11.2-2,7e2f5734ef8fe05136b3d251df172349a7e26089e28799271468eb0d11cbb60c,0,,NOT_APPLICABLE,exact basename or unique executable source mapping
https://www.gluster.org::glusterd,https://www.gluster.org,debian,glusterfs-server,glusterfs,11.1-6,U1_TEMPLATE_VALUE_ONLY,/home/emrecan/github/ecylmz/unittrace/artifacts/full/roots/sources/debian/glusterfs/11.1-6/glusterfs-11.1/extras/systemd/glusterd.service.in,11.1-6,7e2f5734ef8fe05136b3d251df172349a7e26089e28799271468eb0d11cbb60c,0,,NOT_APPLICABLE,exact basename or unique executable source mapping
https://www.gluster.org::glusterd,https://www.gluster.org,ubuntu,glusterfs-server,glusterfs,11.2-2,U1_TEMPLATE_VALUE_ONLY,/home/emrecan/github/ecylmz/unittrace/artifacts/full/roots/sources/ubuntu/glusterfs/11.2-2/glusterfs-11.2/extras/systemd/glusterd.service.in,11.2-2,7e2f5734ef8fe05136b3d251df172349a7e26089e28799271468eb0d11cbb60c,0,,NOT_APPLICABLE,exact basename or unique executable source mapping
https://www.gluster.org::glustereventsd,https://www.gluster.org,arch,glusterfs,glusterfs,1:11.2-2,U1_TEMPLATE_VALUE_ONLY,/home/emrecan/github/ecylmz/unittrace/artifacts/full/roots/sources/arch/glusterfs/1:11.2-2/glusterfs-11.2/extras/systemd/glustereventsd.service.in,1:11.2-2,2653ae87686e60fea2ea8fe58e85e153115d5aced71874660a367f5096cc4ea2,0,,NOT_APPLICABLE,exact basename or unique executable source mapping
https://www.gluster.org::glustereventsd,https://www.gluster.org,debian,glusterfs-server,glusterfs,11.1-6,U1_TEMPLATE_VALUE_ONLY,/home/emrecan/github/ecylmz/unittrace/artifacts/full/roots/sources/debian/glusterfs/11.1-6/glusterfs-11.1/extras/systemd/glustereventsd.service.in,11.1-6,2653ae87686e60fea2ea8fe58e85e153115d5aced71874660a367f5096cc4ea2,0,,NOT_APPLICABLE,exact basename or unique executable source mapping
https://www.gluster.org::glustereventsd,https://www.gluster.org,ubuntu,glusterfs-server,glusterfs,11.2-2,U1_TEMPLATE_VALUE_ONLY,/home/emrecan/github/ecylmz/unittrace/artifacts/full/roots/sources/ubuntu/glusterfs/11.2-2/glusterfs-11.2/extras/systemd/glustereventsd.service.in,11.2-2,2653ae87686e60fea2ea8fe58e85e153115d5aced71874660a367f5096cc4ea2,0,,NOT_APPLICABLE,exact basename or unique executable source mapping
https://www.gluster.org::glusterfsd,https://www.gluster.org,arch,glusterfs,glusterfs,1:11.2-2,U1_TEMPLATE_VALUE_ONLY,/home/emrecan/github/ecylmz/unittrace/artifacts/full/roots/sources/arch/glusterfs/1:11.2-2/glusterfs-11.2/extras/systemd/gluster-ta-volume.service.in,1:11.2-2,754b29c9d9526a075e81e568451a5f71bb76138a1e186774b938d81db884eeeb,0,,NOT_APPLICABLE,exact basename or unique executable source mapping
https://www.gluster.org::glusterfsd,https://www.gluster.org,debian,glusterfs-server,glusterfs,11.1-6,U1_TEMPLATE_VALUE_ONLY,/home/emrecan/github/ecylmz/unittrace/artifacts/full/roots/sources/debian/glusterfs/11.1-6/glusterfs-11.1/extras/systemd/gluster-ta-volume.service.in,11.1-6,754b29c9d9526a075e81e568451a5f71bb76138a1e186774b938d81db884eeeb,0,,NOT_APPLICABLE,exact basename or unique executable source mapping
https://www.gluster.org::glusterfsd,https://www.gluster.org,ubuntu,glusterfs-server,glusterfs,11.2-2,U1_TEMPLATE_VALUE_ONLY,/home/emrecan/github/ecylmz/unittrace/artifacts/full/roots/sources/ubuntu/glusterfs/11.2-2/glusterfs-11.2/extras/systemd/gluster-ta-volume.service.in,11.2-2,754b29c9d9526a075e81e568451a5f71bb76138a1e186774b938d81db884eeeb,0,,NOT_APPLICABLE,exact basename or unique executable source mapping
https://www.gluster.org::mount-shared-storage.sh,https://www.gluster.org,arch,glusterfs,glusterfs,1:11.2-2,U1_TEMPLATE_VALUE_ONLY,/home/emrecan/github/ecylmz/unittrace/artifacts/full/roots/sources/arch/glusterfs/1:11.2-2/glusterfs-11.2/extras/systemd/glusterfssharedstorage.service.in,1:11.2-2,ac6227a4b581be14fb92bb2c7c07dd42631fd65536100ec235cf864647eeaa96,0,,NOT_APPLICABLE,exact basename or unique executable source mapping
https://www.gluster.org::mount-shared-storage.sh,https://www.gluster.org,debian,glusterfs-server,glusterfs,11.1-6,U1_TEMPLATE_VALUE_ONLY,/home/emrecan/github/ecylmz/unittrace/artifacts/full/roots/sources/debian/glusterfs/11.1-6/glusterfs-11.1/extras/systemd/glusterfssharedstorage.service.in,11.1-6,ac6227a4b581be14fb92bb2c7c07dd42631fd65536100ec235cf864647eeaa96,0,,NOT_APPLICABLE,exact basename or unique executable source mapping
https://www.gluster.org::mount-shared-storage.sh,https://www.gluster.org,ubuntu,glusterfs-server,glusterfs,11.2-2,U1_TEMPLATE_VALUE_ONLY,/home/emrecan/github/ecylmz/unittrace/artifacts/full/roots/sources/ubuntu/glusterfs/11.2-2/glusterfs-11.2/extras/systemd/glusterfssharedstorage.service.in,11.2-2,ac6227a4b581be14fb92bb2c7c07dd42631fd65536100ec235cf864647eeaa96,0,,NOT_APPLICABLE,exact basename or unique executable source mapping
https://www.gnu.org/software/acct::accton,https://www.gnu.org/software/acct,debian,acct,acct,6.6.4-8,U4_NO_UPSTREAM_STATIC_OR_TEMPLATE_UNIT,,6.6.4-8,,0,,NOT_APPLICABLE,complete pristine orig-tar inventory contained no service unit or template
https://www.gnu.org/software/acct::accton,https://www.gnu.org/software/acct,fedora,psacct,psacct,psacct-6.6.4-26.fc44.src.rpm,U4_NO_UPSTREAM_STATIC_OR_TEMPLATE_UNIT,,psacct-6.6.4-26.fc44.src.rpm,,0,,NOT_APPLICABLE,complete pristine orig-tar inventory contained no service unit or template
https://www.gnu.org/software/acct::accton,https://www.gnu.org/software/acct,ubuntu,acct,acct,6.6.4-10build1,U4_NO_UPSTREAM_STATIC_OR_TEMPLATE_UNIT,,6.6.4-10build1,,0,,NOT_APPLICABLE,complete pristine orig-tar inventory contained no service unit or template
https://www.gnu.org/software/freeipmi::bmc-watchdog,https://www.gnu.org/software/freeipmi,arch,freeipmi,freeipmi,1.6.18-1,U5_AMBIGUOUS_OR_UNRESOLVED,,1.6.18-1,,0,,NOT_ATTEMPTED,ambiguous exact artifacts=2
https://www.gnu.org/software/freeipmi::bmc-watchdog,https://www.gnu.org/software/freeipmi,debian,freeipmi-bmc-watchdog,freeipmi,1.6.15-1,U5_AMBIGUOUS_OR_UNRESOLVED,,1.6.15-1,,0,,NOT_ATTEMPTED,ambiguous exact artifacts=2
https://www.gnu.org/software/freeipmi::bmc-watchdog,https://www.gnu.org/software/freeipmi,fedora,freeipmi-bmc-watchdog,freeipmi,freeipmi-1.6.15-5.fc44.src.rpm,U5_AMBIGUOUS_OR_UNRESOLVED,,freeipmi-1.6.15-5.fc44.src.rpm,,0,,NOT_ATTEMPTED,ambiguous exact artifacts=2
https://www.gnu.org/software/freeipmi::bmc-watchdog,https://www.gnu.org/software/freeipmi,ubuntu,freeipmi-bmc-watchdog,freeipmi,1.6.16-1,U5_AMBIGUOUS_OR_UNRESOLVED,,1.6.16-1,,0,,NOT_ATTEMPTED,ambiguous exact artifacts=2
https://www.gnu.org/software/freeipmi::ipmidetectd,https://www.gnu.org/software/freeipmi,arch,freeipmi,freeipmi,1.6.18-1,U5_AMBIGUOUS_OR_UNRESOLVED,,1.6.18-1,,0,,NOT_ATTEMPTED,ambiguous exact artifacts=2
https://www.gnu.org/software/freeipmi::ipmidetectd,https://www.gnu.org/software/freeipmi,debian,freeipmi-ipmidetect,freeipmi,1.6.15-1,U5_AMBIGUOUS_OR_UNRESOLVED,,1.6.15-1,,0,,NOT_ATTEMPTED,ambiguous exact artifacts=2
https://www.gnu.org/software/freeipmi::ipmidetectd,https://www.gnu.org/software/freeipmi,fedora,freeipmi-ipmidetectd,freeipmi,freeipmi-1.6.15-5.fc44.src.rpm,U5_AMBIGUOUS_OR_UNRESOLVED,,freeipmi-1.6.15-5.fc44.src.rpm,,0,,NOT_ATTEMPTED,ambiguous exact artifacts=2
https://www.gnu.org/software/freeipmi::ipmidetectd,https://www.gnu.org/software/freeipmi,ubuntu,freeipmi-ipmidetect,freeipmi,1.6.16-1,U5_AMBIGUOUS_OR_UNRESOLVED,,1.6.16-1,,0,,NOT_ATTEMPTED,ambiguous exact artifacts=2
https://www.gnu.org/software/freeipmi::ipmiseld,https://www.gnu.org/software/freeipmi,arch,freeipmi,freeipmi,1.6.18-1,U5_AMBIGUOUS_OR_UNRESOLVED,,1.6.18-1,,0,,NOT_ATTEMPTED,ambiguous exact artifacts=2
https://www.gnu.org/software/freeipmi::ipmiseld,https://www.gnu.org/software/freeipmi,debian,freeipmi-ipmiseld,freeipmi,1.6.15-1,U5_AMBIGUOUS_OR_UNRESOLVED,,1.6.15-1,,0,,NOT_ATTEMPTED,ambiguous exact artifacts=2
https://www.gnu.org/software/freeipmi::ipmiseld,https://www.gnu.org/software/freeipmi,fedora,freeipmi-ipmiseld,freeipmi,freeipmi-1.6.15-5.fc44.src.rpm,U5_AMBIGUOUS_OR_UNRESOLVED,,freeipmi-1.6.15-5.fc44.src.rpm,,0,,NOT_ATTEMPTED,ambiguous exact artifacts=2
https://www.gnu.org/software/freeipmi::ipmiseld,https://www.gnu.org/software/freeipmi,ubuntu,freeipmi-ipmiseld,freeipmi,1.6.16-1,U5_AMBIGUOUS_OR_UNRESOLVED,,1.6.16-1,,0,,NOT_ATTEMPTED,ambiguous exact artifacts=2
https://www.gnu.org/software/inetutils::inetutils-inetd,https://www.gnu.org/software/inetutils,debian,inetutils-inetd,inetutils,2:2.6-3+deb13u3,U4_NO_UPSTREAM_STATIC_OR_TEMPLATE_UNIT,,2:2.6-3+deb13u3,,0,,NOT_APPLICABLE,complete pristine orig-tar inventory contained no service unit or template
https://www.gnu.org/software/inetutils::inetutils-inetd,https://www.gnu.org/software/inetutils,ubuntu,inetutils-inetd,inetutils,2:2.7-2ubuntu1,U4_NO_UPSTREAM_STATIC_OR_TEMPLATE_UNIT,,2:2.7-2ubuntu1,,0,,NOT_APPLICABLE,complete pristine orig-tar inventory contained no service unit or template
https://www.gnu.org/software/inetutils::syslogd,https://www.gnu.org/software/inetutils,debian,inetutils-syslogd,inetutils,2:2.6-3+deb13u3,U4_NO_UPSTREAM_STATIC_OR_TEMPLATE_UNIT,,2:2.6-3+deb13u3,,0,,NOT_APPLICABLE,complete pristine orig-tar inventory contained no service unit or template
https://www.gnu.org/software/inetutils::syslogd,https://www.gnu.org/software/inetutils,ubuntu,inetutils-syslogd,inetutils,2:2.7-2ubuntu1,U4_NO_UPSTREAM_STATIC_OR_TEMPLATE_UNIT,,2:2.7-2ubuntu1,,0,,NOT_APPLICABLE,complete pristine orig-tar inventory contained no service unit or template
https://www.haproxy.org::haproxy,https://www.haproxy.org,arch,haproxy,haproxy,3.4.3-1,U5_AMBIGUOUS_OR_UNRESOLVED,,3.4.3-1,,0,,NOT_ATTEMPTED,pristine source unavailable
https://www.haproxy.org::haproxy,https://www.haproxy.org,debian,haproxy,haproxy,3.0.11-1+deb13u3,U1_TEMPLATE_VALUE_ONLY,/home/emrecan/github/ecylmz/unittrace/artifacts/full/roots/sources/debian/haproxy/3.0.11-1+deb13u3/haproxy-3.0.11/admin/systemd/haproxy.service.in,3.0.11-1+deb13u3,8f5eac681489dc4eb5be31a368ea025020832b9207009a7f9fff11eeb7163d27,0,,NOT_APPLICABLE,exact basename or unique executable source mapping
https://www.haproxy.org::haproxy,https://www.haproxy.org,fedora,haproxy,haproxy,haproxy-3.0.23-1.fc44.src.rpm,U1_TEMPLATE_VALUE_ONLY,/home/emrecan/github/ecylmz/unittrace/artifacts/full/roots/sources/fedora/haproxy/haproxy-3.0.23-1.fc44.src.rpm/haproxy-3.0.23/admin/systemd/haproxy.service.in,haproxy-3.0.23-1.fc44.src.rpm,8f5eac681489dc4eb5be31a368ea025020832b9207009a7f9fff11eeb7163d27,0,,NOT_APPLICABLE,exact basename or unique executable source mapping
https://www.haproxy.org::haproxy,https://www.haproxy.org,ubuntu,haproxy,haproxy,3.2.9-1ubuntu2,U1_TEMPLATE_VALUE_ONLY,/home/emrecan/github/ecylmz/unittrace/artifacts/full/roots/sources/ubuntu/haproxy/3.2.9-1ubuntu2/haproxy-3.2.9/admin/systemd/haproxy.service.in,3.2.9-1ubuntu2,8f5eac681489dc4eb5be31a368ea025020832b9207009a7f9fff11eeb7163d27,0,,NOT_APPLICABLE,exact basename or unique executable source mapping
https://www.imapproxy.org::imapproxyd,https://www.imapproxy.org,debian,imapproxy,up-imapproxy,1.2.8~svn20171105-2,U0_STATIC,/home/emrecan/github/ecylmz/unittrace/artifacts/full/roots/sources/debian/up-imapproxy/1.2.8~svn20171105-2/squirrelmail.imap_proxy/scripts/imap_proxy.service,1.2.8~svn20171105-2,0da38864c1207c7f5f7afcd6e7c3d09e52b5ea875fff3148bfebb1a98b012b59,0,,NOT_APPLICABLE,exact basename or unique executable source mapping
https://www.imapproxy.org::imapproxyd,https://www.imapproxy.org,ubuntu,imapproxy,up-imapproxy,1.2.8~svn20171105-2.1,U0_STATIC,/home/emrecan/github/ecylmz/unittrace/artifacts/full/roots/sources/ubuntu/up-imapproxy/1.2.8~svn20171105-2.1/squirrelmail.imap_proxy/scripts/imap_proxy.service,1.2.8~svn20171105-2.1,0da38864c1207c7f5f7afcd6e7c3d09e52b5ea875fff3148bfebb1a98b012b59,0,,NOT_APPLICABLE,exact basename or unique executable source mapping
https://www.inet.no/dante::sockd,https://www.inet.no/dante,arch,dante,dante,1.4.4-2,U1_TEMPLATE_VALUE_ONLY,/home/emrecan/github/ecylmz/unittrace/artifacts/full/roots/sources/arch/dante/1.4.4-2/dante-1.4.4/SPECS/dante.service,1.4.4-2,1e4d1b69f4f12f76d9f4ec83a850b4ebecff84fea88ae7407347d33d8c3586ab,0,,NOT_APPLICABLE,exact basename or unique executable source mapping
https://www.inet.no/dante::sockd,https://www.inet.no/dante,fedora,dante-server,dante,dante-1.4.4-10.fc44.src.rpm,U1_TEMPLATE_VALUE_ONLY,/home/emrecan/github/ecylmz/unittrace/artifacts/full/roots/sources/fedora/dante/dante-1.4.4-10.fc44.src.rpm/dante-1.4.4/SPECS/dante.service,dante-1.4.4-10.fc44.src.rpm,1e4d1b69f4f12f76d9f4ec83a850b4ebecff84fea88ae7407347d33d8c3586ab,0,,NOT_APPLICABLE,exact basename or unique executable source mapping
https://www.infradead.org/~dhowells/kafs::kafs-preload,https://www.infradead.org/~dhowells/kafs,debian,kafs-client,kafs-client,0.5-5,U0_STATIC,/home/emrecan/github/ecylmz/unittrace/artifacts/full/roots/sources/debian/kafs-client/0.5-5/conf/kafs-config.service,0.5-5,825d385c4c53dcf2cacc1b33fa601908d51ecc8e05978fe9053891d2d9bbc8fb,0,,NOT_APPLICABLE,exact basename or unique executable source mapping
https://www.infradead.org/~dhowells/kafs::kafs-preload,https://www.infradead.org/~dhowells/kafs,fedora,kafs-client,kafs-client,kafs-client-0.4-15.fc43.src.rpm,U0_STATIC,/home/emrecan/github/ecylmz/unittrace/artifacts/full/roots/sources/fedora/kafs-client/kafs-client-0.4-15.fc43.src.rpm/kafs-client-0.4/conf/kafs-config.service,kafs-client-0.4-15.fc43.src.rpm,825d385c4c53dcf2cacc1b33fa601908d51ecc8e05978fe9053891d2d9bbc8fb,0,,NOT_APPLICABLE,exact basename or unique executable source mapping
https://www.infradead.org/~dhowells/kafs::kafs-preload,https://www.infradead.org/~dhowells/kafs,ubuntu,kafs-client,kafs-client,0.5-5build1,U0_STATIC,/home/emrecan/github/ecylmz/unittrace/artifacts/full/roots/sources/ubuntu/kafs-client/0.5-5build1/conf/kafs-config.service,0.5-5build1,825d385c4c53dcf2cacc1b33fa601908d51ecc8e05978fe9053891d2d9bbc8fb,0,,NOT_APPLICABLE,exact basename or unique executable source mapping
https://www.isc.org/downloads/bind::sh,https://www.isc.org/downloads/bind,debian,bind9,bind9,1:9.20.23-1~deb13u1,U4_NO_UPSTREAM_STATIC_OR_TEMPLATE_UNIT,,1:9.20.23-1~deb13u1,,0,,NOT_APPLICABLE,complete pristine orig-tar inventory contained no service unit or template
https://www.isc.org/downloads/bind::sh,https://www.isc.org/downloads/bind,ubuntu,bind9,bind9,1:9.20.18-1ubuntu2,U4_NO_UPSTREAM_STATIC_OR_TEMPLATE_UNIT,,1:9.20.18-1ubuntu2,,0,,NOT_APPLICABLE,complete pristine orig-tar inventory contained no service unit or template
https://www.keepalived.org::keepalived,https://www.keepalived.org,arch,keepalived,keepalived,2.4.3-1,U1_TEMPLATE_VALUE_ONLY,/home/emrecan/github/ecylmz/unittrace/artifacts/full/roots/sources/arch/keepalived/2.4.3-1/keepalived-53701f5648fb457fce5c3417fd309f286fbd1335/keepalived/keepalived.service.in,2.4.3-1,d00659e333627a555fe61044066909cf31d7c64e1ea24ffaa28d6c5608f33f35,0,,NOT_APPLICABLE,exact basename or unique executable source mapping
https://www.keepalived.org::keepalived,https://www.keepalived.org,fedora,keepalived,keepalived,keepalived-2.2.8-10.fc44.src.rpm,U1_TEMPLATE_VALUE_ONLY,/home/emrecan/github/ecylmz/unittrace/artifacts/full/roots/sources/fedora/keepalived/keepalived-2.2.8-10.fc44.src.rpm/keepalived-2.2.8/keepalived/keepalived.service.in,keepalived-2.2.8-10.fc44.src.rpm,d00659e333627a555fe61044066909cf31d7c64e1ea24ffaa28d6c5608f33f35,0,,NOT_APPLICABLE,exact basename or unique executable source mapping
https://www.kernel.org::cpupower,https://www.kernel.org,arch,cpupower,linux-tools,7.1.7-1,U1_TEMPLATE_VALUE_ONLY,/home/emrecan/github/ecylmz/unittrace/artifacts/full/roots/sources/arch/linux-tools/7.1.7-1/linux-7.1.7/tools/power/cpupower/cpupower.service.in,7.1.7-1,a2d591bad86e999351d5c035a57f10949913b334375e79153039a85243c1e3ab,0,,NOT_APPLICABLE,exact basename or unique executable source mapping
https://www.kernel.org::cpupower,https://www.kernel.org,fedora,kernel-tools,kernel,kernel-7.1.7-200.fc44.src.rpm,U1_TEMPLATE_VALUE_ONLY,/home/emrecan/github/ecylmz/unittrace/artifacts/full/roots/sources/fedora/kernel/kernel-7.1.7-200.fc44.src.rpm/linux-7.1.7/tools/power/cpupower/cpupower.service.in,kernel-7.1.7-200.fc44.src.rpm,a2d591bad86e999351d5c035a57f10949913b334375e79153039a85243c1e3ab,0,,NOT_APPLICABLE,exact basename or unique executable source mapping
https://www.kernel.org::hv_kvp_daemon,https://www.kernel.org,arch,hyperv,linux-tools,7.1.7-1,U5_AMBIGUOUS_OR_UNRESOLVED,,7.1.7-1,,0,,NOT_ATTEMPTED,"no unique upstream artifact; candidates=2, executable_candidates=0"
https://www.kernel.org::hv_kvp_daemon,https://www.kernel.org,debian,hyperv-daemons,linux,6.12.94-1,U5_AMBIGUOUS_OR_UNRESOLVED,,6.12.94-1,,0,,NOT_ATTEMPTED,"no unique upstream artifact; candidates=1, executable_candidates=0"
https://www.kernel.org::hv_kvp_daemon,https://www.kernel.org,fedora,hypervkvpd,hyperv-daemons,hyperv-daemons-6.10-3.fc44.src.rpm,U4_NO_UPSTREAM_STATIC_OR_TEMPLATE_UNIT,,hyperv-daemons-6.10-3.fc44.src.rpm,,0,,NOT_APPLICABLE,complete pristine orig-tar inventory contained no service unit or template
https://www.kernel.org::hv_vss_daemon,https://www.kernel.org,arch,hyperv,linux-tools,7.1.7-1,U5_AMBIGUOUS_OR_UNRESOLVED,,7.1.7-1,,0,,NOT_ATTEMPTED,"no unique upstream artifact; candidates=2, executable_candidates=0"
https://www.kernel.org::hv_vss_daemon,https://www.kernel.org,debian,hyperv-daemons,linux,6.12.94-1,U5_AMBIGUOUS_OR_UNRESOLVED,,6.12.94-1,,0,,NOT_ATTEMPTED,"no unique upstream artifact; candidates=1, executable_candidates=0"
https://www.kernel.org::hv_vss_daemon,https://www.kernel.org,fedora,hypervvssd,hyperv-daemons,hyperv-daemons-6.10-3.fc44.src.rpm,U4_NO_UPSTREAM_STATIC_OR_TEMPLATE_UNIT,,hyperv-daemons-6.10-3.fc44.src.rpm,,0,,NOT_APPLICABLE,complete pristine orig-tar inventory contained no service unit or template
https://www.kernel.org::usbipd,https://www.kernel.org,arch,usbip,linux-tools,7.1.7-1,U5_AMBIGUOUS_OR_UNRESOLVED,,7.1.7-1,,0,,NOT_ATTEMPTED,"no unique upstream artifact; candidates=2, executable_candidates=0"
https://www.kernel.org::usbipd,https://www.kernel.org,fedora,usbip,usbip,usbip-5.7.9-14.fc44.src.rpm,U4_NO_UPSTREAM_STATIC_OR_TEMPLATE_UNIT,,usbip-5.7.9-14.fc44.src.rpm,,0,,NOT_APPLICABLE,complete pristine orig-tar inventory contained no service unit or template
https://www.knot-dns.cz::knotd,https://www.knot-dns.cz,arch,knot,knot,3.5.5-1,U5_AMBIGUOUS_OR_UNRESOLVED,,3.5.5-1,,0,,NOT_ATTEMPTED,ambiguous exact artifacts=3
https://www.knot-dns.cz::knotd,https://www.knot-dns.cz,debian,knot,knot,3.4.6-2,U5_AMBIGUOUS_OR_UNRESOLVED,,3.4.6-2,,0,,NOT_ATTEMPTED,ambiguous exact artifacts=3
https://www.knot-dns.cz::knotd,https://www.knot-dns.cz,fedora,knot,knot,knot-3.5.5-1.fc44.src.rpm,U5_AMBIGUOUS_OR_UNRESOLVED,,knot-3.5.5-1.fc44.src.rpm,,0,,NOT_ATTEMPTED,ambiguous exact artifacts=3
https://www.knot-dns.cz::knotd,https://www.knot-dns.cz,ubuntu,knot,knot,3.5.3-2,U5_AMBIGUOUS_OR_UNRESOLVED,,3.5.3-2,,0,,NOT_ATTEMPTED,ambiguous exact artifacts=3
https://www.knot-resolver.cz::knot-resolver,https://www.knot-resolver.cz,arch,knot-resolver,knot-resolver,6.4.0-1,U1_TEMPLATE_VALUE_ONLY,/home/emrecan/github/ecylmz/unittrace/artifacts/full/roots/sources/arch/knot-resolver/6.4.0-1/knot-resolver-a82679142b50f0d03a17c1a7353d8106abf5b806/systemd/knot-resolver.service.in,6.4.0-1,470fba994f1d0348534c309b57624ff13918616ed6c961d5f97a816fd8187cd5,0,,NOT_APPLICABLE,exact basename or unique executable source mapping
https://www.knot-resolver.cz::knot-resolver,https://www.knot-resolver.cz,ubuntu,knot-resolver6,knot-resolver,6.2.0-2,U1_TEMPLATE_VALUE_ONLY,/home/emrecan/github/ecylmz/unittrace/artifacts/full/roots/sources/ubuntu/knot-resolver/6.2.0-2/knot-resolver-6.2.0/systemd/knot-resolver.service.in,6.2.0-2,470fba994f1d0348534c309b57624ff13918616ed6c961d5f97a816fd8187cd5,0,,NOT_APPLICABLE,exact basename or unique executable source mapping
https://www.knot-resolver.cz::kres-cache-gc,https://www.knot-resolver.cz,debian,knot-resolver,knot-resolver,5.7.5-1,U1_TEMPLATE_VALUE_ONLY,/home/emrecan/github/ecylmz/unittrace/artifacts/full/roots/sources/debian/knot-resolver/5.7.5-1/knot-resolver-5.7.5/systemd/kres-cache-gc.service.in,5.7.5-1,ad0a16a54349bcd1693ac5d0f7099ede418571648467004f0ed31243351b2b1e,0,,NOT_APPLICABLE,exact basename or unique executable source mapping
https://www.knot-resolver.cz::kres-cache-gc,https://www.knot-resolver.cz,fedora,knot-resolver,knot-resolver,knot-resolver-5.7.6-3.fc44.src.rpm,U1_TEMPLATE_VALUE_ONLY,/home/emrecan/github/ecylmz/unittrace/artifacts/full/roots/sources/fedora/knot-resolver/knot-resolver-5.7.6-3.fc44.src.rpm/knot-resolver-5.7.6/systemd/kres-cache-gc.service.in,knot-resolver-5.7.6-3.fc44.src.rpm,ad0a16a54349bcd1693ac5d0f7099ede418571648467004f0ed31243351b2b1e,0,,NOT_APPLICABLE,exact basename or unique executable source mapping
https://www.lighttpd.net::upstream-unit::doc/systemd/lighttpd.service,https://www.lighttpd.net,arch,lighttpd,lighttpd,1.4.85-1,U5_AMBIGUOUS_OR_UNRESOLVED,,1.4.85-1,,0,,NOT_ATTEMPTED,ambiguous exact artifacts=2
https://www.lighttpd.net::upstream-unit::doc/systemd/lighttpd.service,https://www.lighttpd.net,debian,lighttpd,lighttpd,1.4.79-2,U5_AMBIGUOUS_OR_UNRESOLVED,,1.4.79-2,,0,,NOT_ATTEMPTED,ambiguous exact artifacts=2
https://www.lighttpd.net::upstream-unit::doc/systemd/lighttpd.service,https://www.lighttpd.net,fedora,lighttpd,lighttpd,lighttpd-1.4.85-1.fc44.src.rpm,U5_AMBIGUOUS_OR_UNRESOLVED,,lighttpd-1.4.85-1.fc44.src.rpm,,0,,NOT_ATTEMPTED,ambiguous exact artifacts=2
https://www.linux-pam.org::pam_namespace_helper,https://www.linux-pam.org,debian,libpam-modules-bin,pam,1.7.0-5,U1_TEMPLATE_VALUE_ONLY,/home/emrecan/github/ecylmz/unittrace/artifacts/full/roots/sources/debian/pam/1.7.0-5/Linux-PAM-1.7.0/modules/pam_namespace/pam_namespace.service.in,1.7.0-5,7648742ab50374845c21c89d59490d841373978d198a2cf6824dcbf6bff3eab5,0,,NOT_APPLICABLE,exact basename or unique executable source mapping
https://www.linux-pam.org::pam_namespace_helper,https://www.linux-pam.org,fedora,pam,pam,pam-1.7.2-2.fc44.src.rpm,U1_TEMPLATE_VALUE_ONLY,/home/emrecan/github/ecylmz/unittrace/artifacts/full/roots/sources/fedora/pam/pam-1.7.2-2.fc44.src.rpm/Linux-PAM-1.7.2/modules/pam_namespace/pam_namespace.service.in,pam-1.7.2-2.fc44.src.rpm,7648742ab50374845c21c89d59490d841373978d198a2cf6824dcbf6bff3eab5,0,,NOT_APPLICABLE,exact basename or unique executable source mapping
https://www.linux-pam.org::pam_namespace_helper,https://www.linux-pam.org,ubuntu,libpam-modules-bin,pam,1.7.0-5ubuntu3,U1_TEMPLATE_VALUE_ONLY,/home/emrecan/github/ecylmz/unittrace/artifacts/full/roots/sources/ubuntu/pam/1.7.0-5ubuntu3/Linux-PAM-1.7.0/modules/pam_namespace/pam_namespace.service.in,1.7.0-5ubuntu3,7648742ab50374845c21c89d59490d841373978d198a2cf6824dcbf6bff3eab5,0,,NOT_APPLICABLE,exact basename or unique executable source mapping
https://www.linuxptp.org::timemaster,https://www.linuxptp.org,fedora,linuxptp,linuxptp,linuxptp-4.4-10.fc44.src.rpm,U4_NO_UPSTREAM_STATIC_OR_TEMPLATE_UNIT,,linuxptp-4.4-10.fc44.src.rpm,,0,,NOT_APPLICABLE,complete pristine orig-tar inventory contained no service unit or template
https://www.linuxptp.org::timemaster,https://www.linuxptp.org,ubuntu,linuxptp,linuxptp,4.4-0ubuntu1,U4_NO_UPSTREAM_STATIC_OR_TEMPLATE_UNIT,,4.4-0ubuntu1,,0,,NOT_APPLICABLE,complete pristine orig-tar inventory contained no service unit or template
https://www.lirc.org::irexec,https://www.lirc.org,arch,lirc,lirc,1:0.10.2-6,U0_STATIC,/home/emrecan/github/ecylmz/unittrace/artifacts/full/roots/sources/arch/lirc/1:0.10.2-6/lirc-0.10.2/systemd/irexec.service,1:0.10.2-6,80503c69bc071a6ce86f2c859f9db76a0a83b442ce2f696d60ca709a317d5fd5,0,,NOT_APPLICABLE,exact basename or unique executable source mapping
https://www.lirc.org::irexec,https://www.lirc.org,fedora,lirc-core,lirc,lirc-0.10.2-5.fc44.src.rpm,U0_STATIC,/home/emrecan/github/ecylmz/unittrace/artifacts/full/roots/sources/fedora/lirc/lirc-0.10.2-5.fc44.src.rpm/lirc-0.10.2/systemd/irexec.service,lirc-0.10.2-5.fc44.src.rpm,80503c69bc071a6ce86f2c859f9db76a0a83b442ce2f696d60ca709a317d5fd5,0,,NOT_APPLICABLE,exact basename or unique executable source mapping
https://www.lirc.org::lircd,https://www.lirc.org,arch,lirc,lirc,1:0.10.2-6,U0_STATIC,/home/emrecan/github/ecylmz/unittrace/artifacts/full/roots/sources/arch/lirc/1:0.10.2-6/lirc-0.10.2/systemd/lircd.service,1:0.10.2-6,ffbca4e6052c3b95f3638e1ca6e950143aa04e8c9686a2aaa0fc171ff28eefa5,0,,NOT_APPLICABLE,exact basename or unique executable source mapping
https://www.lirc.org::lircd,https://www.lirc.org,fedora,lirc-core,lirc,lirc-0.10.2-5.fc44.src.rpm,U0_STATIC,/home/emrecan/github/ecylmz/unittrace/artifacts/full/roots/sources/fedora/lirc/lirc-0.10.2-5.fc44.src.rpm/lirc-0.10.2/systemd/lircd.service,lirc-0.10.2-5.fc44.src.rpm,ffbca4e6052c3b95f3638e1ca6e950143aa04e8c9686a2aaa0fc171ff28eefa5,0,,NOT_APPLICABLE,exact basename or unique executable source mapping
https://www.lirc.org::upstream-unit::systemd/lircd-setup.service,https://www.lirc.org,arch,lirc,lirc,1:0.10.2-6,U0_STATIC,/home/emrecan/github/ecylmz/unittrace/artifacts/full/roots/sources/arch/lirc/1:0.10.2-6/lirc-0.10.2/systemd/lircd-setup.service,1:0.10.2-6,4157db7d906d4055b9831784076882be8a75d6b9863e130557a705288b6a03c9,0,,NOT_APPLICABLE,exact basename or unique executable source mapping
https://www.lirc.org::upstream-unit::systemd/lircd-setup.service,https://www.lirc.org,fedora,lirc-core,lirc,lirc-0.10.2-5.fc44.src.rpm,U0_STATIC,/home/emrecan/github/ecylmz/unittrace/artifacts/full/roots/sources/fedora/lirc/lirc-0.10.2-5.fc44.src.rpm/lirc-0.10.2/systemd/lircd-setup.service,lirc-0.10.2-5.fc44.src.rpm,4157db7d906d4055b9831784076882be8a75d6b9863e130557a705288b6a03c9,0,,NOT_APPLICABLE,exact basename or unique executable source mapping
https://www.lirc.org::upstream-unit::systemd/lircd-uinput.service,https://www.lirc.org,arch,lirc,lirc,1:0.10.2-6,U0_STATIC,/home/emrecan/github/ecylmz/unittrace/artifacts/full/roots/sources/arch/lirc/1:0.10.2-6/lirc-0.10.2/systemd/lircd-uinput.service,1:0.10.2-6,2267900dbdc960acb5f599a04e2bf13f0b87226e61b3ffd35fc9724c2c7cb37e,0,,NOT_APPLICABLE,exact basename or unique executable source mapping
https://www.lirc.org::upstream-unit::systemd/lircd-uinput.service,https://www.lirc.org,fedora,lirc-core,lirc,lirc-0.10.2-5.fc44.src.rpm,U0_STATIC,/home/emrecan/github/ecylmz/unittrace/artifacts/full/roots/sources/fedora/lirc/lirc-0.10.2-5.fc44.src.rpm/lirc-0.10.2/systemd/lircd-uinput.service,lirc-0.10.2-5.fc44.src.rpm,2267900dbdc960acb5f599a04e2bf13f0b87226e61b3ffd35fc9724c2c7cb37e,0,,NOT_APPLICABLE,exact basename or unique executable source mapping
https://www.lirc.org::upstream-unit::systemd/lircmd.service,https://www.lirc.org,arch,lirc,lirc,1:0.10.2-6,U0_STATIC,/home/emrecan/github/ecylmz/unittrace/artifacts/full/roots/sources/arch/lirc/1:0.10.2-6/lirc-0.10.2/systemd/lircmd.service,1:0.10.2-6,06d6f9c3e09724ea014b0de0c5677773c80af33ba209c7d5c0285d079cb32ab8,0,,NOT_APPLICABLE,exact basename or unique executable source mapping
https://www.lirc.org::upstream-unit::systemd/lircmd.service,https://www.lirc.org,fedora,lirc-core,lirc,lirc-0.10.2-5.fc44.src.rpm,U0_STATIC,/home/emrecan/github/ecylmz/unittrace/artifacts/full/roots/sources/fedora/lirc/lirc-0.10.2-5.fc44.src.rpm/lirc-0.10.2/systemd/lircmd.service,lirc-0.10.2-5.fc44.src.rpm,06d6f9c3e09724ea014b0de0c5677773c80af33ba209c7d5c0285d079cb32ab8,0,,NOT_APPLICABLE,exact basename or unique executable source mapping
https://www.litech.org/radvd::radvd,https://www.litech.org/radvd,arch,radvd,radvd,2.21-1,U5_AMBIGUOUS_OR_UNRESOLVED,,2.21-1,,0,,NOT_ATTEMPTED,ambiguous exact artifacts=2
https://www.litech.org/radvd::radvd,https://www.litech.org/radvd,debian,radvd,radvd,1:2.20-1,U5_AMBIGUOUS_OR_UNRESOLVED,,1:2.20-1,,0,,NOT_ATTEMPTED,ambiguous exact artifacts=2
https://www.litech.org/radvd::radvd,https://www.litech.org/radvd,ubuntu,radvd,radvd,1:2.20-1build1,U5_AMBIGUOUS_OR_UNRESOLVED,,1:2.20-1build1,,0,,NOT_ATTEMPTED,ambiguous exact artifacts=2
https://www.luanti.org::luantiserver,https://www.luanti.org,debian,luanti-server,luanti,5.10.0+dfsg-5+deb13u1,U4_NO_UPSTREAM_STATIC_OR_TEMPLATE_UNIT,,5.10.0+dfsg-5+deb13u1,,0,,NOT_APPLICABLE,complete pristine orig-tar inventory contained no service unit or template
https://www.luanti.org::luantiserver,https://www.luanti.org,ubuntu,luanti-server,luanti,5.10.0+dfsg-5,U4_NO_UPSTREAM_STATIC_OR_TEMPLATE_UNIT,,5.10.0+dfsg-5,,0,,NOT_APPLICABLE,complete pristine orig-tar inventory contained no service unit or template
https://www.monitorix.org::monitorix,https://www.monitorix.org,fedora,monitorix,monitorix,monitorix-3.16.0-4.fc44.src.rpm,U1_TEMPLATE_VALUE_ONLY,/home/emrecan/github/ecylmz/unittrace/artifacts/full/roots/sources/fedora/monitorix/monitorix-3.16.0-4.fc44.src.rpm/monitorix-3.16.0/docs/monitorix.service,monitorix-3.16.0-4.fc44.src.rpm,b3719388e85c163b9fa09165009f6027866c9691baf46bb5fc79434d6f61055d,0,,NOT_APPLICABLE,exact basename or unique executable source mapping
https://www.monitorix.org::monitorix,https://www.monitorix.org,ubuntu,monitorix,monitorix,3.16.0-1build1,U1_TEMPLATE_VALUE_ONLY,/home/emrecan/github/ecylmz/unittrace/artifacts/full/roots/sources/ubuntu/monitorix/3.16.0-1build1/monitorix-3.16.0/docs/monitorix.service,3.16.0-1build1,b3719388e85c163b9fa09165009f6027866c9691baf46bb5fc79434d6f61055d,0,,NOT_APPLICABLE,exact basename or unique executable source mapping
https://www.msweet.org/lprint::lprint,https://www.msweet.org/lprint,arch,lprint,lprint,1.4.0-1,U1_TEMPLATE_VALUE_ONLY,/home/emrecan/github/ecylmz/unittrace/artifacts/full/roots/sources/arch/lprint/1.4.0-1/lprint-1.4.0/lprint.service.in,1.4.0-1,47d8d5ef0c24dfbeefcdc481ec09bd0116eb597135dbe844260bce20923947bd,0,,NOT_APPLICABLE,exact basename or unique executable source mapping
https://www.msweet.org/lprint::lprint,https://www.msweet.org/lprint,debian,lprint,lprint,1.3.1-1,U1_TEMPLATE_VALUE_ONLY,/home/emrecan/github/ecylmz/unittrace/artifacts/full/roots/sources/debian/lprint/1.3.1-1/lprint-1.3.1/lprint.service.in,1.3.1-1,ba30705914a15fc3da87bdb5ca9c8fc560496574694f6ec6f0a6db2e0201c7a7,0,,NOT_APPLICABLE,exact basename or unique executable source mapping
https://www.msweet.org/lprint::lprint,https://www.msweet.org/lprint,fedora,lprint,lprint,lprint-1.3.1-12.fc44.src.rpm,U1_TEMPLATE_VALUE_ONLY,/home/emrecan/github/ecylmz/unittrace/artifacts/full/roots/sources/fedora/lprint/lprint-1.3.1-12.fc44.src.rpm/lprint-1.3.1/lprint.service.in,lprint-1.3.1-12.fc44.src.rpm,ba30705914a15fc3da87bdb5ca9c8fc560496574694f6ec6f0a6db2e0201c7a7,0,,NOT_APPLICABLE,exact basename or unique executable source mapping
https://www.msweet.org/lprint::lprint,https://www.msweet.org/lprint,ubuntu,lprint,lprint,1.3.1-1build1,U1_TEMPLATE_VALUE_ONLY,/home/emrecan/github/ecylmz/unittrace/artifacts/full/roots/sources/ubuntu/lprint/1.3.1-1build1/lprint-1.3.1/lprint.service.in,1.3.1-1build1,ba30705914a15fc3da87bdb5ca9c8fc560496574694f6ec6f0a6db2e0201c7a7,0,,NOT_APPLICABLE,exact basename or unique executable source mapping
https://www.mumble.info::mumble-server,https://www.mumble.info,arch,mumble-server,mumble,1.5.915-1,U1_TEMPLATE_VALUE_ONLY,/home/emrecan/github/ecylmz/unittrace/artifacts/full/roots/sources/arch/mumble/1.5.915-1/mumble-1.5.915/auxiliary_files/config_files/mumble-server.service.in,1.5.915-1,e47a22b5122576645c0b946b2b54e26a6d8cdb43aeff2de47e38fe8c0d69802a,0,,NOT_APPLICABLE,exact basename or unique executable source mapping
https://www.mumble.info::mumble-server,https://www.mumble.info,debian,mumble-server,mumble,1.5.735-5+deb13u1,U1_TEMPLATE_VALUE_ONLY,/home/emrecan/github/ecylmz/unittrace/artifacts/full/roots/sources/debian/mumble/1.5.735-5+deb13u1/mumble-1.5.735/auxiliary_files/config_files/mumble-server.service.in,1.5.735-5+deb13u1,5f1e23b2d1ae6723c265c2e16c2a03dc77eb53286a48c53329f37e8e94bda9c4,0,,NOT_APPLICABLE,exact basename or unique executable source mapping
https://www.mumble.info::mumble-server,https://www.mumble.info,fedora,mumble-server,mumble,mumble-1.4.287-12.fc44.src.rpm,U0_STATIC,/home/emrecan/github/ecylmz/unittrace/artifacts/full/roots/sources/fedora/mumble/mumble-1.4.287-12.fc44.src.rpm/mumble-1.4.287.src/scripts/murmur.service,mumble-1.4.287-12.fc44.src.rpm,0094ef31779dadd1034c37161983fdb1e31ce1e363cfbb65d7fdab79e48e99e5,0,,NOT_APPLICABLE,exact basename or unique executable source mapping
https://www.mumble.info::mumble-server,https://www.mumble.info,ubuntu,mumble-server,mumble,1.5.735-8,U1_TEMPLATE_VALUE_ONLY,/home/emrecan/github/ecylmz/unittrace/artifacts/full/roots/sources/ubuntu/mumble/1.5.735-8/mumble-1.5.735/auxiliary_files/config_files/mumble-server.service.in,1.5.735-8,5f1e23b2d1ae6723c265c2e16c2a03dc77eb53286a48c53329f37e8e94bda9c4,0,,NOT_APPLICABLE,exact basename or unique executable source mapping
https://www.musicpd.org/clients/mpdscribble::mpdscribble,https://www.musicpd.org/clients/mpdscribble,arch,mpdscribble,mpdscribble,0.26-1,U5_AMBIGUOUS_OR_UNRESOLVED,,0.26-1,,0,,NOT_ATTEMPTED,ambiguous exact artifacts=2
https://www.musicpd.org/clients/mpdscribble::mpdscribble,https://www.musicpd.org/clients/mpdscribble,debian,mpdscribble,mpdscribble,0.25-2,U5_AMBIGUOUS_OR_UNRESOLVED,,0.25-2,,0,,NOT_ATTEMPTED,ambiguous exact artifacts=2
https://www.musicpd.org/clients/mpdscribble::mpdscribble,https://www.musicpd.org/clients/mpdscribble,fedora,mpdscribble,mpdscribble,mpdscribble-0.25-8.fc44.src.rpm,U5_AMBIGUOUS_OR_UNRESOLVED,,mpdscribble-0.25-8.fc44.src.rpm,,0,,NOT_ATTEMPTED,ambiguous exact artifacts=2
https://www.musicpd.org/clients/mpdscribble::mpdscribble,https://www.musicpd.org/clients/mpdscribble,ubuntu,mpdscribble,mpdscribble,0.25-2build3,U5_AMBIGUOUS_OR_UNRESOLVED,,0.25-2build3,,0,,NOT_ATTEMPTED,ambiguous exact artifacts=2
https://www.musicpd.org::mpd,https://www.musicpd.org,arch,mpd,mpd,0.24.13-3,U5_AMBIGUOUS_OR_UNRESOLVED,,0.24.13-3,,0,,NOT_ATTEMPTED,ambiguous exact artifacts=2
https://www.musicpd.org::mpd,https://www.musicpd.org,debian,mpd,mpd,0.24.4-1,U5_AMBIGUOUS_OR_UNRESOLVED,,0.24.4-1,,0,,NOT_ATTEMPTED,ambiguous exact artifacts=2
https://www.musicpd.org::mpd,https://www.musicpd.org,fedora,mpd,mpd,mpd-0.24.13-1.fc44.src.rpm,U5_AMBIGUOUS_OR_UNRESOLVED,,mpd-0.24.13-1.fc44.src.rpm,,0,,NOT_ATTEMPTED,ambiguous exact artifacts=2
https://www.musicpd.org::mpd,https://www.musicpd.org,ubuntu,mpd,mpd,0.24.6-1build3,U5_AMBIGUOUS_OR_UNRESOLVED,,0.24.6-1build3,,0,,NOT_ATTEMPTED,ambiguous exact artifacts=2
https://www.netfilter.org/projects/ulogd::ulogd,https://www.netfilter.org/projects/ulogd,arch,ulogd,ulogd,2.0.9-1,U5_AMBIGUOUS_OR_UNRESOLVED,,2.0.9-1,,0,,NOT_ATTEMPTED,pristine source unavailable
https://www.netfilter.org/projects/ulogd::ulogd,https://www.netfilter.org/projects/ulogd,debian,ulogd2,ulogd2,2.0.8-3,U4_NO_UPSTREAM_STATIC_OR_TEMPLATE_UNIT,,2.0.8-3,,0,,NOT_APPLICABLE,complete pristine orig-tar inventory contained no service unit or template
https://www.netfilter.org/projects/ulogd::ulogd,https://www.netfilter.org/projects/ulogd,ubuntu,ulogd2,ulogd2,2.0.9-1,U4_NO_UPSTREAM_STATIC_OR_TEMPLATE_UNIT,,2.0.9-1,,0,,NOT_APPLICABLE,complete pristine orig-tar inventory contained no service unit or template
https://www.nico.schottelius.org/software/gpm::gpm,https://www.nico.schottelius.org/software/gpm,arch,gpm,gpm,1.20.7.r38.ge82d1a6-6,U5_AMBIGUOUS_OR_UNRESOLVED,,1.20.7.r38.ge82d1a6-6,,0,,NOT_ATTEMPTED,pristine source unavailable
https://www.nico.schottelius.org/software/gpm::gpm,https://www.nico.schottelius.org/software/gpm,fedora,gpm,gpm,gpm-1.20.7-53.fc44.src.rpm,U4_NO_UPSTREAM_STATIC_OR_TEMPLATE_UNIT,,gpm-1.20.7-53.fc44.src.rpm,,0,,NOT_APPLICABLE,complete pristine orig-tar inventory contained no service unit or template
https://www.nlnetlabs.nl/nsd::nsd,https://www.nlnetlabs.nl/nsd,arch,nsd,nsd,4.15.0-1,U1_TEMPLATE_VALUE_ONLY,/home/emrecan/github/ecylmz/unittrace/artifacts/full/roots/sources/arch/nsd/4.15.0-1/nsd-4dd29b6aa7a2c858171523f33d3e271c6567df20/contrib/nsd.service,4.15.0-1,23db203ee558d0ecf5412b4d48f329344a07b3ace7fdd54a3d9a39d492bc0de3,0,,NOT_APPLICABLE,exact basename or unique executable source mapping
https://www.nlnetlabs.nl/nsd::nsd,https://www.nlnetlabs.nl/nsd,fedora,nsd,nsd,nsd-4.15.0-1.fc44.src.rpm,U1_TEMPLATE_VALUE_ONLY,/home/emrecan/github/ecylmz/unittrace/artifacts/full/roots/sources/fedora/nsd/nsd-4.15.0-1.fc44.src.rpm/nsd-4.15.0/contrib/nsd.service,nsd-4.15.0-1.fc44.src.rpm,23db203ee558d0ecf5412b4d48f329344a07b3ace7fdd54a3d9a39d492bc0de3,0,,NOT_APPLICABLE,exact basename or unique executable source mapping
https://www.nlnetlabs.nl/projects/dnssec-trigger::dnssec-trigger-control-setup,https://www.nlnetlabs.nl/projects/dnssec-trigger,debian,dnssec-trigger,dnssec-trigger,0.17+repack-5.3,U0_STATIC,/home/emrecan/github/ecylmz/unittrace/artifacts/full/roots/sources/debian/dnssec-trigger/0.17+repack-5.3/dnssec-trigger-0.17/dnssec-triggerd-keygen.service,0.17+repack-5.3,425b79d56256d26ed551460eff418f73ccd39822eebad9fe63cd4d9cfa897cef,0,,NOT_APPLICABLE,exact basename or unique executable source mapping
https://www.nlnetlabs.nl/projects/dnssec-trigger::dnssec-trigger-control-setup,https://www.nlnetlabs.nl/projects/dnssec-trigger,fedora,dnssec-trigger,dnssec-trigger,dnssec-trigger-0.17-41.fc44.src.rpm,U0_STATIC,/home/emrecan/github/ecylmz/unittrace/artifacts/full/roots/sources/fedora/dnssec-trigger/dnssec-trigger-0.17-41.fc44.src.rpm/dnssec-trigger-0.17/dnssec-triggerd-keygen.service,dnssec-trigger-0.17-41.fc44.src.rpm,425b79d56256d26ed551460eff418f73ccd39822eebad9fe63cd4d9cfa897cef,0,,NOT_APPLICABLE,exact basename or unique executable source mapping
https://www.nlnetlabs.nl/projects/dnssec-trigger::dnssec-trigger-control-setup,https://www.nlnetlabs.nl/projects/dnssec-trigger,ubuntu,dnssec-trigger,dnssec-trigger,0.17+repack-5.3build1,U0_STATIC,/home/emrecan/github/ecylmz/unittrace/artifacts/full/roots/sources/ubuntu/dnssec-trigger/0.17+repack-5.3build1/dnssec-trigger-0.17/dnssec-triggerd-keygen.service,0.17+repack-5.3build1,425b79d56256d26ed551460eff418f73ccd39822eebad9fe63cd4d9cfa897cef,0,,NOT_APPLICABLE,exact basename or unique executable source mapping
https://www.nlnetlabs.nl/projects/dnssec-trigger::dnssec-triggerd,https://www.nlnetlabs.nl/projects/dnssec-trigger,debian,dnssec-trigger,dnssec-trigger,0.17+repack-5.3,U1_TEMPLATE_VALUE_ONLY,/home/emrecan/github/ecylmz/unittrace/artifacts/full/roots/sources/debian/dnssec-trigger/0.17+repack-5.3/dnssec-trigger-0.17/dnssec-triggerd.service.in,0.17+repack-5.3,2682adf1e1f9cc5f92ca22030d822fe404397dbca5f5acc05b3249fadaaee2ac,0,,NOT_APPLICABLE,exact basename or unique executable source mapping
https://www.nlnetlabs.nl/projects/dnssec-trigger::dnssec-triggerd,https://www.nlnetlabs.nl/projects/dnssec-trigger,fedora,dnssec-trigger,dnssec-trigger,dnssec-trigger-0.17-41.fc44.src.rpm,U1_TEMPLATE_VALUE_ONLY,/home/emrecan/github/ecylmz/unittrace/artifacts/full/roots/sources/fedora/dnssec-trigger/dnssec-trigger-0.17-41.fc44.src.rpm/dnssec-trigger-0.17/dnssec-triggerd.service.in,dnssec-trigger-0.17-41.fc44.src.rpm,2682adf1e1f9cc5f92ca22030d822fe404397dbca5f5acc05b3249fadaaee2ac,0,,NOT_APPLICABLE,exact basename or unique executable source mapping
https://www.nlnetlabs.nl/projects/dnssec-trigger::dnssec-triggerd,https://www.nlnetlabs.nl/projects/dnssec-trigger,ubuntu,dnssec-trigger,dnssec-trigger,0.17+repack-5.3build1,U1_TEMPLATE_VALUE_ONLY,/home/emrecan/github/ecylmz/unittrace/artifacts/full/roots/sources/ubuntu/dnssec-trigger/0.17+repack-5.3build1/dnssec-trigger-0.17/dnssec-triggerd.service.in,0.17+repack-5.3build1,2682adf1e1f9cc5f92ca22030d822fe404397dbca5f5acc05b3249fadaaee2ac,0,,NOT_APPLICABLE,exact basename or unique executable source mapping
https://www.nordugrid.org::arc-arex-start,https://www.nordugrid.org,debian,nordugrid-arc-arex,nordugrid-arc,7.0.0-3,U1_TEMPLATE_VALUE_ONLY,/home/emrecan/github/ecylmz/unittrace/artifacts/full/roots/sources/debian/nordugrid-arc/7.0.0-3/nordugrid-arc-7.0.0/src/services/a-rex/arc-arex.service.in,7.0.0-3,5ca196fd3980d8d5e79419541076021f9cfa671289e6f129e7db2d10e9b57f45,0,,NOT_APPLICABLE,exact basename or unique executable source mapping
https://www.nordugrid.org::arc-arex-start,https://www.nordugrid.org,fedora,nordugrid-arc-arex,nordugrid-arc,nordugrid-arc-7.1.2-1.fc44.src.rpm,U1_TEMPLATE_VALUE_ONLY,/home/emrecan/github/ecylmz/unittrace/artifacts/full/roots/sources/fedora/nordugrid-arc/nordugrid-arc-7.1.2-1.fc44.src.rpm/nordugrid-arc-7.1.2/src/services/a-rex/arc-arex.service.in,nordugrid-arc-7.1.2-1.fc44.src.rpm,5ca196fd3980d8d5e79419541076021f9cfa671289e6f129e7db2d10e9b57f45,0,,NOT_APPLICABLE,exact basename or unique executable source mapping
https://www.nordugrid.org::arc-arex-start,https://www.nordugrid.org,ubuntu,nordugrid-arc-arex,nordugrid-arc,7.1.1-2build1,U1_TEMPLATE_VALUE_ONLY,/home/emrecan/github/ecylmz/unittrace/artifacts/full/roots/sources/ubuntu/nordugrid-arc/7.1.1-2build1/nordugrid-arc-7.1.1/src/services/a-rex/arc-arex.service.in,7.1.1-2build1,5ca196fd3980d8d5e79419541076021f9cfa671289e6f129e7db2d10e9b57f45,0,,NOT_APPLICABLE,exact basename or unique executable source mapping
https://www.nordugrid.org::arc-arex-ws-start,https://www.nordugrid.org,debian,nordugrid-arc-arex,nordugrid-arc,7.0.0-3,U1_TEMPLATE_VALUE_ONLY,/home/emrecan/github/ecylmz/unittrace/artifacts/full/roots/sources/debian/nordugrid-arc/7.0.0-3/nordugrid-arc-7.0.0/src/services/a-rex/arc-arex-ws.service.in,7.0.0-3,b7ebf304619d0cdae616746bfe17a961286d7a196cae709e4562962e8d60f0a9,0,,NOT_APPLICABLE,exact basename or unique executable source mapping
https://www.nordugrid.org::arc-arex-ws-start,https://www.nordugrid.org,fedora,nordugrid-arc-arex,nordugrid-arc,nordugrid-arc-7.1.2-1.fc44.src.rpm,U1_TEMPLATE_VALUE_ONLY,/home/emrecan/github/ecylmz/unittrace/artifacts/full/roots/sources/fedora/nordugrid-arc/nordugrid-arc-7.1.2-1.fc44.src.rpm/nordugrid-arc-7.1.2/src/services/a-rex/arc-arex-ws.service.in,nordugrid-arc-7.1.2-1.fc44.src.rpm,b7ebf304619d0cdae616746bfe17a961286d7a196cae709e4562962e8d60f0a9,0,,NOT_APPLICABLE,exact basename or unique executable source mapping
https://www.nordugrid.org::arc-arex-ws-start,https://www.nordugrid.org,ubuntu,nordugrid-arc-arex,nordugrid-arc,7.1.1-2build1,U1_TEMPLATE_VALUE_ONLY,/home/emrecan/github/ecylmz/unittrace/artifacts/full/roots/sources/ubuntu/nordugrid-arc/7.1.1-2build1/nordugrid-arc-7.1.1/src/services/a-rex/arc-arex-ws.service.in,7.1.1-2build1,b7ebf304619d0cdae616746bfe17a961286d7a196cae709e4562962e8d60f0a9,0,,NOT_APPLICABLE,exact basename or unique executable source mapping
https://www.nordugrid.org::arc-datadelivery-service-start,https://www.nordugrid.org,debian,nordugrid-arc-datadelivery-service,nordugrid-arc,7.0.0-3,U1_TEMPLATE_VALUE_ONLY,/home/emrecan/github/ecylmz/unittrace/artifacts/full/roots/sources/debian/nordugrid-arc/7.0.0-3/nordugrid-arc-7.0.0/src/services/data-staging/arc-datadelivery-service.service.in,7.0.0-3,911f5208d6696a079944a5b3419ebc5e9ac70155c98a313dc81fbe18df091ffc,0,,NOT_APPLICABLE,exact basename or unique executable source mapping
https://www.nordugrid.org::arc-datadelivery-service-start,https://www.nordugrid.org,fedora,nordugrid-arc-datadelivery-service,nordugrid-arc,nordugrid-arc-7.1.2-1.fc44.src.rpm,U1_TEMPLATE_VALUE_ONLY,/home/emrecan/github/ecylmz/unittrace/artifacts/full/roots/sources/fedora/nordugrid-arc/nordugrid-arc-7.1.2-1.fc44.src.rpm/nordugrid-arc-7.1.2/src/services/data-staging/arc-datadelivery-service.service.in,nordugrid-arc-7.1.2-1.fc44.src.rpm,911f5208d6696a079944a5b3419ebc5e9ac70155c98a313dc81fbe18df091ffc,0,,NOT_APPLICABLE,exact basename or unique executable source mapping
https://www.nordugrid.org::arc-datadelivery-service-start,https://www.nordugrid.org,ubuntu,nordugrid-arc-datadelivery-service,nordugrid-arc,7.1.1-2build1,U1_TEMPLATE_VALUE_ONLY,/home/emrecan/github/ecylmz/unittrace/artifacts/full/roots/sources/ubuntu/nordugrid-arc/7.1.1-2build1/nordugrid-arc-7.1.1/src/services/data-staging/arc-datadelivery-service.service.in,7.1.1-2build1,911f5208d6696a079944a5b3419ebc5e9ac70155c98a313dc81fbe18df091ffc,0,,NOT_APPLICABLE,exact basename or unique executable source mapping
https://www.nordugrid.org::upstream-unit::src/hed/daemon/scripts/arched.service,https://www.nordugrid.org,debian,nordugrid-arc-hed,nordugrid-arc,7.0.0-3,U1_TEMPLATE_VALUE_ONLY,/home/emrecan/github/ecylmz/unittrace/artifacts/full/roots/sources/debian/nordugrid-arc/7.0.0-3/nordugrid-arc-7.0.0/src/hed/daemon/scripts/arched.service.in,7.0.0-3,52688a95967dfcb3fa77c1960638fb369c52be52c192f86a812173fe32c09f5d,0,,NOT_APPLICABLE,exact basename or unique executable source mapping
https://www.nordugrid.org::upstream-unit::src/hed/daemon/scripts/arched.service,https://www.nordugrid.org,fedora,nordugrid-arc-hed,nordugrid-arc,nordugrid-arc-7.1.2-1.fc44.src.rpm,U1_TEMPLATE_VALUE_ONLY,/home/emrecan/github/ecylmz/unittrace/artifacts/full/roots/sources/fedora/nordugrid-arc/nordugrid-arc-7.1.2-1.fc44.src.rpm/nordugrid-arc-7.1.2/src/hed/daemon/scripts/arched.service.in,nordugrid-arc-7.1.2-1.fc44.src.rpm,52688a95967dfcb3fa77c1960638fb369c52be52c192f86a812173fe32c09f5d,0,,NOT_APPLICABLE,exact basename or unique executable source mapping
https://www.nordugrid.org::upstream-unit::src/hed/daemon/scripts/arched.service,https://www.nordugrid.org,ubuntu,nordugrid-arc-hed,nordugrid-arc,7.1.1-2build1,U1_TEMPLATE_VALUE_ONLY,/home/emrecan/github/ecylmz/unittrace/artifacts/full/roots/sources/ubuntu/nordugrid-arc/7.1.1-2build1/nordugrid-arc-7.1.1/src/hed/daemon/scripts/arched.service.in,7.1.1-2build1,52688a95967dfcb3fa77c1960638fb369c52be52c192f86a812173fe32c09f5d,0,,NOT_APPLICABLE,exact basename or unique executable source mapping
https://www.ntpsec.org::ntp-systemd-wrapper,https://www.ntpsec.org,debian,ntpsec,ntpsec,1.2.3+dfsg1-8,U5_AMBIGUOUS_OR_UNRESOLVED,,1.2.3+dfsg1-8,,0,,NOT_ATTEMPTED,"no unique upstream artifact; candidates=6, executable_candidates=0"
https://www.ntpsec.org::ntp-systemd-wrapper,https://www.ntpsec.org,ubuntu,ntpsec,ntpsec,1.2.3+dfsg1-8ubuntu2,U5_AMBIGUOUS_OR_UNRESOLVED,,1.2.3+dfsg1-8ubuntu2,,0,,NOT_ATTEMPTED,"no unique upstream artifact; candidates=6, executable_candidates=0"
https://www.ntpsec.org::ntploggps,https://www.ntpsec.org,debian,ntpsec-ntpviz,ntpsec,1.2.3+dfsg1-8,U0_STATIC,/home/emrecan/github/ecylmz/unittrace/artifacts/full/roots/sources/debian/ntpsec/1.2.3+dfsg1-8/ntpsec-1.2.3+dfsg1/etc/ntploggps.service,1.2.3+dfsg1-8,2e0557bad94ccb2de40c72e983606313e7761dff5df55f2e620b1dcc07d6765a,0,,NOT_APPLICABLE,exact basename or unique executable source mapping
https://www.ntpsec.org::ntploggps,https://www.ntpsec.org,ubuntu,ntpsec-ntpviz,ntpsec,1.2.3+dfsg1-8ubuntu2,U0_STATIC,/home/emrecan/github/ecylmz/unittrace/artifacts/full/roots/sources/ubuntu/ntpsec/1.2.3+dfsg1-8ubuntu2/ntpsec-1.2.3+dfsg1/etc/ntploggps.service,1.2.3+dfsg1-8ubuntu2,2e0557bad94ccb2de40c72e983606313e7761dff5df55f2e620b1dcc07d6765a,0,,NOT_APPLICABLE,exact basename or unique executable source mapping
https://www.ntpsec.org::ntplogtemp,https://www.ntpsec.org,debian,ntpsec-ntpviz,ntpsec,1.2.3+dfsg1-8,U1_TEMPLATE_VALUE_ONLY,/home/emrecan/github/ecylmz/unittrace/artifacts/full/roots/sources/debian/ntpsec/1.2.3+dfsg1-8/ntpsec-1.2.3+dfsg1/etc/ntplogtemp.service,1.2.3+dfsg1-8,5e4ba1ec5680eb687d89ed2d36f833fafba8ab9edfa8d1bab4add50996c0456e,0,,NOT_APPLICABLE,exact basename or unique executable source mapping
https://www.ntpsec.org::ntplogtemp,https://www.ntpsec.org,fedora,ntpsec,ntpsec,ntpsec-1.2.4-8.fc44.src.rpm,U1_TEMPLATE_VALUE_ONLY,/home/emrecan/github/ecylmz/unittrace/artifacts/full/roots/sources/fedora/ntpsec/ntpsec-1.2.4-8.fc44.src.rpm/ntpsec-1.2.4/etc/ntplogtemp.service,ntpsec-1.2.4-8.fc44.src.rpm,5e4ba1ec5680eb687d89ed2d36f833fafba8ab9edfa8d1bab4add50996c0456e,0,,NOT_APPLICABLE,exact basename or unique executable source mapping
https://www.ntpsec.org::ntplogtemp,https://www.ntpsec.org,ubuntu,ntpsec-ntpviz,ntpsec,1.2.3+dfsg1-8ubuntu2,U1_TEMPLATE_VALUE_ONLY,/home/emrecan/github/ecylmz/unittrace/artifacts/full/roots/sources/ubuntu/ntpsec/1.2.3+dfsg1-8ubuntu2/ntpsec-1.2.3+dfsg1/etc/ntplogtemp.service,1.2.3+dfsg1-8ubuntu2,5e4ba1ec5680eb687d89ed2d36f833fafba8ab9edfa8d1bab4add50996c0456e,0,,NOT_APPLICABLE,exact basename or unique executable source mapping
https://www.ntpsec.org::ntpwait,https://www.ntpsec.org,debian,ntpsec,ntpsec,1.2.3+dfsg1-8,U1_TEMPLATE_VALUE_ONLY,/home/emrecan/github/ecylmz/unittrace/artifacts/full/roots/sources/debian/ntpsec/1.2.3+dfsg1-8/ntpsec-1.2.3+dfsg1/etc/ntp-wait.service,1.2.3+dfsg1-8,2bcd422c7f8d672be1204521f3e9208004a4111129b47426aaf86934e8c023c7,0,,NOT_APPLICABLE,exact basename or unique executable source mapping
https://www.ntpsec.org::ntpwait,https://www.ntpsec.org,fedora,ntpsec,ntpsec,ntpsec-1.2.4-8.fc44.src.rpm,U1_TEMPLATE_VALUE_ONLY,/home/emrecan/github/ecylmz/unittrace/artifacts/full/roots/sources/fedora/ntpsec/ntpsec-1.2.4-8.fc44.src.rpm/ntpsec-1.2.4/etc/ntp-wait.service,ntpsec-1.2.4-8.fc44.src.rpm,2bcd422c7f8d672be1204521f3e9208004a4111129b47426aaf86934e8c023c7,0,,NOT_APPLICABLE,exact basename or unique executable source mapping
https://www.ntpsec.org::ntpwait,https://www.ntpsec.org,ubuntu,ntpsec,ntpsec,1.2.3+dfsg1-8ubuntu2,U1_TEMPLATE_VALUE_ONLY,/home/emrecan/github/ecylmz/unittrace/artifacts/full/roots/sources/ubuntu/ntpsec/1.2.3+dfsg1-8ubuntu2/ntpsec-1.2.3+dfsg1/etc/ntp-wait.service,1.2.3+dfsg1-8ubuntu2,2bcd422c7f8d672be1204521f3e9208004a4111129b47426aaf86934e8c023c7,0,,NOT_APPLICABLE,exact basename or unique executable source mapping
https://www.ntpsec.org::rotate-stats,https://www.ntpsec.org,debian,ntpsec,ntpsec,1.2.3+dfsg1-8,U5_AMBIGUOUS_OR_UNRESOLVED,,1.2.3+dfsg1-8,,0,,NOT_ATTEMPTED,"no unique upstream artifact; candidates=6, executable_candidates=0"
https://www.ntpsec.org::rotate-stats,https://www.ntpsec.org,ubuntu,ntpsec,ntpsec,1.2.3+dfsg1-8ubuntu2,U5_AMBIGUOUS_OR_UNRESOLVED,,1.2.3+dfsg1-8ubuntu2,,0,,NOT_ATTEMPTED,"no unique upstream artifact; candidates=6, executable_candidates=0"
https://www.ntpsec.org::sh,https://www.ntpsec.org,debian,ntpsec,ntpsec,1.2.3+dfsg1-8,U5_AMBIGUOUS_OR_UNRESOLVED,,1.2.3+dfsg1-8,,0,,NOT_ATTEMPTED,"no unique upstream artifact; candidates=6, executable_candidates=2"
https://www.ntpsec.org::sh,https://www.ntpsec.org,ubuntu,ntpsec,ntpsec,1.2.3+dfsg1-8ubuntu2,U5_AMBIGUOUS_OR_UNRESOLVED,,1.2.3+dfsg1-8ubuntu2,,0,,NOT_ATTEMPTED,"no unique upstream artifact; candidates=6, executable_candidates=2"
https://www.ocsinventory-ng.org::ocsinventory-agent,https://www.ocsinventory-ng.org,debian,ocsinventory-agent,ocsinventory-agent,2:2.10.0-5,U0_STATIC,/home/emrecan/github/ecylmz/unittrace/artifacts/full/roots/sources/debian/ocsinventory-agent/2.10.0-5/UnixAgent-2.10.0/contrib/cron/systemd/ocsinventory-agent.service,2:2.10.0-5,b350d710139777c94d50b9bfb9dba2def72a3207adb5f85f2535efec58ec99cc,0,,NOT_APPLICABLE,exact basename or unique executable source mapping
https://www.ocsinventory-ng.org::ocsinventory-agent,https://www.ocsinventory-ng.org,ubuntu,ocsinventory-agent,ocsinventory-agent,2:2.10.0-5build1,U0_STATIC,/home/emrecan/github/ecylmz/unittrace/artifacts/full/roots/sources/ubuntu/ocsinventory-agent/2.10.0-5build1/UnixAgent-2.10.0/contrib/cron/systemd/ocsinventory-agent.service,2:2.10.0-5build1,b350d710139777c94d50b9bfb9dba2def72a3207adb5f85f2535efec58ec99cc,0,,NOT_APPLICABLE,exact basename or unique executable source mapping
https://www.open-iscsi.com::activate-storage.sh,https://www.open-iscsi.com,debian,open-iscsi,open-iscsi,2.1.11-1+deb13u2,U4_NO_UPSTREAM_STATIC_OR_TEMPLATE_UNIT,,2.1.11-1+deb13u2,,0,,NOT_APPLICABLE,complete pristine orig-tar inventory contained no service unit or template
https://www.open-iscsi.com::activate-storage.sh,https://www.open-iscsi.com,ubuntu,open-iscsi,open-iscsi,2.1.11-3ubuntu3,U4_NO_UPSTREAM_STATIC_OR_TEMPLATE_UNIT,,2.1.11-3ubuntu3,,0,,NOT_APPLICABLE,complete pristine orig-tar inventory contained no service unit or template
https://www.open-iscsi.com::iscsid,https://www.open-iscsi.com,arch,open-iscsi,open-iscsi,2.1.12-1,U4_NO_UPSTREAM_STATIC_OR_TEMPLATE_UNIT,,2.1.12-1,,0,,NOT_APPLICABLE,complete pristine orig-tar inventory contained no service unit or template
https://www.open-iscsi.com::iscsid,https://www.open-iscsi.com,debian,open-iscsi,open-iscsi,2.1.11-1+deb13u2,U4_NO_UPSTREAM_STATIC_OR_TEMPLATE_UNIT,,2.1.11-1+deb13u2,,0,,NOT_APPLICABLE,complete pristine orig-tar inventory contained no service unit or template
https://www.open-iscsi.com::iscsid,https://www.open-iscsi.com,ubuntu,open-iscsi,open-iscsi,2.1.11-3ubuntu3,U4_NO_UPSTREAM_STATIC_OR_TEMPLATE_UNIT,,2.1.11-3ubuntu3,,0,,NOT_APPLICABLE,complete pristine orig-tar inventory contained no service unit or template
https://www.open-iscsi.com::iscsiuio,https://www.open-iscsi.com,arch,open-iscsi,open-iscsi,2.1.12-1,U4_NO_UPSTREAM_STATIC_OR_TEMPLATE_UNIT,,2.1.12-1,,0,,NOT_APPLICABLE,complete pristine orig-tar inventory contained no service unit or template
https://www.open-iscsi.com::iscsiuio,https://www.open-iscsi.com,debian,iscsiuio,open-iscsi,2.1.11-1+deb13u2,U4_NO_UPSTREAM_STATIC_OR_TEMPLATE_UNIT,,2.1.11-1+deb13u2,,0,,NOT_APPLICABLE,complete pristine orig-tar inventory contained no service unit or template
https://www.open-iscsi.com::iscsiuio,https://www.open-iscsi.com,ubuntu,iscsiuio,open-iscsi,2.1.11-3ubuntu3,U4_NO_UPSTREAM_STATIC_OR_TEMPLATE_UNIT,,2.1.11-3ubuntu3,,0,,NOT_APPLICABLE,complete pristine orig-tar inventory contained no service unit or template
https://www.openbgpd.org::bgpd,https://www.openbgpd.org,debian,openbgpd,openbgpd,8.8-1,U4_NO_UPSTREAM_STATIC_OR_TEMPLATE_UNIT,,8.8-1,,0,,NOT_APPLICABLE,complete pristine orig-tar inventory contained no service unit or template
https://www.openbgpd.org::bgpd,https://www.openbgpd.org,fedora,openbgpd,openbgpd,openbgpd-9.1-1.fc44.src.rpm,U4_NO_UPSTREAM_STATIC_OR_TEMPLATE_UNIT,,openbgpd-9.1-1.fc44.src.rpm,,0,,NOT_APPLICABLE,complete pristine orig-tar inventory contained no service unit or template
https://www.openbgpd.org::bgpd,https://www.openbgpd.org,ubuntu,openbgpd,openbgpd,9.0-1,U4_NO_UPSTREAM_STATIC_OR_TEMPLATE_UNIT,,9.0-1,,0,,NOT_APPLICABLE,complete pristine orig-tar inventory contained no service unit or template
https://www.openbgpd.org::bgplgd,https://www.openbgpd.org,debian,openbgpd,openbgpd,8.8-1,U4_NO_UPSTREAM_STATIC_OR_TEMPLATE_UNIT,,8.8-1,,0,,NOT_APPLICABLE,complete pristine orig-tar inventory contained no service unit or template
https://www.openbgpd.org::bgplgd,https://www.openbgpd.org,ubuntu,openbgpd,openbgpd,9.0-1,U4_NO_UPSTREAM_STATIC_OR_TEMPLATE_UNIT,,9.0-1,,0,,NOT_APPLICABLE,complete pristine orig-tar inventory contained no service unit or template
https://www.opendkim.org::opendkim,https://www.opendkim.org,arch,opendkim,opendkim,2.11.0beta2-1,U5_AMBIGUOUS_OR_UNRESOLVED,,2.11.0beta2-1,,0,,NOT_ATTEMPTED,pristine source unavailable
https://www.opendkim.org::opendkim,https://www.opendkim.org,debian,opendkim,opendkim,2.11.0~beta2-9.1,U1_TEMPLATE_VALUE_ONLY,/home/emrecan/github/ecylmz/unittrace/artifacts/full/roots/sources/debian/opendkim/2.11.0~beta2-9.1/OpenDKIM-rel-opendkim-2-11-0-Beta2/contrib/systemd/opendkim.service.in,2.11.0~beta2-9.1,45f5bc40e45f1e4132cd3279e9e07509a817ef3a8e90e52b8b4abb4eb7ae3dfa,0,,NOT_APPLICABLE,exact basename or unique executable source mapping
https://www.opendkim.org::opendkim,https://www.opendkim.org,ubuntu,opendkim,opendkim,2.11.0~beta2-9.2build1,U1_TEMPLATE_VALUE_ONLY,/home/emrecan/github/ecylmz/unittrace/artifacts/full/roots/sources/ubuntu/opendkim/2.11.0~beta2-9.2build1/OpenDKIM-rel-opendkim-2-11-0-Beta2/contrib/systemd/opendkim.service.in,2.11.0~beta2-9.2build1,45f5bc40e45f1e4132cd3279e9e07509a817ef3a8e90e52b8b4abb4eb7ae3dfa,0,,NOT_APPLICABLE,exact basename or unique executable source mapping
https://www.opendnssec.org::ods-enforcerd,https://www.opendnssec.org,fedora,opendnssec,opendnssec,opendnssec-2.1.14-3.fc44.src.rpm,U4_NO_UPSTREAM_STATIC_OR_TEMPLATE_UNIT,,opendnssec-2.1.14-3.fc44.src.rpm,,0,,NOT_APPLICABLE,complete pristine orig-tar inventory contained no service unit or template
https://www.opendnssec.org::ods-enforcerd,https://www.opendnssec.org,ubuntu,opendnssec-enforcer,opendnssec,1:2.1.13-1.2ubuntu5,U4_NO_UPSTREAM_STATIC_OR_TEMPLATE_UNIT,,1:2.1.13-1.2ubuntu5,,0,,NOT_APPLICABLE,complete pristine orig-tar inventory contained no service unit or template
https://www.opendnssec.org::ods-signerd,https://www.opendnssec.org,fedora,opendnssec,opendnssec,opendnssec-2.1.14-3.fc44.src.rpm,U4_NO_UPSTREAM_STATIC_OR_TEMPLATE_UNIT,,opendnssec-2.1.14-3.fc44.src.rpm,,0,,NOT_APPLICABLE,complete pristine orig-tar inventory contained no service unit or template
https://www.opendnssec.org::ods-signerd,https://www.opendnssec.org,ubuntu,opendnssec-signer,opendnssec,1:2.1.13-1.2ubuntu5,U4_NO_UPSTREAM_STATIC_OR_TEMPLATE_UNIT,,1:2.1.13-1.2ubuntu5,,0,,NOT_APPLICABLE,complete pristine orig-tar inventory contained no service unit or template
https://www.openldap.org::sh,https://www.openldap.org,debian,slapd,openldap,2.6.10+dfsg-1,U1_TEMPLATE_VALUE_ONLY,/home/emrecan/github/ecylmz/unittrace/artifacts/full/roots/sources/debian/openldap/2.6.10+dfsg-1/openldap-2.6.10/servers/slapd/slapd.service,2.6.10+dfsg-1,ced27f457dba32a4445af6bb13bbd8c9b1b451da9de7190785dd4cbaf4500858,0,,NOT_APPLICABLE,exact basename or unique executable source mapping
https://www.openldap.org::sh,https://www.openldap.org,ubuntu,slapd,openldap,2.6.10+dfsg-1ubuntu5,U1_TEMPLATE_VALUE_ONLY,/home/emrecan/github/ecylmz/unittrace/artifacts/full/roots/sources/ubuntu/openldap/2.6.10+dfsg-1ubuntu5/openldap-2.6.10/servers/slapd/slapd.service,2.6.10+dfsg-1ubuntu5,ced27f457dba32a4445af6bb13bbd8c9b1b451da9de7190785dd4cbaf4500858,0,,NOT_APPLICABLE,exact basename or unique executable source mapping
https://www.openldap.org::slapd,https://www.openldap.org,arch,openldap,openldap,2.6.13-1,U1_TEMPLATE_VALUE_ONLY,/home/emrecan/github/ecylmz/unittrace/artifacts/full/roots/sources/arch/openldap/2.6.13-1/openldap-2.6.13/servers/slapd/slapd.service,2.6.13-1,ced27f457dba32a4445af6bb13bbd8c9b1b451da9de7190785dd4cbaf4500858,0,,NOT_APPLICABLE,exact basename or unique executable source mapping
https://www.openldap.org::slapd,https://www.openldap.org,fedora,openldap-servers,openldap,openldap-2.6.13-1.fc44.src.rpm,U1_TEMPLATE_VALUE_ONLY,/home/emrecan/github/ecylmz/unittrace/artifacts/full/roots/sources/fedora/openldap/openldap-2.6.13-1.fc44.src.rpm/openldap-2.6.13/servers/slapd/slapd.service,openldap-2.6.13-1.fc44.src.rpm,ced27f457dba32a4445af6bb13bbd8c9b1b451da9de7190785dd4cbaf4500858,0,,NOT_APPLICABLE,exact basename or unique executable source mapping
https://www.openntpd.org::ntpd,https://www.openntpd.org,arch,openntpd,openntpd,7.9p1-1,U4_NO_UPSTREAM_STATIC_OR_TEMPLATE_UNIT,,7.9p1-1,,0,,NOT_APPLICABLE,complete pristine orig-tar inventory contained no service unit or template
https://www.openntpd.org::ntpd,https://www.openntpd.org,debian,openntpd,openntpd,1:6.2p3-4.2,U4_NO_UPSTREAM_STATIC_OR_TEMPLATE_UNIT,,1:6.2p3-4.2,,0,,NOT_APPLICABLE,complete pristine orig-tar inventory contained no service unit or template
https://www.openntpd.org::ntpd,https://www.openntpd.org,ubuntu,openntpd,openntpd,1:6.2p3-4.2build1,U4_NO_UPSTREAM_STATIC_OR_TEMPLATE_UNIT,,1:6.2p3-4.2build1,,0,,NOT_APPLICABLE,complete pristine orig-tar inventory contained no service unit or template
https://www.opensmtpd.org::smtpd,https://www.opensmtpd.org,arch,opensmtpd,opensmtpd,7.8.0p1-1,U4_NO_UPSTREAM_STATIC_OR_TEMPLATE_UNIT,,7.8.0p1-1,,0,,NOT_APPLICABLE,complete pristine orig-tar inventory contained no service unit or template
https://www.opensmtpd.org::smtpd,https://www.opensmtpd.org,debian,opensmtpd,opensmtpd,7.6.0p1-1,U4_NO_UPSTREAM_STATIC_OR_TEMPLATE_UNIT,,7.6.0p1-1,,0,,NOT_APPLICABLE,complete pristine orig-tar inventory contained no service unit or template
https://www.opensmtpd.org::smtpd,https://www.opensmtpd.org,fedora,opensmtpd,opensmtpd,opensmtpd-7.8.0p1-1.fc44.src.rpm,U4_NO_UPSTREAM_STATIC_OR_TEMPLATE_UNIT,,opensmtpd-7.8.0p1-1.fc44.src.rpm,,0,,NOT_APPLICABLE,complete pristine orig-tar inventory contained no service unit or template
https://www.opensmtpd.org::smtpd,https://www.opensmtpd.org,ubuntu,opensmtpd,opensmtpd,7.8.0p0-2,U4_NO_UPSTREAM_STATIC_OR_TEMPLATE_UNIT,,7.8.0p0-2,,0,,NOT_APPLICABLE,complete pristine orig-tar inventory contained no service unit or template
https://www.openssh.com/portable.html::sshd,https://www.openssh.com/portable.html,arch,openssh,openssh,10.4p1-3,U4_NO_UPSTREAM_STATIC_OR_TEMPLATE_UNIT,,10.4p1-3,,0,,NOT_APPLICABLE,complete pristine orig-tar inventory contained no service unit or template
https://www.openssh.com/portable.html::sshd,https://www.openssh.com/portable.html,fedora,openssh-server,openssh,openssh-10.2p1-13.fc44.src.rpm,U4_NO_UPSTREAM_STATIC_OR_TEMPLATE_UNIT,,openssh-10.2p1-13.fc44.src.rpm,,0,,NOT_APPLICABLE,complete pristine orig-tar inventory contained no service unit or template
https://www.partimage.org::partimaged,https://www.partimage.org,arch,partimage,partimage,0.6.9-16,U4_NO_UPSTREAM_STATIC_OR_TEMPLATE_UNIT,,0.6.9-16,,0,,NOT_APPLICABLE,complete pristine orig-tar inventory contained no service unit or template
https://www.partimage.org::partimaged,https://www.partimage.org,debian,partimage-server,partimage,0.6.9-11,U4_NO_UPSTREAM_STATIC_OR_TEMPLATE_UNIT,,0.6.9-11,,0,,NOT_APPLICABLE,complete pristine orig-tar inventory contained no service unit or template
https://www.partimage.org::partimaged,https://www.partimage.org,ubuntu,partimage-server,partimage,0.6.9-12,U4_NO_UPSTREAM_STATIC_OR_TEMPLATE_UNIT,,0.6.9-12,,0,,NOT_APPLICABLE,complete pristine orig-tar inventory contained no service unit or template
https://www.pgbouncer.org::pgbouncer,https://www.pgbouncer.org,arch,pgbouncer,pgbouncer,1.25.2-1,U1_TEMPLATE_VALUE_ONLY,/home/emrecan/github/ecylmz/unittrace/artifacts/full/roots/sources/arch/pgbouncer/1.25.2-1/pgbouncer-1.25.2/etc/pgbouncer.service,1.25.2-1,b94570a11307128cf64c8e159e879ef7e07377aca9add751c8c2b1dc3dcee943,0,,NOT_APPLICABLE,exact basename or unique executable source mapping
https://www.pgbouncer.org::pgbouncer,https://www.pgbouncer.org,debian,pgbouncer,pgbouncer,1.24.1-1+deb13u2,U1_TEMPLATE_VALUE_ONLY,/home/emrecan/github/ecylmz/unittrace/artifacts/full/roots/sources/debian/pgbouncer/1.24.1-1+deb13u2/pgbouncer-1.24.1/etc/pgbouncer.service,1.24.1-1+deb13u2,b94570a11307128cf64c8e159e879ef7e07377aca9add751c8c2b1dc3dcee943,0,,NOT_APPLICABLE,exact basename or unique executable source mapping
https://www.pgbouncer.org::pgbouncer,https://www.pgbouncer.org,fedora,pgbouncer,pgbouncer,pgbouncer-1.25.2-1.fc44.src.rpm,U1_TEMPLATE_VALUE_ONLY,/home/emrecan/github/ecylmz/unittrace/artifacts/full/roots/sources/fedora/pgbouncer/pgbouncer-1.25.2-1.fc44.src.rpm/pgbouncer-1.25.2/etc/pgbouncer.service,pgbouncer-1.25.2-1.fc44.src.rpm,b94570a11307128cf64c8e159e879ef7e07377aca9add751c8c2b1dc3dcee943,0,,NOT_APPLICABLE,exact basename or unique executable source mapping
https://www.pgbouncer.org::pgbouncer,https://www.pgbouncer.org,ubuntu,pgbouncer,pgbouncer,1.25.1-1,U1_TEMPLATE_VALUE_ONLY,/home/emrecan/github/ecylmz/unittrace/artifacts/full/roots/sources/ubuntu/pgbouncer/1.25.1-1/pgbouncer-1.25.1/etc/pgbouncer.service,1.25.1-1,b94570a11307128cf64c8e159e879ef7e07377aca9add751c8c2b1dc3dcee943,0,,NOT_APPLICABLE,exact basename or unique executable source mapping
https://www.php.net::php-fpm,https://www.php.net,arch,php-fpm,php,8.5.9-1,U1_TEMPLATE_VALUE_ONLY,/home/emrecan/github/ecylmz/unittrace/artifacts/full/roots/sources/arch/php/8.5.9-1/php-8.5.9/sapi/fpm/php-fpm.service.in,8.5.9-1,c5b37fe07b98eec9dfdd85ad739582a533b7a6a364c092f02448acb7796e4a8b,0,,NOT_APPLICABLE,exact basename or unique executable source mapping
https://www.php.net::php-fpm,https://www.php.net,fedora,php-fpm,php,php-8.5.9-1.fc44.src.rpm,U1_TEMPLATE_VALUE_ONLY,/home/emrecan/github/ecylmz/unittrace/artifacts/full/roots/sources/fedora/php/php-8.5.9-1.fc44.src.rpm/php-8.5.9/sapi/fpm/php-fpm.service.in,php-8.5.9-1.fc44.src.rpm,c5b37fe07b98eec9dfdd85ad739582a533b7a6a364c092f02448acb7796e4a8b,0,,NOT_APPLICABLE,exact basename or unique executable source mapping
https://www.postfix.org::cp,https://www.postfix.org,debian,postfix,postfix,3.10.11-0+deb13u1,U4_NO_UPSTREAM_STATIC_OR_TEMPLATE_UNIT,,3.10.11-0+deb13u1,,0,,NOT_APPLICABLE,complete pristine orig-tar inventory contained no service unit or template
https://www.postfix.org::cp,https://www.postfix.org,ubuntu,postfix,postfix,3.10.6-4ubuntu2,U4_NO_UPSTREAM_STATIC_OR_TEMPLATE_UNIT,,3.10.6-4ubuntu2,,0,,NOT_APPLICABLE,complete pristine orig-tar inventory contained no service unit or template
https://www.postfix.org::postfix,https://www.postfix.org,arch,postfix,postfix,3.11.5-3,U4_NO_UPSTREAM_STATIC_OR_TEMPLATE_UNIT,,3.11.5-3,,0,,NOT_APPLICABLE,complete pristine orig-tar inventory contained no service unit or template
https://www.postfix.org::postfix,https://www.postfix.org,debian,postfix,postfix,3.10.11-0+deb13u1,U4_NO_UPSTREAM_STATIC_OR_TEMPLATE_UNIT,,3.10.11-0+deb13u1,,0,,NOT_APPLICABLE,complete pristine orig-tar inventory contained no service unit or template
https://www.postfix.org::postfix,https://www.postfix.org,fedora,postfix,postfix,postfix-3.10.10-1.fc44.src.rpm,U4_NO_UPSTREAM_STATIC_OR_TEMPLATE_UNIT,,postfix-3.10.10-1.fc44.src.rpm,,0,,NOT_APPLICABLE,complete pristine orig-tar inventory contained no service unit or template
https://www.postfix.org::postfix,https://www.postfix.org,ubuntu,postfix,postfix,3.10.6-4ubuntu2,U4_NO_UPSTREAM_STATIC_OR_TEMPLATE_UNIT,,3.10.6-4ubuntu2,,0,,NOT_APPLICABLE,complete pristine orig-tar inventory contained no service unit or template
https://www.powerdns.com::ixfrdist,https://www.powerdns.com,arch,powerdns,powerdns,5.1.4-1,U1_TEMPLATE_VALUE_ONLY,/home/emrecan/github/ecylmz/unittrace/artifacts/full/roots/sources/arch/powerdns/5.1.4-1/pdns-5.1.4/pdns/ixfrdist.service.in,5.1.4-1,17f5f0f1f4106067242a161ffa0fdf9d5c3ec9f2d2df4a2b853a97de9d3d5b92,0,,NOT_APPLICABLE,exact basename or unique executable source mapping
https://www.powerdns.com::ixfrdist,https://www.powerdns.com,debian,pdns-ixfrdist,pdns,4.9.16-0+deb13u1,U1_TEMPLATE_VALUE_ONLY,/home/emrecan/github/ecylmz/unittrace/artifacts/full/roots/sources/debian/pdns/4.9.16-0+deb13u1/pdns-4.9.16/pdns/ixfrdist.service.in,4.9.16-0+deb13u1,17f5f0f1f4106067242a161ffa0fdf9d5c3ec9f2d2df4a2b853a97de9d3d5b92,0,,NOT_APPLICABLE,exact basename or unique executable source mapping
https://www.powerdns.com::ixfrdist,https://www.powerdns.com,ubuntu,pdns-ixfrdist,pdns,5.0.2-1build1,U5_AMBIGUOUS_OR_UNRESOLVED,,5.0.2-1build1,,0,,NOT_ATTEMPTED,ambiguous exact artifacts=2
https://www.powerdns.com::pdns_recursor,https://www.powerdns.com,arch,powerdns-recursor,powerdns-recursor,5.4.5-1,U1_TEMPLATE_VALUE_ONLY,/home/emrecan/github/ecylmz/unittrace/artifacts/full/roots/sources/arch/powerdns-recursor/5.4.5-1/pdns-recursor-5.4.5/pdns-recursor.service.in,5.4.5-1,0a903eabdefd7de71ee5fc39d8ce35a4409b652573be75769006eea0fd86aeb0,0,,NOT_APPLICABLE,exact basename or unique executable source mapping
https://www.powerdns.com::pdns_recursor,https://www.powerdns.com,debian,pdns-recursor,pdns-recursor,5.2.11-0+deb13u1,U1_TEMPLATE_VALUE_ONLY,/home/emrecan/github/ecylmz/unittrace/artifacts/full/roots/sources/debian/pdns-recursor/5.2.11-0+deb13u1/pdns-recursor-5.2.11/pdns-recursor.service.in,5.2.11-0+deb13u1,97c1faf93e09b53bdf9d394aacbf67ac81a0f657838141808285f26bc4a538b0,0,,NOT_APPLICABLE,exact basename or unique executable source mapping
https://www.powerdns.com::pdns_recursor,https://www.powerdns.com,ubuntu,pdns-recursor,pdns-recursor,5.3.5-1,U1_TEMPLATE_VALUE_ONLY,/home/emrecan/github/ecylmz/unittrace/artifacts/full/roots/sources/ubuntu/pdns-recursor/5.3.5-1/pdns-recursor-5.3.5/pdns-recursor.service.in,5.3.5-1,0a903eabdefd7de71ee5fc39d8ce35a4409b652573be75769006eea0fd86aeb0,0,,NOT_APPLICABLE,exact basename or unique executable source mapping
https://www.powerdns.com::pdns_server,https://www.powerdns.com,arch,powerdns,powerdns,5.1.4-1,U1_TEMPLATE_VALUE_ONLY,/home/emrecan/github/ecylmz/unittrace/artifacts/full/roots/sources/arch/powerdns/5.1.4-1/pdns-5.1.4/pdns/pdns.service.in,5.1.4-1,37d270a651a3cad23187a498637afc8586a0bf9c69124e32ad6d154d6993e7ee,0,,NOT_APPLICABLE,exact basename or unique executable source mapping
https://www.powerdns.com::pdns_server,https://www.powerdns.com,debian,pdns-server,pdns,4.9.16-0+deb13u1,U1_TEMPLATE_VALUE_ONLY,/home/emrecan/github/ecylmz/unittrace/artifacts/full/roots/sources/debian/pdns/4.9.16-0+deb13u1/pdns-4.9.16/pdns/pdns.service.in,4.9.16-0+deb13u1,37d270a651a3cad23187a498637afc8586a0bf9c69124e32ad6d154d6993e7ee,0,,NOT_APPLICABLE,exact basename or unique executable source mapping
https://www.powerdns.com::pdns_server,https://www.powerdns.com,ubuntu,pdns-server,pdns,5.0.2-1build1,U5_AMBIGUOUS_OR_UNRESOLVED,,5.0.2-1build1,,0,,NOT_ATTEMPTED,ambiguous exact artifacts=2
https://www.pps.univ-paris-diderot.fr/~jch/software/babel::babeld,https://www.pps.univ-paris-diderot.fr/~jch/software/babel,debian,babeld,babeld,1.13.1+ds-1,U4_NO_UPSTREAM_STATIC_OR_TEMPLATE_UNIT,,1.13.1+ds-1,,0,,NOT_APPLICABLE,complete pristine orig-tar inventory contained no service unit or template
https://www.pps.univ-paris-diderot.fr/~jch/software/babel::babeld,https://www.pps.univ-paris-diderot.fr/~jch/software/babel,fedora,babeld,babeld,babeld-1.14-1.fc44.src.rpm,U4_NO_UPSTREAM_STATIC_OR_TEMPLATE_UNIT,,babeld-1.14-1.fc44.src.rpm,,0,,NOT_APPLICABLE,complete pristine orig-tar inventory contained no service unit or template
https://www.pps.univ-paris-diderot.fr/~jch/software/babel::babeld,https://www.pps.univ-paris-diderot.fr/~jch/software/babel,ubuntu,babeld,babeld,1.13.1+ds-1build1,U4_NO_UPSTREAM_STATIC_OR_TEMPLATE_UNIT,,1.13.1+ds-1build1,,0,,NOT_APPLICABLE,complete pristine orig-tar inventory contained no service unit or template
https://www.proftpd.org::proftpd,https://www.proftpd.org,debian,proftpd-core,proftpd-dfsg,1.3.8.c+dfsg-4+deb13u2,U1_TEMPLATE_VALUE_ONLY,/home/emrecan/github/ecylmz/unittrace/artifacts/full/roots/sources/debian/proftpd-dfsg/1.3.8.c+dfsg-4+deb13u2/proftpd-1.3.8c/contrib/dist/rpm/proftpd.service,1.3.8.c+dfsg-4+deb13u2,c928cffa2da94d7b7ebfc62a570c4412109a347407fe48bd203f3adc4b2448ed,0,,NOT_APPLICABLE,exact basename or unique executable source mapping
https://www.proftpd.org::proftpd,https://www.proftpd.org,fedora,proftpd,proftpd,proftpd-1.3.9c-3.fc44.src.rpm,U1_TEMPLATE_VALUE_ONLY,/home/emrecan/github/ecylmz/unittrace/artifacts/full/roots/sources/fedora/proftpd/proftpd-1.3.9c-3.fc44.src.rpm/proftpd-1.3.9c/contrib/dist/rpm/proftpd.service,proftpd-1.3.9c-3.fc44.src.rpm,3063c41912608283a97566f0987a9442b28dfef6133d76c12ec241a960d27ed2,0,,NOT_APPLICABLE,exact basename or unique executable source mapping
https://www.proftpd.org::proftpd,https://www.proftpd.org,ubuntu,proftpd-core,proftpd-dfsg,1.3.9~dfsg-4,U1_TEMPLATE_VALUE_ONLY,/home/emrecan/github/ecylmz/unittrace/artifacts/full/roots/sources/ubuntu/proftpd-dfsg/1.3.9~dfsg-4/proftpd-1.3.9/contrib/dist/rpm/proftpd.service,1.3.9~dfsg-4,3063c41912608283a97566f0987a9442b28dfef6133d76c12ec241a960d27ed2,0,,NOT_APPLICABLE,exact basename or unique executable source mapping
https://www.qemu.org::upstream-unit::contrib/systemd/qemu-pr-helper.service,https://www.qemu.org,arch,qemu-pr-helper,qemu,11.0.3-1,U0_STATIC,/home/emrecan/github/ecylmz/unittrace/artifacts/full/roots/sources/arch/qemu/11.0.3-1/qemu-11.0.3/contrib/systemd/qemu-pr-helper.service,11.0.3-1,0848ab4bacaaddb2ce2d39fb641592bba1d77c4535f05b078ee80bd9cdd36b61,0,,NOT_APPLICABLE,exact basename or unique executable source mapping
https://www.qemu.org::upstream-unit::contrib/systemd/qemu-pr-helper.service,https://www.qemu.org,fedora,qemu-pr-helper,qemu,qemu-10.2.2-1.fc44.src.rpm,U0_STATIC,/home/emrecan/github/ecylmz/unittrace/artifacts/full/roots/sources/fedora/qemu/qemu-10.2.2-1.fc44.src.rpm/qemu-10.2.2/contrib/systemd/qemu-pr-helper.service,qemu-10.2.2-1.fc44.src.rpm,0848ab4bacaaddb2ce2d39fb641592bba1d77c4535f05b078ee80bd9cdd36b61,0,,NOT_APPLICABLE,exact basename or unique executable source mapping
https://www.rabbitmq.com::rabbitmq-server,https://www.rabbitmq.com,fedora,rabbitmq-server,rabbitmq-server,rabbitmq-server-4.2.9-2.fc44.src.rpm,U4_NO_UPSTREAM_STATIC_OR_TEMPLATE_UNIT,,rabbitmq-server-4.2.9-2.fc44.src.rpm,,0,,NOT_APPLICABLE,complete pristine orig-tar inventory contained no service unit or template
https://www.rabbitmq.com::rabbitmq-server,https://www.rabbitmq.com,ubuntu,rabbitmq-server,rabbitmq-server,4.0.5-10ubuntu5,U4_NO_UPSTREAM_STATIC_OR_TEMPLATE_UNIT,,4.0.5-10ubuntu5,,0,,NOT_APPLICABLE,complete pristine orig-tar inventory contained no service unit or template
https://www.remlab.net/ndisc6::rdnssd,https://www.remlab.net/ndisc6,debian,rdnssd,ndisc6,1.0.7-1,U4_NO_UPSTREAM_STATIC_OR_TEMPLATE_UNIT,,1.0.7-1,,0,,NOT_APPLICABLE,complete pristine orig-tar inventory contained no service unit or template
https://www.remlab.net/ndisc6::rdnssd,https://www.remlab.net/ndisc6,ubuntu,rdnssd,ndisc6,1.0.8-1,U4_NO_UPSTREAM_STATIC_OR_TEMPLATE_UNIT,,1.0.8-1,,0,,NOT_APPLICABLE,complete pristine orig-tar inventory contained no service unit or template
https://www.rsyslog.com::rsyslogd,https://www.rsyslog.com,debian,rsyslog,rsyslog,8.2504.0-1,U4_NO_UPSTREAM_STATIC_OR_TEMPLATE_UNIT,,8.2504.0-1,,0,,NOT_APPLICABLE,complete pristine orig-tar inventory contained no service unit or template
https://www.rsyslog.com::rsyslogd,https://www.rsyslog.com,fedora,rsyslog,rsyslog,rsyslog-8.2604.0-1.fc44.src.rpm,U4_NO_UPSTREAM_STATIC_OR_TEMPLATE_UNIT,,rsyslog-8.2604.0-1.fc44.src.rpm,,0,,NOT_APPLICABLE,complete pristine orig-tar inventory contained no service unit or template
https://www.rsyslog.com::rsyslogd,https://www.rsyslog.com,ubuntu,rsyslog,rsyslog,8.2512.0-1ubuntu4,U4_NO_UPSTREAM_STATIC_OR_TEMPLATE_UNIT,,8.2512.0-1ubuntu4,,0,,NOT_APPLICABLE,complete pristine orig-tar inventory contained no service unit or template
https://www.rutschle.net/tech/sslh/README.html::sslh,https://www.rutschle.net/tech/sslh/README.html,arch,sslh,sslh,2.3.1-1,U1_TEMPLATE_VALUE_ONLY,/home/emrecan/github/ecylmz/unittrace/artifacts/full/roots/sources/arch/sslh/2.3.1-1/sslh-d39388d1edcc9fe7a35449fc5c23d222d20d6f81/scripts/systemd.sslh@.service,2.3.1-1,91ba968c27b38b94745b2521be64d7ffbe856f062142d546210fc5de36c70eb5,0,,NOT_APPLICABLE,exact basename or unique executable source mapping
https://www.rutschle.net/tech/sslh/README.html::sslh,https://www.rutschle.net/tech/sslh/README.html,debian,sslh,sslh,2.1.4-1,U5_AMBIGUOUS_OR_UNRESOLVED,,2.1.4-1,,0,,NOT_ATTEMPTED,"no unique upstream artifact; candidates=2, executable_candidates=2"
https://www.rutschle.net/tech/sslh/README.html::sslh,https://www.rutschle.net/tech/sslh/README.html,ubuntu,sslh,sslh,2.1.4-1build2,U5_AMBIGUOUS_OR_UNRESOLVED,,2.1.4-1build2,,0,,NOT_ATTEMPTED,"no unique upstream artifact; candidates=2, executable_candidates=2"
https://www.samba.org::ctdbd,https://www.samba.org,debian,ctdb,samba,2:4.22.10+dfsg-0+deb13u1,U1_TEMPLATE_VALUE_ONLY,/home/emrecan/github/ecylmz/unittrace/artifacts/full/roots/sources/debian/samba/4.22.10+dfsg-0+deb13u1/samba-4.22.10/packaging/systemd/ctdb.service.in,2:4.22.10+dfsg-0+deb13u1,960280681ddf437754cf417c05117c49c4462115b34e17d7f5b06dfcebf46da4,0,,NOT_APPLICABLE,exact basename or unique executable source mapping
https://www.samba.org::ctdbd,https://www.samba.org,fedora,ctdb,samba,samba-4.24.5-1.fc44.src.rpm,U1_TEMPLATE_VALUE_ONLY,/home/emrecan/github/ecylmz/unittrace/artifacts/full/roots/sources/fedora/samba/samba-4.24.5-1.fc44.src.rpm/samba-4.24.5/packaging/systemd/ctdb.service.in,samba-4.24.5-1.fc44.src.rpm,960280681ddf437754cf417c05117c49c4462115b34e17d7f5b06dfcebf46da4,0,,NOT_APPLICABLE,exact basename or unique executable source mapping
https://www.samba.org::ctdbd,https://www.samba.org,ubuntu,ctdb,samba,2:4.23.6+dfsg-1ubuntu2,U1_TEMPLATE_VALUE_ONLY,/home/emrecan/github/ecylmz/unittrace/artifacts/full/roots/sources/ubuntu/samba/4.23.6+dfsg-1ubuntu2/samba-4.23.6/packaging/systemd/ctdb.service.in,2:4.23.6+dfsg-1ubuntu2,960280681ddf437754cf417c05117c49c4462115b34e17d7f5b06dfcebf46da4,0,,NOT_APPLICABLE,exact basename or unique executable source mapping
https://www.samba.org::nmbd,https://www.samba.org,arch,samba,samba,2:4.24.5-1,U2_TEMPLATE_STRUCTURAL,/home/emrecan/github/ecylmz/unittrace/artifacts/full/roots/sources/arch/samba/2:4.24.5-1/samba-4.24.5/packaging/systemd/nmb.service.in,2:4.24.5-1,94cb15d3d71aaba9289832b99ea2b73d46a05439c74df3cb746d16be690929e9,1,,NOT_APPLICABLE,exact basename or unique executable source mapping
https://www.samba.org::nmbd,https://www.samba.org,debian,samba,samba,2:4.22.10+dfsg-0+deb13u1,U2_TEMPLATE_STRUCTURAL,/home/emrecan/github/ecylmz/unittrace/artifacts/full/roots/sources/debian/samba/4.22.10+dfsg-0+deb13u1/samba-4.22.10/packaging/systemd/nmb.service.in,2:4.22.10+dfsg-0+deb13u1,94cb15d3d71aaba9289832b99ea2b73d46a05439c74df3cb746d16be690929e9,1,,NOT_APPLICABLE,exact basename or unique executable source mapping
https://www.samba.org::nmbd,https://www.samba.org,fedora,samba,samba,samba-4.24.5-1.fc44.src.rpm,U2_TEMPLATE_STRUCTURAL,/home/emrecan/github/ecylmz/unittrace/artifacts/full/roots/sources/fedora/samba/samba-4.24.5-1.fc44.src.rpm/samba-4.24.5/packaging/systemd/nmb.service.in,samba-4.24.5-1.fc44.src.rpm,94cb15d3d71aaba9289832b99ea2b73d46a05439c74df3cb746d16be690929e9,1,,NOT_APPLICABLE,exact basename or unique executable source mapping
https://www.samba.org::nmbd,https://www.samba.org,ubuntu,samba,samba,2:4.23.6+dfsg-1ubuntu2,U2_TEMPLATE_STRUCTURAL,/home/emrecan/github/ecylmz/unittrace/artifacts/full/roots/sources/ubuntu/samba/4.23.6+dfsg-1ubuntu2/samba-4.23.6/packaging/systemd/nmb.service.in,2:4.23.6+dfsg-1ubuntu2,94cb15d3d71aaba9289832b99ea2b73d46a05439c74df3cb746d16be690929e9,1,,NOT_APPLICABLE,exact basename or unique executable source mapping
https://www.samba.org::samba,https://www.samba.org,arch,samba,samba,2:4.24.5-1,U2_TEMPLATE_STRUCTURAL,/home/emrecan/github/ecylmz/unittrace/artifacts/full/roots/sources/arch/samba/2:4.24.5-1/samba-4.24.5/packaging/systemd/samba.service.in,2:4.24.5-1,da5a9489dba18e5b434669d67363ea42542d6d0264ed08bc252796da2832d169,1,,NOT_APPLICABLE,exact basename or unique executable source mapping
https://www.samba.org::samba,https://www.samba.org,debian,samba-ad-dc,samba,2:4.22.10+dfsg-0+deb13u1,U5_AMBIGUOUS_OR_UNRESOLVED,,2:4.22.10+dfsg-0+deb13u1,,0,,NOT_ATTEMPTED,"no unique upstream artifact; candidates=6, executable_candidates=5"
https://www.samba.org::samba,https://www.samba.org,fedora,samba-dc,samba,samba-4.24.5-1.fc44.src.rpm,U2_TEMPLATE_STRUCTURAL,/home/emrecan/github/ecylmz/unittrace/artifacts/full/roots/sources/fedora/samba/samba-4.24.5-1.fc44.src.rpm/samba-4.24.5/packaging/systemd/samba.service.in,samba-4.24.5-1.fc44.src.rpm,da5a9489dba18e5b434669d67363ea42542d6d0264ed08bc252796da2832d169,1,,NOT_APPLICABLE,exact basename or unique executable source mapping
https://www.samba.org::samba,https://www.samba.org,ubuntu,samba-ad-dc,samba,2:4.23.6+dfsg-1ubuntu2,U5_AMBIGUOUS_OR_UNRESOLVED,,2:4.23.6+dfsg-1ubuntu2,,0,,NOT_ATTEMPTED,"no unique upstream artifact; candidates=6, executable_candidates=5"
https://www.samba.org::samba-bgqd,https://www.samba.org,arch,samba,samba,2:4.24.5-1,U1_TEMPLATE_VALUE_ONLY,/home/emrecan/github/ecylmz/unittrace/artifacts/full/roots/sources/arch/samba/2:4.24.5-1/samba-4.24.5/packaging/systemd/samba-bgqd.service.in,2:4.24.5-1,e27739d51c8ba07b40c3b2825cef1b3c53758a68e3871a5e6c944640e1b43052,0,,NOT_APPLICABLE,exact basename or unique executable source mapping
https://www.samba.org::samba-bgqd,https://www.samba.org,fedora,samba,samba,samba-4.24.5-1.fc44.src.rpm,U1_TEMPLATE_VALUE_ONLY,/home/emrecan/github/ecylmz/unittrace/artifacts/full/roots/sources/fedora/samba/samba-4.24.5-1.fc44.src.rpm/samba-4.24.5/packaging/systemd/samba-bgqd.service.in,samba-4.24.5-1.fc44.src.rpm,e27739d51c8ba07b40c3b2825cef1b3c53758a68e3871a5e6c944640e1b43052,0,,NOT_APPLICABLE,exact basename or unique executable source mapping
https://www.samba.org::smbd,https://www.samba.org,arch,samba,samba,2:4.24.5-1,U2_TEMPLATE_STRUCTURAL,/home/emrecan/github/ecylmz/unittrace/artifacts/full/roots/sources/arch/samba/2:4.24.5-1/samba-4.24.5/packaging/systemd/smb.service.in,2:4.24.5-1,bca8480a01fbdd1c4bf65c4acc2da64c9226462f4f2fc944287e4243307483f8,1,,NOT_APPLICABLE,exact basename or unique executable source mapping
https://www.samba.org::smbd,https://www.samba.org,debian,samba,samba,2:4.22.10+dfsg-0+deb13u1,U2_TEMPLATE_STRUCTURAL,/home/emrecan/github/ecylmz/unittrace/artifacts/full/roots/sources/debian/samba/4.22.10+dfsg-0+deb13u1/samba-4.22.10/packaging/systemd/smb.service.in,2:4.22.10+dfsg-0+deb13u1,bca8480a01fbdd1c4bf65c4acc2da64c9226462f4f2fc944287e4243307483f8,1,,NOT_APPLICABLE,exact basename or unique executable source mapping
https://www.samba.org::smbd,https://www.samba.org,fedora,samba,samba,samba-4.24.5-1.fc44.src.rpm,U2_TEMPLATE_STRUCTURAL,/home/emrecan/github/ecylmz/unittrace/artifacts/full/roots/sources/fedora/samba/samba-4.24.5-1.fc44.src.rpm/samba-4.24.5/packaging/systemd/smb.service.in,samba-4.24.5-1.fc44.src.rpm,bca8480a01fbdd1c4bf65c4acc2da64c9226462f4f2fc944287e4243307483f8,1,,NOT_APPLICABLE,exact basename or unique executable source mapping
https://www.samba.org::smbd,https://www.samba.org,ubuntu,samba,samba,2:4.23.6+dfsg-1ubuntu2,U2_TEMPLATE_STRUCTURAL,/home/emrecan/github/ecylmz/unittrace/artifacts/full/roots/sources/ubuntu/samba/4.23.6+dfsg-1ubuntu2/samba-4.23.6/packaging/systemd/smb.service.in,2:4.23.6+dfsg-1ubuntu2,bca8480a01fbdd1c4bf65c4acc2da64c9226462f4f2fc944287e4243307483f8,1,,NOT_APPLICABLE,exact basename or unique executable source mapping
https://www.samba.org::winbindd,https://www.samba.org,arch,samba,samba,2:4.24.5-1,U2_TEMPLATE_STRUCTURAL,/home/emrecan/github/ecylmz/unittrace/artifacts/full/roots/sources/arch/samba/2:4.24.5-1/samba-4.24.5/packaging/systemd/winbind.service.in,2:4.24.5-1,4162754f9d2068c1ead0eaf53a939b142386bac53aacb9fb671e8b6624d97606,1,,NOT_APPLICABLE,exact basename or unique executable source mapping
https://www.samba.org::winbindd,https://www.samba.org,debian,winbind,samba,2:4.22.10+dfsg-0+deb13u1,U2_TEMPLATE_STRUCTURAL,/home/emrecan/github/ecylmz/unittrace/artifacts/full/roots/sources/debian/samba/4.22.10+dfsg-0+deb13u1/samba-4.22.10/packaging/systemd/winbind.service.in,2:4.22.10+dfsg-0+deb13u1,4162754f9d2068c1ead0eaf53a939b142386bac53aacb9fb671e8b6624d97606,1,,NOT_APPLICABLE,exact basename or unique executable source mapping
https://www.samba.org::winbindd,https://www.samba.org,fedora,samba-winbind,samba,samba-4.24.5-1.fc44.src.rpm,U2_TEMPLATE_STRUCTURAL,/home/emrecan/github/ecylmz/unittrace/artifacts/full/roots/sources/fedora/samba/samba-4.24.5-1.fc44.src.rpm/samba-4.24.5/packaging/systemd/winbind.service.in,samba-4.24.5-1.fc44.src.rpm,4162754f9d2068c1ead0eaf53a939b142386bac53aacb9fb671e8b6624d97606,1,,NOT_APPLICABLE,exact basename or unique executable source mapping
https://www.samba.org::winbindd,https://www.samba.org,ubuntu,winbind,samba,2:4.23.6+dfsg-1ubuntu2,U2_TEMPLATE_STRUCTURAL,/home/emrecan/github/ecylmz/unittrace/artifacts/full/roots/sources/ubuntu/samba/4.23.6+dfsg-1ubuntu2/samba-4.23.6/packaging/systemd/winbind.service.in,2:4.23.6+dfsg-1ubuntu2,4162754f9d2068c1ead0eaf53a939b142386bac53aacb9fb671e8b6624d97606,1,,NOT_APPLICABLE,exact basename or unique executable source mapping
https://www.smartmontools.org::smartd,https://www.smartmontools.org,arch,smartmontools,smartmontools,7.5-1,U1_TEMPLATE_VALUE_ONLY,/home/emrecan/github/ecylmz/unittrace/artifacts/full/roots/sources/arch/smartmontools/7.5-1/smartmontools-7.5/smartd.service.in,7.5-1,ca197306395be799537d35582412399b4593c581be2d59d4c56ea61f39a90f72,0,,NOT_APPLICABLE,exact basename or unique executable source mapping
https://www.smartmontools.org::smartd,https://www.smartmontools.org,debian,smartmontools,smartmontools,7.4-3,U1_TEMPLATE_VALUE_ONLY,/home/emrecan/github/ecylmz/unittrace/artifacts/full/roots/sources/debian/smartmontools/7.4-3/smartmontools-7.4/smartd.service.in,7.4-3,595c3426b828c8973aaf3dc92a50a93098685acd40a849add543f30de1fd1585,0,,NOT_APPLICABLE,exact basename or unique executable source mapping
https://www.smartmontools.org::smartd,https://www.smartmontools.org,fedora,smartmontools,smartmontools,smartmontools-7.5-6.fc44.src.rpm,U1_TEMPLATE_VALUE_ONLY,/home/emrecan/github/ecylmz/unittrace/artifacts/full/roots/sources/fedora/smartmontools/smartmontools-7.5-6.fc44.src.rpm/smartmontools-7.5/smartd.service.in,smartmontools-7.5-6.fc44.src.rpm,ca197306395be799537d35582412399b4593c581be2d59d4c56ea61f39a90f72,0,,NOT_APPLICABLE,exact basename or unique executable source mapping
https://www.smartmontools.org::smartd,https://www.smartmontools.org,ubuntu,smartmontools,smartmontools,7.5-2,U1_TEMPLATE_VALUE_ONLY,/home/emrecan/github/ecylmz/unittrace/artifacts/full/roots/sources/ubuntu/smartmontools/7.5-2/smartmontools-7.5/smartd.service.in,7.5-2,ca197306395be799537d35582412399b4593c581be2d59d4c56ea61f39a90f72,0,,NOT_APPLICABLE,exact basename or unique executable source mapping
https://www.spice-space.org::spice-vdagentd,https://www.spice-space.org,arch,spice-vdagent,spice-vdagent,0.23.0-1,U1_TEMPLATE_VALUE_ONLY,/home/emrecan/github/ecylmz/unittrace/artifacts/full/roots/sources/arch/spice-vdagent/0.23.0-1/vd_agent-761770bf10455563375a022315039779bf8aac36/data/spice-vdagentd.service,0.23.0-1,b62b04905283e8ee80b6388d592250a7113daacb987a8113ad96c8713c9ece87,0,,NOT_APPLICABLE,exact basename or unique executable source mapping
https://www.spice-space.org::spice-vdagentd,https://www.spice-space.org,debian,spice-vdagent,spice-vdagent,0.22.1-4.1,U1_TEMPLATE_VALUE_ONLY,/home/emrecan/github/ecylmz/unittrace/artifacts/full/roots/sources/debian/spice-vdagent/0.22.1-4.1/spice-vdagent-0.22.1/data/spice-vdagentd.service,0.22.1-4.1,819b811594071c03f809d577fbc823eb2c46a143cf245288412069911b48515a,0,,NOT_APPLICABLE,exact basename or unique executable source mapping
https://www.spice-space.org::spice-vdagentd,https://www.spice-space.org,ubuntu,spice-vdagent,spice-vdagent,0.23.0-1,U1_TEMPLATE_VALUE_ONLY,/home/emrecan/github/ecylmz/unittrace/artifacts/full/roots/sources/ubuntu/spice-vdagent/0.23.0-1/spice-vdagent-0.23.0/data/spice-vdagentd.service,0.23.0-1,b62b04905283e8ee80b6388d592250a7113daacb987a8113ad96c8713c9ece87,0,,NOT_APPLICABLE,exact basename or unique executable source mapping
https://www.sshguard.net::sshguard,https://www.sshguard.net,arch,sshguard,sshguard,2.5.1-1,U0_STATIC,/home/emrecan/github/ecylmz/unittrace/artifacts/full/roots/sources/arch/sshguard/2.5.1-1/sshguard-2.5.1/examples/sshguard.service,2.5.1-1,681c0927310313dbd31bdb9c3713bc84e6ee95921d62dc650972ffc9121a9b4f,0,,NOT_APPLICABLE,exact basename or unique executable source mapping
https://www.sshguard.net::sshguard,https://www.sshguard.net,fedora,sshguard,sshguard,sshguard-2.5.1-3.fc44.src.rpm,U0_STATIC,/home/emrecan/github/ecylmz/unittrace/artifacts/full/roots/sources/fedora/sshguard/sshguard-2.5.1-3.fc44.src.rpm/sshguard-2.5.1/examples/sshguard.service,sshguard-2.5.1-3.fc44.src.rpm,681c0927310313dbd31bdb9c3713bc84e6ee95921d62dc650972ffc9121a9b4f,0,,NOT_APPLICABLE,exact basename or unique executable source mapping
https://www.strongswan.org::charon-systemd,https://www.strongswan.org,arch,strongswan,strongswan,6.0.7-1,U1_TEMPLATE_VALUE_ONLY,/home/emrecan/github/ecylmz/unittrace/artifacts/full/roots/sources/arch/strongswan/6.0.7-1/strongswan-6.0.7/init/systemd/strongswan.service.in,6.0.7-1,2ab2f1f3e616eb75a12fe234a2127757550118a6f68bab38f0ba28554b810a2e,0,,NOT_APPLICABLE,exact basename or unique executable source mapping
https://www.strongswan.org::charon-systemd,https://www.strongswan.org,debian,charon-systemd,strongswan,6.0.1-6+deb13u6,U1_TEMPLATE_VALUE_ONLY,/home/emrecan/github/ecylmz/unittrace/artifacts/full/roots/sources/debian/strongswan/6.0.1-6+deb13u6/strongswan-6.0.1/init/systemd/strongswan.service.in,6.0.1-6+deb13u6,2ab2f1f3e616eb75a12fe234a2127757550118a6f68bab38f0ba28554b810a2e,0,,NOT_APPLICABLE,exact basename or unique executable source mapping
https://www.strongswan.org::charon-systemd,https://www.strongswan.org,fedora,strongswan,strongswan,strongswan-6.0.7-1.fc44.src.rpm,U1_TEMPLATE_VALUE_ONLY,/home/emrecan/github/ecylmz/unittrace/artifacts/full/roots/sources/fedora/strongswan/strongswan-6.0.7-1.fc44.src.rpm/strongswan-6.0.7/init/systemd/strongswan.service.in,strongswan-6.0.7-1.fc44.src.rpm,2ab2f1f3e616eb75a12fe234a2127757550118a6f68bab38f0ba28554b810a2e,0,,NOT_APPLICABLE,exact basename or unique executable source mapping
https://www.strongswan.org::charon-systemd,https://www.strongswan.org,ubuntu,charon-systemd,strongswan,6.0.4-1ubuntu2,U1_TEMPLATE_VALUE_ONLY,/home/emrecan/github/ecylmz/unittrace/artifacts/full/roots/sources/ubuntu/strongswan/6.0.4-1ubuntu2/strongswan-6.0.4/init/systemd/strongswan.service.in,6.0.4-1ubuntu2,2ab2f1f3e616eb75a12fe234a2127757550118a6f68bab38f0ba28554b810a2e,0,,NOT_APPLICABLE,exact basename or unique executable source mapping
https://www.strongswan.org::ipsec,https://www.strongswan.org,arch,strongswan,strongswan,6.0.7-1,U1_TEMPLATE_VALUE_ONLY,/home/emrecan/github/ecylmz/unittrace/artifacts/full/roots/sources/arch/strongswan/6.0.7-1/strongswan-6.0.7/init/systemd-starter/strongswan-starter.service.in,6.0.7-1,028a51273d1a136958db04e806ee248336f3ad1e610e255a295099a18186e360,0,,NOT_APPLICABLE,exact basename or unique executable source mapping
https://www.strongswan.org::ipsec,https://www.strongswan.org,debian,strongswan-starter,strongswan,6.0.1-6+deb13u6,U1_TEMPLATE_VALUE_ONLY,/home/emrecan/github/ecylmz/unittrace/artifacts/full/roots/sources/debian/strongswan/6.0.1-6+deb13u6/strongswan-6.0.1/init/systemd-starter/strongswan-starter.service.in,6.0.1-6+deb13u6,028a51273d1a136958db04e806ee248336f3ad1e610e255a295099a18186e360,0,,NOT_APPLICABLE,exact basename or unique executable source mapping
https://www.strongswan.org::ipsec,https://www.strongswan.org,ubuntu,strongswan-starter,strongswan,6.0.4-1ubuntu2,U1_TEMPLATE_VALUE_ONLY,/home/emrecan/github/ecylmz/unittrace/artifacts/full/roots/sources/ubuntu/strongswan/6.0.4-1ubuntu2/strongswan-6.0.4/init/systemd-starter/strongswan-starter.service.in,6.0.4-1ubuntu2,028a51273d1a136958db04e806ee248336f3ad1e610e255a295099a18186e360,0,,NOT_APPLICABLE,exact basename or unique executable source mapping
https://www.stunnel.org::stunnel,https://www.stunnel.org,arch,stunnel,stunnel,5.80-1,U1_TEMPLATE_VALUE_ONLY,/home/emrecan/github/ecylmz/unittrace/artifacts/full/roots/sources/arch/stunnel/5.80-1/stunnel-5.80/tools/stunnel.service.in,5.80-1,df901d913f7bbd083ca92a6890c18a6ef1509d69ac902aceaad345ca76f83a08,0,,NOT_APPLICABLE,exact basename or unique executable source mapping
https://www.stunnel.org::stunnel,https://www.stunnel.org,fedora,stunnel,stunnel,stunnel-5.78-1.fc44.src.rpm,U1_TEMPLATE_VALUE_ONLY,/home/emrecan/github/ecylmz/unittrace/artifacts/full/roots/sources/fedora/stunnel/stunnel-5.78-1.fc44.src.rpm/stunnel-5.78/tools/stunnel.service.in,stunnel-5.78-1.fc44.src.rpm,df901d913f7bbd083ca92a6890c18a6ef1509d69ac902aceaad345ca76f83a08,0,,NOT_APPLICABLE,exact basename or unique executable source mapping
https://www.svxlink.org::remotetrx,https://www.svxlink.org,debian,remotetrx,svxlink,24.02-5,U1_TEMPLATE_VALUE_ONLY,/home/emrecan/github/ecylmz/unittrace/artifacts/full/roots/sources/debian/svxlink/24.02-5/svxlink-24.02/src/svxlink/systemd/remotetrx.service.in,24.02-5,2596a7f3df3bf6ae67766d8fff7ea4f7d674fdee6b24be11c756d09ffcf6ab16,0,,NOT_APPLICABLE,exact basename or unique executable source mapping
https://www.svxlink.org::remotetrx,https://www.svxlink.org,fedora,svxlink-server,svxlink,svxlink-24.02-7.fc43.src.rpm,U1_TEMPLATE_VALUE_ONLY,/home/emrecan/github/ecylmz/unittrace/artifacts/full/roots/sources/fedora/svxlink/svxlink-24.02-7.fc43.src.rpm/svxlink-24.02/src/svxlink/systemd/remotetrx.service.in,svxlink-24.02-7.fc43.src.rpm,2596a7f3df3bf6ae67766d8fff7ea4f7d674fdee6b24be11c756d09ffcf6ab16,0,,NOT_APPLICABLE,exact basename or unique executable source mapping
https://www.svxlink.org::remotetrx,https://www.svxlink.org,ubuntu,remotetrx,svxlink,25.05.1-4,U1_TEMPLATE_VALUE_ONLY,/home/emrecan/github/ecylmz/unittrace/artifacts/full/roots/sources/ubuntu/svxlink/25.05.1-4/svxlink-25.05.1/src/svxlink/systemd/remotetrx.service.in,25.05.1-4,95f33f6e92cfca8fb9edff0c172ec734c2c0d67d7e066f329bf329355c7330f4,0,,NOT_APPLICABLE,exact basename or unique executable source mapping
https://www.svxlink.org::svxlink,https://www.svxlink.org,debian,svxlink-server,svxlink,24.02-5,U1_TEMPLATE_VALUE_ONLY,/home/emrecan/github/ecylmz/unittrace/artifacts/full/roots/sources/debian/svxlink/24.02-5/svxlink-24.02/src/svxlink/systemd/svxlink.service.in,24.02-5,41d5d021c6d905a0e2c1533642a19aaf8bb4f139cbdf846824787d1ac5031afe,0,,NOT_APPLICABLE,exact basename or unique executable source mapping
https://www.svxlink.org::svxlink,https://www.svxlink.org,fedora,svxlink-server,svxlink,svxlink-24.02-7.fc43.src.rpm,U1_TEMPLATE_VALUE_ONLY,/home/emrecan/github/ecylmz/unittrace/artifacts/full/roots/sources/fedora/svxlink/svxlink-24.02-7.fc43.src.rpm/svxlink-24.02/src/svxlink/systemd/svxlink.service.in,svxlink-24.02-7.fc43.src.rpm,41d5d021c6d905a0e2c1533642a19aaf8bb4f139cbdf846824787d1ac5031afe,0,,NOT_APPLICABLE,exact basename or unique executable source mapping
https://www.svxlink.org::svxlink,https://www.svxlink.org,ubuntu,svxlink-server,svxlink,25.05.1-4,U1_TEMPLATE_VALUE_ONLY,/home/emrecan/github/ecylmz/unittrace/artifacts/full/roots/sources/ubuntu/svxlink/25.05.1-4/svxlink-25.05.1/src/svxlink/systemd/svxlink.service.in,25.05.1-4,baa65306be5dd1521e44f457bb424c7532e3af431f3114492039d6ab30a37f2c,0,,NOT_APPLICABLE,exact basename or unique executable source mapping
https://www.svxlink.org::svxlink_gpio_up,https://www.svxlink.org,fedora,svxlink-server,svxlink,svxlink-24.02-7.fc43.src.rpm,U1_TEMPLATE_VALUE_ONLY,/home/emrecan/github/ecylmz/unittrace/artifacts/full/roots/sources/fedora/svxlink/svxlink-24.02-7.fc43.src.rpm/svxlink-24.02/src/svxlink/systemd/svxlink_gpio_setup.service.in,svxlink-24.02-7.fc43.src.rpm,4e670dd937a694a6d78c0ff9e5a5821293023f0b5afdbf046b0e95393993e146,0,,NOT_APPLICABLE,exact basename or unique executable source mapping
https://www.svxlink.org::svxlink_gpio_up,https://www.svxlink.org,ubuntu,svxlink-gpio,svxlink,25.05.1-4,U1_TEMPLATE_VALUE_ONLY,/home/emrecan/github/ecylmz/unittrace/artifacts/full/roots/sources/ubuntu/svxlink/25.05.1-4/svxlink-25.05.1/src/svxlink/systemd/svxlink_gpio_setup.service.in,25.05.1-4,4e670dd937a694a6d78c0ff9e5a5821293023f0b5afdbf046b0e95393993e146,0,,NOT_APPLICABLE,exact basename or unique executable source mapping
https://www.svxlink.org::svxreflector,https://www.svxlink.org,debian,svxreflector,svxlink,24.02-5,U1_TEMPLATE_VALUE_ONLY,/home/emrecan/github/ecylmz/unittrace/artifacts/full/roots/sources/debian/svxlink/24.02-5/svxlink-24.02/src/svxlink/systemd/svxreflector.service.in,24.02-5,c4f0587ef35c169d04ba1528d4dbdb77e53d7fa95825e6a6bb07b9a5e4d7bdd5,0,,NOT_APPLICABLE,exact basename or unique executable source mapping
https://www.svxlink.org::svxreflector,https://www.svxlink.org,fedora,svxlink-reflector,svxlink,svxlink-24.02-7.fc43.src.rpm,U1_TEMPLATE_VALUE_ONLY,/home/emrecan/github/ecylmz/unittrace/artifacts/full/roots/sources/fedora/svxlink/svxlink-24.02-7.fc43.src.rpm/svxlink-24.02/src/svxlink/systemd/svxreflector.service.in,svxlink-24.02-7.fc43.src.rpm,c4f0587ef35c169d04ba1528d4dbdb77e53d7fa95825e6a6bb07b9a5e4d7bdd5,0,,NOT_APPLICABLE,exact basename or unique executable source mapping
https://www.svxlink.org::svxreflector,https://www.svxlink.org,ubuntu,svxreflector,svxlink,25.05.1-4,U1_TEMPLATE_VALUE_ONLY,/home/emrecan/github/ecylmz/unittrace/artifacts/full/roots/sources/ubuntu/svxlink/25.05.1-4/svxlink-25.05.1/src/svxlink/systemd/svxreflector.service.in,25.05.1-4,656bdb9e20e1af736ef7e8ad4ddaf7e610c34bf38671aa2e6a0b0629dc791069,0,,NOT_APPLICABLE,exact basename or unique executable source mapping
https://www.teeworlds.com::sh,https://www.teeworlds.com,debian,teeworlds-server,teeworlds,0.7.5-2,U4_NO_UPSTREAM_STATIC_OR_TEMPLATE_UNIT,,0.7.5-2,,0,,NOT_APPLICABLE,complete pristine orig-tar inventory contained no service unit or template
https://www.teeworlds.com::sh,https://www.teeworlds.com,ubuntu,teeworlds-server,teeworlds,0.7.5-3,U4_NO_UPSTREAM_STATIC_OR_TEMPLATE_UNIT,,0.7.5-3,,0,,NOT_APPLICABLE,complete pristine orig-tar inventory contained no service unit or template
https://www.tinc-vpn.org::true,https://www.tinc-vpn.org,arch,tinc,tinc,1.0.36-4,U1_TEMPLATE_VALUE_ONLY,/home/emrecan/github/ecylmz/unittrace/artifacts/full/roots/sources/arch/tinc/1.0.36-4/tinc-1.0.36/systemd/tinc.service.in,1.0.36-4,ebbae173fbe4bb135232274218c2f80f3399b66e92bf13dfc4ecea1144f35fbd,0,,NOT_APPLICABLE,exact basename or unique executable source mapping
https://www.tinc-vpn.org::true,https://www.tinc-vpn.org,debian,tinc,tinc,1.0.36-2.1,U1_TEMPLATE_VALUE_ONLY,/home/emrecan/github/ecylmz/unittrace/artifacts/full/roots/sources/debian/tinc/1.0.36-2.1/tinc-1.0.36/systemd/tinc.service.in,1.0.36-2.1,ebbae173fbe4bb135232274218c2f80f3399b66e92bf13dfc4ecea1144f35fbd,0,,NOT_APPLICABLE,exact basename or unique executable source mapping
https://www.tinc-vpn.org::true,https://www.tinc-vpn.org,fedora,tinc,tinc,tinc-1.0.36-17.fc44.src.rpm,U1_TEMPLATE_VALUE_ONLY,/home/emrecan/github/ecylmz/unittrace/artifacts/full/roots/sources/fedora/tinc/tinc-1.0.36-17.fc44.src.rpm/tinc-1.0.36/systemd/tinc.service.in,tinc-1.0.36-17.fc44.src.rpm,ebbae173fbe4bb135232274218c2f80f3399b66e92bf13dfc4ecea1144f35fbd,0,,NOT_APPLICABLE,exact basename or unique executable source mapping
https://www.tinc-vpn.org::true,https://www.tinc-vpn.org,ubuntu,tinc,tinc,1.0.36-2.1build1,U1_TEMPLATE_VALUE_ONLY,/home/emrecan/github/ecylmz/unittrace/artifacts/full/roots/sources/ubuntu/tinc/1.0.36-2.1build1/tinc-1.0.36/systemd/tinc.service.in,1.0.36-2.1build1,ebbae173fbe4bb135232274218c2f80f3399b66e92bf13dfc4ecea1144f35fbd,0,,NOT_APPLICABLE,exact basename or unique executable source mapping
https://www.tntnet.org::tntnet,https://www.tntnet.org,debian,tntnet,tntnet,3.0-4,U4_NO_UPSTREAM_STATIC_OR_TEMPLATE_UNIT,,3.0-4,,0,,NOT_APPLICABLE,complete pristine orig-tar inventory contained no service unit or template
https://www.tntnet.org::tntnet,https://www.tntnet.org,fedora,tntnet,tntnet,tntnet-3.0-15.fc44.src.rpm,U4_NO_UPSTREAM_STATIC_OR_TEMPLATE_UNIT,,tntnet-3.0-15.fc44.src.rpm,,0,,NOT_APPLICABLE,complete pristine orig-tar inventory contained no service unit or template
https://www.tntnet.org::tntnet,https://www.tntnet.org,ubuntu,tntnet,tntnet,3.0-4build1,U4_NO_UPSTREAM_STATIC_OR_TEMPLATE_UNIT,,3.0-4build1,,0,,NOT_APPLICABLE,complete pristine orig-tar inventory contained no service unit or template
https://www.torproject.org::tor,https://www.torproject.org,debian,tor,tor,0.4.9.11-0+deb13u1,U4_NO_UPSTREAM_STATIC_OR_TEMPLATE_UNIT,,0.4.9.11-0+deb13u1,,0,,NOT_APPLICABLE,complete pristine orig-tar inventory contained no service unit or template
https://www.torproject.org::tor,https://www.torproject.org,fedora,tor,tor,tor-0.4.9.11-1.fc44.src.rpm,U4_NO_UPSTREAM_STATIC_OR_TEMPLATE_UNIT,,tor-0.4.9.11-1.fc44.src.rpm,,0,,NOT_APPLICABLE,complete pristine orig-tar inventory contained no service unit or template
https://www.torproject.org::tor,https://www.torproject.org,ubuntu,tor,tor,0.4.9.6-1,U4_NO_UPSTREAM_STATIC_OR_TEMPLATE_UNIT,,0.4.9.6-1,,0,,NOT_APPLICABLE,complete pristine orig-tar inventory contained no service unit or template
https://www.torproject.org::true,https://www.torproject.org,debian,tor,tor,0.4.9.11-0+deb13u1,U4_NO_UPSTREAM_STATIC_OR_TEMPLATE_UNIT,,0.4.9.11-0+deb13u1,,0,,NOT_APPLICABLE,complete pristine orig-tar inventory contained no service unit or template
https://www.torproject.org::true,https://www.torproject.org,fedora,tor,tor,tor-0.4.9.11-1.fc44.src.rpm,U4_NO_UPSTREAM_STATIC_OR_TEMPLATE_UNIT,,tor-0.4.9.11-1.fc44.src.rpm,,0,,NOT_APPLICABLE,complete pristine orig-tar inventory contained no service unit or template
https://www.torproject.org::true,https://www.torproject.org,ubuntu,tor,tor,0.4.9.6-1,U4_NO_UPSTREAM_STATIC_OR_TEMPLATE_UNIT,,0.4.9.6-1,,0,,NOT_APPLICABLE,complete pristine orig-tar inventory contained no service unit or template
https://www.transmissionbt.com::transmission-daemon,https://www.transmissionbt.com,arch,transmission-cli,transmission,4.1.3-2,U1_TEMPLATE_VALUE_ONLY,/home/emrecan/github/ecylmz/unittrace/artifacts/full/roots/sources/arch/transmission/4.1.3-2/transmission-4.1.3/daemon/transmission-daemon.service.in,4.1.3-2,f6e81d99b29b99e155ca5425fe3874a25fb6dce443c872e28ada3593826eef1a,0,,NOT_APPLICABLE,exact basename or unique executable source mapping
https://www.transmissionbt.com::transmission-daemon,https://www.transmissionbt.com,fedora,transmission-daemon,transmission,transmission-4.1.3-1.fc44.src.rpm,U1_TEMPLATE_VALUE_ONLY,/home/emrecan/github/ecylmz/unittrace/artifacts/full/roots/sources/fedora/transmission/transmission-4.1.3-1.fc44.src.rpm/transmission-4.1.3/daemon/transmission-daemon.service.in,transmission-4.1.3-1.fc44.src.rpm,f6e81d99b29b99e155ca5425fe3874a25fb6dce443c872e28ada3593826eef1a,0,,NOT_APPLICABLE,exact basename or unique executable source mapping
https://www.tvdr.de::vdr,https://www.tvdr.de,debian,vdr,vdr,2.6.9-3,U4_NO_UPSTREAM_STATIC_OR_TEMPLATE_UNIT,,2.6.9-3,,0,,NOT_APPLICABLE,complete pristine orig-tar inventory contained no service unit or template
https://www.tvdr.de::vdr,https://www.tvdr.de,ubuntu,vdr,vdr,2.6.9-3build1,U4_NO_UPSTREAM_STATIC_OR_TEMPLATE_UNIT,,2.6.9-3build1,,0,,NOT_APPLICABLE,complete pristine orig-tar inventory contained no service unit or template
https://www.unix-ag.uni-kl.de/~bloch/acng::apt-cacher-ng,https://www.unix-ag.uni-kl.de/~bloch/acng,debian,apt-cacher-ng,apt-cacher-ng,3.7.5-1,U5_AMBIGUOUS_OR_UNRESOLVED,,3.7.5-1,,0,,NOT_ATTEMPTED,ambiguous exact artifacts=2
https://www.unix-ag.uni-kl.de/~bloch/acng::apt-cacher-ng,https://www.unix-ag.uni-kl.de/~bloch/acng,fedora,apt-cacher-ng,apt-cacher-ng,apt-cacher-ng-3.7.5-2.fc43.src.rpm,U5_AMBIGUOUS_OR_UNRESOLVED,,apt-cacher-ng-3.7.5-2.fc43.src.rpm,,0,,NOT_ATTEMPTED,ambiguous exact artifacts=2
https://www.unix-ag.uni-kl.de/~bloch/acng::apt-cacher-ng,https://www.unix-ag.uni-kl.de/~bloch/acng,ubuntu,apt-cacher-ng,apt-cacher-ng,3.7.5-1.1,U5_AMBIGUOUS_OR_UNRESOLVED,,3.7.5-1.1,,0,,NOT_ATTEMPTED,ambiguous exact artifacts=2
https://www.unrealircd.org::unrealircd,https://www.unrealircd.org,arch,unrealircd,unrealircd,6.2.6-1,U5_AMBIGUOUS_OR_UNRESOLVED,,6.2.6-1,,0,,NOT_ATTEMPTED,pristine source unavailable
https://www.unrealircd.org::unrealircd,https://www.unrealircd.org,fedora,unrealircd,unrealircd,unrealircd-6.1.10-3.fc44.src.rpm,U4_NO_UPSTREAM_STATIC_OR_TEMPLATE_UNIT,,unrealircd-6.1.10-3.fc44.src.rpm,,0,,NOT_APPLICABLE,complete pristine orig-tar inventory contained no service unit or template
https://www.varnish-cache.org::varnishd,https://www.varnish-cache.org,fedora,varnish,varnish,varnish-8.0.2-1.fc44.src.rpm,U5_AMBIGUOUS_OR_UNRESOLVED,,varnish-8.0.2-1.fc44.src.rpm,,0,,NOT_ATTEMPTED,ambiguous exact artifacts=4
https://www.varnish-cache.org::varnishd,https://www.varnish-cache.org,ubuntu,varnish,varnish,7.7.3-1build1,U4_NO_UPSTREAM_STATIC_OR_TEMPLATE_UNIT,,7.7.3-1build1,,0,,NOT_APPLICABLE,complete pristine orig-tar inventory contained no service unit or template
https://www.varnish-cache.org::varnishncsa,https://www.varnish-cache.org,fedora,varnish,varnish,varnish-8.0.2-1.fc44.src.rpm,U5_AMBIGUOUS_OR_UNRESOLVED,,varnish-8.0.2-1.fc44.src.rpm,,0,,NOT_ATTEMPTED,ambiguous exact artifacts=3
https://www.varnish-cache.org::varnishncsa,https://www.varnish-cache.org,ubuntu,varnish,varnish,7.7.3-1build1,U4_NO_UPSTREAM_STATIC_OR_TEMPLATE_UNIT,,7.7.3-1build1,,0,,NOT_APPLICABLE,complete pristine orig-tar inventory contained no service unit or template
https://www.wesnoth.org::wesnothd,https://www.wesnoth.org,arch,wesnoth,wesnoth,1:1.18.7-2,U5_AMBIGUOUS_OR_UNRESOLVED,,1:1.18.7-2,,0,,NOT_ATTEMPTED,pristine source unavailable
https://www.wesnoth.org::wesnothd,https://www.wesnoth.org,fedora,wesnoth-server,wesnoth,wesnoth-1.19.24-1.fc44.src.rpm,U1_TEMPLATE_VALUE_ONLY,/home/emrecan/github/ecylmz/unittrace/artifacts/full/roots/sources/fedora/wesnoth/wesnoth-1.19.24-1.fc44.src.rpm/wesnoth-1.19.24/packaging/systemd/wesnothd.service.in,wesnoth-1.19.24-1.fc44.src.rpm,0f37415bf5ac5ddd43f6bd8d41906e989ce523f9490fb9e31377075f0ae159f0,0,,NOT_APPLICABLE,exact basename or unique executable source mapping
https://www.wesnoth.org::wesnothd-1.18,https://www.wesnoth.org,debian,wesnoth-1.18-server,wesnoth-1.18,1:1.18.5-1,U5_AMBIGUOUS_OR_UNRESOLVED,,1:1.18.5-1,,0,,NOT_ATTEMPTED,"no unique upstream artifact; candidates=1, executable_candidates=0"
https://www.wesnoth.org::wesnothd-1.18,https://www.wesnoth.org,ubuntu,wesnoth-1.18-server,wesnoth-1.18,1:1.18.7-1,U5_AMBIGUOUS_OR_UNRESOLVED,,1:1.18.7-1,,0,,NOT_ATTEMPTED,"no unique upstream artifact; candidates=1, executable_candidates=0"
https://www.xrdp.org::xrdp,https://www.xrdp.org,debian,xrdp,xrdp,0.10.1-3.1+deb13u1,U1_TEMPLATE_VALUE_ONLY,/home/emrecan/github/ecylmz/unittrace/artifacts/full/roots/sources/debian/xrdp/0.10.1-3.1+deb13u1/xrdp-0.10.1/instfiles/xrdp.service.in,0.10.1-3.1+deb13u1,27c3a86ea364d4dedb43f06c35b7e8aac0c8ff9a2facd8dd101e478053bbb805,0,,NOT_APPLICABLE,exact basename or unique executable source mapping
https://www.xrdp.org::xrdp,https://www.xrdp.org,fedora,xrdp,xrdp,xrdp-0.10.6.1-3.fc44.src.rpm,U5_AMBIGUOUS_OR_UNRESOLVED,,xrdp-0.10.6.1-3.fc44.src.rpm,,0,,NOT_ATTEMPTED,pristine source unavailable
https://www.xrdp.org::xrdp,https://www.xrdp.org,ubuntu,xrdp,xrdp,0.10.1-4.1,U1_TEMPLATE_VALUE_ONLY,/home/emrecan/github/ecylmz/unittrace/artifacts/full/roots/sources/ubuntu/xrdp/0.10.1-4.1/xrdp-0.10.1/instfiles/xrdp.service.in,0.10.1-4.1,27c3a86ea364d4dedb43f06c35b7e8aac0c8ff9a2facd8dd101e478053bbb805,0,,NOT_APPLICABLE,exact basename or unique executable source mapping
https://www.xrdp.org::xrdp-sesman,https://www.xrdp.org,debian,xrdp,xrdp,0.10.1-3.1+deb13u1,U1_TEMPLATE_VALUE_ONLY,/home/emrecan/github/ecylmz/unittrace/artifacts/full/roots/sources/debian/xrdp/0.10.1-3.1+deb13u1/xrdp-0.10.1/instfiles/xrdp-sesman.service.in,0.10.1-3.1+deb13u1,21a57404e62ec83f661aee0ea2cb2ea06ccb5d9050f98a39f6616ac0d8f4a0d6,0,,NOT_APPLICABLE,exact basename or unique executable source mapping
https://www.xrdp.org::xrdp-sesman,https://www.xrdp.org,fedora,xrdp,xrdp,xrdp-0.10.6.1-3.fc44.src.rpm,U5_AMBIGUOUS_OR_UNRESOLVED,,xrdp-0.10.6.1-3.fc44.src.rpm,,0,,NOT_ATTEMPTED,pristine source unavailable
https://www.xrdp.org::xrdp-sesman,https://www.xrdp.org,ubuntu,xrdp,xrdp,0.10.1-4.1,U1_TEMPLATE_VALUE_ONLY,/home/emrecan/github/ecylmz/unittrace/artifacts/full/roots/sources/ubuntu/xrdp/0.10.1-4.1/xrdp-0.10.1/instfiles/xrdp-sesman.service.in,0.10.1-4.1,21a57404e62ec83f661aee0ea2cb2ea06ccb5d9050f98a39f6616ac0d8f4a0d6,0,,NOT_APPLICABLE,exact basename or unique executable source mapping
https://www.yadifa.eu::yadifad,https://www.yadifa.eu,debian,yadifa,yadifa,3.0.2-3,U4_NO_UPSTREAM_STATIC_OR_TEMPLATE_UNIT,,3.0.2-3,,0,,NOT_APPLICABLE,complete pristine orig-tar inventory contained no service unit or template
https://www.yadifa.eu::yadifad,https://www.yadifa.eu,fedora,yadifa,yadifa,yadifa-2.6.7-5.fc44.src.rpm,U4_NO_UPSTREAM_STATIC_OR_TEMPLATE_UNIT,,yadifa-2.6.7-5.fc44.src.rpm,,0,,NOT_APPLICABLE,complete pristine orig-tar inventory contained no service unit or template
https://www.yadifa.eu::yadifad,https://www.yadifa.eu,ubuntu,yadifa,yadifa,3.0.6-1,U4_NO_UPSTREAM_STATIC_OR_TEMPLATE_UNIT,,3.0.6-1,,0,,NOT_APPLICABLE,complete pristine orig-tar inventory contained no service unit or template
https://www.yo2loj.ro/hamprojects::ampr-ripd,https://www.yo2loj.ro/hamprojects,debian,ampr-ripd,ampr-ripd,2.4.1-1,U4_NO_UPSTREAM_STATIC_OR_TEMPLATE_UNIT,,2.4.1-1,,0,,NOT_APPLICABLE,complete pristine orig-tar inventory contained no service unit or template
https://www.yo2loj.ro/hamprojects::ampr-ripd,https://www.yo2loj.ro/hamprojects,fedora,ampr-ripd,ampr-ripd,ampr-ripd-2.4.2-4.fc44.src.rpm,U4_NO_UPSTREAM_STATIC_OR_TEMPLATE_UNIT,,ampr-ripd-2.4.2-4.fc44.src.rpm,,0,,NOT_APPLICABLE,complete pristine orig-tar inventory contained no service unit or template
https://www.yo2loj.ro/hamprojects::ampr-ripd,https://www.yo2loj.ro/hamprojects,ubuntu,ampr-ripd,ampr-ripd,2.4.1-1build1,U4_NO_UPSTREAM_STATIC_OR_TEMPLATE_UNIT,,2.4.1-1build1,,0,,NOT_APPLICABLE,complete pristine orig-tar inventory contained no service unit or template
https://www.zabbix.com::zabbix_agentd,https://www.zabbix.com,arch,zabbix-agent,zabbix,7.4.13-1,U5_AMBIGUOUS_OR_UNRESOLVED,,7.4.13-1,,0,,NOT_ATTEMPTED,pristine source unavailable
https://www.zabbix.com::zabbix_agentd,https://www.zabbix.com,fedora,zabbix-agent,zabbix,zabbix-7.4.12-1.fc44.src.rpm,U4_NO_UPSTREAM_STATIC_OR_TEMPLATE_UNIT,,zabbix-7.4.12-1.fc44.src.rpm,,0,,NOT_APPLICABLE,complete pristine orig-tar inventory contained no service unit or template
https://www.zeroflux.org/projects/knock::knockd,https://www.zeroflux.org/projects/knock,debian,knockd,knockd,0.8-2,U4_NO_UPSTREAM_STATIC_OR_TEMPLATE_UNIT,,0.8-2,,0,,NOT_APPLICABLE,complete pristine orig-tar inventory contained no service unit or template
https://www.zeroflux.org/projects/knock::knockd,https://www.zeroflux.org/projects/knock,fedora,knock-server,knock,knock-0.8-13.fc44.src.rpm,U4_NO_UPSTREAM_STATIC_OR_TEMPLATE_UNIT,,knock-0.8-13.fc44.src.rpm,,0,,NOT_APPLICABLE,complete pristine orig-tar inventory contained no service unit or template
https://www.zeroflux.org/projects/knock::knockd,https://www.zeroflux.org/projects/knock,ubuntu,knockd,knockd,0.8-2build3,U4_NO_UPSTREAM_STATIC_OR_TEMPLATE_UNIT,,0.8-2build3,,0,,NOT_APPLICABLE,complete pristine orig-tar inventory contained no service unit or template
https://xfs.wiki.kernel.org::xfs_healer_start,https://xfs.wiki.kernel.org,arch,xfsprogs,xfsprogs,7.1.1-1,U5_AMBIGUOUS_OR_UNRESOLVED,,7.1.1-1,,0,,NOT_ATTEMPTED,pristine source unavailable
https://xfs.wiki.kernel.org::xfs_healer_start,https://xfs.wiki.kernel.org,fedora,xfsprogs,xfsprogs,xfsprogs-7.1.1-1.fc44.src.rpm,U1_TEMPLATE_VALUE_ONLY,/home/emrecan/github/ecylmz/unittrace/artifacts/full/roots/sources/fedora/xfsprogs/xfsprogs-7.1.1-1.fc44.src.rpm/xfsprogs-7.1.1/healer/xfs_healer_start.service.in,xfsprogs-7.1.1-1.fc44.src.rpm,3de6efac7c11cbe531e8ebfb6b8092f99d4a8ffba60cc345932320462030b7b2,0,,NOT_APPLICABLE,exact basename or unique executable source mapping
https://xfs.wiki.kernel.org::xfs_scrub_all,https://xfs.wiki.kernel.org,arch,xfsprogs,xfsprogs,7.1.1-1,U5_AMBIGUOUS_OR_UNRESOLVED,,7.1.1-1,,0,,NOT_ATTEMPTED,pristine source unavailable
https://xfs.wiki.kernel.org::xfs_scrub_all,https://xfs.wiki.kernel.org,debian,xfsprogs,xfsprogs,6.13.0-2,U1_TEMPLATE_VALUE_ONLY,/home/emrecan/github/ecylmz/unittrace/artifacts/full/roots/sources/debian/xfsprogs/6.13.0-2/xfsprogs-6.13.0/scrub/xfs_scrub_all.service.in,6.13.0-2,af183eaf3f5f82ac8bf55ce00084167e9d5cc8a712356c980378e9cd76e3d587,0,,NOT_APPLICABLE,exact basename or unique executable source mapping
https://xfs.wiki.kernel.org::xfs_scrub_all,https://xfs.wiki.kernel.org,fedora,xfsprogs-xfs_scrub,xfsprogs,xfsprogs-7.1.1-1.fc44.src.rpm,U1_TEMPLATE_VALUE_ONLY,/home/emrecan/github/ecylmz/unittrace/artifacts/full/roots/sources/fedora/xfsprogs/xfsprogs-7.1.1-1.fc44.src.rpm/xfsprogs-7.1.1/scrub/xfs_scrub_all.service.in,xfsprogs-7.1.1-1.fc44.src.rpm,af183eaf3f5f82ac8bf55ce00084167e9d5cc8a712356c980378e9cd76e3d587,0,,NOT_APPLICABLE,exact basename or unique executable source mapping
https://xfs.wiki.kernel.org::xfs_scrub_all,https://xfs.wiki.kernel.org,ubuntu,xfsprogs,xfsprogs,6.18.0-3,U1_TEMPLATE_VALUE_ONLY,/home/emrecan/github/ecylmz/unittrace/artifacts/full/roots/sources/ubuntu/xfsprogs/6.18.0-3/xfsprogs-6.18.0/scrub/xfs_scrub_all.service.in,6.18.0-3,af183eaf3f5f82ac8bf55ce00084167e9d5cc8a712356c980378e9cd76e3d587,0,,NOT_APPLICABLE,exact basename or unique executable source mapping
https://xfs.wiki.kernel.org::xfs_scrub_fail,https://xfs.wiki.kernel.org,arch,xfsprogs,xfsprogs,7.1.1-1,U5_AMBIGUOUS_OR_UNRESOLVED,,7.1.1-1,,0,,NOT_ATTEMPTED,pristine source unavailable
https://xfs.wiki.kernel.org::xfs_scrub_fail,https://xfs.wiki.kernel.org,debian,xfsprogs,xfsprogs,6.13.0-2,U1_TEMPLATE_VALUE_ONLY,/home/emrecan/github/ecylmz/unittrace/artifacts/full/roots/sources/debian/xfsprogs/6.13.0-2/xfsprogs-6.13.0/scrub/xfs_scrub_all_fail.service.in,6.13.0-2,5fee394e6a2dd4b3cf304411ec48ce9e16800403d23ec26ea6608c9a00d7a9d9,0,,NOT_APPLICABLE,exact basename or unique executable source mapping
https://xfs.wiki.kernel.org::xfs_scrub_fail,https://xfs.wiki.kernel.org,fedora,xfsprogs-xfs_scrub,xfsprogs,xfsprogs-7.1.1-1.fc44.src.rpm,U1_TEMPLATE_VALUE_ONLY,/home/emrecan/github/ecylmz/unittrace/artifacts/full/roots/sources/fedora/xfsprogs/xfsprogs-7.1.1-1.fc44.src.rpm/xfsprogs-7.1.1/scrub/xfs_scrub_all_fail.service.in,xfsprogs-7.1.1-1.fc44.src.rpm,97af103e81735280c7b3a78e6f213015a69f307c57df34e55103cfbff3001bf8,0,,NOT_APPLICABLE,exact basename or unique executable source mapping
https://xfs.wiki.kernel.org::xfs_scrub_fail,https://xfs.wiki.kernel.org,ubuntu,xfsprogs,xfsprogs,6.18.0-3,U1_TEMPLATE_VALUE_ONLY,/home/emrecan/github/ecylmz/unittrace/artifacts/full/roots/sources/ubuntu/xfsprogs/6.18.0-3/xfsprogs-6.18.0/scrub/xfs_scrub_all_fail.service.in,6.18.0-3,5fee394e6a2dd4b3cf304411ec48ce9e16800403d23ec26ea6608c9a00d7a9d9,0,,NOT_APPLICABLE,exact basename or unique executable source mapping
https://zeroc.com::glacier2router,https://zeroc.com,arch,zeroc-ice,zeroc-ice,3.7.10-3,U5_AMBIGUOUS_OR_UNRESOLVED,,3.7.10-3,,0,,NOT_ATTEMPTED,pristine source unavailable
https://zeroc.com::glacier2router,https://zeroc.com,debian,zeroc-glacier2,zeroc-ice,3.7.10-3.1,U5_AMBIGUOUS_OR_UNRESOLVED,,3.7.10-3.1,,0,,NOT_ATTEMPTED,"no unique upstream artifact; candidates=4, executable_candidates=0"
https://zeroc.com::glacier2router,https://zeroc.com,ubuntu,zeroc-glacier2,zeroc-ice,3.7.10-4build2,U5_AMBIGUOUS_OR_UNRESOLVED,,3.7.10-4build2,,0,,NOT_ATTEMPTED,"no unique upstream artifact; candidates=4, executable_candidates=0"
https://zeroc.com::icegridnode,https://zeroc.com,arch,zeroc-ice,zeroc-ice,3.7.10-3,U5_AMBIGUOUS_OR_UNRESOLVED,,3.7.10-3,,0,,NOT_ATTEMPTED,pristine source unavailable
https://zeroc.com::icegridnode,https://zeroc.com,debian,zeroc-icegrid,zeroc-ice,3.7.10-3.1,U5_AMBIGUOUS_OR_UNRESOLVED,,3.7.10-3.1,,0,,NOT_ATTEMPTED,"no unique upstream artifact; candidates=4, executable_candidates=0"
https://zeroc.com::icegridnode,https://zeroc.com,ubuntu,zeroc-icegrid,zeroc-ice,3.7.10-4build2,U5_AMBIGUOUS_OR_UNRESOLVED,,3.7.10-4build2,,0,,NOT_ATTEMPTED,"no unique upstream artifact; candidates=4, executable_candidates=0"
https://zeroc.com::icegridregistry,https://zeroc.com,arch,zeroc-ice,zeroc-ice,3.7.10-3,U5_AMBIGUOUS_OR_UNRESOLVED,,3.7.10-3,,0,,NOT_ATTEMPTED,pristine source unavailable
https://zeroc.com::icegridregistry,https://zeroc.com,debian,zeroc-icegrid,zeroc-ice,3.7.10-3.1,U5_AMBIGUOUS_OR_UNRESOLVED,,3.7.10-3.1,,0,,NOT_ATTEMPTED,"no unique upstream artifact; candidates=4, executable_candidates=0"
https://zeroc.com::icegridregistry,https://zeroc.com,ubuntu,zeroc-icegrid,zeroc-ice,3.7.10-4build2,U5_AMBIGUOUS_OR_UNRESOLVED,,3.7.10-4build2,,0,,NOT_ATTEMPTED,"no unique upstream artifact; candidates=4, executable_candidates=0"
