pair,lineage_id,project,different_families,comparable_families,disagreement_proportion,magnitude_bin,analysis_classification,observational_unit
Debian ↔ Fedora,https://arthurdejong.org/nss-pam-ldapd::nslcd,https://arthurdejong.org/nss-pam-ldapd,9,36,0.25,≥4,derived descriptive analysis,cross-family lineage
Debian ↔ Fedora,https://avahi.org::avahi-daemon,https://avahi.org,0,36,0.0,0,derived descriptive analysis,cross-family lineage
Debian ↔ Fedora,https://avahi.org::avahi-dnsconfd,https://avahi.org,0,36,0.0,0,derived descriptive analysis,cross-family lineage
Debian ↔ Fedora,https://c-icap.sourceforge.net::c-icap,https://c-icap.sourceforge.net,3,36,0.08333333333333333,2–3,derived descriptive analysis,cross-family lineage
Debian ↔ Fedora,https://ceph.com::ceph-crash,https://ceph.com,0,36,0.0,0,derived descriptive analysis,cross-family lineage
Debian ↔ Fedora,https://ceph.com::rbdmap,https://ceph.com,0,36,0.0,0,derived descriptive analysis,cross-family lineage
Debian ↔ Fedora,https://christophe.varoqui.free.fr::multipathd,https://christophe.varoqui.free.fr,0,36,0.0,0,derived descriptive analysis,cross-family lineage
Debian ↔ Fedora,https://chrony-project.org::upstream-unit::examples/chrony-wait.service,https://chrony-project.org,0,36,0.0,0,derived descriptive analysis,cross-family lineage
Debian ↔ Fedora,https://cockpit-project.org::cockpit-tls,https://cockpit-project.org,0,36,0.0,0,derived descriptive analysis,cross-family lineage
Debian ↔ Fedora,https://cockpit-project.org::cockpit-ws,https://cockpit-project.org,0,36,0.0,0,derived descriptive analysis,cross-family lineage
Debian ↔ Fedora,https://cockpit-project.org::update-issue,https://cockpit-project.org,0,36,0.0,0,derived descriptive analysis,cross-family lineage
Debian ↔ Fedora,https://cockpit-project.org::upstream-unit::src/systemd/cockpit-session-socket-user.service,https://cockpit-project.org,0,36,0.0,0,derived descriptive analysis,cross-family lineage
Debian ↔ Fedora,https://cockpit-project.org::upstream-unit::src/systemd/cockpit-wsinstance-socket-user.service,https://cockpit-project.org,4,36,0.1111111111111111,≥4,derived descriptive analysis,cross-family lineage
Debian ↔ Fedora,https://code.kryo.se/iodine::iodined,https://code.kryo.se/iodine,0,36,0.0,0,derived descriptive analysis,cross-family lineage
Debian ↔ Fedora,https://collectd.org::collectd,https://collectd.org,0,36,0.0,0,derived descriptive analysis,cross-family lineage
Debian ↔ Fedora,https://conntrack-tools.netfilter.org::conntrackd,https://conntrack-tools.netfilter.org,2,36,0.05555555555555555,2–3,derived descriptive analysis,cross-family lineage
Debian ↔ Fedora,https://corosync.github.io/corosync::corosync,https://corosync.github.io/corosync,1,36,0.027777777777777776,1,derived descriptive analysis,cross-family lineage
Debian ↔ Fedora,https://corosync.github.io/corosync::corosync-notifyd,https://corosync.github.io/corosync,1,36,0.027777777777777776,1,derived descriptive analysis,cross-family lineage
Debian ↔ Fedora,https://devel.freebsoft.org/speechd::speech-dispatcher,https://devel.freebsoft.org/speechd,3,36,0.08333333333333333,2–3,derived descriptive analysis,cross-family lineage
Debian ↔ Fedora,https://dnsdist.org::dnsdist,https://dnsdist.org,0,36,0.0,0,derived descriptive analysis,cross-family lineage
Debian ↔ Fedora,https://dun.github.io/munge::munged,https://dun.github.io/munge,0,36,0.0,0,derived descriptive analysis,cross-family lineage
Debian ↔ Fedora,https://fastnetmon.com::upstream-unit::src/packaging/fedora/fastnetmon.service,https://fastnetmon.com,0,36,0.0,0,derived descriptive analysis,cross-family lineage
Debian ↔ Fedora,https://flatpak.org::flatpak-system-helper,https://flatpak.org,0,36,0.0,0,derived descriptive analysis,cross-family lineage
Debian ↔ Fedora,https://gerbera.io::gerbera,https://gerbera.io,1,36,0.027777777777777776,1,derived descriptive analysis,cross-family lineage
Debian ↔ Fedora,https://github.com/COVESA/dlt-daemon::dlt-daemon,https://github.com/COVESA/dlt-daemon,0,36,0.0,0,derived descriptive analysis,cross-family lineage
Debian ↔ Fedora,https://github.com/COVESA/dlt-daemon::dlt-system,https://github.com/COVESA/dlt-daemon,0,36,0.0,0,derived descriptive analysis,cross-family lineage
Debian ↔ Fedora,https://github.com/ClusterLabs/booth::boothd,https://github.com/ClusterLabs/booth,0,36,0.0,0,derived descriptive analysis,cross-family lineage
Debian ↔ Fedora,https://github.com/ClusterLabs/fence-agents::fence_virtd,https://github.com/ClusterLabs/fence-agents,0,36,0.0,0,derived descriptive analysis,cross-family lineage
Debian ↔ Fedora,https://github.com/GoogleCloudPlatform/guest-agent::true,https://github.com/GoogleCloudPlatform/guest-agent,0,36,0.0,0,derived descriptive analysis,cross-family lineage
Debian ↔ Fedora,https://github.com/Irqbalance/irqbalance::irqbalance,https://github.com/Irqbalance/irqbalance,1,36,0.027777777777777776,1,derived descriptive analysis,cross-family lineage
Debian ↔ Fedora,https://github.com/OpenPrinting/ipp-usb::ipp-usb,https://github.com/OpenPrinting/ipp-usb,0,36,0.0,0,derived descriptive analysis,cross-family lineage
Debian ↔ Fedora,https://github.com/PixlOne/logiops::logid,https://github.com/PixlOne/logiops,0,36,0.0,0,derived descriptive analysis,cross-family lineage
Debian ↔ Fedora,https://github.com/SSSD/sssd::sssd,https://github.com/SSSD/sssd,3,36,0.08333333333333333,2–3,derived descriptive analysis,cross-family lineage
Debian ↔ Fedora,https://github.com/SSSD/sssd::sssd_autofs,https://github.com/SSSD/sssd,3,36,0.08333333333333333,2–3,derived descriptive analysis,cross-family lineage
Debian ↔ Fedora,https://github.com/SSSD/sssd::sssd_ifp,https://github.com/SSSD/sssd,3,36,0.08333333333333333,2–3,derived descriptive analysis,cross-family lineage
Debian ↔ Fedora,https://github.com/SSSD/sssd::sssd_kcm,https://github.com/SSSD/sssd,3,36,0.08333333333333333,2–3,derived descriptive analysis,cross-family lineage
Debian ↔ Fedora,https://github.com/SSSD/sssd::sssd_nss,https://github.com/SSSD/sssd,3,36,0.08333333333333333,2–3,derived descriptive analysis,cross-family lineage
Debian ↔ Fedora,https://github.com/SSSD/sssd::sssd_pac,https://github.com/SSSD/sssd,3,36,0.08333333333333333,2–3,derived descriptive analysis,cross-family lineage
Debian ↔ Fedora,https://github.com/SSSD/sssd::sssd_pam,https://github.com/SSSD/sssd,3,36,0.08333333333333333,2–3,derived descriptive analysis,cross-family lineage
Debian ↔ Fedora,https://github.com/SSSD/sssd::sssd_ssh,https://github.com/SSSD/sssd,3,36,0.08333333333333333,2–3,derived descriptive analysis,cross-family lineage
Debian ↔ Fedora,https://github.com/SSSD/sssd::sssd_sudo,https://github.com/SSSD/sssd,3,36,0.08333333333333333,2–3,derived descriptive analysis,cross-family lineage
Debian ↔ Fedora,https://github.com/ar-/incron::incrond,https://github.com/ar-/incron,1,36,0.027777777777777776,1,derived descriptive analysis,cross-family lineage
Debian ↔ Fedora,https://github.com/blueman-project/blueman::blueman-mechanism,https://github.com/blueman-project/blueman,0,36,0.0,0,derived descriptive analysis,cross-family lineage
Debian ↔ Fedora,https://github.com/bus1/dbus-broker::dbus-broker-launch,https://github.com/bus1/dbus-broker,0,36,0.0,0,derived descriptive analysis,cross-family lineage
Debian ↔ Fedora,https://github.com/cdown/zcfan::zcfan,https://github.com/cdown/zcfan,0,36,0.0,0,derived descriptive analysis,cross-family lineage
Debian ↔ Fedora,https://github.com/ckb-next/ckb-next::ckb-next-daemon,https://github.com/ckb-next/ckb-next,0,36,0.0,0,derived descriptive analysis,cross-family lineage
Debian ↔ Fedora,https://github.com/cminyard/ser2net::ser2net,https://github.com/cminyard/ser2net,3,36,0.08333333333333333,2–3,derived descriptive analysis,cross-family lineage
Debian ↔ Fedora,https://github.com/containernetworking/plugins::dhcp,https://github.com/containernetworking/plugins,0,36,0.0,0,derived descriptive analysis,cross-family lineage
Debian ↔ Fedora,https://github.com/corosync/corosync-qdevice::corosync-qdevice,https://github.com/corosync/corosync-qdevice,1,36,0.027777777777777776,1,derived descriptive analysis,cross-family lineage
Debian ↔ Fedora,https://github.com/corosync/corosync-qdevice::corosync-qnetd,https://github.com/corosync/corosync-qdevice,1,36,0.027777777777777776,1,derived descriptive analysis,cross-family lineage
Debian ↔ Fedora,https://github.com/cronie-crond/cronie::crond,https://github.com/cronie-crond/cronie,0,36,0.0,0,derived descriptive analysis,cross-family lineage
Debian ↔ Fedora,https://github.com/ddccontrol/ddccontrol::ddccontrol_service,https://github.com/ddccontrol/ddccontrol,0,36,0.0,0,derived descriptive analysis,cross-family lineage
Debian ↔ Fedora,https://github.com/facebookincubator/oomd::oomd,https://github.com/facebookincubator/oomd,0,36,0.0,0,derived descriptive analysis,cross-family lineage
Debian ↔ Fedora,https://github.com/fwupd/fwupd::fwupd,https://github.com/fwupd/fwupd,1,36,0.027777777777777776,1,derived descriptive analysis,cross-family lineage
Debian ↔ Fedora,https://github.com/fwupd/fwupd::fwupdmgr,https://github.com/fwupd/fwupd,6,36,0.16666666666666666,≥4,derived descriptive analysis,cross-family lineage
Debian ↔ Fedora,https://github.com/gridcf/gct::globus-gridftp-server,https://github.com/gridcf/gct,0,36,0.0,0,derived descriptive analysis,cross-family lineage
Debian ↔ Fedora,https://github.com/gssapi/gssproxy::gssproxy,https://github.com/gssapi/gssproxy,0,36,0.0,0,derived descriptive analysis,cross-family lineage
Debian ↔ Fedora,https://github.com/hardinfo2/hardinfo2::upstream-unit::tools/hardinfo2.service,https://github.com/hardinfo2/hardinfo2,0,36,0.0,0,derived descriptive analysis,cross-family lineage
Debian ↔ Fedora,https://github.com/intel/ledmon::ledmon,https://github.com/intel/ledmon,0,36,0.0,0,derived descriptive analysis,cross-family lineage
Debian ↔ Fedora,https://github.com/intel/qatlib::qatmgr,https://github.com/intel/qatlib,0,36,0.0,0,derived descriptive analysis,cross-family lineage
Debian ↔ Fedora,https://github.com/ksmtuned/ksmtuned::ksmctl,https://github.com/ksmtuned/ksmtuned,0,36,0.0,0,derived descriptive analysis,cross-family lineage
Debian ↔ Fedora,https://github.com/ksmtuned/ksmtuned::ksmtuned,https://github.com/ksmtuned/ksmtuned,0,36,0.0,0,derived descriptive analysis,cross-family lineage
Debian ↔ Fedora,https://github.com/latchset/clevis::clevis-luks-askpass,https://github.com/latchset/clevis,0,36,0.0,0,derived descriptive analysis,cross-family lineage
Debian ↔ Fedora,https://github.com/libratbag/libratbag::ratbagd,https://github.com/libratbag/libratbag,0,36,0.0,0,derived descriptive analysis,cross-family lineage
Debian ↔ Fedora,https://github.com/linux-msm/qbootctl::qbootctl,https://github.com/linux-msm/qbootctl,0,36,0.0,0,derived descriptive analysis,cross-family lineage
Debian ↔ Fedora,https://github.com/linux-msm/tqftpserv::tqftpserv,https://github.com/linux-msm/tqftpserv,0,36,0.0,0,derived descriptive analysis,cross-family lineage
Debian ↔ Fedora,https://github.com/linux-nvme/nvme-cli::upstream-unit::nvmf-autoconnect/systemd/nvmefc-boot-connections.service,https://github.com/linux-nvme/nvme-cli,0,36,0.0,0,derived descriptive analysis,cross-family lineage
Debian ↔ Fedora,https://github.com/linux-rdma/rdma-core::ibacm,https://github.com/linux-rdma/rdma-core,0,36,0.0,0,derived descriptive analysis,cross-family lineage
Debian ↔ Fedora,https://github.com/linux-rdma/rdma-core::iwpmd,https://github.com/linux-rdma/rdma-core,0,36,0.0,0,derived descriptive analysis,cross-family lineage
Debian ↔ Fedora,https://github.com/linux-rdma/rdma-core::rdma-ndd,https://github.com/linux-rdma/rdma-core,0,36,0.0,0,derived descriptive analysis,cross-family lineage
Debian ↔ Fedora,https://github.com/linux-rdma/rdma-core::start_on_all_ports,https://github.com/linux-rdma/rdma-core,0,36,0.0,0,derived descriptive analysis,cross-family lineage
Debian ↔ Fedora,https://github.com/logrotate/logrotate::upstream-unit::examples/logrotate.service,https://github.com/logrotate/logrotate,0,36,0.0,0,derived descriptive analysis,cross-family lineage
Debian ↔ Fedora,https://github.com/mikebrady/shairport-sync::shairport-sync,https://github.com/mikebrady/shairport-sync,0,36,0.0,0,derived descriptive analysis,cross-family lineage
Debian ↔ Fedora,https://github.com/nfs-ganesha/nfs-ganesha::bash,https://github.com/nfs-ganesha/nfs-ganesha,0,36,0.0,0,derived descriptive analysis,cross-family lineage
Debian ↔ Fedora,https://github.com/nfs-ganesha/nfs-ganesha::nfs-ganesha-config.sh,https://github.com/nfs-ganesha/nfs-ganesha,0,36,0.0,0,derived descriptive analysis,cross-family lineage
Debian ↔ Fedora,https://github.com/open-iscsi/open-isns::isnsd,https://github.com/open-iscsi/open-isns,0,36,0.0,0,derived descriptive analysis,cross-family lineage
Debian ↔ Fedora,https://github.com/open-iscsi/tcmu-runner::upstream-unit::tcmu-runner.service,https://github.com/open-iscsi/tcmu-runner,0,36,0.0,0,derived descriptive analysis,cross-family lineage
Debian ↔ Fedora,https://github.com/opencryptoki/opencryptoki::pkcsslotd,https://github.com/opencryptoki/opencryptoki,0,36,0.0,0,derived descriptive analysis,cross-family lineage
Debian ↔ Fedora,https://github.com/oracle/ktls-utils::upstream-unit::systemd/tlshd.service,https://github.com/oracle/ktls-utils,0,36,0.0,0,derived descriptive analysis,cross-family lineage
Debian ↔ Fedora,https://github.com/pendulum-project/ntpd-rs::ntp-daemon,https://github.com/pendulum-project/ntpd-rs,0,36,0.0,0,derived descriptive analysis,cross-family lineage
Debian ↔ Fedora,https://github.com/pendulum-project/ntpd-rs::upstream-unit::docs/examples/conf/ntpd-rs-metrics.service,https://github.com/pendulum-project/ntpd-rs,0,36,0.0,0,derived descriptive analysis,cross-family lineage
Debian ↔ Fedora,https://github.com/pmem/ndctl::upstream-unit::cxl/cxl-monitor.service,https://github.com/pmem/ndctl,0,36,0.0,0,derived descriptive analysis,cross-family lineage
Debian ↔ Fedora,https://github.com/pmem/ndctl::upstream-unit::ndctl/ndctl-monitor.service,https://github.com/pmem/ndctl,0,36,0.0,0,derived descriptive analysis,cross-family lineage
Debian ↔ Fedora,https://github.com/polkit-org/polkit::polkitd,https://github.com/polkit-org/polkit,0,36,0.0,0,derived descriptive analysis,cross-family lineage
Debian ↔ Fedora,https://github.com/prometheus/node_exporter::prometheus-node-exporter,https://github.com/prometheus/node_exporter,0,36,0.0,0,derived descriptive analysis,cross-family lineage
Debian ↔ Fedora,https://github.com/rfjakob/earlyoom::earlyoom,https://github.com/rfjakob/earlyoom,0,36,0.0,0,derived descriptive analysis,cross-family lineage
Debian ↔ Fedora,https://github.com/rpodgorny/uptimed::uptimed,https://github.com/rpodgorny/uptimed,0,36,0.0,0,derived descriptive analysis,cross-family lineage
Debian ↔ Fedora,https://github.com/sddm/sddm::sddm,https://github.com/sddm/sddm,0,36,0.0,0,derived descriptive analysis,cross-family lineage
Debian ↔ Fedora,https://github.com/skeeto/endlessh::endlessh,https://github.com/skeeto/endlessh,0,36,0.0,0,derived descriptive analysis,cross-family lineage
Debian ↔ Fedora,https://github.com/snapcore/snapd::snapd,https://github.com/snapcore/snapd,0,36,0.0,0,derived descriptive analysis,cross-family lineage
Debian ↔ Fedora,https://github.com/snapcore/snapd::snapd-apparmor,https://github.com/snapcore/snapd,0,36,0.0,0,derived descriptive analysis,cross-family lineage
Debian ↔ Fedora,https://github.com/systemd/systemd-bootchart::systemd-bootchart,https://github.com/systemd/systemd-bootchart,0,36,0.0,0,derived descriptive analysis,cross-family lineage
Debian ↔ Fedora,https://github.com/trojan-gfw/trojan::trojan,https://github.com/trojan-gfw/trojan,3,36,0.08333333333333333,2–3,derived descriptive analysis,cross-family lineage
Debian ↔ Fedora,https://github.com/vmatare/thinkfan::thinkfan,https://github.com/vmatare/thinkfan,0,36,0.0,0,derived descriptive analysis,cross-family lineage
Debian ↔ Fedora,https://github.com/vmatare/thinkfan::upstream-unit::rcscripts/systemd/thinkfan-wakeup.service,https://github.com/vmatare/thinkfan,0,36,0.0,0,derived descriptive analysis,cross-family lineage
Debian ↔ Fedora,https://github.com/vmware/open-vm-tools::VGAuthService,https://github.com/vmware/open-vm-tools,4,36,0.1111111111111111,≥4,derived descriptive analysis,cross-family lineage
Debian ↔ Fedora,https://github.com/vmware/open-vm-tools::vmtoolsd,https://github.com/vmware/open-vm-tools,4,36,0.1111111111111111,≥4,derived descriptive analysis,cross-family lineage
Debian ↔ Fedora,https://github.com/wb2osz/direwolf::direwolf,https://github.com/wb2osz/direwolf,3,36,0.08333333333333333,2–3,derived descriptive analysis,cross-family lineage
Debian ↔ Fedora,https://github.com/ximion/btrfsd::btrfsd,https://github.com/ximion/btrfsd,0,36,0.0,0,derived descriptive analysis,cross-family lineage
Debian ↔ Fedora,https://github.com/zhuyaliang/group-service::group-admin-daemon,https://github.com/zhuyaliang/group-service,0,36,0.0,0,derived descriptive analysis,cross-family lineage
Debian ↔ Fedora,https://gitlab.freedesktop.org/bolt/bolt::boltd,https://gitlab.freedesktop.org/bolt/bolt,0,36,0.0,0,derived descriptive analysis,cross-family lineage
Debian ↔ Fedora,https://gitlab.freedesktop.org/hadess/iio-sensor-proxy::iio-sensor-proxy,https://gitlab.freedesktop.org/hadess/iio-sensor-proxy,0,36,0.0,0,derived descriptive analysis,cross-family lineage
Debian ↔ Fedora,https://gitlab.freedesktop.org/hadess/low-memory-monitor::low-memory-monitor,https://gitlab.freedesktop.org/hadess/low-memory-monitor,0,36,0.0,0,derived descriptive analysis,cross-family lineage
Debian ↔ Fedora,https://gitlab.freedesktop.org/hadess/switcheroo-control::switcheroo-control,https://gitlab.freedesktop.org/hadess/switcheroo-control,0,36,0.0,0,derived descriptive analysis,cross-family lineage
Debian ↔ Fedora,https://gitlab.freedesktop.org/upower/power-profiles-daemon::power-profiles-daemon,https://gitlab.freedesktop.org/upower/power-profiles-daemon,0,36,0.0,0,derived descriptive analysis,cross-family lineage
Debian ↔ Fedora,https://grid.ncsa.illinois.edu/myproxy::upstream-unit::systemd/myproxy-server.service,https://grid.ncsa.illinois.edu/myproxy,0,36,0.0,0,derived descriptive analysis,cross-family lineage
Debian ↔ Fedora,https://hcpnet.free.fr/milter-greylist::milter-greylist,https://hcpnet.free.fr/milter-greylist,0,36,0.0,0,derived descriptive analysis,cross-family lineage
Debian ↔ Fedora,https://hitch-tls.org::hitch,https://hitch-tls.org,20,36,0.5555555555555556,≥4,derived descriptive analysis,cross-family lineage
Debian ↔ Fedora,https://htcondor.org::upstream-unit::src/condor_examples/condor-annex-ec2.service,https://htcondor.org,0,36,0.0,0,derived descriptive analysis,cross-family lineage
Debian ↔ Fedora,https://htcondor.org::upstream-unit::src/condor_examples/condor.service,https://htcondor.org,0,36,0.0,0,derived descriptive analysis,cross-family lineage
Debian ↔ Fedora,https://httpd.apache.org::htcacheclean,https://httpd.apache.org,1,36,0.027777777777777776,1,derived descriptive analysis,cross-family lineage
Debian ↔ Fedora,https://humdi.net/vnstat::vnstatd,https://humdi.net/vnstat,0,36,0.0,0,derived descriptive analysis,cross-family lineage
Debian ↔ Fedora,https://iwd.wiki.kernel.org::iwd,https://iwd.wiki.kernel.org,0,36,0.0,0,derived descriptive analysis,cross-family lineage
Debian ↔ Fedora,https://jabberd2.org::true,https://jabberd2.org,0,36,0.0,0,derived descriptive analysis,cross-family lineage
Debian ↔ Fedora,https://kea.isc.org::kea-ctrl-agent,https://kea.isc.org,0,36,0.0,0,derived descriptive analysis,cross-family lineage
Debian ↔ Fedora,https://kea.isc.org::kea-dhcp-ddns,https://kea.isc.org,0,36,0.0,0,derived descriptive analysis,cross-family lineage
Debian ↔ Fedora,https://kea.isc.org::kea-dhcp4,https://kea.isc.org,0,36,0.0,0,derived descriptive analysis,cross-family lineage
Debian ↔ Fedora,https://kea.isc.org::kea-dhcp6,https://kea.isc.org,0,36,0.0,0,derived descriptive analysis,cross-family lineage
Debian ↔ Fedora,https://libreswan.org::pluto,https://libreswan.org,0,36,0.0,0,derived descriptive analysis,cross-family lineage
Debian ↔ Fedora,https://linux-nfs.org::rpc.gssd,https://linux-nfs.org,0,36,0.0,0,derived descriptive analysis,cross-family lineage
Debian ↔ Fedora,https://linux-nfs.org::upstream-unit::systemd/fsidd.service,https://linux-nfs.org,0,36,0.0,0,derived descriptive analysis,cross-family lineage
Debian ↔ Fedora,https://linux-nfs.org::upstream-unit::systemd/nfs-idmapd.service,https://linux-nfs.org,0,36,0.0,0,derived descriptive analysis,cross-family lineage
Debian ↔ Fedora,https://linux-nfs.org::upstream-unit::systemd/nfs-mountd.service,https://linux-nfs.org,0,36,0.0,0,derived descriptive analysis,cross-family lineage
Debian ↔ Fedora,https://linux-nfs.org::upstream-unit::systemd/nfs-utils.service,https://linux-nfs.org,0,36,0.0,0,derived descriptive analysis,cross-family lineage
Debian ↔ Fedora,https://linux-nfs.org::upstream-unit::systemd/nfsdcld.service,https://linux-nfs.org,0,36,0.0,0,derived descriptive analysis,cross-family lineage
Debian ↔ Fedora,https://linux-nfs.org::upstream-unit::systemd/rpc-statd-notify.service,https://linux-nfs.org,0,36,0.0,0,derived descriptive analysis,cross-family lineage
Debian ↔ Fedora,https://linux-nfs.org::upstream-unit::systemd/rpc-statd.service,https://linux-nfs.org,0,36,0.0,0,derived descriptive analysis,cross-family lineage
Debian ↔ Fedora,https://linuxcontainers.org/incus::incus-user,https://linuxcontainers.org/incus,0,36,0.0,0,derived descriptive analysis,cross-family lineage
Debian ↔ Fedora,https://lttng.org::lttng-sessiond,https://lttng.org,0,36,0.0,0,derived descriptive analysis,cross-family lineage
Debian ↔ Fedora,https://mgetty.greenie.net::faxrunqd,https://mgetty.greenie.net,3,36,0.08333333333333333,2–3,derived descriptive analysis,cross-family lineage
Debian ↔ Fedora,https://mmonit.com/monit::monit,https://mmonit.com/monit,16,36,0.4444444444444444,≥4,derived descriptive analysis,cross-family lineage
Debian ↔ Fedora,https://mosquitto.org::mosquitto,https://mosquitto.org,3,36,0.08333333333333333,2–3,derived descriptive analysis,cross-family lineage
Debian ↔ Fedora,https://net-snmp.sourceforge.net::snmpd,https://net-snmp.sourceforge.net,0,36,0.0,0,derived descriptive analysis,cross-family lineage
Debian ↔ Fedora,https://net-snmp.sourceforge.net::snmptrapd,https://net-snmp.sourceforge.net,3,36,0.08333333333333333,2–3,derived descriptive analysis,cross-family lineage
Debian ↔ Fedora,https://networkmanager.dev::nm-dispatcher,https://networkmanager.dev,0,36,0.0,0,derived descriptive analysis,cross-family lineage
Debian ↔ Fedora,https://networkmanager.dev::nm-priv-helper,https://networkmanager.dev,0,36,0.0,0,derived descriptive analysis,cross-family lineage
Debian ↔ Fedora,https://nghttp2.org::nghttpx,https://nghttp2.org,0,36,0.0,0,derived descriptive analysis,cross-family lineage
Debian ↔ Fedora,https://ngircd.barton.de::ngircd,https://ngircd.barton.de,7,36,0.19444444444444445,≥4,derived descriptive analysis,cross-family lineage
Debian ↔ Fedora,https://omniorb.sourceforge.net::omniNames,https://omniorb.sourceforge.net,3,36,0.08333333333333333,2–3,derived descriptive analysis,cross-family lineage
Debian ↔ Fedora,https://pagure.io/certmonger::certmonger,https://pagure.io/certmonger,0,36,0.0,0,derived descriptive analysis,cross-family lineage
Debian ↔ Fedora,https://pagure.io/dlm::dlm_controld,https://pagure.io/dlm,0,36,0.0,0,derived descriptive analysis,cross-family lineage
Debian ↔ Fedora,https://pagure.io/numad::numad,https://pagure.io/numad,0,36,0.0,0,derived descriptive analysis,cross-family lineage
Debian ↔ Fedora,https://pagure.io/oddjob::oddjobd,https://pagure.io/oddjob,0,36,0.0,0,derived descriptive analysis,cross-family lineage
Debian ↔ Fedora,https://pcp.io::pcp-geolocate,https://pcp.io,0,36,0.0,0,derived descriptive analysis,cross-family lineage
Debian ↔ Fedora,https://pcp.io::pmcd,https://pcp.io,0,36,0.0,0,derived descriptive analysis,cross-family lineage
Debian ↔ Fedora,https://pcp.io::pmfind_check,https://pcp.io,0,36,0.0,0,derived descriptive analysis,cross-family lineage
Debian ↔ Fedora,https://pcp.io::pmie_check,https://pcp.io,0,36,0.0,0,derived descriptive analysis,cross-family lineage
Debian ↔ Fedora,https://pcp.io::pmie_daily,https://pcp.io,0,36,0.0,0,derived descriptive analysis,cross-family lineage
Debian ↔ Fedora,https://pcp.io::pmie_farm,https://pcp.io,0,36,0.0,0,derived descriptive analysis,cross-family lineage
Debian ↔ Fedora,https://pcp.io::pmiectl,https://pcp.io,0,36,0.0,0,derived descriptive analysis,cross-family lineage
Debian ↔ Fedora,https://pcp.io::pmlogctl,https://pcp.io,0,36,0.0,0,derived descriptive analysis,cross-family lineage
Debian ↔ Fedora,https://pcp.io::pmlogger_check,https://pcp.io,0,36,0.0,0,derived descriptive analysis,cross-family lineage
Debian ↔ Fedora,https://pcp.io::pmlogger_farm,https://pcp.io,0,36,0.0,0,derived descriptive analysis,cross-family lineage
Debian ↔ Fedora,https://pcsclite.apdu.fr::pcscd,https://pcsclite.apdu.fr,3,36,0.08333333333333333,2–3,derived descriptive analysis,cross-family lineage
Debian ↔ Fedora,https://radsecproxy.github.io::radsecproxy,https://radsecproxy.github.io,0,36,0.0,0,derived descriptive analysis,cross-family lineage
Debian ↔ Fedora,https://salsa.debian.org/consolation-team/consolation::consolation,https://salsa.debian.org/consolation-team/consolation,0,36,0.0,0,derived descriptive analysis,cross-family lineage
Debian ↔ Fedora,https://slurm.schedmd.com::slurmctld,https://slurm.schedmd.com,0,36,0.0,0,derived descriptive analysis,cross-family lineage
Debian ↔ Fedora,https://slurm.schedmd.com::slurmd,https://slurm.schedmd.com,0,36,0.0,0,derived descriptive analysis,cross-family lineage
Debian ↔ Fedora,https://slurm.schedmd.com::slurmdbd,https://slurm.schedmd.com,0,36,0.0,0,derived descriptive analysis,cross-family lineage
Debian ↔ Fedora,https://slurm.schedmd.com::slurmrestd,https://slurm.schedmd.com,0,36,0.0,0,derived descriptive analysis,cross-family lineage
Debian ↔ Fedora,https://sourceforge.net/projects/acpid2::acpid,https://sourceforge.net/projects/acpid2,0,36,0.0,0,derived descriptive analysis,cross-family lineage
Debian ↔ Fedora,https://sourceforge.net/projects/minidlna::minidlnad,https://sourceforge.net/projects/minidlna,0,36,0.0,0,derived descriptive analysis,cross-family lineage
Debian ↔ Fedora,https://sourceforge.net/projects/rpcbind::rpcbind,https://sourceforge.net/projects/rpcbind,10,36,0.2777777777777778,≥4,derived descriptive analysis,cross-family lineage
Debian ↔ Fedora,https://sourceforge.net/projects/slim-fork::slim,https://sourceforge.net/projects/slim-fork,1,36,0.027777777777777776,1,derived descriptive analysis,cross-family lineage
Debian ↔ Fedora,https://sourceware.org/lvm2::dmeventd,https://sourceware.org/lvm2,0,36,0.0,0,derived descriptive analysis,cross-family lineage
Debian ↔ Fedora,https://sourceware.org/lvm2::lvmlockd,https://sourceware.org/lvm2,0,36,0.0,0,derived descriptive analysis,cross-family lineage
Debian ↔ Fedora,https://sourceware.org/lvm2::lvmpolld,https://sourceware.org/lvm2,0,36,0.0,0,derived descriptive analysis,cross-family lineage
Debian ↔ Fedora,https://sourceware.org/lvm2::true,https://sourceware.org/lvm2,0,36,0.0,0,derived descriptive analysis,cross-family lineage
Debian ↔ Fedora,https://spacenav.sourceforge.net::spacenavd,https://spacenav.sourceforge.net,0,36,0.0,0,derived descriptive analysis,cross-family lineage
Debian ↔ Fedora,https://suricata.io::suricata,https://suricata.io,7,36,0.19444444444444445,≥4,derived descriptive analysis,cross-family lineage
Debian ↔ Fedora,https://sysstat.github.io::sa2,https://sysstat.github.io,0,36,0.0,0,derived descriptive analysis,cross-family lineage
Debian ↔ Fedora,https://systemd.io::agetty,https://systemd.io,0,36,0.0,0,derived descriptive analysis,cross-family lineage
Debian ↔ Fedora,https://systemd.io::kmod,https://systemd.io,0,36,0.0,0,derived descriptive analysis,cross-family lineage
Debian ↔ Fedora,https://systemd.io::quotaon,https://systemd.io,0,36,0.0,0,derived descriptive analysis,cross-family lineage
Debian ↔ Fedora,https://systemd.io::rc.local,https://systemd.io,0,36,0.0,0,derived descriptive analysis,cross-family lineage
Debian ↔ Fedora,https://systemd.io::systemd-battery-check,https://systemd.io,0,36,0.0,0,derived descriptive analysis,cross-family lineage
Debian ↔ Fedora,https://systemd.io::systemd-binfmt,https://systemd.io,0,36,0.0,0,derived descriptive analysis,cross-family lineage
Debian ↔ Fedora,https://systemd.io::systemd-bless-boot,https://systemd.io,0,36,0.0,0,derived descriptive analysis,cross-family lineage
Debian ↔ Fedora,https://systemd.io::systemd-boot-check-no-failures,https://systemd.io,0,36,0.0,0,derived descriptive analysis,cross-family lineage
Debian ↔ Fedora,https://systemd.io::systemd-bsod,https://systemd.io,0,36,0.0,0,derived descriptive analysis,cross-family lineage
Debian ↔ Fedora,https://systemd.io::systemd-fsck,https://systemd.io,0,36,0.0,0,derived descriptive analysis,cross-family lineage
Debian ↔ Fedora,https://systemd.io::systemd-growfs,https://systemd.io,0,36,0.0,0,derived descriptive analysis,cross-family lineage
Debian ↔ Fedora,https://systemd.io::systemd-homed,https://systemd.io,0,36,0.0,0,derived descriptive analysis,cross-family lineage
Debian ↔ Fedora,https://systemd.io::systemd-hostnamed,https://systemd.io,0,36,0.0,0,derived descriptive analysis,cross-family lineage
Debian ↔ Fedora,https://systemd.io::systemd-hwdb,https://systemd.io,0,36,0.0,0,derived descriptive analysis,cross-family lineage
Debian ↔ Fedora,https://systemd.io::systemd-importd,https://systemd.io,0,36,0.0,0,derived descriptive analysis,cross-family lineage
Debian ↔ Fedora,https://systemd.io::systemd-journal-gatewayd,https://systemd.io,0,36,0.0,0,derived descriptive analysis,cross-family lineage
Debian ↔ Fedora,https://systemd.io::systemd-journal-remote,https://systemd.io,0,36,0.0,0,derived descriptive analysis,cross-family lineage
Debian ↔ Fedora,https://systemd.io::systemd-journal-upload,https://systemd.io,0,36,0.0,0,derived descriptive analysis,cross-family lineage
Debian ↔ Fedora,https://systemd.io::systemd-journald,https://systemd.io,0,36,0.0,0,derived descriptive analysis,cross-family lineage
Debian ↔ Fedora,https://systemd.io::systemd-localed,https://systemd.io,0,36,0.0,0,derived descriptive analysis,cross-family lineage
Debian ↔ Fedora,https://systemd.io::systemd-logind,https://systemd.io,0,36,0.0,0,derived descriptive analysis,cross-family lineage
Debian ↔ Fedora,https://systemd.io::systemd-machined,https://systemd.io,0,36,0.0,0,derived descriptive analysis,cross-family lineage
Debian ↔ Fedora,https://systemd.io::systemd-modules-load,https://systemd.io,0,36,0.0,0,derived descriptive analysis,cross-family lineage
Debian ↔ Fedora,https://systemd.io::systemd-mountfsd,https://systemd.io,6,36,0.16666666666666666,≥4,derived descriptive analysis,cross-family lineage
Debian ↔ Fedora,https://systemd.io::systemd-networkd,https://systemd.io,0,36,0.0,0,derived descriptive analysis,cross-family lineage
Debian ↔ Fedora,https://systemd.io::systemd-networkd-wait-online,https://systemd.io,0,36,0.0,0,derived descriptive analysis,cross-family lineage
Debian ↔ Fedora,https://systemd.io::systemd-nsresourced,https://systemd.io,3,36,0.08333333333333333,2–3,derived descriptive analysis,cross-family lineage
Debian ↔ Fedora,https://systemd.io::systemd-oomd,https://systemd.io,0,36,0.0,0,derived descriptive analysis,cross-family lineage
Debian ↔ Fedora,https://systemd.io::systemd-portabled,https://systemd.io,0,36,0.0,0,derived descriptive analysis,cross-family lineage
Debian ↔ Fedora,https://systemd.io::systemd-pstore,https://systemd.io,0,36,0.0,0,derived descriptive analysis,cross-family lineage
Debian ↔ Fedora,https://systemd.io::systemd-quotacheck,https://systemd.io,0,36,0.0,0,derived descriptive analysis,cross-family lineage
Debian ↔ Fedora,https://systemd.io::systemd-random-seed,https://systemd.io,0,36,0.0,0,derived descriptive analysis,cross-family lineage
Debian ↔ Fedora,https://systemd.io::systemd-remount-fs,https://systemd.io,0,36,0.0,0,derived descriptive analysis,cross-family lineage
Debian ↔ Fedora,https://systemd.io::systemd-resolved,https://systemd.io,0,36,0.0,0,derived descriptive analysis,cross-family lineage
Debian ↔ Fedora,https://systemd.io::systemd-rfkill,https://systemd.io,0,36,0.0,0,derived descriptive analysis,cross-family lineage
Debian ↔ Fedora,https://systemd.io::systemd-storagetm,https://systemd.io,0,36,0.0,0,derived descriptive analysis,cross-family lineage
Debian ↔ Fedora,https://systemd.io::systemd-sysctl,https://systemd.io,0,36,0.0,0,derived descriptive analysis,cross-family lineage
Debian ↔ Fedora,https://systemd.io::systemd-time-wait-sync,https://systemd.io,0,36,0.0,0,derived descriptive analysis,cross-family lineage
Debian ↔ Fedora,https://systemd.io::systemd-timedated,https://systemd.io,0,36,0.0,0,derived descriptive analysis,cross-family lineage
Debian ↔ Fedora,https://systemd.io::systemd-timesyncd,https://systemd.io,0,36,0.0,0,derived descriptive analysis,cross-family lineage
Debian ↔ Fedora,https://systemd.io::systemd-udevd,https://systemd.io,1,36,0.027777777777777776,1,derived descriptive analysis,cross-family lineage
Debian ↔ Fedora,https://systemd.io::systemd-update-done,https://systemd.io,0,36,0.0,0,derived descriptive analysis,cross-family lineage
Debian ↔ Fedora,https://systemd.io::systemd-user-sessions,https://systemd.io,0,36,0.0,0,derived descriptive analysis,cross-family lineage
Debian ↔ Fedora,https://systemd.io::systemd-userdbd,https://systemd.io,0,36,0.0,0,derived descriptive analysis,cross-family lineage
Debian ↔ Fedora,https://systemd.io::systemd-volatile-root,https://systemd.io,0,36,0.0,0,derived descriptive analysis,cross-family lineage
Debian ↔ Fedora,https://systemd.io::upstream-unit::units/initrd-cleanup.service,https://systemd.io,0,36,0.0,0,derived descriptive analysis,cross-family lineage
Debian ↔ Fedora,https://systemd.io::upstream-unit::units/initrd-switch-root.service,https://systemd.io,0,36,0.0,0,derived descriptive analysis,cross-family lineage
Debian ↔ Fedora,https://systemd.io::upstream-unit::units/initrd-udevadm-cleanup-db.service,https://systemd.io,0,36,0.0,0,derived descriptive analysis,cross-family lineage
Debian ↔ Fedora,https://systemd.io::upstream-unit::units/ldconfig.service,https://systemd.io,0,36,0.0,0,derived descriptive analysis,cross-family lineage
Debian ↔ Fedora,https://systemd.io::upstream-unit::units/system-update-cleanup.service,https://systemd.io,0,36,0.0,0,derived descriptive analysis,cross-family lineage
Debian ↔ Fedora,https://systemd.io::upstream-unit::units/systemd-ask-password-console.service,https://systemd.io,0,36,0.0,0,derived descriptive analysis,cross-family lineage
Debian ↔ Fedora,https://systemd.io::upstream-unit::units/systemd-ask-password-wall.service,https://systemd.io,0,36,0.0,0,derived descriptive analysis,cross-family lineage
Debian ↔ Fedora,https://systemd.io::upstream-unit::units/systemd-boot-random-seed.service,https://systemd.io,0,36,0.0,0,derived descriptive analysis,cross-family lineage
Debian ↔ Fedora,https://systemd.io::upstream-unit::units/systemd-boot-update.service,https://systemd.io,0,36,0.0,0,derived descriptive analysis,cross-family lineage
Debian ↔ Fedora,https://systemd.io::upstream-unit::units/systemd-confext.service,https://systemd.io,0,36,0.0,0,derived descriptive analysis,cross-family lineage
Debian ↔ Fedora,https://systemd.io::upstream-unit::units/systemd-exit.service,https://systemd.io,0,36,0.0,0,derived descriptive analysis,cross-family lineage
Debian ↔ Fedora,https://systemd.io::upstream-unit::units/systemd-firstboot.service,https://systemd.io,0,36,0.0,0,derived descriptive analysis,cross-family lineage
Debian ↔ Fedora,https://systemd.io::upstream-unit::units/systemd-halt.service,https://systemd.io,0,36,0.0,0,derived descriptive analysis,cross-family lineage
Debian ↔ Fedora,https://systemd.io::upstream-unit::units/systemd-homed-activate.service,https://systemd.io,0,36,0.0,0,derived descriptive analysis,cross-family lineage
Debian ↔ Fedora,https://systemd.io::upstream-unit::units/systemd-homed-firstboot.service,https://systemd.io,0,36,0.0,0,derived descriptive analysis,cross-family lineage
Debian ↔ Fedora,https://systemd.io::upstream-unit::units/systemd-journal-catalog-update.service,https://systemd.io,0,36,0.0,0,derived descriptive analysis,cross-family lineage
Debian ↔ Fedora,https://systemd.io::upstream-unit::units/systemd-journal-flush.service,https://systemd.io,0,36,0.0,0,derived descriptive analysis,cross-family lineage
Debian ↔ Fedora,https://systemd.io::upstream-unit::units/systemd-kexec.service,https://systemd.io,0,36,0.0,0,derived descriptive analysis,cross-family lineage
Debian ↔ Fedora,https://systemd.io::upstream-unit::units/systemd-machine-id-commit.service,https://systemd.io,0,36,0.0,0,derived descriptive analysis,cross-family lineage
Debian ↔ Fedora,https://systemd.io::upstream-unit::units/systemd-networkd-persistent-storage.service,https://systemd.io,0,36,0.0,0,derived descriptive analysis,cross-family lineage
Debian ↔ Fedora,https://systemd.io::upstream-unit::units/systemd-poweroff.service,https://systemd.io,0,36,0.0,0,derived descriptive analysis,cross-family lineage
Debian ↔ Fedora,https://systemd.io::upstream-unit::units/systemd-reboot.service,https://systemd.io,0,36,0.0,0,derived descriptive analysis,cross-family lineage
Debian ↔ Fedora,https://systemd.io::upstream-unit::units/systemd-repart.service,https://systemd.io,0,36,0.0,0,derived descriptive analysis,cross-family lineage
Debian ↔ Fedora,https://systemd.io::upstream-unit::units/systemd-soft-reboot.service,https://systemd.io,0,36,0.0,0,derived descriptive analysis,cross-family lineage
Debian ↔ Fedora,https://systemd.io::upstream-unit::units/systemd-sysext.service,https://systemd.io,0,36,0.0,0,derived descriptive analysis,cross-family lineage
Debian ↔ Fedora,https://systemd.io::upstream-unit::units/systemd-sysusers.service,https://systemd.io,0,36,0.0,0,derived descriptive analysis,cross-family lineage
Debian ↔ Fedora,https://systemd.io::upstream-unit::units/systemd-tmpfiles-clean.service,https://systemd.io,0,36,0.0,0,derived descriptive analysis,cross-family lineage
Debian ↔ Fedora,https://systemd.io::upstream-unit::units/systemd-tmpfiles-setup-dev-early.service,https://systemd.io,0,36,0.0,0,derived descriptive analysis,cross-family lineage
Debian ↔ Fedora,https://systemd.io::upstream-unit::units/systemd-tmpfiles-setup-dev.service,https://systemd.io,0,36,0.0,0,derived descriptive analysis,cross-family lineage
Debian ↔ Fedora,https://systemd.io::upstream-unit::units/systemd-tmpfiles-setup.service,https://systemd.io,0,36,0.0,0,derived descriptive analysis,cross-family lineage
Debian ↔ Fedora,https://systemd.io::upstream-unit::units/systemd-udev-load-credentials.service,https://systemd.io,0,36,0.0,0,derived descriptive analysis,cross-family lineage
Debian ↔ Fedora,https://systemd.io::upstream-unit::units/systemd-udev-settle.service,https://systemd.io,0,36,0.0,0,derived descriptive analysis,cross-family lineage
Debian ↔ Fedora,https://systemd.io::upstream-unit::units/systemd-udev-trigger.service,https://systemd.io,0,36,0.0,0,derived descriptive analysis,cross-family lineage
Debian ↔ Fedora,https://tetrinetx.sourceforge.net::tetrinetx,https://tetrinetx.sourceforge.net,0,36,0.0,0,derived descriptive analysis,cross-family lineage
Debian ↔ Fedora,https://trousers.sourceforge.net::tcsd,https://trousers.sourceforge.net,0,36,0.0,0,derived descriptive analysis,cross-family lineage
Debian ↔ Fedora,https://unix4lyfe.org/darkstat::darkstat,https://unix4lyfe.org/darkstat,0,36,0.0,0,derived descriptive analysis,cross-family lineage
Debian ↔ Fedora,https://upower.freedesktop.org::upowerd,https://upower.freedesktop.org,0,36,0.0,0,derived descriptive analysis,cross-family lineage
Debian ↔ Fedora,https://usbguard.github.io::usbguard-daemon,https://usbguard.github.io,0,36,0.0,0,derived descriptive analysis,cross-family lineage
Debian ↔ Fedora,https://usbguard.github.io::usbguard-dbus,https://usbguard.github.io,0,36,0.0,0,derived descriptive analysis,cross-family lineage
Debian ↔ Fedora,https://valkey.io::valkey-sentinel,https://valkey.io,25,36,0.6944444444444444,≥4,derived descriptive analysis,cross-family lineage
Debian ↔ Fedora,https://valkey.io::valkey-server,https://valkey.io,25,36,0.6944444444444444,≥4,derived descriptive analysis,cross-family lineage
Debian ↔ Fedora,https://w1.fi/wpa_supplicant::wpa_supplicant,https://w1.fi/wpa_supplicant,0,36,0.0,0,derived descriptive analysis,cross-family lineage
Debian ↔ Fedora,https://wammu.eu/gammu::gammu-smsd,https://wammu.eu/gammu,0,36,0.0,0,derived descriptive analysis,cross-family lineage
Debian ↔ Fedora,https://wiki.gnome.org/phodav::spice-webdavd,https://wiki.gnome.org/phodav,0,36,0.0,0,derived descriptive analysis,cross-family lineage
Debian ↔ Fedora,https://www.anope.org::anope,https://www.anope.org,0,36,0.0,0,derived descriptive analysis,cross-family lineage
Debian ↔ Fedora,https://www.bacula.org::bacula-dir,https://www.bacula.org,3,36,0.08333333333333333,2–3,derived descriptive analysis,cross-family lineage
Debian ↔ Fedora,https://www.bacula.org::bacula-fd,https://www.bacula.org,0,36,0.0,0,derived descriptive analysis,cross-family lineage
Debian ↔ Fedora,https://www.bacula.org::bacula-sd,https://www.bacula.org,4,36,0.1111111111111111,≥4,derived descriptive analysis,cross-family lineage
Debian ↔ Fedora,https://www.bluez.org::bluetooth-meshd,https://www.bluez.org,0,36,0.0,0,derived descriptive analysis,cross-family lineage
Debian ↔ Fedora,https://www.bluez.org::bluetoothd,https://www.bluez.org,0,36,0.0,0,derived descriptive analysis,cross-family lineage
Debian ↔ Fedora,https://www.cipherdyne.org/psad::psad,https://www.cipherdyne.org/psad,0,36,0.0,0,derived descriptive analysis,cross-family lineage
Debian ↔ Fedora,https://www.clamav.net::clamonacc,https://www.clamav.net,0,36,0.0,0,derived descriptive analysis,cross-family lineage
Debian ↔ Fedora,https://www.clusterlabs.org::pacemaker-remoted,https://www.clusterlabs.org,0,36,0.0,0,derived descriptive analysis,cross-family lineage
Debian ↔ Fedora,https://www.clusterlabs.org::pacemakerd,https://www.clusterlabs.org,0,36,0.0,0,derived descriptive analysis,cross-family lineage
Debian ↔ Fedora,https://www.conserver.com::conserver,https://www.conserver.com,3,36,0.08333333333333333,2–3,derived descriptive analysis,cross-family lineage
Debian ↔ Fedora,https://www.cyrusimap.org/sasl::saslauthd,https://www.cyrusimap.org/sasl,0,36,0.0,0,derived descriptive analysis,cross-family lineage
Debian ↔ Fedora,https://www.erlang.org::epmd,https://www.erlang.org,2,36,0.05555555555555555,2–3,derived descriptive analysis,cross-family lineage
Debian ↔ Fedora,https://www.eyrie.org/~eagle/software/inn::rc.news,https://www.eyrie.org/~eagle/software/inn,3,36,0.08333333333333333,2–3,derived descriptive analysis,cross-family lineage
Debian ↔ Fedora,https://www.freedesktop.org/software/PackageKit::packagekitd,https://www.freedesktop.org/software/PackageKit,0,36,0.0,0,derived descriptive analysis,cross-family lineage
Debian ↔ Fedora,https://www.freedesktop.org/software/PackageKit::pk-offline-update,https://www.freedesktop.org/software/PackageKit,0,36,0.0,0,derived descriptive analysis,cross-family lineage
Debian ↔ Fedora,https://www.freedesktop.org/software/colord::colord,https://www.freedesktop.org/software/colord,0,36,0.0,0,derived descriptive analysis,cross-family lineage
Debian ↔ Fedora,https://www.freedesktop.org/wiki/Software/AccountsService::accounts-daemon,https://www.freedesktop.org/wiki/Software/AccountsService,0,36,0.0,0,derived descriptive analysis,cross-family lineage
Debian ↔ Fedora,https://www.freedesktop.org/wiki/Software/Plymouth::systemd-tty-ask-password-agent,https://www.freedesktop.org/wiki/Software/Plymouth,0,36,0.0,0,derived descriptive analysis,cross-family lineage
Debian ↔ Fedora,https://www.freedesktop.org/wiki/Software/fprint/fprintd::fprintd,https://www.freedesktop.org/wiki/Software/fprint/fprintd,0,36,0.0,0,derived descriptive analysis,cross-family lineage
Debian ↔ Fedora,https://www.freeipa.org::ipa-epn,https://www.freeipa.org,0,36,0.0,0,derived descriptive analysis,cross-family lineage
Debian ↔ Fedora,https://www.frrouting.org::frrinit.sh,https://www.frrouting.org,0,36,0.0,0,derived descriptive analysis,cross-family lineage
Debian ↔ Fedora,https://www.gnu.org/software/acct::accton,https://www.gnu.org/software/acct,0,36,0.0,0,derived descriptive analysis,cross-family lineage
Debian ↔ Fedora,https://www.gnu.org/software/freeipmi::bmc-watchdog,https://www.gnu.org/software/freeipmi,0,36,0.0,0,derived descriptive analysis,cross-family lineage
Debian ↔ Fedora,https://www.gnu.org/software/freeipmi::ipmidetectd,https://www.gnu.org/software/freeipmi,0,36,0.0,0,derived descriptive analysis,cross-family lineage
Debian ↔ Fedora,https://www.gnu.org/software/freeipmi::ipmiseld,https://www.gnu.org/software/freeipmi,0,36,0.0,0,derived descriptive analysis,cross-family lineage
Debian ↔ Fedora,https://www.haproxy.org::haproxy,https://www.haproxy.org,0,36,0.0,0,derived descriptive analysis,cross-family lineage
Debian ↔ Fedora,https://www.infradead.org/~dhowells/kafs::kafs-preload,https://www.infradead.org/~dhowells/kafs,0,36,0.0,0,derived descriptive analysis,cross-family lineage
Debian ↔ Fedora,https://www.kernel.org::hv_kvp_daemon,https://www.kernel.org,9,36,0.25,≥4,derived descriptive analysis,cross-family lineage
Debian ↔ Fedora,https://www.kernel.org::hv_vss_daemon,https://www.kernel.org,0,36,0.0,0,derived descriptive analysis,cross-family lineage
Debian ↔ Fedora,https://www.knot-dns.cz::knotd,https://www.knot-dns.cz,0,36,0.0,0,derived descriptive analysis,cross-family lineage
Debian ↔ Fedora,https://www.knot-resolver.cz::kres-cache-gc,https://www.knot-resolver.cz,0,36,0.0,0,derived descriptive analysis,cross-family lineage
Debian ↔ Fedora,https://www.lighttpd.net::upstream-unit::doc/systemd/lighttpd.service,https://www.lighttpd.net,1,36,0.027777777777777776,1,derived descriptive analysis,cross-family lineage
Debian ↔ Fedora,https://www.linux-pam.org::pam_namespace_helper,https://www.linux-pam.org,0,36,0.0,0,derived descriptive analysis,cross-family lineage
Debian ↔ Fedora,https://www.msweet.org/lprint::lprint,https://www.msweet.org/lprint,0,36,0.0,0,derived descriptive analysis,cross-family lineage
Debian ↔ Fedora,https://www.mumble.info::mumble-server,https://www.mumble.info,18,36,0.5,≥4,derived descriptive analysis,cross-family lineage
Debian ↔ Fedora,https://www.musicpd.org/clients/mpdscribble::mpdscribble,https://www.musicpd.org/clients/mpdscribble,0,36,0.0,0,derived descriptive analysis,cross-family lineage
Debian ↔ Fedora,https://www.musicpd.org::mpd,https://www.musicpd.org,0,36,0.0,0,derived descriptive analysis,cross-family lineage
Debian ↔ Fedora,https://www.nlnetlabs.nl/projects/dnssec-trigger::dnssec-trigger-control-setup,https://www.nlnetlabs.nl/projects/dnssec-trigger,0,36,0.0,0,derived descriptive analysis,cross-family lineage
Debian ↔ Fedora,https://www.nlnetlabs.nl/projects/dnssec-trigger::dnssec-triggerd,https://www.nlnetlabs.nl/projects/dnssec-trigger,0,36,0.0,0,derived descriptive analysis,cross-family lineage
Debian ↔ Fedora,https://www.nordugrid.org::arc-arex-start,https://www.nordugrid.org,0,36,0.0,0,derived descriptive analysis,cross-family lineage
Debian ↔ Fedora,https://www.nordugrid.org::arc-arex-ws-start,https://www.nordugrid.org,0,36,0.0,0,derived descriptive analysis,cross-family lineage
Debian ↔ Fedora,https://www.nordugrid.org::arc-datadelivery-service-start,https://www.nordugrid.org,0,36,0.0,0,derived descriptive analysis,cross-family lineage
Debian ↔ Fedora,https://www.nordugrid.org::upstream-unit::src/hed/daemon/scripts/arched.service,https://www.nordugrid.org,0,36,0.0,0,derived descriptive analysis,cross-family lineage
Debian ↔ Fedora,https://www.ntpsec.org::ntplogtemp,https://www.ntpsec.org,0,36,0.0,0,derived descriptive analysis,cross-family lineage
Debian ↔ Fedora,https://www.ntpsec.org::ntpwait,https://www.ntpsec.org,0,36,0.0,0,derived descriptive analysis,cross-family lineage
Debian ↔ Fedora,https://www.openbgpd.org::bgpd,https://www.openbgpd.org,21,36,0.5833333333333334,≥4,derived descriptive analysis,cross-family lineage
Debian ↔ Fedora,https://www.opensmtpd.org::smtpd,https://www.opensmtpd.org,12,36,0.3333333333333333,≥4,derived descriptive analysis,cross-family lineage
Debian ↔ Fedora,https://www.pgbouncer.org::pgbouncer,https://www.pgbouncer.org,0,36,0.0,0,derived descriptive analysis,cross-family lineage
Debian ↔ Fedora,https://www.postfix.org::postfix,https://www.postfix.org,17,36,0.4722222222222222,≥4,derived descriptive analysis,cross-family lineage
Debian ↔ Fedora,https://www.pps.univ-paris-diderot.fr/~jch/software/babel::babeld,https://www.pps.univ-paris-diderot.fr/~jch/software/babel,0,36,0.0,0,derived descriptive analysis,cross-family lineage
Debian ↔ Fedora,https://www.proftpd.org::proftpd,https://www.proftpd.org,0,36,0.0,0,derived descriptive analysis,cross-family lineage
Debian ↔ Fedora,https://www.rsyslog.com::rsyslogd,https://www.rsyslog.com,15,36,0.4166666666666667,≥4,derived descriptive analysis,cross-family lineage
Debian ↔ Fedora,https://www.samba.org::ctdbd,https://www.samba.org,0,36,0.0,0,derived descriptive analysis,cross-family lineage
Debian ↔ Fedora,https://www.samba.org::nmbd,https://www.samba.org,0,36,0.0,0,derived descriptive analysis,cross-family lineage
Debian ↔ Fedora,https://www.samba.org::samba,https://www.samba.org,0,36,0.0,0,derived descriptive analysis,cross-family lineage
Debian ↔ Fedora,https://www.samba.org::smbd,https://www.samba.org,0,36,0.0,0,derived descriptive analysis,cross-family lineage
Debian ↔ Fedora,https://www.samba.org::winbindd,https://www.samba.org,0,36,0.0,0,derived descriptive analysis,cross-family lineage
Debian ↔ Fedora,https://www.smartmontools.org::smartd,https://www.smartmontools.org,0,36,0.0,0,derived descriptive analysis,cross-family lineage
Debian ↔ Fedora,https://www.strongswan.org::charon-systemd,https://www.strongswan.org,0,36,0.0,0,derived descriptive analysis,cross-family lineage
Debian ↔ Fedora,https://www.svxlink.org::remotetrx,https://www.svxlink.org,0,36,0.0,0,derived descriptive analysis,cross-family lineage
Debian ↔ Fedora,https://www.svxlink.org::svxlink,https://www.svxlink.org,0,36,0.0,0,derived descriptive analysis,cross-family lineage
Debian ↔ Fedora,https://www.svxlink.org::svxreflector,https://www.svxlink.org,0,36,0.0,0,derived descriptive analysis,cross-family lineage
Debian ↔ Fedora,https://www.tinc-vpn.org::true,https://www.tinc-vpn.org,0,36,0.0,0,derived descriptive analysis,cross-family lineage
Debian ↔ Fedora,https://www.tntnet.org::tntnet,https://www.tntnet.org,0,36,0.0,0,derived descriptive analysis,cross-family lineage
Debian ↔ Fedora,https://www.torproject.org::tor,https://www.torproject.org,4,36,0.1111111111111111,≥4,derived descriptive analysis,cross-family lineage
Debian ↔ Fedora,https://www.torproject.org::true,https://www.torproject.org,0,36,0.0,0,derived descriptive analysis,cross-family lineage
Debian ↔ Fedora,https://www.unix-ag.uni-kl.de/~bloch/acng::apt-cacher-ng,https://www.unix-ag.uni-kl.de/~bloch/acng,0,36,0.0,0,derived descriptive analysis,cross-family lineage
Debian ↔ Fedora,https://www.xrdp.org::xrdp,https://www.xrdp.org,0,36,0.0,0,derived descriptive analysis,cross-family lineage
Debian ↔ Fedora,https://www.xrdp.org::xrdp-sesman,https://www.xrdp.org,0,36,0.0,0,derived descriptive analysis,cross-family lineage
Debian ↔ Fedora,https://www.yadifa.eu::yadifad,https://www.yadifa.eu,12,36,0.3333333333333333,≥4,derived descriptive analysis,cross-family lineage
Debian ↔ Fedora,https://www.yo2loj.ro/hamprojects::ampr-ripd,https://www.yo2loj.ro/hamprojects,0,36,0.0,0,derived descriptive analysis,cross-family lineage
Debian ↔ Fedora,https://www.zeroflux.org/projects/knock::knockd,https://www.zeroflux.org/projects/knock,2,36,0.05555555555555555,2–3,derived descriptive analysis,cross-family lineage
Debian ↔ Fedora,https://xfs.wiki.kernel.org::xfs_scrub_all,https://xfs.wiki.kernel.org,0,36,0.0,0,derived descriptive analysis,cross-family lineage
Debian ↔ Fedora,https://xfs.wiki.kernel.org::xfs_scrub_fail,https://xfs.wiki.kernel.org,23,36,0.6388888888888888,≥4,derived descriptive analysis,cross-family lineage
Debian ↔ Arch,https://apps.gnome.org/Sysprof::sysprofd,https://apps.gnome.org/Sysprof,0,36,0.0,0,derived descriptive analysis,cross-family lineage
Debian ↔ Arch,https://arthurdejong.org/nss-pam-ldapd::nslcd,https://arthurdejong.org/nss-pam-ldapd,9,36,0.25,≥4,derived descriptive analysis,cross-family lineage
Debian ↔ Arch,https://chrony-project.org::upstream-unit::examples/chrony-wait.service,https://chrony-project.org,0,36,0.0,0,derived descriptive analysis,cross-family lineage
Debian ↔ Arch,https://cockpit-project.org::cockpit-tls,https://cockpit-project.org,0,36,0.0,0,derived descriptive analysis,cross-family lineage
Debian ↔ Arch,https://cockpit-project.org::cockpit-ws,https://cockpit-project.org,0,36,0.0,0,derived descriptive analysis,cross-family lineage
Debian ↔ Arch,https://cockpit-project.org::update-issue,https://cockpit-project.org,0,36,0.0,0,derived descriptive analysis,cross-family lineage
Debian ↔ Arch,https://cockpit-project.org::upstream-unit::src/systemd/cockpit-session-socket-user.service,https://cockpit-project.org,0,36,0.0,0,derived descriptive analysis,cross-family lineage
Debian ↔ Arch,https://cockpit-project.org::upstream-unit::src/systemd/cockpit-wsinstance-socket-user.service,https://cockpit-project.org,4,36,0.1111111111111111,≥4,derived descriptive analysis,cross-family lineage
Debian ↔ Arch,https://code.kryo.se/iodine::iodined,https://code.kryo.se/iodine,0,36,0.0,0,derived descriptive analysis,cross-family lineage
Debian ↔ Arch,https://dnsdist.org::dnsdist,https://dnsdist.org,0,36,0.0,0,derived descriptive analysis,cross-family lineage
Debian ↔ Arch,https://flatpak.org::flatpak-system-helper,https://flatpak.org,0,36,0.0,0,derived descriptive analysis,cross-family lineage
Debian ↔ Arch,https://gdnsd.org::gdnsd,https://gdnsd.org,0,36,0.0,0,derived descriptive analysis,cross-family lineage
Debian ↔ Arch,https://git.kernel.org/pub/scm/network/connman/connman::connman-vpnd,https://git.kernel.org/pub/scm/network/connman/connman,0,36,0.0,0,derived descriptive analysis,cross-family lineage
Debian ↔ Arch,https://git.kernel.org/pub/scm/network/connman/connman::connmand,https://git.kernel.org/pub/scm/network/connman/connman,0,36,0.0,0,derived descriptive analysis,cross-family lineage
Debian ↔ Arch,https://git.kernel.org/pub/scm/network/connman/connman::connmand-wait-online,https://git.kernel.org/pub/scm/network/connman/connman,0,36,0.0,0,derived descriptive analysis,cross-family lineage
Debian ↔ Arch,https://github.com/DNSCrypt/dnscrypt-proxy::dnscrypt-proxy,https://github.com/DNSCrypt/dnscrypt-proxy,18,36,0.5,≥4,derived descriptive analysis,cross-family lineage
Debian ↔ Arch,https://github.com/ErikReider/SwayOSD::swayosd-libinput-backend,https://github.com/ErikReider/SwayOSD,0,36,0.0,0,derived descriptive analysis,cross-family lineage
Debian ↔ Arch,https://github.com/HewlettPackard/netperf::netserver,https://github.com/HewlettPackard/netperf,24,36,0.6666666666666666,≥4,derived descriptive analysis,cross-family lineage
Debian ↔ Arch,https://github.com/OpenMandrivaSoftware/ossp::osspd,https://github.com/OpenMandrivaSoftware/ossp,0,36,0.0,0,derived descriptive analysis,cross-family lineage
Debian ↔ Arch,https://github.com/OpenPrinting/ipp-usb::ipp-usb,https://github.com/OpenPrinting/ipp-usb,0,36,0.0,0,derived descriptive analysis,cross-family lineage
Debian ↔ Arch,https://github.com/SSSD/sssd::sssd,https://github.com/SSSD/sssd,3,36,0.08333333333333333,2–3,derived descriptive analysis,cross-family lineage
Debian ↔ Arch,https://github.com/SSSD/sssd::sssd_autofs,https://github.com/SSSD/sssd,3,36,0.08333333333333333,2–3,derived descriptive analysis,cross-family lineage
Debian ↔ Arch,https://github.com/SSSD/sssd::sssd_ifp,https://github.com/SSSD/sssd,3,36,0.08333333333333333,2–3,derived descriptive analysis,cross-family lineage
Debian ↔ Arch,https://github.com/SSSD/sssd::sssd_kcm,https://github.com/SSSD/sssd,3,36,0.08333333333333333,2–3,derived descriptive analysis,cross-family lineage
Debian ↔ Arch,https://github.com/SSSD/sssd::sssd_nss,https://github.com/SSSD/sssd,3,36,0.08333333333333333,2–3,derived descriptive analysis,cross-family lineage
Debian ↔ Arch,https://github.com/SSSD/sssd::sssd_pac,https://github.com/SSSD/sssd,3,36,0.08333333333333333,2–3,derived descriptive analysis,cross-family lineage
Debian ↔ Arch,https://github.com/SSSD/sssd::sssd_pam,https://github.com/SSSD/sssd,3,36,0.08333333333333333,2–3,derived descriptive analysis,cross-family lineage
Debian ↔ Arch,https://github.com/SSSD/sssd::sssd_ssh,https://github.com/SSSD/sssd,3,36,0.08333333333333333,2–3,derived descriptive analysis,cross-family lineage
Debian ↔ Arch,https://github.com/SSSD/sssd::sssd_sudo,https://github.com/SSSD/sssd,3,36,0.08333333333333333,2–3,derived descriptive analysis,cross-family lineage
Debian ↔ Arch,https://github.com/SuperQ/smokeping_prober::prometheus-smokeping-prober,https://github.com/SuperQ/smokeping_prober,19,36,0.5277777777777778,≥4,derived descriptive analysis,cross-family lineage
Debian ↔ Arch,https://github.com/adnanh/webhook::webhook,https://github.com/adnanh/webhook,0,36,0.0,0,derived descriptive analysis,cross-family lineage
Debian ↔ Arch,https://github.com/analogdevicesinc/libiio::iiod,https://github.com/analogdevicesinc/libiio,0,36,0.0,0,derived descriptive analysis,cross-family lineage
Debian ↔ Arch,https://github.com/ar-/incron::incrond,https://github.com/ar-/incron,1,36,0.027777777777777776,1,derived descriptive analysis,cross-family lineage
Debian ↔ Arch,https://github.com/blueman-project/blueman::blueman-mechanism,https://github.com/blueman-project/blueman,0,36,0.0,0,derived descriptive analysis,cross-family lineage
Debian ↔ Arch,https://github.com/bus1/dbus-broker::dbus-broker-launch,https://github.com/bus1/dbus-broker,0,36,0.0,0,derived descriptive analysis,cross-family lineage
Debian ↔ Arch,https://github.com/ckb-next/ckb-next::ckb-next-daemon,https://github.com/ckb-next/ckb-next,0,36,0.0,0,derived descriptive analysis,cross-family lineage
Debian ↔ Arch,https://github.com/containernetworking/plugins::dhcp,https://github.com/containernetworking/plugins,0,36,0.0,0,derived descriptive analysis,cross-family lineage
Debian ↔ Arch,https://github.com/coturn/coturn::turnserver,https://github.com/coturn/coturn,1,36,0.027777777777777776,1,derived descriptive analysis,cross-family lineage
Debian ↔ Arch,https://github.com/cronie-crond/cronie::crond,https://github.com/cronie-crond/cronie,0,36,0.0,0,derived descriptive analysis,cross-family lineage
Debian ↔ Arch,https://github.com/czerwonk/bird_exporter::prometheus-bird-exporter,https://github.com/czerwonk/bird_exporter,3,36,0.08333333333333333,2–3,derived descriptive analysis,cross-family lineage
Debian ↔ Arch,https://github.com/dlundquist/sniproxy::sniproxy,https://github.com/dlundquist/sniproxy,0,36,0.0,0,derived descriptive analysis,cross-family lineage
Debian ↔ Arch,https://github.com/evilsocket/opensnitch::opensnitchd,https://github.com/evilsocket/opensnitch,0,36,0.0,0,derived descriptive analysis,cross-family lineage
Debian ↔ Arch,https://github.com/fujita/tgt::tgtd,https://github.com/fujita/tgt,7,36,0.19444444444444445,≥4,derived descriptive analysis,cross-family lineage
Debian ↔ Arch,https://github.com/fwupd/fwupd::fwupd,https://github.com/fwupd/fwupd,1,36,0.027777777777777776,1,derived descriptive analysis,cross-family lineage
Debian ↔ Arch,https://github.com/fwupd/fwupd::fwupdmgr,https://github.com/fwupd/fwupd,0,36,0.0,0,derived descriptive analysis,cross-family lineage
Debian ↔ Arch,https://github.com/gssapi/gssproxy::gssproxy,https://github.com/gssapi/gssproxy,0,36,0.0,0,derived descriptive analysis,cross-family lineage
Debian ↔ Arch,https://github.com/intel/thermal_daemon::thermald,https://github.com/intel/thermal_daemon,0,36,0.0,0,derived descriptive analysis,cross-family lineage
Debian ↔ Arch,https://github.com/jonnenauha/prometheus_varnish_exporter::prometheus-varnish-exporter,https://github.com/jonnenauha/prometheus_varnish_exporter,16,36,0.4444444444444444,≥4,derived descriptive analysis,cross-family lineage
Debian ↔ Arch,https://github.com/latchset/clevis::clevis-luks-askpass,https://github.com/latchset/clevis,0,36,0.0,0,derived descriptive analysis,cross-family lineage
Debian ↔ Arch,https://github.com/libratbag/libratbag::ratbagd,https://github.com/libratbag/libratbag,0,36,0.0,0,derived descriptive analysis,cross-family lineage
Debian ↔ Arch,https://github.com/linux-nvme/nvme-cli::upstream-unit::nvmf-autoconnect/systemd/nvmefc-boot-connections.service,https://github.com/linux-nvme/nvme-cli,0,36,0.0,0,derived descriptive analysis,cross-family lineage
Debian ↔ Arch,https://github.com/linux-rdma/rdma-core::ibacm,https://github.com/linux-rdma/rdma-core,0,36,0.0,0,derived descriptive analysis,cross-family lineage
Debian ↔ Arch,https://github.com/linux-rdma/rdma-core::iwpmd,https://github.com/linux-rdma/rdma-core,0,36,0.0,0,derived descriptive analysis,cross-family lineage
Debian ↔ Arch,https://github.com/linux-rdma/rdma-core::rdma-ndd,https://github.com/linux-rdma/rdma-core,0,36,0.0,0,derived descriptive analysis,cross-family lineage
Debian ↔ Arch,https://github.com/linux-rdma/rdma-core::start_on_all_ports,https://github.com/linux-rdma/rdma-core,0,36,0.0,0,derived descriptive analysis,cross-family lineage
Debian ↔ Arch,https://github.com/linuxdeepin/deepin-boot-maker::upstream-unit::src/service/data/deepin-boot-maker.service,https://github.com/linuxdeepin/deepin-boot-maker,12,36,0.3333333333333333,≥4,derived descriptive analysis,cross-family lineage
Debian ↔ Arch,https://github.com/logrotate/logrotate::upstream-unit::examples/logrotate.service,https://github.com/logrotate/logrotate,0,36,0.0,0,derived descriptive analysis,cross-family lineage
Debian ↔ Arch,https://github.com/mikebrady/shairport-sync::shairport-sync,https://github.com/mikebrady/shairport-sync,0,36,0.0,0,derived descriptive analysis,cross-family lineage
Debian ↔ Arch,https://github.com/oliver006/redis_exporter::prometheus-redis-exporter,https://github.com/oliver006/redis_exporter,3,36,0.08333333333333333,2–3,derived descriptive analysis,cross-family lineage
Debian ↔ Arch,https://github.com/pmem/ndctl::upstream-unit::cxl/cxl-monitor.service,https://github.com/pmem/ndctl,0,36,0.0,0,derived descriptive analysis,cross-family lineage
Debian ↔ Arch,https://github.com/pmem/ndctl::upstream-unit::ndctl/ndctl-monitor.service,https://github.com/pmem/ndctl,0,36,0.0,0,derived descriptive analysis,cross-family lineage
Debian ↔ Arch,https://github.com/polkit-org/polkit::polkitd,https://github.com/polkit-org/polkit,0,36,0.0,0,derived descriptive analysis,cross-family lineage
Debian ↔ Arch,https://github.com/pothosware/SoapyRemote::SoapySDRServer,https://github.com/pothosware/SoapyRemote,0,36,0.0,0,derived descriptive analysis,cross-family lineage
Debian ↔ Arch,https://github.com/prometheus-community/elasticsearch_exporter::prometheus-elasticsearch-exporter,https://github.com/prometheus-community/elasticsearch_exporter,3,36,0.08333333333333333,2–3,derived descriptive analysis,cross-family lineage
Debian ↔ Arch,https://github.com/prometheus-community/ipmi_exporter::prometheus-ipmi-exporter,https://github.com/prometheus-community/ipmi_exporter,11,36,0.3055555555555556,≥4,derived descriptive analysis,cross-family lineage
Debian ↔ Arch,https://github.com/prometheus-community/postgres_exporter::prometheus-postgres-exporter,https://github.com/prometheus-community/postgres_exporter,3,36,0.08333333333333333,2–3,derived descriptive analysis,cross-family lineage
Debian ↔ Arch,https://github.com/prometheus/blackbox_exporter::prometheus-blackbox-exporter,https://github.com/prometheus/blackbox_exporter,19,36,0.5277777777777778,≥4,derived descriptive analysis,cross-family lineage
Debian ↔ Arch,https://github.com/prometheus/mysqld_exporter::prometheus-mysqld-exporter,https://github.com/prometheus/mysqld_exporter,20,36,0.5555555555555556,≥4,derived descriptive analysis,cross-family lineage
Debian ↔ Arch,https://github.com/prometheus/node_exporter::prometheus-node-exporter,https://github.com/prometheus/node_exporter,3,36,0.08333333333333333,2–3,derived descriptive analysis,cross-family lineage
Debian ↔ Arch,https://github.com/prometheus/snmp_exporter::prometheus-snmp-exporter,https://github.com/prometheus/snmp_exporter,10,36,0.2777777777777778,≥4,derived descriptive analysis,cross-family lineage
Debian ↔ Arch,https://github.com/pymumu/smartdns::smartdns,https://github.com/pymumu/smartdns,0,36,0.0,0,derived descriptive analysis,cross-family lineage
Debian ↔ Arch,https://github.com/rfjakob/earlyoom::earlyoom,https://github.com/rfjakob/earlyoom,1,36,0.027777777777777776,1,derived descriptive analysis,cross-family lineage
Debian ↔ Arch,https://github.com/rpodgorny/uptimed::uptimed,https://github.com/rpodgorny/uptimed,3,36,0.08333333333333333,2–3,derived descriptive analysis,cross-family lineage
Debian ↔ Arch,https://github.com/sddm/sddm::sddm,https://github.com/sddm/sddm,0,36,0.0,0,derived descriptive analysis,cross-family lineage
Debian ↔ Arch,https://github.com/systemd/systemd-bootchart::systemd-bootchart,https://github.com/systemd/systemd-bootchart,0,36,0.0,0,derived descriptive analysis,cross-family lineage
Debian ↔ Arch,https://github.com/trojan-gfw/trojan::trojan,https://github.com/trojan-gfw/trojan,0,36,0.0,0,derived descriptive analysis,cross-family lineage
Debian ↔ Arch,https://github.com/util-linux/util-linux::fstrim,https://github.com/util-linux/util-linux,0,36,0.0,0,derived descriptive analysis,cross-family lineage
Debian ↔ Arch,https://github.com/util-linux/util-linux::lastlog2,https://github.com/util-linux/util-linux,0,36,0.0,0,derived descriptive analysis,cross-family lineage
Debian ↔ Arch,https://github.com/util-linux/util-linux::uuidd,https://github.com/util-linux/util-linux,0,36,0.0,0,derived descriptive analysis,cross-family lineage
Debian ↔ Arch,https://github.com/v2fly/v2ray-core::v2ray,https://github.com/v2fly/v2ray-core,6,36,0.16666666666666666,≥4,derived descriptive analysis,cross-family lineage
Debian ↔ Arch,https://github.com/vmware/open-vm-tools::vmtoolsd,https://github.com/vmware/open-vm-tools,4,36,0.1111111111111111,≥4,derived descriptive analysis,cross-family lineage
Debian ↔ Arch,https://gitlab.com/interception/linux/tools::upstream-unit::udevmon.service,https://gitlab.com/interception/linux/tools,0,36,0.0,0,derived descriptive analysis,cross-family lineage
Debian ↔ Arch,https://gitlab.freedesktop.org/bolt/bolt::boltd,https://gitlab.freedesktop.org/bolt/bolt,0,36,0.0,0,derived descriptive analysis,cross-family lineage
Debian ↔ Arch,https://gitlab.freedesktop.org/hadess/iio-sensor-proxy::iio-sensor-proxy,https://gitlab.freedesktop.org/hadess/iio-sensor-proxy,1,36,0.027777777777777776,1,derived descriptive analysis,cross-family lineage
Debian ↔ Arch,https://gitlab.freedesktop.org/hadess/switcheroo-control::switcheroo-control,https://gitlab.freedesktop.org/hadess/switcheroo-control,0,36,0.0,0,derived descriptive analysis,cross-family lineage
Debian ↔ Arch,https://gitlab.freedesktop.org/upower/power-profiles-daemon::power-profiles-daemon,https://gitlab.freedesktop.org/upower/power-profiles-daemon,0,36,0.0,0,derived descriptive analysis,cross-family lineage
Debian ↔ Arch,https://humdi.net/vnstat::vnstatd,https://humdi.net/vnstat,3,36,0.08333333333333333,2–3,derived descriptive analysis,cross-family lineage
Debian ↔ Arch,https://i2pd.website::i2pd,https://i2pd.website,25,36,0.6944444444444444,≥4,derived descriptive analysis,cross-family lineage
Debian ↔ Arch,https://kea.isc.org::kea-ctrl-agent,https://kea.isc.org,1,36,0.027777777777777776,1,derived descriptive analysis,cross-family lineage
Debian ↔ Arch,https://kea.isc.org::kea-dhcp-ddns,https://kea.isc.org,2,36,0.05555555555555555,2–3,derived descriptive analysis,cross-family lineage
Debian ↔ Arch,https://kea.isc.org::kea-dhcp4,https://kea.isc.org,1,36,0.027777777777777776,1,derived descriptive analysis,cross-family lineage
Debian ↔ Arch,https://kea.isc.org::kea-dhcp6,https://kea.isc.org,1,36,0.027777777777777776,1,derived descriptive analysis,cross-family lineage
Debian ↔ Arch,https://linuxcontainers.org/incus::incus-user,https://linuxcontainers.org/incus,0,36,0.0,0,derived descriptive analysis,cross-family lineage
Debian ↔ Arch,https://linuxcontainers.org::lxc-containers,https://linuxcontainers.org,0,36,0.0,0,derived descriptive analysis,cross-family lineage
Debian ↔ Arch,https://linuxcontainers.org::lxc-monitord,https://linuxcontainers.org,0,36,0.0,0,derived descriptive analysis,cross-family lineage
Debian ↔ Arch,https://linuxcontainers.org::lxc-net,https://linuxcontainers.org,0,36,0.0,0,derived descriptive analysis,cross-family lineage
Debian ↔ Arch,https://linuxcontainers.org::lxcfs,https://linuxcontainers.org,0,36,0.0,0,derived descriptive analysis,cross-family lineage
Debian ↔ Arch,https://miniflux.app::miniflux,https://miniflux.app,1,36,0.027777777777777776,1,derived descriptive analysis,cross-family lineage
Debian ↔ Arch,https://mmonit.com/monit::monit,https://mmonit.com/monit,16,36,0.4444444444444444,≥4,derived descriptive analysis,cross-family lineage
Debian ↔ Arch,https://mosquitto.org::mosquitto,https://mosquitto.org,10,36,0.2777777777777778,≥4,derived descriptive analysis,cross-family lineage
Debian ↔ Arch,https://motion-project.github.io::motion,https://motion-project.github.io,0,36,0.0,0,derived descriptive analysis,cross-family lineage
Debian ↔ Arch,https://networkmanager.dev::nm-dispatcher,https://networkmanager.dev,0,36,0.0,0,derived descriptive analysis,cross-family lineage
Debian ↔ Arch,https://networkmanager.dev::nm-priv-helper,https://networkmanager.dev,0,36,0.0,0,derived descriptive analysis,cross-family lineage
Debian ↔ Arch,https://networkupstools.org::upsd,https://networkupstools.org,0,36,0.0,0,derived descriptive analysis,cross-family lineage
Debian ↔ Arch,https://networkupstools.org::upsmon,https://networkupstools.org,0,36,0.0,0,derived descriptive analysis,cross-family lineage
Debian ↔ Arch,https://pcp.io::pcp-geolocate,https://pcp.io,0,36,0.0,0,derived descriptive analysis,cross-family lineage
Debian ↔ Arch,https://pcp.io::pmcd,https://pcp.io,0,36,0.0,0,derived descriptive analysis,cross-family lineage
Debian ↔ Arch,https://pcp.io::pmfind_check,https://pcp.io,0,36,0.0,0,derived descriptive analysis,cross-family lineage
Debian ↔ Arch,https://pcp.io::pmie_check,https://pcp.io,0,36,0.0,0,derived descriptive analysis,cross-family lineage
Debian ↔ Arch,https://pcp.io::pmie_daily,https://pcp.io,0,36,0.0,0,derived descriptive analysis,cross-family lineage
Debian ↔ Arch,https://pcp.io::pmie_farm,https://pcp.io,0,36,0.0,0,derived descriptive analysis,cross-family lineage
Debian ↔ Arch,https://pcp.io::pmiectl,https://pcp.io,0,36,0.0,0,derived descriptive analysis,cross-family lineage
Debian ↔ Arch,https://pcp.io::pmlogctl,https://pcp.io,0,36,0.0,0,derived descriptive analysis,cross-family lineage
Debian ↔ Arch,https://pcp.io::pmlogger_check,https://pcp.io,0,36,0.0,0,derived descriptive analysis,cross-family lineage
Debian ↔ Arch,https://pcp.io::pmlogger_farm,https://pcp.io,0,36,0.0,0,derived descriptive analysis,cross-family lineage
Debian ↔ Arch,https://pcsclite.apdu.fr::pcscd,https://pcsclite.apdu.fr,3,36,0.08333333333333333,2–3,derived descriptive analysis,cross-family lineage
Debian ↔ Arch,https://prometheus.io::prometheus,https://prometheus.io,6,36,0.16666666666666666,≥4,derived descriptive analysis,cross-family lineage
Debian ↔ Arch,https://rsync.samba.org::upstream-unit::packaging/systemd/rsync.service,https://rsync.samba.org,0,36,0.0,0,derived descriptive analysis,cross-family lineage
Debian ↔ Arch,https://snapper.io::upstream-unit::data/cleanup.service,https://snapper.io,0,36,0.0,0,derived descriptive analysis,cross-family lineage
Debian ↔ Arch,https://snapper.io::upstream-unit::data/timeline.service,https://snapper.io,0,36,0.0,0,derived descriptive analysis,cross-family lineage
Debian ↔ Arch,https://soju.im::soju,https://soju.im,1,36,0.027777777777777776,1,derived descriptive analysis,cross-family lineage
Debian ↔ Arch,https://sourceforge.net/projects/acpid2::acpid,https://sourceforge.net/projects/acpid2,0,36,0.0,0,derived descriptive analysis,cross-family lineage
Debian ↔ Arch,https://sourceforge.net/projects/minidlna::minidlnad,https://sourceforge.net/projects/minidlna,10,36,0.2777777777777778,≥4,derived descriptive analysis,cross-family lineage
Debian ↔ Arch,https://sourceware.org/lvm2::lvmpolld,https://sourceware.org/lvm2,0,36,0.0,0,derived descriptive analysis,cross-family lineage
Debian ↔ Arch,https://sourceware.org/lvm2::true,https://sourceware.org/lvm2,0,36,0.0,0,derived descriptive analysis,cross-family lineage
Debian ↔ Arch,https://sysstat.github.io::sa2,https://sysstat.github.io,0,36,0.0,0,derived descriptive analysis,cross-family lineage
Debian ↔ Arch,https://unix4lyfe.org/darkstat::darkstat,https://unix4lyfe.org/darkstat,0,36,0.0,0,derived descriptive analysis,cross-family lineage
Debian ↔ Arch,https://upower.freedesktop.org::upowerd,https://upower.freedesktop.org,0,36,0.0,0,derived descriptive analysis,cross-family lineage
Debian ↔ Arch,https://valkey.io::valkey-sentinel,https://valkey.io,20,36,0.5555555555555556,≥4,derived descriptive analysis,cross-family lineage
Debian ↔ Arch,https://valkey.io::valkey-server,https://valkey.io,20,36,0.5555555555555556,≥4,derived descriptive analysis,cross-family lineage
Debian ↔ Arch,https://w1.fi/wpa_supplicant::wpa_supplicant,https://w1.fi/wpa_supplicant,0,36,0.0,0,derived descriptive analysis,cross-family lineage
Debian ↔ Arch,https://wammu.eu/gammu::gammu-smsd,https://wammu.eu/gammu,1,36,0.027777777777777776,1,derived descriptive analysis,cross-family lineage
Debian ↔ Arch,https://web.mit.edu/kerberos::kadmind,https://web.mit.edu/kerberos,6,36,0.16666666666666666,≥4,derived descriptive analysis,cross-family lineage
Debian ↔ Arch,https://web.mit.edu/kerberos::kpropd,https://web.mit.edu/kerberos,6,36,0.16666666666666666,≥4,derived descriptive analysis,cross-family lineage
Debian ↔ Arch,https://web.mit.edu/kerberos::krb5kdc,https://web.mit.edu/kerberos,6,36,0.16666666666666666,≥4,derived descriptive analysis,cross-family lineage
Debian ↔ Arch,https://wiki.gnome.org/phodav::spice-webdavd,https://wiki.gnome.org/phodav,0,36,0.0,0,derived descriptive analysis,cross-family lineage
Debian ↔ Arch,https://www.apcupsd.org::apcupsd,https://www.apcupsd.org,0,36,0.0,0,derived descriptive analysis,cross-family lineage
Debian ↔ Arch,https://www.bluez.org::bluetooth-meshd,https://www.bluez.org,0,36,0.0,0,derived descriptive analysis,cross-family lineage
Debian ↔ Arch,https://www.bluez.org::bluetoothd,https://www.bluez.org,0,36,0.0,0,derived descriptive analysis,cross-family lineage
Debian ↔ Arch,https://www.clamav.net::clamd,https://www.clamav.net,0,36,0.0,0,derived descriptive analysis,cross-family lineage
Debian ↔ Arch,https://www.clamav.net::clamonacc,https://www.clamav.net,0,36,0.0,0,derived descriptive analysis,cross-family lineage
Debian ↔ Arch,https://www.cyrusimap.org/sasl::saslauthd,https://www.cyrusimap.org/sasl,0,36,0.0,0,derived descriptive analysis,cross-family lineage
Debian ↔ Arch,https://www.freedesktop.org/software/PackageKit::packagekitd,https://www.freedesktop.org/software/PackageKit,0,36,0.0,0,derived descriptive analysis,cross-family lineage
Debian ↔ Arch,https://www.freedesktop.org/software/PackageKit::pk-offline-update,https://www.freedesktop.org/software/PackageKit,0,36,0.0,0,derived descriptive analysis,cross-family lineage
Debian ↔ Arch,https://www.freedesktop.org/software/colord::colord,https://www.freedesktop.org/software/colord,0,36,0.0,0,derived descriptive analysis,cross-family lineage
Debian ↔ Arch,https://www.freedesktop.org/wiki/Software/ModemManager::ModemManager,https://www.freedesktop.org/wiki/Software/ModemManager,0,36,0.0,0,derived descriptive analysis,cross-family lineage
Debian ↔ Arch,https://www.freedesktop.org/wiki/Software/Plymouth::systemd-tty-ask-password-agent,https://www.freedesktop.org/wiki/Software/Plymouth,0,36,0.0,0,derived descriptive analysis,cross-family lineage
Debian ↔ Arch,https://www.freedesktop.org/wiki/Software/udisks::udisksd,https://www.freedesktop.org/wiki/Software/udisks,0,36,0.0,0,derived descriptive analysis,cross-family lineage
Debian ↔ Arch,https://www.gluster.org::glusterd,https://www.gluster.org,0,36,0.0,0,derived descriptive analysis,cross-family lineage
Debian ↔ Arch,https://www.gluster.org::glustereventsd,https://www.gluster.org,0,36,0.0,0,derived descriptive analysis,cross-family lineage
Debian ↔ Arch,https://www.gluster.org::glusterfsd,https://www.gluster.org,0,36,0.0,0,derived descriptive analysis,cross-family lineage
Debian ↔ Arch,https://www.gluster.org::mount-shared-storage.sh,https://www.gluster.org,0,36,0.0,0,derived descriptive analysis,cross-family lineage
Debian ↔ Arch,https://www.gnu.org/software/freeipmi::bmc-watchdog,https://www.gnu.org/software/freeipmi,0,36,0.0,0,derived descriptive analysis,cross-family lineage
Debian ↔ Arch,https://www.gnu.org/software/freeipmi::ipmidetectd,https://www.gnu.org/software/freeipmi,0,36,0.0,0,derived descriptive analysis,cross-family lineage
Debian ↔ Arch,https://www.gnu.org/software/freeipmi::ipmiseld,https://www.gnu.org/software/freeipmi,0,36,0.0,0,derived descriptive analysis,cross-family lineage
Debian ↔ Arch,https://www.haproxy.org::haproxy,https://www.haproxy.org,0,36,0.0,0,derived descriptive analysis,cross-family lineage
Debian ↔ Arch,https://www.kernel.org::hv_kvp_daemon,https://www.kernel.org,9,36,0.25,≥4,derived descriptive analysis,cross-family lineage
Debian ↔ Arch,https://www.kernel.org::hv_vss_daemon,https://www.kernel.org,0,36,0.0,0,derived descriptive analysis,cross-family lineage
Debian ↔ Arch,https://www.knot-dns.cz::knotd,https://www.knot-dns.cz,0,36,0.0,0,derived descriptive analysis,cross-family lineage
Debian ↔ Arch,https://www.lighttpd.net::upstream-unit::doc/systemd/lighttpd.service,https://www.lighttpd.net,1,36,0.027777777777777776,1,derived descriptive analysis,cross-family lineage
Debian ↔ Arch,https://www.litech.org/radvd::radvd,https://www.litech.org/radvd,7,36,0.19444444444444445,≥4,derived descriptive analysis,cross-family lineage
Debian ↔ Arch,https://www.msweet.org/lprint::lprint,https://www.msweet.org/lprint,0,36,0.0,0,derived descriptive analysis,cross-family lineage
Debian ↔ Arch,https://www.mumble.info::mumble-server,https://www.mumble.info,0,36,0.0,0,derived descriptive analysis,cross-family lineage
Debian ↔ Arch,https://www.musicpd.org/clients/mpdscribble::mpdscribble,https://www.musicpd.org/clients/mpdscribble,0,36,0.0,0,derived descriptive analysis,cross-family lineage
Debian ↔ Arch,https://www.musicpd.org::mpd,https://www.musicpd.org,3,36,0.08333333333333333,2–3,derived descriptive analysis,cross-family lineage
Debian ↔ Arch,https://www.netfilter.org/projects/ulogd::ulogd,https://www.netfilter.org/projects/ulogd,0,36,0.0,0,derived descriptive analysis,cross-family lineage
Debian ↔ Arch,https://www.open-iscsi.com::iscsid,https://www.open-iscsi.com,0,36,0.0,0,derived descriptive analysis,cross-family lineage
Debian ↔ Arch,https://www.open-iscsi.com::iscsiuio,https://www.open-iscsi.com,0,36,0.0,0,derived descriptive analysis,cross-family lineage
Debian ↔ Arch,https://www.opendkim.org::opendkim,https://www.opendkim.org,3,36,0.08333333333333333,2–3,derived descriptive analysis,cross-family lineage
Debian ↔ Arch,https://www.openntpd.org::ntpd,https://www.openntpd.org,7,36,0.19444444444444445,≥4,derived descriptive analysis,cross-family lineage
Debian ↔ Arch,https://www.opensmtpd.org::smtpd,https://www.opensmtpd.org,0,36,0.0,0,derived descriptive analysis,cross-family lineage
Debian ↔ Arch,https://www.partimage.org::partimaged,https://www.partimage.org,0,36,0.0,0,derived descriptive analysis,cross-family lineage
Debian ↔ Arch,https://www.pgbouncer.org::pgbouncer,https://www.pgbouncer.org,0,36,0.0,0,derived descriptive analysis,cross-family lineage
Debian ↔ Arch,https://www.postfix.org::postfix,https://www.postfix.org,17,36,0.4722222222222222,≥4,derived descriptive analysis,cross-family lineage
Debian ↔ Arch,https://www.powerdns.com::ixfrdist,https://www.powerdns.com,0,36,0.0,0,derived descriptive analysis,cross-family lineage
Debian ↔ Arch,https://www.powerdns.com::pdns_recursor,https://www.powerdns.com,0,36,0.0,0,derived descriptive analysis,cross-family lineage
Debian ↔ Arch,https://www.powerdns.com::pdns_server,https://www.powerdns.com,0,36,0.0,0,derived descriptive analysis,cross-family lineage
Debian ↔ Arch,https://www.rutschle.net/tech/sslh/README.html::sslh,https://www.rutschle.net/tech/sslh/README.html,0,36,0.0,0,derived descriptive analysis,cross-family lineage
Debian ↔ Arch,https://www.samba.org::nmbd,https://www.samba.org,0,36,0.0,0,derived descriptive analysis,cross-family lineage
Debian ↔ Arch,https://www.samba.org::samba,https://www.samba.org,0,36,0.0,0,derived descriptive analysis,cross-family lineage
Debian ↔ Arch,https://www.samba.org::smbd,https://www.samba.org,0,36,0.0,0,derived descriptive analysis,cross-family lineage
Debian ↔ Arch,https://www.samba.org::winbindd,https://www.samba.org,0,36,0.0,0,derived descriptive analysis,cross-family lineage
Debian ↔ Arch,https://www.smartmontools.org::smartd,https://www.smartmontools.org,0,36,0.0,0,derived descriptive analysis,cross-family lineage
Debian ↔ Arch,https://www.spice-space.org::spice-vdagentd,https://www.spice-space.org,0,36,0.0,0,derived descriptive analysis,cross-family lineage
Debian ↔ Arch,https://www.strongswan.org::charon-systemd,https://www.strongswan.org,0,36,0.0,0,derived descriptive analysis,cross-family lineage
Debian ↔ Arch,https://www.strongswan.org::ipsec,https://www.strongswan.org,0,36,0.0,0,derived descriptive analysis,cross-family lineage
Debian ↔ Arch,https://www.tinc-vpn.org::true,https://www.tinc-vpn.org,0,36,0.0,0,derived descriptive analysis,cross-family lineage
Debian ↔ Arch,https://xfs.wiki.kernel.org::xfs_scrub_all,https://xfs.wiki.kernel.org,0,36,0.0,0,derived descriptive analysis,cross-family lineage
Debian ↔ Arch,https://xfs.wiki.kernel.org::xfs_scrub_fail,https://xfs.wiki.kernel.org,23,36,0.6388888888888888,≥4,derived descriptive analysis,cross-family lineage
Debian ↔ Arch,https://zeroc.com::glacier2router,https://zeroc.com,0,36,0.0,0,derived descriptive analysis,cross-family lineage
Debian ↔ Arch,https://zeroc.com::icegridnode,https://zeroc.com,0,36,0.0,0,derived descriptive analysis,cross-family lineage
Debian ↔ Arch,https://zeroc.com::icegridregistry,https://zeroc.com,0,36,0.0,0,derived descriptive analysis,cross-family lineage
Ubuntu ↔ Fedora,https://arthurdejong.org/nss-pam-ldapd::nslcd,https://arthurdejong.org/nss-pam-ldapd,9,36,0.25,≥4,derived descriptive analysis,cross-family lineage
Ubuntu ↔ Fedora,https://avahi.org::avahi-daemon,https://avahi.org,0,36,0.0,0,derived descriptive analysis,cross-family lineage
Ubuntu ↔ Fedora,https://avahi.org::avahi-dnsconfd,https://avahi.org,0,36,0.0,0,derived descriptive analysis,cross-family lineage
Ubuntu ↔ Fedora,https://bpfilter.io::upstream-unit::src/bpfilter/bpfilter.service,https://bpfilter.io,0,36,0.0,0,derived descriptive analysis,cross-family lineage
Ubuntu ↔ Fedora,https://c-icap.sourceforge.net::c-icap,https://c-icap.sourceforge.net,3,36,0.08333333333333333,2–3,derived descriptive analysis,cross-family lineage
Ubuntu ↔ Fedora,https://christophe.varoqui.free.fr::multipathd,https://christophe.varoqui.free.fr,0,36,0.0,0,derived descriptive analysis,cross-family lineage
Ubuntu ↔ Fedora,https://christophe.varoqui.free.fr::true,https://christophe.varoqui.free.fr,0,36,0.0,0,derived descriptive analysis,cross-family lineage
Ubuntu ↔ Fedora,https://chrony-project.org::upstream-unit::examples/chrony-wait.service,https://chrony-project.org,0,36,0.0,0,derived descriptive analysis,cross-family lineage
Ubuntu ↔ Fedora,https://cockpit-project.org::cockpit-tls,https://cockpit-project.org,0,36,0.0,0,derived descriptive analysis,cross-family lineage
Ubuntu ↔ Fedora,https://cockpit-project.org::cockpit-ws,https://cockpit-project.org,0,36,0.0,0,derived descriptive analysis,cross-family lineage
Ubuntu ↔ Fedora,https://cockpit-project.org::update-issue,https://cockpit-project.org,0,36,0.0,0,derived descriptive analysis,cross-family lineage
Ubuntu ↔ Fedora,https://cockpit-project.org::upstream-unit::src/systemd/cockpit-session-socket-user.service,https://cockpit-project.org,0,36,0.0,0,derived descriptive analysis,cross-family lineage
Ubuntu ↔ Fedora,https://cockpit-project.org::upstream-unit::src/systemd/cockpit-wsinstance-socket-user.service,https://cockpit-project.org,4,36,0.1111111111111111,≥4,derived descriptive analysis,cross-family lineage
Ubuntu ↔ Fedora,https://code.kryo.se/iodine::iodined,https://code.kryo.se/iodine,0,36,0.0,0,derived descriptive analysis,cross-family lineage
Ubuntu ↔ Fedora,https://collectd.org::collectd,https://collectd.org,0,36,0.0,0,derived descriptive analysis,cross-family lineage
Ubuntu ↔ Fedora,https://conntrack-tools.netfilter.org::conntrackd,https://conntrack-tools.netfilter.org,2,36,0.05555555555555555,2–3,derived descriptive analysis,cross-family lineage
Ubuntu ↔ Fedora,https://corosync.github.io/corosync::corosync,https://corosync.github.io/corosync,1,36,0.027777777777777776,1,derived descriptive analysis,cross-family lineage
Ubuntu ↔ Fedora,https://corosync.github.io/corosync::corosync-notifyd,https://corosync.github.io/corosync,1,36,0.027777777777777776,1,derived descriptive analysis,cross-family lineage
Ubuntu ↔ Fedora,https://ddclient.net::ddclient,https://ddclient.net,3,36,0.08333333333333333,2–3,derived descriptive analysis,cross-family lineage
Ubuntu ↔ Fedora,https://deluge-torrent.org::deluge-web,https://deluge-torrent.org,1,36,0.027777777777777776,1,derived descriptive analysis,cross-family lineage
Ubuntu ↔ Fedora,https://deluge-torrent.org::deluged,https://deluge-torrent.org,1,36,0.027777777777777776,1,derived descriptive analysis,cross-family lineage
Ubuntu ↔ Fedora,https://devel.freebsoft.org/speechd::speech-dispatcher,https://devel.freebsoft.org/speechd,3,36,0.08333333333333333,2–3,derived descriptive analysis,cross-family lineage
Ubuntu ↔ Fedora,https://digint.ch/btrbk::btrbk,https://digint.ch/btrbk,0,36,0.0,0,derived descriptive analysis,cross-family lineage
Ubuntu ↔ Fedora,https://dnsdist.org::dnsdist,https://dnsdist.org,0,36,0.0,0,derived descriptive analysis,cross-family lineage
Ubuntu ↔ Fedora,https://dun.github.io/munge::munged,https://dun.github.io/munge,0,36,0.0,0,derived descriptive analysis,cross-family lineage
Ubuntu ↔ Fedora,https://etckeeper.branchable.com::upstream-unit::systemd/etckeeper.service,https://etckeeper.branchable.com,0,36,0.0,0,derived descriptive analysis,cross-family lineage
Ubuntu ↔ Fedora,https://fastnetmon.com::upstream-unit::src/packaging/fedora/fastnetmon.service,https://fastnetmon.com,0,36,0.0,0,derived descriptive analysis,cross-family lineage
Ubuntu ↔ Fedora,https://flatpak.org::flatpak-system-helper,https://flatpak.org,0,36,0.0,0,derived descriptive analysis,cross-family lineage
Ubuntu ↔ Fedora,https://fusioninventory.org::fusioninventory-agent,https://fusioninventory.org,1,36,0.027777777777777776,1,derived descriptive analysis,cross-family lineage
Ubuntu ↔ Fedora,https://gerbera.io::gerbera,https://gerbera.io,1,36,0.027777777777777776,1,derived descriptive analysis,cross-family lineage
Ubuntu ↔ Fedora,https://github.com/AsahiLinux/asahi-scripts::upstream-unit::macsmc-battery/systemd/macsmc-battery-charge-control-end-threshold.service,https://github.com/AsahiLinux/asahi-scripts,0,36,0.0,0,derived descriptive analysis,cross-family lineage
Ubuntu ↔ Fedora,https://github.com/COVESA/dlt-daemon::dlt-daemon,https://github.com/COVESA/dlt-daemon,4,36,0.1111111111111111,≥4,derived descriptive analysis,cross-family lineage
Ubuntu ↔ Fedora,https://github.com/COVESA/dlt-daemon::dlt-system,https://github.com/COVESA/dlt-daemon,0,36,0.0,0,derived descriptive analysis,cross-family lineage
Ubuntu ↔ Fedora,https://github.com/ClusterLabs/booth::boothd,https://github.com/ClusterLabs/booth,0,36,0.0,0,derived descriptive analysis,cross-family lineage
Ubuntu ↔ Fedora,https://github.com/ClusterLabs/fence-agents::fence_virtd,https://github.com/ClusterLabs/fence-agents,0,36,0.0,0,derived descriptive analysis,cross-family lineage
Ubuntu ↔ Fedora,https://github.com/ClusterLabs/pcs::pcs_snmp_agent,https://github.com/ClusterLabs/pcs,0,36,0.0,0,derived descriptive analysis,cross-family lineage
Ubuntu ↔ Fedora,https://github.com/ClusterLabs/resource-agents::ldirectord,https://github.com/ClusterLabs/resource-agents,0,36,0.0,0,derived descriptive analysis,cross-family lineage
Ubuntu ↔ Fedora,https://github.com/EGI-Federation/bdii::bdii-slapd-start,https://github.com/EGI-Federation/bdii,0,36,0.0,0,derived descriptive analysis,cross-family lineage
Ubuntu ↔ Fedora,https://github.com/EGI-Federation/bdii::sh,https://github.com/EGI-Federation/bdii,0,36,0.0,0,derived descriptive analysis,cross-family lineage
Ubuntu ↔ Fedora,https://github.com/Exa-Networks/exabgp::exabgp,https://github.com/Exa-Networks/exabgp,1,36,0.027777777777777776,1,derived descriptive analysis,cross-family lineage
Ubuntu ↔ Fedora,https://github.com/FoobarOy/foomuuri::upstream-unit::systemd/foomuuri-boot.service,https://github.com/FoobarOy/foomuuri,0,36,0.0,0,derived descriptive analysis,cross-family lineage
Ubuntu ↔ Fedora,https://github.com/FoobarOy/foomuuri::upstream-unit::systemd/foomuuri-dbus.service,https://github.com/FoobarOy/foomuuri,0,36,0.0,0,derived descriptive analysis,cross-family lineage
Ubuntu ↔ Fedora,https://github.com/FoobarOy/foomuuri::upstream-unit::systemd/foomuuri-iplist.service,https://github.com/FoobarOy/foomuuri,0,36,0.0,0,derived descriptive analysis,cross-family lineage
Ubuntu ↔ Fedora,https://github.com/FoobarOy/foomuuri::upstream-unit::systemd/foomuuri-monitor.service,https://github.com/FoobarOy/foomuuri,0,36,0.0,0,derived descriptive analysis,cross-family lineage
Ubuntu ↔ Fedora,https://github.com/FoobarOy/foomuuri::upstream-unit::systemd/foomuuri.service,https://github.com/FoobarOy/foomuuri,0,36,0.0,0,derived descriptive analysis,cross-family lineage
Ubuntu ↔ Fedora,https://github.com/Irqbalance/irqbalance::irqbalance,https://github.com/Irqbalance/irqbalance,1,36,0.027777777777777776,1,derived descriptive analysis,cross-family lineage
Ubuntu ↔ Fedora,https://github.com/OpenPrinting/ipp-usb::ipp-usb,https://github.com/OpenPrinting/ipp-usb,0,36,0.0,0,derived descriptive analysis,cross-family lineage
Ubuntu ↔ Fedora,https://github.com/OpenPrinting/pappl-retrofit::upstream-unit::legacy/legacy-printer-app.service,https://github.com/OpenPrinting/pappl-retrofit,0,36,0.0,0,derived descriptive analysis,cross-family lineage
Ubuntu ↔ Fedora,https://github.com/PixlOne/logiops::logid,https://github.com/PixlOne/logiops,0,36,0.0,0,derived descriptive analysis,cross-family lineage
Ubuntu ↔ Fedora,https://github.com/SSSD/sssd::sssd,https://github.com/SSSD/sssd,0,36,0.0,0,derived descriptive analysis,cross-family lineage
Ubuntu ↔ Fedora,https://github.com/SSSD/sssd::sssd_autofs,https://github.com/SSSD/sssd,0,36,0.0,0,derived descriptive analysis,cross-family lineage
Ubuntu ↔ Fedora,https://github.com/SSSD/sssd::sssd_ifp,https://github.com/SSSD/sssd,0,36,0.0,0,derived descriptive analysis,cross-family lineage
Ubuntu ↔ Fedora,https://github.com/SSSD/sssd::sssd_kcm,https://github.com/SSSD/sssd,0,36,0.0,0,derived descriptive analysis,cross-family lineage
Ubuntu ↔ Fedora,https://github.com/SSSD/sssd::sssd_nss,https://github.com/SSSD/sssd,0,36,0.0,0,derived descriptive analysis,cross-family lineage
Ubuntu ↔ Fedora,https://github.com/SSSD/sssd::sssd_pac,https://github.com/SSSD/sssd,0,36,0.0,0,derived descriptive analysis,cross-family lineage
Ubuntu ↔ Fedora,https://github.com/SSSD/sssd::sssd_pam,https://github.com/SSSD/sssd,0,36,0.0,0,derived descriptive analysis,cross-family lineage
Ubuntu ↔ Fedora,https://github.com/SSSD/sssd::sssd_ssh,https://github.com/SSSD/sssd,0,36,0.0,0,derived descriptive analysis,cross-family lineage
Ubuntu ↔ Fedora,https://github.com/SSSD/sssd::sssd_sudo,https://github.com/SSSD/sssd,0,36,0.0,0,derived descriptive analysis,cross-family lineage
Ubuntu ↔ Fedora,https://github.com/Snawoot/postfix-mta-sts-resolver::mta-sts-daemon,https://github.com/Snawoot/postfix-mta-sts-resolver,0,36,0.0,0,derived descriptive analysis,cross-family lineage
Ubuntu ↔ Fedora,https://github.com/ar-/incron::incrond,https://github.com/ar-/incron,1,36,0.027777777777777776,1,derived descriptive analysis,cross-family lineage
Ubuntu ↔ Fedora,https://github.com/authselect/authselect::upstream-unit::systemd/authselect-apply-changes.service,https://github.com/authselect/authselect,0,36,0.0,0,derived descriptive analysis,cross-family lineage
Ubuntu ↔ Fedora,https://github.com/blueman-project/blueman::blueman-mechanism,https://github.com/blueman-project/blueman,0,36,0.0,0,derived descriptive analysis,cross-family lineage
Ubuntu ↔ Fedora,https://github.com/bus1/dbus-broker::dbus-broker-launch,https://github.com/bus1/dbus-broker,0,36,0.0,0,derived descriptive analysis,cross-family lineage
Ubuntu ↔ Fedora,https://github.com/cdown/zcfan::zcfan,https://github.com/cdown/zcfan,0,36,0.0,0,derived descriptive analysis,cross-family lineage
Ubuntu ↔ Fedora,https://github.com/ckb-next/ckb-next::ckb-next-daemon,https://github.com/ckb-next/ckb-next,0,36,0.0,0,derived descriptive analysis,cross-family lineage
Ubuntu ↔ Fedora,https://github.com/cminyard/ser2net::ser2net,https://github.com/cminyard/ser2net,3,36,0.08333333333333333,2–3,derived descriptive analysis,cross-family lineage
Ubuntu ↔ Fedora,https://github.com/containernetworking/plugins::dhcp,https://github.com/containernetworking/plugins,0,36,0.0,0,derived descriptive analysis,cross-family lineage
Ubuntu ↔ Fedora,https://github.com/corosync/corosync-qdevice::corosync-qdevice,https://github.com/corosync/corosync-qdevice,1,36,0.027777777777777776,1,derived descriptive analysis,cross-family lineage
Ubuntu ↔ Fedora,https://github.com/corosync/corosync-qdevice::corosync-qnetd,https://github.com/corosync/corosync-qdevice,1,36,0.027777777777777776,1,derived descriptive analysis,cross-family lineage
Ubuntu ↔ Fedora,https://github.com/cronie-crond/cronie::crond,https://github.com/cronie-crond/cronie,0,36,0.0,0,derived descriptive analysis,cross-family lineage
Ubuntu ↔ Fedora,https://github.com/darrylb123/usbrelay::python3,https://github.com/darrylb123/usbrelay,0,36,0.0,0,derived descriptive analysis,cross-family lineage
Ubuntu ↔ Fedora,https://github.com/ddccontrol/ddccontrol::ddccontrol_service,https://github.com/ddccontrol/ddccontrol,0,36,0.0,0,derived descriptive analysis,cross-family lineage
Ubuntu ↔ Fedora,https://github.com/facebookincubator/oomd::oomd,https://github.com/facebookincubator/oomd,0,36,0.0,0,derived descriptive analysis,cross-family lineage
Ubuntu ↔ Fedora,https://github.com/freeipa/freeipa-healthcheck::upstream-unit::systemd/ipa-healthcheck.service,https://github.com/freeipa/freeipa-healthcheck,0,36,0.0,0,derived descriptive analysis,cross-family lineage
Ubuntu ↔ Fedora,https://github.com/fwupd/fwupd::fwupd,https://github.com/fwupd/fwupd,1,36,0.027777777777777776,1,derived descriptive analysis,cross-family lineage
Ubuntu ↔ Fedora,https://github.com/fwupd/fwupd::fwupdmgr,https://github.com/fwupd/fwupd,6,36,0.16666666666666666,≥4,derived descriptive analysis,cross-family lineage
Ubuntu ↔ Fedora,https://github.com/graphite-project/carbon::carbon-cache,https://github.com/graphite-project/carbon,0,36,0.0,0,derived descriptive analysis,cross-family lineage
Ubuntu ↔ Fedora,https://github.com/gridcf/gct::globus-gridftp-server,https://github.com/gridcf/gct,0,36,0.0,0,derived descriptive analysis,cross-family lineage
Ubuntu ↔ Fedora,https://github.com/grondo/edac-utils::edac-ctl,https://github.com/grondo/edac-utils,0,36,0.0,0,derived descriptive analysis,cross-family lineage
Ubuntu ↔ Fedora,https://github.com/gssapi/gssproxy::gssproxy,https://github.com/gssapi/gssproxy,0,36,0.0,0,derived descriptive analysis,cross-family lineage
Ubuntu ↔ Fedora,https://github.com/hardinfo2/hardinfo2::upstream-unit::tools/hardinfo2.service,https://github.com/hardinfo2/hardinfo2,0,36,0.0,0,derived descriptive analysis,cross-family lineage
Ubuntu ↔ Fedora,https://github.com/hughsie/passim::passimd,https://github.com/hughsie/passim,0,36,0.0,0,derived descriptive analysis,cross-family lineage
Ubuntu ↔ Fedora,https://github.com/intel/intel-lpmd::intel_lpmd,https://github.com/intel/intel-lpmd,0,36,0.0,0,derived descriptive analysis,cross-family lineage
Ubuntu ↔ Fedora,https://github.com/intel/ledmon::ledmon,https://github.com/intel/ledmon,0,36,0.0,0,derived descriptive analysis,cross-family lineage
Ubuntu ↔ Fedora,https://github.com/intel/qatlib::qatmgr,https://github.com/intel/qatlib,0,36,0.0,0,derived descriptive analysis,cross-family lineage
Ubuntu ↔ Fedora,https://github.com/kdave/btrfsmaintenance::btrfsmaintenance-refresh-cron.sh,https://github.com/kdave/btrfsmaintenance,0,36,0.0,0,derived descriptive analysis,cross-family lineage
Ubuntu ↔ Fedora,https://github.com/kdave/btrfsmaintenance::upstream-unit::btrfs-balance.service,https://github.com/kdave/btrfsmaintenance,0,36,0.0,0,derived descriptive analysis,cross-family lineage
Ubuntu ↔ Fedora,https://github.com/kdave/btrfsmaintenance::upstream-unit::btrfs-defrag.service,https://github.com/kdave/btrfsmaintenance,0,36,0.0,0,derived descriptive analysis,cross-family lineage
Ubuntu ↔ Fedora,https://github.com/kdave/btrfsmaintenance::upstream-unit::btrfs-scrub.service,https://github.com/kdave/btrfsmaintenance,0,36,0.0,0,derived descriptive analysis,cross-family lineage
Ubuntu ↔ Fedora,https://github.com/kdave/btrfsmaintenance::upstream-unit::btrfs-trim.service,https://github.com/kdave/btrfsmaintenance,0,36,0.0,0,derived descriptive analysis,cross-family lineage
Ubuntu ↔ Fedora,https://github.com/ksmtuned/ksmtuned::ksmctl,https://github.com/ksmtuned/ksmtuned,0,36,0.0,0,derived descriptive analysis,cross-family lineage
Ubuntu ↔ Fedora,https://github.com/ksmtuned/ksmtuned::ksmtuned,https://github.com/ksmtuned/ksmtuned,0,36,0.0,0,derived descriptive analysis,cross-family lineage
Ubuntu ↔ Fedora,https://github.com/latchset/clevis::clevis-luks-askpass,https://github.com/latchset/clevis,0,36,0.0,0,derived descriptive analysis,cross-family lineage
Ubuntu ↔ Fedora,https://github.com/libratbag/libratbag::ratbagd,https://github.com/libratbag/libratbag,0,36,0.0,0,derived descriptive analysis,cross-family lineage
Ubuntu ↔ Fedora,https://github.com/linux-msm/qbootctl::qbootctl,https://github.com/linux-msm/qbootctl,0,36,0.0,0,derived descriptive analysis,cross-family lineage
Ubuntu ↔ Fedora,https://github.com/linux-msm/tqftpserv::tqftpserv,https://github.com/linux-msm/tqftpserv,0,36,0.0,0,derived descriptive analysis,cross-family lineage
Ubuntu ↔ Fedora,https://github.com/linux-nvme/nvme-cli::upstream-unit::nvmf-autoconnect/systemd/nvmefc-boot-connections.service,https://github.com/linux-nvme/nvme-cli,0,36,0.0,0,derived descriptive analysis,cross-family lineage
Ubuntu ↔ Fedora,https://github.com/linux-rdma/rdma-core::ibacm,https://github.com/linux-rdma/rdma-core,0,36,0.0,0,derived descriptive analysis,cross-family lineage
Ubuntu ↔ Fedora,https://github.com/linux-rdma/rdma-core::iwpmd,https://github.com/linux-rdma/rdma-core,0,36,0.0,0,derived descriptive analysis,cross-family lineage
Ubuntu ↔ Fedora,https://github.com/linux-rdma/rdma-core::rdma-ndd,https://github.com/linux-rdma/rdma-core,0,36,0.0,0,derived descriptive analysis,cross-family lineage
Ubuntu ↔ Fedora,https://github.com/linux-rdma/rdma-core::start_on_all_ports,https://github.com/linux-rdma/rdma-core,0,36,0.0,0,derived descriptive analysis,cross-family lineage
Ubuntu ↔ Fedora,https://github.com/logrotate/logrotate::upstream-unit::examples/logrotate.service,https://github.com/logrotate/logrotate,0,36,0.0,0,derived descriptive analysis,cross-family lineage
Ubuntu ↔ Fedora,https://github.com/mikebrady/shairport-sync::shairport-sync,https://github.com/mikebrady/shairport-sync,0,36,0.0,0,derived descriptive analysis,cross-family lineage
Ubuntu ↔ Fedora,https://github.com/nfs-ganesha/nfs-ganesha::bash,https://github.com/nfs-ganesha/nfs-ganesha,0,36,0.0,0,derived descriptive analysis,cross-family lineage
Ubuntu ↔ Fedora,https://github.com/nfs-ganesha/nfs-ganesha::nfs-ganesha-config.sh,https://github.com/nfs-ganesha/nfs-ganesha,0,36,0.0,0,derived descriptive analysis,cross-family lineage
Ubuntu ↔ Fedora,https://github.com/open-iscsi/open-isns::isnsd,https://github.com/open-iscsi/open-isns,0,36,0.0,0,derived descriptive analysis,cross-family lineage
Ubuntu ↔ Fedora,https://github.com/open-iscsi/targetcli-fb::upstream-unit::systemd/targetclid.service,https://github.com/open-iscsi/targetcli-fb,0,36,0.0,0,derived descriptive analysis,cross-family lineage
Ubuntu ↔ Fedora,https://github.com/open-iscsi/tcmu-runner::upstream-unit::tcmu-runner.service,https://github.com/open-iscsi/tcmu-runner,0,36,0.0,0,derived descriptive analysis,cross-family lineage
Ubuntu ↔ Fedora,https://github.com/opencryptoki/opencryptoki::pkcsslotd,https://github.com/opencryptoki/opencryptoki,0,36,0.0,0,derived descriptive analysis,cross-family lineage
Ubuntu ↔ Fedora,https://github.com/oracle/ktls-utils::upstream-unit::systemd/tlshd.service,https://github.com/oracle/ktls-utils,0,36,0.0,0,derived descriptive analysis,cross-family lineage
Ubuntu ↔ Fedora,https://github.com/pendulum-project/ntpd-rs::ntp-daemon,https://github.com/pendulum-project/ntpd-rs,0,36,0.0,0,derived descriptive analysis,cross-family lineage
Ubuntu ↔ Fedora,https://github.com/pendulum-project/ntpd-rs::upstream-unit::docs/examples/conf/ntpd-rs-metrics.service,https://github.com/pendulum-project/ntpd-rs,0,36,0.0,0,derived descriptive analysis,cross-family lineage
Ubuntu ↔ Fedora,https://github.com/phillipberndt/autorandr::upstream-unit::contrib/systemd/autorandr-lid-listener.service,https://github.com/phillipberndt/autorandr,0,36,0.0,0,derived descriptive analysis,cross-family lineage
Ubuntu ↔ Fedora,https://github.com/phillipberndt/autorandr::upstream-unit::contrib/systemd/autorandr.service,https://github.com/phillipberndt/autorandr,0,36,0.0,0,derived descriptive analysis,cross-family lineage
Ubuntu ↔ Fedora,https://github.com/pmem/ndctl::upstream-unit::cxl/cxl-monitor.service,https://github.com/pmem/ndctl,0,36,0.0,0,derived descriptive analysis,cross-family lineage
Ubuntu ↔ Fedora,https://github.com/pmem/ndctl::upstream-unit::ndctl/ndctl-monitor.service,https://github.com/pmem/ndctl,0,36,0.0,0,derived descriptive analysis,cross-family lineage
Ubuntu ↔ Fedora,https://github.com/polkit-org/polkit::polkitd,https://github.com/polkit-org/polkit,0,36,0.0,0,derived descriptive analysis,cross-family lineage
Ubuntu ↔ Fedora,https://github.com/prehor/amavisd-milter::amavisd-milter,https://github.com/prehor/amavisd-milter,4,36,0.1111111111111111,≥4,derived descriptive analysis,cross-family lineage
Ubuntu ↔ Fedora,https://github.com/prometheus/node_exporter::prometheus-node-exporter,https://github.com/prometheus/node_exporter,0,36,0.0,0,derived descriptive analysis,cross-family lineage
Ubuntu ↔ Fedora,https://github.com/rfjakob/earlyoom::earlyoom,https://github.com/rfjakob/earlyoom,0,36,0.0,0,derived descriptive analysis,cross-family lineage
Ubuntu ↔ Fedora,https://github.com/rpm-software-management/dnf-plugins-core::upstream-unit::etc/systemd/dnf-system-upgrade-cleanup.service,https://github.com/rpm-software-management/dnf-plugins-core,0,36,0.0,0,derived descriptive analysis,cross-family lineage
Ubuntu ↔ Fedora,https://github.com/rpm-software-management/dnf-plugins-core::upstream-unit::etc/systemd/dnf-system-upgrade.service,https://github.com/rpm-software-management/dnf-plugins-core,0,36,0.0,0,derived descriptive analysis,cross-family lineage
Ubuntu ↔ Fedora,https://github.com/rpm-software-management/dnf5::dnf5,https://github.com/rpm-software-management/dnf5,0,36,0.0,0,derived descriptive analysis,cross-family lineage
Ubuntu ↔ Fedora,https://github.com/rpm-software-management/dnf5::upstream-unit::dnf5/config/systemd/system/dnf5-offline-transaction-cleanup.service,https://github.com/rpm-software-management/dnf5,0,36,0.0,0,derived descriptive analysis,cross-family lineage
Ubuntu ↔ Fedora,https://github.com/rpm-software-management/dnf5::upstream-unit::dnf5/config/systemd/system/dnf5-offline-transaction.service,https://github.com/rpm-software-management/dnf5,0,36,0.0,0,derived descriptive analysis,cross-family lineage
Ubuntu ↔ Fedora,https://github.com/rpm-software-management/dnf5::upstream-unit::dnf5daemon-server/dbus/dnf5daemon-server.service,https://github.com/rpm-software-management/dnf5,0,36,0.0,0,derived descriptive analysis,cross-family lineage
Ubuntu ↔ Fedora,https://github.com/rpm-software-management/dnf5::upstream-unit::etc/systemd/dnf5-makecache.service,https://github.com/rpm-software-management/dnf5,0,36,0.0,0,derived descriptive analysis,cross-family lineage
Ubuntu ↔ Fedora,https://github.com/rpodgorny/uptimed::uptimed,https://github.com/rpodgorny/uptimed,0,36,0.0,0,derived descriptive analysis,cross-family lineage
Ubuntu ↔ Fedora,https://github.com/sddm/sddm::sddm,https://github.com/sddm/sddm,0,36,0.0,0,derived descriptive analysis,cross-family lineage
Ubuntu ↔ Fedora,https://github.com/sezanzeb/input-remapper::upstream-unit::data/input-remapper.service,https://github.com/sezanzeb/input-remapper,0,36,0.0,0,derived descriptive analysis,cross-family lineage
Ubuntu ↔ Fedora,https://github.com/sharkcz/collectl::collectl,https://github.com/sharkcz/collectl,0,36,0.0,0,derived descriptive analysis,cross-family lineage
Ubuntu ↔ Fedora,https://github.com/shellinabox/shellinabox::shellinaboxd,https://github.com/shellinabox/shellinabox,0,36,0.0,0,derived descriptive analysis,cross-family lineage
Ubuntu ↔ Fedora,https://github.com/skeeto/endlessh::endlessh,https://github.com/skeeto/endlessh,0,36,0.0,0,derived descriptive analysis,cross-family lineage
Ubuntu ↔ Fedora,https://github.com/sysrepo/sysrepo::sysrepo-plugind,https://github.com/sysrepo/sysrepo,3,36,0.08333333333333333,2–3,derived descriptive analysis,cross-family lineage
Ubuntu ↔ Fedora,https://github.com/systemd/systemd-bootchart::systemd-bootchart,https://github.com/systemd/systemd-bootchart,0,36,0.0,0,derived descriptive analysis,cross-family lineage
Ubuntu ↔ Fedora,https://github.com/toreanderson/clatd::clatd,https://github.com/toreanderson/clatd,0,36,0.0,0,derived descriptive analysis,cross-family lineage
Ubuntu ↔ Fedora,https://github.com/trojan-gfw/trojan::trojan,https://github.com/trojan-gfw/trojan,3,36,0.08333333333333333,2–3,derived descriptive analysis,cross-family lineage
Ubuntu ↔ Fedora,https://github.com/vmatare/thinkfan::thinkfan,https://github.com/vmatare/thinkfan,0,36,0.0,0,derived descriptive analysis,cross-family lineage
Ubuntu ↔ Fedora,https://github.com/vmatare/thinkfan::upstream-unit::rcscripts/systemd/thinkfan-sleep.service,https://github.com/vmatare/thinkfan,0,36,0.0,0,derived descriptive analysis,cross-family lineage
Ubuntu ↔ Fedora,https://github.com/vmatare/thinkfan::upstream-unit::rcscripts/systemd/thinkfan-wakeup.service,https://github.com/vmatare/thinkfan,0,36,0.0,0,derived descriptive analysis,cross-family lineage
Ubuntu ↔ Fedora,https://github.com/vmware/open-vm-tools::VGAuthService,https://github.com/vmware/open-vm-tools,4,36,0.1111111111111111,≥4,derived descriptive analysis,cross-family lineage
Ubuntu ↔ Fedora,https://github.com/vmware/open-vm-tools::vmtoolsd,https://github.com/vmware/open-vm-tools,4,36,0.1111111111111111,≥4,derived descriptive analysis,cross-family lineage
Ubuntu ↔ Fedora,https://github.com/wb2osz/direwolf::direwolf,https://github.com/wb2osz/direwolf,3,36,0.08333333333333333,2–3,derived descriptive analysis,cross-family lineage
Ubuntu ↔ Fedora,https://github.com/ximion/btrfsd::btrfsd,https://github.com/ximion/btrfsd,0,36,0.0,0,derived descriptive analysis,cross-family lineage
Ubuntu ↔ Fedora,https://github.com/zhuyaliang/group-service::group-admin-daemon,https://github.com/zhuyaliang/group-service,0,36,0.0,0,derived descriptive analysis,cross-family lineage
Ubuntu ↔ Fedora,https://gitlab.freedesktop.org/bolt/bolt::boltd,https://gitlab.freedesktop.org/bolt/bolt,0,36,0.0,0,derived descriptive analysis,cross-family lineage
Ubuntu ↔ Fedora,https://gitlab.freedesktop.org/hadess/iio-sensor-proxy::iio-sensor-proxy,https://gitlab.freedesktop.org/hadess/iio-sensor-proxy,0,36,0.0,0,derived descriptive analysis,cross-family lineage
Ubuntu ↔ Fedora,https://gitlab.freedesktop.org/hadess/low-memory-monitor::low-memory-monitor,https://gitlab.freedesktop.org/hadess/low-memory-monitor,0,36,0.0,0,derived descriptive analysis,cross-family lineage
Ubuntu ↔ Fedora,https://gitlab.freedesktop.org/hadess/switcheroo-control::switcheroo-control,https://gitlab.freedesktop.org/hadess/switcheroo-control,0,36,0.0,0,derived descriptive analysis,cross-family lineage
Ubuntu ↔ Fedora,https://gitlab.freedesktop.org/pwithnall/malcontent::malcontent-timer-extension-agent,https://gitlab.freedesktop.org/pwithnall/malcontent,0,36,0.0,0,derived descriptive analysis,cross-family lineage
Ubuntu ↔ Fedora,https://gitlab.freedesktop.org/pwithnall/malcontent::malcontent-timerd,https://gitlab.freedesktop.org/pwithnall/malcontent,0,36,0.0,0,derived descriptive analysis,cross-family lineage
Ubuntu ↔ Fedora,https://gitlab.freedesktop.org/pwithnall/malcontent::malcontent-webd,https://gitlab.freedesktop.org/pwithnall/malcontent,0,36,0.0,0,derived descriptive analysis,cross-family lineage
Ubuntu ↔ Fedora,https://gitlab.freedesktop.org/pwithnall/malcontent::malcontent-webd-update,https://gitlab.freedesktop.org/pwithnall/malcontent,0,36,0.0,0,derived descriptive analysis,cross-family lineage
Ubuntu ↔ Fedora,https://gitlab.freedesktop.org/upower/power-profiles-daemon::power-profiles-daemon,https://gitlab.freedesktop.org/upower/power-profiles-daemon,0,36,0.0,0,derived descriptive analysis,cross-family lineage
Ubuntu ↔ Fedora,https://gkrellm.srcbox.net::gkrellmd,https://gkrellm.srcbox.net,0,36,0.0,0,derived descriptive analysis,cross-family lineage
Ubuntu ↔ Fedora,https://grid.ncsa.illinois.edu/myproxy::upstream-unit::systemd/myproxy-server.service,https://grid.ncsa.illinois.edu/myproxy,0,36,0.0,0,derived descriptive analysis,cross-family lineage
Ubuntu ↔ Fedora,https://hcpnet.free.fr/milter-greylist::milter-greylist,https://hcpnet.free.fr/milter-greylist,0,36,0.0,0,derived descriptive analysis,cross-family lineage
Ubuntu ↔ Fedora,https://hitch-tls.org::hitch,https://hitch-tls.org,20,36,0.5555555555555556,≥4,derived descriptive analysis,cross-family lineage
Ubuntu ↔ Fedora,https://htcondor.org::upstream-unit::src/condor_examples/condor-annex-ec2.service,https://htcondor.org,0,36,0.0,0,derived descriptive analysis,cross-family lineage
Ubuntu ↔ Fedora,https://htcondor.org::upstream-unit::src/condor_examples/condor.service,https://htcondor.org,0,36,0.0,0,derived descriptive analysis,cross-family lineage
Ubuntu ↔ Fedora,https://httpd.apache.org::htcacheclean,https://httpd.apache.org,1,36,0.027777777777777776,1,derived descriptive analysis,cross-family lineage
Ubuntu ↔ Fedora,https://humdi.net/vnstat::vnstatd,https://humdi.net/vnstat,0,36,0.0,0,derived descriptive analysis,cross-family lineage
Ubuntu ↔ Fedora,https://iwd.wiki.kernel.org::ead,https://iwd.wiki.kernel.org,0,36,0.0,0,derived descriptive analysis,cross-family lineage
Ubuntu ↔ Fedora,https://iwd.wiki.kernel.org::iwd,https://iwd.wiki.kernel.org,0,36,0.0,0,derived descriptive analysis,cross-family lineage
Ubuntu ↔ Fedora,https://jabberd2.org::true,https://jabberd2.org,0,36,0.0,0,derived descriptive analysis,cross-family lineage
Ubuntu ↔ Fedora,https://janus.conf.meetecho.com::janus,https://janus.conf.meetecho.com,3,36,0.08333333333333333,2–3,derived descriptive analysis,cross-family lineage
Ubuntu ↔ Fedora,https://kea.isc.org::kea-ctrl-agent,https://kea.isc.org,0,36,0.0,0,derived descriptive analysis,cross-family lineage
Ubuntu ↔ Fedora,https://kea.isc.org::kea-dhcp-ddns,https://kea.isc.org,0,36,0.0,0,derived descriptive analysis,cross-family lineage
Ubuntu ↔ Fedora,https://kea.isc.org::kea-dhcp4,https://kea.isc.org,0,36,0.0,0,derived descriptive analysis,cross-family lineage
Ubuntu ↔ Fedora,https://kea.isc.org::kea-dhcp6,https://kea.isc.org,0,36,0.0,0,derived descriptive analysis,cross-family lineage
Ubuntu ↔ Fedora,https://launchpad.net/spf-engine::pyspf-milter,https://launchpad.net/spf-engine,3,36,0.08333333333333333,2–3,derived descriptive analysis,cross-family lineage
Ubuntu ↔ Fedora,https://launchpad.net/ufw::ufw-init,https://launchpad.net/ufw,4,36,0.1111111111111111,≥4,derived descriptive analysis,cross-family lineage
Ubuntu ↔ Fedora,https://lemonldap-ng.org::llng-fastcgi-server,https://lemonldap-ng.org,0,36,0.0,0,derived descriptive analysis,cross-family lineage
Ubuntu ↔ Fedora,https://lemonldap-ng.org::purgeCentralCache,https://lemonldap-ng.org,0,36,0.0,0,derived descriptive analysis,cross-family lineage
Ubuntu ↔ Fedora,https://lemonldap-ng.org::purgeLocalCache,https://lemonldap-ng.org,0,36,0.0,0,derived descriptive analysis,cross-family lineage
Ubuntu ↔ Fedora,https://libreswan.org::pluto,https://libreswan.org,0,36,0.0,0,derived descriptive analysis,cross-family lineage
Ubuntu ↔ Fedora,https://linrunner.de/tlp::tlp,https://linrunner.de/tlp,12,36,0.3333333333333333,≥4,derived descriptive analysis,cross-family lineage
Ubuntu ↔ Fedora,https://linux-nfs.org::rpc.gssd,https://linux-nfs.org,0,36,0.0,0,derived descriptive analysis,cross-family lineage
Ubuntu ↔ Fedora,https://linux-nfs.org::upstream-unit::systemd/fsidd.service,https://linux-nfs.org,0,36,0.0,0,derived descriptive analysis,cross-family lineage
Ubuntu ↔ Fedora,https://linux-nfs.org::upstream-unit::systemd/nfs-idmapd.service,https://linux-nfs.org,0,36,0.0,0,derived descriptive analysis,cross-family lineage
Ubuntu ↔ Fedora,https://linux-nfs.org::upstream-unit::systemd/nfs-mountd.service,https://linux-nfs.org,0,36,0.0,0,derived descriptive analysis,cross-family lineage
Ubuntu ↔ Fedora,https://linux-nfs.org::upstream-unit::systemd/nfs-utils.service,https://linux-nfs.org,0,36,0.0,0,derived descriptive analysis,cross-family lineage
Ubuntu ↔ Fedora,https://linux-nfs.org::upstream-unit::systemd/nfsdcld.service,https://linux-nfs.org,0,36,0.0,0,derived descriptive analysis,cross-family lineage
Ubuntu ↔ Fedora,https://linux-nfs.org::upstream-unit::systemd/rpc-statd-notify.service,https://linux-nfs.org,0,36,0.0,0,derived descriptive analysis,cross-family lineage
Ubuntu ↔ Fedora,https://linux-nfs.org::upstream-unit::systemd/rpc-statd.service,https://linux-nfs.org,0,36,0.0,0,derived descriptive analysis,cross-family lineage
Ubuntu ↔ Fedora,https://linuxcontainers.org/incus::incus-user,https://linuxcontainers.org/incus,0,36,0.0,0,derived descriptive analysis,cross-family lineage
Ubuntu ↔ Fedora,https://location.ipfire.org::location,https://location.ipfire.org,0,36,0.0,0,derived descriptive analysis,cross-family lineage
Ubuntu ↔ Fedora,https://lttng.org::lttng-sessiond,https://lttng.org,0,36,0.0,0,derived descriptive analysis,cross-family lineage
Ubuntu ↔ Fedora,https://matt.ucc.asn.au/dropbear/dropbear.html::dropbear,https://matt.ucc.asn.au/dropbear/dropbear.html,0,36,0.0,0,derived descriptive analysis,cross-family lineage
Ubuntu ↔ Fedora,https://mgetty.greenie.net::faxrunqd,https://mgetty.greenie.net,3,36,0.08333333333333333,2–3,derived descriptive analysis,cross-family lineage
Ubuntu ↔ Fedora,https://miniupnp.tuxfamily.org::miniupnpd,https://miniupnp.tuxfamily.org,18,36,0.5,≥4,derived descriptive analysis,cross-family lineage
Ubuntu ↔ Fedora,https://mmonit.com/monit::monit,https://mmonit.com/monit,16,36,0.4444444444444444,≥4,derived descriptive analysis,cross-family lineage
Ubuntu ↔ Fedora,https://mopidy.com::mopidy,https://mopidy.com,0,36,0.0,0,derived descriptive analysis,cross-family lineage
Ubuntu ↔ Fedora,https://mosquitto.org::mosquitto,https://mosquitto.org,3,36,0.08333333333333333,2–3,derived descriptive analysis,cross-family lineage
Ubuntu ↔ Fedora,https://munin-monitoring.org::munin-asyncd,https://munin-monitoring.org,4,36,0.1111111111111111,≥4,derived descriptive analysis,cross-family lineage
Ubuntu ↔ Fedora,https://munin-monitoring.org::munin-node,https://munin-monitoring.org,1,36,0.027777777777777776,1,derived descriptive analysis,cross-family lineage
Ubuntu ↔ Fedora,https://net-snmp.sourceforge.net::snmpd,https://net-snmp.sourceforge.net,0,36,0.0,0,derived descriptive analysis,cross-family lineage
Ubuntu ↔ Fedora,https://net-snmp.sourceforge.net::snmptrapd,https://net-snmp.sourceforge.net,3,36,0.08333333333333333,2–3,derived descriptive analysis,cross-family lineage
Ubuntu ↔ Fedora,https://netplan.io::configure,https://netplan.io,0,36,0.0,0,derived descriptive analysis,cross-family lineage
Ubuntu ↔ Fedora,https://networkmanager.dev::nm-dispatcher,https://networkmanager.dev,0,36,0.0,0,derived descriptive analysis,cross-family lineage
Ubuntu ↔ Fedora,https://networkmanager.dev::nm-priv-helper,https://networkmanager.dev,0,36,0.0,0,derived descriptive analysis,cross-family lineage
Ubuntu ↔ Fedora,https://nghttp2.org::nghttpx,https://nghttp2.org,0,36,0.0,0,derived descriptive analysis,cross-family lineage
Ubuntu ↔ Fedora,https://ngircd.barton.de::ngircd,https://ngircd.barton.de,7,36,0.19444444444444445,≥4,derived descriptive analysis,cross-family lineage
Ubuntu ↔ Fedora,https://omniorb.sourceforge.net::omniNames,https://omniorb.sourceforge.net,3,36,0.08333333333333333,2–3,derived descriptive analysis,cross-family lineage
Ubuntu ↔ Fedora,https://opendev.org/openstack/virtualbmc::vbmcd,https://opendev.org/openstack/virtualbmc,11,36,0.3055555555555556,≥4,derived descriptive analysis,cross-family lineage
Ubuntu ↔ Fedora,https://oss.oetiker.ch/rrdtool::rrdcached,https://oss.oetiker.ch/rrdtool,0,36,0.0,0,derived descriptive analysis,cross-family lineage
Ubuntu ↔ Fedora,https://pagure.io/certmonger::certmonger,https://pagure.io/certmonger,0,36,0.0,0,derived descriptive analysis,cross-family lineage
Ubuntu ↔ Fedora,https://pagure.io/dlm::dlm_controld,https://pagure.io/dlm,0,36,0.0,0,derived descriptive analysis,cross-family lineage
Ubuntu ↔ Fedora,https://pagure.io/numad::numad,https://pagure.io/numad,0,36,0.0,0,derived descriptive analysis,cross-family lineage
Ubuntu ↔ Fedora,https://pagure.io/oddjob::oddjobd,https://pagure.io/oddjob,0,36,0.0,0,derived descriptive analysis,cross-family lineage
Ubuntu ↔ Fedora,https://pcp.io::pcp-geolocate,https://pcp.io,0,36,0.0,0,derived descriptive analysis,cross-family lineage
Ubuntu ↔ Fedora,https://pcp.io::pmcd,https://pcp.io,0,36,0.0,0,derived descriptive analysis,cross-family lineage
Ubuntu ↔ Fedora,https://pcp.io::pmfind_check,https://pcp.io,0,36,0.0,0,derived descriptive analysis,cross-family lineage
Ubuntu ↔ Fedora,https://pcp.io::pmie,https://pcp.io,0,36,0.0,0,derived descriptive analysis,cross-family lineage
Ubuntu ↔ Fedora,https://pcp.io::pmie_check,https://pcp.io,0,36,0.0,0,derived descriptive analysis,cross-family lineage
Ubuntu ↔ Fedora,https://pcp.io::pmie_daily,https://pcp.io,0,36,0.0,0,derived descriptive analysis,cross-family lineage
Ubuntu ↔ Fedora,https://pcp.io::pmie_farm,https://pcp.io,0,36,0.0,0,derived descriptive analysis,cross-family lineage
Ubuntu ↔ Fedora,https://pcp.io::pmiectl,https://pcp.io,0,36,0.0,0,derived descriptive analysis,cross-family lineage
Ubuntu ↔ Fedora,https://pcp.io::pmlogctl,https://pcp.io,0,36,0.0,0,derived descriptive analysis,cross-family lineage
Ubuntu ↔ Fedora,https://pcp.io::pmlogger,https://pcp.io,0,36,0.0,0,derived descriptive analysis,cross-family lineage
Ubuntu ↔ Fedora,https://pcp.io::pmlogger_check,https://pcp.io,0,36,0.0,0,derived descriptive analysis,cross-family lineage
Ubuntu ↔ Fedora,https://pcp.io::pmlogger_farm,https://pcp.io,0,36,0.0,0,derived descriptive analysis,cross-family lineage
Ubuntu ↔ Fedora,https://pcp.io::pmproxy,https://pcp.io,0,36,0.0,0,derived descriptive analysis,cross-family lineage
Ubuntu ↔ Fedora,https://pcp.io::pmseries_import,https://pcp.io,0,36,0.0,0,derived descriptive analysis,cross-family lineage
Ubuntu ↔ Fedora,https://pcsclite.apdu.fr::pcscd,https://pcsclite.apdu.fr,0,36,0.0,0,derived descriptive analysis,cross-family lineage
Ubuntu ↔ Fedora,https://perfetto.dev::traced,https://perfetto.dev,6,36,0.16666666666666666,≥4,derived descriptive analysis,cross-family lineage
Ubuntu ↔ Fedora,https://perfetto.dev::traced_probes,https://perfetto.dev,2,36,0.05555555555555555,2–3,derived descriptive analysis,cross-family lineage
Ubuntu ↔ Fedora,https://portsentry.xyz::portsentry,https://portsentry.xyz,0,36,0.0,0,derived descriptive analysis,cross-family lineage
Ubuntu ↔ Fedora,https://postgrey.schweikert.ch::postgrey,https://postgrey.schweikert.ch,0,36,0.0,0,derived descriptive analysis,cross-family lineage
Ubuntu ↔ Fedora,https://radicale.org::radicale,https://radicale.org,1,36,0.027777777777777776,1,derived descriptive analysis,cross-family lineage
Ubuntu ↔ Fedora,https://radscan.com/nas.html::nasd,https://radscan.com/nas.html,0,36,0.0,0,derived descriptive analysis,cross-family lineage
Ubuntu ↔ Fedora,https://radsecproxy.github.io::radsecproxy,https://radsecproxy.github.io,0,36,0.0,0,derived descriptive analysis,cross-family lineage
Ubuntu ↔ Fedora,https://redict.io::redict-sentinel,https://redict.io,25,36,0.6944444444444444,≥4,derived descriptive analysis,cross-family lineage
Ubuntu ↔ Fedora,https://redict.io::redict-server,https://redict.io,25,36,0.6944444444444444,≥4,derived descriptive analysis,cross-family lineage
Ubuntu ↔ Fedora,https://salsa.debian.org/consolation-team/consolation::consolation,https://salsa.debian.org/consolation-team/consolation,0,36,0.0,0,derived descriptive analysis,cross-family lineage
Ubuntu ↔ Fedora,https://slurm.schedmd.com::slurmctld,https://slurm.schedmd.com,0,36,0.0,0,derived descriptive analysis,cross-family lineage
Ubuntu ↔ Fedora,https://slurm.schedmd.com::slurmd,https://slurm.schedmd.com,0,36,0.0,0,derived descriptive analysis,cross-family lineage
Ubuntu ↔ Fedora,https://slurm.schedmd.com::slurmdbd,https://slurm.schedmd.com,0,36,0.0,0,derived descriptive analysis,cross-family lineage
Ubuntu ↔ Fedora,https://slurm.schedmd.com::slurmrestd,https://slurm.schedmd.com,0,36,0.0,0,derived descriptive analysis,cross-family lineage
Ubuntu ↔ Fedora,https://sourceforge.net/projects/acpid2::acpid,https://sourceforge.net/projects/acpid2,0,36,0.0,0,derived descriptive analysis,cross-family lineage
Ubuntu ↔ Fedora,https://sourceforge.net/projects/minidlna::minidlnad,https://sourceforge.net/projects/minidlna,0,36,0.0,0,derived descriptive analysis,cross-family lineage
Ubuntu ↔ Fedora,https://sourceforge.net/projects/rpcbind::rpcbind,https://sourceforge.net/projects/rpcbind,10,36,0.2777777777777778,≥4,derived descriptive analysis,cross-family lineage
Ubuntu ↔ Fedora,https://sourceforge.net/projects/slim-fork::slim,https://sourceforge.net/projects/slim-fork,0,36,0.0,0,derived descriptive analysis,cross-family lineage
Ubuntu ↔ Fedora,https://sourceware.org/lvm2::dmeventd,https://sourceware.org/lvm2,0,36,0.0,0,derived descriptive analysis,cross-family lineage
Ubuntu ↔ Fedora,https://sourceware.org/lvm2::lvmdbusd,https://sourceware.org/lvm2,0,36,0.0,0,derived descriptive analysis,cross-family lineage
Ubuntu ↔ Fedora,https://sourceware.org/lvm2::lvmlockd,https://sourceware.org/lvm2,0,36,0.0,0,derived descriptive analysis,cross-family lineage
Ubuntu ↔ Fedora,https://sourceware.org/lvm2::lvmpolld,https://sourceware.org/lvm2,0,36,0.0,0,derived descriptive analysis,cross-family lineage
Ubuntu ↔ Fedora,https://sourceware.org/lvm2::true,https://sourceware.org/lvm2,0,36,0.0,0,derived descriptive analysis,cross-family lineage
Ubuntu ↔ Fedora,https://spacenav.sourceforge.net::spacenavd,https://spacenav.sourceforge.net,0,36,0.0,0,derived descriptive analysis,cross-family lineage
Ubuntu ↔ Fedora,https://sqlgrey.sourceforge.net::sqlgrey,https://sqlgrey.sourceforge.net,3,36,0.08333333333333333,2–3,derived descriptive analysis,cross-family lineage
Ubuntu ↔ Fedora,https://supervisord.org::supervisord,https://supervisord.org,0,36,0.0,0,derived descriptive analysis,cross-family lineage
Ubuntu ↔ Fedora,https://suricata.io::suricata,https://suricata.io,7,36,0.19444444444444445,≥4,derived descriptive analysis,cross-family lineage
Ubuntu ↔ Fedora,https://sysstat.github.io::sa2,https://sysstat.github.io,0,36,0.0,0,derived descriptive analysis,cross-family lineage
Ubuntu ↔ Fedora,https://systemd.io::agetty,https://systemd.io,0,36,0.0,0,derived descriptive analysis,cross-family lineage
Ubuntu ↔ Fedora,https://systemd.io::kmod,https://systemd.io,0,36,0.0,0,derived descriptive analysis,cross-family lineage
Ubuntu ↔ Fedora,https://systemd.io::quotaon,https://systemd.io,0,36,0.0,0,derived descriptive analysis,cross-family lineage
Ubuntu ↔ Fedora,https://systemd.io::rc.local,https://systemd.io,0,36,0.0,0,derived descriptive analysis,cross-family lineage
Ubuntu ↔ Fedora,https://systemd.io::systemd-battery-check,https://systemd.io,0,36,0.0,0,derived descriptive analysis,cross-family lineage
Ubuntu ↔ Fedora,https://systemd.io::systemd-binfmt,https://systemd.io,0,36,0.0,0,derived descriptive analysis,cross-family lineage
Ubuntu ↔ Fedora,https://systemd.io::systemd-bless-boot,https://systemd.io,0,36,0.0,0,derived descriptive analysis,cross-family lineage
Ubuntu ↔ Fedora,https://systemd.io::systemd-boot-check-no-failures,https://systemd.io,0,36,0.0,0,derived descriptive analysis,cross-family lineage
Ubuntu ↔ Fedora,https://systemd.io::systemd-bsod,https://systemd.io,0,36,0.0,0,derived descriptive analysis,cross-family lineage
Ubuntu ↔ Fedora,https://systemd.io::systemd-fsck,https://systemd.io,0,36,0.0,0,derived descriptive analysis,cross-family lineage
Ubuntu ↔ Fedora,https://systemd.io::systemd-growfs,https://systemd.io,0,36,0.0,0,derived descriptive analysis,cross-family lineage
Ubuntu ↔ Fedora,https://systemd.io::systemd-homed,https://systemd.io,0,36,0.0,0,derived descriptive analysis,cross-family lineage
Ubuntu ↔ Fedora,https://systemd.io::systemd-hostnamed,https://systemd.io,0,36,0.0,0,derived descriptive analysis,cross-family lineage
Ubuntu ↔ Fedora,https://systemd.io::systemd-hwdb,https://systemd.io,0,36,0.0,0,derived descriptive analysis,cross-family lineage
Ubuntu ↔ Fedora,https://systemd.io::systemd-importd,https://systemd.io,0,36,0.0,0,derived descriptive analysis,cross-family lineage
Ubuntu ↔ Fedora,https://systemd.io::systemd-journal-gatewayd,https://systemd.io,0,36,0.0,0,derived descriptive analysis,cross-family lineage
Ubuntu ↔ Fedora,https://systemd.io::systemd-journal-remote,https://systemd.io,0,36,0.0,0,derived descriptive analysis,cross-family lineage
Ubuntu ↔ Fedora,https://systemd.io::systemd-journal-upload,https://systemd.io,0,36,0.0,0,derived descriptive analysis,cross-family lineage
Ubuntu ↔ Fedora,https://systemd.io::systemd-journald,https://systemd.io,0,36,0.0,0,derived descriptive analysis,cross-family lineage
Ubuntu ↔ Fedora,https://systemd.io::systemd-localed,https://systemd.io,0,36,0.0,0,derived descriptive analysis,cross-family lineage
Ubuntu ↔ Fedora,https://systemd.io::systemd-logind,https://systemd.io,0,36,0.0,0,derived descriptive analysis,cross-family lineage
Ubuntu ↔ Fedora,https://systemd.io::systemd-machined,https://systemd.io,0,36,0.0,0,derived descriptive analysis,cross-family lineage
Ubuntu ↔ Fedora,https://systemd.io::systemd-modules-load,https://systemd.io,0,36,0.0,0,derived descriptive analysis,cross-family lineage
Ubuntu ↔ Fedora,https://systemd.io::systemd-mountfsd,https://systemd.io,0,36,0.0,0,derived descriptive analysis,cross-family lineage
Ubuntu ↔ Fedora,https://systemd.io::systemd-networkd,https://systemd.io,0,36,0.0,0,derived descriptive analysis,cross-family lineage
Ubuntu ↔ Fedora,https://systemd.io::systemd-networkd-wait-online,https://systemd.io,0,36,0.0,0,derived descriptive analysis,cross-family lineage
Ubuntu ↔ Fedora,https://systemd.io::systemd-nsresourced,https://systemd.io,0,36,0.0,0,derived descriptive analysis,cross-family lineage
Ubuntu ↔ Fedora,https://systemd.io::systemd-oomd,https://systemd.io,0,36,0.0,0,derived descriptive analysis,cross-family lineage
Ubuntu ↔ Fedora,https://systemd.io::systemd-portabled,https://systemd.io,0,36,0.0,0,derived descriptive analysis,cross-family lineage
Ubuntu ↔ Fedora,https://systemd.io::systemd-pstore,https://systemd.io,0,36,0.0,0,derived descriptive analysis,cross-family lineage
Ubuntu ↔ Fedora,https://systemd.io::systemd-quotacheck,https://systemd.io,0,36,0.0,0,derived descriptive analysis,cross-family lineage
Ubuntu ↔ Fedora,https://systemd.io::systemd-random-seed,https://systemd.io,0,36,0.0,0,derived descriptive analysis,cross-family lineage
Ubuntu ↔ Fedora,https://systemd.io::systemd-remount-fs,https://systemd.io,0,36,0.0,0,derived descriptive analysis,cross-family lineage
Ubuntu ↔ Fedora,https://systemd.io::systemd-resolved,https://systemd.io,0,36,0.0,0,derived descriptive analysis,cross-family lineage
Ubuntu ↔ Fedora,https://systemd.io::systemd-rfkill,https://systemd.io,0,36,0.0,0,derived descriptive analysis,cross-family lineage
Ubuntu ↔ Fedora,https://systemd.io::systemd-storagetm,https://systemd.io,0,36,0.0,0,derived descriptive analysis,cross-family lineage
Ubuntu ↔ Fedora,https://systemd.io::systemd-sysctl,https://systemd.io,0,36,0.0,0,derived descriptive analysis,cross-family lineage
Ubuntu ↔ Fedora,https://systemd.io::systemd-sysroot-fstab-check,https://systemd.io,0,36,0.0,0,derived descriptive analysis,cross-family lineage
Ubuntu ↔ Fedora,https://systemd.io::systemd-time-wait-sync,https://systemd.io,0,36,0.0,0,derived descriptive analysis,cross-family lineage
Ubuntu ↔ Fedora,https://systemd.io::systemd-timedated,https://systemd.io,0,36,0.0,0,derived descriptive analysis,cross-family lineage
Ubuntu ↔ Fedora,https://systemd.io::systemd-timesyncd,https://systemd.io,0,36,0.0,0,derived descriptive analysis,cross-family lineage
Ubuntu ↔ Fedora,https://systemd.io::systemd-tpm2-clear,https://systemd.io,0,36,0.0,0,derived descriptive analysis,cross-family lineage
Ubuntu ↔ Fedora,https://systemd.io::systemd-udevd,https://systemd.io,1,36,0.027777777777777776,1,derived descriptive analysis,cross-family lineage
Ubuntu ↔ Fedora,https://systemd.io::systemd-update-done,https://systemd.io,0,36,0.0,0,derived descriptive analysis,cross-family lineage
Ubuntu ↔ Fedora,https://systemd.io::systemd-user-sessions,https://systemd.io,0,36,0.0,0,derived descriptive analysis,cross-family lineage
Ubuntu ↔ Fedora,https://systemd.io::systemd-userdbd,https://systemd.io,0,36,0.0,0,derived descriptive analysis,cross-family lineage
Ubuntu ↔ Fedora,https://systemd.io::systemd-volatile-root,https://systemd.io,0,36,0.0,0,derived descriptive analysis,cross-family lineage
Ubuntu ↔ Fedora,https://systemd.io::upstream-unit::units/initrd-cleanup.service,https://systemd.io,0,36,0.0,0,derived descriptive analysis,cross-family lineage
Ubuntu ↔ Fedora,https://systemd.io::upstream-unit::units/initrd-switch-root.service,https://systemd.io,0,36,0.0,0,derived descriptive analysis,cross-family lineage
Ubuntu ↔ Fedora,https://systemd.io::upstream-unit::units/initrd-udevadm-cleanup-db.service,https://systemd.io,0,36,0.0,0,derived descriptive analysis,cross-family lineage
Ubuntu ↔ Fedora,https://systemd.io::upstream-unit::units/ldconfig.service,https://systemd.io,0,36,0.0,0,derived descriptive analysis,cross-family lineage
Ubuntu ↔ Fedora,https://systemd.io::upstream-unit::units/system-update-cleanup.service,https://systemd.io,0,36,0.0,0,derived descriptive analysis,cross-family lineage
Ubuntu ↔ Fedora,https://systemd.io::upstream-unit::units/systemd-ask-password-console.service,https://systemd.io,0,36,0.0,0,derived descriptive analysis,cross-family lineage
Ubuntu ↔ Fedora,https://systemd.io::upstream-unit::units/systemd-ask-password-wall.service,https://systemd.io,0,36,0.0,0,derived descriptive analysis,cross-family lineage
Ubuntu ↔ Fedora,https://systemd.io::upstream-unit::units/systemd-boot-clear-sysfail.service,https://systemd.io,0,36,0.0,0,derived descriptive analysis,cross-family lineage
Ubuntu ↔ Fedora,https://systemd.io::upstream-unit::units/systemd-boot-random-seed.service,https://systemd.io,0,36,0.0,0,derived descriptive analysis,cross-family lineage
Ubuntu ↔ Fedora,https://systemd.io::upstream-unit::units/systemd-boot-update.service,https://systemd.io,0,36,0.0,0,derived descriptive analysis,cross-family lineage
Ubuntu ↔ Fedora,https://systemd.io::upstream-unit::units/systemd-confext-initrd.service,https://systemd.io,0,36,0.0,0,derived descriptive analysis,cross-family lineage
Ubuntu ↔ Fedora,https://systemd.io::upstream-unit::units/systemd-confext.service,https://systemd.io,0,36,0.0,0,derived descriptive analysis,cross-family lineage
Ubuntu ↔ Fedora,https://systemd.io::upstream-unit::units/systemd-exit.service,https://systemd.io,0,36,0.0,0,derived descriptive analysis,cross-family lineage
Ubuntu ↔ Fedora,https://systemd.io::upstream-unit::units/systemd-factory-reset-reboot.service,https://systemd.io,0,36,0.0,0,derived descriptive analysis,cross-family lineage
Ubuntu ↔ Fedora,https://systemd.io::upstream-unit::units/systemd-firstboot.service,https://systemd.io,0,36,0.0,0,derived descriptive analysis,cross-family lineage
Ubuntu ↔ Fedora,https://systemd.io::upstream-unit::units/systemd-halt.service,https://systemd.io,0,36,0.0,0,derived descriptive analysis,cross-family lineage
Ubuntu ↔ Fedora,https://systemd.io::upstream-unit::units/systemd-homed-activate.service,https://systemd.io,0,36,0.0,0,derived descriptive analysis,cross-family lineage
Ubuntu ↔ Fedora,https://systemd.io::upstream-unit::units/systemd-homed-firstboot.service,https://systemd.io,0,36,0.0,0,derived descriptive analysis,cross-family lineage
Ubuntu ↔ Fedora,https://systemd.io::upstream-unit::units/systemd-journal-catalog-update.service,https://systemd.io,0,36,0.0,0,derived descriptive analysis,cross-family lineage
Ubuntu ↔ Fedora,https://systemd.io::upstream-unit::units/systemd-journal-flush.service,https://systemd.io,0,36,0.0,0,derived descriptive analysis,cross-family lineage
Ubuntu ↔ Fedora,https://systemd.io::upstream-unit::units/systemd-kexec.service,https://systemd.io,0,36,0.0,0,derived descriptive analysis,cross-family lineage
Ubuntu ↔ Fedora,https://systemd.io::upstream-unit::units/systemd-machine-id-commit.service,https://systemd.io,0,36,0.0,0,derived descriptive analysis,cross-family lineage
Ubuntu ↔ Fedora,https://systemd.io::upstream-unit::units/systemd-networkd-persistent-storage.service,https://systemd.io,0,36,0.0,0,derived descriptive analysis,cross-family lineage
Ubuntu ↔ Fedora,https://systemd.io::upstream-unit::units/systemd-poweroff.service,https://systemd.io,0,36,0.0,0,derived descriptive analysis,cross-family lineage
Ubuntu ↔ Fedora,https://systemd.io::upstream-unit::units/systemd-reboot.service,https://systemd.io,0,36,0.0,0,derived descriptive analysis,cross-family lineage
Ubuntu ↔ Fedora,https://systemd.io::upstream-unit::units/systemd-repart.service,https://systemd.io,0,36,0.0,0,derived descriptive analysis,cross-family lineage
Ubuntu ↔ Fedora,https://systemd.io::upstream-unit::units/systemd-soft-reboot.service,https://systemd.io,0,36,0.0,0,derived descriptive analysis,cross-family lineage
Ubuntu ↔ Fedora,https://systemd.io::upstream-unit::units/systemd-sysext-initrd.service,https://systemd.io,0,36,0.0,0,derived descriptive analysis,cross-family lineage
Ubuntu ↔ Fedora,https://systemd.io::upstream-unit::units/systemd-sysext.service,https://systemd.io,0,36,0.0,0,derived descriptive analysis,cross-family lineage
Ubuntu ↔ Fedora,https://systemd.io::upstream-unit::units/systemd-sysusers.service,https://systemd.io,0,36,0.0,0,derived descriptive analysis,cross-family lineage
Ubuntu ↔ Fedora,https://systemd.io::upstream-unit::units/systemd-tmpfiles-clean.service,https://systemd.io,0,36,0.0,0,derived descriptive analysis,cross-family lineage
Ubuntu ↔ Fedora,https://systemd.io::upstream-unit::units/systemd-tmpfiles-setup-dev-early.service,https://systemd.io,0,36,0.0,0,derived descriptive analysis,cross-family lineage
Ubuntu ↔ Fedora,https://systemd.io::upstream-unit::units/systemd-tmpfiles-setup-dev.service,https://systemd.io,0,36,0.0,0,derived descriptive analysis,cross-family lineage
Ubuntu ↔ Fedora,https://systemd.io::upstream-unit::units/systemd-tmpfiles-setup.service,https://systemd.io,0,36,0.0,0,derived descriptive analysis,cross-family lineage
Ubuntu ↔ Fedora,https://systemd.io::upstream-unit::units/systemd-udev-load-credentials.service,https://systemd.io,0,36,0.0,0,derived descriptive analysis,cross-family lineage
Ubuntu ↔ Fedora,https://systemd.io::upstream-unit::units/systemd-udev-settle.service,https://systemd.io,0,36,0.0,0,derived descriptive analysis,cross-family lineage
Ubuntu ↔ Fedora,https://systemd.io::upstream-unit::units/systemd-udev-trigger.service,https://systemd.io,0,36,0.0,0,derived descriptive analysis,cross-family lineage
Ubuntu ↔ Fedora,https://systemd.io::upstream-unit::units/systemd-userdb-load-credentials.service,https://systemd.io,0,36,0.0,0,derived descriptive analysis,cross-family lineage
Ubuntu ↔ Fedora,https://tetrinetx.sourceforge.net::tetrinetx,https://tetrinetx.sourceforge.net,0,36,0.0,0,derived descriptive analysis,cross-family lineage
Ubuntu ↔ Fedora,https://tinyproxy.github.io::tinyproxy,https://tinyproxy.github.io,3,36,0.08333333333333333,2–3,derived descriptive analysis,cross-family lineage
Ubuntu ↔ Fedora,https://torsion.org/borgmatic::systemd-inhibit,https://torsion.org/borgmatic,0,36,0.0,0,derived descriptive analysis,cross-family lineage
Ubuntu ↔ Fedora,https://trousers.sourceforge.net::tcsd,https://trousers.sourceforge.net,0,36,0.0,0,derived descriptive analysis,cross-family lineage
Ubuntu ↔ Fedora,https://unix4lyfe.org/darkstat::darkstat,https://unix4lyfe.org/darkstat,0,36,0.0,0,derived descriptive analysis,cross-family lineage
Ubuntu ↔ Fedora,https://upower.freedesktop.org::upowerd,https://upower.freedesktop.org,0,36,0.0,0,derived descriptive analysis,cross-family lineage
Ubuntu ↔ Fedora,https://usbguard.github.io::usbguard-daemon,https://usbguard.github.io,0,36,0.0,0,derived descriptive analysis,cross-family lineage
Ubuntu ↔ Fedora,https://usbguard.github.io::usbguard-dbus,https://usbguard.github.io,0,36,0.0,0,derived descriptive analysis,cross-family lineage
Ubuntu ↔ Fedora,https://valkey.io::valkey-sentinel,https://valkey.io,25,36,0.6944444444444444,≥4,derived descriptive analysis,cross-family lineage
Ubuntu ↔ Fedora,https://valkey.io::valkey-server,https://valkey.io,25,36,0.6944444444444444,≥4,derived descriptive analysis,cross-family lineage
Ubuntu ↔ Fedora,https://w1.fi/wpa_supplicant::wpa_supplicant,https://w1.fi/wpa_supplicant,0,36,0.0,0,derived descriptive analysis,cross-family lineage
Ubuntu ↔ Fedora,https://wammu.eu/gammu::gammu-smsd,https://wammu.eu/gammu,0,36,0.0,0,derived descriptive analysis,cross-family lineage
Ubuntu ↔ Fedora,https://wiki.nikhef.nl/grid/FetchCRL3::fetch-crl,https://wiki.nikhef.nl/grid/FetchCRL3,0,36,0.0,0,derived descriptive analysis,cross-family lineage
Ubuntu ↔ Fedora,https://www.anope.org::anope,https://www.anope.org,0,36,0.0,0,derived descriptive analysis,cross-family lineage
Ubuntu ↔ Fedora,https://www.asterisk.org::asterisk,https://www.asterisk.org,4,36,0.1111111111111111,≥4,derived descriptive analysis,cross-family lineage
Ubuntu ↔ Fedora,https://www.bacula.org::bacula-dir,https://www.bacula.org,3,36,0.08333333333333333,2–3,derived descriptive analysis,cross-family lineage
Ubuntu ↔ Fedora,https://www.bacula.org::bacula-fd,https://www.bacula.org,0,36,0.0,0,derived descriptive analysis,cross-family lineage
Ubuntu ↔ Fedora,https://www.bacula.org::bacula-sd,https://www.bacula.org,4,36,0.1111111111111111,≥4,derived descriptive analysis,cross-family lineage
Ubuntu ↔ Fedora,https://www.bitlbee.org::bitlbee,https://www.bitlbee.org,0,36,0.0,0,derived descriptive analysis,cross-family lineage
Ubuntu ↔ Fedora,https://www.bluez.org::bluetooth-meshd,https://www.bluez.org,0,36,0.0,0,derived descriptive analysis,cross-family lineage
Ubuntu ↔ Fedora,https://www.bluez.org::bluetoothd,https://www.bluez.org,0,36,0.0,0,derived descriptive analysis,cross-family lineage
Ubuntu ↔ Fedora,https://www.cipherdyne.org/psad::psad,https://www.cipherdyne.org/psad,0,36,0.0,0,derived descriptive analysis,cross-family lineage
Ubuntu ↔ Fedora,https://www.clamav.net::clamonacc,https://www.clamav.net,0,36,0.0,0,derived descriptive analysis,cross-family lineage
Ubuntu ↔ Fedora,https://www.clusterlabs.org::pacemaker-remoted,https://www.clusterlabs.org,0,36,0.0,0,derived descriptive analysis,cross-family lineage
Ubuntu ↔ Fedora,https://www.clusterlabs.org::pacemakerd,https://www.clusterlabs.org,0,36,0.0,0,derived descriptive analysis,cross-family lineage
Ubuntu ↔ Fedora,https://www.conserver.com::conserver,https://www.conserver.com,3,36,0.08333333333333333,2–3,derived descriptive analysis,cross-family lineage
Ubuntu ↔ Fedora,https://www.cstr.ed.ac.uk/projects/festival::festival,https://www.cstr.ed.ac.uk/projects/festival,7,36,0.19444444444444445,≥4,derived descriptive analysis,cross-family lineage
Ubuntu ↔ Fedora,https://www.cyrusimap.org/sasl::saslauthd,https://www.cyrusimap.org/sasl,0,36,0.0,0,derived descriptive analysis,cross-family lineage
Ubuntu ↔ Fedora,https://www.erlang.org::epmd,https://www.erlang.org,2,36,0.05555555555555555,2–3,derived descriptive analysis,cross-family lineage
Ubuntu ↔ Fedora,https://www.eyrie.org/~eagle/software/inn::rc.news,https://www.eyrie.org/~eagle/software/inn,3,36,0.08333333333333333,2–3,derived descriptive analysis,cross-family lineage
Ubuntu ↔ Fedora,https://www.fail2ban.org::fail2ban-server,https://www.fail2ban.org,0,36,0.0,0,derived descriptive analysis,cross-family lineage
Ubuntu ↔ Fedora,https://www.finnie.org/software/2ping::upstream-unit::2ping.service,https://www.finnie.org/software/2ping,0,36,0.0,0,derived descriptive analysis,cross-family lineage
Ubuntu ↔ Fedora,https://www.firewalld.org::firewalld,https://www.firewalld.org,1,36,0.027777777777777776,1,derived descriptive analysis,cross-family lineage
Ubuntu ↔ Fedora,https://www.freedesktop.org/software/PackageKit::packagekitd,https://www.freedesktop.org/software/PackageKit,0,36,0.0,0,derived descriptive analysis,cross-family lineage
Ubuntu ↔ Fedora,https://www.freedesktop.org/software/PackageKit::pk-offline-update,https://www.freedesktop.org/software/PackageKit,0,36,0.0,0,derived descriptive analysis,cross-family lineage
Ubuntu ↔ Fedora,https://www.freedesktop.org/software/colord::colord,https://www.freedesktop.org/software/colord,0,36,0.0,0,derived descriptive analysis,cross-family lineage
Ubuntu ↔ Fedora,https://www.freedesktop.org/wiki/Software/AccountsService::accounts-daemon,https://www.freedesktop.org/wiki/Software/AccountsService,0,36,0.0,0,derived descriptive analysis,cross-family lineage
Ubuntu ↔ Fedora,https://www.freedesktop.org/wiki/Software/Plymouth::systemd-tty-ask-password-agent,https://www.freedesktop.org/wiki/Software/Plymouth,0,36,0.0,0,derived descriptive analysis,cross-family lineage
Ubuntu ↔ Fedora,https://www.freedesktop.org/wiki/Software/fprint/fprintd::fprintd,https://www.freedesktop.org/wiki/Software/fprint/fprintd,0,36,0.0,0,derived descriptive analysis,cross-family lineage
Ubuntu ↔ Fedora,https://www.freeipa.org::ipa-epn,https://www.freeipa.org,0,36,0.0,0,derived descriptive analysis,cross-family lineage
Ubuntu ↔ Fedora,https://www.gnu.org/software/acct::accton,https://www.gnu.org/software/acct,2,36,0.05555555555555555,2–3,derived descriptive analysis,cross-family lineage
Ubuntu ↔ Fedora,https://www.gnu.org/software/freeipmi::bmc-watchdog,https://www.gnu.org/software/freeipmi,0,36,0.0,0,derived descriptive analysis,cross-family lineage
Ubuntu ↔ Fedora,https://www.gnu.org/software/freeipmi::ipmidetectd,https://www.gnu.org/software/freeipmi,0,36,0.0,0,derived descriptive analysis,cross-family lineage
Ubuntu ↔ Fedora,https://www.gnu.org/software/freeipmi::ipmiseld,https://www.gnu.org/software/freeipmi,0,36,0.0,0,derived descriptive analysis,cross-family lineage
Ubuntu ↔ Fedora,https://www.haproxy.org::haproxy,https://www.haproxy.org,0,36,0.0,0,derived descriptive analysis,cross-family lineage
Ubuntu ↔ Fedora,https://www.infradead.org/~dhowells/kafs::kafs-preload,https://www.infradead.org/~dhowells/kafs,0,36,0.0,0,derived descriptive analysis,cross-family lineage
Ubuntu ↔ Fedora,https://www.knot-dns.cz::knotd,https://www.knot-dns.cz,0,36,0.0,0,derived descriptive analysis,cross-family lineage
Ubuntu ↔ Fedora,https://www.linux-pam.org::pam_namespace_helper,https://www.linux-pam.org,0,36,0.0,0,derived descriptive analysis,cross-family lineage
Ubuntu ↔ Fedora,https://www.linuxptp.org::timemaster,https://www.linuxptp.org,0,36,0.0,0,derived descriptive analysis,cross-family lineage
Ubuntu ↔ Fedora,https://www.monitorix.org::monitorix,https://www.monitorix.org,0,36,0.0,0,derived descriptive analysis,cross-family lineage
Ubuntu ↔ Fedora,https://www.msweet.org/lprint::lprint,https://www.msweet.org/lprint,0,36,0.0,0,derived descriptive analysis,cross-family lineage
Ubuntu ↔ Fedora,https://www.mumble.info::mumble-server,https://www.mumble.info,18,36,0.5,≥4,derived descriptive analysis,cross-family lineage
Ubuntu ↔ Fedora,https://www.musicpd.org/clients/mpdscribble::mpdscribble,https://www.musicpd.org/clients/mpdscribble,0,36,0.0,0,derived descriptive analysis,cross-family lineage
Ubuntu ↔ Fedora,https://www.musicpd.org::mpd,https://www.musicpd.org,0,36,0.0,0,derived descriptive analysis,cross-family lineage
Ubuntu ↔ Fedora,https://www.nlnetlabs.nl/projects/dnssec-trigger::dnssec-trigger-control-setup,https://www.nlnetlabs.nl/projects/dnssec-trigger,0,36,0.0,0,derived descriptive analysis,cross-family lineage
Ubuntu ↔ Fedora,https://www.nlnetlabs.nl/projects/dnssec-trigger::dnssec-triggerd,https://www.nlnetlabs.nl/projects/dnssec-trigger,0,36,0.0,0,derived descriptive analysis,cross-family lineage
Ubuntu ↔ Fedora,https://www.nordugrid.org::arc-arex-start,https://www.nordugrid.org,0,36,0.0,0,derived descriptive analysis,cross-family lineage
Ubuntu ↔ Fedora,https://www.nordugrid.org::arc-arex-ws-start,https://www.nordugrid.org,0,36,0.0,0,derived descriptive analysis,cross-family lineage
Ubuntu ↔ Fedora,https://www.nordugrid.org::arc-datadelivery-service-start,https://www.nordugrid.org,0,36,0.0,0,derived descriptive analysis,cross-family lineage
Ubuntu ↔ Fedora,https://www.nordugrid.org::upstream-unit::src/hed/daemon/scripts/arched.service,https://www.nordugrid.org,0,36,0.0,0,derived descriptive analysis,cross-family lineage
Ubuntu ↔ Fedora,https://www.ntpsec.org::ntplogtemp,https://www.ntpsec.org,0,36,0.0,0,derived descriptive analysis,cross-family lineage
Ubuntu ↔ Fedora,https://www.ntpsec.org::ntpwait,https://www.ntpsec.org,0,36,0.0,0,derived descriptive analysis,cross-family lineage
Ubuntu ↔ Fedora,https://www.openbgpd.org::bgpd,https://www.openbgpd.org,21,36,0.5833333333333334,≥4,derived descriptive analysis,cross-family lineage
Ubuntu ↔ Fedora,https://www.opendnssec.org::ods-enforcerd,https://www.opendnssec.org,3,36,0.08333333333333333,2–3,derived descriptive analysis,cross-family lineage
Ubuntu ↔ Fedora,https://www.opendnssec.org::ods-signerd,https://www.opendnssec.org,3,36,0.08333333333333333,2–3,derived descriptive analysis,cross-family lineage
Ubuntu ↔ Fedora,https://www.opensmtpd.org::smtpd,https://www.opensmtpd.org,12,36,0.3333333333333333,≥4,derived descriptive analysis,cross-family lineage
Ubuntu ↔ Fedora,https://www.pgbouncer.org::pgbouncer,https://www.pgbouncer.org,0,36,0.0,0,derived descriptive analysis,cross-family lineage
Ubuntu ↔ Fedora,https://www.postfix.org::postfix,https://www.postfix.org,17,36,0.4722222222222222,≥4,derived descriptive analysis,cross-family lineage
Ubuntu ↔ Fedora,https://www.pps.univ-paris-diderot.fr/~jch/software/babel::babeld,https://www.pps.univ-paris-diderot.fr/~jch/software/babel,0,36,0.0,0,derived descriptive analysis,cross-family lineage
Ubuntu ↔ Fedora,https://www.proftpd.org::proftpd,https://www.proftpd.org,0,36,0.0,0,derived descriptive analysis,cross-family lineage
Ubuntu ↔ Fedora,https://www.rabbitmq.com::rabbitmq-server,https://www.rabbitmq.com,1,36,0.027777777777777776,1,derived descriptive analysis,cross-family lineage
Ubuntu ↔ Fedora,https://www.rsyslog.com::rsyslogd,https://www.rsyslog.com,14,36,0.3888888888888889,≥4,derived descriptive analysis,cross-family lineage
Ubuntu ↔ Fedora,https://www.samba.org::ctdbd,https://www.samba.org,0,36,0.0,0,derived descriptive analysis,cross-family lineage
Ubuntu ↔ Fedora,https://www.samba.org::nmbd,https://www.samba.org,0,36,0.0,0,derived descriptive analysis,cross-family lineage
Ubuntu ↔ Fedora,https://www.samba.org::samba,https://www.samba.org,0,36,0.0,0,derived descriptive analysis,cross-family lineage
Ubuntu ↔ Fedora,https://www.samba.org::smbd,https://www.samba.org,0,36,0.0,0,derived descriptive analysis,cross-family lineage
Ubuntu ↔ Fedora,https://www.samba.org::winbindd,https://www.samba.org,0,36,0.0,0,derived descriptive analysis,cross-family lineage
Ubuntu ↔ Fedora,https://www.smartmontools.org::smartd,https://www.smartmontools.org,0,36,0.0,0,derived descriptive analysis,cross-family lineage
Ubuntu ↔ Fedora,https://www.strongswan.org::charon-systemd,https://www.strongswan.org,0,36,0.0,0,derived descriptive analysis,cross-family lineage
Ubuntu ↔ Fedora,https://www.svxlink.org::remotetrx,https://www.svxlink.org,0,36,0.0,0,derived descriptive analysis,cross-family lineage
Ubuntu ↔ Fedora,https://www.svxlink.org::svxlink,https://www.svxlink.org,0,36,0.0,0,derived descriptive analysis,cross-family lineage
Ubuntu ↔ Fedora,https://www.svxlink.org::svxreflector,https://www.svxlink.org,0,36,0.0,0,derived descriptive analysis,cross-family lineage
Ubuntu ↔ Fedora,https://www.tinc-vpn.org::true,https://www.tinc-vpn.org,0,36,0.0,0,derived descriptive analysis,cross-family lineage
Ubuntu ↔ Fedora,https://www.tntnet.org::tntnet,https://www.tntnet.org,0,36,0.0,0,derived descriptive analysis,cross-family lineage
Ubuntu ↔ Fedora,https://www.torproject.org::tor,https://www.torproject.org,4,36,0.1111111111111111,≥4,derived descriptive analysis,cross-family lineage
Ubuntu ↔ Fedora,https://www.torproject.org::true,https://www.torproject.org,0,36,0.0,0,derived descriptive analysis,cross-family lineage
Ubuntu ↔ Fedora,https://www.unix-ag.uni-kl.de/~bloch/acng::apt-cacher-ng,https://www.unix-ag.uni-kl.de/~bloch/acng,0,36,0.0,0,derived descriptive analysis,cross-family lineage
Ubuntu ↔ Fedora,https://www.varnish-cache.org::varnishd,https://www.varnish-cache.org,6,36,0.16666666666666666,≥4,derived descriptive analysis,cross-family lineage
Ubuntu ↔ Fedora,https://www.varnish-cache.org::varnishncsa,https://www.varnish-cache.org,6,36,0.16666666666666666,≥4,derived descriptive analysis,cross-family lineage
Ubuntu ↔ Fedora,https://www.xrdp.org::xrdp,https://www.xrdp.org,0,36,0.0,0,derived descriptive analysis,cross-family lineage
Ubuntu ↔ Fedora,https://www.xrdp.org::xrdp-sesman,https://www.xrdp.org,0,36,0.0,0,derived descriptive analysis,cross-family lineage
Ubuntu ↔ Fedora,https://www.yadifa.eu::yadifad,https://www.yadifa.eu,12,36,0.3333333333333333,≥4,derived descriptive analysis,cross-family lineage
Ubuntu ↔ Fedora,https://www.yo2loj.ro/hamprojects::ampr-ripd,https://www.yo2loj.ro/hamprojects,0,36,0.0,0,derived descriptive analysis,cross-family lineage
Ubuntu ↔ Fedora,https://www.zeroflux.org/projects/knock::knockd,https://www.zeroflux.org/projects/knock,2,36,0.05555555555555555,2–3,derived descriptive analysis,cross-family lineage
Ubuntu ↔ Fedora,https://xfs.wiki.kernel.org::xfs_scrub_all,https://xfs.wiki.kernel.org,0,36,0.0,0,derived descriptive analysis,cross-family lineage
Ubuntu ↔ Fedora,https://xfs.wiki.kernel.org::xfs_scrub_fail,https://xfs.wiki.kernel.org,23,36,0.6388888888888888,≥4,derived descriptive analysis,cross-family lineage
Ubuntu ↔ Arch,https://apps.gnome.org/Sysprof::sysprofd,https://apps.gnome.org/Sysprof,0,36,0.0,0,derived descriptive analysis,cross-family lineage
Ubuntu ↔ Arch,https://arthurdejong.org/nss-pam-ldapd::nslcd,https://arthurdejong.org/nss-pam-ldapd,9,36,0.25,≥4,derived descriptive analysis,cross-family lineage
Ubuntu ↔ Arch,https://certbot.eff.org::certbot,https://certbot.eff.org,0,36,0.0,0,derived descriptive analysis,cross-family lineage
Ubuntu ↔ Arch,https://chrony-project.org::upstream-unit::examples/chrony-wait.service,https://chrony-project.org,0,36,0.0,0,derived descriptive analysis,cross-family lineage
Ubuntu ↔ Arch,https://cisofy.com/lynis::lynis,https://cisofy.com/lynis,0,36,0.0,0,derived descriptive analysis,cross-family lineage
Ubuntu ↔ Arch,https://cloud-init.io::cloud-init,https://cloud-init.io,4,36,0.1111111111111111,≥4,derived descriptive analysis,cross-family lineage
Ubuntu ↔ Arch,https://cloud-init.io::upstream-unit::systemd/cloud-config.service,https://cloud-init.io,0,36,0.0,0,derived descriptive analysis,cross-family lineage
Ubuntu ↔ Arch,https://cloud-init.io::upstream-unit::systemd/cloud-final.service,https://cloud-init.io,0,36,0.0,0,derived descriptive analysis,cross-family lineage
Ubuntu ↔ Arch,https://cloud-init.io::upstream-unit::systemd/cloud-init-hotplugd.service,https://cloud-init.io,0,36,0.0,0,derived descriptive analysis,cross-family lineage
Ubuntu ↔ Arch,https://cockpit-project.org::cockpit-tls,https://cockpit-project.org,0,36,0.0,0,derived descriptive analysis,cross-family lineage
Ubuntu ↔ Arch,https://cockpit-project.org::cockpit-ws,https://cockpit-project.org,0,36,0.0,0,derived descriptive analysis,cross-family lineage
Ubuntu ↔ Arch,https://cockpit-project.org::update-issue,https://cockpit-project.org,0,36,0.0,0,derived descriptive analysis,cross-family lineage
Ubuntu ↔ Arch,https://cockpit-project.org::upstream-unit::src/systemd/cockpit-session-socket-user.service,https://cockpit-project.org,0,36,0.0,0,derived descriptive analysis,cross-family lineage
Ubuntu ↔ Arch,https://cockpit-project.org::upstream-unit::src/systemd/cockpit-wsinstance-socket-user.service,https://cockpit-project.org,4,36,0.1111111111111111,≥4,derived descriptive analysis,cross-family lineage
Ubuntu ↔ Arch,https://code.kryo.se/iodine::iodined,https://code.kryo.se/iodine,0,36,0.0,0,derived descriptive analysis,cross-family lineage
Ubuntu ↔ Arch,https://deluge-torrent.org::deluge-web,https://deluge-torrent.org,0,36,0.0,0,derived descriptive analysis,cross-family lineage
Ubuntu ↔ Arch,https://deluge-torrent.org::deluged,https://deluge-torrent.org,0,36,0.0,0,derived descriptive analysis,cross-family lineage
Ubuntu ↔ Arch,https://dnsdist.org::dnsdist,https://dnsdist.org,0,36,0.0,0,derived descriptive analysis,cross-family lineage
Ubuntu ↔ Arch,https://flatpak.org::flatpak-system-helper,https://flatpak.org,0,36,0.0,0,derived descriptive analysis,cross-family lineage
Ubuntu ↔ Arch,https://gdnsd.org::gdnsd,https://gdnsd.org,0,36,0.0,0,derived descriptive analysis,cross-family lineage
Ubuntu ↔ Arch,https://git.kernel.org/pub/scm/network/connman/connman::connman-vpnd,https://git.kernel.org/pub/scm/network/connman/connman,0,36,0.0,0,derived descriptive analysis,cross-family lineage
Ubuntu ↔ Arch,https://git.kernel.org/pub/scm/network/connman/connman::connmand,https://git.kernel.org/pub/scm/network/connman/connman,0,36,0.0,0,derived descriptive analysis,cross-family lineage
Ubuntu ↔ Arch,https://git.kernel.org/pub/scm/network/connman/connman::connmand-wait-online,https://git.kernel.org/pub/scm/network/connman/connman,0,36,0.0,0,derived descriptive analysis,cross-family lineage
Ubuntu ↔ Arch,https://github.com/DNSCrypt/dnscrypt-proxy::dnscrypt-proxy,https://github.com/DNSCrypt/dnscrypt-proxy,18,36,0.5,≥4,derived descriptive analysis,cross-family lineage
Ubuntu ↔ Arch,https://github.com/ErikReider/SwayOSD::swayosd-libinput-backend,https://github.com/ErikReider/SwayOSD,0,36,0.0,0,derived descriptive analysis,cross-family lineage
Ubuntu ↔ Arch,https://github.com/HewlettPackard/netperf::netserver,https://github.com/HewlettPackard/netperf,24,36,0.6666666666666666,≥4,derived descriptive analysis,cross-family lineage
Ubuntu ↔ Arch,https://github.com/OpenMandrivaSoftware/ossp::osspd,https://github.com/OpenMandrivaSoftware/ossp,0,36,0.0,0,derived descriptive analysis,cross-family lineage
Ubuntu ↔ Arch,https://github.com/OpenPrinting/ipp-usb::ipp-usb,https://github.com/OpenPrinting/ipp-usb,0,36,0.0,0,derived descriptive analysis,cross-family lineage
Ubuntu ↔ Arch,https://github.com/SSSD/sssd::sssd,https://github.com/SSSD/sssd,0,36,0.0,0,derived descriptive analysis,cross-family lineage
Ubuntu ↔ Arch,https://github.com/SSSD/sssd::sssd_autofs,https://github.com/SSSD/sssd,0,36,0.0,0,derived descriptive analysis,cross-family lineage
Ubuntu ↔ Arch,https://github.com/SSSD/sssd::sssd_ifp,https://github.com/SSSD/sssd,0,36,0.0,0,derived descriptive analysis,cross-family lineage
Ubuntu ↔ Arch,https://github.com/SSSD/sssd::sssd_kcm,https://github.com/SSSD/sssd,0,36,0.0,0,derived descriptive analysis,cross-family lineage
Ubuntu ↔ Arch,https://github.com/SSSD/sssd::sssd_nss,https://github.com/SSSD/sssd,0,36,0.0,0,derived descriptive analysis,cross-family lineage
Ubuntu ↔ Arch,https://github.com/SSSD/sssd::sssd_pac,https://github.com/SSSD/sssd,0,36,0.0,0,derived descriptive analysis,cross-family lineage
Ubuntu ↔ Arch,https://github.com/SSSD/sssd::sssd_pam,https://github.com/SSSD/sssd,0,36,0.0,0,derived descriptive analysis,cross-family lineage
Ubuntu ↔ Arch,https://github.com/SSSD/sssd::sssd_ssh,https://github.com/SSSD/sssd,0,36,0.0,0,derived descriptive analysis,cross-family lineage
Ubuntu ↔ Arch,https://github.com/SSSD/sssd::sssd_sudo,https://github.com/SSSD/sssd,0,36,0.0,0,derived descriptive analysis,cross-family lineage
Ubuntu ↔ Arch,https://github.com/SuperQ/smokeping_prober::prometheus-smokeping-prober,https://github.com/SuperQ/smokeping_prober,19,36,0.5277777777777778,≥4,derived descriptive analysis,cross-family lineage
Ubuntu ↔ Arch,https://github.com/analogdevicesinc/libiio::iiod,https://github.com/analogdevicesinc/libiio,0,36,0.0,0,derived descriptive analysis,cross-family lineage
Ubuntu ↔ Arch,https://github.com/ar-/incron::incrond,https://github.com/ar-/incron,1,36,0.027777777777777776,1,derived descriptive analysis,cross-family lineage
Ubuntu ↔ Arch,https://github.com/blueman-project/blueman::blueman-mechanism,https://github.com/blueman-project/blueman,0,36,0.0,0,derived descriptive analysis,cross-family lineage
Ubuntu ↔ Arch,https://github.com/bus1/dbus-broker::dbus-broker-launch,https://github.com/bus1/dbus-broker,0,36,0.0,0,derived descriptive analysis,cross-family lineage
Ubuntu ↔ Arch,https://github.com/ckb-next/ckb-next::ckb-next-daemon,https://github.com/ckb-next/ckb-next,0,36,0.0,0,derived descriptive analysis,cross-family lineage
Ubuntu ↔ Arch,https://github.com/containernetworking/plugins::dhcp,https://github.com/containernetworking/plugins,0,36,0.0,0,derived descriptive analysis,cross-family lineage
Ubuntu ↔ Arch,https://github.com/coturn/coturn::turnserver,https://github.com/coturn/coturn,1,36,0.027777777777777776,1,derived descriptive analysis,cross-family lineage
Ubuntu ↔ Arch,https://github.com/cronie-crond/cronie::crond,https://github.com/cronie-crond/cronie,0,36,0.0,0,derived descriptive analysis,cross-family lineage
Ubuntu ↔ Arch,https://github.com/czerwonk/bird_exporter::prometheus-bird-exporter,https://github.com/czerwonk/bird_exporter,3,36,0.08333333333333333,2–3,derived descriptive analysis,cross-family lineage
Ubuntu ↔ Arch,https://github.com/dlundquist/sniproxy::sniproxy,https://github.com/dlundquist/sniproxy,0,36,0.0,0,derived descriptive analysis,cross-family lineage
Ubuntu ↔ Arch,https://github.com/evilsocket/opensnitch::opensnitchd,https://github.com/evilsocket/opensnitch,0,36,0.0,0,derived descriptive analysis,cross-family lineage
Ubuntu ↔ Arch,https://github.com/fujita/tgt::tgtd,https://github.com/fujita/tgt,7,36,0.19444444444444445,≥4,derived descriptive analysis,cross-family lineage
Ubuntu ↔ Arch,https://github.com/fwupd/fwupd::fwupd,https://github.com/fwupd/fwupd,1,36,0.027777777777777776,1,derived descriptive analysis,cross-family lineage
Ubuntu ↔ Arch,https://github.com/fwupd/fwupd::fwupdmgr,https://github.com/fwupd/fwupd,0,36,0.0,0,derived descriptive analysis,cross-family lineage
Ubuntu ↔ Arch,https://github.com/ggml-org/llama.cpp::llama-server,https://github.com/ggml-org/llama.cpp,23,36,0.6388888888888888,≥4,derived descriptive analysis,cross-family lineage
Ubuntu ↔ Arch,https://github.com/gssapi/gssproxy::gssproxy,https://github.com/gssapi/gssproxy,0,36,0.0,0,derived descriptive analysis,cross-family lineage
Ubuntu ↔ Arch,https://github.com/hughsie/passim::passimd,https://github.com/hughsie/passim,0,36,0.0,0,derived descriptive analysis,cross-family lineage
Ubuntu ↔ Arch,https://github.com/intel/intel-lpmd::intel_lpmd,https://github.com/intel/intel-lpmd,0,36,0.0,0,derived descriptive analysis,cross-family lineage
Ubuntu ↔ Arch,https://github.com/intel/thermal_daemon::thermald,https://github.com/intel/thermal_daemon,0,36,0.0,0,derived descriptive analysis,cross-family lineage
Ubuntu ↔ Arch,https://github.com/jonnenauha/prometheus_varnish_exporter::prometheus-varnish-exporter,https://github.com/jonnenauha/prometheus_varnish_exporter,16,36,0.4444444444444444,≥4,derived descriptive analysis,cross-family lineage
Ubuntu ↔ Arch,https://github.com/kdave/btrfsmaintenance::btrfsmaintenance-refresh-cron.sh,https://github.com/kdave/btrfsmaintenance,0,36,0.0,0,derived descriptive analysis,cross-family lineage
Ubuntu ↔ Arch,https://github.com/kdave/btrfsmaintenance::upstream-unit::btrfs-balance.service,https://github.com/kdave/btrfsmaintenance,0,36,0.0,0,derived descriptive analysis,cross-family lineage
Ubuntu ↔ Arch,https://github.com/kdave/btrfsmaintenance::upstream-unit::btrfs-defrag.service,https://github.com/kdave/btrfsmaintenance,0,36,0.0,0,derived descriptive analysis,cross-family lineage
Ubuntu ↔ Arch,https://github.com/kdave/btrfsmaintenance::upstream-unit::btrfs-scrub.service,https://github.com/kdave/btrfsmaintenance,0,36,0.0,0,derived descriptive analysis,cross-family lineage
Ubuntu ↔ Arch,https://github.com/kdave/btrfsmaintenance::upstream-unit::btrfs-trim.service,https://github.com/kdave/btrfsmaintenance,0,36,0.0,0,derived descriptive analysis,cross-family lineage
Ubuntu ↔ Arch,https://github.com/latchset/clevis::clevis-luks-askpass,https://github.com/latchset/clevis,0,36,0.0,0,derived descriptive analysis,cross-family lineage
Ubuntu ↔ Arch,https://github.com/libratbag/libratbag::ratbagd,https://github.com/libratbag/libratbag,0,36,0.0,0,derived descriptive analysis,cross-family lineage
Ubuntu ↔ Arch,https://github.com/linux-nvme/nvme-cli::upstream-unit::nvmf-autoconnect/systemd/nvmefc-boot-connections.service,https://github.com/linux-nvme/nvme-cli,0,36,0.0,0,derived descriptive analysis,cross-family lineage
Ubuntu ↔ Arch,https://github.com/linux-rdma/rdma-core::ibacm,https://github.com/linux-rdma/rdma-core,0,36,0.0,0,derived descriptive analysis,cross-family lineage
Ubuntu ↔ Arch,https://github.com/linux-rdma/rdma-core::iwpmd,https://github.com/linux-rdma/rdma-core,0,36,0.0,0,derived descriptive analysis,cross-family lineage
Ubuntu ↔ Arch,https://github.com/linux-rdma/rdma-core::rdma-ndd,https://github.com/linux-rdma/rdma-core,0,36,0.0,0,derived descriptive analysis,cross-family lineage
Ubuntu ↔ Arch,https://github.com/linux-rdma/rdma-core::start_on_all_ports,https://github.com/linux-rdma/rdma-core,0,36,0.0,0,derived descriptive analysis,cross-family lineage
Ubuntu ↔ Arch,https://github.com/linuxdeepin/deepin-boot-maker::upstream-unit::src/service/data/deepin-boot-maker.service,https://github.com/linuxdeepin/deepin-boot-maker,12,36,0.3333333333333333,≥4,derived descriptive analysis,cross-family lineage
Ubuntu ↔ Arch,https://github.com/logrotate/logrotate::upstream-unit::examples/logrotate.service,https://github.com/logrotate/logrotate,0,36,0.0,0,derived descriptive analysis,cross-family lineage
Ubuntu ↔ Arch,https://github.com/mikebrady/shairport-sync::shairport-sync,https://github.com/mikebrady/shairport-sync,0,36,0.0,0,derived descriptive analysis,cross-family lineage
Ubuntu ↔ Arch,https://github.com/oliver006/redis_exporter::prometheus-redis-exporter,https://github.com/oliver006/redis_exporter,3,36,0.08333333333333333,2–3,derived descriptive analysis,cross-family lineage
Ubuntu ↔ Arch,https://github.com/phillipberndt/autorandr::upstream-unit::contrib/systemd/autorandr-lid-listener.service,https://github.com/phillipberndt/autorandr,0,36,0.0,0,derived descriptive analysis,cross-family lineage
Ubuntu ↔ Arch,https://github.com/phillipberndt/autorandr::upstream-unit::contrib/systemd/autorandr.service,https://github.com/phillipberndt/autorandr,0,36,0.0,0,derived descriptive analysis,cross-family lineage
Ubuntu ↔ Arch,https://github.com/pmem/ndctl::upstream-unit::cxl/cxl-monitor.service,https://github.com/pmem/ndctl,0,36,0.0,0,derived descriptive analysis,cross-family lineage
Ubuntu ↔ Arch,https://github.com/pmem/ndctl::upstream-unit::ndctl/ndctl-monitor.service,https://github.com/pmem/ndctl,0,36,0.0,0,derived descriptive analysis,cross-family lineage
Ubuntu ↔ Arch,https://github.com/polkit-org/polkit::polkitd,https://github.com/polkit-org/polkit,0,36,0.0,0,derived descriptive analysis,cross-family lineage
Ubuntu ↔ Arch,https://github.com/pothosware/SoapyRemote::SoapySDRServer,https://github.com/pothosware/SoapyRemote,0,36,0.0,0,derived descriptive analysis,cross-family lineage
Ubuntu ↔ Arch,https://github.com/prometheus-community/elasticsearch_exporter::prometheus-elasticsearch-exporter,https://github.com/prometheus-community/elasticsearch_exporter,3,36,0.08333333333333333,2–3,derived descriptive analysis,cross-family lineage
Ubuntu ↔ Arch,https://github.com/prometheus-community/ipmi_exporter::prometheus-ipmi-exporter,https://github.com/prometheus-community/ipmi_exporter,11,36,0.3055555555555556,≥4,derived descriptive analysis,cross-family lineage
Ubuntu ↔ Arch,https://github.com/prometheus-community/postgres_exporter::prometheus-postgres-exporter,https://github.com/prometheus-community/postgres_exporter,3,36,0.08333333333333333,2–3,derived descriptive analysis,cross-family lineage
Ubuntu ↔ Arch,https://github.com/prometheus/blackbox_exporter::prometheus-blackbox-exporter,https://github.com/prometheus/blackbox_exporter,19,36,0.5277777777777778,≥4,derived descriptive analysis,cross-family lineage
Ubuntu ↔ Arch,https://github.com/prometheus/mysqld_exporter::prometheus-mysqld-exporter,https://github.com/prometheus/mysqld_exporter,20,36,0.5555555555555556,≥4,derived descriptive analysis,cross-family lineage
Ubuntu ↔ Arch,https://github.com/prometheus/node_exporter::prometheus-node-exporter,https://github.com/prometheus/node_exporter,3,36,0.08333333333333333,2–3,derived descriptive analysis,cross-family lineage
Ubuntu ↔ Arch,https://github.com/prometheus/snmp_exporter::prometheus-snmp-exporter,https://github.com/prometheus/snmp_exporter,10,36,0.2777777777777778,≥4,derived descriptive analysis,cross-family lineage
Ubuntu ↔ Arch,https://github.com/pymumu/smartdns::smartdns,https://github.com/pymumu/smartdns,0,36,0.0,0,derived descriptive analysis,cross-family lineage
Ubuntu ↔ Arch,https://github.com/rfjakob/earlyoom::earlyoom,https://github.com/rfjakob/earlyoom,1,36,0.027777777777777776,1,derived descriptive analysis,cross-family lineage
Ubuntu ↔ Arch,https://github.com/rpm-software-management/dnf5::dnf5,https://github.com/rpm-software-management/dnf5,0,36,0.0,0,derived descriptive analysis,cross-family lineage
Ubuntu ↔ Arch,https://github.com/rpm-software-management/dnf5::upstream-unit::dnf5/config/systemd/system/dnf5-offline-transaction-cleanup.service,https://github.com/rpm-software-management/dnf5,0,36,0.0,0,derived descriptive analysis,cross-family lineage
Ubuntu ↔ Arch,https://github.com/rpm-software-management/dnf5::upstream-unit::dnf5/config/systemd/system/dnf5-offline-transaction.service,https://github.com/rpm-software-management/dnf5,0,36,0.0,0,derived descriptive analysis,cross-family lineage
Ubuntu ↔ Arch,https://github.com/rpm-software-management/dnf5::upstream-unit::dnf5daemon-server/dbus/dnf5daemon-server.service,https://github.com/rpm-software-management/dnf5,0,36,0.0,0,derived descriptive analysis,cross-family lineage
Ubuntu ↔ Arch,https://github.com/rpm-software-management/dnf5::upstream-unit::etc/systemd/dnf5-makecache.service,https://github.com/rpm-software-management/dnf5,0,36,0.0,0,derived descriptive analysis,cross-family lineage
Ubuntu ↔ Arch,https://github.com/rpodgorny/uptimed::uptimed,https://github.com/rpodgorny/uptimed,3,36,0.08333333333333333,2–3,derived descriptive analysis,cross-family lineage
Ubuntu ↔ Arch,https://github.com/sddm/sddm::sddm,https://github.com/sddm/sddm,0,36,0.0,0,derived descriptive analysis,cross-family lineage
Ubuntu ↔ Arch,https://github.com/systemd/systemd-bootchart::systemd-bootchart,https://github.com/systemd/systemd-bootchart,0,36,0.0,0,derived descriptive analysis,cross-family lineage
Ubuntu ↔ Arch,https://github.com/trojan-gfw/trojan::trojan,https://github.com/trojan-gfw/trojan,0,36,0.0,0,derived descriptive analysis,cross-family lineage
Ubuntu ↔ Arch,https://github.com/util-linux/util-linux::fstrim,https://github.com/util-linux/util-linux,0,36,0.0,0,derived descriptive analysis,cross-family lineage
Ubuntu ↔ Arch,https://github.com/util-linux/util-linux::uuidd,https://github.com/util-linux/util-linux,0,36,0.0,0,derived descriptive analysis,cross-family lineage
Ubuntu ↔ Arch,https://github.com/v2fly/v2ray-core::v2ray,https://github.com/v2fly/v2ray-core,6,36,0.16666666666666666,≥4,derived descriptive analysis,cross-family lineage
Ubuntu ↔ Arch,https://github.com/vmware/open-vm-tools::vmtoolsd,https://github.com/vmware/open-vm-tools,4,36,0.1111111111111111,≥4,derived descriptive analysis,cross-family lineage
Ubuntu ↔ Arch,https://gitlab.archlinux.org/archlinux/netctl::upstream-unit::services/netctl-sleep.service,https://gitlab.archlinux.org/archlinux/netctl,0,36,0.0,0,derived descriptive analysis,cross-family lineage
Ubuntu ↔ Arch,https://gitlab.archlinux.org/archlinux/netctl::upstream-unit::services/netctl-wait-online.service,https://gitlab.archlinux.org/archlinux/netctl,0,36,0.0,0,derived descriptive analysis,cross-family lineage
Ubuntu ↔ Arch,https://gitlab.archlinux.org/archlinux/netctl::upstream-unit::services/netctl.service,https://gitlab.archlinux.org/archlinux/netctl,0,36,0.0,0,derived descriptive analysis,cross-family lineage
Ubuntu ↔ Arch,https://gitlab.com/interception/linux/tools::upstream-unit::udevmon.service,https://gitlab.com/interception/linux/tools,0,36,0.0,0,derived descriptive analysis,cross-family lineage
Ubuntu ↔ Arch,https://gitlab.freedesktop.org/bolt/bolt::boltd,https://gitlab.freedesktop.org/bolt/bolt,0,36,0.0,0,derived descriptive analysis,cross-family lineage
Ubuntu ↔ Arch,https://gitlab.freedesktop.org/hadess/iio-sensor-proxy::iio-sensor-proxy,https://gitlab.freedesktop.org/hadess/iio-sensor-proxy,1,36,0.027777777777777776,1,derived descriptive analysis,cross-family lineage
Ubuntu ↔ Arch,https://gitlab.freedesktop.org/hadess/switcheroo-control::switcheroo-control,https://gitlab.freedesktop.org/hadess/switcheroo-control,0,36,0.0,0,derived descriptive analysis,cross-family lineage
Ubuntu ↔ Arch,https://gitlab.freedesktop.org/pipewire/rtkit::rtkit-daemon,https://gitlab.freedesktop.org/pipewire/rtkit,0,36,0.0,0,derived descriptive analysis,cross-family lineage
Ubuntu ↔ Arch,https://gitlab.freedesktop.org/pwithnall/malcontent::malcontent-timer-extension-agent,https://gitlab.freedesktop.org/pwithnall/malcontent,0,36,0.0,0,derived descriptive analysis,cross-family lineage
Ubuntu ↔ Arch,https://gitlab.freedesktop.org/pwithnall/malcontent::malcontent-timerd,https://gitlab.freedesktop.org/pwithnall/malcontent,0,36,0.0,0,derived descriptive analysis,cross-family lineage
Ubuntu ↔ Arch,https://gitlab.freedesktop.org/pwithnall/malcontent::malcontent-webd,https://gitlab.freedesktop.org/pwithnall/malcontent,0,36,0.0,0,derived descriptive analysis,cross-family lineage
Ubuntu ↔ Arch,https://gitlab.freedesktop.org/pwithnall/malcontent::malcontent-webd-update,https://gitlab.freedesktop.org/pwithnall/malcontent,0,36,0.0,0,derived descriptive analysis,cross-family lineage
Ubuntu ↔ Arch,https://gitlab.freedesktop.org/upower/power-profiles-daemon::power-profiles-daemon,https://gitlab.freedesktop.org/upower/power-profiles-daemon,0,36,0.0,0,derived descriptive analysis,cross-family lineage
Ubuntu ↔ Arch,https://humdi.net/vnstat::vnstatd,https://humdi.net/vnstat,3,36,0.08333333333333333,2–3,derived descriptive analysis,cross-family lineage
Ubuntu ↔ Arch,https://i2pd.website::i2pd,https://i2pd.website,20,36,0.5555555555555556,≥4,derived descriptive analysis,cross-family lineage
Ubuntu ↔ Arch,https://kea.isc.org::kea-ctrl-agent,https://kea.isc.org,1,36,0.027777777777777776,1,derived descriptive analysis,cross-family lineage
Ubuntu ↔ Arch,https://kea.isc.org::kea-dhcp-ddns,https://kea.isc.org,2,36,0.05555555555555555,2–3,derived descriptive analysis,cross-family lineage
Ubuntu ↔ Arch,https://kea.isc.org::kea-dhcp4,https://kea.isc.org,1,36,0.027777777777777776,1,derived descriptive analysis,cross-family lineage
Ubuntu ↔ Arch,https://kea.isc.org::kea-dhcp6,https://kea.isc.org,1,36,0.027777777777777776,1,derived descriptive analysis,cross-family lineage
Ubuntu ↔ Arch,https://launchpad.net/ufw::ufw-init,https://launchpad.net/ufw,0,36,0.0,0,derived descriptive analysis,cross-family lineage
Ubuntu ↔ Arch,https://linuxcontainers.org/incus::incus-user,https://linuxcontainers.org/incus,0,36,0.0,0,derived descriptive analysis,cross-family lineage
Ubuntu ↔ Arch,https://linuxcontainers.org::lxc-containers,https://linuxcontainers.org,0,36,0.0,0,derived descriptive analysis,cross-family lineage
Ubuntu ↔ Arch,https://linuxcontainers.org::lxc-monitord,https://linuxcontainers.org,0,36,0.0,0,derived descriptive analysis,cross-family lineage
Ubuntu ↔ Arch,https://linuxcontainers.org::lxc-net,https://linuxcontainers.org,0,36,0.0,0,derived descriptive analysis,cross-family lineage
Ubuntu ↔ Arch,https://linuxcontainers.org::lxcfs,https://linuxcontainers.org,0,36,0.0,0,derived descriptive analysis,cross-family lineage
Ubuntu ↔ Arch,https://metalog.sourceforge.net::metalog,https://metalog.sourceforge.net,10,36,0.2777777777777778,≥4,derived descriptive analysis,cross-family lineage
Ubuntu ↔ Arch,https://miniflux.app::miniflux,https://miniflux.app,1,36,0.027777777777777776,1,derived descriptive analysis,cross-family lineage
Ubuntu ↔ Arch,https://miniupnp.tuxfamily.org::miniupnpd,https://miniupnp.tuxfamily.org,18,36,0.5,≥4,derived descriptive analysis,cross-family lineage
Ubuntu ↔ Arch,https://mmonit.com/monit::monit,https://mmonit.com/monit,16,36,0.4444444444444444,≥4,derived descriptive analysis,cross-family lineage
Ubuntu ↔ Arch,https://mosquitto.org::mosquitto,https://mosquitto.org,10,36,0.2777777777777778,≥4,derived descriptive analysis,cross-family lineage
Ubuntu ↔ Arch,https://motion-project.github.io::motion,https://motion-project.github.io,0,36,0.0,0,derived descriptive analysis,cross-family lineage
Ubuntu ↔ Arch,https://munin-monitoring.org::munin-asyncd,https://munin-monitoring.org,12,36,0.3333333333333333,≥4,derived descriptive analysis,cross-family lineage
Ubuntu ↔ Arch,https://munin-monitoring.org::munin-node,https://munin-monitoring.org,3,36,0.08333333333333333,2–3,derived descriptive analysis,cross-family lineage
Ubuntu ↔ Arch,https://networkmanager.dev::nm-dispatcher,https://networkmanager.dev,0,36,0.0,0,derived descriptive analysis,cross-family lineage
Ubuntu ↔ Arch,https://networkmanager.dev::nm-priv-helper,https://networkmanager.dev,0,36,0.0,0,derived descriptive analysis,cross-family lineage
Ubuntu ↔ Arch,https://networkupstools.org::systemctl,https://networkupstools.org,0,36,0.0,0,derived descriptive analysis,cross-family lineage
Ubuntu ↔ Arch,https://networkupstools.org::udevadm,https://networkupstools.org,0,36,0.0,0,derived descriptive analysis,cross-family lineage
Ubuntu ↔ Arch,https://networkupstools.org::upsd,https://networkupstools.org,0,36,0.0,0,derived descriptive analysis,cross-family lineage
Ubuntu ↔ Arch,https://networkupstools.org::upslog,https://networkupstools.org,0,36,0.0,0,derived descriptive analysis,cross-family lineage
Ubuntu ↔ Arch,https://networkupstools.org::upsmon,https://networkupstools.org,1,36,0.027777777777777776,1,derived descriptive analysis,cross-family lineage
Ubuntu ↔ Arch,https://nixos.org/nix::nix-daemon,https://nixos.org/nix,0,36,0.0,0,derived descriptive analysis,cross-family lineage
Ubuntu ↔ Arch,https://pcp.io::pcp-geolocate,https://pcp.io,0,36,0.0,0,derived descriptive analysis,cross-family lineage
Ubuntu ↔ Arch,https://pcp.io::pmcd,https://pcp.io,0,36,0.0,0,derived descriptive analysis,cross-family lineage
Ubuntu ↔ Arch,https://pcp.io::pmfind_check,https://pcp.io,0,36,0.0,0,derived descriptive analysis,cross-family lineage
Ubuntu ↔ Arch,https://pcp.io::pmie,https://pcp.io,0,36,0.0,0,derived descriptive analysis,cross-family lineage
Ubuntu ↔ Arch,https://pcp.io::pmie_check,https://pcp.io,0,36,0.0,0,derived descriptive analysis,cross-family lineage
Ubuntu ↔ Arch,https://pcp.io::pmie_daily,https://pcp.io,0,36,0.0,0,derived descriptive analysis,cross-family lineage
Ubuntu ↔ Arch,https://pcp.io::pmie_farm,https://pcp.io,0,36,0.0,0,derived descriptive analysis,cross-family lineage
Ubuntu ↔ Arch,https://pcp.io::pmiectl,https://pcp.io,0,36,0.0,0,derived descriptive analysis,cross-family lineage
Ubuntu ↔ Arch,https://pcp.io::pmlogctl,https://pcp.io,0,36,0.0,0,derived descriptive analysis,cross-family lineage
Ubuntu ↔ Arch,https://pcp.io::pmlogger,https://pcp.io,0,36,0.0,0,derived descriptive analysis,cross-family lineage
Ubuntu ↔ Arch,https://pcp.io::pmlogger_check,https://pcp.io,0,36,0.0,0,derived descriptive analysis,cross-family lineage
Ubuntu ↔ Arch,https://pcp.io::pmlogger_farm,https://pcp.io,0,36,0.0,0,derived descriptive analysis,cross-family lineage
Ubuntu ↔ Arch,https://pcp.io::pmproxy,https://pcp.io,0,36,0.0,0,derived descriptive analysis,cross-family lineage
Ubuntu ↔ Arch,https://pcp.io::pmseries_import,https://pcp.io,0,36,0.0,0,derived descriptive analysis,cross-family lineage
Ubuntu ↔ Arch,https://pcsclite.apdu.fr::pcscd,https://pcsclite.apdu.fr,0,36,0.0,0,derived descriptive analysis,cross-family lineage
Ubuntu ↔ Arch,https://postgrey.schweikert.ch::postgrey,https://postgrey.schweikert.ch,0,36,0.0,0,derived descriptive analysis,cross-family lineage
Ubuntu ↔ Arch,https://prometheus.io::prometheus,https://prometheus.io,6,36,0.16666666666666666,≥4,derived descriptive analysis,cross-family lineage
Ubuntu ↔ Arch,https://radicale.org::radicale,https://radicale.org,16,36,0.4444444444444444,≥4,derived descriptive analysis,cross-family lineage
Ubuntu ↔ Arch,https://rsync.samba.org::upstream-unit::packaging/systemd/rsync.service,https://rsync.samba.org,0,36,0.0,0,derived descriptive analysis,cross-family lineage
Ubuntu ↔ Arch,https://snapper.io::upstream-unit::data/cleanup.service,https://snapper.io,0,36,0.0,0,derived descriptive analysis,cross-family lineage
Ubuntu ↔ Arch,https://snapper.io::upstream-unit::data/timeline.service,https://snapper.io,0,36,0.0,0,derived descriptive analysis,cross-family lineage
Ubuntu ↔ Arch,https://soju.im::soju,https://soju.im,1,36,0.027777777777777776,1,derived descriptive analysis,cross-family lineage
Ubuntu ↔ Arch,https://sourceforge.net/projects/acpid2::acpid,https://sourceforge.net/projects/acpid2,0,36,0.0,0,derived descriptive analysis,cross-family lineage
Ubuntu ↔ Arch,https://sourceforge.net/projects/dict::dictd,https://sourceforge.net/projects/dict,0,36,0.0,0,derived descriptive analysis,cross-family lineage
Ubuntu ↔ Arch,https://sourceforge.net/projects/minidlna::minidlnad,https://sourceforge.net/projects/minidlna,10,36,0.2777777777777778,≥4,derived descriptive analysis,cross-family lineage
Ubuntu ↔ Arch,https://sourceware.org/lvm2::lvmpolld,https://sourceware.org/lvm2,0,36,0.0,0,derived descriptive analysis,cross-family lineage
Ubuntu ↔ Arch,https://sourceware.org/lvm2::true,https://sourceware.org/lvm2,0,36,0.0,0,derived descriptive analysis,cross-family lineage
Ubuntu ↔ Arch,https://supervisord.org::supervisord,https://supervisord.org,0,36,0.0,0,derived descriptive analysis,cross-family lineage
Ubuntu ↔ Arch,https://sysstat.github.io::sa2,https://sysstat.github.io,0,36,0.0,0,derived descriptive analysis,cross-family lineage
Ubuntu ↔ Arch,https://tinyproxy.github.io::tinyproxy,https://tinyproxy.github.io,0,36,0.0,0,derived descriptive analysis,cross-family lineage
Ubuntu ↔ Arch,https://torsion.org/borgmatic::systemd-inhibit,https://torsion.org/borgmatic,0,36,0.0,0,derived descriptive analysis,cross-family lineage
Ubuntu ↔ Arch,https://unix4lyfe.org/darkstat::darkstat,https://unix4lyfe.org/darkstat,0,36,0.0,0,derived descriptive analysis,cross-family lineage
Ubuntu ↔ Arch,https://upower.freedesktop.org::upowerd,https://upower.freedesktop.org,0,36,0.0,0,derived descriptive analysis,cross-family lineage
Ubuntu ↔ Arch,https://valkey.io::valkey-sentinel,https://valkey.io,20,36,0.5555555555555556,≥4,derived descriptive analysis,cross-family lineage
Ubuntu ↔ Arch,https://valkey.io::valkey-server,https://valkey.io,20,36,0.5555555555555556,≥4,derived descriptive analysis,cross-family lineage
Ubuntu ↔ Arch,https://w1.fi/wpa_supplicant::wpa_supplicant,https://w1.fi/wpa_supplicant,0,36,0.0,0,derived descriptive analysis,cross-family lineage
Ubuntu ↔ Arch,https://wammu.eu/gammu::gammu-smsd,https://wammu.eu/gammu,1,36,0.027777777777777776,1,derived descriptive analysis,cross-family lineage
Ubuntu ↔ Arch,https://web.mit.edu/kerberos::kadmind,https://web.mit.edu/kerberos,6,36,0.16666666666666666,≥4,derived descriptive analysis,cross-family lineage
Ubuntu ↔ Arch,https://web.mit.edu/kerberos::kpropd,https://web.mit.edu/kerberos,6,36,0.16666666666666666,≥4,derived descriptive analysis,cross-family lineage
Ubuntu ↔ Arch,https://web.mit.edu/kerberos::krb5kdc,https://web.mit.edu/kerberos,6,36,0.16666666666666666,≥4,derived descriptive analysis,cross-family lineage
Ubuntu ↔ Arch,https://www.apcupsd.org::apcupsd,https://www.apcupsd.org,0,36,0.0,0,derived descriptive analysis,cross-family lineage
Ubuntu ↔ Arch,https://www.bluez.org::bluetooth-meshd,https://www.bluez.org,0,36,0.0,0,derived descriptive analysis,cross-family lineage
Ubuntu ↔ Arch,https://www.bluez.org::bluetoothd,https://www.bluez.org,0,36,0.0,0,derived descriptive analysis,cross-family lineage
Ubuntu ↔ Arch,https://www.clamav.net::clamd,https://www.clamav.net,0,36,0.0,0,derived descriptive analysis,cross-family lineage
Ubuntu ↔ Arch,https://www.clamav.net::clamonacc,https://www.clamav.net,0,36,0.0,0,derived descriptive analysis,cross-family lineage
Ubuntu ↔ Arch,https://www.cyrusimap.org/sasl::saslauthd,https://www.cyrusimap.org/sasl,0,36,0.0,0,derived descriptive analysis,cross-family lineage
Ubuntu ↔ Arch,https://www.fail2ban.org::fail2ban-server,https://www.fail2ban.org,0,36,0.0,0,derived descriptive analysis,cross-family lineage
Ubuntu ↔ Arch,https://www.freedesktop.org/software/PackageKit::packagekitd,https://www.freedesktop.org/software/PackageKit,0,36,0.0,0,derived descriptive analysis,cross-family lineage
Ubuntu ↔ Arch,https://www.freedesktop.org/software/PackageKit::pk-offline-update,https://www.freedesktop.org/software/PackageKit,0,36,0.0,0,derived descriptive analysis,cross-family lineage
Ubuntu ↔ Arch,https://www.freedesktop.org/software/colord::colord,https://www.freedesktop.org/software/colord,0,36,0.0,0,derived descriptive analysis,cross-family lineage
Ubuntu ↔ Arch,https://www.freedesktop.org/wiki/Software/ModemManager::ModemManager,https://www.freedesktop.org/wiki/Software/ModemManager,0,36,0.0,0,derived descriptive analysis,cross-family lineage
Ubuntu ↔ Arch,https://www.freedesktop.org/wiki/Software/Plymouth::systemd-tty-ask-password-agent,https://www.freedesktop.org/wiki/Software/Plymouth,0,36,0.0,0,derived descriptive analysis,cross-family lineage
Ubuntu ↔ Arch,https://www.freedesktop.org/wiki/Software/udisks::udisksd,https://www.freedesktop.org/wiki/Software/udisks,0,36,0.0,0,derived descriptive analysis,cross-family lineage
Ubuntu ↔ Arch,https://www.gluster.org::glusterd,https://www.gluster.org,0,36,0.0,0,derived descriptive analysis,cross-family lineage
Ubuntu ↔ Arch,https://www.gluster.org::glustereventsd,https://www.gluster.org,0,36,0.0,0,derived descriptive analysis,cross-family lineage
Ubuntu ↔ Arch,https://www.gluster.org::glusterfsd,https://www.gluster.org,0,36,0.0,0,derived descriptive analysis,cross-family lineage
Ubuntu ↔ Arch,https://www.gluster.org::mount-shared-storage.sh,https://www.gluster.org,0,36,0.0,0,derived descriptive analysis,cross-family lineage
Ubuntu ↔ Arch,https://www.gnu.org/software/freeipmi::bmc-watchdog,https://www.gnu.org/software/freeipmi,0,36,0.0,0,derived descriptive analysis,cross-family lineage
Ubuntu ↔ Arch,https://www.gnu.org/software/freeipmi::ipmidetectd,https://www.gnu.org/software/freeipmi,0,36,0.0,0,derived descriptive analysis,cross-family lineage
Ubuntu ↔ Arch,https://www.gnu.org/software/freeipmi::ipmiseld,https://www.gnu.org/software/freeipmi,0,36,0.0,0,derived descriptive analysis,cross-family lineage
Ubuntu ↔ Arch,https://www.haproxy.org::haproxy,https://www.haproxy.org,0,36,0.0,0,derived descriptive analysis,cross-family lineage
Ubuntu ↔ Arch,https://www.knot-dns.cz::knotd,https://www.knot-dns.cz,0,36,0.0,0,derived descriptive analysis,cross-family lineage
Ubuntu ↔ Arch,https://www.knot-resolver.cz::knot-resolver,https://www.knot-resolver.cz,0,36,0.0,0,derived descriptive analysis,cross-family lineage
Ubuntu ↔ Arch,https://www.litech.org/radvd::radvd,https://www.litech.org/radvd,7,36,0.19444444444444445,≥4,derived descriptive analysis,cross-family lineage
Ubuntu ↔ Arch,https://www.msweet.org/lprint::lprint,https://www.msweet.org/lprint,0,36,0.0,0,derived descriptive analysis,cross-family lineage
Ubuntu ↔ Arch,https://www.mumble.info::mumble-server,https://www.mumble.info,0,36,0.0,0,derived descriptive analysis,cross-family lineage
Ubuntu ↔ Arch,https://www.musicpd.org/clients/mpdscribble::mpdscribble,https://www.musicpd.org/clients/mpdscribble,0,36,0.0,0,derived descriptive analysis,cross-family lineage
Ubuntu ↔ Arch,https://www.musicpd.org::mpd,https://www.musicpd.org,3,36,0.08333333333333333,2–3,derived descriptive analysis,cross-family lineage
Ubuntu ↔ Arch,https://www.netfilter.org/projects/ulogd::ulogd,https://www.netfilter.org/projects/ulogd,0,36,0.0,0,derived descriptive analysis,cross-family lineage
Ubuntu ↔ Arch,https://www.open-iscsi.com::iscsid,https://www.open-iscsi.com,0,36,0.0,0,derived descriptive analysis,cross-family lineage
Ubuntu ↔ Arch,https://www.open-iscsi.com::iscsiuio,https://www.open-iscsi.com,0,36,0.0,0,derived descriptive analysis,cross-family lineage
Ubuntu ↔ Arch,https://www.opendkim.org::opendkim,https://www.opendkim.org,3,36,0.08333333333333333,2–3,derived descriptive analysis,cross-family lineage
Ubuntu ↔ Arch,https://www.openntpd.org::ntpd,https://www.openntpd.org,7,36,0.19444444444444445,≥4,derived descriptive analysis,cross-family lineage
Ubuntu ↔ Arch,https://www.opensmtpd.org::smtpd,https://www.opensmtpd.org,0,36,0.0,0,derived descriptive analysis,cross-family lineage
Ubuntu ↔ Arch,https://www.partimage.org::partimaged,https://www.partimage.org,0,36,0.0,0,derived descriptive analysis,cross-family lineage
Ubuntu ↔ Arch,https://www.pgbouncer.org::pgbouncer,https://www.pgbouncer.org,0,36,0.0,0,derived descriptive analysis,cross-family lineage
Ubuntu ↔ Arch,https://www.postfix.org::postfix,https://www.postfix.org,17,36,0.4722222222222222,≥4,derived descriptive analysis,cross-family lineage
Ubuntu ↔ Arch,https://www.powerdns.com::ixfrdist,https://www.powerdns.com,0,36,0.0,0,derived descriptive analysis,cross-family lineage
Ubuntu ↔ Arch,https://www.powerdns.com::pdns_recursor,https://www.powerdns.com,0,36,0.0,0,derived descriptive analysis,cross-family lineage
Ubuntu ↔ Arch,https://www.powerdns.com::pdns_server,https://www.powerdns.com,0,36,0.0,0,derived descriptive analysis,cross-family lineage
Ubuntu ↔ Arch,https://www.rutschle.net/tech/sslh/README.html::sslh,https://www.rutschle.net/tech/sslh/README.html,0,36,0.0,0,derived descriptive analysis,cross-family lineage
Ubuntu ↔ Arch,https://www.samba.org::nmbd,https://www.samba.org,0,36,0.0,0,derived descriptive analysis,cross-family lineage
Ubuntu ↔ Arch,https://www.samba.org::samba,https://www.samba.org,0,36,0.0,0,derived descriptive analysis,cross-family lineage
Ubuntu ↔ Arch,https://www.samba.org::smbd,https://www.samba.org,0,36,0.0,0,derived descriptive analysis,cross-family lineage
Ubuntu ↔ Arch,https://www.samba.org::winbindd,https://www.samba.org,0,36,0.0,0,derived descriptive analysis,cross-family lineage
Ubuntu ↔ Arch,https://www.smartmontools.org::smartd,https://www.smartmontools.org,0,36,0.0,0,derived descriptive analysis,cross-family lineage
Ubuntu ↔ Arch,https://www.spice-space.org::spice-vdagentd,https://www.spice-space.org,0,36,0.0,0,derived descriptive analysis,cross-family lineage
Ubuntu ↔ Arch,https://www.strongswan.org::charon-systemd,https://www.strongswan.org,0,36,0.0,0,derived descriptive analysis,cross-family lineage
Ubuntu ↔ Arch,https://www.strongswan.org::ipsec,https://www.strongswan.org,0,36,0.0,0,derived descriptive analysis,cross-family lineage
Ubuntu ↔ Arch,https://www.tinc-vpn.org::true,https://www.tinc-vpn.org,0,36,0.0,0,derived descriptive analysis,cross-family lineage
Ubuntu ↔ Arch,https://xfs.wiki.kernel.org::xfs_scrub_all,https://xfs.wiki.kernel.org,0,36,0.0,0,derived descriptive analysis,cross-family lineage
Ubuntu ↔ Arch,https://xfs.wiki.kernel.org::xfs_scrub_fail,https://xfs.wiki.kernel.org,23,36,0.6388888888888888,≥4,derived descriptive analysis,cross-family lineage
Ubuntu ↔ Arch,https://zeroc.com::glacier2router,https://zeroc.com,0,36,0.0,0,derived descriptive analysis,cross-family lineage
Ubuntu ↔ Arch,https://zeroc.com::icegridnode,https://zeroc.com,0,36,0.0,0,derived descriptive analysis,cross-family lineage
Ubuntu ↔ Arch,https://zeroc.com::icegridregistry,https://zeroc.com,0,36,0.0,0,derived descriptive analysis,cross-family lineage
Fedora ↔ Arch,https://arthurdejong.org/nss-pam-ldapd::nslcd,https://arthurdejong.org/nss-pam-ldapd,0,36,0.0,0,derived descriptive analysis,cross-family lineage
Fedora ↔ Arch,https://chrony-project.org::upstream-unit::examples/chrony-wait.service,https://chrony-project.org,0,36,0.0,0,derived descriptive analysis,cross-family lineage
Fedora ↔ Arch,https://cockpit-project.org::cockpit-tls,https://cockpit-project.org,0,36,0.0,0,derived descriptive analysis,cross-family lineage
Fedora ↔ Arch,https://cockpit-project.org::cockpit-ws,https://cockpit-project.org,0,36,0.0,0,derived descriptive analysis,cross-family lineage
Fedora ↔ Arch,https://cockpit-project.org::update-issue,https://cockpit-project.org,0,36,0.0,0,derived descriptive analysis,cross-family lineage
Fedora ↔ Arch,https://cockpit-project.org::upstream-unit::src/systemd/cockpit-session-socket-user.service,https://cockpit-project.org,0,36,0.0,0,derived descriptive analysis,cross-family lineage
Fedora ↔ Arch,https://cockpit-project.org::upstream-unit::src/systemd/cockpit-wsinstance-socket-user.service,https://cockpit-project.org,0,36,0.0,0,derived descriptive analysis,cross-family lineage
Fedora ↔ Arch,https://code.forgejo.org/forgejo/runner::forgejo-runner,https://code.forgejo.org/forgejo/runner,0,36,0.0,0,derived descriptive analysis,cross-family lineage
Fedora ↔ Arch,https://code.kryo.se/iodine::iodined,https://code.kryo.se/iodine,0,36,0.0,0,derived descriptive analysis,cross-family lineage
Fedora ↔ Arch,https://deluge-torrent.org::deluge-web,https://deluge-torrent.org,1,36,0.027777777777777776,1,derived descriptive analysis,cross-family lineage
Fedora ↔ Arch,https://deluge-torrent.org::deluged,https://deluge-torrent.org,1,36,0.027777777777777776,1,derived descriptive analysis,cross-family lineage
Fedora ↔ Arch,https://dnsdist.org::dnsdist,https://dnsdist.org,0,36,0.0,0,derived descriptive analysis,cross-family lineage
Fedora ↔ Arch,https://flatpak.org::flatpak-system-helper,https://flatpak.org,0,36,0.0,0,derived descriptive analysis,cross-family lineage
Fedora ↔ Arch,https://forgejo.org::forgejo,https://forgejo.org,19,36,0.5277777777777778,≥4,derived descriptive analysis,cross-family lineage
Fedora ↔ Arch,https://github.com/42wim/matterbridge::matterbridge,https://github.com/42wim/matterbridge,23,36,0.6388888888888888,≥4,derived descriptive analysis,cross-family lineage
Fedora ↔ Arch,https://github.com/JoseExposito/touchegg::touchegg,https://github.com/JoseExposito/touchegg,0,36,0.0,0,derived descriptive analysis,cross-family lineage
Fedora ↔ Arch,https://github.com/NetworkBlockDevice/nbd::nbd-server,https://github.com/NetworkBlockDevice/nbd,3,36,0.08333333333333333,2–3,derived descriptive analysis,cross-family lineage
Fedora ↔ Arch,https://github.com/OpenPrinting/ipp-usb::ipp-usb,https://github.com/OpenPrinting/ipp-usb,0,36,0.0,0,derived descriptive analysis,cross-family lineage
Fedora ↔ Arch,https://github.com/SSSD/sssd::sssd,https://github.com/SSSD/sssd,0,36,0.0,0,derived descriptive analysis,cross-family lineage
Fedora ↔ Arch,https://github.com/SSSD/sssd::sssd_autofs,https://github.com/SSSD/sssd,0,36,0.0,0,derived descriptive analysis,cross-family lineage
Fedora ↔ Arch,https://github.com/SSSD/sssd::sssd_ifp,https://github.com/SSSD/sssd,0,36,0.0,0,derived descriptive analysis,cross-family lineage
Fedora ↔ Arch,https://github.com/SSSD/sssd::sssd_kcm,https://github.com/SSSD/sssd,0,36,0.0,0,derived descriptive analysis,cross-family lineage
Fedora ↔ Arch,https://github.com/SSSD/sssd::sssd_nss,https://github.com/SSSD/sssd,0,36,0.0,0,derived descriptive analysis,cross-family lineage
Fedora ↔ Arch,https://github.com/SSSD/sssd::sssd_pac,https://github.com/SSSD/sssd,0,36,0.0,0,derived descriptive analysis,cross-family lineage
Fedora ↔ Arch,https://github.com/SSSD/sssd::sssd_pam,https://github.com/SSSD/sssd,0,36,0.0,0,derived descriptive analysis,cross-family lineage
Fedora ↔ Arch,https://github.com/SSSD/sssd::sssd_ssh,https://github.com/SSSD/sssd,0,36,0.0,0,derived descriptive analysis,cross-family lineage
Fedora ↔ Arch,https://github.com/SSSD/sssd::sssd_sudo,https://github.com/SSSD/sssd,0,36,0.0,0,derived descriptive analysis,cross-family lineage
Fedora ↔ Arch,https://github.com/ar-/incron::incrond,https://github.com/ar-/incron,0,36,0.0,0,derived descriptive analysis,cross-family lineage
Fedora ↔ Arch,https://github.com/blueman-project/blueman::blueman-mechanism,https://github.com/blueman-project/blueman,0,36,0.0,0,derived descriptive analysis,cross-family lineage
Fedora ↔ Arch,https://github.com/bus1/dbus-broker::dbus-broker-launch,https://github.com/bus1/dbus-broker,0,36,0.0,0,derived descriptive analysis,cross-family lineage
Fedora ↔ Arch,https://github.com/ckb-next/ckb-next::ckb-next-daemon,https://github.com/ckb-next/ckb-next,0,36,0.0,0,derived descriptive analysis,cross-family lineage
Fedora ↔ Arch,https://github.com/containernetworking/plugins::dhcp,https://github.com/containernetworking/plugins,0,36,0.0,0,derived descriptive analysis,cross-family lineage
Fedora ↔ Arch,https://github.com/cronie-crond/cronie::crond,https://github.com/cronie-crond/cronie,0,36,0.0,0,derived descriptive analysis,cross-family lineage
Fedora ↔ Arch,https://github.com/dani-garcia/vaultwarden::vaultwarden,https://github.com/dani-garcia/vaultwarden,21,36,0.5833333333333334,≥4,derived descriptive analysis,cross-family lineage
Fedora ↔ Arch,https://github.com/distcc/distcc::distccd,https://github.com/distcc/distcc,1,36,0.027777777777777776,1,derived descriptive analysis,cross-family lineage
Fedora ↔ Arch,https://github.com/element-hq/synapse::python3,https://github.com/element-hq/synapse,24,36,0.6666666666666666,≥4,derived descriptive analysis,cross-family lineage
Fedora ↔ Arch,https://github.com/elementary/settings-daemon::busctl,https://github.com/elementary/settings-daemon,0,36,0.0,0,derived descriptive analysis,cross-family lineage
Fedora ↔ Arch,https://github.com/fwupd/fwupd::fwupd,https://github.com/fwupd/fwupd,0,36,0.0,0,derived descriptive analysis,cross-family lineage
Fedora ↔ Arch,https://github.com/fwupd/fwupd::fwupdmgr,https://github.com/fwupd/fwupd,6,36,0.16666666666666666,≥4,derived descriptive analysis,cross-family lineage
Fedora ↔ Arch,https://github.com/gssapi/gssproxy::gssproxy,https://github.com/gssapi/gssproxy,0,36,0.0,0,derived descriptive analysis,cross-family lineage
Fedora ↔ Arch,https://github.com/hughsie/passim::passimd,https://github.com/hughsie/passim,0,36,0.0,0,derived descriptive analysis,cross-family lineage
Fedora ↔ Arch,https://github.com/intel/intel-lpmd::intel_lpmd,https://github.com/intel/intel-lpmd,0,36,0.0,0,derived descriptive analysis,cross-family lineage
Fedora ↔ Arch,https://github.com/juanfont/headscale::headscale,https://github.com/juanfont/headscale,24,36,0.6666666666666666,≥4,derived descriptive analysis,cross-family lineage
Fedora ↔ Arch,https://github.com/kdave/btrfsmaintenance::btrfsmaintenance-refresh-cron.sh,https://github.com/kdave/btrfsmaintenance,0,36,0.0,0,derived descriptive analysis,cross-family lineage
Fedora ↔ Arch,https://github.com/kdave/btrfsmaintenance::upstream-unit::btrfs-balance.service,https://github.com/kdave/btrfsmaintenance,0,36,0.0,0,derived descriptive analysis,cross-family lineage
Fedora ↔ Arch,https://github.com/kdave/btrfsmaintenance::upstream-unit::btrfs-defrag.service,https://github.com/kdave/btrfsmaintenance,0,36,0.0,0,derived descriptive analysis,cross-family lineage
Fedora ↔ Arch,https://github.com/kdave/btrfsmaintenance::upstream-unit::btrfs-scrub.service,https://github.com/kdave/btrfsmaintenance,0,36,0.0,0,derived descriptive analysis,cross-family lineage
Fedora ↔ Arch,https://github.com/kdave/btrfsmaintenance::upstream-unit::btrfs-trim.service,https://github.com/kdave/btrfsmaintenance,0,36,0.0,0,derived descriptive analysis,cross-family lineage
Fedora ↔ Arch,https://github.com/kmscon/kmscon::kmscon,https://github.com/kmscon/kmscon,0,36,0.0,0,derived descriptive analysis,cross-family lineage
Fedora ↔ Arch,https://github.com/latchset/clevis::clevis-luks-askpass,https://github.com/latchset/clevis,0,36,0.0,0,derived descriptive analysis,cross-family lineage
Fedora ↔ Arch,https://github.com/latchset/clevis::upstream-unit::src/luks/systemd/clevis-luks-pkcs11-askpass.service,https://github.com/latchset/clevis,0,36,0.0,0,derived descriptive analysis,cross-family lineage
Fedora ↔ Arch,https://github.com/libratbag/libratbag::ratbagd,https://github.com/libratbag/libratbag,0,36,0.0,0,derived descriptive analysis,cross-family lineage
Fedora ↔ Arch,https://github.com/linux-audit/audit-userspace::auditd,https://github.com/linux-audit/audit-userspace,0,36,0.0,0,derived descriptive analysis,cross-family lineage
Fedora ↔ Arch,https://github.com/linux-audit/audit-userspace::augenrules,https://github.com/linux-audit/audit-userspace,0,36,0.0,0,derived descriptive analysis,cross-family lineage
Fedora ↔ Arch,https://github.com/linux-nvme/nvme-cli::upstream-unit::nvmf-autoconnect/systemd/nvmefc-boot-connections.service,https://github.com/linux-nvme/nvme-cli,0,36,0.0,0,derived descriptive analysis,cross-family lineage
Fedora ↔ Arch,https://github.com/linux-rdma/rdma-core::ibacm,https://github.com/linux-rdma/rdma-core,0,36,0.0,0,derived descriptive analysis,cross-family lineage
Fedora ↔ Arch,https://github.com/linux-rdma/rdma-core::iwpmd,https://github.com/linux-rdma/rdma-core,0,36,0.0,0,derived descriptive analysis,cross-family lineage
Fedora ↔ Arch,https://github.com/linux-rdma/rdma-core::rdma-ndd,https://github.com/linux-rdma/rdma-core,0,36,0.0,0,derived descriptive analysis,cross-family lineage
Fedora ↔ Arch,https://github.com/linux-rdma/rdma-core::start_on_all_ports,https://github.com/linux-rdma/rdma-core,0,36,0.0,0,derived descriptive analysis,cross-family lineage
Fedora ↔ Arch,https://github.com/linuxdeepin/dde-api::upstream-unit::misc/systemd/system/deepin-api-device.service,https://github.com/linuxdeepin/dde-api,0,36,0.0,0,derived descriptive analysis,cross-family lineage
Fedora ↔ Arch,https://github.com/linuxdeepin/dde-api::upstream-unit::misc/systemd/system/deepin-login-sound.service,https://github.com/linuxdeepin/dde-api,0,36,0.0,0,derived descriptive analysis,cross-family lineage
Fedora ↔ Arch,https://github.com/linuxdeepin/dde-api::upstream-unit::misc/systemd/system/deepin-shutdown-sound.service,https://github.com/linuxdeepin/dde-api,0,36,0.0,0,derived descriptive analysis,cross-family lineage
Fedora ↔ Arch,https://github.com/linuxdeepin/dde-api::upstream-unit::misc/systemd/system/deepin-sound-theme-player.service,https://github.com/linuxdeepin/dde-api,0,36,0.0,0,derived descriptive analysis,cross-family lineage
Fedora ↔ Arch,https://github.com/linuxdeepin/deepin-pw-check::upstream-unit::misc/systemd-service/deepin-passwd-conf.service,https://github.com/linuxdeepin/deepin-pw-check,0,36,0.0,0,derived descriptive analysis,cross-family lineage
Fedora ↔ Arch,https://github.com/linuxdeepin/deepin-system-monitor::upstream-unit::deepin-system-monitor-system-server/misc/deepin-system-monitor-system-server.service,https://github.com/linuxdeepin/deepin-system-monitor,12,36,0.3333333333333333,≥4,derived descriptive analysis,cross-family lineage
Fedora ↔ Arch,https://github.com/logrotate/logrotate::upstream-unit::examples/logrotate.service,https://github.com/logrotate/logrotate,0,36,0.0,0,derived descriptive analysis,cross-family lineage
Fedora ↔ Arch,https://github.com/mikebrady/shairport-sync::shairport-sync,https://github.com/mikebrady/shairport-sync,0,36,0.0,0,derived descriptive analysis,cross-family lineage
Fedora ↔ Arch,https://github.com/nhorman/rng-tools::rngd,https://github.com/nhorman/rng-tools,6,36,0.16666666666666666,≥4,derived descriptive analysis,cross-family lineage
Fedora ↔ Arch,https://github.com/ollama/ollama::ollama,https://github.com/ollama/ollama,3,36,0.08333333333333333,2–3,derived descriptive analysis,cross-family lineage
Fedora ↔ Arch,https://github.com/pcherenkov/udpxy::udpxy,https://github.com/pcherenkov/udpxy,0,36,0.0,0,derived descriptive analysis,cross-family lineage
Fedora ↔ Arch,https://github.com/phillipberndt/autorandr::upstream-unit::contrib/systemd/autorandr-lid-listener.service,https://github.com/phillipberndt/autorandr,0,36,0.0,0,derived descriptive analysis,cross-family lineage
Fedora ↔ Arch,https://github.com/phillipberndt/autorandr::upstream-unit::contrib/systemd/autorandr.service,https://github.com/phillipberndt/autorandr,0,36,0.0,0,derived descriptive analysis,cross-family lineage
Fedora ↔ Arch,https://github.com/pmem/ndctl::upstream-unit::cxl/cxl-monitor.service,https://github.com/pmem/ndctl,0,36,0.0,0,derived descriptive analysis,cross-family lineage
Fedora ↔ Arch,https://github.com/pmem/ndctl::upstream-unit::ndctl/ndctl-monitor.service,https://github.com/pmem/ndctl,0,36,0.0,0,derived descriptive analysis,cross-family lineage
Fedora ↔ Arch,https://github.com/polkit-org/polkit::polkitd,https://github.com/polkit-org/polkit,0,36,0.0,0,derived descriptive analysis,cross-family lineage
Fedora ↔ Arch,https://github.com/pop-os/cosmic-greeter::greetd,https://github.com/pop-os/cosmic-greeter,0,36,0.0,0,derived descriptive analysis,cross-family lineage
Fedora ↔ Arch,https://github.com/pop-os/cosmic-greeter::upstream-unit::debian/cosmic-greeter-daemon.service,https://github.com/pop-os/cosmic-greeter,0,36,0.0,0,derived descriptive analysis,cross-family lineage
Fedora ↔ Arch,https://github.com/prometheus/node_exporter::prometheus-node-exporter,https://github.com/prometheus/node_exporter,3,36,0.08333333333333333,2–3,derived descriptive analysis,cross-family lineage
Fedora ↔ Arch,https://github.com/rfjakob/earlyoom::earlyoom,https://github.com/rfjakob/earlyoom,1,36,0.027777777777777776,1,derived descriptive analysis,cross-family lineage
Fedora ↔ Arch,https://github.com/rhboot/pesign::pesign,https://github.com/rhboot/pesign,21,36,0.5833333333333334,≥4,derived descriptive analysis,cross-family lineage
Fedora ↔ Arch,https://github.com/rpm-software-management/dnf5::dnf5,https://github.com/rpm-software-management/dnf5,0,36,0.0,0,derived descriptive analysis,cross-family lineage
Fedora ↔ Arch,https://github.com/rpm-software-management/dnf5::upstream-unit::dnf5/config/systemd/system/dnf5-offline-transaction-cleanup.service,https://github.com/rpm-software-management/dnf5,0,36,0.0,0,derived descriptive analysis,cross-family lineage
Fedora ↔ Arch,https://github.com/rpm-software-management/dnf5::upstream-unit::dnf5/config/systemd/system/dnf5-offline-transaction.service,https://github.com/rpm-software-management/dnf5,0,36,0.0,0,derived descriptive analysis,cross-family lineage
Fedora ↔ Arch,https://github.com/rpm-software-management/dnf5::upstream-unit::dnf5daemon-server/dbus/dnf5daemon-server.service,https://github.com/rpm-software-management/dnf5,0,36,0.0,0,derived descriptive analysis,cross-family lineage
Fedora ↔ Arch,https://github.com/rpm-software-management/dnf5::upstream-unit::etc/systemd/dnf5-makecache.service,https://github.com/rpm-software-management/dnf5,0,36,0.0,0,derived descriptive analysis,cross-family lineage
Fedora ↔ Arch,https://github.com/rpodgorny/uptimed::uptimed,https://github.com/rpodgorny/uptimed,3,36,0.08333333333333333,2–3,derived descriptive analysis,cross-family lineage
Fedora ↔ Arch,https://github.com/schollz/croc::upstream-unit::croc.service,https://github.com/schollz/croc,7,36,0.19444444444444445,≥4,derived descriptive analysis,cross-family lineage
Fedora ↔ Arch,https://github.com/sddm/sddm::sddm,https://github.com/sddm/sddm,0,36,0.0,0,derived descriptive analysis,cross-family lineage
Fedora ↔ Arch,https://github.com/slackhq/nebula::nebula,https://github.com/slackhq/nebula,14,36,0.3888888888888889,≥4,derived descriptive analysis,cross-family lineage
Fedora ↔ Arch,https://github.com/systemd/systemd-bootchart::systemd-bootchart,https://github.com/systemd/systemd-bootchart,0,36,0.0,0,derived descriptive analysis,cross-family lineage
Fedora ↔ Arch,https://github.com/tpm2-software/tpm2-abrmd::tpm2-abrmd,https://github.com/tpm2-software/tpm2-abrmd,0,36,0.0,0,derived descriptive analysis,cross-family lineage
Fedora ↔ Arch,https://github.com/trojan-gfw/trojan::trojan,https://github.com/trojan-gfw/trojan,3,36,0.08333333333333333,2–3,derived descriptive analysis,cross-family lineage
Fedora ↔ Arch,https://github.com/vmware/open-vm-tools::vmtoolsd,https://github.com/vmware/open-vm-tools,0,36,0.0,0,derived descriptive analysis,cross-family lineage
Fedora ↔ Arch,https://gitlab.com/amavis/amavis::amavisd,https://gitlab.com/amavis/amavis,6,36,0.16666666666666666,≥4,derived descriptive analysis,cross-family lineage
Fedora ↔ Arch,https://gitlab.freedesktop.org/bolt/bolt::boltd,https://gitlab.freedesktop.org/bolt/bolt,0,36,0.0,0,derived descriptive analysis,cross-family lineage
Fedora ↔ Arch,https://gitlab.freedesktop.org/hadess/iio-sensor-proxy::iio-sensor-proxy,https://gitlab.freedesktop.org/hadess/iio-sensor-proxy,1,36,0.027777777777777776,1,derived descriptive analysis,cross-family lineage
Fedora ↔ Arch,https://gitlab.freedesktop.org/hadess/switcheroo-control::switcheroo-control,https://gitlab.freedesktop.org/hadess/switcheroo-control,0,36,0.0,0,derived descriptive analysis,cross-family lineage
Fedora ↔ Arch,https://gitlab.freedesktop.org/pwithnall/malcontent::malcontent-timer-extension-agent,https://gitlab.freedesktop.org/pwithnall/malcontent,0,36,0.0,0,derived descriptive analysis,cross-family lineage
Fedora ↔ Arch,https://gitlab.freedesktop.org/pwithnall/malcontent::malcontent-timerd,https://gitlab.freedesktop.org/pwithnall/malcontent,0,36,0.0,0,derived descriptive analysis,cross-family lineage
Fedora ↔ Arch,https://gitlab.freedesktop.org/pwithnall/malcontent::malcontent-webd,https://gitlab.freedesktop.org/pwithnall/malcontent,0,36,0.0,0,derived descriptive analysis,cross-family lineage
Fedora ↔ Arch,https://gitlab.freedesktop.org/pwithnall/malcontent::malcontent-webd-update,https://gitlab.freedesktop.org/pwithnall/malcontent,0,36,0.0,0,derived descriptive analysis,cross-family lineage
Fedora ↔ Arch,https://gitlab.freedesktop.org/upower/power-profiles-daemon::power-profiles-daemon,https://gitlab.freedesktop.org/upower/power-profiles-daemon,0,36,0.0,0,derived descriptive analysis,cross-family lineage
Fedora ↔ Arch,https://gitlab.gnome.org/GNOME/gnome-remote-desktop::gnome-remote-desktop-configuration-daemon,https://gitlab.gnome.org/GNOME/gnome-remote-desktop,0,36,0.0,0,derived descriptive analysis,cross-family lineage
Fedora ↔ Arch,https://gitlab.gnome.org/GNOME/gnome-remote-desktop::gnome-remote-desktop-daemon,https://gitlab.gnome.org/GNOME/gnome-remote-desktop,0,36,0.0,0,derived descriptive analysis,cross-family lineage
Fedora ↔ Arch,https://humdi.net/vnstat::vnstatd,https://humdi.net/vnstat,3,36,0.08333333333333333,2–3,derived descriptive analysis,cross-family lineage
Fedora ↔ Arch,https://kea.isc.org::kea-ctrl-agent,https://kea.isc.org,1,36,0.027777777777777776,1,derived descriptive analysis,cross-family lineage
Fedora ↔ Arch,https://kea.isc.org::kea-dhcp-ddns,https://kea.isc.org,2,36,0.05555555555555555,2–3,derived descriptive analysis,cross-family lineage
Fedora ↔ Arch,https://kea.isc.org::kea-dhcp4,https://kea.isc.org,1,36,0.027777777777777776,1,derived descriptive analysis,cross-family lineage
Fedora ↔ Arch,https://kea.isc.org::kea-dhcp6,https://kea.isc.org,1,36,0.027777777777777776,1,derived descriptive analysis,cross-family lineage
Fedora ↔ Arch,https://launchpad.net/ufw::ufw-init,https://launchpad.net/ufw,4,36,0.1111111111111111,≥4,derived descriptive analysis,cross-family lineage
Fedora ↔ Arch,https://libvirt.org::libvirtd,https://libvirt.org,0,36,0.0,0,derived descriptive analysis,cross-family lineage
Fedora ↔ Arch,https://libvirt.org::virtchd,https://libvirt.org,0,36,0.0,0,derived descriptive analysis,cross-family lineage
Fedora ↔ Arch,https://libvirt.org::virtinterfaced,https://libvirt.org,0,36,0.0,0,derived descriptive analysis,cross-family lineage
Fedora ↔ Arch,https://libvirt.org::virtlockd,https://libvirt.org,0,36,0.0,0,derived descriptive analysis,cross-family lineage
Fedora ↔ Arch,https://libvirt.org::virtlogd,https://libvirt.org,0,36,0.0,0,derived descriptive analysis,cross-family lineage
Fedora ↔ Arch,https://libvirt.org::virtlxcd,https://libvirt.org,0,36,0.0,0,derived descriptive analysis,cross-family lineage
Fedora ↔ Arch,https://libvirt.org::virtnetworkd,https://libvirt.org,0,36,0.0,0,derived descriptive analysis,cross-family lineage
Fedora ↔ Arch,https://libvirt.org::virtnodedevd,https://libvirt.org,0,36,0.0,0,derived descriptive analysis,cross-family lineage
Fedora ↔ Arch,https://libvirt.org::virtnwfilterd,https://libvirt.org,0,36,0.0,0,derived descriptive analysis,cross-family lineage
Fedora ↔ Arch,https://libvirt.org::virtproxyd,https://libvirt.org,0,36,0.0,0,derived descriptive analysis,cross-family lineage
Fedora ↔ Arch,https://libvirt.org::virtqemud,https://libvirt.org,0,36,0.0,0,derived descriptive analysis,cross-family lineage
Fedora ↔ Arch,https://libvirt.org::virtsecretd,https://libvirt.org,0,36,0.0,0,derived descriptive analysis,cross-family lineage
Fedora ↔ Arch,https://libvirt.org::virtstoraged,https://libvirt.org,0,36,0.0,0,derived descriptive analysis,cross-family lineage
Fedora ↔ Arch,https://libvirt.org::virtvboxd,https://libvirt.org,0,36,0.0,0,derived descriptive analysis,cross-family lineage
Fedora ↔ Arch,https://linuxcontainers.org/incus::incus-user,https://linuxcontainers.org/incus,0,36,0.0,0,derived descriptive analysis,cross-family lineage
Fedora ↔ Arch,https://miniupnp.tuxfamily.org::miniupnpd,https://miniupnp.tuxfamily.org,0,36,0.0,0,derived descriptive analysis,cross-family lineage
Fedora ↔ Arch,https://mmonit.com/monit::monit,https://mmonit.com/monit,0,36,0.0,0,derived descriptive analysis,cross-family lineage
Fedora ↔ Arch,https://mosquitto.org::mosquitto,https://mosquitto.org,7,36,0.19444444444444445,≥4,derived descriptive analysis,cross-family lineage
Fedora ↔ Arch,https://munin-monitoring.org::munin-asyncd,https://munin-monitoring.org,9,36,0.25,≥4,derived descriptive analysis,cross-family lineage
Fedora ↔ Arch,https://munin-monitoring.org::munin-cgi-graph,https://munin-monitoring.org,0,36,0.0,0,derived descriptive analysis,cross-family lineage
Fedora ↔ Arch,https://munin-monitoring.org::munin-cgi-html,https://munin-monitoring.org,0,36,0.0,0,derived descriptive analysis,cross-family lineage
Fedora ↔ Arch,https://munin-monitoring.org::munin-node,https://munin-monitoring.org,3,36,0.08333333333333333,2–3,derived descriptive analysis,cross-family lineage
Fedora ↔ Arch,https://netfilter.org/projects/nftables::nft,https://netfilter.org/projects/nftables,2,36,0.05555555555555555,2–3,derived descriptive analysis,cross-family lineage
Fedora ↔ Arch,https://networkmanager.dev::nm-cloud-setup,https://networkmanager.dev,0,36,0.0,0,derived descriptive analysis,cross-family lineage
Fedora ↔ Arch,https://networkmanager.dev::nm-dispatcher,https://networkmanager.dev,0,36,0.0,0,derived descriptive analysis,cross-family lineage
Fedora ↔ Arch,https://networkmanager.dev::nm-priv-helper,https://networkmanager.dev,0,36,0.0,0,derived descriptive analysis,cross-family lineage
Fedora ↔ Arch,https://openbao.org::bao,https://openbao.org,2,36,0.05555555555555555,2–3,derived descriptive analysis,cross-family lineage
Fedora ↔ Arch,https://openprinting.github.io/cups::cupsd,https://openprinting.github.io/cups,0,36,0.0,0,derived descriptive analysis,cross-family lineage
Fedora ↔ Arch,https://oss.oetiker.ch/smokeping::smokeping,https://oss.oetiker.ch/smokeping,2,36,0.05555555555555555,2–3,derived descriptive analysis,cross-family lineage
Fedora ↔ Arch,https://ostreedev.github.io/ostree::upstream-unit::src/boot/ostree-boot-complete.service,https://ostreedev.github.io/ostree,0,36,0.0,0,derived descriptive analysis,cross-family lineage
Fedora ↔ Arch,https://ostreedev.github.io/ostree::upstream-unit::src/boot/ostree-finalize-staged-hold.service,https://ostreedev.github.io/ostree,0,36,0.0,0,derived descriptive analysis,cross-family lineage
Fedora ↔ Arch,https://ostreedev.github.io/ostree::upstream-unit::src/boot/ostree-finalize-staged.service,https://ostreedev.github.io/ostree,0,36,0.0,0,derived descriptive analysis,cross-family lineage
Fedora ↔ Arch,https://ostreedev.github.io/ostree::upstream-unit::src/boot/ostree-prepare-root.service,https://ostreedev.github.io/ostree,0,36,0.0,0,derived descriptive analysis,cross-family lineage
Fedora ↔ Arch,https://ostreedev.github.io/ostree::upstream-unit::src/boot/ostree-remount.service,https://ostreedev.github.io/ostree,0,36,0.0,0,derived descriptive analysis,cross-family lineage
Fedora ↔ Arch,https://pcp.io::pcp-geolocate,https://pcp.io,0,36,0.0,0,derived descriptive analysis,cross-family lineage
Fedora ↔ Arch,https://pcp.io::pmcd,https://pcp.io,0,36,0.0,0,derived descriptive analysis,cross-family lineage
Fedora ↔ Arch,https://pcp.io::pmfind_check,https://pcp.io,0,36,0.0,0,derived descriptive analysis,cross-family lineage
Fedora ↔ Arch,https://pcp.io::pmie,https://pcp.io,0,36,0.0,0,derived descriptive analysis,cross-family lineage
Fedora ↔ Arch,https://pcp.io::pmie_check,https://pcp.io,0,36,0.0,0,derived descriptive analysis,cross-family lineage
Fedora ↔ Arch,https://pcp.io::pmie_daily,https://pcp.io,0,36,0.0,0,derived descriptive analysis,cross-family lineage
Fedora ↔ Arch,https://pcp.io::pmie_farm,https://pcp.io,0,36,0.0,0,derived descriptive analysis,cross-family lineage
Fedora ↔ Arch,https://pcp.io::pmiectl,https://pcp.io,0,36,0.0,0,derived descriptive analysis,cross-family lineage
Fedora ↔ Arch,https://pcp.io::pmlogctl,https://pcp.io,0,36,0.0,0,derived descriptive analysis,cross-family lineage
Fedora ↔ Arch,https://pcp.io::pmlogger,https://pcp.io,0,36,0.0,0,derived descriptive analysis,cross-family lineage
Fedora ↔ Arch,https://pcp.io::pmlogger_check,https://pcp.io,0,36,0.0,0,derived descriptive analysis,cross-family lineage
Fedora ↔ Arch,https://pcp.io::pmlogger_farm,https://pcp.io,0,36,0.0,0,derived descriptive analysis,cross-family lineage
Fedora ↔ Arch,https://pcp.io::pmproxy,https://pcp.io,0,36,0.0,0,derived descriptive analysis,cross-family lineage
Fedora ↔ Arch,https://pcp.io::pmseries_import,https://pcp.io,0,36,0.0,0,derived descriptive analysis,cross-family lineage
Fedora ↔ Arch,https://pcp.io::reboot-init,https://pcp.io,0,36,0.0,0,derived descriptive analysis,cross-family lineage
Fedora ↔ Arch,https://pcp.io::sh,https://pcp.io,0,36,0.0,0,derived descriptive analysis,cross-family lineage
Fedora ↔ Arch,https://pcp.io::upstream-unit::src/pcp/atop/atop-daily.service,https://pcp.io,0,36,0.0,0,derived descriptive analysis,cross-family lineage
Fedora ↔ Arch,https://pcsclite.apdu.fr::pcscd,https://pcsclite.apdu.fr,0,36,0.0,0,derived descriptive analysis,cross-family lineage
Fedora ↔ Arch,https://plocate.sesse.net::updatedb,https://plocate.sesse.net,0,36,0.0,0,derived descriptive analysis,cross-family lineage
Fedora ↔ Arch,https://poptop.sourceforge.net::pptpd,https://poptop.sourceforge.net,0,36,0.0,0,derived descriptive analysis,cross-family lineage
Fedora ↔ Arch,https://postfwd.org::postfwd,https://postfwd.org,0,36,0.0,0,derived descriptive analysis,cross-family lineage
Fedora ↔ Arch,https://postgrey.schweikert.ch::postgrey,https://postgrey.schweikert.ch,0,36,0.0,0,derived descriptive analysis,cross-family lineage
Fedora ↔ Arch,https://prosody.im::prosody,https://prosody.im,1,36,0.027777777777777776,1,derived descriptive analysis,cross-family lineage
Fedora ↔ Arch,https://quassel-irc.org::quasselcore,https://quassel-irc.org,0,36,0.0,0,derived descriptive analysis,cross-family lineage
Fedora ↔ Arch,https://radicale.org::radicale,https://radicale.org,16,36,0.4444444444444444,≥4,derived descriptive analysis,cross-family lineage
Fedora ↔ Arch,https://roy.marples.name/projects/dhcpcd::dhcpcd,https://roy.marples.name/projects/dhcpcd,0,36,0.0,0,derived descriptive analysis,cross-family lineage
Fedora ↔ Arch,https://savannah.nongnu.org/projects/hddtemp::hddtemp,https://savannah.nongnu.org/projects/hddtemp,0,36,0.0,0,derived descriptive analysis,cross-family lineage
Fedora ↔ Arch,https://security.appspot.com/vsftpd.html::vsftpd,https://security.appspot.com/vsftpd.html,0,36,0.0,0,derived descriptive analysis,cross-family lineage
Fedora ↔ Arch,https://snapper.io::upstream-unit::data/backup.service,https://snapper.io,1,36,0.027777777777777776,1,derived descriptive analysis,cross-family lineage
Fedora ↔ Arch,https://snapper.io::upstream-unit::data/boot.service,https://snapper.io,0,36,0.0,0,derived descriptive analysis,cross-family lineage
Fedora ↔ Arch,https://snapper.io::upstream-unit::data/snapperd.service,https://snapper.io,0,36,0.0,0,derived descriptive analysis,cross-family lineage
Fedora ↔ Arch,https://sourceforge.net/projects/acpid2::acpid,https://sourceforge.net/projects/acpid2,0,36,0.0,0,derived descriptive analysis,cross-family lineage
Fedora ↔ Arch,https://sourceforge.net/projects/minidlna::minidlnad,https://sourceforge.net/projects/minidlna,10,36,0.2777777777777778,≥4,derived descriptive analysis,cross-family lineage
Fedora ↔ Arch,https://sourceware.org/lvm2::lvmpolld,https://sourceware.org/lvm2,0,36,0.0,0,derived descriptive analysis,cross-family lineage
Fedora ↔ Arch,https://sourceware.org/lvm2::true,https://sourceware.org/lvm2,0,36,0.0,0,derived descriptive analysis,cross-family lineage
Fedora ↔ Arch,https://sourceware.org/lvm2::upstream-unit::scripts/lvm-devices-import.service,https://sourceware.org/lvm2,0,36,0.0,0,derived descriptive analysis,cross-family lineage
Fedora ↔ Arch,https://sourceware.org/systemtap::upstream-unit::stap-exporter/stap-exporter.service,https://sourceware.org/systemtap,0,36,0.0,0,derived descriptive analysis,cross-family lineage
Fedora ↔ Arch,https://spamassassin.apache.org::spamd,https://spamassassin.apache.org,0,36,0.0,0,derived descriptive analysis,cross-family lineage
Fedora ↔ Arch,https://sr.ht/~kennylevinsen/seatd::upstream-unit::contrib/systemd/seatd.service,https://sr.ht/~kennylevinsen/seatd,0,36,0.0,0,derived descriptive analysis,cross-family lineage
Fedora ↔ Arch,https://subversion.apache.org::svnserve,https://subversion.apache.org,1,36,0.027777777777777776,1,derived descriptive analysis,cross-family lineage
Fedora ↔ Arch,https://supervisord.org::supervisord,https://supervisord.org,0,36,0.0,0,derived descriptive analysis,cross-family lineage
Fedora ↔ Arch,https://sysstat.github.io::sa2,https://sysstat.github.io,0,36,0.0,0,derived descriptive analysis,cross-family lineage
Fedora ↔ Arch,https://tinyproxy.github.io::tinyproxy,https://tinyproxy.github.io,3,36,0.08333333333333333,2–3,derived descriptive analysis,cross-family lineage
Fedora ↔ Arch,https://torsion.org/borgmatic::systemd-inhibit,https://torsion.org/borgmatic,0,36,0.0,0,derived descriptive analysis,cross-family lineage
Fedora ↔ Arch,https://unix4lyfe.org/darkstat::darkstat,https://unix4lyfe.org/darkstat,0,36,0.0,0,derived descriptive analysis,cross-family lineage
Fedora ↔ Arch,https://upower.freedesktop.org::upowerd,https://upower.freedesktop.org,0,36,0.0,0,derived descriptive analysis,cross-family lineage
Fedora ↔ Arch,https://valkey.io::valkey-sentinel,https://valkey.io,7,36,0.19444444444444445,≥4,derived descriptive analysis,cross-family lineage
Fedora ↔ Arch,https://valkey.io::valkey-server,https://valkey.io,7,36,0.19444444444444445,≥4,derived descriptive analysis,cross-family lineage
Fedora ↔ Arch,https://w1.fi/hostapd::hostapd,https://w1.fi/hostapd,0,36,0.0,0,derived descriptive analysis,cross-family lineage
Fedora ↔ Arch,https://w1.fi/wpa_supplicant::wpa_supplicant,https://w1.fi/wpa_supplicant,0,36,0.0,0,derived descriptive analysis,cross-family lineage
Fedora ↔ Arch,https://wammu.eu/gammu::gammu-smsd,https://wammu.eu/gammu,1,36,0.027777777777777776,1,derived descriptive analysis,cross-family lineage
Fedora ↔ Arch,https://wiki.gnome.org/phodav::spice-webdavd,https://wiki.gnome.org/phodav,0,36,0.0,0,derived descriptive analysis,cross-family lineage
Fedora ↔ Arch,https://www.atoptool.nl::sh,https://www.atoptool.nl,0,36,0.0,0,derived descriptive analysis,cross-family lineage
Fedora ↔ Arch,https://www.atoptool.nl::upstream-unit::atop-rotate.service,https://www.atoptool.nl,0,36,0.0,0,derived descriptive analysis,cross-family lineage
Fedora ↔ Arch,https://www.atoptool.nl::upstream-unit::atopacct.service,https://www.atoptool.nl,0,36,0.0,0,derived descriptive analysis,cross-family lineage
Fedora ↔ Arch,https://www.bluez.org::bluetooth-meshd,https://www.bluez.org,0,36,0.0,0,derived descriptive analysis,cross-family lineage
Fedora ↔ Arch,https://www.bluez.org::bluetoothd,https://www.bluez.org,0,36,0.0,0,derived descriptive analysis,cross-family lineage
Fedora ↔ Arch,https://www.cipherdyne.org/fwknop::fwknopd,https://www.cipherdyne.org/fwknop,0,36,0.0,0,derived descriptive analysis,cross-family lineage
Fedora ↔ Arch,https://www.clamav.net::clamonacc,https://www.clamav.net,0,36,0.0,0,derived descriptive analysis,cross-family lineage
Fedora ↔ Arch,https://www.cyrusimap.org/sasl::saslauthd,https://www.cyrusimap.org/sasl,0,36,0.0,0,derived descriptive analysis,cross-family lineage
Fedora ↔ Arch,https://www.exim.org::exim,https://www.exim.org,1,36,0.027777777777777776,1,derived descriptive analysis,cross-family lineage
Fedora ↔ Arch,https://www.fail2ban.org::fail2ban-server,https://www.fail2ban.org,0,36,0.0,0,derived descriptive analysis,cross-family lineage
Fedora ↔ Arch,https://www.freedesktop.org/software/PackageKit::packagekitd,https://www.freedesktop.org/software/PackageKit,0,36,0.0,0,derived descriptive analysis,cross-family lineage
Fedora ↔ Arch,https://www.freedesktop.org/software/PackageKit::pk-offline-update,https://www.freedesktop.org/software/PackageKit,0,36,0.0,0,derived descriptive analysis,cross-family lineage
Fedora ↔ Arch,https://www.freedesktop.org/software/colord::colord,https://www.freedesktop.org/software/colord,0,36,0.0,0,derived descriptive analysis,cross-family lineage
Fedora ↔ Arch,https://www.freedesktop.org/wiki/Software/Plymouth::systemd-tty-ask-password-agent,https://www.freedesktop.org/wiki/Software/Plymouth,0,36,0.0,0,derived descriptive analysis,cross-family lineage
Fedora ↔ Arch,https://www.freedesktop.org/wiki/Software/dbus::dbus-daemon,https://www.freedesktop.org/wiki/Software/dbus,4,36,0.1111111111111111,≥4,derived descriptive analysis,cross-family lineage
Fedora ↔ Arch,https://www.gnu.org/software/freeipmi::bmc-watchdog,https://www.gnu.org/software/freeipmi,0,36,0.0,0,derived descriptive analysis,cross-family lineage
Fedora ↔ Arch,https://www.gnu.org/software/freeipmi::ipmidetectd,https://www.gnu.org/software/freeipmi,0,36,0.0,0,derived descriptive analysis,cross-family lineage
Fedora ↔ Arch,https://www.gnu.org/software/freeipmi::ipmiseld,https://www.gnu.org/software/freeipmi,0,36,0.0,0,derived descriptive analysis,cross-family lineage
Fedora ↔ Arch,https://www.haproxy.org::haproxy,https://www.haproxy.org,0,36,0.0,0,derived descriptive analysis,cross-family lineage
Fedora ↔ Arch,https://www.inet.no/dante::sockd,https://www.inet.no/dante,0,36,0.0,0,derived descriptive analysis,cross-family lineage
Fedora ↔ Arch,https://www.keepalived.org::keepalived,https://www.keepalived.org,1,36,0.027777777777777776,1,derived descriptive analysis,cross-family lineage
Fedora ↔ Arch,https://www.kernel.org::cpupower,https://www.kernel.org,0,36,0.0,0,derived descriptive analysis,cross-family lineage
Fedora ↔ Arch,https://www.kernel.org::hv_kvp_daemon,https://www.kernel.org,0,36,0.0,0,derived descriptive analysis,cross-family lineage
Fedora ↔ Arch,https://www.kernel.org::hv_vss_daemon,https://www.kernel.org,0,36,0.0,0,derived descriptive analysis,cross-family lineage
Fedora ↔ Arch,https://www.kernel.org::usbipd,https://www.kernel.org,0,36,0.0,0,derived descriptive analysis,cross-family lineage
Fedora ↔ Arch,https://www.knot-dns.cz::knotd,https://www.knot-dns.cz,0,36,0.0,0,derived descriptive analysis,cross-family lineage
Fedora ↔ Arch,https://www.lighttpd.net::upstream-unit::doc/systemd/lighttpd.service,https://www.lighttpd.net,0,36,0.0,0,derived descriptive analysis,cross-family lineage
Fedora ↔ Arch,https://www.lirc.org::irexec,https://www.lirc.org,3,36,0.08333333333333333,2–3,derived descriptive analysis,cross-family lineage
Fedora ↔ Arch,https://www.lirc.org::lircd,https://www.lirc.org,3,36,0.08333333333333333,2–3,derived descriptive analysis,cross-family lineage
Fedora ↔ Arch,https://www.lirc.org::upstream-unit::systemd/lircd-setup.service,https://www.lirc.org,0,36,0.0,0,derived descriptive analysis,cross-family lineage
Fedora ↔ Arch,https://www.lirc.org::upstream-unit::systemd/lircd-uinput.service,https://www.lirc.org,0,36,0.0,0,derived descriptive analysis,cross-family lineage
Fedora ↔ Arch,https://www.lirc.org::upstream-unit::systemd/lircmd.service,https://www.lirc.org,0,36,0.0,0,derived descriptive analysis,cross-family lineage
Fedora ↔ Arch,https://www.msweet.org/lprint::lprint,https://www.msweet.org/lprint,0,36,0.0,0,derived descriptive analysis,cross-family lineage
Fedora ↔ Arch,https://www.mumble.info::mumble-server,https://www.mumble.info,18,36,0.5,≥4,derived descriptive analysis,cross-family lineage
Fedora ↔ Arch,https://www.musicpd.org/clients/mpdscribble::mpdscribble,https://www.musicpd.org/clients/mpdscribble,0,36,0.0,0,derived descriptive analysis,cross-family lineage
Fedora ↔ Arch,https://www.musicpd.org::mpd,https://www.musicpd.org,3,36,0.08333333333333333,2–3,derived descriptive analysis,cross-family lineage
Fedora ↔ Arch,https://www.nico.schottelius.org/software/gpm::gpm,https://www.nico.schottelius.org/software/gpm,10,36,0.2777777777777778,≥4,derived descriptive analysis,cross-family lineage
Fedora ↔ Arch,https://www.nlnetlabs.nl/nsd::nsd,https://www.nlnetlabs.nl/nsd,23,36,0.6388888888888888,≥4,derived descriptive analysis,cross-family lineage
Fedora ↔ Arch,https://www.openldap.org::slapd,https://www.openldap.org,0,36,0.0,0,derived descriptive analysis,cross-family lineage
Fedora ↔ Arch,https://www.opensmtpd.org::smtpd,https://www.opensmtpd.org,12,36,0.3333333333333333,≥4,derived descriptive analysis,cross-family lineage
Fedora ↔ Arch,https://www.openssh.com/portable.html::sshd,https://www.openssh.com/portable.html,0,36,0.0,0,derived descriptive analysis,cross-family lineage
Fedora ↔ Arch,https://www.pgbouncer.org::pgbouncer,https://www.pgbouncer.org,0,36,0.0,0,derived descriptive analysis,cross-family lineage
Fedora ↔ Arch,https://www.php.net::php-fpm,https://www.php.net,10,36,0.2777777777777778,≥4,derived descriptive analysis,cross-family lineage
Fedora ↔ Arch,https://www.postfix.org::postfix,https://www.postfix.org,0,36,0.0,0,derived descriptive analysis,cross-family lineage
Fedora ↔ Arch,https://www.qemu.org::upstream-unit::contrib/systemd/qemu-pr-helper.service,https://www.qemu.org,0,36,0.0,0,derived descriptive analysis,cross-family lineage
Fedora ↔ Arch,https://www.samba.org::nmbd,https://www.samba.org,0,36,0.0,0,derived descriptive analysis,cross-family lineage
Fedora ↔ Arch,https://www.samba.org::samba,https://www.samba.org,0,36,0.0,0,derived descriptive analysis,cross-family lineage
Fedora ↔ Arch,https://www.samba.org::samba-bgqd,https://www.samba.org,0,36,0.0,0,derived descriptive analysis,cross-family lineage
Fedora ↔ Arch,https://www.samba.org::smbd,https://www.samba.org,0,36,0.0,0,derived descriptive analysis,cross-family lineage
Fedora ↔ Arch,https://www.samba.org::winbindd,https://www.samba.org,0,36,0.0,0,derived descriptive analysis,cross-family lineage
Fedora ↔ Arch,https://www.smartmontools.org::smartd,https://www.smartmontools.org,0,36,0.0,0,derived descriptive analysis,cross-family lineage
Fedora ↔ Arch,https://www.sshguard.net::sshguard,https://www.sshguard.net,0,36,0.0,0,derived descriptive analysis,cross-family lineage
Fedora ↔ Arch,https://www.strongswan.org::charon-systemd,https://www.strongswan.org,0,36,0.0,0,derived descriptive analysis,cross-family lineage
Fedora ↔ Arch,https://www.stunnel.org::stunnel,https://www.stunnel.org,0,36,0.0,0,derived descriptive analysis,cross-family lineage
Fedora ↔ Arch,https://www.tinc-vpn.org::true,https://www.tinc-vpn.org,0,36,0.0,0,derived descriptive analysis,cross-family lineage
Fedora ↔ Arch,https://www.transmissionbt.com::transmission-daemon,https://www.transmissionbt.com,0,36,0.0,0,derived descriptive analysis,cross-family lineage
Fedora ↔ Arch,https://www.unrealircd.org::unrealircd,https://www.unrealircd.org,0,36,0.0,0,derived descriptive analysis,cross-family lineage
Fedora ↔ Arch,https://www.wesnoth.org::wesnothd,https://www.wesnoth.org,16,36,0.4444444444444444,≥4,derived descriptive analysis,cross-family lineage
Fedora ↔ Arch,https://www.zabbix.com::zabbix_agentd,https://www.zabbix.com,0,36,0.0,0,derived descriptive analysis,cross-family lineage
Fedora ↔ Arch,https://xfs.wiki.kernel.org::xfs_healer_start,https://xfs.wiki.kernel.org,0,36,0.0,0,derived descriptive analysis,cross-family lineage
Fedora ↔ Arch,https://xfs.wiki.kernel.org::xfs_scrub_all,https://xfs.wiki.kernel.org,0,36,0.0,0,derived descriptive analysis,cross-family lineage
Fedora ↔ Arch,https://xfs.wiki.kernel.org::xfs_scrub_fail,https://xfs.wiki.kernel.org,0,36,0.0,0,derived descriptive analysis,cross-family lineage
