lineage_id,canonical_upstream_id,distribution_members,package_owned_exec_members,exact_cross_distribution_unit_content,shared_upstream_artifact_hash,execstart_target_package_owned_in_two_or_more_members,shared_source_package_name,any_strong_orthogonal_corroboration,any_orthogonal_corroboration,c1x,analysis_classification,primary_membership_changed
https://apps.gnome.org/Sysprof::sysprofd,https://apps.gnome.org/Sysprof,3,3,True,True,True,True,True,True,True,post-hoc construct-validation analysis,False
https://arthurdejong.org/nss-pam-ldapd::nslcd,https://arthurdejong.org/nss-pam-ldapd,4,3,True,False,True,True,True,True,True,post-hoc construct-validation analysis,False
https://avahi.org::avahi-daemon,https://avahi.org,3,2,True,True,True,True,True,True,True,post-hoc construct-validation analysis,False
https://avahi.org::avahi-dnsconfd,https://avahi.org,3,2,True,True,True,True,True,True,True,post-hoc construct-validation analysis,False
https://bpfilter.io::upstream-unit::src/bpfilter/bpfilter.service,https://bpfilter.io,2,1,True,True,False,True,True,True,True,post-hoc construct-validation analysis,False
https://c-icap.sourceforge.net::c-icap,https://c-icap.sourceforge.net,3,2,True,False,True,True,True,True,True,post-hoc construct-validation analysis,False
https://ceph.com::ceph-crash,https://ceph.com,3,2,True,True,True,True,True,True,True,post-hoc construct-validation analysis,False
https://ceph.com::ceph-mon,https://ceph.com,2,2,True,False,True,True,True,True,False,post-hoc construct-validation analysis,False
https://ceph.com::rbdmap,https://ceph.com,3,2,True,True,True,True,True,True,True,post-hoc construct-validation analysis,False
https://certbot.eff.org::certbot,https://certbot.eff.org,2,2,False,False,True,False,True,True,True,post-hoc construct-validation analysis,False
https://christophe.varoqui.free.fr::multipathd,https://christophe.varoqui.free.fr,3,2,False,True,True,True,True,True,True,post-hoc construct-validation analysis,False
https://christophe.varoqui.free.fr::true,https://christophe.varoqui.free.fr,2,0,True,True,False,False,True,True,True,post-hoc construct-validation analysis,False
https://chrony-project.org::upstream-unit::examples/chrony-wait.service,https://chrony-project.org,4,3,True,True,True,True,True,True,True,post-hoc construct-validation analysis,False
https://cisofy.com/lynis::lynis,https://cisofy.com/lynis,2,2,False,True,True,True,True,True,True,post-hoc construct-validation analysis,False
https://cloud-init.io::cloud-init,https://cloud-init.io,2,2,False,False,True,True,True,True,True,post-hoc construct-validation analysis,False
https://cloud-init.io::upstream-unit::systemd/cloud-config.service,https://cloud-init.io,2,0,True,True,False,True,True,True,True,post-hoc construct-validation analysis,False
https://cloud-init.io::upstream-unit::systemd/cloud-final.service,https://cloud-init.io,2,0,True,True,False,True,True,True,True,post-hoc construct-validation analysis,False
https://cloud-init.io::upstream-unit::systemd/cloud-init-hotplugd.service,https://cloud-init.io,2,0,True,True,False,True,True,True,True,post-hoc construct-validation analysis,False
https://cockpit-project.org::cockpit-tls,https://cockpit-project.org,4,3,True,True,True,True,True,True,True,post-hoc construct-validation analysis,False
https://cockpit-project.org::cockpit-ws,https://cockpit-project.org,4,3,True,True,True,True,True,True,True,post-hoc construct-validation analysis,False
https://cockpit-project.org::update-issue,https://cockpit-project.org,4,3,True,True,True,True,True,True,True,post-hoc construct-validation analysis,False
https://cockpit-project.org::upstream-unit::src/systemd/cockpit-session-socket-user.service,https://cockpit-project.org,4,0,True,True,False,True,True,True,True,post-hoc construct-validation analysis,False
https://cockpit-project.org::upstream-unit::src/systemd/cockpit-wsinstance-socket-user.service,https://cockpit-project.org,4,0,True,True,False,True,True,True,True,post-hoc construct-validation analysis,False
https://code.forgejo.org/forgejo/runner::forgejo-runner,https://code.forgejo.org/forgejo/runner,2,1,False,False,False,True,False,True,True,post-hoc construct-validation analysis,False
https://code.kryo.se/iodine::iodined,https://code.kryo.se/iodine,4,3,True,True,True,True,True,True,True,post-hoc construct-validation analysis,False
https://collectd.org::collectd,https://collectd.org,3,2,True,True,True,True,True,True,True,post-hoc construct-validation analysis,False
https://conntrack-tools.netfilter.org::conntrackd,https://conntrack-tools.netfilter.org,3,2,True,False,True,True,True,True,True,post-hoc construct-validation analysis,False
https://corosync.github.io/corosync::corosync,https://corosync.github.io/corosync,3,2,True,True,True,True,True,True,True,post-hoc construct-validation analysis,False
https://corosync.github.io/corosync::corosync-notifyd,https://corosync.github.io/corosync,3,2,True,True,True,True,True,True,True,post-hoc construct-validation analysis,False
https://crossfire.real-time.com::crossfire-server,https://crossfire.real-time.com,2,2,True,False,True,True,True,True,False,post-hoc construct-validation analysis,False
https://ddclient.net::ddclient,https://ddclient.net,2,1,False,False,False,True,False,True,True,post-hoc construct-validation analysis,False
https://deluge-torrent.org::deluge-web,https://deluge-torrent.org,3,2,False,False,True,True,True,True,True,post-hoc construct-validation analysis,False
https://deluge-torrent.org::deluged,https://deluge-torrent.org,3,2,False,False,True,True,True,True,True,post-hoc construct-validation analysis,False
https://devel.freebsoft.org/speechd::speech-dispatcher,https://devel.freebsoft.org/speechd,3,2,True,True,True,True,True,True,True,post-hoc construct-validation analysis,False
https://digint.ch/btrbk::btrbk,https://digint.ch/btrbk,2,1,True,True,False,True,True,True,True,post-hoc construct-validation analysis,False
https://dnsdist.org::dnsdist,https://dnsdist.org,4,3,False,True,True,True,True,True,True,post-hoc construct-validation analysis,False
https://dun.github.io/munge::munged,https://dun.github.io/munge,3,2,True,True,True,True,True,True,True,post-hoc construct-validation analysis,False
https://ee.lbl.gov::true,https://ee.lbl.gov,2,0,True,False,False,True,True,True,False,post-hoc construct-validation analysis,False
https://etckeeper.branchable.com::upstream-unit::systemd/etckeeper.service,https://etckeeper.branchable.com,2,1,True,True,False,True,True,True,True,post-hoc construct-validation analysis,False
https://fastnetmon.com::upstream-unit::src/packaging/fedora/fastnetmon.service,https://fastnetmon.com,3,2,True,False,True,True,True,True,True,post-hoc construct-validation analysis,False
https://flatpak.org::flatpak-system-helper,https://flatpak.org,4,3,True,True,True,True,True,True,True,post-hoc construct-validation analysis,False
https://forgejo.org::forgejo,https://forgejo.org,2,1,False,False,False,True,False,True,True,post-hoc construct-validation analysis,False
https://fusioninventory.org::fusioninventory-agent,https://fusioninventory.org,2,1,False,True,False,True,True,True,True,post-hoc construct-validation analysis,False
https://gdnsd.org::gdnsd,https://gdnsd.org,3,3,True,False,True,True,True,True,True,post-hoc construct-validation analysis,False
https://gerbera.io::gerbera,https://gerbera.io,3,2,True,False,True,True,True,True,True,post-hoc construct-validation analysis,False
https://git.kernel.org/pub/scm/network/connman/connman::connman-vpnd,https://git.kernel.org/pub/scm/network/connman/connman,3,3,True,True,True,True,True,True,True,post-hoc construct-validation analysis,False
https://git.kernel.org/pub/scm/network/connman/connman::connmand,https://git.kernel.org/pub/scm/network/connman/connman,3,3,True,True,True,True,True,True,True,post-hoc construct-validation analysis,False
https://git.kernel.org/pub/scm/network/connman/connman::connmand-wait-online,https://git.kernel.org/pub/scm/network/connman/connman,3,3,True,True,True,True,True,True,True,post-hoc construct-validation analysis,False
https://github.com/42wim/matterbridge::matterbridge,https://github.com/42wim/matterbridge,2,1,False,True,False,True,True,True,True,post-hoc construct-validation analysis,False
https://github.com/AsahiLinux/asahi-scripts::upstream-unit::macsmc-battery/systemd/macsmc-battery-charge-control-end-threshold.service,https://github.com/AsahiLinux/asahi-scripts,2,0,True,True,False,True,True,True,True,post-hoc construct-validation analysis,False
https://github.com/COVESA/dlt-daemon::dlt-daemon,https://github.com/COVESA/dlt-daemon,3,2,False,False,True,True,True,True,True,post-hoc construct-validation analysis,False
https://github.com/COVESA/dlt-daemon::dlt-dbus,https://github.com/COVESA/dlt-daemon,2,2,False,False,True,True,True,True,False,post-hoc construct-validation analysis,False
https://github.com/COVESA/dlt-daemon::dlt-system,https://github.com/COVESA/dlt-daemon,3,2,True,False,True,True,True,True,True,post-hoc construct-validation analysis,False
https://github.com/ClusterLabs/booth::boothd,https://github.com/ClusterLabs/booth,3,2,True,True,True,True,True,True,True,post-hoc construct-validation analysis,False
https://github.com/ClusterLabs/booth::true,https://github.com/ClusterLabs/booth,2,0,True,False,False,True,True,True,False,post-hoc construct-validation analysis,False
https://github.com/ClusterLabs/fence-agents::fence_virtd,https://github.com/ClusterLabs/fence-agents,3,2,True,True,True,True,True,True,True,post-hoc construct-validation analysis,False
https://github.com/ClusterLabs/pcs::pcs_snmp_agent,https://github.com/ClusterLabs/pcs,2,1,False,True,False,True,True,True,True,post-hoc construct-validation analysis,False
https://github.com/ClusterLabs/resource-agents::ldirectord,https://github.com/ClusterLabs/resource-agents,2,1,False,True,False,True,True,True,True,post-hoc construct-validation analysis,False
https://github.com/DNSCrypt/dnscrypt-proxy::dnscrypt-proxy,https://github.com/DNSCrypt/dnscrypt-proxy,3,3,True,False,True,True,True,True,True,post-hoc construct-validation analysis,False
https://github.com/DNSCrypt/dnscrypt-proxy::sh,https://github.com/DNSCrypt/dnscrypt-proxy,2,0,True,False,False,True,True,True,False,post-hoc construct-validation analysis,False
https://github.com/EGI-Federation/bdii::bdii-slapd-start,https://github.com/EGI-Federation/bdii,2,1,False,True,False,True,True,True,True,post-hoc construct-validation analysis,False
https://github.com/EGI-Federation/bdii::sh,https://github.com/EGI-Federation/bdii,2,0,False,True,False,True,True,True,True,post-hoc construct-validation analysis,False
https://github.com/ErikReider/SwayOSD::swayosd-libinput-backend,https://github.com/ErikReider/SwayOSD,3,3,True,True,True,True,True,True,True,post-hoc construct-validation analysis,False
https://github.com/Exa-Networks/exabgp::exabgp,https://github.com/Exa-Networks/exabgp,2,0,False,True,False,False,True,True,True,post-hoc construct-validation analysis,False
https://github.com/FoobarOy/foomuuri::upstream-unit::systemd/foomuuri-boot.service,https://github.com/FoobarOy/foomuuri,2,0,False,False,False,True,False,True,True,post-hoc construct-validation analysis,False
https://github.com/FoobarOy/foomuuri::upstream-unit::systemd/foomuuri-dbus.service,https://github.com/FoobarOy/foomuuri,2,0,False,False,False,True,False,True,True,post-hoc construct-validation analysis,False
https://github.com/FoobarOy/foomuuri::upstream-unit::systemd/foomuuri-iplist.service,https://github.com/FoobarOy/foomuuri,2,0,False,False,False,True,False,True,True,post-hoc construct-validation analysis,False
https://github.com/FoobarOy/foomuuri::upstream-unit::systemd/foomuuri-monitor.service,https://github.com/FoobarOy/foomuuri,2,0,False,False,False,True,False,True,True,post-hoc construct-validation analysis,False
https://github.com/FoobarOy/foomuuri::upstream-unit::systemd/foomuuri.service,https://github.com/FoobarOy/foomuuri,2,0,False,False,False,True,False,True,True,post-hoc construct-validation analysis,False
https://github.com/GoogleCloudPlatform/guest-agent::true,https://github.com/GoogleCloudPlatform/guest-agent,3,0,False,False,False,True,False,True,True,post-hoc construct-validation analysis,False
https://github.com/GoogleCloudPlatform/guest-agent::upstream-unit::google-guest-agent.service,https://github.com/GoogleCloudPlatform/guest-agent,2,1,True,True,False,True,True,True,True,post-hoc construct-validation analysis,False
https://github.com/GoogleCloudPlatform/osconfig::google_osconfig_agent,https://github.com/GoogleCloudPlatform/osconfig,2,1,True,True,False,True,True,True,True,post-hoc construct-validation analysis,False
https://github.com/HewlettPackard/netperf::netserver,https://github.com/HewlettPackard/netperf,3,3,True,False,True,True,True,True,True,post-hoc construct-validation analysis,False
https://github.com/Irqbalance/irqbalance::irqbalance,https://github.com/Irqbalance/irqbalance,3,2,True,True,True,True,True,True,True,post-hoc construct-validation analysis,False
https://github.com/JoseExposito/touchegg::touchegg,https://github.com/JoseExposito/touchegg,2,1,True,True,False,True,True,True,True,post-hoc construct-validation analysis,False
https://github.com/NetworkBlockDevice/nbd::nbd-server,https://github.com/NetworkBlockDevice/nbd,2,1,False,False,False,True,False,True,True,post-hoc construct-validation analysis,False
https://github.com/OpenMandrivaSoftware/ossp::osspd,https://github.com/OpenMandrivaSoftware/ossp,3,3,True,False,True,True,True,True,True,post-hoc construct-validation analysis,False
https://github.com/OpenPrinting/ipp-usb::ipp-usb,https://github.com/OpenPrinting/ipp-usb,4,3,True,True,True,True,True,True,True,post-hoc construct-validation analysis,False
https://github.com/OpenPrinting/pappl-retrofit::upstream-unit::legacy/legacy-printer-app.service,https://github.com/OpenPrinting/pappl-retrofit,2,0,True,True,False,True,True,True,True,post-hoc construct-validation analysis,False
https://github.com/PixlOne/logiops::logid,https://github.com/PixlOne/logiops,3,2,True,True,True,True,True,True,True,post-hoc construct-validation analysis,False
https://github.com/SSSD/sssd::sssd,https://github.com/SSSD/sssd,4,3,True,True,True,True,True,True,True,post-hoc construct-validation analysis,False
https://github.com/SSSD/sssd::sssd_autofs,https://github.com/SSSD/sssd,4,3,False,True,True,True,True,True,True,post-hoc construct-validation analysis,False
https://github.com/SSSD/sssd::sssd_ifp,https://github.com/SSSD/sssd,4,3,False,True,True,True,True,True,True,post-hoc construct-validation analysis,False
https://github.com/SSSD/sssd::sssd_kcm,https://github.com/SSSD/sssd,4,3,True,True,True,True,True,True,True,post-hoc construct-validation analysis,False
https://github.com/SSSD/sssd::sssd_nss,https://github.com/SSSD/sssd,4,3,False,True,True,True,True,True,True,post-hoc construct-validation analysis,False
https://github.com/SSSD/sssd::sssd_pac,https://github.com/SSSD/sssd,4,3,False,True,True,True,True,True,True,post-hoc construct-validation analysis,False
https://github.com/SSSD/sssd::sssd_pam,https://github.com/SSSD/sssd,4,3,False,True,True,True,True,True,True,post-hoc construct-validation analysis,False
https://github.com/SSSD/sssd::sssd_ssh,https://github.com/SSSD/sssd,4,3,False,True,True,True,True,True,True,post-hoc construct-validation analysis,False
https://github.com/SSSD/sssd::sssd_sudo,https://github.com/SSSD/sssd,4,3,False,True,True,True,True,True,True,post-hoc construct-validation analysis,False
https://github.com/Snawoot/postfix-mta-sts-resolver::mta-sts-daemon,https://github.com/Snawoot/postfix-mta-sts-resolver,2,1,False,False,False,True,False,True,True,post-hoc construct-validation analysis,False
https://github.com/SuperQ/smokeping_prober::prometheus-smokeping-prober,https://github.com/SuperQ/smokeping_prober,3,3,True,False,True,True,True,True,True,post-hoc construct-validation analysis,False
https://github.com/adnanh/webhook::webhook,https://github.com/adnanh/webhook,3,3,True,False,True,True,True,True,True,post-hoc construct-validation analysis,False
https://github.com/analogdevicesinc/libiio::iiod,https://github.com/analogdevicesinc/libiio,3,3,True,False,True,True,True,True,True,post-hoc construct-validation analysis,False
https://github.com/ar-/incron::incrond,https://github.com/ar-/incron,4,3,True,False,True,True,True,True,True,post-hoc construct-validation analysis,False
https://github.com/authselect/authselect::upstream-unit::systemd/authselect-apply-changes.service,https://github.com/authselect/authselect,2,1,True,True,False,True,True,True,True,post-hoc construct-validation analysis,False
https://github.com/blueman-project/blueman::blueman-mechanism,https://github.com/blueman-project/blueman,4,3,True,True,True,True,True,True,True,post-hoc construct-validation analysis,False
https://github.com/bus1/dbus-broker::dbus-broker-launch,https://github.com/bus1/dbus-broker,4,3,True,False,True,True,True,True,True,post-hoc construct-validation analysis,False
https://github.com/cdown/zcfan::zcfan,https://github.com/cdown/zcfan,3,2,True,True,True,True,True,True,True,post-hoc construct-validation analysis,False
https://github.com/ckb-next/ckb-next::ckb-next-daemon,https://github.com/ckb-next/ckb-next,4,3,True,True,True,True,True,True,True,post-hoc construct-validation analysis,False
https://github.com/cminyard/ser2net::ser2net,https://github.com/cminyard/ser2net,3,2,True,True,True,True,True,True,True,post-hoc construct-validation analysis,False
https://github.com/containernetworking/plugins::dhcp,https://github.com/containernetworking/plugins,4,3,True,True,True,True,True,True,True,post-hoc construct-validation analysis,False
https://github.com/corosync/corosync-qdevice::corosync-qdevice,https://github.com/corosync/corosync-qdevice,3,2,True,True,True,True,True,True,True,post-hoc construct-validation analysis,False
https://github.com/corosync/corosync-qdevice::corosync-qnetd,https://github.com/corosync/corosync-qdevice,3,2,True,True,True,True,True,True,True,post-hoc construct-validation analysis,False
https://github.com/coturn/coturn::turnserver,https://github.com/coturn/coturn,3,3,True,True,True,True,True,True,True,post-hoc construct-validation analysis,False
https://github.com/cronie-crond/cronie::crond,https://github.com/cronie-crond/cronie,4,2,True,False,True,True,True,True,True,post-hoc construct-validation analysis,False
https://github.com/czerwonk/bird_exporter::prometheus-bird-exporter,https://github.com/czerwonk/bird_exporter,3,3,True,False,True,True,True,True,True,post-hoc construct-validation analysis,False
https://github.com/dani-garcia/vaultwarden::vaultwarden,https://github.com/dani-garcia/vaultwarden,2,1,False,False,False,True,False,True,True,post-hoc construct-validation analysis,False
https://github.com/darrylb123/usbrelay::python3,https://github.com/darrylb123/usbrelay,2,0,False,False,False,True,False,True,True,post-hoc construct-validation analysis,False
https://github.com/ddccontrol/ddccontrol::ddccontrol_service,https://github.com/ddccontrol/ddccontrol,3,0,True,True,False,True,True,True,True,post-hoc construct-validation analysis,False
https://github.com/distcc/distcc::distccd,https://github.com/distcc/distcc,2,1,False,False,False,True,False,True,True,post-hoc construct-validation analysis,False
https://github.com/dlundquist/sniproxy::sniproxy,https://github.com/dlundquist/sniproxy,3,3,True,False,True,True,True,True,True,post-hoc construct-validation analysis,False
https://github.com/element-hq/synapse::python3,https://github.com/element-hq/synapse,2,0,False,False,False,True,False,True,True,post-hoc construct-validation analysis,False
https://github.com/elementary/settings-daemon::busctl,https://github.com/elementary/settings-daemon,2,0,True,True,False,False,True,True,True,post-hoc construct-validation analysis,False
https://github.com/evgeni/hdapsd::hdapsd,https://github.com/evgeni/hdapsd,2,2,False,False,True,True,True,True,False,post-hoc construct-validation analysis,False
https://github.com/evilsocket/opensnitch::opensnitchd,https://github.com/evilsocket/opensnitch,3,3,True,True,True,True,True,True,True,post-hoc construct-validation analysis,False
https://github.com/facebookincubator/oomd::oomd,https://github.com/facebookincubator/oomd,3,2,True,True,True,True,True,True,True,post-hoc construct-validation analysis,False
https://github.com/freeipa/freeipa-healthcheck::upstream-unit::systemd/ipa-healthcheck.service,https://github.com/freeipa/freeipa-healthcheck,2,1,True,True,False,True,True,True,True,post-hoc construct-validation analysis,False
https://github.com/fujita/tgt::tgtd,https://github.com/fujita/tgt,3,2,True,True,True,True,True,True,True,post-hoc construct-validation analysis,False
https://github.com/fwupd/fwupd::fwupd,https://github.com/fwupd/fwupd,4,3,False,True,True,True,True,True,True,post-hoc construct-validation analysis,False
https://github.com/fwupd/fwupd::fwupdmgr,https://github.com/fwupd/fwupd,4,3,False,True,True,True,True,True,True,post-hoc construct-validation analysis,False
https://github.com/ggml-org/llama.cpp::llama-server,https://github.com/ggml-org/llama.cpp,2,2,False,False,True,False,True,True,True,post-hoc construct-validation analysis,False
https://github.com/gnosek/fcgiwrap::fcgiwrap,https://github.com/gnosek/fcgiwrap,2,2,True,True,True,True,True,True,False,post-hoc construct-validation analysis,False
https://github.com/graphite-project/carbon::carbon-cache,https://github.com/graphite-project/carbon,2,1,False,False,False,False,False,False,True,post-hoc construct-validation analysis,False
https://github.com/gridcf/gct::globus-gridftp-server,https://github.com/gridcf/gct,3,2,True,False,True,True,True,True,True,post-hoc construct-validation analysis,False
https://github.com/grondo/edac-utils::edac-ctl,https://github.com/grondo/edac-utils,2,1,True,False,False,True,True,True,True,post-hoc construct-validation analysis,False
https://github.com/gssapi/gssproxy::gssproxy,https://github.com/gssapi/gssproxy,4,3,True,True,True,True,True,True,True,post-hoc construct-validation analysis,False
https://github.com/hardinfo2/hardinfo2::upstream-unit::tools/hardinfo2.service,https://github.com/hardinfo2/hardinfo2,3,2,True,True,True,True,True,True,True,post-hoc construct-validation analysis,False
https://github.com/hughsie/passim::passimd,https://github.com/hughsie/passim,3,2,True,True,True,True,True,True,True,post-hoc construct-validation analysis,False
https://github.com/intel/intel-lpmd::intel_lpmd,https://github.com/intel/intel-lpmd,3,2,True,True,True,True,True,True,True,post-hoc construct-validation analysis,False
https://github.com/intel/ledmon::ledmon,https://github.com/intel/ledmon,3,2,True,True,True,True,True,True,True,post-hoc construct-validation analysis,False
https://github.com/intel/qatlib::qatmgr,https://github.com/intel/qatlib,3,2,False,True,True,True,True,True,True,post-hoc construct-validation analysis,False
https://github.com/intel/thermal_daemon::thermald,https://github.com/intel/thermal_daemon,3,3,True,True,True,True,True,True,True,post-hoc construct-validation analysis,False
https://github.com/jonnenauha/prometheus_varnish_exporter::prometheus-varnish-exporter,https://github.com/jonnenauha/prometheus_varnish_exporter,3,3,True,False,True,True,True,True,True,post-hoc construct-validation analysis,False
https://github.com/juanfont/headscale::headscale,https://github.com/juanfont/headscale,2,1,False,False,False,True,False,True,True,post-hoc construct-validation analysis,False
https://github.com/kdave/btrfsmaintenance::btrfsmaintenance-refresh-cron.sh,https://github.com/kdave/btrfsmaintenance,3,2,False,True,True,True,True,True,True,post-hoc construct-validation analysis,False
https://github.com/kdave/btrfsmaintenance::upstream-unit::btrfs-balance.service,https://github.com/kdave/btrfsmaintenance,3,2,True,True,True,True,True,True,True,post-hoc construct-validation analysis,False
https://github.com/kdave/btrfsmaintenance::upstream-unit::btrfs-defrag.service,https://github.com/kdave/btrfsmaintenance,3,2,True,True,True,True,True,True,True,post-hoc construct-validation analysis,False
https://github.com/kdave/btrfsmaintenance::upstream-unit::btrfs-scrub.service,https://github.com/kdave/btrfsmaintenance,3,2,True,True,True,True,True,True,True,post-hoc construct-validation analysis,False
https://github.com/kdave/btrfsmaintenance::upstream-unit::btrfs-trim.service,https://github.com/kdave/btrfsmaintenance,3,2,True,True,True,True,True,True,True,post-hoc construct-validation analysis,False
https://github.com/kmscon/kmscon::kmscon,https://github.com/kmscon/kmscon,2,0,True,True,False,True,True,True,True,post-hoc construct-validation analysis,False
https://github.com/ksmtuned/ksmtuned::ksmctl,https://github.com/ksmtuned/ksmtuned,3,2,True,False,True,True,True,True,True,post-hoc construct-validation analysis,False
https://github.com/ksmtuned/ksmtuned::ksmtuned,https://github.com/ksmtuned/ksmtuned,3,2,True,False,True,True,True,True,True,post-hoc construct-validation analysis,False
https://github.com/latchset/clevis::clevis-luks-askpass,https://github.com/latchset/clevis,4,3,True,True,True,True,True,True,True,post-hoc construct-validation analysis,False
https://github.com/latchset/clevis::upstream-unit::src/luks/systemd/clevis-luks-pkcs11-askpass.service,https://github.com/latchset/clevis,2,0,True,True,False,True,True,True,True,post-hoc construct-validation analysis,False
https://github.com/libratbag/libratbag::ratbagd,https://github.com/libratbag/libratbag,4,3,True,True,True,True,True,True,True,post-hoc construct-validation analysis,False
https://github.com/linux-application-whitelisting/fapolicyd::upstream-unit::init/fapolicyd.service,https://github.com/linux-application-whitelisting/fapolicyd,2,2,False,False,True,True,True,True,False,post-hoc construct-validation analysis,False
https://github.com/linux-audit/audit-userspace::auditd,https://github.com/linux-audit/audit-userspace,2,1,True,True,False,True,True,True,True,post-hoc construct-validation analysis,False
https://github.com/linux-audit/audit-userspace::augenrules,https://github.com/linux-audit/audit-userspace,2,1,True,True,False,True,True,True,True,post-hoc construct-validation analysis,False
https://github.com/linux-msm/qbootctl::qbootctl,https://github.com/linux-msm/qbootctl,3,2,True,False,True,True,True,True,True,post-hoc construct-validation analysis,False
https://github.com/linux-msm/tqftpserv::tqftpserv,https://github.com/linux-msm/tqftpserv,3,2,True,True,True,True,True,True,True,post-hoc construct-validation analysis,False
https://github.com/linux-nvme/nvme-cli::upstream-unit::nvmf-autoconnect/systemd/nvmefc-boot-connections.service,https://github.com/linux-nvme/nvme-cli,4,0,True,True,False,True,True,True,True,post-hoc construct-validation analysis,False
https://github.com/linux-rdma/opensm::sh,https://github.com/linux-rdma/opensm,2,0,True,False,False,True,True,True,False,post-hoc construct-validation analysis,False
https://github.com/linux-rdma/rdma-core::ibacm,https://github.com/linux-rdma/rdma-core,4,3,True,True,True,True,True,True,True,post-hoc construct-validation analysis,False
https://github.com/linux-rdma/rdma-core::iwpmd,https://github.com/linux-rdma/rdma-core,4,3,True,True,True,True,True,True,True,post-hoc construct-validation analysis,False
https://github.com/linux-rdma/rdma-core::rdma-ndd,https://github.com/linux-rdma/rdma-core,4,3,True,True,True,True,True,True,True,post-hoc construct-validation analysis,False
https://github.com/linux-rdma/rdma-core::start_on_all_ports,https://github.com/linux-rdma/rdma-core,4,3,True,True,True,True,True,True,True,post-hoc construct-validation analysis,False
https://github.com/linuxdeepin/dde-api::upstream-unit::misc/systemd/system/deepin-api-device.service,https://github.com/linuxdeepin/dde-api,2,1,True,True,False,True,True,True,True,post-hoc construct-validation analysis,False
https://github.com/linuxdeepin/dde-api::upstream-unit::misc/systemd/system/deepin-login-sound.service,https://github.com/linuxdeepin/dde-api,2,1,True,True,False,True,True,True,True,post-hoc construct-validation analysis,False
https://github.com/linuxdeepin/dde-api::upstream-unit::misc/systemd/system/deepin-shutdown-sound.service,https://github.com/linuxdeepin/dde-api,2,2,True,True,True,True,True,True,True,post-hoc construct-validation analysis,False
https://github.com/linuxdeepin/dde-api::upstream-unit::misc/systemd/system/deepin-sound-theme-player.service,https://github.com/linuxdeepin/dde-api,2,1,True,True,False,True,True,True,True,post-hoc construct-validation analysis,False
https://github.com/linuxdeepin/deepin-boot-maker::upstream-unit::src/service/data/deepin-boot-maker.service,https://github.com/linuxdeepin/deepin-boot-maker,3,3,True,True,True,True,True,True,True,post-hoc construct-validation analysis,False
https://github.com/linuxdeepin/deepin-pw-check::upstream-unit::misc/systemd-service/deepin-passwd-conf.service,https://github.com/linuxdeepin/deepin-pw-check,2,0,False,False,False,True,False,True,True,post-hoc construct-validation analysis,False
https://github.com/linuxdeepin/deepin-system-monitor::upstream-unit::deepin-system-monitor-system-server/misc/deepin-system-monitor-system-server.service,https://github.com/linuxdeepin/deepin-system-monitor,2,1,False,False,False,True,False,True,True,post-hoc construct-validation analysis,False
https://github.com/logrotate/logrotate::upstream-unit::examples/logrotate.service,https://github.com/logrotate/logrotate,4,2,True,True,True,True,True,True,True,post-hoc construct-validation analysis,False
https://github.com/mikebrady/shairport-sync::shairport-sync,https://github.com/mikebrady/shairport-sync,4,3,True,True,True,True,True,True,True,post-hoc construct-validation analysis,False
https://github.com/nfs-ganesha/nfs-ganesha::bash,https://github.com/nfs-ganesha/nfs-ganesha,3,0,True,False,False,True,True,True,True,post-hoc construct-validation analysis,False
https://github.com/nfs-ganesha/nfs-ganesha::nfs-ganesha-config.sh,https://github.com/nfs-ganesha/nfs-ganesha,3,2,True,False,True,True,True,True,True,post-hoc construct-validation analysis,False
https://github.com/nhorman/rng-tools::rngd,https://github.com/nhorman/rng-tools,2,1,False,False,False,True,False,True,True,post-hoc construct-validation analysis,False
https://github.com/oliver006/redis_exporter::prometheus-redis-exporter,https://github.com/oliver006/redis_exporter,3,3,True,False,True,True,True,True,True,post-hoc construct-validation analysis,False
https://github.com/ollama/ollama::ollama,https://github.com/ollama/ollama,2,1,False,False,False,True,False,True,True,post-hoc construct-validation analysis,False
https://github.com/open-iscsi/open-isns::isnsd,https://github.com/open-iscsi/open-isns,3,2,True,True,True,True,True,True,True,post-hoc construct-validation analysis,False
https://github.com/open-iscsi/open-isns::isnsdd,https://github.com/open-iscsi/open-isns,2,2,True,False,True,True,True,True,False,post-hoc construct-validation analysis,False
https://github.com/open-iscsi/rtslib-fb::upstream-unit::systemd/target.service,https://github.com/open-iscsi/rtslib-fb,2,1,False,False,False,False,False,False,True,post-hoc construct-validation analysis,False
https://github.com/open-iscsi/targetcli-fb::upstream-unit::systemd/targetclid.service,https://github.com/open-iscsi/targetcli-fb,2,1,True,True,False,False,True,True,True,post-hoc construct-validation analysis,False
https://github.com/open-iscsi/tcmu-runner::upstream-unit::tcmu-runner.service,https://github.com/open-iscsi/tcmu-runner,3,2,True,True,True,True,True,True,True,post-hoc construct-validation analysis,False
https://github.com/opencryptoki/opencryptoki::pkcsslotd,https://github.com/opencryptoki/opencryptoki,3,2,True,True,True,True,True,True,True,post-hoc construct-validation analysis,False
https://github.com/oracle/ktls-utils::upstream-unit::systemd/tlshd.service,https://github.com/oracle/ktls-utils,3,2,True,True,True,True,True,True,True,post-hoc construct-validation analysis,False
https://github.com/pcherenkov/udpxy::udpxy,https://github.com/pcherenkov/udpxy,2,1,False,False,False,True,False,True,True,post-hoc construct-validation analysis,False
https://github.com/pendulum-project/ntpd-rs::ntp-daemon,https://github.com/pendulum-project/ntpd-rs,3,2,True,True,True,True,True,True,True,post-hoc construct-validation analysis,False
https://github.com/pendulum-project/ntpd-rs::upstream-unit::docs/examples/conf/ntpd-rs-metrics.service,https://github.com/pendulum-project/ntpd-rs,3,2,True,True,True,True,True,True,True,post-hoc construct-validation analysis,False
https://github.com/phillipberndt/autorandr::upstream-unit::contrib/systemd/autorandr-lid-listener.service,https://github.com/phillipberndt/autorandr,3,0,True,True,False,True,True,True,True,post-hoc construct-validation analysis,False
https://github.com/phillipberndt/autorandr::upstream-unit::contrib/systemd/autorandr.service,https://github.com/phillipberndt/autorandr,3,2,True,True,True,True,True,True,True,post-hoc construct-validation analysis,False
https://github.com/pmem/ndctl::upstream-unit::cxl/cxl-monitor.service,https://github.com/pmem/ndctl,4,3,True,True,True,True,True,True,True,post-hoc construct-validation analysis,False
https://github.com/pmem/ndctl::upstream-unit::ndctl/ndctl-monitor.service,https://github.com/pmem/ndctl,4,3,True,True,True,True,True,True,True,post-hoc construct-validation analysis,False
https://github.com/polkit-org/polkit::polkitd,https://github.com/polkit-org/polkit,4,3,True,True,True,True,True,True,True,post-hoc construct-validation analysis,False
https://github.com/pop-os/cosmic-greeter::greetd,https://github.com/pop-os/cosmic-greeter,2,0,True,True,False,True,True,True,True,post-hoc construct-validation analysis,False
https://github.com/pop-os/cosmic-greeter::upstream-unit::debian/cosmic-greeter-daemon.service,https://github.com/pop-os/cosmic-greeter,2,1,True,True,False,True,True,True,True,post-hoc construct-validation analysis,False
https://github.com/pothosware/SoapyRemote::SoapySDRServer,https://github.com/pothosware/SoapyRemote,3,3,True,True,True,True,True,True,True,post-hoc construct-validation analysis,False
https://github.com/prehor/amavisd-milter::amavisd-milter,https://github.com/prehor/amavisd-milter,2,1,False,False,False,True,False,True,True,post-hoc construct-validation analysis,False
https://github.com/prometheus-community/elasticsearch_exporter::prometheus-elasticsearch-exporter,https://github.com/prometheus-community/elasticsearch_exporter,3,3,True,False,True,True,True,True,True,post-hoc construct-validation analysis,False
https://github.com/prometheus-community/ipmi_exporter::prometheus-ipmi-exporter,https://github.com/prometheus-community/ipmi_exporter,3,3,True,True,True,True,True,True,True,post-hoc construct-validation analysis,False
https://github.com/prometheus-community/postgres_exporter::prometheus-postgres-exporter,https://github.com/prometheus-community/postgres_exporter,3,3,True,False,True,True,True,True,True,post-hoc construct-validation analysis,False
https://github.com/prometheus/blackbox_exporter::prometheus-blackbox-exporter,https://github.com/prometheus/blackbox_exporter,3,3,True,False,True,True,True,True,True,post-hoc construct-validation analysis,False
https://github.com/prometheus/mysqld_exporter::prometheus-mysqld-exporter,https://github.com/prometheus/mysqld_exporter,3,3,True,False,True,True,True,True,True,post-hoc construct-validation analysis,False
https://github.com/prometheus/node_exporter::prometheus-node-exporter,https://github.com/prometheus/node_exporter,4,3,True,False,True,True,True,True,True,post-hoc construct-validation analysis,False
https://github.com/prometheus/snmp_exporter::prometheus-snmp-exporter,https://github.com/prometheus/snmp_exporter,3,3,True,False,True,True,True,True,True,post-hoc construct-validation analysis,False
https://github.com/pymumu/smartdns::smartdns,https://github.com/pymumu/smartdns,3,3,True,True,True,True,True,True,True,post-hoc construct-validation analysis,False
https://github.com/rfjakob/earlyoom::earlyoom,https://github.com/rfjakob/earlyoom,4,3,True,True,True,True,True,True,True,post-hoc construct-validation analysis,False
https://github.com/rhboot/pesign::pesign,https://github.com/rhboot/pesign,2,1,False,True,False,True,True,True,True,post-hoc construct-validation analysis,False
https://github.com/rpm-software-management/dnf-plugins-core::upstream-unit::etc/systemd/dnf-system-upgrade-cleanup.service,https://github.com/rpm-software-management/dnf-plugins-core,2,0,True,True,False,True,True,True,True,post-hoc construct-validation analysis,False
https://github.com/rpm-software-management/dnf-plugins-core::upstream-unit::etc/systemd/dnf-system-upgrade.service,https://github.com/rpm-software-management/dnf-plugins-core,2,0,True,True,False,True,True,True,True,post-hoc construct-validation analysis,False
https://github.com/rpm-software-management/dnf5::dnf5,https://github.com/rpm-software-management/dnf5,3,1,True,True,False,True,True,True,True,post-hoc construct-validation analysis,False
https://github.com/rpm-software-management/dnf5::upstream-unit::dnf5/config/systemd/system/dnf5-offline-transaction-cleanup.service,https://github.com/rpm-software-management/dnf5,3,0,True,True,False,True,True,True,True,post-hoc construct-validation analysis,False
https://github.com/rpm-software-management/dnf5::upstream-unit::dnf5/config/systemd/system/dnf5-offline-transaction.service,https://github.com/rpm-software-management/dnf5,3,1,True,True,False,True,True,True,True,post-hoc construct-validation analysis,False
https://github.com/rpm-software-management/dnf5::upstream-unit::dnf5daemon-server/dbus/dnf5daemon-server.service,https://github.com/rpm-software-management/dnf5,3,1,True,True,False,True,True,True,True,post-hoc construct-validation analysis,False
https://github.com/rpm-software-management/dnf5::upstream-unit::etc/systemd/dnf5-makecache.service,https://github.com/rpm-software-management/dnf5,3,1,True,True,False,True,True,True,True,post-hoc construct-validation analysis,False
https://github.com/rpodgorny/uptimed::uptimed,https://github.com/rpodgorny/uptimed,4,2,True,True,True,True,True,True,True,post-hoc construct-validation analysis,False
https://github.com/rvaiya/keyd::keyd.rvaiya,https://github.com/rvaiya/keyd,2,2,True,True,True,True,True,True,False,post-hoc construct-validation analysis,False
https://github.com/schollz/croc::upstream-unit::croc.service,https://github.com/schollz/croc,2,1,False,False,False,False,False,False,True,post-hoc construct-validation analysis,False
https://github.com/sddm/sddm::sddm,https://github.com/sddm/sddm,4,3,False,True,True,True,True,True,True,post-hoc construct-validation analysis,False
https://github.com/sezanzeb/input-remapper::upstream-unit::data/input-remapper.service,https://github.com/sezanzeb/input-remapper,2,1,True,True,False,True,True,True,True,post-hoc construct-validation analysis,False
https://github.com/sharkcz/collectl::collectl,https://github.com/sharkcz/collectl,2,1,False,True,False,True,True,True,True,post-hoc construct-validation analysis,False
https://github.com/shellinabox/shellinabox::shellinaboxd,https://github.com/shellinabox/shellinabox,2,1,False,False,False,True,False,True,True,post-hoc construct-validation analysis,False
https://github.com/skeeto/endlessh::endlessh,https://github.com/skeeto/endlessh,3,2,True,True,True,True,True,True,True,post-hoc construct-validation analysis,False
https://github.com/slackhq/nebula::nebula,https://github.com/slackhq/nebula,2,1,False,True,False,True,True,True,True,post-hoc construct-validation analysis,False
https://github.com/snapcore/snapd::snap-bootstrap,https://github.com/snapcore/snapd,2,1,True,False,False,True,True,True,False,post-hoc construct-validation analysis,False
https://github.com/snapcore/snapd::snapd,https://github.com/snapcore/snapd,3,2,True,True,True,True,True,True,True,post-hoc construct-validation analysis,False
https://github.com/snapcore/snapd::snapd-apparmor,https://github.com/snapcore/snapd,3,2,False,False,True,True,True,True,True,post-hoc construct-validation analysis,False
https://github.com/spanezz/nodm::sh,https://github.com/spanezz/nodm,2,0,True,True,False,True,True,True,False,post-hoc construct-validation analysis,False
https://github.com/sysrepo/sysrepo::sysrepo-plugind,https://github.com/sysrepo/sysrepo,2,1,False,False,False,True,False,True,True,post-hoc construct-validation analysis,False
https://github.com/systemd/systemd-bootchart::systemd-bootchart,https://github.com/systemd/systemd-bootchart,4,4,True,True,True,True,True,True,True,post-hoc construct-validation analysis,False
https://github.com/toreanderson/clatd::clatd,https://github.com/toreanderson/clatd,2,1,True,False,False,True,True,True,True,post-hoc construct-validation analysis,False
https://github.com/tpm2-software/tpm2-abrmd::tpm2-abrmd,https://github.com/tpm2-software/tpm2-abrmd,2,1,True,True,False,True,True,True,True,post-hoc construct-validation analysis,False
https://github.com/trojan-gfw/trojan::trojan,https://github.com/trojan-gfw/trojan,4,3,True,False,True,True,True,True,True,post-hoc construct-validation analysis,False
https://github.com/util-linux/util-linux::fstrim,https://github.com/util-linux/util-linux,3,1,True,True,False,True,True,True,True,post-hoc construct-validation analysis,False
https://github.com/util-linux/util-linux::lastlog2,https://github.com/util-linux/util-linux,2,2,True,False,True,True,True,True,True,post-hoc construct-validation analysis,False
https://github.com/util-linux/util-linux::uuidd,https://github.com/util-linux/util-linux,3,3,True,True,True,True,True,True,True,post-hoc construct-validation analysis,False
https://github.com/v2fly/v2ray-core::v2ray,https://github.com/v2fly/v2ray-core,3,3,True,False,True,True,True,True,True,post-hoc construct-validation analysis,False
https://github.com/vmatare/thinkfan::thinkfan,https://github.com/vmatare/thinkfan,3,2,False,False,True,True,True,True,True,post-hoc construct-validation analysis,False
https://github.com/vmatare/thinkfan::upstream-unit::rcscripts/systemd/thinkfan-sleep.service,https://github.com/vmatare/thinkfan,2,0,True,True,False,True,True,True,True,post-hoc construct-validation analysis,False
https://github.com/vmatare/thinkfan::upstream-unit::rcscripts/systemd/thinkfan-wakeup.service,https://github.com/vmatare/thinkfan,3,0,True,True,False,True,True,True,True,post-hoc construct-validation analysis,False
https://github.com/vmware/open-vm-tools::VGAuthService,https://github.com/vmware/open-vm-tools,3,2,True,False,True,True,True,True,True,post-hoc construct-validation analysis,False
https://github.com/vmware/open-vm-tools::vmtoolsd,https://github.com/vmware/open-vm-tools,4,3,True,False,True,True,True,True,True,post-hoc construct-validation analysis,False
https://github.com/wb2osz/direwolf::direwolf,https://github.com/wb2osz/direwolf,3,2,True,True,True,True,True,True,True,post-hoc construct-validation analysis,False
https://github.com/ximion/btrfsd::btrfsd,https://github.com/ximion/btrfsd,3,2,True,True,True,True,True,True,True,post-hoc construct-validation analysis,False
https://github.com/zhuyaliang/group-service::group-admin-daemon,https://github.com/zhuyaliang/group-service,3,2,True,True,True,True,True,True,True,post-hoc construct-validation analysis,False
https://gitlab.archlinux.org/archlinux/netctl::upstream-unit::services/netctl-sleep.service,https://gitlab.archlinux.org/archlinux/netctl,2,2,True,True,True,True,True,True,True,post-hoc construct-validation analysis,False
https://gitlab.archlinux.org/archlinux/netctl::upstream-unit::services/netctl-wait-online.service,https://gitlab.archlinux.org/archlinux/netctl,2,2,True,True,True,True,True,True,True,post-hoc construct-validation analysis,False
https://gitlab.archlinux.org/archlinux/netctl::upstream-unit::services/netctl.service,https://gitlab.archlinux.org/archlinux/netctl,2,2,True,True,True,True,True,True,True,post-hoc construct-validation analysis,False
https://gitlab.com/amavis/amavis::amavisd,https://gitlab.com/amavis/amavis,2,1,False,False,False,False,False,False,True,post-hoc construct-validation analysis,False
https://gitlab.com/interception/linux/tools::upstream-unit::udevmon.service,https://gitlab.com/interception/linux/tools,3,3,True,True,True,True,True,True,True,post-hoc construct-validation analysis,False
https://gitlab.freedesktop.org/bolt/bolt::boltd,https://gitlab.freedesktop.org/bolt/bolt,4,3,True,True,True,True,True,True,True,post-hoc construct-validation analysis,False
https://gitlab.freedesktop.org/hadess/iio-sensor-proxy::iio-sensor-proxy,https://gitlab.freedesktop.org/hadess/iio-sensor-proxy,4,3,True,True,True,True,True,True,True,post-hoc construct-validation analysis,False
https://gitlab.freedesktop.org/hadess/low-memory-monitor::low-memory-monitor,https://gitlab.freedesktop.org/hadess/low-memory-monitor,3,2,True,True,True,True,True,True,True,post-hoc construct-validation analysis,False
https://gitlab.freedesktop.org/hadess/switcheroo-control::switcheroo-control,https://gitlab.freedesktop.org/hadess/switcheroo-control,4,3,True,True,True,True,True,True,True,post-hoc construct-validation analysis,False
https://gitlab.freedesktop.org/pipewire/rtkit::rtkit-daemon,https://gitlab.freedesktop.org/pipewire/rtkit,2,2,False,True,True,True,True,True,True,post-hoc construct-validation analysis,False
https://gitlab.freedesktop.org/pwithnall/malcontent::malcontent-timer-extension-agent,https://gitlab.freedesktop.org/pwithnall/malcontent,3,2,True,True,True,True,True,True,True,post-hoc construct-validation analysis,False
https://gitlab.freedesktop.org/pwithnall/malcontent::malcontent-timerd,https://gitlab.freedesktop.org/pwithnall/malcontent,3,2,True,True,True,True,True,True,True,post-hoc construct-validation analysis,False
https://gitlab.freedesktop.org/pwithnall/malcontent::malcontent-webd,https://gitlab.freedesktop.org/pwithnall/malcontent,3,2,True,True,True,True,True,True,True,post-hoc construct-validation analysis,False
https://gitlab.freedesktop.org/pwithnall/malcontent::malcontent-webd-update,https://gitlab.freedesktop.org/pwithnall/malcontent,3,2,True,True,True,True,True,True,True,post-hoc construct-validation analysis,False
https://gitlab.freedesktop.org/upower/power-profiles-daemon::power-profiles-daemon,https://gitlab.freedesktop.org/upower/power-profiles-daemon,4,3,True,True,True,True,True,True,True,post-hoc construct-validation analysis,False
https://gitlab.gnome.org/GNOME/gnome-remote-desktop::gnome-remote-desktop-configuration-daemon,https://gitlab.gnome.org/GNOME/gnome-remote-desktop,2,1,False,True,False,True,True,True,True,post-hoc construct-validation analysis,False
https://gitlab.gnome.org/GNOME/gnome-remote-desktop::gnome-remote-desktop-daemon,https://gitlab.gnome.org/GNOME/gnome-remote-desktop,2,1,False,True,False,True,True,True,True,post-hoc construct-validation analysis,False
https://gkrellm.srcbox.net::gkrellmd,https://gkrellm.srcbox.net,2,1,False,False,False,True,False,True,True,post-hoc construct-validation analysis,False
https://grid.ncsa.illinois.edu/myproxy::upstream-unit::systemd/myproxy-server.service,https://grid.ncsa.illinois.edu/myproxy,3,2,True,True,True,True,True,True,True,post-hoc construct-validation analysis,False
https://hcpnet.free.fr/milter-greylist::milter-greylist,https://hcpnet.free.fr/milter-greylist,3,2,True,False,True,True,True,True,True,post-hoc construct-validation analysis,False
https://hitch-tls.org::hitch,https://hitch-tls.org,3,2,True,False,True,True,True,True,True,post-hoc construct-validation analysis,False
https://htcondor.org::upstream-unit::src/condor_examples/condor-annex-ec2.service,https://htcondor.org,3,2,True,True,True,True,True,True,True,post-hoc construct-validation analysis,False
https://htcondor.org::upstream-unit::src/condor_examples/condor.service,https://htcondor.org,3,2,True,True,True,True,True,True,True,post-hoc construct-validation analysis,False
https://httpd.apache.org::apachectl,https://httpd.apache.org,2,2,False,False,True,True,True,True,False,post-hoc construct-validation analysis,False
https://httpd.apache.org::htcacheclean,https://httpd.apache.org,3,0,True,False,False,True,True,True,True,post-hoc construct-validation analysis,False
https://humdi.net/vnstat::vnstatd,https://humdi.net/vnstat,4,2,True,False,True,True,True,True,True,post-hoc construct-validation analysis,False
https://i2pd.website::i2pd,https://i2pd.website,3,3,False,False,True,True,True,True,True,post-hoc construct-validation analysis,False
https://iwd.wiki.kernel.org::ead,https://iwd.wiki.kernel.org,2,1,True,True,False,True,True,True,True,post-hoc construct-validation analysis,False
https://iwd.wiki.kernel.org::iwd,https://iwd.wiki.kernel.org,3,2,True,True,True,True,True,True,True,post-hoc construct-validation analysis,False
https://jabberd2.org::jabberd2-c2s,https://jabberd2.org,2,2,True,True,True,True,True,True,False,post-hoc construct-validation analysis,False
https://jabberd2.org::jabberd2-router,https://jabberd2.org,2,2,True,True,True,True,True,True,False,post-hoc construct-validation analysis,False
https://jabberd2.org::jabberd2-s2s,https://jabberd2.org,2,2,True,True,True,True,True,True,False,post-hoc construct-validation analysis,False
https://jabberd2.org::jabberd2-sm,https://jabberd2.org,2,2,True,True,True,True,True,True,False,post-hoc construct-validation analysis,False
https://jabberd2.org::true,https://jabberd2.org,3,0,True,True,False,True,True,True,True,post-hoc construct-validation analysis,False
https://janus.conf.meetecho.com::janus,https://janus.conf.meetecho.com,2,1,False,False,False,True,False,True,True,post-hoc construct-validation analysis,False
https://kea.isc.org::kea-ctrl-agent,https://kea.isc.org,4,2,True,False,True,True,True,True,True,post-hoc construct-validation analysis,False
https://kea.isc.org::kea-dhcp-ddns,https://kea.isc.org,4,3,True,False,True,True,True,True,True,post-hoc construct-validation analysis,False
https://kea.isc.org::kea-dhcp4,https://kea.isc.org,4,3,True,False,True,True,True,True,True,post-hoc construct-validation analysis,False
https://kea.isc.org::kea-dhcp6,https://kea.isc.org,4,3,True,False,True,True,True,True,True,post-hoc construct-validation analysis,False
https://launchpad.net/spf-engine::pyspf-milter,https://launchpad.net/spf-engine,2,1,False,True,False,False,True,True,True,post-hoc construct-validation analysis,False
https://launchpad.net/ufw::ufw-init,https://launchpad.net/ufw,3,2,False,False,True,True,True,True,True,post-hoc construct-validation analysis,False
https://lemonldap-ng.org::llng-fastcgi-server,https://lemonldap-ng.org,2,1,False,True,False,True,True,True,True,post-hoc construct-validation analysis,False
https://lemonldap-ng.org::purgeCentralCache,https://lemonldap-ng.org,2,1,False,True,False,True,True,True,True,post-hoc construct-validation analysis,False
https://lemonldap-ng.org::purgeLocalCache,https://lemonldap-ng.org,2,1,False,True,False,True,True,True,True,post-hoc construct-validation analysis,False
https://libreswan.org::pluto,https://libreswan.org,3,2,True,True,True,True,True,True,True,post-hoc construct-validation analysis,False
https://libvirt.org::libvirtd,https://libvirt.org,2,1,False,False,False,True,False,True,True,post-hoc construct-validation analysis,False
https://libvirt.org::virtchd,https://libvirt.org,2,1,False,False,False,True,False,True,True,post-hoc construct-validation analysis,False
https://libvirt.org::virtinterfaced,https://libvirt.org,2,1,False,False,False,True,False,True,True,post-hoc construct-validation analysis,False
https://libvirt.org::virtlockd,https://libvirt.org,2,1,False,True,False,True,True,True,True,post-hoc construct-validation analysis,False
https://libvirt.org::virtlogd,https://libvirt.org,2,1,False,True,False,True,True,True,True,post-hoc construct-validation analysis,False
https://libvirt.org::virtlxcd,https://libvirt.org,2,1,False,True,False,True,True,True,True,post-hoc construct-validation analysis,False
https://libvirt.org::virtnetworkd,https://libvirt.org,2,1,False,False,False,True,False,True,True,post-hoc construct-validation analysis,False
https://libvirt.org::virtnodedevd,https://libvirt.org,2,1,False,False,False,True,False,True,True,post-hoc construct-validation analysis,False
https://libvirt.org::virtnwfilterd,https://libvirt.org,2,1,False,False,False,True,False,True,True,post-hoc construct-validation analysis,False
https://libvirt.org::virtproxyd,https://libvirt.org,2,1,False,False,False,True,False,True,True,post-hoc construct-validation analysis,False
https://libvirt.org::virtqemud,https://libvirt.org,2,1,False,True,False,True,True,True,True,post-hoc construct-validation analysis,False
https://libvirt.org::virtsecretd,https://libvirt.org,2,1,False,False,False,True,False,True,True,post-hoc construct-validation analysis,False
https://libvirt.org::virtstoraged,https://libvirt.org,2,1,False,False,False,True,False,True,True,post-hoc construct-validation analysis,False
https://libvirt.org::virtvboxd,https://libvirt.org,2,1,False,True,False,True,True,True,True,post-hoc construct-validation analysis,False
https://linrunner.de/tlp::tlp,https://linrunner.de/tlp,2,1,False,False,False,True,False,True,True,post-hoc construct-validation analysis,False
https://linux-nfs.org::rpc.gssd,https://linux-nfs.org,3,2,True,True,True,True,True,True,True,post-hoc construct-validation analysis,False
https://linux-nfs.org::upstream-unit::systemd/auth-rpcgss-module.service,https://linux-nfs.org,2,0,True,True,False,True,True,True,False,post-hoc construct-validation analysis,False
https://linux-nfs.org::upstream-unit::systemd/fsidd.service,https://linux-nfs.org,3,2,True,True,True,True,True,True,True,post-hoc construct-validation analysis,False
https://linux-nfs.org::upstream-unit::systemd/nfs-idmapd.service,https://linux-nfs.org,3,2,True,True,True,True,True,True,True,post-hoc construct-validation analysis,False
https://linux-nfs.org::upstream-unit::systemd/nfs-mountd.service,https://linux-nfs.org,3,2,True,True,True,True,True,True,True,post-hoc construct-validation analysis,False
https://linux-nfs.org::upstream-unit::systemd/nfs-server.service,https://linux-nfs.org,2,0,True,True,False,True,True,True,False,post-hoc construct-validation analysis,False
https://linux-nfs.org::upstream-unit::systemd/nfs-utils.service,https://linux-nfs.org,3,0,True,True,False,True,True,True,True,post-hoc construct-validation analysis,False
https://linux-nfs.org::upstream-unit::systemd/nfsdcld.service,https://linux-nfs.org,3,2,True,True,True,True,True,True,True,post-hoc construct-validation analysis,False
https://linux-nfs.org::upstream-unit::systemd/rpc-statd-notify.service,https://linux-nfs.org,3,2,True,True,True,True,True,True,True,post-hoc construct-validation analysis,False
https://linux-nfs.org::upstream-unit::systemd/rpc-statd.service,https://linux-nfs.org,3,2,True,True,True,True,True,True,True,post-hoc construct-validation analysis,False
https://linux-nfs.org::upstream-unit::systemd/rpc-svcgssd.service,https://linux-nfs.org,2,2,True,True,True,True,True,True,False,post-hoc construct-validation analysis,False
https://linuxcontainers.org/incus::incus-agent,https://linuxcontainers.org/incus,2,2,True,True,True,True,True,True,False,post-hoc construct-validation analysis,False
https://linuxcontainers.org/incus::incus-user,https://linuxcontainers.org/incus,4,3,True,False,True,True,True,True,True,post-hoc construct-validation analysis,False
https://linuxcontainers.org/incus::startup,https://linuxcontainers.org/incus,2,2,True,False,True,True,True,True,False,post-hoc construct-validation analysis,False
https://linuxcontainers.org::lxc-containers,https://linuxcontainers.org,3,3,False,True,True,True,True,True,True,post-hoc construct-validation analysis,False
https://linuxcontainers.org::lxc-monitord,https://linuxcontainers.org,3,1,True,True,False,True,True,True,True,post-hoc construct-validation analysis,False
https://linuxcontainers.org::lxc-net,https://linuxcontainers.org,3,3,True,True,True,True,True,True,True,post-hoc construct-validation analysis,False
https://linuxcontainers.org::lxcfs,https://linuxcontainers.org,3,3,True,True,True,True,True,True,True,post-hoc construct-validation analysis,False
https://location.ipfire.org::location,https://location.ipfire.org,2,1,True,True,False,True,True,True,True,post-hoc construct-validation analysis,False
https://lttng.org::lttng-sessiond,https://lttng.org,3,2,False,False,True,True,True,True,True,post-hoc construct-validation analysis,False
https://matt.ucc.asn.au/dropbear/dropbear.html::dropbear,https://matt.ucc.asn.au/dropbear/dropbear.html,2,0,False,False,False,True,False,True,True,post-hoc construct-validation analysis,False
https://memcached.org::systemd-memcached-wrapper,https://memcached.org,2,2,True,True,True,True,True,True,False,post-hoc construct-validation analysis,False
https://metalog.sourceforge.net::metalog,https://metalog.sourceforge.net,2,2,False,False,True,True,True,True,True,post-hoc construct-validation analysis,False
https://mgetty.greenie.net::faxrunqd,https://mgetty.greenie.net,3,2,True,True,True,True,True,True,True,post-hoc construct-validation analysis,False
https://miniflux.app::miniflux,https://miniflux.app,3,3,True,True,True,True,True,True,True,post-hoc construct-validation analysis,False
https://miniupnp.tuxfamily.org::miniupnpd,https://miniupnp.tuxfamily.org,3,1,False,False,False,True,False,True,True,post-hoc construct-validation analysis,False
https://mmonit.com/monit::monit,https://mmonit.com/monit,4,3,True,False,True,True,True,True,True,post-hoc construct-validation analysis,False
https://mopidy.com::mopidy,https://mopidy.com,2,1,False,False,False,True,False,True,True,post-hoc construct-validation analysis,False
https://mosquitto.org::mosquitto,https://mosquitto.org,4,3,False,False,True,True,True,True,True,post-hoc construct-validation analysis,False
https://motion-project.github.io::motion,https://motion-project.github.io,3,3,True,True,True,True,True,True,True,post-hoc construct-validation analysis,False
https://munin-monitoring.org::munin-asyncd,https://munin-monitoring.org,3,2,False,False,True,True,True,True,True,post-hoc construct-validation analysis,False
https://munin-monitoring.org::munin-cgi-graph,https://munin-monitoring.org,2,1,False,False,False,True,False,True,True,post-hoc construct-validation analysis,False
https://munin-monitoring.org::munin-cgi-html,https://munin-monitoring.org,2,1,False,False,False,True,False,True,True,post-hoc construct-validation analysis,False
https://munin-monitoring.org::munin-node,https://munin-monitoring.org,3,2,False,False,True,True,True,True,True,post-hoc construct-validation analysis,False
https://net-snmp.sourceforge.net::snmpd,https://net-snmp.sourceforge.net,3,2,True,True,True,True,True,True,True,post-hoc construct-validation analysis,False
https://net-snmp.sourceforge.net::snmptrapd,https://net-snmp.sourceforge.net,3,2,True,True,True,True,True,True,True,post-hoc construct-validation analysis,False
https://netfilter.org/projects/nftables::nft,https://netfilter.org/projects/nftables,2,1,False,False,False,True,False,True,True,post-hoc construct-validation analysis,False
https://netplan.io::configure,https://netplan.io,2,1,False,True,False,False,True,True,True,post-hoc construct-validation analysis,False
https://networkmanager.dev::nm-cloud-setup,https://networkmanager.dev,2,1,False,True,False,False,True,True,True,post-hoc construct-validation analysis,False
https://networkmanager.dev::nm-dispatcher,https://networkmanager.dev,4,3,True,True,True,True,True,True,True,post-hoc construct-validation analysis,False
https://networkmanager.dev::nm-priv-helper,https://networkmanager.dev,4,3,True,True,True,True,True,True,True,post-hoc construct-validation analysis,False
https://networkupstools.org::systemctl,https://networkupstools.org,2,0,False,False,False,True,False,True,True,post-hoc construct-validation analysis,False
https://networkupstools.org::udevadm,https://networkupstools.org,2,0,False,False,False,True,False,True,True,post-hoc construct-validation analysis,False
https://networkupstools.org::upsd,https://networkupstools.org,3,3,False,False,True,True,True,True,True,post-hoc construct-validation analysis,False
https://networkupstools.org::upslog,https://networkupstools.org,2,2,False,False,True,True,True,True,True,post-hoc construct-validation analysis,False
https://networkupstools.org::upsmon,https://networkupstools.org,3,3,False,False,True,True,True,True,True,post-hoc construct-validation analysis,False
https://nghttp2.org::nghttpx,https://nghttp2.org,3,2,True,True,True,True,True,True,True,post-hoc construct-validation analysis,False
https://ngircd.barton.de::ngircd,https://ngircd.barton.de,3,2,True,True,True,True,True,True,True,post-hoc construct-validation analysis,False
https://nixos.org/nix::nix-daemon,https://nixos.org/nix,2,1,True,True,False,True,True,True,True,post-hoc construct-validation analysis,False
https://oidentd.janikrabe.com::sh,https://oidentd.janikrabe.com,2,0,True,True,False,True,True,True,False,post-hoc construct-validation analysis,False
https://omniorb.sourceforge.net::omniNames,https://omniorb.sourceforge.net,3,2,True,False,True,True,True,True,True,post-hoc construct-validation analysis,False
https://openbao.org::bao,https://openbao.org,2,1,False,False,False,True,False,True,True,post-hoc construct-validation analysis,False
https://opendev.org/openstack/virtualbmc::vbmcd,https://opendev.org/openstack/virtualbmc,2,0,False,False,False,False,False,False,True,post-hoc construct-validation analysis,False
https://openprinting.github.io/cups::cupsd,https://openprinting.github.io/cups,2,1,True,True,False,True,True,True,True,post-hoc construct-validation analysis,False
https://oss.oetiker.ch/mrtg::upstream-unit::contrib/debian-systemd/mrtg.service,https://oss.oetiker.ch/mrtg,2,2,True,True,True,True,True,True,False,post-hoc construct-validation analysis,False
https://oss.oetiker.ch/rrdtool::rrdcached,https://oss.oetiker.ch/rrdtool,2,1,False,True,False,True,True,True,True,post-hoc construct-validation analysis,False
https://oss.oetiker.ch/smokeping::smokeping,https://oss.oetiker.ch/smokeping,2,1,False,False,False,True,False,True,True,post-hoc construct-validation analysis,False
https://ostreedev.github.io/ostree::upstream-unit::src/boot/ostree-boot-complete.service,https://ostreedev.github.io/ostree,2,1,True,True,False,True,True,True,True,post-hoc construct-validation analysis,False
https://ostreedev.github.io/ostree::upstream-unit::src/boot/ostree-finalize-staged-hold.service,https://ostreedev.github.io/ostree,2,1,True,True,False,True,True,True,True,post-hoc construct-validation analysis,False
https://ostreedev.github.io/ostree::upstream-unit::src/boot/ostree-finalize-staged.service,https://ostreedev.github.io/ostree,2,0,True,True,False,True,True,True,True,post-hoc construct-validation analysis,False
https://ostreedev.github.io/ostree::upstream-unit::src/boot/ostree-prepare-root.service,https://ostreedev.github.io/ostree,2,1,True,True,False,True,True,True,True,post-hoc construct-validation analysis,False
https://ostreedev.github.io/ostree::upstream-unit::src/boot/ostree-remount.service,https://ostreedev.github.io/ostree,2,1,True,True,False,True,True,True,True,post-hoc construct-validation analysis,False
https://pagure.io/certmonger::certmonger,https://pagure.io/certmonger,3,2,True,True,True,True,True,True,True,post-hoc construct-validation analysis,False
https://pagure.io/dlm::dlm_controld,https://pagure.io/dlm,3,2,True,True,True,True,True,True,True,post-hoc construct-validation analysis,False
https://pagure.io/numad::numad,https://pagure.io/numad,3,2,True,True,True,True,True,True,True,post-hoc construct-validation analysis,False
https://pagure.io/oddjob::oddjobd,https://pagure.io/oddjob,3,2,True,True,True,True,True,True,True,post-hoc construct-validation analysis,False
https://pcp.io::pcp-geolocate,https://pcp.io,4,3,True,True,True,True,True,True,True,post-hoc construct-validation analysis,False
https://pcp.io::pcp-reboot-init,https://pcp.io,2,2,True,True,True,True,True,True,False,post-hoc construct-validation analysis,False
https://pcp.io::pmcd,https://pcp.io,4,3,False,True,True,True,True,True,True,post-hoc construct-validation analysis,False
https://pcp.io::pmfind_check,https://pcp.io,4,3,True,True,True,True,True,True,True,post-hoc construct-validation analysis,False
https://pcp.io::pmie,https://pcp.io,3,2,False,True,True,True,True,True,True,post-hoc construct-validation analysis,False
https://pcp.io::pmie_check,https://pcp.io,4,3,True,True,True,True,True,True,True,post-hoc construct-validation analysis,False
https://pcp.io::pmie_daily,https://pcp.io,4,3,True,True,True,True,True,True,True,post-hoc construct-validation analysis,False
https://pcp.io::pmie_farm,https://pcp.io,4,3,True,True,True,True,True,True,True,post-hoc construct-validation analysis,False
https://pcp.io::pmiectl,https://pcp.io,4,3,True,True,True,True,True,True,True,post-hoc construct-validation analysis,False
https://pcp.io::pmlogctl,https://pcp.io,4,3,True,True,True,True,True,True,True,post-hoc construct-validation analysis,False
https://pcp.io::pmlogger,https://pcp.io,3,2,False,True,True,True,True,True,True,post-hoc construct-validation analysis,False
https://pcp.io::pmlogger_check,https://pcp.io,4,3,False,True,True,True,True,True,True,post-hoc construct-validation analysis,False
https://pcp.io::pmlogger_farm,https://pcp.io,4,3,True,True,True,True,True,True,True,post-hoc construct-validation analysis,False
https://pcp.io::pmproxy,https://pcp.io,3,2,True,True,True,True,True,True,True,post-hoc construct-validation analysis,False
https://pcp.io::pmseries_import,https://pcp.io,3,2,True,True,True,True,True,True,True,post-hoc construct-validation analysis,False
https://pcp.io::reboot-init,https://pcp.io,2,1,False,True,False,True,True,True,True,post-hoc construct-validation analysis,False
https://pcp.io::sh,https://pcp.io,2,0,False,True,False,True,True,True,True,post-hoc construct-validation analysis,False
https://pcp.io::upstream-unit::src/pcp/atop/atop-daily.service,https://pcp.io,2,0,True,True,False,True,True,True,True,post-hoc construct-validation analysis,False
https://pcsclite.apdu.fr::pcscd,https://pcsclite.apdu.fr,4,3,True,True,True,True,True,True,True,post-hoc construct-validation analysis,False
https://perfetto.dev::traced,https://perfetto.dev,2,1,False,False,False,True,False,True,True,post-hoc construct-validation analysis,False
https://perfetto.dev::traced_probes,https://perfetto.dev,2,1,False,False,False,True,False,True,True,post-hoc construct-validation analysis,False
https://plocate.sesse.net::updatedb,https://plocate.sesse.net,2,1,True,True,False,True,True,True,True,post-hoc construct-validation analysis,False
https://plocate.sesse.net::updatedb.plocate,https://plocate.sesse.net,2,2,True,True,True,True,True,True,False,post-hoc construct-validation analysis,False
https://poptop.sourceforge.net::pptpd,https://poptop.sourceforge.net,2,1,False,False,False,True,False,True,True,post-hoc construct-validation analysis,False
https://portsentry.xyz::portsentry,https://portsentry.xyz,2,1,False,True,False,True,True,True,True,post-hoc construct-validation analysis,False
https://postfwd.org::postfwd,https://postfwd.org,2,1,False,False,False,True,False,True,True,post-hoc construct-validation analysis,False
https://postgrey.schweikert.ch::postgrey,https://postgrey.schweikert.ch,3,2,False,False,True,True,True,True,True,post-hoc construct-validation analysis,False
https://prometheus.io::prometheus,https://prometheus.io,3,3,True,False,True,True,True,True,True,post-hoc construct-validation analysis,False
https://prosody.im::prosody,https://prosody.im,2,1,False,False,False,True,False,True,True,post-hoc construct-validation analysis,False
https://qosient.com/argus::radium,https://qosient.com/argus,2,2,True,False,True,True,True,True,False,post-hoc construct-validation analysis,False
https://qosient.com/argus::rastream,https://qosient.com/argus,2,2,True,True,True,True,True,True,False,post-hoc construct-validation analysis,False
https://quassel-irc.org::quasselcore,https://quassel-irc.org,2,1,False,False,False,True,False,True,True,post-hoc construct-validation analysis,False
https://radicale.org::radicale,https://radicale.org,3,2,False,False,True,True,True,True,True,post-hoc construct-validation analysis,False
https://radscan.com/nas.html::nasd,https://radscan.com/nas.html,2,1,False,False,False,True,False,True,True,post-hoc construct-validation analysis,False
https://radsecproxy.github.io::radsecproxy,https://radsecproxy.github.io,3,2,True,False,True,True,True,True,True,post-hoc construct-validation analysis,False
https://redict.io::redict-sentinel,https://redict.io,2,1,False,False,False,True,False,True,True,post-hoc construct-validation analysis,False
https://redict.io::redict-server,https://redict.io,2,1,False,False,False,True,False,True,True,post-hoc construct-validation analysis,False
https://roy.marples.name/projects/dhcpcd::dhcpcd,https://roy.marples.name/projects/dhcpcd,2,1,False,False,False,True,False,True,True,post-hoc construct-validation analysis,False
https://rspamd.com::upstream-unit::rspamd.service,https://rspamd.com,2,2,True,True,True,True,True,True,False,post-hoc construct-validation analysis,False
https://rsync.samba.org::upstream-unit::packaging/systemd/rsync.service,https://rsync.samba.org,3,3,True,True,True,True,True,True,True,post-hoc construct-validation analysis,False
https://salsa.debian.org/consolation-team/consolation::consolation,https://salsa.debian.org/consolation-team/consolation,3,0,True,True,False,True,True,True,True,post-hoc construct-validation analysis,False
https://savannah.nongnu.org/projects/hddtemp::hddtemp,https://savannah.nongnu.org/projects/hddtemp,2,1,False,False,False,True,False,True,True,post-hoc construct-validation analysis,False
https://security.appspot.com/vsftpd.html::vsftpd,https://security.appspot.com/vsftpd.html,2,1,False,False,False,True,False,True,True,post-hoc construct-validation analysis,False
https://slurm.schedmd.com::sackd,https://slurm.schedmd.com,2,2,True,True,True,True,True,True,False,post-hoc construct-validation analysis,False
https://slurm.schedmd.com::slurmctld,https://slurm.schedmd.com,3,0,True,True,False,True,True,True,True,post-hoc construct-validation analysis,False
https://slurm.schedmd.com::slurmd,https://slurm.schedmd.com,3,0,True,True,False,True,True,True,True,post-hoc construct-validation analysis,False
https://slurm.schedmd.com::slurmdbd,https://slurm.schedmd.com,3,2,True,True,True,True,True,True,True,post-hoc construct-validation analysis,False
https://slurm.schedmd.com::slurmrestd,https://slurm.schedmd.com,3,2,True,True,True,True,True,True,True,post-hoc construct-validation analysis,False
https://snapper.io::snapper,https://snapper.io,2,2,True,False,True,True,True,True,False,post-hoc construct-validation analysis,False
https://snapper.io::snapperd,https://snapper.io,2,2,True,True,True,True,True,True,False,post-hoc construct-validation analysis,False
https://snapper.io::upstream-unit::data/backup.service,https://snapper.io,2,0,False,False,False,True,False,True,True,post-hoc construct-validation analysis,False
https://snapper.io::upstream-unit::data/boot.service,https://snapper.io,2,1,True,False,False,True,True,True,True,post-hoc construct-validation analysis,False
https://snapper.io::upstream-unit::data/cleanup.service,https://snapper.io,3,3,True,False,True,True,True,True,True,post-hoc construct-validation analysis,False
https://snapper.io::upstream-unit::data/snapperd.service,https://snapper.io,2,0,True,True,False,True,True,True,True,post-hoc construct-validation analysis,False
https://snapper.io::upstream-unit::data/timeline.service,https://snapper.io,3,3,True,False,True,True,True,True,True,post-hoc construct-validation analysis,False
https://soju.im::soju,https://soju.im,3,3,True,True,True,True,True,True,True,post-hoc construct-validation analysis,False
https://sourceforge.net/projects/acpid2::acpid,https://sourceforge.net/projects/acpid2,4,3,True,False,True,True,True,True,True,post-hoc construct-validation analysis,False
https://sourceforge.net/projects/atftp::in.tftpd,https://sourceforge.net/projects/atftp,2,2,True,False,True,True,True,True,False,post-hoc construct-validation analysis,False
https://sourceforge.net/projects/dict::dictd,https://sourceforge.net/projects/dict,2,2,False,False,True,True,True,True,True,post-hoc construct-validation analysis,False
https://sourceforge.net/projects/linuxquota::quota-initial-check.sh,https://sourceforge.net/projects/linuxquota,2,2,True,False,True,True,True,True,False,post-hoc construct-validation analysis,False
https://sourceforge.net/projects/linuxquota::quotarpc.sh,https://sourceforge.net/projects/linuxquota,2,2,True,False,True,True,True,True,False,post-hoc construct-validation analysis,False
https://sourceforge.net/projects/minidlna::minidlnad,https://sourceforge.net/projects/minidlna,4,3,True,False,True,True,True,True,True,post-hoc construct-validation analysis,False
https://sourceforge.net/projects/rpcbind::rpcbind,https://sourceforge.net/projects/rpcbind,3,2,True,True,True,True,True,True,True,post-hoc construct-validation analysis,False
https://sourceforge.net/projects/slim-fork::slim,https://sourceforge.net/projects/slim-fork,3,2,False,True,True,True,True,True,True,post-hoc construct-validation analysis,False
https://sourceware.org/lvm2::dmeventd,https://sourceware.org/lvm2,3,2,True,False,True,True,True,True,True,post-hoc construct-validation analysis,False
https://sourceware.org/lvm2::lvmdbusd,https://sourceware.org/lvm2,2,1,False,False,False,True,False,True,True,post-hoc construct-validation analysis,False
https://sourceware.org/lvm2::lvmlockd,https://sourceware.org/lvm2,3,2,True,True,True,True,True,True,True,post-hoc construct-validation analysis,False
https://sourceware.org/lvm2::lvmpolld,https://sourceware.org/lvm2,4,3,True,True,True,True,True,True,True,post-hoc construct-validation analysis,False
https://sourceware.org/lvm2::true,https://sourceware.org/lvm2,4,4,True,False,True,True,True,True,True,post-hoc construct-validation analysis,False
https://sourceware.org/lvm2::upstream-unit::scripts/lvm-devices-import.service,https://sourceware.org/lvm2,2,0,True,True,False,True,True,True,True,post-hoc construct-validation analysis,False
https://sourceware.org/systemtap::upstream-unit::stap-exporter/stap-exporter.service,https://sourceware.org/systemtap,2,0,True,True,False,True,True,True,True,post-hoc construct-validation analysis,False
https://spacenav.sourceforge.net::spacenavd,https://spacenav.sourceforge.net,3,2,True,True,True,True,True,True,True,post-hoc construct-validation analysis,False
https://spamassassin.apache.org::spamd,https://spamassassin.apache.org,2,1,False,False,False,True,False,True,True,post-hoc construct-validation analysis,False
https://sqlgrey.sourceforge.net::sqlgrey,https://sqlgrey.sourceforge.net,2,1,False,False,False,True,False,True,True,post-hoc construct-validation analysis,False
https://sr.ht/~kennylevinsen/seatd::seatd,https://sr.ht/~kennylevinsen/seatd,2,0,True,True,False,True,True,True,False,post-hoc construct-validation analysis,False
https://sr.ht/~kennylevinsen/seatd::upstream-unit::contrib/systemd/seatd.service,https://sr.ht/~kennylevinsen/seatd,2,0,True,True,False,True,True,True,True,post-hoc construct-validation analysis,False
https://subversion.apache.org::svnserve,https://subversion.apache.org,2,1,False,False,False,True,False,True,True,post-hoc construct-validation analysis,False
https://supervisord.org::supervisord,https://supervisord.org,3,2,False,False,True,True,True,True,True,post-hoc construct-validation analysis,False
https://suricata.io::suricata,https://suricata.io,3,2,False,True,True,True,True,True,True,post-hoc construct-validation analysis,False
https://sysstat.github.io::sa2,https://sysstat.github.io,4,3,False,True,True,True,True,True,True,post-hoc construct-validation analysis,False
https://systemd.io::agetty,https://systemd.io,3,0,True,True,False,True,True,True,True,post-hoc construct-validation analysis,False
https://systemd.io::kmod,https://systemd.io,3,0,True,True,False,True,True,True,True,post-hoc construct-validation analysis,False
https://systemd.io::quotaon,https://systemd.io,3,0,True,True,False,True,True,True,True,post-hoc construct-validation analysis,False
https://systemd.io::rc.local,https://systemd.io,3,0,True,True,False,True,True,True,True,post-hoc construct-validation analysis,False
https://systemd.io::systemd-battery-check,https://systemd.io,3,3,True,True,True,True,True,True,True,post-hoc construct-validation analysis,False
https://systemd.io::systemd-binfmt,https://systemd.io,3,3,True,True,True,True,True,True,True,post-hoc construct-validation analysis,False
https://systemd.io::systemd-bless-boot,https://systemd.io,3,3,True,True,True,True,True,True,True,post-hoc construct-validation analysis,False
https://systemd.io::systemd-boot-check-no-failures,https://systemd.io,3,3,True,True,True,True,True,True,True,post-hoc construct-validation analysis,False
https://systemd.io::systemd-bsod,https://systemd.io,3,3,True,True,True,True,True,True,True,post-hoc construct-validation analysis,False
https://systemd.io::systemd-fsck,https://systemd.io,3,3,True,False,True,True,True,True,True,post-hoc construct-validation analysis,False
https://systemd.io::systemd-growfs,https://systemd.io,3,3,True,True,True,True,True,True,True,post-hoc construct-validation analysis,False
https://systemd.io::systemd-homed,https://systemd.io,3,3,False,True,True,True,True,True,True,post-hoc construct-validation analysis,False
https://systemd.io::systemd-hostnamed,https://systemd.io,3,3,True,True,True,True,True,True,True,post-hoc construct-validation analysis,False
https://systemd.io::systemd-hwdb,https://systemd.io,3,0,True,True,False,True,True,True,True,post-hoc construct-validation analysis,False
https://systemd.io::systemd-importd,https://systemd.io,3,3,False,False,True,True,True,True,True,post-hoc construct-validation analysis,False
https://systemd.io::systemd-journal-gatewayd,https://systemd.io,3,3,True,True,True,True,True,True,True,post-hoc construct-validation analysis,False
https://systemd.io::systemd-journal-remote,https://systemd.io,3,3,True,True,True,True,True,True,True,post-hoc construct-validation analysis,False
https://systemd.io::systemd-journal-upload,https://systemd.io,3,3,True,True,True,True,True,True,True,post-hoc construct-validation analysis,False
https://systemd.io::systemd-journald,https://systemd.io,3,3,False,True,True,True,True,True,True,post-hoc construct-validation analysis,False
https://systemd.io::systemd-localed,https://systemd.io,3,3,True,True,True,True,True,True,True,post-hoc construct-validation analysis,False
https://systemd.io::systemd-logind,https://systemd.io,3,3,True,True,True,True,True,True,True,post-hoc construct-validation analysis,False
https://systemd.io::systemd-machined,https://systemd.io,3,3,False,False,True,True,True,True,True,post-hoc construct-validation analysis,False
https://systemd.io::systemd-modules-load,https://systemd.io,3,3,True,True,True,True,True,True,True,post-hoc construct-validation analysis,False
https://systemd.io::systemd-mountfsd,https://systemd.io,3,3,False,True,True,True,True,True,True,post-hoc construct-validation analysis,False
https://systemd.io::systemd-networkd,https://systemd.io,3,3,False,True,True,True,True,True,True,post-hoc construct-validation analysis,False
https://systemd.io::systemd-networkd-wait-online,https://systemd.io,3,3,True,True,True,True,True,True,True,post-hoc construct-validation analysis,False
https://systemd.io::systemd-nsresourced,https://systemd.io,3,3,False,True,True,True,True,True,True,post-hoc construct-validation analysis,False
https://systemd.io::systemd-oomd,https://systemd.io,3,3,False,True,True,True,True,True,True,post-hoc construct-validation analysis,False
https://systemd.io::systemd-portabled,https://systemd.io,3,3,True,True,True,True,True,True,True,post-hoc construct-validation analysis,False
https://systemd.io::systemd-pstore,https://systemd.io,3,3,True,True,True,True,True,True,True,post-hoc construct-validation analysis,False
https://systemd.io::systemd-quotacheck,https://systemd.io,3,3,True,True,True,True,True,True,True,post-hoc construct-validation analysis,False
https://systemd.io::systemd-random-seed,https://systemd.io,3,3,True,True,True,True,True,True,True,post-hoc construct-validation analysis,False
https://systemd.io::systemd-remount-fs,https://systemd.io,3,3,True,False,True,True,True,True,True,post-hoc construct-validation analysis,False
https://systemd.io::systemd-resolved,https://systemd.io,3,3,False,False,True,True,True,True,True,post-hoc construct-validation analysis,False
https://systemd.io::systemd-rfkill,https://systemd.io,3,3,True,True,True,True,True,True,True,post-hoc construct-validation analysis,False
https://systemd.io::systemd-storagetm,https://systemd.io,3,3,True,True,True,True,True,True,True,post-hoc construct-validation analysis,False
https://systemd.io::systemd-sysctl,https://systemd.io,3,3,True,True,True,True,True,True,True,post-hoc construct-validation analysis,False
https://systemd.io::systemd-sysroot-fstab-check,https://systemd.io,2,1,True,True,False,True,True,True,True,post-hoc construct-validation analysis,False
https://systemd.io::systemd-time-wait-sync,https://systemd.io,3,3,True,True,True,True,True,True,True,post-hoc construct-validation analysis,False
https://systemd.io::systemd-timedated,https://systemd.io,3,3,True,True,True,True,True,True,True,post-hoc construct-validation analysis,False
https://systemd.io::systemd-timesyncd,https://systemd.io,3,3,False,True,True,True,True,True,True,post-hoc construct-validation analysis,False
https://systemd.io::systemd-tpm2-clear,https://systemd.io,2,2,True,True,True,True,True,True,True,post-hoc construct-validation analysis,False
https://systemd.io::systemd-udevd,https://systemd.io,3,3,False,True,True,True,True,True,True,post-hoc construct-validation analysis,False
https://systemd.io::systemd-update-done,https://systemd.io,3,3,True,True,True,True,True,True,True,post-hoc construct-validation analysis,False
https://systemd.io::systemd-user-sessions,https://systemd.io,3,3,True,True,True,True,True,True,True,post-hoc construct-validation analysis,False
https://systemd.io::systemd-userdbd,https://systemd.io,3,3,False,True,True,True,True,True,True,post-hoc construct-validation analysis,False
https://systemd.io::systemd-volatile-root,https://systemd.io,3,3,True,True,True,True,True,True,True,post-hoc construct-validation analysis,False
https://systemd.io::upstream-unit::units/initrd-cleanup.service,https://systemd.io,3,0,True,True,False,True,True,True,True,post-hoc construct-validation analysis,False
https://systemd.io::upstream-unit::units/initrd-switch-root.service,https://systemd.io,3,0,True,True,False,True,True,True,True,post-hoc construct-validation analysis,False
https://systemd.io::upstream-unit::units/initrd-udevadm-cleanup-db.service,https://systemd.io,3,0,True,True,False,True,True,True,True,post-hoc construct-validation analysis,False
https://systemd.io::upstream-unit::units/ldconfig.service,https://systemd.io,3,0,True,True,False,True,True,True,True,post-hoc construct-validation analysis,False
https://systemd.io::upstream-unit::units/system-update-cleanup.service,https://systemd.io,3,0,True,True,False,True,True,True,True,post-hoc construct-validation analysis,False
https://systemd.io::upstream-unit::units/systemd-ask-password-console.service,https://systemd.io,3,0,True,True,False,True,True,True,True,post-hoc construct-validation analysis,False
https://systemd.io::upstream-unit::units/systemd-ask-password-wall.service,https://systemd.io,3,0,True,True,False,True,True,True,True,post-hoc construct-validation analysis,False
https://systemd.io::upstream-unit::units/systemd-boot-clear-sysfail.service,https://systemd.io,2,0,True,True,False,True,True,True,True,post-hoc construct-validation analysis,False
https://systemd.io::upstream-unit::units/systemd-boot-random-seed.service,https://systemd.io,3,0,True,True,False,True,True,True,True,post-hoc construct-validation analysis,False
https://systemd.io::upstream-unit::units/systemd-boot-update.service,https://systemd.io,3,0,True,True,False,True,True,True,True,post-hoc construct-validation analysis,False
https://systemd.io::upstream-unit::units/systemd-confext-initrd.service,https://systemd.io,2,0,True,True,False,True,True,True,True,post-hoc construct-validation analysis,False
https://systemd.io::upstream-unit::units/systemd-confext.service,https://systemd.io,3,0,True,True,False,True,True,True,True,post-hoc construct-validation analysis,False
https://systemd.io::upstream-unit::units/systemd-exit.service,https://systemd.io,3,0,True,False,False,True,True,True,True,post-hoc construct-validation analysis,False
https://systemd.io::upstream-unit::units/systemd-factory-reset-reboot.service,https://systemd.io,2,0,True,True,False,True,True,True,True,post-hoc construct-validation analysis,False
https://systemd.io::upstream-unit::units/systemd-firstboot.service,https://systemd.io,3,0,True,True,False,True,True,True,True,post-hoc construct-validation analysis,False
https://systemd.io::upstream-unit::units/systemd-halt.service,https://systemd.io,3,0,True,True,False,True,True,True,True,post-hoc construct-validation analysis,False
https://systemd.io::upstream-unit::units/systemd-homed-activate.service,https://systemd.io,3,0,True,True,False,True,True,True,True,post-hoc construct-validation analysis,False
https://systemd.io::upstream-unit::units/systemd-homed-firstboot.service,https://systemd.io,3,0,True,True,False,True,True,True,True,post-hoc construct-validation analysis,False
https://systemd.io::upstream-unit::units/systemd-journal-catalog-update.service,https://systemd.io,3,0,True,True,False,True,True,True,True,post-hoc construct-validation analysis,False
https://systemd.io::upstream-unit::units/systemd-journal-flush.service,https://systemd.io,3,0,True,True,False,True,True,True,True,post-hoc construct-validation analysis,False
https://systemd.io::upstream-unit::units/systemd-kexec.service,https://systemd.io,3,0,True,True,False,True,True,True,True,post-hoc construct-validation analysis,False
https://systemd.io::upstream-unit::units/systemd-machine-id-commit.service,https://systemd.io,3,0,True,True,False,True,True,True,True,post-hoc construct-validation analysis,False
https://systemd.io::upstream-unit::units/systemd-networkd-persistent-storage.service,https://systemd.io,3,0,True,True,False,True,True,True,True,post-hoc construct-validation analysis,False
https://systemd.io::upstream-unit::units/systemd-poweroff.service,https://systemd.io,3,0,True,True,False,True,True,True,True,post-hoc construct-validation analysis,False
https://systemd.io::upstream-unit::units/systemd-reboot.service,https://systemd.io,3,0,True,True,False,True,True,True,True,post-hoc construct-validation analysis,False
https://systemd.io::upstream-unit::units/systemd-repart.service,https://systemd.io,3,0,True,True,False,True,True,True,True,post-hoc construct-validation analysis,False
https://systemd.io::upstream-unit::units/systemd-soft-reboot.service,https://systemd.io,3,0,True,True,False,True,True,True,True,post-hoc construct-validation analysis,False
https://systemd.io::upstream-unit::units/systemd-sysext-initrd.service,https://systemd.io,2,0,True,True,False,True,True,True,True,post-hoc construct-validation analysis,False
https://systemd.io::upstream-unit::units/systemd-sysext.service,https://systemd.io,3,0,False,False,False,True,False,True,True,post-hoc construct-validation analysis,False
https://systemd.io::upstream-unit::units/systemd-sysusers.service,https://systemd.io,3,0,True,True,False,True,True,True,True,post-hoc construct-validation analysis,False
https://systemd.io::upstream-unit::units/systemd-tmpfiles-clean.service,https://systemd.io,3,0,True,False,False,True,True,True,True,post-hoc construct-validation analysis,False
https://systemd.io::upstream-unit::units/systemd-tmpfiles-setup-dev-early.service,https://systemd.io,3,0,True,True,False,True,True,True,True,post-hoc construct-validation analysis,False
https://systemd.io::upstream-unit::units/systemd-tmpfiles-setup-dev.service,https://systemd.io,3,0,True,True,False,True,True,True,True,post-hoc construct-validation analysis,False
https://systemd.io::upstream-unit::units/systemd-tmpfiles-setup.service,https://systemd.io,3,0,True,False,False,True,True,True,True,post-hoc construct-validation analysis,False
https://systemd.io::upstream-unit::units/systemd-udev-load-credentials.service,https://systemd.io,3,0,True,True,False,True,True,True,True,post-hoc construct-validation analysis,False
https://systemd.io::upstream-unit::units/systemd-udev-settle.service,https://systemd.io,3,0,True,True,False,True,True,True,True,post-hoc construct-validation analysis,False
https://systemd.io::upstream-unit::units/systemd-udev-trigger.service,https://systemd.io,3,0,True,True,False,True,True,True,True,post-hoc construct-validation analysis,False
https://systemd.io::upstream-unit::units/systemd-userdb-load-credentials.service,https://systemd.io,2,0,False,False,False,True,False,True,True,post-hoc construct-validation analysis,False
https://tetrinetx.sourceforge.net::tetrinetx,https://tetrinetx.sourceforge.net,3,2,True,False,True,True,True,True,True,post-hoc construct-validation analysis,False
https://tinyproxy.github.io::tinyproxy,https://tinyproxy.github.io,3,1,False,False,False,True,False,True,True,post-hoc construct-validation analysis,False
https://torsion.org/borgmatic::systemd-inhibit,https://torsion.org/borgmatic,3,0,True,False,False,True,True,True,True,post-hoc construct-validation analysis,False
https://trousers.sourceforge.net::tcsd,https://trousers.sourceforge.net,3,2,True,False,True,True,True,True,True,post-hoc construct-validation analysis,False
https://unix4lyfe.org/darkstat::darkstat,https://unix4lyfe.org/darkstat,4,2,True,False,True,True,True,True,True,post-hoc construct-validation analysis,False
https://upower.freedesktop.org::upowerd,https://upower.freedesktop.org,4,3,True,True,True,True,True,True,True,post-hoc construct-validation analysis,False
https://usbguard.github.io::usbguard-daemon,https://usbguard.github.io,3,2,False,True,True,True,True,True,True,post-hoc construct-validation analysis,False
https://usbguard.github.io::usbguard-dbus,https://usbguard.github.io,3,2,True,True,True,True,True,True,True,post-hoc construct-validation analysis,False
https://valkey.io::valkey-sentinel,https://valkey.io,4,3,True,False,True,True,True,True,True,post-hoc construct-validation analysis,False
https://valkey.io::valkey-server,https://valkey.io,4,3,True,False,True,True,True,True,True,post-hoc construct-validation analysis,False
https://w1.fi/hostapd::hostapd,https://w1.fi/hostapd,2,1,False,False,False,True,False,True,True,post-hoc construct-validation analysis,False
https://w1.fi/wpa_supplicant::hostapd,https://w1.fi/wpa_supplicant,2,2,True,False,True,True,True,True,False,post-hoc construct-validation analysis,False
https://w1.fi/wpa_supplicant::wpa_supplicant,https://w1.fi/wpa_supplicant,4,3,True,True,True,True,True,True,True,post-hoc construct-validation analysis,False
https://wammu.eu/gammu::gammu-smsd,https://wammu.eu/gammu,4,3,True,True,True,True,True,True,True,post-hoc construct-validation analysis,False
https://web.mit.edu/kerberos::kadmind,https://web.mit.edu/kerberos,3,3,True,False,True,True,True,True,True,post-hoc construct-validation analysis,False
https://web.mit.edu/kerberos::kpropd,https://web.mit.edu/kerberos,3,3,True,False,True,True,True,True,True,post-hoc construct-validation analysis,False
https://web.mit.edu/kerberos::krb5kdc,https://web.mit.edu/kerberos,3,3,True,False,True,True,True,True,True,post-hoc construct-validation analysis,False
https://wiki.gnome.org/Projects/GDM::gdm3,https://wiki.gnome.org/Projects/GDM,2,2,False,True,True,True,True,True,False,post-hoc construct-validation analysis,False
https://wiki.gnome.org/phodav::spice-webdavd,https://wiki.gnome.org/phodav,3,2,False,True,True,True,True,True,True,post-hoc construct-validation analysis,False
https://wiki.nikhef.nl/grid/FetchCRL3::fetch-crl,https://wiki.nikhef.nl/grid/FetchCRL3,2,1,False,False,False,True,False,True,True,post-hoc construct-validation analysis,False
https://www.anope.org::anope,https://www.anope.org,3,2,True,False,True,True,True,True,True,post-hoc construct-validation analysis,False
https://www.apcupsd.org::apcupsd,https://www.apcupsd.org,3,3,True,False,True,True,True,True,True,post-hoc construct-validation analysis,False
https://www.asterisk.org::asterisk,https://www.asterisk.org,2,1,False,True,False,True,True,True,True,post-hoc construct-validation analysis,False
https://www.atoptool.nl::sh,https://www.atoptool.nl,2,0,False,True,False,True,True,True,True,post-hoc construct-validation analysis,False
https://www.atoptool.nl::upstream-unit::atop-rotate.service,https://www.atoptool.nl,2,0,True,True,False,True,True,True,True,post-hoc construct-validation analysis,False
https://www.atoptool.nl::upstream-unit::atopacct.service,https://www.atoptool.nl,2,0,True,True,False,True,True,True,True,post-hoc construct-validation analysis,False
https://www.bacula.org::bacula-dir,https://www.bacula.org,3,2,True,True,True,True,True,True,True,post-hoc construct-validation analysis,False
https://www.bacula.org::bacula-fd,https://www.bacula.org,3,2,True,True,True,True,True,True,True,post-hoc construct-validation analysis,False
https://www.bacula.org::bacula-sd,https://www.bacula.org,3,2,True,True,True,True,True,True,True,post-hoc construct-validation analysis,False
https://www.bitlbee.org::bitlbee,https://www.bitlbee.org,2,0,False,True,False,True,True,True,True,post-hoc construct-validation analysis,False
https://www.bluez.org::bluetooth-meshd,https://www.bluez.org,4,3,True,True,True,True,True,True,True,post-hoc construct-validation analysis,False
https://www.bluez.org::bluetoothd,https://www.bluez.org,4,3,True,True,True,True,True,True,True,post-hoc construct-validation analysis,False
https://www.cipherdyne.org/fwknop::fwknopd,https://www.cipherdyne.org/fwknop,2,0,False,True,False,True,True,True,True,post-hoc construct-validation analysis,False
https://www.cipherdyne.org/psad::psad,https://www.cipherdyne.org/psad,3,2,True,True,True,True,True,True,True,post-hoc construct-validation analysis,False
https://www.clamav.net::clamd,https://www.clamav.net,3,2,True,True,True,True,True,True,True,post-hoc construct-validation analysis,False
https://www.clamav.net::clamonacc,https://www.clamav.net,4,2,True,True,True,True,True,True,True,post-hoc construct-validation analysis,False
https://www.clusterlabs.org::pacemaker-remoted,https://www.clusterlabs.org,3,2,True,True,True,True,True,True,True,post-hoc construct-validation analysis,False
https://www.clusterlabs.org::pacemakerd,https://www.clusterlabs.org,3,2,True,True,True,True,True,True,True,post-hoc construct-validation analysis,False
https://www.conserver.com::conserver,https://www.conserver.com,3,2,True,False,True,True,True,True,True,post-hoc construct-validation analysis,False
https://www.cstr.ed.ac.uk/projects/festival::festival,https://www.cstr.ed.ac.uk/projects/festival,2,1,False,False,False,True,False,True,True,post-hoc construct-validation analysis,False
https://www.cyrusimap.org/sasl::saslauthd,https://www.cyrusimap.org/sasl,4,2,True,False,True,True,True,True,True,post-hoc construct-validation analysis,False
https://www.cyrusimap.org::cyrmaster,https://www.cyrusimap.org,2,2,True,False,True,True,True,True,False,post-hoc construct-validation analysis,False
https://www.drbd.org::upstream-unit::scripts/drbd.service,https://www.drbd.org,2,0,True,True,False,True,True,True,False,post-hoc construct-validation analysis,False
https://www.ejabberd.im::sh,https://www.ejabberd.im,2,0,True,False,False,True,True,True,False,post-hoc construct-validation analysis,False
https://www.erlang.org::epmd,https://www.erlang.org,3,2,True,False,True,True,True,True,True,post-hoc construct-validation analysis,False
https://www.exim.org::exim,https://www.exim.org,2,1,False,False,False,True,False,True,True,post-hoc construct-validation analysis,False
https://www.exim.org::exim4-base,https://www.exim.org,2,2,True,False,True,True,True,True,False,post-hoc construct-validation analysis,False
https://www.eyrie.org/~eagle/software/inn::rc.news,https://www.eyrie.org/~eagle/software/inn,3,2,True,False,True,True,True,True,True,post-hoc construct-validation analysis,False
https://www.fail2ban.org::fail2ban-server,https://www.fail2ban.org,3,2,False,True,True,True,True,True,True,post-hoc construct-validation analysis,False
https://www.finnie.org/software/2ping::upstream-unit::2ping.service,https://www.finnie.org/software/2ping,2,1,True,True,False,True,True,True,True,post-hoc construct-validation analysis,False
https://www.firewalld.org::firewalld,https://www.firewalld.org,2,1,False,False,False,True,False,True,True,post-hoc construct-validation analysis,False
https://www.freedesktop.org/software/PackageKit::packagekitd,https://www.freedesktop.org/software/PackageKit,4,3,True,True,True,True,True,True,True,post-hoc construct-validation analysis,False
https://www.freedesktop.org/software/PackageKit::pk-offline-update,https://www.freedesktop.org/software/PackageKit,4,3,True,True,True,True,True,True,True,post-hoc construct-validation analysis,False
https://www.freedesktop.org/software/colord::colord,https://www.freedesktop.org/software/colord,4,3,True,True,True,True,True,True,True,post-hoc construct-validation analysis,False
https://www.freedesktop.org/wiki/Software/AccountsService::accounts-daemon,https://www.freedesktop.org/wiki/Software/AccountsService,3,2,False,True,True,True,True,True,True,post-hoc construct-validation analysis,False
https://www.freedesktop.org/wiki/Software/ModemManager::ModemManager,https://www.freedesktop.org/wiki/Software/ModemManager,3,3,True,True,True,True,True,True,True,post-hoc construct-validation analysis,False
https://www.freedesktop.org/wiki/Software/Plymouth::systemd-tty-ask-password-agent,https://www.freedesktop.org/wiki/Software/Plymouth,4,0,True,True,False,True,True,True,True,post-hoc construct-validation analysis,False
https://www.freedesktop.org/wiki/Software/dbus::dbus-daemon,https://www.freedesktop.org/wiki/Software/dbus,2,0,False,False,False,True,False,True,True,post-hoc construct-validation analysis,False
https://www.freedesktop.org/wiki/Software/fprint/fprintd::fprintd,https://www.freedesktop.org/wiki/Software/fprint/fprintd,3,2,True,True,True,True,True,True,True,post-hoc construct-validation analysis,False
https://www.freedesktop.org/wiki/Software/udisks::udisksd,https://www.freedesktop.org/wiki/Software/udisks,3,3,True,True,True,True,True,True,True,post-hoc construct-validation analysis,False
https://www.freeipa.org::ipa-epn,https://www.freeipa.org,3,2,True,True,True,True,True,True,True,post-hoc construct-validation analysis,False
https://www.freeradius.org::freeradius,https://www.freeradius.org,2,2,True,True,True,True,True,True,False,post-hoc construct-validation analysis,False
https://www.frrouting.org::frrinit.sh,https://www.frrouting.org,2,1,False,False,False,True,False,True,True,post-hoc construct-validation analysis,False
https://www.gluster.org::glusterd,https://www.gluster.org,3,2,True,True,True,True,True,True,True,post-hoc construct-validation analysis,False
https://www.gluster.org::glustereventsd,https://www.gluster.org,3,3,True,True,True,True,True,True,True,post-hoc construct-validation analysis,False
https://www.gluster.org::glusterfsd,https://www.gluster.org,3,0,True,True,False,True,True,True,True,post-hoc construct-validation analysis,False
https://www.gluster.org::mount-shared-storage.sh,https://www.gluster.org,3,1,True,True,False,True,True,True,True,post-hoc construct-validation analysis,False
https://www.gnu.org/software/acct::accton,https://www.gnu.org/software/acct,3,2,False,False,True,True,True,True,True,post-hoc construct-validation analysis,False
https://www.gnu.org/software/freeipmi::bmc-watchdog,https://www.gnu.org/software/freeipmi,4,3,True,False,True,True,True,True,True,post-hoc construct-validation analysis,False
https://www.gnu.org/software/freeipmi::ipmidetectd,https://www.gnu.org/software/freeipmi,4,3,True,False,True,True,True,True,True,post-hoc construct-validation analysis,False
https://www.gnu.org/software/freeipmi::ipmiseld,https://www.gnu.org/software/freeipmi,4,3,True,False,True,True,True,True,True,post-hoc construct-validation analysis,False
https://www.gnu.org/software/inetutils::inetutils-inetd,https://www.gnu.org/software/inetutils,2,2,True,False,True,True,True,True,False,post-hoc construct-validation analysis,False
https://www.gnu.org/software/inetutils::syslogd,https://www.gnu.org/software/inetutils,2,2,True,False,True,True,True,True,False,post-hoc construct-validation analysis,False
https://www.haproxy.org::haproxy,https://www.haproxy.org,4,3,True,True,True,True,True,True,True,post-hoc construct-validation analysis,False
https://www.imapproxy.org::imapproxyd,https://www.imapproxy.org,2,2,True,True,True,True,True,True,False,post-hoc construct-validation analysis,False
https://www.inet.no/dante::sockd,https://www.inet.no/dante,2,1,False,True,False,True,True,True,True,post-hoc construct-validation analysis,False
https://www.infradead.org/~dhowells/kafs::kafs-preload,https://www.infradead.org/~dhowells/kafs,3,2,True,True,True,True,True,True,True,post-hoc construct-validation analysis,False
https://www.isc.org/downloads/bind::sh,https://www.isc.org/downloads/bind,2,0,True,False,False,True,True,True,False,post-hoc construct-validation analysis,False
https://www.keepalived.org::keepalived,https://www.keepalived.org,2,1,False,True,False,True,True,True,True,post-hoc construct-validation analysis,False
https://www.kernel.org::cpupower,https://www.kernel.org,2,1,False,True,False,False,True,True,True,post-hoc construct-validation analysis,False
https://www.kernel.org::hv_kvp_daemon,https://www.kernel.org,3,2,False,False,True,False,True,True,True,post-hoc construct-validation analysis,False
https://www.kernel.org::hv_vss_daemon,https://www.kernel.org,3,2,False,False,True,False,True,True,True,post-hoc construct-validation analysis,False
https://www.kernel.org::usbipd,https://www.kernel.org,2,1,False,False,False,False,False,False,True,post-hoc construct-validation analysis,False
https://www.knot-dns.cz::knotd,https://www.knot-dns.cz,4,2,True,False,True,True,True,True,True,post-hoc construct-validation analysis,False
https://www.knot-resolver.cz::knot-resolver,https://www.knot-resolver.cz,2,2,True,True,True,True,True,True,True,post-hoc construct-validation analysis,False
https://www.knot-resolver.cz::kres-cache-gc,https://www.knot-resolver.cz,2,1,False,True,False,True,True,True,True,post-hoc construct-validation analysis,False
https://www.lighttpd.net::upstream-unit::doc/systemd/lighttpd.service,https://www.lighttpd.net,3,1,True,False,False,True,True,True,True,post-hoc construct-validation analysis,False
https://www.linux-pam.org::pam_namespace_helper,https://www.linux-pam.org,3,2,True,True,True,True,True,True,True,post-hoc construct-validation analysis,False
https://www.linuxptp.org::timemaster,https://www.linuxptp.org,2,1,False,False,False,True,False,True,True,post-hoc construct-validation analysis,False
https://www.lirc.org::irexec,https://www.lirc.org,2,1,False,True,False,True,True,True,True,post-hoc construct-validation analysis,False
https://www.lirc.org::lircd,https://www.lirc.org,2,0,False,True,False,True,True,True,True,post-hoc construct-validation analysis,False
https://www.lirc.org::upstream-unit::systemd/lircd-setup.service,https://www.lirc.org,2,0,True,True,False,True,True,True,True,post-hoc construct-validation analysis,False
https://www.lirc.org::upstream-unit::systemd/lircd-uinput.service,https://www.lirc.org,2,0,True,True,False,True,True,True,True,post-hoc construct-validation analysis,False
https://www.lirc.org::upstream-unit::systemd/lircmd.service,https://www.lirc.org,2,0,True,True,False,True,True,True,True,post-hoc construct-validation analysis,False
https://www.litech.org/radvd::radvd,https://www.litech.org/radvd,3,3,True,False,True,True,True,True,True,post-hoc construct-validation analysis,False
https://www.luanti.org::luantiserver,https://www.luanti.org,2,2,True,False,True,True,True,True,False,post-hoc construct-validation analysis,False
https://www.monitorix.org::monitorix,https://www.monitorix.org,2,1,False,True,False,True,True,True,True,post-hoc construct-validation analysis,False
https://www.msweet.org/lprint::lprint,https://www.msweet.org/lprint,4,3,True,True,True,True,True,True,True,post-hoc construct-validation analysis,False
https://www.mumble.info::mumble-server,https://www.mumble.info,4,3,True,True,True,True,True,True,True,post-hoc construct-validation analysis,False
https://www.musicpd.org/clients/mpdscribble::mpdscribble,https://www.musicpd.org/clients/mpdscribble,4,3,True,False,True,True,True,True,True,post-hoc construct-validation analysis,False
https://www.musicpd.org::mpd,https://www.musicpd.org,4,3,True,False,True,True,True,True,True,post-hoc construct-validation analysis,False
https://www.netfilter.org/projects/ulogd::ulogd,https://www.netfilter.org/projects/ulogd,3,3,True,False,True,True,True,True,True,post-hoc construct-validation analysis,False
https://www.nico.schottelius.org/software/gpm::gpm,https://www.nico.schottelius.org/software/gpm,2,1,False,False,False,True,False,True,True,post-hoc construct-validation analysis,False
https://www.nlnetlabs.nl/nsd::nsd,https://www.nlnetlabs.nl/nsd,2,1,False,True,False,True,True,True,True,post-hoc construct-validation analysis,False
https://www.nlnetlabs.nl/projects/dnssec-trigger::dnssec-trigger-control-setup,https://www.nlnetlabs.nl/projects/dnssec-trigger,3,2,True,True,True,True,True,True,True,post-hoc construct-validation analysis,False
https://www.nlnetlabs.nl/projects/dnssec-trigger::dnssec-triggerd,https://www.nlnetlabs.nl/projects/dnssec-trigger,3,2,True,True,True,True,True,True,True,post-hoc construct-validation analysis,False
https://www.nordugrid.org::arc-arex-start,https://www.nordugrid.org,3,2,True,True,True,True,True,True,True,post-hoc construct-validation analysis,False
https://www.nordugrid.org::arc-arex-ws-start,https://www.nordugrid.org,3,2,True,True,True,True,True,True,True,post-hoc construct-validation analysis,False
https://www.nordugrid.org::arc-datadelivery-service-start,https://www.nordugrid.org,3,2,True,True,True,True,True,True,True,post-hoc construct-validation analysis,False
https://www.nordugrid.org::upstream-unit::src/hed/daemon/scripts/arched.service,https://www.nordugrid.org,3,2,True,True,True,True,True,True,True,post-hoc construct-validation analysis,False
https://www.ntpsec.org::ntp-systemd-wrapper,https://www.ntpsec.org,2,2,True,False,True,True,True,True,False,post-hoc construct-validation analysis,False
https://www.ntpsec.org::ntploggps,https://www.ntpsec.org,2,2,True,True,True,True,True,True,False,post-hoc construct-validation analysis,False
https://www.ntpsec.org::ntplogtemp,https://www.ntpsec.org,3,2,True,True,True,True,True,True,True,post-hoc construct-validation analysis,False
https://www.ntpsec.org::ntpwait,https://www.ntpsec.org,3,2,True,True,True,True,True,True,True,post-hoc construct-validation analysis,False
https://www.ntpsec.org::rotate-stats,https://www.ntpsec.org,2,2,True,False,True,True,True,True,False,post-hoc construct-validation analysis,False
https://www.ntpsec.org::sh,https://www.ntpsec.org,2,0,True,False,False,True,True,True,False,post-hoc construct-validation analysis,False
https://www.ocsinventory-ng.org::ocsinventory-agent,https://www.ocsinventory-ng.org,2,2,True,True,True,True,True,True,False,post-hoc construct-validation analysis,False
https://www.open-iscsi.com::activate-storage.sh,https://www.open-iscsi.com,2,2,True,False,True,True,True,True,False,post-hoc construct-validation analysis,False
https://www.open-iscsi.com::iscsid,https://www.open-iscsi.com,3,3,True,False,True,True,True,True,True,post-hoc construct-validation analysis,False
https://www.open-iscsi.com::iscsiuio,https://www.open-iscsi.com,3,3,True,False,True,True,True,True,True,post-hoc construct-validation analysis,False
https://www.openbgpd.org::bgpd,https://www.openbgpd.org,3,2,True,False,True,True,True,True,True,post-hoc construct-validation analysis,False
https://www.openbgpd.org::bgplgd,https://www.openbgpd.org,2,2,True,False,True,True,True,True,False,post-hoc construct-validation analysis,False
https://www.opendkim.org::opendkim,https://www.opendkim.org,3,3,True,True,True,True,True,True,True,post-hoc construct-validation analysis,False
https://www.opendnssec.org::ods-enforcerd,https://www.opendnssec.org,2,0,False,False,False,True,False,True,True,post-hoc construct-validation analysis,False
https://www.opendnssec.org::ods-signerd,https://www.opendnssec.org,2,1,False,False,False,True,False,True,True,post-hoc construct-validation analysis,False
https://www.openldap.org::sh,https://www.openldap.org,2,0,True,True,False,True,True,True,False,post-hoc construct-validation analysis,False
https://www.openldap.org::slapd,https://www.openldap.org,2,1,False,True,False,True,True,True,True,post-hoc construct-validation analysis,False
https://www.openntpd.org::ntpd,https://www.openntpd.org,3,3,True,False,True,True,True,True,True,post-hoc construct-validation analysis,False
https://www.opensmtpd.org::smtpd,https://www.opensmtpd.org,4,3,True,False,True,True,True,True,True,post-hoc construct-validation analysis,False
https://www.openssh.com/portable.html::sshd,https://www.openssh.com/portable.html,2,1,False,False,False,True,False,True,True,post-hoc construct-validation analysis,False
https://www.partimage.org::partimaged,https://www.partimage.org,3,3,True,False,True,True,True,True,True,post-hoc construct-validation analysis,False
https://www.pgbouncer.org::pgbouncer,https://www.pgbouncer.org,4,3,True,True,True,True,True,True,True,post-hoc construct-validation analysis,False
https://www.php.net::php-fpm,https://www.php.net,2,1,False,True,False,True,True,True,True,post-hoc construct-validation analysis,False
https://www.postfix.org::cp,https://www.postfix.org,2,0,True,False,False,True,True,True,False,post-hoc construct-validation analysis,False
https://www.postfix.org::postfix,https://www.postfix.org,4,1,True,False,False,True,True,True,True,post-hoc construct-validation analysis,False
https://www.powerdns.com::ixfrdist,https://www.powerdns.com,3,3,True,True,True,True,True,True,True,post-hoc construct-validation analysis,False
https://www.powerdns.com::pdns_recursor,https://www.powerdns.com,3,3,False,True,True,True,True,True,True,post-hoc construct-validation analysis,False
https://www.powerdns.com::pdns_server,https://www.powerdns.com,3,3,True,True,True,True,True,True,True,post-hoc construct-validation analysis,False
https://www.pps.univ-paris-diderot.fr/~jch/software/babel::babeld,https://www.pps.univ-paris-diderot.fr/~jch/software/babel,3,2,True,False,True,True,True,True,True,post-hoc construct-validation analysis,False
https://www.proftpd.org::proftpd,https://www.proftpd.org,3,2,True,True,True,True,True,True,True,post-hoc construct-validation analysis,False
https://www.qemu.org::upstream-unit::contrib/systemd/qemu-pr-helper.service,https://www.qemu.org,2,1,True,True,False,True,True,True,True,post-hoc construct-validation analysis,False
https://www.rabbitmq.com::rabbitmq-server,https://www.rabbitmq.com,2,1,False,False,False,True,False,True,True,post-hoc construct-validation analysis,False
https://www.remlab.net/ndisc6::rdnssd,https://www.remlab.net/ndisc6,2,2,True,False,True,True,True,True,False,post-hoc construct-validation analysis,False
https://www.rsyslog.com::rsyslogd,https://www.rsyslog.com,3,2,False,False,True,True,True,True,True,post-hoc construct-validation analysis,False
https://www.rutschle.net/tech/sslh/README.html::sslh,https://www.rutschle.net/tech/sslh/README.html,3,3,True,False,True,True,True,True,True,post-hoc construct-validation analysis,False
https://www.samba.org::ctdbd,https://www.samba.org,3,2,True,True,True,True,True,True,True,post-hoc construct-validation analysis,False
https://www.samba.org::nmbd,https://www.samba.org,4,3,True,True,True,True,True,True,True,post-hoc construct-validation analysis,False
https://www.samba.org::samba,https://www.samba.org,4,3,True,True,True,True,True,True,True,post-hoc construct-validation analysis,False
https://www.samba.org::samba-bgqd,https://www.samba.org,2,1,False,True,False,True,True,True,True,post-hoc construct-validation analysis,False
https://www.samba.org::smbd,https://www.samba.org,4,3,True,True,True,True,True,True,True,post-hoc construct-validation analysis,False
https://www.samba.org::winbindd,https://www.samba.org,4,3,True,True,True,True,True,True,True,post-hoc construct-validation analysis,False
https://www.smartmontools.org::smartd,https://www.smartmontools.org,4,3,False,True,True,True,True,True,True,post-hoc construct-validation analysis,False
https://www.spice-space.org::spice-vdagentd,https://www.spice-space.org,3,3,False,True,True,True,True,True,True,post-hoc construct-validation analysis,False
https://www.sshguard.net::sshguard,https://www.sshguard.net,2,0,False,True,False,True,True,True,True,post-hoc construct-validation analysis,False
https://www.strongswan.org::charon-systemd,https://www.strongswan.org,4,3,True,True,True,True,True,True,True,post-hoc construct-validation analysis,False
https://www.strongswan.org::ipsec,https://www.strongswan.org,3,3,True,True,True,True,True,True,True,post-hoc construct-validation analysis,False
https://www.stunnel.org::stunnel,https://www.stunnel.org,2,1,True,True,False,True,True,True,True,post-hoc construct-validation analysis,False
https://www.svxlink.org::remotetrx,https://www.svxlink.org,3,2,False,True,True,True,True,True,True,post-hoc construct-validation analysis,False
https://www.svxlink.org::svxlink,https://www.svxlink.org,3,2,False,True,True,True,True,True,True,post-hoc construct-validation analysis,False
https://www.svxlink.org::svxlink_gpio_up,https://www.svxlink.org,2,1,False,True,False,True,True,True,True,post-hoc construct-validation analysis,False
https://www.svxlink.org::svxreflector,https://www.svxlink.org,3,2,False,True,True,True,True,True,True,post-hoc construct-validation analysis,False
https://www.teeworlds.com::sh,https://www.teeworlds.com,2,0,True,False,False,True,True,True,False,post-hoc construct-validation analysis,False
https://www.tinc-vpn.org::true,https://www.tinc-vpn.org,4,0,True,True,False,True,True,True,True,post-hoc construct-validation analysis,False
https://www.tntnet.org::tntnet,https://www.tntnet.org,3,2,True,False,True,True,True,True,True,post-hoc construct-validation analysis,False
https://www.torproject.org::tor,https://www.torproject.org,3,2,True,False,True,True,True,True,True,post-hoc construct-validation analysis,False
https://www.torproject.org::true,https://www.torproject.org,3,0,True,False,False,True,True,True,True,post-hoc construct-validation analysis,False
https://www.transmissionbt.com::transmission-daemon,https://www.transmissionbt.com,2,1,True,True,False,True,True,True,True,post-hoc construct-validation analysis,False
https://www.tvdr.de::vdr,https://www.tvdr.de,2,2,True,False,True,True,True,True,False,post-hoc construct-validation analysis,False
https://www.unix-ag.uni-kl.de/~bloch/acng::apt-cacher-ng,https://www.unix-ag.uni-kl.de/~bloch/acng,3,2,True,False,True,True,True,True,True,post-hoc construct-validation analysis,False
https://www.unrealircd.org::unrealircd,https://www.unrealircd.org,2,1,False,False,False,True,False,True,True,post-hoc construct-validation analysis,False
https://www.varnish-cache.org::varnishd,https://www.varnish-cache.org,2,1,False,False,False,True,False,True,True,post-hoc construct-validation analysis,False
https://www.varnish-cache.org::varnishncsa,https://www.varnish-cache.org,2,1,False,False,False,True,False,True,True,post-hoc construct-validation analysis,False
https://www.wesnoth.org::wesnothd,https://www.wesnoth.org,2,1,False,False,False,True,False,True,True,post-hoc construct-validation analysis,False
https://www.wesnoth.org::wesnothd-1.18,https://www.wesnoth.org,2,2,True,False,True,True,True,True,False,post-hoc construct-validation analysis,False
https://www.xrdp.org::xrdp,https://www.xrdp.org,3,2,True,True,True,True,True,True,True,post-hoc construct-validation analysis,False
https://www.xrdp.org::xrdp-sesman,https://www.xrdp.org,3,2,True,True,True,True,True,True,True,post-hoc construct-validation analysis,False
https://www.yadifa.eu::yadifad,https://www.yadifa.eu,3,2,True,False,True,True,True,True,True,post-hoc construct-validation analysis,False
https://www.yo2loj.ro/hamprojects::ampr-ripd,https://www.yo2loj.ro/hamprojects,3,2,True,False,True,True,True,True,True,post-hoc construct-validation analysis,False
https://www.zabbix.com::zabbix_agentd,https://www.zabbix.com,2,1,False,False,False,True,False,True,True,post-hoc construct-validation analysis,False
https://www.zeroflux.org/projects/knock::knockd,https://www.zeroflux.org/projects/knock,3,2,True,False,True,True,True,True,True,post-hoc construct-validation analysis,False
https://xfs.wiki.kernel.org::xfs_healer_start,https://xfs.wiki.kernel.org,2,1,False,False,False,True,False,True,True,post-hoc construct-validation analysis,False
https://xfs.wiki.kernel.org::xfs_scrub_all,https://xfs.wiki.kernel.org,4,3,True,True,True,True,True,True,True,post-hoc construct-validation analysis,False
https://xfs.wiki.kernel.org::xfs_scrub_fail,https://xfs.wiki.kernel.org,4,3,True,True,True,True,True,True,True,post-hoc construct-validation analysis,False
https://zeroc.com::glacier2router,https://zeroc.com,3,3,True,False,True,True,True,True,True,post-hoc construct-validation analysis,False
https://zeroc.com::icegridnode,https://zeroc.com,3,3,True,False,True,True,True,True,True,post-hoc construct-validation analysis,False
https://zeroc.com::icegridregistry,https://zeroc.com,3,3,True,False,True,True,True,True,True,post-hoc construct-validation analysis,False
